transition_id,edge_id,axis,axis_name,t_mid,toward_witness_switch,mid_switch,toward_nonwitness_switch,ulp_switch_sensitive,toward_witness_signature,mid_signature,toward_nonwitness_signature,ulp_lookup_signature_sensitive,profiles_agree_all_three_variants
0,3964,5,age,0.07421875,True,True,True,False,"(0, 2672, 2681)","(0, 2672, 2681)","(0, 2672, 2681)",False,True
1,3964,5,age,0.69921875,False,False,False,False,"(0, 2664, 2681)","(0, 2664, 2681)","(0, 2664, 2681)",False,True
2,3964,5,age,0.76171875,True,True,True,False,"(0, 2600, 2682)","(0, 2600, 2682)","(0, 2600, 2682)",False,True
3,3966,5,age,0.07421875,True,True,True,False,"(0, 2672, 2681)","(0, 2672, 2681)","(0, 2672, 2681)",False,True
4,3966,5,age,0.69921875,False,False,False,False,"(0, 2664, 2681)","(0, 2664, 2681)","(0, 2664, 2681)",False,True
5,3966,5,age,0.97265625,True,True,True,False,"(0, 2656, 2682)","(0, 2656, 2682)","(0, 2656, 2682)",False,True
6,3968,5,age,0.07421875,True,True,True,False,"(0, 2672, 2681)","(0, 2672, 2681)","(0, 2672, 2681)",False,True
7,3968,5,age,0.69921875,False,False,False,False,"(0, 2664, 2681)","(0, 2664, 2681)","(0, 2664, 2681)",False,True
8,3968,5,age,0.76171875,True,True,True,False,"(0, 2600, 2682)","(0, 2600, 2682)","(0, 2600, 2682)",False,True
9,3970,5,age,0.07421875,True,True,True,False,"(0, 2672, 2681)","(0, 2672, 2681)","(0, 2672, 2681)",False,True
10,3970,5,age,0.69921875,False,False,False,False,"(0, 2664, 2681)","(0, 2664, 2681)","(0, 2664, 2681)",False,True
11,3970,5,age,0.97265625,True,True,True,False,"(0, 2656, 2682)","(0, 2656, 2682)","(0, 2656, 2682)",False,True
12,3972,5,age,0.07421875,True,True,True,False,"(0, 2672, 2681)","(0, 2672, 2681)","(0, 2672, 2681)",False,True
13,3972,5,age,0.69921875,False,False,False,False,"(0, 2664, 2681)","(0, 2664, 2681)","(0, 2664, 2681)",False,True
14,3972,5,age,0.76171875,True,True,True,False,"(0, 2600, 2682)","(0, 2600, 2682)","(0, 2600, 2682)",False,True
15,3974,5,age,0.07421875,True,True,True,False,"(0, 2672, 2681)","(0, 2672, 2681)","(0, 2672, 2681)",False,True
16,3974,5,age,0.69921875,False,False,False,False,"(0, 2664, 2681)","(0, 2664, 2681)","(0, 2664, 2681)",False,True
17,3974,5,age,0.97265625,True,True,True,False,"(0, 2656, 2682)","(0, 2656, 2682)","(0, 2656, 2682)",False,True
18,3976,5,age,0.07421875,True,True,True,False,"(0, 2672, 2681)","(0, 2672, 2681)","(0, 2672, 2681)",False,True
19,3976,5,age,0.69921875,False,False,False,False,"(0, 2664, 2681)","(0, 2664, 2681)","(0, 2664, 2681)",False,True
20,3976,5,age,0.76171875,True,True,True,False,"(0, 2600, 2682)","(0, 2600, 2682)","(0, 2600, 2682)",False,True
21,3978,5,age,0.07421875,True,True,True,False,"(0, 2672, 2681)","(0, 2672, 2681)","(0, 2672, 2681)",False,True
22,3978,5,age,0.69921875,False,False,False,False,"(0, 2664, 2681)","(0, 2664, 2681)","(0, 2664, 2681)",False,True
23,3978,5,age,0.97265625,True,True,True,False,"(0, 2656, 2682)","(0, 2656, 2682)","(0, 2656, 2682)",False,True
24,3980,5,age,0.07421875,True,True,True,False,"(0, 2672, 2681)","(0, 2672, 2681)","(0, 2672, 2681)",False,True
25,3980,5,age,0.69921875,False,False,False,False,"(0, 2664, 2681)","(0, 2664, 2681)","(0, 2664, 2681)",False,True
26,3980,5,age,0.76171875,True,True,True,False,"(0, 2600, 2682)","(0, 2600, 2682)","(0, 2600, 2682)",False,True
27,3982,5,age,0.07421875,True,True,True,False,"(0, 2672, 2681)","(0, 2672, 2681)","(0, 2672, 2681)",False,True
28,3982,5,age,0.69921875,False,False,False,False,"(0, 2664, 2681)","(0, 2664, 2681)","(0, 2664, 2681)",False,True
29,3982,5,age,0.97265625,True,True,True,False,"(0, 2656, 2682)","(0, 2656, 2682)","(0, 2656, 2682)",False,True
30,3983,5,age,0.12109375,True,True,True,False,"(0, 2600, 2489)","(0, 2600, 2489)","(0, 2600, 2489)",False,True
31,3983,5,age,0.30078125,True,True,True,False,"(0, 2536, 2488)","(0, 2536, 2488)","(0, 2536, 2488)",False,True
32,3983,5,age,0.92578125,False,False,False,False,"(0, 2480, 2488)","(0, 2480, 2488)","(0, 2480, 2488)",False,True
33,3988,5,age,0.13671875,True,True,True,False,"(0, 2584, 2491)","(0, 2584, 2491)","(0, 2584, 2491)",False,True
34,3988,5,age,0.69921875,False,False,False,False,"(0, 2512, 2491)","(0, 2512, 2491)","(0, 2512, 2491)",False,True
35,3988,5,age,0.82421875,True,True,True,False,"(0, 2512, 2492)","(0, 2512, 2492)","(0, 2512, 2492)",False,True
36,3990,5,age,0.13671875,True,True,True,False,"(0, 2584, 2555)","(0, 2584, 2555)","(0, 2584, 2555)",False,True
37,3990,5,age,0.69921875,False,False,False,False,"(0, 2512, 2555)","(0, 2512, 2555)","(0, 2512, 2555)",False,True
38,3990,5,age,0.82421875,True,True,True,False,"(0, 2512, 2556)","(0, 2512, 2556)","(0, 2512, 2556)",False,True
39,3992,5,age,0.13671875,True,True,True,False,"(0, 2584, 2619)","(0, 2584, 2619)","(0, 2584, 2619)",False,True
40,3992,5,age,0.69921875,False,False,False,False,"(0, 2512, 2619)","(0, 2512, 2619)","(0, 2512, 2619)",False,True
41,3992,5,age,0.82421875,True,True,True,False,"(0, 2512, 2620)","(0, 2512, 2620)","(0, 2512, 2620)",False,True
42,3994,5,age,0.07421875,True,True,True,False,"(0, 4208, 4217)","(0, 4208, 4217)","(0, 4208, 4217)",False,True
43,3994,5,age,0.69921875,False,False,False,False,"(0, 4200, 4217)","(0, 4200, 4217)","(0, 4200, 4217)",False,True
44,3994,5,age,0.76171875,True,True,True,False,"(0, 4136, 4218)","(0, 4136, 4218)","(0, 4136, 4218)",False,True
45,3996,5,age,0.13671875,True,True,True,False,"(0, 2584, 2683)","(0, 2584, 2683)","(0, 2584, 2683)",False,True
46,3996,5,age,0.69921875,False,False,False,False,"(0, 2512, 2683)","(0, 2512, 2683)","(0, 2512, 2683)",False,True
47,3996,5,age,0.82421875,True,True,True,False,"(0, 2512, 2684)","(0, 2512, 2684)","(0, 2512, 2684)",False,True
48,3998,5,age,0.07421875,True,True,True,False,"(0, 4208, 4217)","(0, 4208, 4217)","(0, 4208, 4217)",False,True
49,3998,5,age,0.69921875,False,False,False,False,"(0, 4200, 4217)","(0, 4200, 4217)","(0, 4200, 4217)",False,True
50,3998,5,age,0.97265625,True,True,True,False,"(0, 4192, 4218)","(0, 4192, 4218)","(0, 4192, 4218)",False,True
51,4000,5,age,0.13671875,True,True,True,False,"(0, 2584, 2683)","(0, 2584, 2683)","(0, 2584, 2683)",False,True
52,4000,5,age,0.69921875,False,False,False,False,"(0, 2512, 2683)","(0, 2512, 2683)","(0, 2512, 2683)",False,True
53,4000,5,age,0.82421875,True,True,True,False,"(0, 2512, 2684)","(0, 2512, 2684)","(0, 2512, 2684)",False,True
54,4001,5,age,0.12109375,True,True,True,False,"(0, 2600, 2489)","(0, 2600, 2489)","(0, 2600, 2489)",False,True
55,4001,5,age,0.30078125,True,True,True,False,"(0, 2536, 2488)","(0, 2536, 2488)","(0, 2536, 2488)",False,True
56,4001,5,age,0.92578125,False,False,False,False,"(0, 2480, 2488)","(0, 2480, 2488)","(0, 2480, 2488)",False,True
57,4006,5,age,0.13671875,True,True,True,False,"(0, 2584, 2491)","(0, 2584, 2491)","(0, 2584, 2491)",False,True
58,4006,5,age,0.69921875,False,False,False,False,"(0, 2512, 2491)","(0, 2512, 2491)","(0, 2512, 2491)",False,True
59,4006,5,age,0.82421875,True,True,True,False,"(0, 2512, 2492)","(0, 2512, 2492)","(0, 2512, 2492)",False,True
60,4008,5,age,0.13671875,True,True,True,False,"(0, 2584, 2555)","(0, 2584, 2555)","(0, 2584, 2555)",False,True
61,4008,5,age,0.69921875,False,False,False,False,"(0, 2512, 2555)","(0, 2512, 2555)","(0, 2512, 2555)",False,True
62,4008,5,age,0.82421875,True,True,True,False,"(0, 2512, 2556)","(0, 2512, 2556)","(0, 2512, 2556)",False,True
63,4010,5,age,0.13671875,True,True,True,False,"(0, 2584, 2619)","(0, 2584, 2619)","(0, 2584, 2619)",False,True
64,4010,5,age,0.69921875,False,False,False,False,"(0, 2512, 2619)","(0, 2512, 2619)","(0, 2512, 2619)",False,True
65,4010,5,age,0.82421875,True,True,True,False,"(0, 2512, 2620)","(0, 2512, 2620)","(0, 2512, 2620)",False,True
66,4012,5,age,0.07421875,True,True,True,False,"(0, 4208, 4217)","(0, 4208, 4217)","(0, 4208, 4217)",False,True
67,4012,5,age,0.69921875,False,False,False,False,"(0, 4200, 4217)","(0, 4200, 4217)","(0, 4200, 4217)",False,True
68,4012,5,age,0.76171875,True,True,True,False,"(0, 4136, 4218)","(0, 4136, 4218)","(0, 4136, 4218)",False,True
69,4014,5,age,0.13671875,True,True,True,False,"(0, 2584, 2683)","(0, 2584, 2683)","(0, 2584, 2683)",False,True
70,4014,5,age,0.69921875,False,False,False,False,"(0, 2512, 2683)","(0, 2512, 2683)","(0, 2512, 2683)",False,True
71,4014,5,age,0.82421875,True,True,True,False,"(0, 2512, 2684)","(0, 2512, 2684)","(0, 2512, 2684)",False,True
72,4016,5,age,0.07421875,True,True,True,False,"(0, 4208, 4217)","(0, 4208, 4217)","(0, 4208, 4217)",False,True
73,4016,5,age,0.69921875,False,False,False,False,"(0, 4200, 4217)","(0, 4200, 4217)","(0, 4200, 4217)",False,True
74,4016,5,age,0.97265625,True,True,True,False,"(0, 4192, 4218)","(0, 4192, 4218)","(0, 4192, 4218)",False,True
75,4018,5,age,0.13671875,True,True,True,False,"(0, 2584, 2683)","(0, 2584, 2683)","(0, 2584, 2683)",False,True
76,4018,5,age,0.69921875,False,False,False,False,"(0, 2512, 2683)","(0, 2512, 2683)","(0, 2512, 2683)",False,True
77,4018,5,age,0.82421875,True,True,True,False,"(0, 2512, 2684)","(0, 2512, 2684)","(0, 2512, 2684)",False,True
78,4019,5,age,0.12109375,True,True,True,False,"(0, 2600, 2489)","(0, 2600, 2489)","(0, 2600, 2489)",False,True
79,4019,5,age,0.30078125,True,True,True,False,"(0, 2536, 2488)","(0, 2536, 2488)","(0, 2536, 2488)",False,True
80,4019,5,age,0.92578125,False,False,False,False,"(0, 2480, 2488)","(0, 2480, 2488)","(0, 2480, 2488)",False,True
81,4024,5,age,0.13671875,True,True,True,False,"(0, 2584, 2491)","(0, 2584, 2491)","(0, 2584, 2491)",False,True
82,4024,5,age,0.69921875,False,False,False,False,"(0, 2512, 2491)","(0, 2512, 2491)","(0, 2512, 2491)",False,True
83,4024,5,age,0.82421875,True,True,True,False,"(0, 2512, 2492)","(0, 2512, 2492)","(0, 2512, 2492)",False,True
84,4026,5,age,0.13671875,True,True,True,False,"(0, 2584, 2555)","(0, 2584, 2555)","(0, 2584, 2555)",False,True
85,4026,5,age,0.69921875,False,False,False,False,"(0, 2512, 2555)","(0, 2512, 2555)","(0, 2512, 2555)",False,True
86,4026,5,age,0.82421875,True,True,True,False,"(0, 2512, 2556)","(0, 2512, 2556)","(0, 2512, 2556)",False,True
87,4028,5,age,0.13671875,True,True,True,False,"(0, 2584, 2619)","(0, 2584, 2619)","(0, 2584, 2619)",False,True
88,4028,5,age,0.69921875,False,False,False,False,"(0, 2512, 2619)","(0, 2512, 2619)","(0, 2512, 2619)",False,True
89,4028,5,age,0.82421875,True,True,True,False,"(0, 2512, 2620)","(0, 2512, 2620)","(0, 2512, 2620)",False,True
90,4030,5,age,0.07421875,True,True,True,False,"(0, 4208, 4217)","(0, 4208, 4217)","(0, 4208, 4217)",False,True
91,4030,5,age,0.69921875,False,False,False,False,"(0, 4200, 4217)","(0, 4200, 4217)","(0, 4200, 4217)",False,True
92,4030,5,age,0.76171875,True,True,True,False,"(0, 4136, 4218)","(0, 4136, 4218)","(0, 4136, 4218)",False,True
93,4032,5,age,0.13671875,True,True,True,False,"(0, 2584, 2683)","(0, 2584, 2683)","(0, 2584, 2683)",False,True
94,4032,5,age,0.69921875,False,False,False,False,"(0, 2512, 2683)","(0, 2512, 2683)","(0, 2512, 2683)",False,True
95,4032,5,age,0.82421875,True,True,True,False,"(0, 2512, 2684)","(0, 2512, 2684)","(0, 2512, 2684)",False,True
96,4034,5,age,0.07421875,True,True,True,False,"(0, 4208, 4217)","(0, 4208, 4217)","(0, 4208, 4217)",False,True
97,4034,5,age,0.69921875,False,False,False,False,"(0, 4200, 4217)","(0, 4200, 4217)","(0, 4200, 4217)",False,True
98,4034,5,age,0.97265625,True,True,True,False,"(0, 4192, 4218)","(0, 4192, 4218)","(0, 4192, 4218)",False,True
99,4036,5,age,0.13671875,True,True,True,False,"(0, 2584, 2683)","(0, 2584, 2683)","(0, 2584, 2683)",False,True
100,4036,5,age,0.69921875,False,False,False,False,"(0, 2512, 2683)","(0, 2512, 2683)","(0, 2512, 2683)",False,True
101,4036,5,age,0.82421875,True,True,True,False,"(0, 2512, 2684)","(0, 2512, 2684)","(0, 2512, 2684)",False,True
102,4037,5,age,0.12109375,True,True,True,False,"(0, 2600, 2489)","(0, 2600, 2489)","(0, 2600, 2489)",False,True
103,4037,5,age,0.30078125,True,True,True,False,"(0, 2536, 2488)","(0, 2536, 2488)","(0, 2536, 2488)",False,True
104,4037,5,age,0.92578125,False,False,False,False,"(0, 2480, 2488)","(0, 2480, 2488)","(0, 2480, 2488)",False,True
105,4042,5,age,0.13671875,True,True,True,False,"(0, 2584, 2491)","(0, 2584, 2491)","(0, 2584, 2491)",False,True
106,4042,5,age,0.69921875,False,False,False,False,"(0, 2512, 2491)","(0, 2512, 2491)","(0, 2512, 2491)",False,True
107,4042,5,age,0.82421875,True,True,True,False,"(0, 2512, 2492)","(0, 2512, 2492)","(0, 2512, 2492)",False,True
108,4044,5,age,0.13671875,True,True,True,False,"(0, 2584, 2555)","(0, 2584, 2555)","(0, 2584, 2555)",False,True
109,4044,5,age,0.69921875,False,False,False,False,"(0, 2512, 2555)","(0, 2512, 2555)","(0, 2512, 2555)",False,True
110,4044,5,age,0.82421875,True,True,True,False,"(0, 2512, 2556)","(0, 2512, 2556)","(0, 2512, 2556)",False,True
111,4046,5,age,0.13671875,True,True,True,False,"(0, 2584, 2619)","(0, 2584, 2619)","(0, 2584, 2619)",False,True
112,4046,5,age,0.69921875,False,False,False,False,"(0, 2512, 2619)","(0, 2512, 2619)","(0, 2512, 2619)",False,True
113,4046,5,age,0.82421875,True,True,True,False,"(0, 2512, 2620)","(0, 2512, 2620)","(0, 2512, 2620)",False,True
114,4048,5,age,0.07421875,True,True,True,False,"(0, 4208, 4217)","(0, 4208, 4217)","(0, 4208, 4217)",False,True
115,4048,5,age,0.69921875,False,False,False,False,"(0, 4200, 4217)","(0, 4200, 4217)","(0, 4200, 4217)",False,True
116,4048,5,age,0.76171875,True,True,True,False,"(0, 4136, 4218)","(0, 4136, 4218)","(0, 4136, 4218)",False,True
117,4050,5,age,0.13671875,True,True,True,False,"(0, 2584, 2683)","(0, 2584, 2683)","(0, 2584, 2683)",False,True
118,4050,5,age,0.69921875,False,False,False,False,"(0, 2512, 2683)","(0, 2512, 2683)","(0, 2512, 2683)",False,True
119,4050,5,age,0.82421875,True,True,True,False,"(0, 2512, 2684)","(0, 2512, 2684)","(0, 2512, 2684)",False,True
120,4052,5,age,0.07421875,True,True,True,False,"(0, 4208, 4217)","(0, 4208, 4217)","(0, 4208, 4217)",False,True
121,4052,5,age,0.69921875,False,False,False,False,"(0, 4200, 4217)","(0, 4200, 4217)","(0, 4200, 4217)",False,True
122,4052,5,age,0.97265625,True,True,True,False,"(0, 4192, 4218)","(0, 4192, 4218)","(0, 4192, 4218)",False,True
123,4054,5,age,0.13671875,True,True,True,False,"(0, 2584, 2683)","(0, 2584, 2683)","(0, 2584, 2683)",False,True
124,4054,5,age,0.69921875,False,False,False,False,"(0, 2512, 2683)","(0, 2512, 2683)","(0, 2512, 2683)",False,True
125,4054,5,age,0.82421875,True,True,True,False,"(0, 2512, 2684)","(0, 2512, 2684)","(0, 2512, 2684)",False,True
126,4055,5,age,0.12109375,True,True,True,False,"(0, 2600, 2489)","(0, 2600, 2489)","(0, 2600, 2489)",False,True
127,4055,5,age,0.30078125,True,True,True,False,"(0, 2536, 2488)","(0, 2536, 2488)","(0, 2536, 2488)",False,True
128,4055,5,age,0.92578125,False,False,False,False,"(0, 2480, 2488)","(0, 2480, 2488)","(0, 2480, 2488)",False,True
129,4060,5,age,0.13671875,True,True,True,False,"(0, 2584, 2491)","(0, 2584, 2491)","(0, 2584, 2491)",False,True
130,4060,5,age,0.69921875,False,False,False,False,"(0, 2512, 2491)","(0, 2512, 2491)","(0, 2512, 2491)",False,True
131,4060,5,age,0.82421875,True,True,True,False,"(0, 2512, 2492)","(0, 2512, 2492)","(0, 2512, 2492)",False,True
132,4062,5,age,0.13671875,True,True,True,False,"(0, 2584, 2555)","(0, 2584, 2555)","(0, 2584, 2555)",False,True
133,4062,5,age,0.69921875,False,False,False,False,"(0, 2512, 2555)","(0, 2512, 2555)","(0, 2512, 2555)",False,True
134,4062,5,age,0.82421875,True,True,True,False,"(0, 2512, 2556)","(0, 2512, 2556)","(0, 2512, 2556)",False,True
135,4064,5,age,0.13671875,True,True,True,False,"(0, 2584, 2619)","(0, 2584, 2619)","(0, 2584, 2619)",False,True
136,4064,5,age,0.69921875,False,False,False,False,"(0, 2512, 2619)","(0, 2512, 2619)","(0, 2512, 2619)",False,True
137,4064,5,age,0.82421875,True,True,True,False,"(0, 2512, 2620)","(0, 2512, 2620)","(0, 2512, 2620)",False,True
138,4066,5,age,0.07421875,True,True,True,False,"(0, 4208, 4217)","(0, 4208, 4217)","(0, 4208, 4217)",False,True
139,4066,5,age,0.69921875,False,False,False,False,"(0, 4200, 4217)","(0, 4200, 4217)","(0, 4200, 4217)",False,True
140,4066,5,age,0.76171875,True,True,True,False,"(0, 4136, 4218)","(0, 4136, 4218)","(0, 4136, 4218)",False,True
141,4068,5,age,0.13671875,True,True,True,False,"(0, 2584, 2683)","(0, 2584, 2683)","(0, 2584, 2683)",False,True
142,4068,5,age,0.69921875,False,False,False,False,"(0, 2512, 2683)","(0, 2512, 2683)","(0, 2512, 2683)",False,True
143,4068,5,age,0.82421875,True,True,True,False,"(0, 2512, 2684)","(0, 2512, 2684)","(0, 2512, 2684)",False,True
144,4070,5,age,0.07421875,True,True,True,False,"(0, 4208, 4217)","(0, 4208, 4217)","(0, 4208, 4217)",False,True
145,4070,5,age,0.69921875,False,False,False,False,"(0, 4200, 4217)","(0, 4200, 4217)","(0, 4200, 4217)",False,True
146,4070,5,age,0.97265625,True,True,True,False,"(0, 4192, 4218)","(0, 4192, 4218)","(0, 4192, 4218)",False,True
147,4072,5,age,0.13671875,True,True,True,False,"(0, 2584, 2683)","(0, 2584, 2683)","(0, 2584, 2683)",False,True
148,4072,5,age,0.69921875,False,False,False,False,"(0, 2512, 2683)","(0, 2512, 2683)","(0, 2512, 2683)",False,True
149,4072,5,age,0.82421875,True,True,True,False,"(0, 2512, 2684)","(0, 2512, 2684)","(0, 2512, 2684)",False,True
150,4073,5,age,0.12109375,True,True,True,False,"(0, 4136, 4025)","(0, 4136, 4025)","(0, 4136, 4025)",False,True
151,4073,5,age,0.30078125,True,True,True,False,"(0, 4072, 4024)","(0, 4072, 4024)","(0, 4072, 4024)",False,True
152,4073,5,age,0.92578125,False,False,False,False,"(0, 4016, 4024)","(0, 4016, 4024)","(0, 4016, 4024)",False,True
153,4078,5,age,0.13671875,True,True,True,False,"(0, 4120, 4027)","(0, 4120, 4027)","(0, 4120, 4027)",False,True
154,4078,5,age,0.69921875,False,False,False,False,"(0, 4048, 4027)","(0, 4048, 4027)","(0, 4048, 4027)",False,True
155,4078,5,age,0.82421875,True,True,True,False,"(0, 4048, 4028)","(0, 4048, 4028)","(0, 4048, 4028)",False,True
156,4080,5,age,0.13671875,True,True,True,False,"(0, 4120, 4091)","(0, 4120, 4091)","(0, 4120, 4091)",False,True
157,4080,5,age,0.69921875,False,False,False,False,"(0, 4048, 4091)","(0, 4048, 4091)","(0, 4048, 4091)",False,True
158,4080,5,age,0.82421875,True,True,True,False,"(0, 4048, 4092)","(0, 4048, 4092)","(0, 4048, 4092)",False,True
159,4082,5,age,0.13671875,True,True,True,False,"(0, 4120, 4155)","(0, 4120, 4155)","(0, 4120, 4155)",False,True
160,4082,5,age,0.69921875,False,False,False,False,"(0, 4048, 4155)","(0, 4048, 4155)","(0, 4048, 4155)",False,True
161,4082,5,age,0.82421875,True,True,True,False,"(0, 4048, 4156)","(0, 4048, 4156)","(0, 4048, 4156)",False,True
162,4084,5,age,0.13671875,True,True,True,False,"(0, 4120, 4219)","(0, 4120, 4219)","(0, 4120, 4219)",False,True
163,4084,5,age,0.69921875,False,False,False,False,"(0, 4048, 4219)","(0, 4048, 4219)","(0, 4048, 4219)",False,True
164,4084,5,age,0.82421875,True,True,True,False,"(0, 4048, 4220)","(0, 4048, 4220)","(0, 4048, 4220)",False,True
165,4086,5,age,0.13671875,True,True,True,False,"(0, 4120, 4219)","(0, 4120, 4219)","(0, 4120, 4219)",False,True
166,4086,5,age,0.69921875,False,False,False,False,"(0, 4048, 4219)","(0, 4048, 4219)","(0, 4048, 4219)",False,True
167,4086,5,age,0.82421875,True,True,True,False,"(0, 4048, 4220)","(0, 4048, 4220)","(0, 4048, 4220)",False,True
168,4087,5,age,0.12109375,True,True,True,False,"(0, 4136, 4025)","(0, 4136, 4025)","(0, 4136, 4025)",False,True
169,4087,5,age,0.30078125,True,True,True,False,"(0, 4072, 4024)","(0, 4072, 4024)","(0, 4072, 4024)",False,True
170,4087,5,age,0.92578125,False,False,False,False,"(0, 4016, 4024)","(0, 4016, 4024)","(0, 4016, 4024)",False,True
171,4092,5,age,0.13671875,True,True,True,False,"(0, 4120, 4027)","(0, 4120, 4027)","(0, 4120, 4027)",False,True
172,4092,5,age,0.69921875,False,False,False,False,"(0, 4048, 4027)","(0, 4048, 4027)","(0, 4048, 4027)",False,True
173,4092,5,age,0.82421875,True,True,True,False,"(0, 4048, 4028)","(0, 4048, 4028)","(0, 4048, 4028)",False,True
174,4094,5,age,0.13671875,True,True,True,False,"(0, 4120, 4091)","(0, 4120, 4091)","(0, 4120, 4091)",False,True
175,4094,5,age,0.69921875,False,False,False,False,"(0, 4048, 4091)","(0, 4048, 4091)","(0, 4048, 4091)",False,True
176,4094,5,age,0.82421875,True,True,True,False,"(0, 4048, 4092)","(0, 4048, 4092)","(0, 4048, 4092)",False,True
177,4096,5,age,0.13671875,True,True,True,False,"(0, 4120, 4155)","(0, 4120, 4155)","(0, 4120, 4155)",False,True
178,4096,5,age,0.69921875,False,False,False,False,"(0, 4048, 4155)","(0, 4048, 4155)","(0, 4048, 4155)",False,True
179,4096,5,age,0.82421875,True,True,True,False,"(0, 4048, 4156)","(0, 4048, 4156)","(0, 4048, 4156)",False,True
180,4098,5,age,0.13671875,True,True,True,False,"(0, 4120, 4219)","(0, 4120, 4219)","(0, 4120, 4219)",False,True
181,4098,5,age,0.69921875,False,False,False,False,"(0, 4048, 4219)","(0, 4048, 4219)","(0, 4048, 4219)",False,True
182,4098,5,age,0.82421875,True,True,True,False,"(0, 4048, 4220)","(0, 4048, 4220)","(0, 4048, 4220)",False,True
183,4100,5,age,0.13671875,True,True,True,False,"(0, 4120, 4219)","(0, 4120, 4219)","(0, 4120, 4219)",False,True
184,4100,5,age,0.69921875,False,False,False,False,"(0, 4048, 4219)","(0, 4048, 4219)","(0, 4048, 4219)",False,True
185,4100,5,age,0.82421875,True,True,True,False,"(0, 4048, 4220)","(0, 4048, 4220)","(0, 4048, 4220)",False,True
186,4101,5,age,0.12109375,True,True,True,False,"(0, 4136, 4025)","(0, 4136, 4025)","(0, 4136, 4025)",False,True
187,4101,5,age,0.30078125,True,True,True,False,"(0, 4072, 4024)","(0, 4072, 4024)","(0, 4072, 4024)",False,True
188,4101,5,age,0.92578125,False,False,False,False,"(0, 4016, 4024)","(0, 4016, 4024)","(0, 4016, 4024)",False,True
189,4106,5,age,0.13671875,True,True,True,False,"(0, 4120, 4027)","(0, 4120, 4027)","(0, 4120, 4027)",False,True
190,4106,5,age,0.69921875,False,False,False,False,"(0, 4048, 4027)","(0, 4048, 4027)","(0, 4048, 4027)",False,True
191,4106,5,age,0.82421875,True,True,True,False,"(0, 4048, 4028)","(0, 4048, 4028)","(0, 4048, 4028)",False,True
192,4108,5,age,0.13671875,True,True,True,False,"(0, 4120, 4091)","(0, 4120, 4091)","(0, 4120, 4091)",False,True
193,4108,5,age,0.69921875,False,False,False,False,"(0, 4048, 4091)","(0, 4048, 4091)","(0, 4048, 4091)",False,True
194,4108,5,age,0.82421875,True,True,True,False,"(0, 4048, 4092)","(0, 4048, 4092)","(0, 4048, 4092)",False,True
195,4110,5,age,0.13671875,True,True,True,False,"(0, 4120, 4155)","(0, 4120, 4155)","(0, 4120, 4155)",False,True
196,4110,5,age,0.69921875,False,False,False,False,"(0, 4048, 4155)","(0, 4048, 4155)","(0, 4048, 4155)",False,True
197,4110,5,age,0.82421875,True,True,True,False,"(0, 4048, 4156)","(0, 4048, 4156)","(0, 4048, 4156)",False,True
198,4112,5,age,0.13671875,True,True,True,False,"(0, 4120, 4219)","(0, 4120, 4219)","(0, 4120, 4219)",False,True
199,4112,5,age,0.69921875,False,False,False,False,"(0, 4048, 4219)","(0, 4048, 4219)","(0, 4048, 4219)",False,True
200,4112,5,age,0.82421875,True,True,True,False,"(0, 4048, 4220)","(0, 4048, 4220)","(0, 4048, 4220)",False,True
201,4114,5,age,0.13671875,True,True,True,False,"(0, 4120, 4219)","(0, 4120, 4219)","(0, 4120, 4219)",False,True
202,4114,5,age,0.69921875,False,False,False,False,"(0, 4048, 4219)","(0, 4048, 4219)","(0, 4048, 4219)",False,True
203,4114,5,age,0.82421875,True,True,True,False,"(0, 4048, 4220)","(0, 4048, 4220)","(0, 4048, 4220)",False,True
204,4115,5,age,0.12109375,True,True,True,False,"(0, 4136, 4025)","(0, 4136, 4025)","(0, 4136, 4025)",False,True
205,4115,5,age,0.30078125,True,True,True,False,"(0, 4072, 4024)","(0, 4072, 4024)","(0, 4072, 4024)",False,True
206,4115,5,age,0.92578125,False,False,False,False,"(0, 4016, 4024)","(0, 4016, 4024)","(0, 4016, 4024)",False,True
207,4120,5,age,0.13671875,True,True,True,False,"(0, 4120, 4027)","(0, 4120, 4027)","(0, 4120, 4027)",False,True
208,4120,5,age,0.69921875,False,False,False,False,"(0, 4048, 4027)","(0, 4048, 4027)","(0, 4048, 4027)",False,True
209,4120,5,age,0.82421875,True,True,True,False,"(0, 4048, 4028)","(0, 4048, 4028)","(0, 4048, 4028)",False,True
210,4122,5,age,0.13671875,True,True,True,False,"(0, 4120, 4091)","(0, 4120, 4091)","(0, 4120, 4091)",False,True
211,4122,5,age,0.69921875,False,False,False,False,"(0, 4048, 4091)","(0, 4048, 4091)","(0, 4048, 4091)",False,True
212,4122,5,age,0.82421875,True,True,True,False,"(0, 4048, 4092)","(0, 4048, 4092)","(0, 4048, 4092)",False,True
213,4124,5,age,0.13671875,True,True,True,False,"(0, 4120, 4155)","(0, 4120, 4155)","(0, 4120, 4155)",False,True
214,4124,5,age,0.69921875,False,False,False,False,"(0, 4048, 4155)","(0, 4048, 4155)","(0, 4048, 4155)",False,True
215,4124,5,age,0.82421875,True,True,True,False,"(0, 4048, 4156)","(0, 4048, 4156)","(0, 4048, 4156)",False,True
216,4126,5,age,0.13671875,True,True,True,False,"(0, 4120, 4219)","(0, 4120, 4219)","(0, 4120, 4219)",False,True
217,4126,5,age,0.69921875,False,False,False,False,"(0, 4048, 4219)","(0, 4048, 4219)","(0, 4048, 4219)",False,True
218,4126,5,age,0.82421875,True,True,True,False,"(0, 4048, 4220)","(0, 4048, 4220)","(0, 4048, 4220)",False,True
219,4128,5,age,0.13671875,True,True,True,False,"(0, 4120, 4219)","(0, 4120, 4219)","(0, 4120, 4219)",False,True
220,4128,5,age,0.69921875,False,False,False,False,"(0, 4048, 4219)","(0, 4048, 4219)","(0, 4048, 4219)",False,True
221,4128,5,age,0.82421875,True,True,True,False,"(0, 4048, 4220)","(0, 4048, 4220)","(0, 4048, 4220)",False,True
222,4129,5,age,0.12109375,True,True,True,False,"(0, 4136, 4025)","(0, 4136, 4025)","(0, 4136, 4025)",False,True
223,4129,5,age,0.30078125,True,True,True,False,"(0, 4072, 4024)","(0, 4072, 4024)","(0, 4072, 4024)",False,True
224,4129,5,age,0.92578125,False,False,False,False,"(0, 4016, 4024)","(0, 4016, 4024)","(0, 4016, 4024)",False,True
225,4134,5,age,0.13671875,True,True,True,False,"(0, 4120, 4027)","(0, 4120, 4027)","(0, 4120, 4027)",False,True
226,4134,5,age,0.69921875,False,False,False,False,"(0, 4048, 4027)","(0, 4048, 4027)","(0, 4048, 4027)",False,True
227,4134,5,age,0.82421875,True,True,True,False,"(0, 4048, 4028)","(0, 4048, 4028)","(0, 4048, 4028)",False,True
228,4136,5,age,0.13671875,True,True,True,False,"(0, 4120, 4091)","(0, 4120, 4091)","(0, 4120, 4091)",False,True
229,4136,5,age,0.69921875,False,False,False,False,"(0, 4048, 4091)","(0, 4048, 4091)","(0, 4048, 4091)",False,True
230,4136,5,age,0.82421875,True,True,True,False,"(0, 4048, 4092)","(0, 4048, 4092)","(0, 4048, 4092)",False,True
231,4138,5,age,0.13671875,True,True,True,False,"(0, 4120, 4155)","(0, 4120, 4155)","(0, 4120, 4155)",False,True
232,4138,5,age,0.69921875,False,False,False,False,"(0, 4048, 4155)","(0, 4048, 4155)","(0, 4048, 4155)",False,True
233,4138,5,age,0.82421875,True,True,True,False,"(0, 4048, 4156)","(0, 4048, 4156)","(0, 4048, 4156)",False,True
234,4140,5,age,0.13671875,True,True,True,False,"(0, 4120, 4219)","(0, 4120, 4219)","(0, 4120, 4219)",False,True
235,4140,5,age,0.69921875,False,False,False,False,"(0, 4048, 4219)","(0, 4048, 4219)","(0, 4048, 4219)",False,True
236,4140,5,age,0.82421875,True,True,True,False,"(0, 4048, 4220)","(0, 4048, 4220)","(0, 4048, 4220)",False,True
237,4142,5,age,0.13671875,True,True,True,False,"(0, 4120, 4219)","(0, 4120, 4219)","(0, 4120, 4219)",False,True
238,4142,5,age,0.69921875,False,False,False,False,"(0, 4048, 4219)","(0, 4048, 4219)","(0, 4048, 4219)",False,True
239,4142,5,age,0.82421875,True,True,True,False,"(0, 4048, 4220)","(0, 4048, 4220)","(0, 4048, 4220)",False,True
240,4143,5,age,0.12109375,True,True,True,False,"(0, 5672, 5561)","(0, 5672, 5561)","(0, 5672, 5561)",False,True
241,4143,5,age,0.30078125,True,True,True,False,"(0, 5608, 5560)","(0, 5608, 5560)","(0, 5608, 5560)",False,True
242,4143,5,age,0.92578125,False,False,False,False,"(0, 5552, 5560)","(0, 5552, 5560)","(0, 5552, 5560)",False,True
243,4148,5,age,0.13671875,True,True,True,False,"(0, 5656, 5563)","(0, 5656, 5563)","(0, 5656, 5563)",False,True
244,4148,5,age,0.69921875,False,False,False,False,"(0, 5584, 5563)","(0, 5584, 5563)","(0, 5584, 5563)",False,True
245,4148,5,age,0.82421875,True,True,True,False,"(0, 5584, 5564)","(0, 5584, 5564)","(0, 5584, 5564)",False,True
246,4150,5,age,0.13671875,True,True,True,False,"(0, 5656, 5627)","(0, 5656, 5627)","(0, 5656, 5627)",False,True
247,4150,5,age,0.69921875,False,False,False,False,"(0, 5584, 5627)","(0, 5584, 5627)","(0, 5584, 5627)",False,True
248,4150,5,age,0.82421875,True,True,True,False,"(0, 5584, 5628)","(0, 5584, 5628)","(0, 5584, 5628)",False,True
249,4152,5,age,0.13671875,True,True,True,False,"(0, 5656, 5691)","(0, 5656, 5691)","(0, 5656, 5691)",False,True
250,4152,5,age,0.69921875,False,False,False,False,"(0, 5584, 5691)","(0, 5584, 5691)","(0, 5584, 5691)",False,True
251,4152,5,age,0.82421875,True,True,True,False,"(0, 5584, 5692)","(0, 5584, 5692)","(0, 5584, 5692)",False,True
252,4154,5,age,0.13671875,True,True,True,False,"(0, 5656, 5755)","(0, 5656, 5755)","(0, 5656, 5755)",False,True
253,4154,5,age,0.69921875,False,False,False,False,"(0, 5584, 5755)","(0, 5584, 5755)","(0, 5584, 5755)",False,True
254,4154,5,age,0.82421875,True,True,True,False,"(0, 5584, 5756)","(0, 5584, 5756)","(0, 5584, 5756)",False,True
255,4156,5,age,0.13671875,True,True,True,False,"(0, 5656, 5755)","(0, 5656, 5755)","(0, 5656, 5755)",False,True
256,4156,5,age,0.69921875,False,False,False,False,"(0, 5584, 5755)","(0, 5584, 5755)","(0, 5584, 5755)",False,True
257,4156,5,age,0.82421875,True,True,True,False,"(0, 5584, 5756)","(0, 5584, 5756)","(0, 5584, 5756)",False,True
258,4157,5,age,0.12109375,True,True,True,False,"(0, 5672, 5561)","(0, 5672, 5561)","(0, 5672, 5561)",False,True
259,4157,5,age,0.30078125,True,True,True,False,"(0, 5608, 5560)","(0, 5608, 5560)","(0, 5608, 5560)",False,True
260,4157,5,age,0.92578125,False,False,False,False,"(0, 5552, 5560)","(0, 5552, 5560)","(0, 5552, 5560)",False,True
261,4162,5,age,0.13671875,True,True,True,False,"(0, 5656, 5563)","(0, 5656, 5563)","(0, 5656, 5563)",False,True
262,4162,5,age,0.69921875,False,False,False,False,"(0, 5584, 5563)","(0, 5584, 5563)","(0, 5584, 5563)",False,True
263,4162,5,age,0.82421875,True,True,True,False,"(0, 5584, 5564)","(0, 5584, 5564)","(0, 5584, 5564)",False,True
264,4164,5,age,0.13671875,True,True,True,False,"(0, 5656, 5627)","(0, 5656, 5627)","(0, 5656, 5627)",False,True
265,4164,5,age,0.69921875,False,False,False,False,"(0, 5584, 5627)","(0, 5584, 5627)","(0, 5584, 5627)",False,True
266,4164,5,age,0.82421875,True,True,True,False,"(0, 5584, 5628)","(0, 5584, 5628)","(0, 5584, 5628)",False,True
267,4166,5,age,0.13671875,True,True,True,False,"(0, 5656, 5691)","(0, 5656, 5691)","(0, 5656, 5691)",False,True
268,4166,5,age,0.69921875,False,False,False,False,"(0, 5584, 5691)","(0, 5584, 5691)","(0, 5584, 5691)",False,True
269,4166,5,age,0.82421875,True,True,True,False,"(0, 5584, 5692)","(0, 5584, 5692)","(0, 5584, 5692)",False,True
270,4168,5,age,0.13671875,True,True,True,False,"(0, 5656, 5755)","(0, 5656, 5755)","(0, 5656, 5755)",False,True
271,4168,5,age,0.69921875,False,False,False,False,"(0, 5584, 5755)","(0, 5584, 5755)","(0, 5584, 5755)",False,True
272,4168,5,age,0.82421875,True,True,True,False,"(0, 5584, 5756)","(0, 5584, 5756)","(0, 5584, 5756)",False,True
273,4170,5,age,0.13671875,True,True,True,False,"(0, 5656, 5755)","(0, 5656, 5755)","(0, 5656, 5755)",False,True
274,4170,5,age,0.69921875,False,False,False,False,"(0, 5584, 5755)","(0, 5584, 5755)","(0, 5584, 5755)",False,True
275,4170,5,age,0.82421875,True,True,True,False,"(0, 5584, 5756)","(0, 5584, 5756)","(0, 5584, 5756)",False,True
276,4171,5,age,0.12109375,True,True,True,False,"(0, 5672, 5561)","(0, 5672, 5561)","(0, 5672, 5561)",False,True
277,4171,5,age,0.30078125,True,True,True,False,"(0, 5608, 5560)","(0, 5608, 5560)","(0, 5608, 5560)",False,True
278,4171,5,age,0.92578125,False,False,False,False,"(0, 5552, 5560)","(0, 5552, 5560)","(0, 5552, 5560)",False,True
279,4176,5,age,0.13671875,True,True,True,False,"(0, 5656, 5563)","(0, 5656, 5563)","(0, 5656, 5563)",False,True
280,4176,5,age,0.69921875,False,False,False,False,"(0, 5584, 5563)","(0, 5584, 5563)","(0, 5584, 5563)",False,True
281,4176,5,age,0.82421875,True,True,True,False,"(0, 5584, 5564)","(0, 5584, 5564)","(0, 5584, 5564)",False,True
282,4178,5,age,0.13671875,True,True,True,False,"(0, 5656, 5627)","(0, 5656, 5627)","(0, 5656, 5627)",False,True
283,4178,5,age,0.69921875,False,False,False,False,"(0, 5584, 5627)","(0, 5584, 5627)","(0, 5584, 5627)",False,True
284,4178,5,age,0.82421875,True,True,True,False,"(0, 5584, 5628)","(0, 5584, 5628)","(0, 5584, 5628)",False,True
285,4180,5,age,0.13671875,True,True,True,False,"(0, 5656, 5691)","(0, 5656, 5691)","(0, 5656, 5691)",False,True
286,4180,5,age,0.69921875,False,False,False,False,"(0, 5584, 5691)","(0, 5584, 5691)","(0, 5584, 5691)",False,True
287,4180,5,age,0.82421875,True,True,True,False,"(0, 5584, 5692)","(0, 5584, 5692)","(0, 5584, 5692)",False,True
288,4182,5,age,0.13671875,True,True,True,False,"(0, 5656, 5755)","(0, 5656, 5755)","(0, 5656, 5755)",False,True
289,4182,5,age,0.69921875,False,False,False,False,"(0, 5584, 5755)","(0, 5584, 5755)","(0, 5584, 5755)",False,True
290,4182,5,age,0.82421875,True,True,True,False,"(0, 5584, 5756)","(0, 5584, 5756)","(0, 5584, 5756)",False,True
291,4184,5,age,0.13671875,True,True,True,False,"(0, 5656, 5755)","(0, 5656, 5755)","(0, 5656, 5755)",False,True
292,4184,5,age,0.69921875,False,False,False,False,"(0, 5584, 5755)","(0, 5584, 5755)","(0, 5584, 5755)",False,True
293,4184,5,age,0.82421875,True,True,True,False,"(0, 5584, 5756)","(0, 5584, 5756)","(0, 5584, 5756)",False,True
294,4185,5,age,0.12109375,True,True,True,False,"(0, 5672, 5561)","(0, 5672, 5561)","(0, 5672, 5561)",False,True
295,4185,5,age,0.30078125,True,True,True,False,"(0, 5608, 5560)","(0, 5608, 5560)","(0, 5608, 5560)",False,True
296,4185,5,age,0.92578125,False,False,False,False,"(0, 5552, 5560)","(0, 5552, 5560)","(0, 5552, 5560)",False,True
297,4190,5,age,0.13671875,True,True,True,False,"(0, 5656, 5563)","(0, 5656, 5563)","(0, 5656, 5563)",False,True
298,4190,5,age,0.69921875,False,False,False,False,"(0, 5584, 5563)","(0, 5584, 5563)","(0, 5584, 5563)",False,True
299,4190,5,age,0.82421875,True,True,True,False,"(0, 5584, 5564)","(0, 5584, 5564)","(0, 5584, 5564)",False,True
300,4192,5,age,0.13671875,True,True,True,False,"(0, 5656, 5627)","(0, 5656, 5627)","(0, 5656, 5627)",False,True
301,4192,5,age,0.69921875,False,False,False,False,"(0, 5584, 5627)","(0, 5584, 5627)","(0, 5584, 5627)",False,True
302,4192,5,age,0.82421875,True,True,True,False,"(0, 5584, 5628)","(0, 5584, 5628)","(0, 5584, 5628)",False,True
303,4194,5,age,0.13671875,True,True,True,False,"(0, 5656, 5691)","(0, 5656, 5691)","(0, 5656, 5691)",False,True
304,4194,5,age,0.69921875,False,False,False,False,"(0, 5584, 5691)","(0, 5584, 5691)","(0, 5584, 5691)",False,True
305,4194,5,age,0.82421875,True,True,True,False,"(0, 5584, 5692)","(0, 5584, 5692)","(0, 5584, 5692)",False,True
306,4196,5,age,0.13671875,True,True,True,False,"(0, 5656, 5755)","(0, 5656, 5755)","(0, 5656, 5755)",False,True
307,4196,5,age,0.69921875,False,False,False,False,"(0, 5584, 5755)","(0, 5584, 5755)","(0, 5584, 5755)",False,True
308,4196,5,age,0.82421875,True,True,True,False,"(0, 5584, 5756)","(0, 5584, 5756)","(0, 5584, 5756)",False,True
309,4198,5,age,0.13671875,True,True,True,False,"(0, 5656, 5755)","(0, 5656, 5755)","(0, 5656, 5755)",False,True
310,4198,5,age,0.69921875,False,False,False,False,"(0, 5584, 5755)","(0, 5584, 5755)","(0, 5584, 5755)",False,True
311,4198,5,age,0.82421875,True,True,True,False,"(0, 5584, 5756)","(0, 5584, 5756)","(0, 5584, 5756)",False,True
312,4199,5,age,0.12109375,True,True,True,False,"(0, 5672, 5561)","(0, 5672, 5561)","(0, 5672, 5561)",False,True
313,4199,5,age,0.30078125,True,True,True,False,"(0, 5608, 5560)","(0, 5608, 5560)","(0, 5608, 5560)",False,True
314,4199,5,age,0.92578125,False,False,False,False,"(0, 5552, 5560)","(0, 5552, 5560)","(0, 5552, 5560)",False,True
315,4204,5,age,0.13671875,True,True,True,False,"(0, 5656, 5563)","(0, 5656, 5563)","(0, 5656, 5563)",False,True
316,4204,5,age,0.69921875,False,False,False,False,"(0, 5584, 5563)","(0, 5584, 5563)","(0, 5584, 5563)",False,True
317,4204,5,age,0.82421875,True,True,True,False,"(0, 5584, 5564)","(0, 5584, 5564)","(0, 5584, 5564)",False,True
318,4206,5,age,0.13671875,True,True,True,False,"(0, 5656, 5627)","(0, 5656, 5627)","(0, 5656, 5627)",False,True
319,4206,5,age,0.69921875,False,False,False,False,"(0, 5584, 5627)","(0, 5584, 5627)","(0, 5584, 5627)",False,True
320,4206,5,age,0.82421875,True,True,True,False,"(0, 5584, 5628)","(0, 5584, 5628)","(0, 5584, 5628)",False,True
321,4208,5,age,0.13671875,True,True,True,False,"(0, 5656, 5691)","(0, 5656, 5691)","(0, 5656, 5691)",False,True
322,4208,5,age,0.69921875,False,False,False,False,"(0, 5584, 5691)","(0, 5584, 5691)","(0, 5584, 5691)",False,True
323,4208,5,age,0.82421875,True,True,True,False,"(0, 5584, 5692)","(0, 5584, 5692)","(0, 5584, 5692)",False,True
324,4210,5,age,0.13671875,True,True,True,False,"(0, 5656, 5755)","(0, 5656, 5755)","(0, 5656, 5755)",False,True
325,4210,5,age,0.69921875,False,False,False,False,"(0, 5584, 5755)","(0, 5584, 5755)","(0, 5584, 5755)",False,True
326,4210,5,age,0.82421875,True,True,True,False,"(0, 5584, 5756)","(0, 5584, 5756)","(0, 5584, 5756)",False,True
327,4212,5,age,0.13671875,True,True,True,False,"(0, 5656, 5755)","(0, 5656, 5755)","(0, 5656, 5755)",False,True
328,4212,5,age,0.69921875,False,False,False,False,"(0, 5584, 5755)","(0, 5584, 5755)","(0, 5584, 5755)",False,True
329,4212,5,age,0.82421875,True,True,True,False,"(0, 5584, 5756)","(0, 5584, 5756)","(0, 5584, 5756)",False,True
330,4214,5,age,0.07421875,True,True,True,False,"(0, 1904, 1913)","(0, 1904, 1913)","(0, 1904, 1913)",False,True
331,4214,5,age,0.69921875,False,False,False,False,"(0, 1896, 1913)","(0, 1896, 1913)","(0, 1896, 1913)",False,True
332,4214,5,age,0.76171875,True,True,True,False,"(0, 1832, 1914)","(0, 1832, 1914)","(0, 1832, 1914)",False,True
333,4216,5,age,0.07421875,True,True,True,False,"(0, 1904, 1913)","(0, 1904, 1913)","(0, 1904, 1913)",False,True
334,4216,5,age,0.69921875,False,False,False,False,"(0, 1896, 1913)","(0, 1896, 1913)","(0, 1896, 1913)",False,True
335,4216,5,age,0.97265625,True,True,True,False,"(0, 1888, 1914)","(0, 1888, 1914)","(0, 1888, 1914)",False,True
336,4218,5,age,0.07421875,True,True,True,False,"(0, 2288, 2297)","(0, 2288, 2297)","(0, 2288, 2297)",False,True
337,4218,5,age,0.69921875,False,False,False,False,"(0, 2280, 2297)","(0, 2280, 2297)","(0, 2280, 2297)",False,True
338,4218,5,age,0.76171875,True,True,True,False,"(0, 2216, 2298)","(0, 2216, 2298)","(0, 2216, 2298)",False,True
339,4220,5,age,0.07421875,True,True,True,False,"(0, 2288, 2297)","(0, 2288, 2297)","(0, 2288, 2297)",False,True
340,4220,5,age,0.69921875,False,False,False,False,"(0, 2280, 2297)","(0, 2280, 2297)","(0, 2280, 2297)",False,True
341,4220,5,age,0.97265625,True,True,True,False,"(0, 2272, 2298)","(0, 2272, 2298)","(0, 2272, 2298)",False,True
342,4222,5,age,0.07421875,True,True,True,False,"(0, 2288, 2297)","(0, 2288, 2297)","(0, 2288, 2297)",False,True
343,4222,5,age,0.69921875,False,False,False,False,"(0, 2280, 2297)","(0, 2280, 2297)","(0, 2280, 2297)",False,True
344,4222,5,age,0.76171875,True,True,True,False,"(0, 2216, 2298)","(0, 2216, 2298)","(0, 2216, 2298)",False,True
345,4224,5,age,0.07421875,True,True,True,False,"(0, 2288, 2297)","(0, 2288, 2297)","(0, 2288, 2297)",False,True
346,4224,5,age,0.69921875,False,False,False,False,"(0, 2280, 2297)","(0, 2280, 2297)","(0, 2280, 2297)",False,True
347,4224,5,age,0.97265625,True,True,True,False,"(0, 2272, 2298)","(0, 2272, 2298)","(0, 2272, 2298)",False,True
348,4226,5,age,0.07421875,True,True,True,False,"(0, 24176, 24185)","(0, 24176, 24185)","(0, 24176, 24185)",False,True
349,4226,5,age,0.69921875,False,False,False,False,"(0, 24168, 24185)","(0, 24168, 24185)","(0, 24168, 24185)",False,True
350,4226,5,age,0.76171875,True,True,True,False,"(0, 24104, 24186)","(0, 24104, 24186)","(0, 24104, 24186)",False,True
351,4228,5,age,0.07421875,True,True,True,False,"(0, 24176, 24185)","(0, 24176, 24185)","(0, 24176, 24185)",False,True
352,4228,5,age,0.69921875,False,False,False,False,"(0, 24168, 24185)","(0, 24168, 24185)","(0, 24168, 24185)",False,True
353,4228,5,age,0.97265625,True,True,True,False,"(0, 24160, 24186)","(0, 24160, 24186)","(0, 24160, 24186)",False,True
354,4230,5,age,0.07421875,True,True,True,False,"(0, 24560, 24569)","(0, 24560, 24569)","(0, 24560, 24569)",False,True
355,4230,5,age,0.69921875,False,False,False,False,"(0, 24552, 24569)","(0, 24552, 24569)","(0, 24552, 24569)",False,True
356,4230,5,age,0.76171875,True,True,True,False,"(0, 24488, 24570)","(0, 24488, 24570)","(0, 24488, 24570)",False,True
357,4232,5,age,0.07421875,True,True,True,False,"(0, 24560, 24569)","(0, 24560, 24569)","(0, 24560, 24569)",False,True
358,4232,5,age,0.69921875,False,False,False,False,"(0, 24552, 24569)","(0, 24552, 24569)","(0, 24552, 24569)",False,True
359,4232,5,age,0.97265625,True,True,True,False,"(0, 24544, 24570)","(0, 24544, 24570)","(0, 24544, 24570)",False,True
360,4233,5,age,0.12109375,True,True,True,False,"(0, 1832, 1721)","(0, 1832, 1721)","(0, 1832, 1721)",False,True
361,4233,5,age,0.30078125,True,True,True,False,"(0, 1768, 1720)","(0, 1768, 1720)","(0, 1768, 1720)",False,True
362,4233,5,age,0.92578125,False,False,False,False,"(0, 1712, 1720)","(0, 1712, 1720)","(0, 1712, 1720)",False,True
363,4238,5,age,0.13671875,True,True,True,False,"(0, 1816, 1723)","(0, 1816, 1723)","(0, 1816, 1723)",False,True
364,4238,5,age,0.69921875,False,False,False,False,"(0, 1744, 1723)","(0, 1744, 1723)","(0, 1744, 1723)",False,True
365,4238,5,age,0.82421875,True,True,True,False,"(0, 1744, 1724)","(0, 1744, 1724)","(0, 1744, 1724)",False,True
366,4240,5,age,0.13671875,True,True,True,False,"(0, 1816, 1787)","(0, 1816, 1787)","(0, 1816, 1787)",False,True
367,4240,5,age,0.69921875,False,False,False,False,"(0, 1744, 1787)","(0, 1744, 1787)","(0, 1744, 1787)",False,True
368,4240,5,age,0.82421875,True,True,True,False,"(0, 1744, 1788)","(0, 1744, 1788)","(0, 1744, 1788)",False,True
369,4242,5,age,0.13671875,True,True,True,False,"(0, 1816, 1851)","(0, 1816, 1851)","(0, 1816, 1851)",False,True
370,4242,5,age,0.69921875,False,False,False,False,"(0, 1744, 1851)","(0, 1744, 1851)","(0, 1744, 1851)",False,True
371,4242,5,age,0.82421875,True,True,True,False,"(0, 1744, 1852)","(0, 1744, 1852)","(0, 1744, 1852)",False,True
372,4244,5,age,0.07421875,True,True,True,False,"(0, 3440, 3449)","(0, 3440, 3449)","(0, 3440, 3449)",False,True
373,4244,5,age,0.69921875,False,False,False,False,"(0, 3432, 3449)","(0, 3432, 3449)","(0, 3432, 3449)",False,True
374,4244,5,age,0.76171875,True,True,True,False,"(0, 3368, 3450)","(0, 3368, 3450)","(0, 3368, 3450)",False,True
375,4246,5,age,0.13671875,True,True,True,False,"(0, 1816, 1915)","(0, 1816, 1915)","(0, 1816, 1915)",False,True
376,4246,5,age,0.69921875,False,False,False,False,"(0, 1744, 1915)","(0, 1744, 1915)","(0, 1744, 1915)",False,True
377,4246,5,age,0.82421875,True,True,True,False,"(0, 1744, 1916)","(0, 1744, 1916)","(0, 1744, 1916)",False,True
378,4248,5,age,0.07421875,True,True,True,False,"(0, 3440, 3449)","(0, 3440, 3449)","(0, 3440, 3449)",False,True
379,4248,5,age,0.69921875,False,False,False,False,"(0, 3432, 3449)","(0, 3432, 3449)","(0, 3432, 3449)",False,True
380,4248,5,age,0.97265625,True,True,True,False,"(0, 3424, 3450)","(0, 3424, 3450)","(0, 3424, 3450)",False,True
381,4250,5,age,0.13671875,True,True,True,False,"(0, 1816, 1915)","(0, 1816, 1915)","(0, 1816, 1915)",False,True
382,4250,5,age,0.69921875,False,False,False,False,"(0, 1744, 1915)","(0, 1744, 1915)","(0, 1744, 1915)",False,True
383,4250,5,age,0.82421875,True,True,True,False,"(0, 1744, 1916)","(0, 1744, 1916)","(0, 1744, 1916)",False,True
384,4251,5,age,0.12109375,True,True,True,False,"(0, 2216, 2105)","(0, 2216, 2105)","(0, 2216, 2105)",False,True
385,4251,5,age,0.30078125,True,True,True,False,"(0, 2152, 2104)","(0, 2152, 2104)","(0, 2152, 2104)",False,True
386,4251,5,age,0.92578125,False,False,False,False,"(0, 2096, 2104)","(0, 2096, 2104)","(0, 2096, 2104)",False,True
387,4256,5,age,0.13671875,True,True,True,False,"(0, 2200, 2107)","(0, 2200, 2107)","(0, 2200, 2107)",False,True
388,4256,5,age,0.69921875,False,False,False,False,"(0, 2128, 2107)","(0, 2128, 2107)","(0, 2128, 2107)",False,True
389,4256,5,age,0.82421875,True,True,True,False,"(0, 2128, 2108)","(0, 2128, 2108)","(0, 2128, 2108)",False,True
390,4258,5,age,0.13671875,True,True,True,False,"(0, 2200, 2171)","(0, 2200, 2171)","(0, 2200, 2171)",False,True
391,4258,5,age,0.69921875,False,False,False,False,"(0, 2128, 2171)","(0, 2128, 2171)","(0, 2128, 2171)",False,True
392,4258,5,age,0.82421875,True,True,True,False,"(0, 2128, 2172)","(0, 2128, 2172)","(0, 2128, 2172)",False,True
393,4260,5,age,0.13671875,True,True,True,False,"(0, 2200, 2235)","(0, 2200, 2235)","(0, 2200, 2235)",False,True
394,4260,5,age,0.69921875,False,False,False,False,"(0, 2128, 2235)","(0, 2128, 2235)","(0, 2128, 2235)",False,True
395,4260,5,age,0.82421875,True,True,True,False,"(0, 2128, 2236)","(0, 2128, 2236)","(0, 2128, 2236)",False,True
396,4262,5,age,0.07421875,True,True,True,False,"(0, 3824, 3833)","(0, 3824, 3833)","(0, 3824, 3833)",False,True
397,4262,5,age,0.69921875,False,False,False,False,"(0, 3816, 3833)","(0, 3816, 3833)","(0, 3816, 3833)",False,True
398,4262,5,age,0.76171875,True,True,True,False,"(0, 3752, 3834)","(0, 3752, 3834)","(0, 3752, 3834)",False,True
399,4264,5,age,0.13671875,True,True,True,False,"(0, 2200, 2299)","(0, 2200, 2299)","(0, 2200, 2299)",False,True
400,4264,5,age,0.69921875,False,False,False,False,"(0, 2128, 2299)","(0, 2128, 2299)","(0, 2128, 2299)",False,True
401,4264,5,age,0.82421875,True,True,True,False,"(0, 2128, 2300)","(0, 2128, 2300)","(0, 2128, 2300)",False,True
402,4266,5,age,0.07421875,True,True,True,False,"(0, 3824, 3833)","(0, 3824, 3833)","(0, 3824, 3833)",False,True
403,4266,5,age,0.69921875,False,False,False,False,"(0, 3816, 3833)","(0, 3816, 3833)","(0, 3816, 3833)",False,True
404,4266,5,age,0.97265625,True,True,True,False,"(0, 3808, 3834)","(0, 3808, 3834)","(0, 3808, 3834)",False,True
405,4268,5,age,0.13671875,True,True,True,False,"(0, 2200, 2299)","(0, 2200, 2299)","(0, 2200, 2299)",False,True
406,4268,5,age,0.69921875,False,False,False,False,"(0, 2128, 2299)","(0, 2128, 2299)","(0, 2128, 2299)",False,True
407,4268,5,age,0.82421875,True,True,True,False,"(0, 2128, 2300)","(0, 2128, 2300)","(0, 2128, 2300)",False,True
408,4269,5,age,0.12109375,True,True,True,False,"(0, 2216, 2105)","(0, 2216, 2105)","(0, 2216, 2105)",False,True
409,4269,5,age,0.30078125,True,True,True,False,"(0, 2152, 2104)","(0, 2152, 2104)","(0, 2152, 2104)",False,True
410,4269,5,age,0.92578125,False,False,False,False,"(0, 2096, 2104)","(0, 2096, 2104)","(0, 2096, 2104)",False,True
411,4274,5,age,0.13671875,True,True,True,False,"(0, 2200, 2107)","(0, 2200, 2107)","(0, 2200, 2107)",False,True
412,4274,5,age,0.69921875,False,False,False,False,"(0, 2128, 2107)","(0, 2128, 2107)","(0, 2128, 2107)",False,True
413,4274,5,age,0.82421875,True,True,True,False,"(0, 2128, 2108)","(0, 2128, 2108)","(0, 2128, 2108)",False,True
414,4276,5,age,0.13671875,True,True,True,False,"(0, 2200, 2171)","(0, 2200, 2171)","(0, 2200, 2171)",False,True
415,4276,5,age,0.69921875,False,False,False,False,"(0, 2128, 2171)","(0, 2128, 2171)","(0, 2128, 2171)",False,True
416,4276,5,age,0.82421875,True,True,True,False,"(0, 2128, 2172)","(0, 2128, 2172)","(0, 2128, 2172)",False,True
417,4278,5,age,0.13671875,True,True,True,False,"(0, 2200, 2235)","(0, 2200, 2235)","(0, 2200, 2235)",False,True
418,4278,5,age,0.69921875,False,False,False,False,"(0, 2128, 2235)","(0, 2128, 2235)","(0, 2128, 2235)",False,True
419,4278,5,age,0.82421875,True,True,True,False,"(0, 2128, 2236)","(0, 2128, 2236)","(0, 2128, 2236)",False,True
420,4280,5,age,0.07421875,True,True,True,False,"(0, 3824, 3833)","(0, 3824, 3833)","(0, 3824, 3833)",False,True
421,4280,5,age,0.69921875,False,False,False,False,"(0, 3816, 3833)","(0, 3816, 3833)","(0, 3816, 3833)",False,True
422,4280,5,age,0.76171875,True,True,True,False,"(0, 3752, 3834)","(0, 3752, 3834)","(0, 3752, 3834)",False,True
423,4282,5,age,0.13671875,True,True,True,False,"(0, 2200, 2299)","(0, 2200, 2299)","(0, 2200, 2299)",False,True
424,4282,5,age,0.69921875,False,False,False,False,"(0, 2128, 2299)","(0, 2128, 2299)","(0, 2128, 2299)",False,True
425,4282,5,age,0.82421875,True,True,True,False,"(0, 2128, 2300)","(0, 2128, 2300)","(0, 2128, 2300)",False,True
426,4284,5,age,0.07421875,True,True,True,False,"(0, 3824, 3833)","(0, 3824, 3833)","(0, 3824, 3833)",False,True
427,4284,5,age,0.69921875,False,False,False,False,"(0, 3816, 3833)","(0, 3816, 3833)","(0, 3816, 3833)",False,True
428,4284,5,age,0.97265625,True,True,True,False,"(0, 3808, 3834)","(0, 3808, 3834)","(0, 3808, 3834)",False,True
429,4286,5,age,0.13671875,True,True,True,False,"(0, 2200, 2299)","(0, 2200, 2299)","(0, 2200, 2299)",False,True
430,4286,5,age,0.69921875,False,False,False,False,"(0, 2128, 2299)","(0, 2128, 2299)","(0, 2128, 2299)",False,True
431,4286,5,age,0.82421875,True,True,True,False,"(0, 2128, 2300)","(0, 2128, 2300)","(0, 2128, 2300)",False,True
432,4287,5,age,0.12109375,True,True,True,False,"(0, 24104, 23993)","(0, 24104, 23993)","(0, 24104, 23993)",False,True
433,4287,5,age,0.30078125,True,True,True,False,"(0, 24040, 23992)","(0, 24040, 23992)","(0, 24040, 23992)",False,True
434,4287,5,age,0.92578125,False,False,False,False,"(0, 23984, 23992)","(0, 23984, 23992)","(0, 23984, 23992)",False,True
435,4292,5,age,0.13671875,True,True,True,False,"(0, 24088, 23995)","(0, 24088, 23995)","(0, 24088, 23995)",False,True
436,4292,5,age,0.69921875,False,False,False,False,"(0, 24016, 23995)","(0, 24016, 23995)","(0, 24016, 23995)",False,True
437,4292,5,age,0.82421875,True,True,True,False,"(0, 24016, 23996)","(0, 24016, 23996)","(0, 24016, 23996)",False,True
438,4294,5,age,0.13671875,True,True,True,False,"(0, 24088, 24059)","(0, 24088, 24059)","(0, 24088, 24059)",False,True
439,4294,5,age,0.69921875,False,False,False,False,"(0, 24016, 24059)","(0, 24016, 24059)","(0, 24016, 24059)",False,True
440,4294,5,age,0.82421875,True,True,True,False,"(0, 24016, 24060)","(0, 24016, 24060)","(0, 24016, 24060)",False,True
441,4296,5,age,0.13671875,True,True,True,False,"(0, 24088, 24123)","(0, 24088, 24123)","(0, 24088, 24123)",False,True
442,4296,5,age,0.69921875,False,False,False,False,"(0, 24016, 24123)","(0, 24016, 24123)","(0, 24016, 24123)",False,True
443,4296,5,age,0.82421875,True,True,True,False,"(0, 24016, 24124)","(0, 24016, 24124)","(0, 24016, 24124)",False,True
444,4298,5,age,0.07421875,True,True,True,False,"(0, 25712, 25721)","(0, 25712, 25721)","(0, 25712, 25721)",False,True
445,4298,5,age,0.69921875,False,False,False,False,"(0, 25704, 25721)","(0, 25704, 25721)","(0, 25704, 25721)",False,True
446,4298,5,age,0.76171875,True,True,True,False,"(0, 25640, 25722)","(0, 25640, 25722)","(0, 25640, 25722)",False,True
447,4300,5,age,0.13671875,True,True,True,False,"(0, 24088, 24187)","(0, 24088, 24187)","(0, 24088, 24187)",False,True
448,4300,5,age,0.69921875,False,False,False,False,"(0, 24016, 24187)","(0, 24016, 24187)","(0, 24016, 24187)",False,True
449,4300,5,age,0.82421875,True,True,True,False,"(0, 24016, 24188)","(0, 24016, 24188)","(0, 24016, 24188)",False,True
450,4302,5,age,0.07421875,True,True,True,False,"(0, 25712, 25721)","(0, 25712, 25721)","(0, 25712, 25721)",False,True
451,4302,5,age,0.69921875,False,False,False,False,"(0, 25704, 25721)","(0, 25704, 25721)","(0, 25704, 25721)",False,True
452,4302,5,age,0.97265625,True,True,True,False,"(0, 25696, 25722)","(0, 25696, 25722)","(0, 25696, 25722)",False,True
453,4304,5,age,0.13671875,True,True,True,False,"(0, 24088, 24187)","(0, 24088, 24187)","(0, 24088, 24187)",False,True
454,4304,5,age,0.69921875,False,False,False,False,"(0, 24016, 24187)","(0, 24016, 24187)","(0, 24016, 24187)",False,True
455,4304,5,age,0.82421875,True,True,True,False,"(0, 24016, 24188)","(0, 24016, 24188)","(0, 24016, 24188)",False,True
456,4305,5,age,0.12109375,True,True,True,False,"(0, 24488, 24377)","(0, 24488, 24377)","(0, 24488, 24377)",False,True
457,4305,5,age,0.30078125,True,True,True,False,"(0, 24424, 24376)","(0, 24424, 24376)","(0, 24424, 24376)",False,True
458,4305,5,age,0.92578125,False,False,False,False,"(0, 24368, 24376)","(0, 24368, 24376)","(0, 24368, 24376)",False,True
459,4310,5,age,0.13671875,True,True,True,False,"(0, 24472, 24379)","(0, 24472, 24379)","(0, 24472, 24379)",False,True
460,4310,5,age,0.69921875,False,False,False,False,"(0, 24400, 24379)","(0, 24400, 24379)","(0, 24400, 24379)",False,True
461,4310,5,age,0.82421875,True,True,True,False,"(0, 24400, 24380)","(0, 24400, 24380)","(0, 24400, 24380)",False,True
462,4312,5,age,0.13671875,True,True,True,False,"(0, 24472, 24443)","(0, 24472, 24443)","(0, 24472, 24443)",False,True
463,4312,5,age,0.69921875,False,False,False,False,"(0, 24400, 24443)","(0, 24400, 24443)","(0, 24400, 24443)",False,True
464,4312,5,age,0.82421875,True,True,True,False,"(0, 24400, 24444)","(0, 24400, 24444)","(0, 24400, 24444)",False,True
465,4314,5,age,0.13671875,True,True,True,False,"(0, 24472, 24507)","(0, 24472, 24507)","(0, 24472, 24507)",False,True
466,4314,5,age,0.69921875,False,False,False,False,"(0, 24400, 24507)","(0, 24400, 24507)","(0, 24400, 24507)",False,True
467,4314,5,age,0.82421875,True,True,True,False,"(0, 24400, 24508)","(0, 24400, 24508)","(0, 24400, 24508)",False,True
468,4316,5,age,0.07421875,True,True,True,False,"(0, 26096, 26105)","(0, 26096, 26105)","(0, 26096, 26105)",False,True
469,4316,5,age,0.69921875,False,False,False,False,"(0, 26088, 26105)","(0, 26088, 26105)","(0, 26088, 26105)",False,True
470,4316,5,age,0.76171875,True,True,True,False,"(0, 26024, 26106)","(0, 26024, 26106)","(0, 26024, 26106)",False,True
471,4318,5,age,0.13671875,True,True,True,False,"(0, 24472, 24571)","(0, 24472, 24571)","(0, 24472, 24571)",False,True
472,4318,5,age,0.69921875,False,False,False,False,"(0, 24400, 24571)","(0, 24400, 24571)","(0, 24400, 24571)",False,True
473,4318,5,age,0.82421875,True,True,True,False,"(0, 24400, 24572)","(0, 24400, 24572)","(0, 24400, 24572)",False,True
474,4320,5,age,0.07421875,True,True,True,False,"(0, 26096, 26105)","(0, 26096, 26105)","(0, 26096, 26105)",False,True
475,4320,5,age,0.69921875,False,False,False,False,"(0, 26088, 26105)","(0, 26088, 26105)","(0, 26088, 26105)",False,True
476,4320,5,age,0.97265625,True,True,True,False,"(0, 26080, 26106)","(0, 26080, 26106)","(0, 26080, 26106)",False,True
477,4322,5,age,0.13671875,True,True,True,False,"(0, 24472, 24571)","(0, 24472, 24571)","(0, 24472, 24571)",False,True
478,4322,5,age,0.69921875,False,False,False,False,"(0, 24400, 24571)","(0, 24400, 24571)","(0, 24400, 24571)",False,True
479,4322,5,age,0.82421875,True,True,True,False,"(0, 24400, 24572)","(0, 24400, 24572)","(0, 24400, 24572)",False,True
480,4323,5,age,0.12109375,True,True,True,False,"(0, 3368, 3257)","(0, 3368, 3257)","(0, 3368, 3257)",False,True
481,4323,5,age,0.30078125,True,True,True,False,"(0, 3304, 3256)","(0, 3304, 3256)","(0, 3304, 3256)",False,True
482,4323,5,age,0.92578125,False,False,False,False,"(0, 3248, 3256)","(0, 3248, 3256)","(0, 3248, 3256)",False,True
483,4328,5,age,0.13671875,True,True,True,False,"(0, 3352, 3259)","(0, 3352, 3259)","(0, 3352, 3259)",False,True
484,4328,5,age,0.69921875,False,False,False,False,"(0, 3280, 3259)","(0, 3280, 3259)","(0, 3280, 3259)",False,True
485,4328,5,age,0.82421875,True,True,True,False,"(0, 3280, 3260)","(0, 3280, 3260)","(0, 3280, 3260)",False,True
486,4330,5,age,0.13671875,True,True,True,False,"(0, 3352, 3323)","(0, 3352, 3323)","(0, 3352, 3323)",False,True
487,4330,5,age,0.69921875,False,False,False,False,"(0, 3280, 3323)","(0, 3280, 3323)","(0, 3280, 3323)",False,True
488,4330,5,age,0.82421875,True,True,True,False,"(0, 3280, 3324)","(0, 3280, 3324)","(0, 3280, 3324)",False,True
489,4332,5,age,0.13671875,True,True,True,False,"(0, 3352, 3387)","(0, 3352, 3387)","(0, 3352, 3387)",False,True
490,4332,5,age,0.69921875,False,False,False,False,"(0, 3280, 3387)","(0, 3280, 3387)","(0, 3280, 3387)",False,True
491,4332,5,age,0.82421875,True,True,True,False,"(0, 3280, 3388)","(0, 3280, 3388)","(0, 3280, 3388)",False,True
492,4334,5,age,0.07421875,True,True,True,False,"(0, 4976, 4985)","(0, 4976, 4985)","(0, 4976, 4985)",False,True
493,4334,5,age,0.69921875,False,False,False,False,"(0, 4968, 4985)","(0, 4968, 4985)","(0, 4968, 4985)",False,True
494,4334,5,age,0.76171875,True,True,True,False,"(0, 4904, 4986)","(0, 4904, 4986)","(0, 4904, 4986)",False,True
495,4336,5,age,0.13671875,True,True,True,False,"(0, 3352, 3451)","(0, 3352, 3451)","(0, 3352, 3451)",False,True
496,4336,5,age,0.69921875,False,False,False,False,"(0, 3280, 3451)","(0, 3280, 3451)","(0, 3280, 3451)",False,True
497,4336,5,age,0.82421875,True,True,True,False,"(0, 3280, 3452)","(0, 3280, 3452)","(0, 3280, 3452)",False,True
498,4338,5,age,0.07421875,True,True,True,False,"(0, 4976, 4985)","(0, 4976, 4985)","(0, 4976, 4985)",False,True
499,4338,5,age,0.69921875,False,False,False,False,"(0, 4968, 4985)","(0, 4968, 4985)","(0, 4968, 4985)",False,True
500,4338,5,age,0.97265625,True,True,True,False,"(0, 4960, 4986)","(0, 4960, 4986)","(0, 4960, 4986)",False,True
501,4340,5,age,0.13671875,True,True,True,False,"(0, 3352, 3451)","(0, 3352, 3451)","(0, 3352, 3451)",False,True
502,4340,5,age,0.69921875,False,False,False,False,"(0, 3280, 3451)","(0, 3280, 3451)","(0, 3280, 3451)",False,True
503,4340,5,age,0.82421875,True,True,True,False,"(0, 3280, 3452)","(0, 3280, 3452)","(0, 3280, 3452)",False,True
504,4341,5,age,0.12109375,True,True,True,False,"(0, 3752, 3641)","(0, 3752, 3641)","(0, 3752, 3641)",False,True
505,4341,5,age,0.30078125,True,True,True,False,"(0, 3688, 3640)","(0, 3688, 3640)","(0, 3688, 3640)",False,True
506,4341,5,age,0.92578125,False,False,False,False,"(0, 3632, 3640)","(0, 3632, 3640)","(0, 3632, 3640)",False,True
507,4346,5,age,0.13671875,True,True,True,False,"(0, 3736, 3643)","(0, 3736, 3643)","(0, 3736, 3643)",False,True
508,4346,5,age,0.69921875,False,False,False,False,"(0, 3664, 3643)","(0, 3664, 3643)","(0, 3664, 3643)",False,True
509,4346,5,age,0.82421875,True,True,True,False,"(0, 3664, 3644)","(0, 3664, 3644)","(0, 3664, 3644)",False,True
510,4348,5,age,0.13671875,True,True,True,False,"(0, 3736, 3707)","(0, 3736, 3707)","(0, 3736, 3707)",False,True
511,4348,5,age,0.69921875,False,False,False,False,"(0, 3664, 3707)","(0, 3664, 3707)","(0, 3664, 3707)",False,True
512,4348,5,age,0.82421875,True,True,True,False,"(0, 3664, 3708)","(0, 3664, 3708)","(0, 3664, 3708)",False,True
513,4350,5,age,0.13671875,True,True,True,False,"(0, 3736, 3771)","(0, 3736, 3771)","(0, 3736, 3771)",False,True
514,4350,5,age,0.69921875,False,False,False,False,"(0, 3664, 3771)","(0, 3664, 3771)","(0, 3664, 3771)",False,True
515,4350,5,age,0.82421875,True,True,True,False,"(0, 3664, 3772)","(0, 3664, 3772)","(0, 3664, 3772)",False,True
516,4352,5,age,0.07421875,True,True,True,False,"(0, 5360, 5369)","(0, 5360, 5369)","(0, 5360, 5369)",False,True
517,4352,5,age,0.69921875,False,False,False,False,"(0, 5352, 5369)","(0, 5352, 5369)","(0, 5352, 5369)",False,True
518,4352,5,age,0.76171875,True,True,True,False,"(0, 5288, 5370)","(0, 5288, 5370)","(0, 5288, 5370)",False,True
519,4354,5,age,0.13671875,True,True,True,False,"(0, 3736, 3835)","(0, 3736, 3835)","(0, 3736, 3835)",False,True
520,4354,5,age,0.69921875,False,False,False,False,"(0, 3664, 3835)","(0, 3664, 3835)","(0, 3664, 3835)",False,True
521,4354,5,age,0.82421875,True,True,True,False,"(0, 3664, 3836)","(0, 3664, 3836)","(0, 3664, 3836)",False,True
522,4356,5,age,0.07421875,True,True,True,False,"(0, 5360, 5369)","(0, 5360, 5369)","(0, 5360, 5369)",False,True
523,4356,5,age,0.69921875,False,False,False,False,"(0, 5352, 5369)","(0, 5352, 5369)","(0, 5352, 5369)",False,True
524,4356,5,age,0.97265625,True,True,True,False,"(0, 5344, 5370)","(0, 5344, 5370)","(0, 5344, 5370)",False,True
525,4358,5,age,0.13671875,True,True,True,False,"(0, 3736, 3835)","(0, 3736, 3835)","(0, 3736, 3835)",False,True
526,4358,5,age,0.69921875,False,False,False,False,"(0, 3664, 3835)","(0, 3664, 3835)","(0, 3664, 3835)",False,True
527,4358,5,age,0.82421875,True,True,True,False,"(0, 3664, 3836)","(0, 3664, 3836)","(0, 3664, 3836)",False,True
528,4359,5,age,0.12109375,True,True,True,False,"(0, 3752, 3641)","(0, 3752, 3641)","(0, 3752, 3641)",False,True
529,4359,5,age,0.30078125,True,True,True,False,"(0, 3688, 3640)","(0, 3688, 3640)","(0, 3688, 3640)",False,True
530,4359,5,age,0.92578125,False,False,False,False,"(0, 3632, 3640)","(0, 3632, 3640)","(0, 3632, 3640)",False,True
531,4364,5,age,0.13671875,True,True,True,False,"(0, 3736, 3643)","(0, 3736, 3643)","(0, 3736, 3643)",False,True
532,4364,5,age,0.69921875,False,False,False,False,"(0, 3664, 3643)","(0, 3664, 3643)","(0, 3664, 3643)",False,True
533,4364,5,age,0.82421875,True,True,True,False,"(0, 3664, 3644)","(0, 3664, 3644)","(0, 3664, 3644)",False,True
534,4366,5,age,0.13671875,True,True,True,False,"(0, 3736, 3707)","(0, 3736, 3707)","(0, 3736, 3707)",False,True
535,4366,5,age,0.69921875,False,False,False,False,"(0, 3664, 3707)","(0, 3664, 3707)","(0, 3664, 3707)",False,True
536,4366,5,age,0.82421875,True,True,True,False,"(0, 3664, 3708)","(0, 3664, 3708)","(0, 3664, 3708)",False,True
537,4368,5,age,0.13671875,True,True,True,False,"(0, 3736, 3771)","(0, 3736, 3771)","(0, 3736, 3771)",False,True
538,4368,5,age,0.69921875,False,False,False,False,"(0, 3664, 3771)","(0, 3664, 3771)","(0, 3664, 3771)",False,True
539,4368,5,age,0.82421875,True,True,True,False,"(0, 3664, 3772)","(0, 3664, 3772)","(0, 3664, 3772)",False,True
540,4370,5,age,0.07421875,True,True,True,False,"(0, 5360, 5369)","(0, 5360, 5369)","(0, 5360, 5369)",False,True
541,4370,5,age,0.69921875,False,False,False,False,"(0, 5352, 5369)","(0, 5352, 5369)","(0, 5352, 5369)",False,True
542,4370,5,age,0.76171875,True,True,True,False,"(0, 5288, 5370)","(0, 5288, 5370)","(0, 5288, 5370)",False,True
543,4372,5,age,0.13671875,True,True,True,False,"(0, 3736, 3835)","(0, 3736, 3835)","(0, 3736, 3835)",False,True
544,4372,5,age,0.69921875,False,False,False,False,"(0, 3664, 3835)","(0, 3664, 3835)","(0, 3664, 3835)",False,True
545,4372,5,age,0.82421875,True,True,True,False,"(0, 3664, 3836)","(0, 3664, 3836)","(0, 3664, 3836)",False,True
546,4374,5,age,0.07421875,True,True,True,False,"(0, 5360, 5369)","(0, 5360, 5369)","(0, 5360, 5369)",False,True
547,4374,5,age,0.69921875,False,False,False,False,"(0, 5352, 5369)","(0, 5352, 5369)","(0, 5352, 5369)",False,True
548,4374,5,age,0.97265625,True,True,True,False,"(0, 5344, 5370)","(0, 5344, 5370)","(0, 5344, 5370)",False,True
549,4376,5,age,0.13671875,True,True,True,False,"(0, 3736, 3835)","(0, 3736, 3835)","(0, 3736, 3835)",False,True
550,4376,5,age,0.69921875,False,False,False,False,"(0, 3664, 3835)","(0, 3664, 3835)","(0, 3664, 3835)",False,True
551,4376,5,age,0.82421875,True,True,True,False,"(0, 3664, 3836)","(0, 3664, 3836)","(0, 3664, 3836)",False,True
552,4377,5,age,0.12109375,True,True,True,False,"(0, 25640, 25529)","(0, 25640, 25529)","(0, 25640, 25529)",False,True
553,4377,5,age,0.30078125,True,True,True,False,"(0, 25576, 25528)","(0, 25576, 25528)","(0, 25576, 25528)",False,True
554,4377,5,age,0.92578125,False,False,False,False,"(0, 25520, 25528)","(0, 25520, 25528)","(0, 25520, 25528)",False,True
555,4382,5,age,0.13671875,True,True,True,False,"(0, 25624, 25531)","(0, 25624, 25531)","(0, 25624, 25531)",False,True
556,4382,5,age,0.69921875,False,False,False,False,"(0, 25552, 25531)","(0, 25552, 25531)","(0, 25552, 25531)",False,True
557,4382,5,age,0.82421875,True,True,True,False,"(0, 25552, 25532)","(0, 25552, 25532)","(0, 25552, 25532)",False,True
558,4384,5,age,0.13671875,True,True,True,False,"(0, 25624, 25595)","(0, 25624, 25595)","(0, 25624, 25595)",False,True
559,4384,5,age,0.69921875,False,False,False,False,"(0, 25552, 25595)","(0, 25552, 25595)","(0, 25552, 25595)",False,True
560,4384,5,age,0.82421875,True,True,True,False,"(0, 25552, 25596)","(0, 25552, 25596)","(0, 25552, 25596)",False,True
561,4386,5,age,0.13671875,True,True,True,False,"(0, 25624, 25659)","(0, 25624, 25659)","(0, 25624, 25659)",False,True
562,4386,5,age,0.69921875,False,False,False,False,"(0, 25552, 25659)","(0, 25552, 25659)","(0, 25552, 25659)",False,True
563,4386,5,age,0.82421875,True,True,True,False,"(0, 25552, 25660)","(0, 25552, 25660)","(0, 25552, 25660)",False,True
564,4388,5,age,0.07421875,True,True,True,False,"(0, 27248, 27257)","(0, 27248, 27257)","(0, 27248, 27257)",False,True
565,4388,5,age,0.69921875,False,False,False,False,"(0, 27240, 27257)","(0, 27240, 27257)","(0, 27240, 27257)",False,True
566,4388,5,age,0.76171875,True,True,True,False,"(0, 27176, 27258)","(0, 27176, 27258)","(0, 27176, 27258)",False,True
567,4390,5,age,0.13671875,True,True,True,False,"(0, 25624, 25723)","(0, 25624, 25723)","(0, 25624, 25723)",False,True
568,4390,5,age,0.69921875,False,False,False,False,"(0, 25552, 25723)","(0, 25552, 25723)","(0, 25552, 25723)",False,True
569,4390,5,age,0.82421875,True,True,True,False,"(0, 25552, 25724)","(0, 25552, 25724)","(0, 25552, 25724)",False,True
570,4392,5,age,0.07421875,True,True,True,False,"(0, 27248, 27257)","(0, 27248, 27257)","(0, 27248, 27257)",False,True
571,4392,5,age,0.69921875,False,False,False,False,"(0, 27240, 27257)","(0, 27240, 27257)","(0, 27240, 27257)",False,True
572,4392,5,age,0.97265625,True,True,True,False,"(0, 27232, 27258)","(0, 27232, 27258)","(0, 27232, 27258)",False,True
573,4394,5,age,0.13671875,True,True,True,False,"(0, 25624, 25723)","(0, 25624, 25723)","(0, 25624, 25723)",False,True
574,4394,5,age,0.69921875,False,False,False,False,"(0, 25552, 25723)","(0, 25552, 25723)","(0, 25552, 25723)",False,True
575,4394,5,age,0.82421875,True,True,True,False,"(0, 25552, 25724)","(0, 25552, 25724)","(0, 25552, 25724)",False,True
576,4395,5,age,0.12109375,True,True,True,False,"(0, 26024, 25913)","(0, 26024, 25913)","(0, 26024, 25913)",False,True
577,4395,5,age,0.30078125,True,True,True,False,"(0, 25960, 25912)","(0, 25960, 25912)","(0, 25960, 25912)",False,True
578,4395,5,age,0.92578125,False,False,False,False,"(0, 25904, 25912)","(0, 25904, 25912)","(0, 25904, 25912)",False,True
579,4400,5,age,0.13671875,True,True,True,False,"(0, 26008, 25915)","(0, 26008, 25915)","(0, 26008, 25915)",False,True
580,4400,5,age,0.69921875,False,False,False,False,"(0, 25936, 25915)","(0, 25936, 25915)","(0, 25936, 25915)",False,True
581,4400,5,age,0.82421875,True,True,True,False,"(0, 25936, 25916)","(0, 25936, 25916)","(0, 25936, 25916)",False,True
582,4402,5,age,0.13671875,True,True,True,False,"(0, 26008, 25979)","(0, 26008, 25979)","(0, 26008, 25979)",False,True
583,4402,5,age,0.69921875,False,False,False,False,"(0, 25936, 25979)","(0, 25936, 25979)","(0, 25936, 25979)",False,True
584,4402,5,age,0.82421875,True,True,True,False,"(0, 25936, 25980)","(0, 25936, 25980)","(0, 25936, 25980)",False,True
585,4404,5,age,0.13671875,True,True,True,False,"(0, 26008, 26043)","(0, 26008, 26043)","(0, 26008, 26043)",False,True
586,4404,5,age,0.69921875,False,False,False,False,"(0, 25936, 26043)","(0, 25936, 26043)","(0, 25936, 26043)",False,True
587,4404,5,age,0.82421875,True,True,True,False,"(0, 25936, 26044)","(0, 25936, 26044)","(0, 25936, 26044)",False,True
588,4406,5,age,0.07421875,True,True,True,False,"(0, 27632, 27641)","(0, 27632, 27641)","(0, 27632, 27641)",False,True
589,4406,5,age,0.69921875,False,False,False,False,"(0, 27624, 27641)","(0, 27624, 27641)","(0, 27624, 27641)",False,True
590,4406,5,age,0.76171875,True,True,True,False,"(0, 27560, 27642)","(0, 27560, 27642)","(0, 27560, 27642)",False,True
591,4408,5,age,0.13671875,True,True,True,False,"(0, 26008, 26107)","(0, 26008, 26107)","(0, 26008, 26107)",False,True
592,4408,5,age,0.69921875,False,False,False,False,"(0, 25936, 26107)","(0, 25936, 26107)","(0, 25936, 26107)",False,True
593,4408,5,age,0.82421875,True,True,True,False,"(0, 25936, 26108)","(0, 25936, 26108)","(0, 25936, 26108)",False,True
594,4410,5,age,0.07421875,True,True,True,False,"(0, 27632, 27641)","(0, 27632, 27641)","(0, 27632, 27641)",False,True
595,4410,5,age,0.69921875,False,False,False,False,"(0, 27624, 27641)","(0, 27624, 27641)","(0, 27624, 27641)",False,True
596,4410,5,age,0.97265625,True,True,True,False,"(0, 27616, 27642)","(0, 27616, 27642)","(0, 27616, 27642)",False,True
597,4412,5,age,0.13671875,True,True,True,False,"(0, 26008, 26107)","(0, 26008, 26107)","(0, 26008, 26107)",False,True
598,4412,5,age,0.69921875,False,False,False,False,"(0, 25936, 26107)","(0, 25936, 26107)","(0, 25936, 26107)",False,True
599,4412,5,age,0.82421875,True,True,True,False,"(0, 25936, 26108)","(0, 25936, 26108)","(0, 25936, 26108)",False,True
600,4413,5,age,0.12109375,True,True,True,False,"(0, 4904, 4793)","(0, 4904, 4793)","(0, 4904, 4793)",False,True
601,4413,5,age,0.30078125,True,True,True,False,"(0, 4840, 4792)","(0, 4840, 4792)","(0, 4840, 4792)",False,True
602,4413,5,age,0.92578125,False,False,False,False,"(0, 4784, 4792)","(0, 4784, 4792)","(0, 4784, 4792)",False,True
603,4418,5,age,0.13671875,True,True,True,False,"(0, 4888, 4795)","(0, 4888, 4795)","(0, 4888, 4795)",False,True
604,4418,5,age,0.69921875,False,False,False,False,"(0, 4816, 4795)","(0, 4816, 4795)","(0, 4816, 4795)",False,True
605,4418,5,age,0.82421875,True,True,True,False,"(0, 4816, 4796)","(0, 4816, 4796)","(0, 4816, 4796)",False,True
606,4420,5,age,0.13671875,True,True,True,False,"(0, 4888, 4859)","(0, 4888, 4859)","(0, 4888, 4859)",False,True
607,4420,5,age,0.69921875,False,False,False,False,"(0, 4816, 4859)","(0, 4816, 4859)","(0, 4816, 4859)",False,True
608,4420,5,age,0.82421875,True,True,True,False,"(0, 4816, 4860)","(0, 4816, 4860)","(0, 4816, 4860)",False,True
609,4422,5,age,0.13671875,True,True,True,False,"(0, 4888, 4923)","(0, 4888, 4923)","(0, 4888, 4923)",False,True
610,4422,5,age,0.69921875,False,False,False,False,"(0, 4816, 4923)","(0, 4816, 4923)","(0, 4816, 4923)",False,True
611,4422,5,age,0.82421875,True,True,True,False,"(0, 4816, 4924)","(0, 4816, 4924)","(0, 4816, 4924)",False,True
612,4424,5,age,0.13671875,True,True,True,False,"(0, 4888, 4987)","(0, 4888, 4987)","(0, 4888, 4987)",False,True
613,4424,5,age,0.69921875,False,False,False,False,"(0, 4816, 4987)","(0, 4816, 4987)","(0, 4816, 4987)",False,True
614,4424,5,age,0.82421875,True,True,True,False,"(0, 4816, 4988)","(0, 4816, 4988)","(0, 4816, 4988)",False,True
615,4426,5,age,0.13671875,True,True,True,False,"(0, 4888, 4987)","(0, 4888, 4987)","(0, 4888, 4987)",False,True
616,4426,5,age,0.69921875,False,False,False,False,"(0, 4816, 4987)","(0, 4816, 4987)","(0, 4816, 4987)",False,True
617,4426,5,age,0.82421875,True,True,True,False,"(0, 4816, 4988)","(0, 4816, 4988)","(0, 4816, 4988)",False,True
618,4427,5,age,0.12109375,True,True,True,False,"(0, 5288, 5177)","(0, 5288, 5177)","(0, 5288, 5177)",False,True
619,4427,5,age,0.30078125,True,True,True,False,"(0, 5224, 5176)","(0, 5224, 5176)","(0, 5224, 5176)",False,True
620,4427,5,age,0.92578125,False,False,False,False,"(0, 5168, 5176)","(0, 5168, 5176)","(0, 5168, 5176)",False,True
621,4432,5,age,0.13671875,True,True,True,False,"(0, 5272, 5179)","(0, 5272, 5179)","(0, 5272, 5179)",False,True
622,4432,5,age,0.69921875,False,False,False,False,"(0, 5200, 5179)","(0, 5200, 5179)","(0, 5200, 5179)",False,True
623,4432,5,age,0.82421875,True,True,True,False,"(0, 5200, 5180)","(0, 5200, 5180)","(0, 5200, 5180)",False,True
624,4434,5,age,0.13671875,True,True,True,False,"(0, 5272, 5243)","(0, 5272, 5243)","(0, 5272, 5243)",False,True
625,4434,5,age,0.69921875,False,False,False,False,"(0, 5200, 5243)","(0, 5200, 5243)","(0, 5200, 5243)",False,True
626,4434,5,age,0.82421875,True,True,True,False,"(0, 5200, 5244)","(0, 5200, 5244)","(0, 5200, 5244)",False,True
627,4436,5,age,0.13671875,True,True,True,False,"(0, 5272, 5307)","(0, 5272, 5307)","(0, 5272, 5307)",False,True
628,4436,5,age,0.69921875,False,False,False,False,"(0, 5200, 5307)","(0, 5200, 5307)","(0, 5200, 5307)",False,True
629,4436,5,age,0.82421875,True,True,True,False,"(0, 5200, 5308)","(0, 5200, 5308)","(0, 5200, 5308)",False,True
630,4438,5,age,0.13671875,True,True,True,False,"(0, 5272, 5371)","(0, 5272, 5371)","(0, 5272, 5371)",False,True
631,4438,5,age,0.69921875,False,False,False,False,"(0, 5200, 5371)","(0, 5200, 5371)","(0, 5200, 5371)",False,True
632,4438,5,age,0.82421875,True,True,True,False,"(0, 5200, 5372)","(0, 5200, 5372)","(0, 5200, 5372)",False,True
633,4440,5,age,0.13671875,True,True,True,False,"(0, 5272, 5371)","(0, 5272, 5371)","(0, 5272, 5371)",False,True
634,4440,5,age,0.69921875,False,False,False,False,"(0, 5200, 5371)","(0, 5200, 5371)","(0, 5200, 5371)",False,True
635,4440,5,age,0.82421875,True,True,True,False,"(0, 5200, 5372)","(0, 5200, 5372)","(0, 5200, 5372)",False,True
636,4441,5,age,0.12109375,True,True,True,False,"(0, 5288, 5177)","(0, 5288, 5177)","(0, 5288, 5177)",False,True
637,4441,5,age,0.30078125,True,True,True,False,"(0, 5224, 5176)","(0, 5224, 5176)","(0, 5224, 5176)",False,True
638,4441,5,age,0.92578125,False,False,False,False,"(0, 5168, 5176)","(0, 5168, 5176)","(0, 5168, 5176)",False,True
639,4446,5,age,0.13671875,True,True,True,False,"(0, 5272, 5179)","(0, 5272, 5179)","(0, 5272, 5179)",False,True
640,4446,5,age,0.69921875,False,False,False,False,"(0, 5200, 5179)","(0, 5200, 5179)","(0, 5200, 5179)",False,True
641,4446,5,age,0.82421875,True,True,True,False,"(0, 5200, 5180)","(0, 5200, 5180)","(0, 5200, 5180)",False,True
642,4448,5,age,0.13671875,True,True,True,False,"(0, 5272, 5243)","(0, 5272, 5243)","(0, 5272, 5243)",False,True
643,4448,5,age,0.69921875,False,False,False,False,"(0, 5200, 5243)","(0, 5200, 5243)","(0, 5200, 5243)",False,True
644,4448,5,age,0.82421875,True,True,True,False,"(0, 5200, 5244)","(0, 5200, 5244)","(0, 5200, 5244)",False,True
645,4450,5,age,0.13671875,True,True,True,False,"(0, 5272, 5307)","(0, 5272, 5307)","(0, 5272, 5307)",False,True
646,4450,5,age,0.69921875,False,False,False,False,"(0, 5200, 5307)","(0, 5200, 5307)","(0, 5200, 5307)",False,True
647,4450,5,age,0.82421875,True,True,True,False,"(0, 5200, 5308)","(0, 5200, 5308)","(0, 5200, 5308)",False,True
648,4452,5,age,0.13671875,True,True,True,False,"(0, 5272, 5371)","(0, 5272, 5371)","(0, 5272, 5371)",False,True
649,4452,5,age,0.69921875,False,False,False,False,"(0, 5200, 5371)","(0, 5200, 5371)","(0, 5200, 5371)",False,True
650,4452,5,age,0.82421875,True,True,True,False,"(0, 5200, 5372)","(0, 5200, 5372)","(0, 5200, 5372)",False,True
651,4454,5,age,0.13671875,True,True,True,False,"(0, 5272, 5371)","(0, 5272, 5371)","(0, 5272, 5371)",False,True
652,4454,5,age,0.69921875,False,False,False,False,"(0, 5200, 5371)","(0, 5200, 5371)","(0, 5200, 5371)",False,True
653,4454,5,age,0.82421875,True,True,True,False,"(0, 5200, 5372)","(0, 5200, 5372)","(0, 5200, 5372)",False,True
654,4455,5,age,0.12109375,True,True,True,False,"(0, 27176, 27065)","(0, 27176, 27065)","(0, 27176, 27065)",False,True
655,4455,5,age,0.30078125,True,True,True,False,"(0, 27112, 27064)","(0, 27112, 27064)","(0, 27112, 27064)",False,True
656,4455,5,age,0.92578125,False,False,False,False,"(0, 27056, 27064)","(0, 27056, 27064)","(0, 27056, 27064)",False,True
657,4460,5,age,0.13671875,True,True,True,False,"(0, 27160, 27067)","(0, 27160, 27067)","(0, 27160, 27067)",False,True
658,4460,5,age,0.69921875,False,False,False,False,"(0, 27088, 27067)","(0, 27088, 27067)","(0, 27088, 27067)",False,True
659,4460,5,age,0.82421875,True,True,True,False,"(0, 27088, 27068)","(0, 27088, 27068)","(0, 27088, 27068)",False,True
660,4462,5,age,0.13671875,True,True,True,False,"(0, 27160, 27131)","(0, 27160, 27131)","(0, 27160, 27131)",False,True
661,4462,5,age,0.69921875,False,False,False,False,"(0, 27088, 27131)","(0, 27088, 27131)","(0, 27088, 27131)",False,True
662,4462,5,age,0.82421875,True,True,True,False,"(0, 27088, 27132)","(0, 27088, 27132)","(0, 27088, 27132)",False,True
663,4464,5,age,0.13671875,True,True,True,False,"(0, 27160, 27195)","(0, 27160, 27195)","(0, 27160, 27195)",False,True
664,4464,5,age,0.69921875,False,False,False,False,"(0, 27088, 27195)","(0, 27088, 27195)","(0, 27088, 27195)",False,True
665,4464,5,age,0.82421875,True,True,True,False,"(0, 27088, 27196)","(0, 27088, 27196)","(0, 27088, 27196)",False,True
666,4466,5,age,0.07421875,True,True,True,False,"(0, 28784, 28793)","(0, 28784, 28793)","(0, 28784, 28793)",False,True
667,4466,5,age,0.69921875,False,False,False,False,"(0, 28776, 28793)","(0, 28776, 28793)","(0, 28776, 28793)",False,True
668,4466,5,age,0.76171875,True,True,True,False,"(0, 28712, 28794)","(0, 28712, 28794)","(0, 28712, 28794)",False,True
669,4468,5,age,0.13671875,True,True,True,False,"(0, 27160, 27259)","(0, 27160, 27259)","(0, 27160, 27259)",False,True
670,4468,5,age,0.69921875,False,False,False,False,"(0, 27088, 27259)","(0, 27088, 27259)","(0, 27088, 27259)",False,True
671,4468,5,age,0.82421875,True,True,True,False,"(0, 27088, 27260)","(0, 27088, 27260)","(0, 27088, 27260)",False,True
672,4470,5,age,0.07421875,True,True,True,False,"(0, 28784, 28793)","(0, 28784, 28793)","(0, 28784, 28793)",False,True
673,4470,5,age,0.69921875,False,False,False,False,"(0, 28776, 28793)","(0, 28776, 28793)","(0, 28776, 28793)",False,True
674,4470,5,age,0.97265625,True,True,True,False,"(0, 28768, 28794)","(0, 28768, 28794)","(0, 28768, 28794)",False,True
675,4472,5,age,0.13671875,True,True,True,False,"(0, 27160, 27259)","(0, 27160, 27259)","(0, 27160, 27259)",False,True
676,4472,5,age,0.69921875,False,False,False,False,"(0, 27088, 27259)","(0, 27088, 27259)","(0, 27088, 27259)",False,True
677,4472,5,age,0.82421875,True,True,True,False,"(0, 27088, 27260)","(0, 27088, 27260)","(0, 27088, 27260)",False,True
678,4473,5,age,0.12109375,True,True,True,False,"(0, 27560, 27449)","(0, 27560, 27449)","(0, 27560, 27449)",False,True
679,4473,5,age,0.30078125,True,True,True,False,"(0, 27496, 27448)","(0, 27496, 27448)","(0, 27496, 27448)",False,True
680,4473,5,age,0.92578125,False,False,False,False,"(0, 27440, 27448)","(0, 27440, 27448)","(0, 27440, 27448)",False,True
681,4478,5,age,0.13671875,True,True,True,False,"(0, 27544, 27451)","(0, 27544, 27451)","(0, 27544, 27451)",False,True
682,4478,5,age,0.69921875,False,False,False,False,"(0, 27472, 27451)","(0, 27472, 27451)","(0, 27472, 27451)",False,True
683,4478,5,age,0.82421875,True,True,True,False,"(0, 27472, 27452)","(0, 27472, 27452)","(0, 27472, 27452)",False,True
684,4480,5,age,0.13671875,True,True,True,False,"(0, 27544, 27515)","(0, 27544, 27515)","(0, 27544, 27515)",False,True
685,4480,5,age,0.69921875,False,False,False,False,"(0, 27472, 27515)","(0, 27472, 27515)","(0, 27472, 27515)",False,True
686,4480,5,age,0.82421875,True,True,True,False,"(0, 27472, 27516)","(0, 27472, 27516)","(0, 27472, 27516)",False,True
687,4482,5,age,0.13671875,True,True,True,False,"(0, 27544, 27579)","(0, 27544, 27579)","(0, 27544, 27579)",False,True
688,4482,5,age,0.69921875,False,False,False,False,"(0, 27472, 27579)","(0, 27472, 27579)","(0, 27472, 27579)",False,True
689,4482,5,age,0.82421875,True,True,True,False,"(0, 27472, 27580)","(0, 27472, 27580)","(0, 27472, 27580)",False,True
690,4484,5,age,0.07421875,True,True,True,False,"(0, 29168, 29177)","(0, 29168, 29177)","(0, 29168, 29177)",False,True
691,4484,5,age,0.69921875,False,False,False,False,"(0, 29160, 29177)","(0, 29160, 29177)","(0, 29160, 29177)",False,True
692,4484,5,age,0.76171875,True,True,True,False,"(0, 29096, 29178)","(0, 29096, 29178)","(0, 29096, 29178)",False,True
693,4486,5,age,0.13671875,True,True,True,False,"(0, 27544, 27643)","(0, 27544, 27643)","(0, 27544, 27643)",False,True
694,4486,5,age,0.69921875,False,False,False,False,"(0, 27472, 27643)","(0, 27472, 27643)","(0, 27472, 27643)",False,True
695,4486,5,age,0.82421875,True,True,True,False,"(0, 27472, 27644)","(0, 27472, 27644)","(0, 27472, 27644)",False,True
696,4488,5,age,0.07421875,True,True,True,False,"(0, 29168, 29177)","(0, 29168, 29177)","(0, 29168, 29177)",False,True
697,4488,5,age,0.69921875,False,False,False,False,"(0, 29160, 29177)","(0, 29160, 29177)","(0, 29160, 29177)",False,True
698,4488,5,age,0.97265625,True,True,True,False,"(0, 29152, 29178)","(0, 29152, 29178)","(0, 29152, 29178)",False,True
699,4490,5,age,0.13671875,True,True,True,False,"(0, 27544, 27643)","(0, 27544, 27643)","(0, 27544, 27643)",False,True
700,4490,5,age,0.69921875,False,False,False,False,"(0, 27472, 27643)","(0, 27472, 27643)","(0, 27472, 27643)",False,True
701,4490,5,age,0.82421875,True,True,True,False,"(0, 27472, 27644)","(0, 27472, 27644)","(0, 27472, 27644)",False,True
702,4491,5,age,0.12109375,True,True,True,False,"(0, 28712, 28601)","(0, 28712, 28601)","(0, 28712, 28601)",False,True
703,4491,5,age,0.30078125,True,True,True,False,"(0, 28648, 28600)","(0, 28648, 28600)","(0, 28648, 28600)",False,True
704,4491,5,age,0.92578125,False,False,False,False,"(0, 28592, 28600)","(0, 28592, 28600)","(0, 28592, 28600)",False,True
705,4496,5,age,0.13671875,True,True,True,False,"(0, 28696, 28603)","(0, 28696, 28603)","(0, 28696, 28603)",False,True
706,4496,5,age,0.69921875,False,False,False,False,"(0, 28624, 28603)","(0, 28624, 28603)","(0, 28624, 28603)",False,True
707,4496,5,age,0.82421875,True,True,True,False,"(0, 28624, 28604)","(0, 28624, 28604)","(0, 28624, 28604)",False,True
708,4498,5,age,0.13671875,True,True,True,False,"(0, 28696, 28667)","(0, 28696, 28667)","(0, 28696, 28667)",False,True
709,4498,5,age,0.69921875,False,False,False,False,"(0, 28624, 28667)","(0, 28624, 28667)","(0, 28624, 28667)",False,True
710,4498,5,age,0.82421875,True,True,True,False,"(0, 28624, 28668)","(0, 28624, 28668)","(0, 28624, 28668)",False,True
711,4500,5,age,0.13671875,True,True,True,False,"(0, 28696, 28731)","(0, 28696, 28731)","(0, 28696, 28731)",False,True
712,4500,5,age,0.69921875,False,False,False,False,"(0, 28624, 28731)","(0, 28624, 28731)","(0, 28624, 28731)",False,True
713,4500,5,age,0.82421875,True,True,True,False,"(0, 28624, 28732)","(0, 28624, 28732)","(0, 28624, 28732)",False,True
714,4502,5,age,0.07421875,True,True,True,False,"(0, 30320, 30329)","(0, 30320, 30329)","(0, 30320, 30329)",False,True
715,4502,5,age,0.69921875,False,False,False,False,"(0, 30312, 30329)","(0, 30312, 30329)","(0, 30312, 30329)",False,True
716,4502,5,age,0.76171875,True,True,True,False,"(0, 30248, 30330)","(0, 30248, 30330)","(0, 30248, 30330)",False,True
717,4504,5,age,0.13671875,True,True,True,False,"(0, 28696, 28795)","(0, 28696, 28795)","(0, 28696, 28795)",False,True
718,4504,5,age,0.69921875,False,False,False,False,"(0, 28624, 28795)","(0, 28624, 28795)","(0, 28624, 28795)",False,True
719,4504,5,age,0.82421875,True,True,True,False,"(0, 28624, 28796)","(0, 28624, 28796)","(0, 28624, 28796)",False,True
720,4506,5,age,0.07421875,True,True,True,False,"(0, 30320, 30329)","(0, 30320, 30329)","(0, 30320, 30329)",False,True
721,4506,5,age,0.69921875,False,False,False,False,"(0, 30312, 30329)","(0, 30312, 30329)","(0, 30312, 30329)",False,True
722,4506,5,age,0.97265625,True,True,True,False,"(0, 30304, 30330)","(0, 30304, 30330)","(0, 30304, 30330)",False,True
723,4508,5,age,0.13671875,True,True,True,False,"(0, 28696, 28795)","(0, 28696, 28795)","(0, 28696, 28795)",False,True
724,4508,5,age,0.69921875,False,False,False,False,"(0, 28624, 28795)","(0, 28624, 28795)","(0, 28624, 28795)",False,True
725,4508,5,age,0.82421875,True,True,True,False,"(0, 28624, 28796)","(0, 28624, 28796)","(0, 28624, 28796)",False,True
726,4509,5,age,0.12109375,True,True,True,False,"(0, 29096, 28985)","(0, 29096, 28985)","(0, 29096, 28985)",False,True
727,4509,5,age,0.30078125,True,True,True,False,"(0, 29032, 28984)","(0, 29032, 28984)","(0, 29032, 28984)",False,True
728,4509,5,age,0.92578125,False,False,False,False,"(0, 28976, 28984)","(0, 28976, 28984)","(0, 28976, 28984)",False,True
729,4514,5,age,0.13671875,True,True,True,False,"(0, 29080, 28987)","(0, 29080, 28987)","(0, 29080, 28987)",False,True
730,4514,5,age,0.69921875,False,False,False,False,"(0, 29008, 28987)","(0, 29008, 28987)","(0, 29008, 28987)",False,True
731,4514,5,age,0.82421875,True,True,True,False,"(0, 29008, 28988)","(0, 29008, 28988)","(0, 29008, 28988)",False,True
732,4516,5,age,0.13671875,True,True,True,False,"(0, 29080, 29051)","(0, 29080, 29051)","(0, 29080, 29051)",False,True
733,4516,5,age,0.69921875,False,False,False,False,"(0, 29008, 29051)","(0, 29008, 29051)","(0, 29008, 29051)",False,True
734,4516,5,age,0.82421875,True,True,True,False,"(0, 29008, 29052)","(0, 29008, 29052)","(0, 29008, 29052)",False,True
735,4518,5,age,0.13671875,True,True,True,False,"(0, 29080, 29115)","(0, 29080, 29115)","(0, 29080, 29115)",False,True
736,4518,5,age,0.69921875,False,False,False,False,"(0, 29008, 29115)","(0, 29008, 29115)","(0, 29008, 29115)",False,True
737,4518,5,age,0.82421875,True,True,True,False,"(0, 29008, 29116)","(0, 29008, 29116)","(0, 29008, 29116)",False,True
738,4520,5,age,0.07421875,True,True,True,False,"(0, 30704, 30713)","(0, 30704, 30713)","(0, 30704, 30713)",False,True
739,4520,5,age,0.69921875,False,False,False,False,"(0, 30696, 30713)","(0, 30696, 30713)","(0, 30696, 30713)",False,True
740,4520,5,age,0.76171875,True,True,True,False,"(0, 30632, 30714)","(0, 30632, 30714)","(0, 30632, 30714)",False,True
741,4522,5,age,0.13671875,True,True,True,False,"(0, 29080, 29179)","(0, 29080, 29179)","(0, 29080, 29179)",False,True
742,4522,5,age,0.69921875,False,False,False,False,"(0, 29008, 29179)","(0, 29008, 29179)","(0, 29008, 29179)",False,True
743,4522,5,age,0.82421875,True,True,True,False,"(0, 29008, 29180)","(0, 29008, 29180)","(0, 29008, 29180)",False,True
744,4524,5,age,0.07421875,True,True,True,False,"(0, 30704, 30713)","(0, 30704, 30713)","(0, 30704, 30713)",False,True
745,4524,5,age,0.69921875,False,False,False,False,"(0, 30696, 30713)","(0, 30696, 30713)","(0, 30696, 30713)",False,True
746,4524,5,age,0.97265625,True,True,True,False,"(0, 30688, 30714)","(0, 30688, 30714)","(0, 30688, 30714)",False,True
747,4526,5,age,0.13671875,True,True,True,False,"(0, 29080, 29179)","(0, 29080, 29179)","(0, 29080, 29179)",False,True
748,4526,5,age,0.69921875,False,False,False,False,"(0, 29008, 29179)","(0, 29008, 29179)","(0, 29008, 29179)",False,True
749,4526,5,age,0.82421875,True,True,True,False,"(0, 29008, 29180)","(0, 29008, 29180)","(0, 29008, 29180)",False,True
750,4527,5,age,0.12109375,True,True,True,False,"(0, 30248, 30137)","(0, 30248, 30137)","(0, 30248, 30137)",False,True
751,4527,5,age,0.30078125,True,True,True,False,"(0, 30184, 30136)","(0, 30184, 30136)","(0, 30184, 30136)",False,True
752,4527,5,age,0.92578125,False,False,False,False,"(0, 30128, 30136)","(0, 30128, 30136)","(0, 30128, 30136)",False,True
753,4532,5,age,0.13671875,True,True,True,False,"(0, 30232, 30139)","(0, 30232, 30139)","(0, 30232, 30139)",False,True
754,4532,5,age,0.69921875,False,False,False,False,"(0, 30160, 30139)","(0, 30160, 30139)","(0, 30160, 30139)",False,True
755,4532,5,age,0.82421875,True,True,True,False,"(0, 30160, 30140)","(0, 30160, 30140)","(0, 30160, 30140)",False,True
756,4534,5,age,0.13671875,True,True,True,False,"(0, 30232, 30203)","(0, 30232, 30203)","(0, 30232, 30203)",False,True
757,4534,5,age,0.69921875,False,False,False,False,"(0, 30160, 30203)","(0, 30160, 30203)","(0, 30160, 30203)",False,True
758,4534,5,age,0.82421875,True,True,True,False,"(0, 30160, 30204)","(0, 30160, 30204)","(0, 30160, 30204)",False,True
759,4536,5,age,0.13671875,True,True,True,False,"(0, 30232, 30267)","(0, 30232, 30267)","(0, 30232, 30267)",False,True
760,4536,5,age,0.69921875,False,False,False,False,"(0, 30160, 30267)","(0, 30160, 30267)","(0, 30160, 30267)",False,True
761,4536,5,age,0.82421875,True,True,True,False,"(0, 30160, 30268)","(0, 30160, 30268)","(0, 30160, 30268)",False,True
762,4538,5,age,0.13671875,True,True,True,False,"(0, 30232, 30331)","(0, 30232, 30331)","(0, 30232, 30331)",False,True
763,4538,5,age,0.69921875,False,False,False,False,"(0, 30160, 30331)","(0, 30160, 30331)","(0, 30160, 30331)",False,True
764,4538,5,age,0.82421875,True,True,True,False,"(0, 30160, 30332)","(0, 30160, 30332)","(0, 30160, 30332)",False,True
765,4540,5,age,0.13671875,True,True,True,False,"(0, 30232, 30331)","(0, 30232, 30331)","(0, 30232, 30331)",False,True
766,4540,5,age,0.69921875,False,False,False,False,"(0, 30160, 30331)","(0, 30160, 30331)","(0, 30160, 30331)",False,True
767,4540,5,age,0.82421875,True,True,True,False,"(0, 30160, 30332)","(0, 30160, 30332)","(0, 30160, 30332)",False,True
768,4541,5,age,0.12109375,True,True,True,False,"(0, 30632, 30521)","(0, 30632, 30521)","(0, 30632, 30521)",False,True
769,4541,5,age,0.30078125,True,True,True,False,"(0, 30568, 30520)","(0, 30568, 30520)","(0, 30568, 30520)",False,True
770,4541,5,age,0.92578125,False,False,False,False,"(0, 30512, 30520)","(0, 30512, 30520)","(0, 30512, 30520)",False,True
771,4546,5,age,0.13671875,True,True,True,False,"(0, 30616, 30523)","(0, 30616, 30523)","(0, 30616, 30523)",False,True
772,4546,5,age,0.69921875,False,False,False,False,"(0, 30544, 30523)","(0, 30544, 30523)","(0, 30544, 30523)",False,True
773,4546,5,age,0.82421875,True,True,True,False,"(0, 30544, 30524)","(0, 30544, 30524)","(0, 30544, 30524)",False,True
774,4548,5,age,0.13671875,True,True,True,False,"(0, 30616, 30587)","(0, 30616, 30587)","(0, 30616, 30587)",False,True
775,4548,5,age,0.69921875,False,False,False,False,"(0, 30544, 30587)","(0, 30544, 30587)","(0, 30544, 30587)",False,True
776,4548,5,age,0.82421875,True,True,True,False,"(0, 30544, 30588)","(0, 30544, 30588)","(0, 30544, 30588)",False,True
777,4550,5,age,0.13671875,True,True,True,False,"(0, 30616, 30651)","(0, 30616, 30651)","(0, 30616, 30651)",False,True
778,4550,5,age,0.69921875,False,False,False,False,"(0, 30544, 30651)","(0, 30544, 30651)","(0, 30544, 30651)",False,True
779,4550,5,age,0.82421875,True,True,True,False,"(0, 30544, 30652)","(0, 30544, 30652)","(0, 30544, 30652)",False,True
780,4552,5,age,0.13671875,True,True,True,False,"(0, 30616, 30715)","(0, 30616, 30715)","(0, 30616, 30715)",False,True
781,4552,5,age,0.69921875,False,False,False,False,"(0, 30544, 30715)","(0, 30544, 30715)","(0, 30544, 30715)",False,True
782,4552,5,age,0.82421875,True,True,True,False,"(0, 30544, 30716)","(0, 30544, 30716)","(0, 30544, 30716)",False,True
783,4554,5,age,0.13671875,True,True,True,False,"(0, 30616, 30715)","(0, 30616, 30715)","(0, 30616, 30715)",False,True
784,4554,5,age,0.69921875,False,False,False,False,"(0, 30544, 30715)","(0, 30544, 30715)","(0, 30544, 30715)",False,True
785,4554,5,age,0.82421875,True,True,True,False,"(0, 30544, 30716)","(0, 30544, 30716)","(0, 30544, 30716)",False,True
786,4556,5,age,0.07421875,True,True,True,False,"(0, 23408, 23417)","(0, 23408, 23417)","(0, 23408, 23417)",False,True
787,4556,5,age,0.69921875,False,False,False,False,"(0, 23400, 23417)","(0, 23400, 23417)","(0, 23400, 23417)",False,True
788,4556,5,age,0.76171875,True,True,True,False,"(0, 23336, 23418)","(0, 23336, 23418)","(0, 23336, 23418)",False,True
789,4558,5,age,0.07421875,True,True,True,False,"(0, 23408, 23417)","(0, 23408, 23417)","(0, 23408, 23417)",False,True
790,4558,5,age,0.69921875,False,False,False,False,"(0, 23400, 23417)","(0, 23400, 23417)","(0, 23400, 23417)",False,True
791,4558,5,age,0.97265625,True,True,True,False,"(0, 23392, 23418)","(0, 23392, 23418)","(0, 23392, 23418)",False,True
792,4560,5,age,0.07421875,True,True,True,False,"(0, 23792, 23801)","(0, 23792, 23801)","(0, 23792, 23801)",False,True
793,4560,5,age,0.69921875,False,False,False,False,"(0, 23784, 23801)","(0, 23784, 23801)","(0, 23784, 23801)",False,True
794,4560,5,age,0.76171875,True,True,True,False,"(0, 23720, 23802)","(0, 23720, 23802)","(0, 23720, 23802)",False,True
795,4562,5,age,0.07421875,True,True,True,False,"(0, 23792, 23801)","(0, 23792, 23801)","(0, 23792, 23801)",False,True
796,4562,5,age,0.69921875,False,False,False,False,"(0, 23784, 23801)","(0, 23784, 23801)","(0, 23784, 23801)",False,True
797,4562,5,age,0.97265625,True,True,True,False,"(0, 23776, 23802)","(0, 23776, 23802)","(0, 23776, 23802)",False,True
798,4564,5,age,0.07421875,True,True,True,False,"(0, 23792, 23801)","(0, 23792, 23801)","(0, 23792, 23801)",False,True
799,4564,5,age,0.69921875,False,False,False,False,"(0, 23784, 23801)","(0, 23784, 23801)","(0, 23784, 23801)",False,True
800,4564,5,age,0.76171875,True,True,True,False,"(0, 23720, 23802)","(0, 23720, 23802)","(0, 23720, 23802)",False,True
801,4566,5,age,0.07421875,True,True,True,False,"(0, 23792, 23801)","(0, 23792, 23801)","(0, 23792, 23801)",False,True
802,4566,5,age,0.69921875,False,False,False,False,"(0, 23784, 23801)","(0, 23784, 23801)","(0, 23784, 23801)",False,True
803,4566,5,age,0.97265625,True,True,True,False,"(0, 23776, 23802)","(0, 23776, 23802)","(0, 23776, 23802)",False,True
804,4568,5,age,0.07421875,True,True,True,False,"(0, 45680, 45689)","(0, 45680, 45689)","(0, 45680, 45689)",False,True
805,4568,5,age,0.69921875,False,False,False,False,"(0, 45672, 45689)","(0, 45672, 45689)","(0, 45672, 45689)",False,True
806,4568,5,age,0.76171875,True,True,True,False,"(0, 45608, 45690)","(0, 45608, 45690)","(0, 45608, 45690)",False,True
807,4570,5,age,0.07421875,True,True,True,False,"(0, 45680, 45689)","(0, 45680, 45689)","(0, 45680, 45689)",False,True
808,4570,5,age,0.69921875,False,False,False,False,"(0, 45672, 45689)","(0, 45672, 45689)","(0, 45672, 45689)",False,True
809,4570,5,age,0.97265625,True,True,True,False,"(0, 45664, 45690)","(0, 45664, 45690)","(0, 45664, 45690)",False,True
810,4572,5,age,0.07421875,True,True,True,False,"(0, 46064, 46073)","(0, 46064, 46073)","(0, 46064, 46073)",False,True
811,4572,5,age,0.69921875,False,False,False,False,"(0, 46056, 46073)","(0, 46056, 46073)","(0, 46056, 46073)",False,True
812,4572,5,age,0.76171875,True,True,True,False,"(0, 45992, 46074)","(0, 45992, 46074)","(0, 45992, 46074)",False,True
813,4574,5,age,0.07421875,True,True,True,False,"(0, 46064, 46073)","(0, 46064, 46073)","(0, 46064, 46073)",False,True
814,4574,5,age,0.69921875,False,False,False,False,"(0, 46056, 46073)","(0, 46056, 46073)","(0, 46056, 46073)",False,True
815,4574,5,age,0.97265625,True,True,True,False,"(0, 46048, 46074)","(0, 46048, 46074)","(0, 46048, 46074)",False,True
816,4575,5,age,0.12109375,True,True,True,False,"(0, 23336, 23225)","(0, 23336, 23225)","(0, 23336, 23225)",False,True
817,4575,5,age,0.30078125,True,True,True,False,"(0, 23272, 23224)","(0, 23272, 23224)","(0, 23272, 23224)",False,True
818,4575,5,age,0.92578125,False,False,False,False,"(0, 23216, 23224)","(0, 23216, 23224)","(0, 23216, 23224)",False,True
819,4580,5,age,0.13671875,True,True,True,False,"(0, 23320, 23227)","(0, 23320, 23227)","(0, 23320, 23227)",False,True
820,4580,5,age,0.69921875,False,False,False,False,"(0, 23248, 23227)","(0, 23248, 23227)","(0, 23248, 23227)",False,True
821,4580,5,age,0.82421875,True,True,True,False,"(0, 23248, 23228)","(0, 23248, 23228)","(0, 23248, 23228)",False,True
822,4582,5,age,0.13671875,True,True,True,False,"(0, 23320, 23291)","(0, 23320, 23291)","(0, 23320, 23291)",False,True
823,4582,5,age,0.69921875,False,False,False,False,"(0, 23248, 23291)","(0, 23248, 23291)","(0, 23248, 23291)",False,True
824,4582,5,age,0.82421875,True,True,True,False,"(0, 23248, 23292)","(0, 23248, 23292)","(0, 23248, 23292)",False,True
825,4584,5,age,0.13671875,True,True,True,False,"(0, 23320, 23355)","(0, 23320, 23355)","(0, 23320, 23355)",False,True
826,4584,5,age,0.69921875,False,False,False,False,"(0, 23248, 23355)","(0, 23248, 23355)","(0, 23248, 23355)",False,True
827,4584,5,age,0.82421875,True,True,True,False,"(0, 23248, 23356)","(0, 23248, 23356)","(0, 23248, 23356)",False,True
828,4586,5,age,0.07421875,True,True,True,False,"(0, 24944, 24953)","(0, 24944, 24953)","(0, 24944, 24953)",False,True
829,4586,5,age,0.69921875,False,False,False,False,"(0, 24936, 24953)","(0, 24936, 24953)","(0, 24936, 24953)",False,True
830,4586,5,age,0.76171875,True,True,True,False,"(0, 24872, 24954)","(0, 24872, 24954)","(0, 24872, 24954)",False,True
831,4588,5,age,0.13671875,True,True,True,False,"(0, 23320, 23419)","(0, 23320, 23419)","(0, 23320, 23419)",False,True
832,4588,5,age,0.69921875,False,False,False,False,"(0, 23248, 23419)","(0, 23248, 23419)","(0, 23248, 23419)",False,True
833,4588,5,age,0.82421875,True,True,True,False,"(0, 23248, 23420)","(0, 23248, 23420)","(0, 23248, 23420)",False,True
834,4590,5,age,0.07421875,True,True,True,False,"(0, 24944, 24953)","(0, 24944, 24953)","(0, 24944, 24953)",False,True
835,4590,5,age,0.69921875,False,False,False,False,"(0, 24936, 24953)","(0, 24936, 24953)","(0, 24936, 24953)",False,True
836,4590,5,age,0.97265625,True,True,True,False,"(0, 24928, 24954)","(0, 24928, 24954)","(0, 24928, 24954)",False,True
837,4592,5,age,0.13671875,True,True,True,False,"(0, 23320, 23419)","(0, 23320, 23419)","(0, 23320, 23419)",False,True
838,4592,5,age,0.69921875,False,False,False,False,"(0, 23248, 23419)","(0, 23248, 23419)","(0, 23248, 23419)",False,True
839,4592,5,age,0.82421875,True,True,True,False,"(0, 23248, 23420)","(0, 23248, 23420)","(0, 23248, 23420)",False,True
840,4593,5,age,0.12109375,True,True,True,False,"(0, 23720, 23609)","(0, 23720, 23609)","(0, 23720, 23609)",False,True
841,4593,5,age,0.30078125,True,True,True,False,"(0, 23656, 23608)","(0, 23656, 23608)","(0, 23656, 23608)",False,True
842,4593,5,age,0.92578125,False,False,False,False,"(0, 23600, 23608)","(0, 23600, 23608)","(0, 23600, 23608)",False,True
843,4598,5,age,0.13671875,True,True,True,False,"(0, 23704, 23611)","(0, 23704, 23611)","(0, 23704, 23611)",False,True
844,4598,5,age,0.69921875,False,False,False,False,"(0, 23632, 23611)","(0, 23632, 23611)","(0, 23632, 23611)",False,True
845,4598,5,age,0.82421875,True,True,True,False,"(0, 23632, 23612)","(0, 23632, 23612)","(0, 23632, 23612)",False,True
846,4600,5,age,0.13671875,True,True,True,False,"(0, 23704, 23675)","(0, 23704, 23675)","(0, 23704, 23675)",False,True
847,4600,5,age,0.69921875,False,False,False,False,"(0, 23632, 23675)","(0, 23632, 23675)","(0, 23632, 23675)",False,True
848,4600,5,age,0.82421875,True,True,True,False,"(0, 23632, 23676)","(0, 23632, 23676)","(0, 23632, 23676)",False,True
849,4602,5,age,0.13671875,True,True,True,False,"(0, 23704, 23739)","(0, 23704, 23739)","(0, 23704, 23739)",False,True
850,4602,5,age,0.69921875,False,False,False,False,"(0, 23632, 23739)","(0, 23632, 23739)","(0, 23632, 23739)",False,True
851,4602,5,age,0.82421875,True,True,True,False,"(0, 23632, 23740)","(0, 23632, 23740)","(0, 23632, 23740)",False,True
852,4604,5,age,0.07421875,True,True,True,False,"(0, 25328, 25337)","(0, 25328, 25337)","(0, 25328, 25337)",False,True
853,4604,5,age,0.69921875,False,False,False,False,"(0, 25320, 25337)","(0, 25320, 25337)","(0, 25320, 25337)",False,True
854,4604,5,age,0.76171875,True,True,True,False,"(0, 25256, 25338)","(0, 25256, 25338)","(0, 25256, 25338)",False,True
855,4606,5,age,0.13671875,True,True,True,False,"(0, 23704, 23803)","(0, 23704, 23803)","(0, 23704, 23803)",False,True
856,4606,5,age,0.69921875,False,False,False,False,"(0, 23632, 23803)","(0, 23632, 23803)","(0, 23632, 23803)",False,True
857,4606,5,age,0.82421875,True,True,True,False,"(0, 23632, 23804)","(0, 23632, 23804)","(0, 23632, 23804)",False,True
858,4608,5,age,0.07421875,True,True,True,False,"(0, 25328, 25337)","(0, 25328, 25337)","(0, 25328, 25337)",False,True
859,4608,5,age,0.69921875,False,False,False,False,"(0, 25320, 25337)","(0, 25320, 25337)","(0, 25320, 25337)",False,True
860,4608,5,age,0.97265625,True,True,True,False,"(0, 25312, 25338)","(0, 25312, 25338)","(0, 25312, 25338)",False,True
861,4610,5,age,0.13671875,True,True,True,False,"(0, 23704, 23803)","(0, 23704, 23803)","(0, 23704, 23803)",False,True
862,4610,5,age,0.69921875,False,False,False,False,"(0, 23632, 23803)","(0, 23632, 23803)","(0, 23632, 23803)",False,True
863,4610,5,age,0.82421875,True,True,True,False,"(0, 23632, 23804)","(0, 23632, 23804)","(0, 23632, 23804)",False,True
864,4611,5,age,0.12109375,True,True,True,False,"(0, 23720, 23609)","(0, 23720, 23609)","(0, 23720, 23609)",False,True
865,4611,5,age,0.30078125,True,True,True,False,"(0, 23656, 23608)","(0, 23656, 23608)","(0, 23656, 23608)",False,True
866,4611,5,age,0.92578125,False,False,False,False,"(0, 23600, 23608)","(0, 23600, 23608)","(0, 23600, 23608)",False,True
867,4616,5,age,0.13671875,True,True,True,False,"(0, 23704, 23611)","(0, 23704, 23611)","(0, 23704, 23611)",False,True
868,4616,5,age,0.69921875,False,False,False,False,"(0, 23632, 23611)","(0, 23632, 23611)","(0, 23632, 23611)",False,True
869,4616,5,age,0.82421875,True,True,True,False,"(0, 23632, 23612)","(0, 23632, 23612)","(0, 23632, 23612)",False,True
870,4618,5,age,0.13671875,True,True,True,False,"(0, 23704, 23675)","(0, 23704, 23675)","(0, 23704, 23675)",False,True
871,4618,5,age,0.69921875,False,False,False,False,"(0, 23632, 23675)","(0, 23632, 23675)","(0, 23632, 23675)",False,True
872,4618,5,age,0.82421875,True,True,True,False,"(0, 23632, 23676)","(0, 23632, 23676)","(0, 23632, 23676)",False,True
873,4620,5,age,0.13671875,True,True,True,False,"(0, 23704, 23739)","(0, 23704, 23739)","(0, 23704, 23739)",False,True
874,4620,5,age,0.69921875,False,False,False,False,"(0, 23632, 23739)","(0, 23632, 23739)","(0, 23632, 23739)",False,True
875,4620,5,age,0.82421875,True,True,True,False,"(0, 23632, 23740)","(0, 23632, 23740)","(0, 23632, 23740)",False,True
876,4622,5,age,0.07421875,True,True,True,False,"(0, 25328, 25337)","(0, 25328, 25337)","(0, 25328, 25337)",False,True
877,4622,5,age,0.69921875,False,False,False,False,"(0, 25320, 25337)","(0, 25320, 25337)","(0, 25320, 25337)",False,True
878,4622,5,age,0.76171875,True,True,True,False,"(0, 25256, 25338)","(0, 25256, 25338)","(0, 25256, 25338)",False,True
879,4624,5,age,0.13671875,True,True,True,False,"(0, 23704, 23803)","(0, 23704, 23803)","(0, 23704, 23803)",False,True
880,4624,5,age,0.69921875,False,False,False,False,"(0, 23632, 23803)","(0, 23632, 23803)","(0, 23632, 23803)",False,True
881,4624,5,age,0.82421875,True,True,True,False,"(0, 23632, 23804)","(0, 23632, 23804)","(0, 23632, 23804)",False,True
882,4626,5,age,0.07421875,True,True,True,False,"(0, 25328, 25337)","(0, 25328, 25337)","(0, 25328, 25337)",False,True
883,4626,5,age,0.69921875,False,False,False,False,"(0, 25320, 25337)","(0, 25320, 25337)","(0, 25320, 25337)",False,True
884,4626,5,age,0.97265625,True,True,True,False,"(0, 25312, 25338)","(0, 25312, 25338)","(0, 25312, 25338)",False,True
885,4628,5,age,0.13671875,True,True,True,False,"(0, 23704, 23803)","(0, 23704, 23803)","(0, 23704, 23803)",False,True
886,4628,5,age,0.69921875,False,False,False,False,"(0, 23632, 23803)","(0, 23632, 23803)","(0, 23632, 23803)",False,True
887,4628,5,age,0.82421875,True,True,True,False,"(0, 23632, 23804)","(0, 23632, 23804)","(0, 23632, 23804)",False,True
888,4629,5,age,0.12109375,True,True,True,False,"(0, 45608, 45497)","(0, 45608, 45497)","(0, 45608, 45497)",False,True
889,4629,5,age,0.30078125,True,True,True,False,"(0, 45544, 45496)","(0, 45544, 45496)","(0, 45544, 45496)",False,True
890,4629,5,age,0.92578125,False,False,False,False,"(0, 45488, 45496)","(0, 45488, 45496)","(0, 45488, 45496)",False,True
891,4634,5,age,0.13671875,True,True,True,False,"(0, 45592, 45499)","(0, 45592, 45499)","(0, 45592, 45499)",False,True
892,4634,5,age,0.69921875,False,False,False,False,"(0, 45520, 45499)","(0, 45520, 45499)","(0, 45520, 45499)",False,True
893,4634,5,age,0.82421875,True,True,True,False,"(0, 45520, 45500)","(0, 45520, 45500)","(0, 45520, 45500)",False,True
894,4636,5,age,0.13671875,True,True,True,False,"(0, 45592, 45563)","(0, 45592, 45563)","(0, 45592, 45563)",False,True
895,4636,5,age,0.69921875,False,False,False,False,"(0, 45520, 45563)","(0, 45520, 45563)","(0, 45520, 45563)",False,True
896,4636,5,age,0.82421875,True,True,True,False,"(0, 45520, 45564)","(0, 45520, 45564)","(0, 45520, 45564)",False,True
897,4638,5,age,0.13671875,True,True,True,False,"(0, 45592, 45627)","(0, 45592, 45627)","(0, 45592, 45627)",False,True
898,4638,5,age,0.69921875,False,False,False,False,"(0, 45520, 45627)","(0, 45520, 45627)","(0, 45520, 45627)",False,True
899,4638,5,age,0.82421875,True,True,True,False,"(0, 45520, 45628)","(0, 45520, 45628)","(0, 45520, 45628)",False,True
900,4640,5,age,0.07421875,True,True,True,False,"(0, 47216, 47225)","(0, 47216, 47225)","(0, 47216, 47225)",False,True
901,4640,5,age,0.69921875,False,False,False,False,"(0, 47208, 47225)","(0, 47208, 47225)","(0, 47208, 47225)",False,True
902,4640,5,age,0.76171875,True,True,True,False,"(0, 47144, 47226)","(0, 47144, 47226)","(0, 47144, 47226)",False,True
903,4642,5,age,0.13671875,True,True,True,False,"(0, 45592, 45691)","(0, 45592, 45691)","(0, 45592, 45691)",False,True
904,4642,5,age,0.69921875,False,False,False,False,"(0, 45520, 45691)","(0, 45520, 45691)","(0, 45520, 45691)",False,True
905,4642,5,age,0.82421875,True,True,True,False,"(0, 45520, 45692)","(0, 45520, 45692)","(0, 45520, 45692)",False,True
906,4644,5,age,0.07421875,True,True,True,False,"(0, 47216, 47225)","(0, 47216, 47225)","(0, 47216, 47225)",False,True
907,4644,5,age,0.69921875,False,False,False,False,"(0, 47208, 47225)","(0, 47208, 47225)","(0, 47208, 47225)",False,True
908,4644,5,age,0.97265625,True,True,True,False,"(0, 47200, 47226)","(0, 47200, 47226)","(0, 47200, 47226)",False,True
909,4646,5,age,0.13671875,True,True,True,False,"(0, 45592, 45691)","(0, 45592, 45691)","(0, 45592, 45691)",False,True
910,4646,5,age,0.69921875,False,False,False,False,"(0, 45520, 45691)","(0, 45520, 45691)","(0, 45520, 45691)",False,True
911,4646,5,age,0.82421875,True,True,True,False,"(0, 45520, 45692)","(0, 45520, 45692)","(0, 45520, 45692)",False,True
912,4647,5,age,0.12109375,True,True,True,False,"(0, 45992, 45881)","(0, 45992, 45881)","(0, 45992, 45881)",False,True
913,4647,5,age,0.30078125,True,True,True,False,"(0, 45928, 45880)","(0, 45928, 45880)","(0, 45928, 45880)",False,True
914,4647,5,age,0.92578125,False,False,False,False,"(0, 45872, 45880)","(0, 45872, 45880)","(0, 45872, 45880)",False,True
915,4652,5,age,0.13671875,True,True,True,False,"(0, 45976, 45883)","(0, 45976, 45883)","(0, 45976, 45883)",False,True
916,4652,5,age,0.69921875,False,False,False,False,"(0, 45904, 45883)","(0, 45904, 45883)","(0, 45904, 45883)",False,True
917,4652,5,age,0.82421875,True,True,True,False,"(0, 45904, 45884)","(0, 45904, 45884)","(0, 45904, 45884)",False,True
918,4654,5,age,0.13671875,True,True,True,False,"(0, 45976, 45947)","(0, 45976, 45947)","(0, 45976, 45947)",False,True
919,4654,5,age,0.69921875,False,False,False,False,"(0, 45904, 45947)","(0, 45904, 45947)","(0, 45904, 45947)",False,True
920,4654,5,age,0.82421875,True,True,True,False,"(0, 45904, 45948)","(0, 45904, 45948)","(0, 45904, 45948)",False,True
921,4656,5,age,0.13671875,True,True,True,False,"(0, 45976, 46011)","(0, 45976, 46011)","(0, 45976, 46011)",False,True
922,4656,5,age,0.69921875,False,False,False,False,"(0, 45904, 46011)","(0, 45904, 46011)","(0, 45904, 46011)",False,True
923,4656,5,age,0.82421875,True,True,True,False,"(0, 45904, 46012)","(0, 45904, 46012)","(0, 45904, 46012)",False,True
924,4658,5,age,0.07421875,True,True,True,False,"(0, 47600, 47609)","(0, 47600, 47609)","(0, 47600, 47609)",False,True
925,4658,5,age,0.69921875,False,False,False,False,"(0, 47592, 47609)","(0, 47592, 47609)","(0, 47592, 47609)",False,True
926,4658,5,age,0.76171875,True,True,True,False,"(0, 47528, 47610)","(0, 47528, 47610)","(0, 47528, 47610)",False,True
927,4660,5,age,0.13671875,True,True,True,False,"(0, 45976, 46075)","(0, 45976, 46075)","(0, 45976, 46075)",False,True
928,4660,5,age,0.69921875,False,False,False,False,"(0, 45904, 46075)","(0, 45904, 46075)","(0, 45904, 46075)",False,True
929,4660,5,age,0.82421875,True,True,True,False,"(0, 45904, 46076)","(0, 45904, 46076)","(0, 45904, 46076)",False,True
930,4662,5,age,0.07421875,True,True,True,False,"(0, 47600, 47609)","(0, 47600, 47609)","(0, 47600, 47609)",False,True
931,4662,5,age,0.69921875,False,False,False,False,"(0, 47592, 47609)","(0, 47592, 47609)","(0, 47592, 47609)",False,True
932,4662,5,age,0.97265625,True,True,True,False,"(0, 47584, 47610)","(0, 47584, 47610)","(0, 47584, 47610)",False,True
933,4664,5,age,0.13671875,True,True,True,False,"(0, 45976, 46075)","(0, 45976, 46075)","(0, 45976, 46075)",False,True
934,4664,5,age,0.69921875,False,False,False,False,"(0, 45904, 46075)","(0, 45904, 46075)","(0, 45904, 46075)",False,True
935,4664,5,age,0.82421875,True,True,True,False,"(0, 45904, 46076)","(0, 45904, 46076)","(0, 45904, 46076)",False,True
936,4665,5,age,0.12109375,True,True,True,False,"(0, 24872, 24761)","(0, 24872, 24761)","(0, 24872, 24761)",False,True
937,4665,5,age,0.30078125,True,True,True,False,"(0, 24808, 24760)","(0, 24808, 24760)","(0, 24808, 24760)",False,True
938,4665,5,age,0.92578125,False,False,False,False,"(0, 24752, 24760)","(0, 24752, 24760)","(0, 24752, 24760)",False,True
939,4670,5,age,0.13671875,True,True,True,False,"(0, 24856, 24763)","(0, 24856, 24763)","(0, 24856, 24763)",False,True
940,4670,5,age,0.69921875,False,False,False,False,"(0, 24784, 24763)","(0, 24784, 24763)","(0, 24784, 24763)",False,True
941,4670,5,age,0.82421875,True,True,True,False,"(0, 24784, 24764)","(0, 24784, 24764)","(0, 24784, 24764)",False,True
942,4672,5,age,0.13671875,True,True,True,False,"(0, 24856, 24827)","(0, 24856, 24827)","(0, 24856, 24827)",False,True
943,4672,5,age,0.69921875,False,False,False,False,"(0, 24784, 24827)","(0, 24784, 24827)","(0, 24784, 24827)",False,True
944,4672,5,age,0.82421875,True,True,True,False,"(0, 24784, 24828)","(0, 24784, 24828)","(0, 24784, 24828)",False,True
945,4674,5,age,0.13671875,True,True,True,False,"(0, 24856, 24891)","(0, 24856, 24891)","(0, 24856, 24891)",False,True
946,4674,5,age,0.69921875,False,False,False,False,"(0, 24784, 24891)","(0, 24784, 24891)","(0, 24784, 24891)",False,True
947,4674,5,age,0.82421875,True,True,True,False,"(0, 24784, 24892)","(0, 24784, 24892)","(0, 24784, 24892)",False,True
948,4676,5,age,0.07421875,True,True,True,False,"(0, 26480, 26489)","(0, 26480, 26489)","(0, 26480, 26489)",False,True
949,4676,5,age,0.69921875,False,False,False,False,"(0, 26472, 26489)","(0, 26472, 26489)","(0, 26472, 26489)",False,True
950,4676,5,age,0.76171875,True,True,True,False,"(0, 26408, 26490)","(0, 26408, 26490)","(0, 26408, 26490)",False,True
951,4678,5,age,0.13671875,True,True,True,False,"(0, 24856, 24955)","(0, 24856, 24955)","(0, 24856, 24955)",False,True
952,4678,5,age,0.69921875,False,False,False,False,"(0, 24784, 24955)","(0, 24784, 24955)","(0, 24784, 24955)",False,True
953,4678,5,age,0.82421875,True,True,True,False,"(0, 24784, 24956)","(0, 24784, 24956)","(0, 24784, 24956)",False,True
954,4680,5,age,0.07421875,True,True,True,False,"(0, 26480, 26489)","(0, 26480, 26489)","(0, 26480, 26489)",False,True
955,4680,5,age,0.69921875,False,False,False,False,"(0, 26472, 26489)","(0, 26472, 26489)","(0, 26472, 26489)",False,True
956,4680,5,age,0.97265625,True,True,True,False,"(0, 26464, 26490)","(0, 26464, 26490)","(0, 26464, 26490)",False,True
957,4682,5,age,0.13671875,True,True,True,False,"(0, 24856, 24955)","(0, 24856, 24955)","(0, 24856, 24955)",False,True
958,4682,5,age,0.69921875,False,False,False,False,"(0, 24784, 24955)","(0, 24784, 24955)","(0, 24784, 24955)",False,True
959,4682,5,age,0.82421875,True,True,True,False,"(0, 24784, 24956)","(0, 24784, 24956)","(0, 24784, 24956)",False,True
960,4683,5,age,0.12109375,True,True,True,False,"(0, 25256, 25145)","(0, 25256, 25145)","(0, 25256, 25145)",False,True
961,4683,5,age,0.30078125,True,True,True,False,"(0, 25192, 25144)","(0, 25192, 25144)","(0, 25192, 25144)",False,True
962,4683,5,age,0.92578125,False,False,False,False,"(0, 25136, 25144)","(0, 25136, 25144)","(0, 25136, 25144)",False,True
963,4688,5,age,0.13671875,True,True,True,False,"(0, 25240, 25147)","(0, 25240, 25147)","(0, 25240, 25147)",False,True
964,4688,5,age,0.69921875,False,False,False,False,"(0, 25168, 25147)","(0, 25168, 25147)","(0, 25168, 25147)",False,True
965,4688,5,age,0.82421875,True,True,True,False,"(0, 25168, 25148)","(0, 25168, 25148)","(0, 25168, 25148)",False,True
966,4690,5,age,0.13671875,True,True,True,False,"(0, 25240, 25211)","(0, 25240, 25211)","(0, 25240, 25211)",False,True
967,4690,5,age,0.69921875,False,False,False,False,"(0, 25168, 25211)","(0, 25168, 25211)","(0, 25168, 25211)",False,True
968,4690,5,age,0.82421875,True,True,True,False,"(0, 25168, 25212)","(0, 25168, 25212)","(0, 25168, 25212)",False,True
969,4692,5,age,0.13671875,True,True,True,False,"(0, 25240, 25275)","(0, 25240, 25275)","(0, 25240, 25275)",False,True
970,4692,5,age,0.69921875,False,False,False,False,"(0, 25168, 25275)","(0, 25168, 25275)","(0, 25168, 25275)",False,True
971,4692,5,age,0.82421875,True,True,True,False,"(0, 25168, 25276)","(0, 25168, 25276)","(0, 25168, 25276)",False,True
972,4694,5,age,0.07421875,True,True,True,False,"(0, 26864, 26873)","(0, 26864, 26873)","(0, 26864, 26873)",False,True
973,4694,5,age,0.69921875,False,False,False,False,"(0, 26856, 26873)","(0, 26856, 26873)","(0, 26856, 26873)",False,True
974,4694,5,age,0.76171875,True,True,True,False,"(0, 26792, 26874)","(0, 26792, 26874)","(0, 26792, 26874)",False,True
975,4696,5,age,0.13671875,True,True,True,False,"(0, 25240, 25339)","(0, 25240, 25339)","(0, 25240, 25339)",False,True
976,4696,5,age,0.69921875,False,False,False,False,"(0, 25168, 25339)","(0, 25168, 25339)","(0, 25168, 25339)",False,True
977,4696,5,age,0.82421875,True,True,True,False,"(0, 25168, 25340)","(0, 25168, 25340)","(0, 25168, 25340)",False,True
978,4698,5,age,0.07421875,True,True,True,False,"(0, 26864, 26873)","(0, 26864, 26873)","(0, 26864, 26873)",False,True
979,4698,5,age,0.69921875,False,False,False,False,"(0, 26856, 26873)","(0, 26856, 26873)","(0, 26856, 26873)",False,True
980,4698,5,age,0.97265625,True,True,True,False,"(0, 26848, 26874)","(0, 26848, 26874)","(0, 26848, 26874)",False,True
981,4700,5,age,0.13671875,True,True,True,False,"(0, 25240, 25339)","(0, 25240, 25339)","(0, 25240, 25339)",False,True
982,4700,5,age,0.69921875,False,False,False,False,"(0, 25168, 25339)","(0, 25168, 25339)","(0, 25168, 25339)",False,True
983,4700,5,age,0.82421875,True,True,True,False,"(0, 25168, 25340)","(0, 25168, 25340)","(0, 25168, 25340)",False,True
984,4701,5,age,0.12109375,True,True,True,False,"(0, 25256, 25145)","(0, 25256, 25145)","(0, 25256, 25145)",False,True
985,4701,5,age,0.30078125,True,True,True,False,"(0, 25192, 25144)","(0, 25192, 25144)","(0, 25192, 25144)",False,True
986,4701,5,age,0.92578125,False,False,False,False,"(0, 25136, 25144)","(0, 25136, 25144)","(0, 25136, 25144)",False,True
987,4706,5,age,0.13671875,True,True,True,False,"(0, 25240, 25147)","(0, 25240, 25147)","(0, 25240, 25147)",False,True
988,4706,5,age,0.69921875,False,False,False,False,"(0, 25168, 25147)","(0, 25168, 25147)","(0, 25168, 25147)",False,True
989,4706,5,age,0.82421875,True,True,True,False,"(0, 25168, 25148)","(0, 25168, 25148)","(0, 25168, 25148)",False,True
990,4708,5,age,0.13671875,True,True,True,False,"(0, 25240, 25211)","(0, 25240, 25211)","(0, 25240, 25211)",False,True
991,4708,5,age,0.69921875,False,False,False,False,"(0, 25168, 25211)","(0, 25168, 25211)","(0, 25168, 25211)",False,True
992,4708,5,age,0.82421875,True,True,True,False,"(0, 25168, 25212)","(0, 25168, 25212)","(0, 25168, 25212)",False,True
993,4710,5,age,0.13671875,True,True,True,False,"(0, 25240, 25275)","(0, 25240, 25275)","(0, 25240, 25275)",False,True
994,4710,5,age,0.69921875,False,False,False,False,"(0, 25168, 25275)","(0, 25168, 25275)","(0, 25168, 25275)",False,True
995,4710,5,age,0.82421875,True,True,True,False,"(0, 25168, 25276)","(0, 25168, 25276)","(0, 25168, 25276)",False,True
996,4712,5,age,0.07421875,True,True,True,False,"(0, 26864, 26873)","(0, 26864, 26873)","(0, 26864, 26873)",False,True
997,4712,5,age,0.69921875,False,False,False,False,"(0, 26856, 26873)","(0, 26856, 26873)","(0, 26856, 26873)",False,True
998,4712,5,age,0.76171875,True,True,True,False,"(0, 26792, 26874)","(0, 26792, 26874)","(0, 26792, 26874)",False,True
999,4714,5,age,0.13671875,True,True,True,False,"(0, 25240, 25339)","(0, 25240, 25339)","(0, 25240, 25339)",False,True
1000,4714,5,age,0.69921875,False,False,False,False,"(0, 25168, 25339)","(0, 25168, 25339)","(0, 25168, 25339)",False,True
1001,4714,5,age,0.82421875,True,True,True,False,"(0, 25168, 25340)","(0, 25168, 25340)","(0, 25168, 25340)",False,True
1002,4716,5,age,0.07421875,True,True,True,False,"(0, 26864, 26873)","(0, 26864, 26873)","(0, 26864, 26873)",False,True
1003,4716,5,age,0.69921875,False,False,False,False,"(0, 26856, 26873)","(0, 26856, 26873)","(0, 26856, 26873)",False,True
1004,4716,5,age,0.97265625,True,True,True,False,"(0, 26848, 26874)","(0, 26848, 26874)","(0, 26848, 26874)",False,True
1005,4718,5,age,0.13671875,True,True,True,False,"(0, 25240, 25339)","(0, 25240, 25339)","(0, 25240, 25339)",False,True
1006,4718,5,age,0.69921875,False,False,False,False,"(0, 25168, 25339)","(0, 25168, 25339)","(0, 25168, 25339)",False,True
1007,4718,5,age,0.82421875,True,True,True,False,"(0, 25168, 25340)","(0, 25168, 25340)","(0, 25168, 25340)",False,True
1008,4719,5,age,0.12109375,True,True,True,False,"(0, 47144, 47033)","(0, 47144, 47033)","(0, 47144, 47033)",False,True
1009,4719,5,age,0.30078125,True,True,True,False,"(0, 47080, 47032)","(0, 47080, 47032)","(0, 47080, 47032)",False,True
1010,4719,5,age,0.92578125,False,False,False,False,"(0, 47024, 47032)","(0, 47024, 47032)","(0, 47024, 47032)",False,True
1011,4724,5,age,0.13671875,True,True,True,False,"(0, 47128, 47035)","(0, 47128, 47035)","(0, 47128, 47035)",False,True
1012,4724,5,age,0.69921875,False,False,False,False,"(0, 47056, 47035)","(0, 47056, 47035)","(0, 47056, 47035)",False,True
1013,4724,5,age,0.82421875,True,True,True,False,"(0, 47056, 47036)","(0, 47056, 47036)","(0, 47056, 47036)",False,True
1014,4726,5,age,0.13671875,True,True,True,False,"(0, 47128, 47099)","(0, 47128, 47099)","(0, 47128, 47099)",False,True
1015,4726,5,age,0.69921875,False,False,False,False,"(0, 47056, 47099)","(0, 47056, 47099)","(0, 47056, 47099)",False,True
1016,4726,5,age,0.82421875,True,True,True,False,"(0, 47056, 47100)","(0, 47056, 47100)","(0, 47056, 47100)",False,True
1017,4728,5,age,0.13671875,True,True,True,False,"(0, 47128, 47163)","(0, 47128, 47163)","(0, 47128, 47163)",False,True
1018,4728,5,age,0.69921875,False,False,False,False,"(0, 47056, 47163)","(0, 47056, 47163)","(0, 47056, 47163)",False,True
1019,4728,5,age,0.82421875,True,True,True,False,"(0, 47056, 47164)","(0, 47056, 47164)","(0, 47056, 47164)",False,True
1020,4730,5,age,0.07421875,True,True,True,False,"(0, 48752, 48761)","(0, 48752, 48761)","(0, 48752, 48761)",False,True
1021,4730,5,age,0.69921875,False,False,False,False,"(0, 48744, 48761)","(0, 48744, 48761)","(0, 48744, 48761)",False,True
1022,4730,5,age,0.76171875,True,True,True,False,"(0, 48680, 48762)","(0, 48680, 48762)","(0, 48680, 48762)",False,True
1023,4732,5,age,0.13671875,True,True,True,False,"(0, 47128, 47227)","(0, 47128, 47227)","(0, 47128, 47227)",False,True
1024,4732,5,age,0.69921875,False,False,False,False,"(0, 47056, 47227)","(0, 47056, 47227)","(0, 47056, 47227)",False,True
1025,4732,5,age,0.82421875,True,True,True,False,"(0, 47056, 47228)","(0, 47056, 47228)","(0, 47056, 47228)",False,True
1026,4734,5,age,0.07421875,True,True,True,False,"(0, 48752, 48761)","(0, 48752, 48761)","(0, 48752, 48761)",False,True
1027,4734,5,age,0.69921875,False,False,False,False,"(0, 48744, 48761)","(0, 48744, 48761)","(0, 48744, 48761)",False,True
1028,4734,5,age,0.97265625,True,True,True,False,"(0, 48736, 48762)","(0, 48736, 48762)","(0, 48736, 48762)",False,True
1029,4736,5,age,0.13671875,True,True,True,False,"(0, 47128, 47227)","(0, 47128, 47227)","(0, 47128, 47227)",False,True
1030,4736,5,age,0.69921875,False,False,False,False,"(0, 47056, 47227)","(0, 47056, 47227)","(0, 47056, 47227)",False,True
1031,4736,5,age,0.82421875,True,True,True,False,"(0, 47056, 47228)","(0, 47056, 47228)","(0, 47056, 47228)",False,True
1032,4737,5,age,0.12109375,True,True,True,False,"(0, 47528, 47417)","(0, 47528, 47417)","(0, 47528, 47417)",False,True
1033,4737,5,age,0.30078125,True,True,True,False,"(0, 47464, 47416)","(0, 47464, 47416)","(0, 47464, 47416)",False,True
1034,4737,5,age,0.92578125,False,False,False,False,"(0, 47408, 47416)","(0, 47408, 47416)","(0, 47408, 47416)",False,True
1035,4742,5,age,0.13671875,True,True,True,False,"(0, 47512, 47419)","(0, 47512, 47419)","(0, 47512, 47419)",False,True
1036,4742,5,age,0.69921875,False,False,False,False,"(0, 47440, 47419)","(0, 47440, 47419)","(0, 47440, 47419)",False,True
1037,4742,5,age,0.82421875,True,True,True,False,"(0, 47440, 47420)","(0, 47440, 47420)","(0, 47440, 47420)",False,True
1038,4744,5,age,0.13671875,True,True,True,False,"(0, 47512, 47483)","(0, 47512, 47483)","(0, 47512, 47483)",False,True
1039,4744,5,age,0.69921875,False,False,False,False,"(0, 47440, 47483)","(0, 47440, 47483)","(0, 47440, 47483)",False,True
1040,4744,5,age,0.82421875,True,True,True,False,"(0, 47440, 47484)","(0, 47440, 47484)","(0, 47440, 47484)",False,True
1041,4746,5,age,0.13671875,True,True,True,False,"(0, 47512, 47547)","(0, 47512, 47547)","(0, 47512, 47547)",False,True
1042,4746,5,age,0.69921875,False,False,False,False,"(0, 47440, 47547)","(0, 47440, 47547)","(0, 47440, 47547)",False,True
1043,4746,5,age,0.82421875,True,True,True,False,"(0, 47440, 47548)","(0, 47440, 47548)","(0, 47440, 47548)",False,True
1044,4748,5,age,0.07421875,True,True,True,False,"(0, 49136, 49145)","(0, 49136, 49145)","(0, 49136, 49145)",False,True
1045,4748,5,age,0.69921875,False,False,False,False,"(0, 49128, 49145)","(0, 49128, 49145)","(0, 49128, 49145)",False,True
1046,4748,5,age,0.76171875,True,True,True,False,"(0, 49064, 49146)","(0, 49064, 49146)","(0, 49064, 49146)",False,True
1047,4750,5,age,0.13671875,True,True,True,False,"(0, 47512, 47611)","(0, 47512, 47611)","(0, 47512, 47611)",False,True
1048,4750,5,age,0.69921875,False,False,False,False,"(0, 47440, 47611)","(0, 47440, 47611)","(0, 47440, 47611)",False,True
1049,4750,5,age,0.82421875,True,True,True,False,"(0, 47440, 47612)","(0, 47440, 47612)","(0, 47440, 47612)",False,True
1050,4752,5,age,0.07421875,True,True,True,False,"(0, 49136, 49145)","(0, 49136, 49145)","(0, 49136, 49145)",False,True
1051,4752,5,age,0.69921875,False,False,False,False,"(0, 49128, 49145)","(0, 49128, 49145)","(0, 49128, 49145)",False,True
1052,4752,5,age,0.97265625,True,True,True,False,"(0, 49120, 49146)","(0, 49120, 49146)","(0, 49120, 49146)",False,True
1053,4754,5,age,0.13671875,True,True,True,False,"(0, 47512, 47611)","(0, 47512, 47611)","(0, 47512, 47611)",False,True
1054,4754,5,age,0.69921875,False,False,False,False,"(0, 47440, 47611)","(0, 47440, 47611)","(0, 47440, 47611)",False,True
1055,4754,5,age,0.82421875,True,True,True,False,"(0, 47440, 47612)","(0, 47440, 47612)","(0, 47440, 47612)",False,True
1056,4755,5,age,0.12109375,True,True,True,False,"(0, 26408, 26297)","(0, 26408, 26297)","(0, 26408, 26297)",False,True
1057,4755,5,age,0.30078125,True,True,True,False,"(0, 26344, 26296)","(0, 26344, 26296)","(0, 26344, 26296)",False,True
1058,4755,5,age,0.92578125,False,False,False,False,"(0, 26288, 26296)","(0, 26288, 26296)","(0, 26288, 26296)",False,True
1059,4760,5,age,0.13671875,True,True,True,False,"(0, 26392, 26299)","(0, 26392, 26299)","(0, 26392, 26299)",False,True
1060,4760,5,age,0.69921875,False,False,False,False,"(0, 26320, 26299)","(0, 26320, 26299)","(0, 26320, 26299)",False,True
1061,4760,5,age,0.82421875,True,True,True,False,"(0, 26320, 26300)","(0, 26320, 26300)","(0, 26320, 26300)",False,True
1062,4762,5,age,0.13671875,True,True,True,False,"(0, 26392, 26363)","(0, 26392, 26363)","(0, 26392, 26363)",False,True
1063,4762,5,age,0.69921875,False,False,False,False,"(0, 26320, 26363)","(0, 26320, 26363)","(0, 26320, 26363)",False,True
1064,4762,5,age,0.82421875,True,True,True,False,"(0, 26320, 26364)","(0, 26320, 26364)","(0, 26320, 26364)",False,True
1065,4764,5,age,0.13671875,True,True,True,False,"(0, 26392, 26427)","(0, 26392, 26427)","(0, 26392, 26427)",False,True
1066,4764,5,age,0.69921875,False,False,False,False,"(0, 26320, 26427)","(0, 26320, 26427)","(0, 26320, 26427)",False,True
1067,4764,5,age,0.82421875,True,True,True,False,"(0, 26320, 26428)","(0, 26320, 26428)","(0, 26320, 26428)",False,True
1068,4766,5,age,0.07421875,True,True,True,False,"(0, 28016, 28025)","(0, 28016, 28025)","(0, 28016, 28025)",False,True
1069,4766,5,age,0.69921875,False,False,False,False,"(0, 28008, 28025)","(0, 28008, 28025)","(0, 28008, 28025)",False,True
1070,4766,5,age,0.76171875,True,True,True,False,"(0, 27944, 28026)","(0, 27944, 28026)","(0, 27944, 28026)",False,True
1071,4768,5,age,0.13671875,True,True,True,False,"(0, 26392, 26491)","(0, 26392, 26491)","(0, 26392, 26491)",False,True
1072,4768,5,age,0.69921875,False,False,False,False,"(0, 26320, 26491)","(0, 26320, 26491)","(0, 26320, 26491)",False,True
1073,4768,5,age,0.82421875,True,True,True,False,"(0, 26320, 26492)","(0, 26320, 26492)","(0, 26320, 26492)",False,True
1074,4770,5,age,0.07421875,True,True,True,False,"(0, 28016, 28025)","(0, 28016, 28025)","(0, 28016, 28025)",False,True
1075,4770,5,age,0.69921875,False,False,False,False,"(0, 28008, 28025)","(0, 28008, 28025)","(0, 28008, 28025)",False,True
1076,4770,5,age,0.97265625,True,True,True,False,"(0, 28000, 28026)","(0, 28000, 28026)","(0, 28000, 28026)",False,True
1077,4772,5,age,0.13671875,True,True,True,False,"(0, 26392, 26491)","(0, 26392, 26491)","(0, 26392, 26491)",False,True
1078,4772,5,age,0.69921875,False,False,False,False,"(0, 26320, 26491)","(0, 26320, 26491)","(0, 26320, 26491)",False,True
1079,4772,5,age,0.82421875,True,True,True,False,"(0, 26320, 26492)","(0, 26320, 26492)","(0, 26320, 26492)",False,True
1080,4773,5,age,0.12109375,True,True,True,False,"(0, 26792, 26681)","(0, 26792, 26681)","(0, 26792, 26681)",False,True
1081,4773,5,age,0.30078125,True,True,True,False,"(0, 26728, 26680)","(0, 26728, 26680)","(0, 26728, 26680)",False,True
1082,4773,5,age,0.92578125,False,False,False,False,"(0, 26672, 26680)","(0, 26672, 26680)","(0, 26672, 26680)",False,True
1083,4778,5,age,0.13671875,True,True,True,False,"(0, 26776, 26683)","(0, 26776, 26683)","(0, 26776, 26683)",False,True
1084,4778,5,age,0.69921875,False,False,False,False,"(0, 26704, 26683)","(0, 26704, 26683)","(0, 26704, 26683)",False,True
1085,4778,5,age,0.82421875,True,True,True,False,"(0, 26704, 26684)","(0, 26704, 26684)","(0, 26704, 26684)",False,True
1086,4780,5,age,0.13671875,True,True,True,False,"(0, 26776, 26747)","(0, 26776, 26747)","(0, 26776, 26747)",False,True
1087,4780,5,age,0.69921875,False,False,False,False,"(0, 26704, 26747)","(0, 26704, 26747)","(0, 26704, 26747)",False,True
1088,4780,5,age,0.82421875,True,True,True,False,"(0, 26704, 26748)","(0, 26704, 26748)","(0, 26704, 26748)",False,True
1089,4782,5,age,0.13671875,True,True,True,False,"(0, 26776, 26811)","(0, 26776, 26811)","(0, 26776, 26811)",False,True
1090,4782,5,age,0.69921875,False,False,False,False,"(0, 26704, 26811)","(0, 26704, 26811)","(0, 26704, 26811)",False,True
1091,4782,5,age,0.82421875,True,True,True,False,"(0, 26704, 26812)","(0, 26704, 26812)","(0, 26704, 26812)",False,True
1092,4784,5,age,0.07421875,True,True,True,False,"(0, 28400, 28409)","(0, 28400, 28409)","(0, 28400, 28409)",False,True
1093,4784,5,age,0.69921875,False,False,False,False,"(0, 28392, 28409)","(0, 28392, 28409)","(0, 28392, 28409)",False,True
1094,4784,5,age,0.76171875,True,True,True,False,"(0, 28328, 28410)","(0, 28328, 28410)","(0, 28328, 28410)",False,True
1095,4786,5,age,0.13671875,True,True,True,False,"(0, 26776, 26875)","(0, 26776, 26875)","(0, 26776, 26875)",False,True
1096,4786,5,age,0.69921875,False,False,False,False,"(0, 26704, 26875)","(0, 26704, 26875)","(0, 26704, 26875)",False,True
1097,4786,5,age,0.82421875,True,True,True,False,"(0, 26704, 26876)","(0, 26704, 26876)","(0, 26704, 26876)",False,True
1098,4788,5,age,0.07421875,True,True,True,False,"(0, 28400, 28409)","(0, 28400, 28409)","(0, 28400, 28409)",False,True
1099,4788,5,age,0.69921875,False,False,False,False,"(0, 28392, 28409)","(0, 28392, 28409)","(0, 28392, 28409)",False,True
1100,4788,5,age,0.97265625,True,True,True,False,"(0, 28384, 28410)","(0, 28384, 28410)","(0, 28384, 28410)",False,True
1101,4790,5,age,0.13671875,True,True,True,False,"(0, 26776, 26875)","(0, 26776, 26875)","(0, 26776, 26875)",False,True
1102,4790,5,age,0.69921875,False,False,False,False,"(0, 26704, 26875)","(0, 26704, 26875)","(0, 26704, 26875)",False,True
1103,4790,5,age,0.82421875,True,True,True,False,"(0, 26704, 26876)","(0, 26704, 26876)","(0, 26704, 26876)",False,True
1104,4791,5,age,0.12109375,True,True,True,False,"(0, 26792, 26681)","(0, 26792, 26681)","(0, 26792, 26681)",False,True
1105,4791,5,age,0.30078125,True,True,True,False,"(0, 26728, 26680)","(0, 26728, 26680)","(0, 26728, 26680)",False,True
1106,4791,5,age,0.92578125,False,False,False,False,"(0, 26672, 26680)","(0, 26672, 26680)","(0, 26672, 26680)",False,True
1107,4796,5,age,0.13671875,True,True,True,False,"(0, 26776, 26683)","(0, 26776, 26683)","(0, 26776, 26683)",False,True
1108,4796,5,age,0.69921875,False,False,False,False,"(0, 26704, 26683)","(0, 26704, 26683)","(0, 26704, 26683)",False,True
1109,4796,5,age,0.82421875,True,True,True,False,"(0, 26704, 26684)","(0, 26704, 26684)","(0, 26704, 26684)",False,True
1110,4798,5,age,0.13671875,True,True,True,False,"(0, 26776, 26747)","(0, 26776, 26747)","(0, 26776, 26747)",False,True
1111,4798,5,age,0.69921875,False,False,False,False,"(0, 26704, 26747)","(0, 26704, 26747)","(0, 26704, 26747)",False,True
1112,4798,5,age,0.82421875,True,True,True,False,"(0, 26704, 26748)","(0, 26704, 26748)","(0, 26704, 26748)",False,True
1113,4800,5,age,0.13671875,True,True,True,False,"(0, 26776, 26811)","(0, 26776, 26811)","(0, 26776, 26811)",False,True
1114,4800,5,age,0.69921875,False,False,False,False,"(0, 26704, 26811)","(0, 26704, 26811)","(0, 26704, 26811)",False,True
1115,4800,5,age,0.82421875,True,True,True,False,"(0, 26704, 26812)","(0, 26704, 26812)","(0, 26704, 26812)",False,True
1116,4802,5,age,0.07421875,True,True,True,False,"(0, 28400, 28409)","(0, 28400, 28409)","(0, 28400, 28409)",False,True
1117,4802,5,age,0.69921875,False,False,False,False,"(0, 28392, 28409)","(0, 28392, 28409)","(0, 28392, 28409)",False,True
1118,4802,5,age,0.76171875,True,True,True,False,"(0, 28328, 28410)","(0, 28328, 28410)","(0, 28328, 28410)",False,True
1119,4804,5,age,0.13671875,True,True,True,False,"(0, 26776, 26875)","(0, 26776, 26875)","(0, 26776, 26875)",False,True
1120,4804,5,age,0.69921875,False,False,False,False,"(0, 26704, 26875)","(0, 26704, 26875)","(0, 26704, 26875)",False,True
1121,4804,5,age,0.82421875,True,True,True,False,"(0, 26704, 26876)","(0, 26704, 26876)","(0, 26704, 26876)",False,True
1122,4806,5,age,0.07421875,True,True,True,False,"(0, 28400, 28409)","(0, 28400, 28409)","(0, 28400, 28409)",False,True
1123,4806,5,age,0.69921875,False,False,False,False,"(0, 28392, 28409)","(0, 28392, 28409)","(0, 28392, 28409)",False,True
1124,4806,5,age,0.97265625,True,True,True,False,"(0, 28384, 28410)","(0, 28384, 28410)","(0, 28384, 28410)",False,True
1125,4808,5,age,0.13671875,True,True,True,False,"(0, 26776, 26875)","(0, 26776, 26875)","(0, 26776, 26875)",False,True
1126,4808,5,age,0.69921875,False,False,False,False,"(0, 26704, 26875)","(0, 26704, 26875)","(0, 26704, 26875)",False,True
1127,4808,5,age,0.82421875,True,True,True,False,"(0, 26704, 26876)","(0, 26704, 26876)","(0, 26704, 26876)",False,True
1128,4809,5,age,0.12109375,True,True,True,False,"(0, 48680, 48569)","(0, 48680, 48569)","(0, 48680, 48569)",False,True
1129,4809,5,age,0.30078125,True,True,True,False,"(0, 48616, 48568)","(0, 48616, 48568)","(0, 48616, 48568)",False,True
1130,4809,5,age,0.92578125,False,False,False,False,"(0, 48560, 48568)","(0, 48560, 48568)","(0, 48560, 48568)",False,True
1131,4814,5,age,0.13671875,True,True,True,False,"(0, 48664, 48571)","(0, 48664, 48571)","(0, 48664, 48571)",False,True
1132,4814,5,age,0.69921875,False,False,False,False,"(0, 48592, 48571)","(0, 48592, 48571)","(0, 48592, 48571)",False,True
1133,4814,5,age,0.82421875,True,True,True,False,"(0, 48592, 48572)","(0, 48592, 48572)","(0, 48592, 48572)",False,True
1134,4816,5,age,0.13671875,True,True,True,False,"(0, 48664, 48635)","(0, 48664, 48635)","(0, 48664, 48635)",False,True
1135,4816,5,age,0.69921875,False,False,False,False,"(0, 48592, 48635)","(0, 48592, 48635)","(0, 48592, 48635)",False,True
1136,4816,5,age,0.82421875,True,True,True,False,"(0, 48592, 48636)","(0, 48592, 48636)","(0, 48592, 48636)",False,True
1137,4818,5,age,0.13671875,True,True,True,False,"(0, 48664, 48699)","(0, 48664, 48699)","(0, 48664, 48699)",False,True
1138,4818,5,age,0.69921875,False,False,False,False,"(0, 48592, 48699)","(0, 48592, 48699)","(0, 48592, 48699)",False,True
1139,4818,5,age,0.82421875,True,True,True,False,"(0, 48592, 48700)","(0, 48592, 48700)","(0, 48592, 48700)",False,True
1140,4820,5,age,0.07421875,True,True,True,False,"(0, 50288, 50297)","(0, 50288, 50297)","(0, 50288, 50297)",False,True
1141,4820,5,age,0.69921875,False,False,False,False,"(0, 50280, 50297)","(0, 50280, 50297)","(0, 50280, 50297)",False,True
1142,4820,5,age,0.76171875,True,True,True,False,"(0, 50216, 50298)","(0, 50216, 50298)","(0, 50216, 50298)",False,True
1143,4822,5,age,0.13671875,True,True,True,False,"(0, 48664, 48763)","(0, 48664, 48763)","(0, 48664, 48763)",False,True
1144,4822,5,age,0.69921875,False,False,False,False,"(0, 48592, 48763)","(0, 48592, 48763)","(0, 48592, 48763)",False,True
1145,4822,5,age,0.82421875,True,True,True,False,"(0, 48592, 48764)","(0, 48592, 48764)","(0, 48592, 48764)",False,True
1146,4824,5,age,0.07421875,True,True,True,False,"(0, 50288, 50297)","(0, 50288, 50297)","(0, 50288, 50297)",False,True
1147,4824,5,age,0.69921875,False,False,False,False,"(0, 50280, 50297)","(0, 50280, 50297)","(0, 50280, 50297)",False,True
1148,4824,5,age,0.97265625,True,True,True,False,"(0, 50272, 50298)","(0, 50272, 50298)","(0, 50272, 50298)",False,True
1149,4826,5,age,0.13671875,True,True,True,False,"(0, 48664, 48763)","(0, 48664, 48763)","(0, 48664, 48763)",False,True
1150,4826,5,age,0.69921875,False,False,False,False,"(0, 48592, 48763)","(0, 48592, 48763)","(0, 48592, 48763)",False,True
1151,4826,5,age,0.82421875,True,True,True,False,"(0, 48592, 48764)","(0, 48592, 48764)","(0, 48592, 48764)",False,True
1152,4827,5,age,0.12109375,True,True,True,False,"(0, 49064, 48953)","(0, 49064, 48953)","(0, 49064, 48953)",False,True
1153,4827,5,age,0.30078125,True,True,True,False,"(0, 49000, 48952)","(0, 49000, 48952)","(0, 49000, 48952)",False,True
1154,4827,5,age,0.92578125,False,False,False,False,"(0, 48944, 48952)","(0, 48944, 48952)","(0, 48944, 48952)",False,True
1155,4832,5,age,0.13671875,True,True,True,False,"(0, 49048, 48955)","(0, 49048, 48955)","(0, 49048, 48955)",False,True
1156,4832,5,age,0.69921875,False,False,False,False,"(0, 48976, 48955)","(0, 48976, 48955)","(0, 48976, 48955)",False,True
1157,4832,5,age,0.82421875,True,True,True,False,"(0, 48976, 48956)","(0, 48976, 48956)","(0, 48976, 48956)",False,True
1158,4834,5,age,0.13671875,True,True,True,False,"(0, 49048, 49019)","(0, 49048, 49019)","(0, 49048, 49019)",False,True
1159,4834,5,age,0.69921875,False,False,False,False,"(0, 48976, 49019)","(0, 48976, 49019)","(0, 48976, 49019)",False,True
1160,4834,5,age,0.82421875,True,True,True,False,"(0, 48976, 49020)","(0, 48976, 49020)","(0, 48976, 49020)",False,True
1161,4836,5,age,0.13671875,True,True,True,False,"(0, 49048, 49083)","(0, 49048, 49083)","(0, 49048, 49083)",False,True
1162,4836,5,age,0.69921875,False,False,False,False,"(0, 48976, 49083)","(0, 48976, 49083)","(0, 48976, 49083)",False,True
1163,4836,5,age,0.82421875,True,True,True,False,"(0, 48976, 49084)","(0, 48976, 49084)","(0, 48976, 49084)",False,True
1164,4838,5,age,0.07421875,True,True,True,False,"(0, 50672, 50681)","(0, 50672, 50681)","(0, 50672, 50681)",False,True
1165,4838,5,age,0.69921875,False,False,False,False,"(0, 50664, 50681)","(0, 50664, 50681)","(0, 50664, 50681)",False,True
1166,4838,5,age,0.76171875,True,True,True,False,"(0, 50600, 50682)","(0, 50600, 50682)","(0, 50600, 50682)",False,True
1167,4840,5,age,0.13671875,True,True,True,False,"(0, 49048, 49147)","(0, 49048, 49147)","(0, 49048, 49147)",False,True
1168,4840,5,age,0.69921875,False,False,False,False,"(0, 48976, 49147)","(0, 48976, 49147)","(0, 48976, 49147)",False,True
1169,4840,5,age,0.82421875,True,True,True,False,"(0, 48976, 49148)","(0, 48976, 49148)","(0, 48976, 49148)",False,True
1170,4842,5,age,0.07421875,True,True,True,False,"(0, 50672, 50681)","(0, 50672, 50681)","(0, 50672, 50681)",False,True
1171,4842,5,age,0.69921875,False,False,False,False,"(0, 50664, 50681)","(0, 50664, 50681)","(0, 50664, 50681)",False,True
1172,4842,5,age,0.97265625,True,True,True,False,"(0, 50656, 50682)","(0, 50656, 50682)","(0, 50656, 50682)",False,True
1173,4844,5,age,0.13671875,True,True,True,False,"(0, 49048, 49147)","(0, 49048, 49147)","(0, 49048, 49147)",False,True
1174,4844,5,age,0.69921875,False,False,False,False,"(0, 48976, 49147)","(0, 48976, 49147)","(0, 48976, 49147)",False,True
1175,4844,5,age,0.82421875,True,True,True,False,"(0, 48976, 49148)","(0, 48976, 49148)","(0, 48976, 49148)",False,True
1176,4845,5,age,0.12109375,True,True,True,False,"(0, 27944, 27833)","(0, 27944, 27833)","(0, 27944, 27833)",False,True
1177,4845,5,age,0.30078125,True,True,True,False,"(0, 27880, 27832)","(0, 27880, 27832)","(0, 27880, 27832)",False,True
1178,4845,5,age,0.92578125,False,False,False,False,"(0, 27824, 27832)","(0, 27824, 27832)","(0, 27824, 27832)",False,True
1179,4850,5,age,0.13671875,True,True,True,False,"(0, 27928, 27835)","(0, 27928, 27835)","(0, 27928, 27835)",False,True
1180,4850,5,age,0.69921875,False,False,False,False,"(0, 27856, 27835)","(0, 27856, 27835)","(0, 27856, 27835)",False,True
1181,4850,5,age,0.82421875,True,True,True,False,"(0, 27856, 27836)","(0, 27856, 27836)","(0, 27856, 27836)",False,True
1182,4852,5,age,0.13671875,True,True,True,False,"(0, 27928, 27899)","(0, 27928, 27899)","(0, 27928, 27899)",False,True
1183,4852,5,age,0.69921875,False,False,False,False,"(0, 27856, 27899)","(0, 27856, 27899)","(0, 27856, 27899)",False,True
1184,4852,5,age,0.82421875,True,True,True,False,"(0, 27856, 27900)","(0, 27856, 27900)","(0, 27856, 27900)",False,True
1185,4854,5,age,0.13671875,True,True,True,False,"(0, 27928, 27963)","(0, 27928, 27963)","(0, 27928, 27963)",False,True
1186,4854,5,age,0.69921875,False,False,False,False,"(0, 27856, 27963)","(0, 27856, 27963)","(0, 27856, 27963)",False,True
1187,4854,5,age,0.82421875,True,True,True,False,"(0, 27856, 27964)","(0, 27856, 27964)","(0, 27856, 27964)",False,True
1188,4856,5,age,0.07421875,True,True,True,False,"(0, 29552, 29561)","(0, 29552, 29561)","(0, 29552, 29561)",False,True
1189,4856,5,age,0.69921875,False,False,False,False,"(0, 29544, 29561)","(0, 29544, 29561)","(0, 29544, 29561)",False,True
1190,4856,5,age,0.76171875,True,True,True,False,"(0, 29480, 29562)","(0, 29480, 29562)","(0, 29480, 29562)",False,True
1191,4858,5,age,0.13671875,True,True,True,False,"(0, 27928, 28027)","(0, 27928, 28027)","(0, 27928, 28027)",False,True
1192,4858,5,age,0.69921875,False,False,False,False,"(0, 27856, 28027)","(0, 27856, 28027)","(0, 27856, 28027)",False,True
1193,4858,5,age,0.82421875,True,True,True,False,"(0, 27856, 28028)","(0, 27856, 28028)","(0, 27856, 28028)",False,True
1194,4860,5,age,0.07421875,True,True,True,False,"(0, 29552, 29561)","(0, 29552, 29561)","(0, 29552, 29561)",False,True
1195,4860,5,age,0.69921875,False,False,False,False,"(0, 29544, 29561)","(0, 29544, 29561)","(0, 29544, 29561)",False,True
1196,4860,5,age,0.97265625,True,True,True,False,"(0, 29536, 29562)","(0, 29536, 29562)","(0, 29536, 29562)",False,True
1197,4862,5,age,0.13671875,True,True,True,False,"(0, 27928, 28027)","(0, 27928, 28027)","(0, 27928, 28027)",False,True
1198,4862,5,age,0.69921875,False,False,False,False,"(0, 27856, 28027)","(0, 27856, 28027)","(0, 27856, 28027)",False,True
1199,4862,5,age,0.82421875,True,True,True,False,"(0, 27856, 28028)","(0, 27856, 28028)","(0, 27856, 28028)",False,True
1200,4863,5,age,0.12109375,True,True,True,False,"(0, 28328, 28217)","(0, 28328, 28217)","(0, 28328, 28217)",False,True
1201,4863,5,age,0.30078125,True,True,True,False,"(0, 28264, 28216)","(0, 28264, 28216)","(0, 28264, 28216)",False,True
1202,4863,5,age,0.92578125,False,False,False,False,"(0, 28208, 28216)","(0, 28208, 28216)","(0, 28208, 28216)",False,True
1203,4868,5,age,0.13671875,True,True,True,False,"(0, 28312, 28219)","(0, 28312, 28219)","(0, 28312, 28219)",False,True
1204,4868,5,age,0.69921875,False,False,False,False,"(0, 28240, 28219)","(0, 28240, 28219)","(0, 28240, 28219)",False,True
1205,4868,5,age,0.82421875,True,True,True,False,"(0, 28240, 28220)","(0, 28240, 28220)","(0, 28240, 28220)",False,True
1206,4870,5,age,0.13671875,True,True,True,False,"(0, 28312, 28283)","(0, 28312, 28283)","(0, 28312, 28283)",False,True
1207,4870,5,age,0.69921875,False,False,False,False,"(0, 28240, 28283)","(0, 28240, 28283)","(0, 28240, 28283)",False,True
1208,4870,5,age,0.82421875,True,True,True,False,"(0, 28240, 28284)","(0, 28240, 28284)","(0, 28240, 28284)",False,True
1209,4872,5,age,0.13671875,True,True,True,False,"(0, 28312, 28347)","(0, 28312, 28347)","(0, 28312, 28347)",False,True
1210,4872,5,age,0.69921875,False,False,False,False,"(0, 28240, 28347)","(0, 28240, 28347)","(0, 28240, 28347)",False,True
1211,4872,5,age,0.82421875,True,True,True,False,"(0, 28240, 28348)","(0, 28240, 28348)","(0, 28240, 28348)",False,True
1212,4874,5,age,0.07421875,True,True,True,False,"(0, 29936, 29945)","(0, 29936, 29945)","(0, 29936, 29945)",False,True
1213,4874,5,age,0.69921875,False,False,False,False,"(0, 29928, 29945)","(0, 29928, 29945)","(0, 29928, 29945)",False,True
1214,4874,5,age,0.76171875,True,True,True,False,"(0, 29864, 29946)","(0, 29864, 29946)","(0, 29864, 29946)",False,True
1215,4876,5,age,0.13671875,True,True,True,False,"(0, 28312, 28411)","(0, 28312, 28411)","(0, 28312, 28411)",False,True
1216,4876,5,age,0.69921875,False,False,False,False,"(0, 28240, 28411)","(0, 28240, 28411)","(0, 28240, 28411)",False,True
1217,4876,5,age,0.82421875,True,True,True,False,"(0, 28240, 28412)","(0, 28240, 28412)","(0, 28240, 28412)",False,True
1218,4878,5,age,0.07421875,True,True,True,False,"(0, 29936, 29945)","(0, 29936, 29945)","(0, 29936, 29945)",False,True
1219,4878,5,age,0.69921875,False,False,False,False,"(0, 29928, 29945)","(0, 29928, 29945)","(0, 29928, 29945)",False,True
1220,4878,5,age,0.97265625,True,True,True,False,"(0, 29920, 29946)","(0, 29920, 29946)","(0, 29920, 29946)",False,True
1221,4880,5,age,0.13671875,True,True,True,False,"(0, 28312, 28411)","(0, 28312, 28411)","(0, 28312, 28411)",False,True
1222,4880,5,age,0.69921875,False,False,False,False,"(0, 28240, 28411)","(0, 28240, 28411)","(0, 28240, 28411)",False,True
1223,4880,5,age,0.82421875,True,True,True,False,"(0, 28240, 28412)","(0, 28240, 28412)","(0, 28240, 28412)",False,True
1224,4881,5,age,0.12109375,True,True,True,False,"(0, 28328, 28217)","(0, 28328, 28217)","(0, 28328, 28217)",False,True
1225,4881,5,age,0.30078125,True,True,True,False,"(0, 28264, 28216)","(0, 28264, 28216)","(0, 28264, 28216)",False,True
1226,4881,5,age,0.92578125,False,False,False,False,"(0, 28208, 28216)","(0, 28208, 28216)","(0, 28208, 28216)",False,True
1227,4886,5,age,0.13671875,True,True,True,False,"(0, 28312, 28219)","(0, 28312, 28219)","(0, 28312, 28219)",False,True
1228,4886,5,age,0.69921875,False,False,False,False,"(0, 28240, 28219)","(0, 28240, 28219)","(0, 28240, 28219)",False,True
1229,4886,5,age,0.82421875,True,True,True,False,"(0, 28240, 28220)","(0, 28240, 28220)","(0, 28240, 28220)",False,True
1230,4888,5,age,0.13671875,True,True,True,False,"(0, 28312, 28283)","(0, 28312, 28283)","(0, 28312, 28283)",False,True
1231,4888,5,age,0.69921875,False,False,False,False,"(0, 28240, 28283)","(0, 28240, 28283)","(0, 28240, 28283)",False,True
1232,4888,5,age,0.82421875,True,True,True,False,"(0, 28240, 28284)","(0, 28240, 28284)","(0, 28240, 28284)",False,True
1233,4890,5,age,0.13671875,True,True,True,False,"(0, 28312, 28347)","(0, 28312, 28347)","(0, 28312, 28347)",False,True
1234,4890,5,age,0.69921875,False,False,False,False,"(0, 28240, 28347)","(0, 28240, 28347)","(0, 28240, 28347)",False,True
1235,4890,5,age,0.82421875,True,True,True,False,"(0, 28240, 28348)","(0, 28240, 28348)","(0, 28240, 28348)",False,True
1236,4892,5,age,0.07421875,True,True,True,False,"(0, 29936, 29945)","(0, 29936, 29945)","(0, 29936, 29945)",False,True
1237,4892,5,age,0.69921875,False,False,False,False,"(0, 29928, 29945)","(0, 29928, 29945)","(0, 29928, 29945)",False,True
1238,4892,5,age,0.76171875,True,True,True,False,"(0, 29864, 29946)","(0, 29864, 29946)","(0, 29864, 29946)",False,True
1239,4894,5,age,0.13671875,True,True,True,False,"(0, 28312, 28411)","(0, 28312, 28411)","(0, 28312, 28411)",False,True
1240,4894,5,age,0.69921875,False,False,False,False,"(0, 28240, 28411)","(0, 28240, 28411)","(0, 28240, 28411)",False,True
1241,4894,5,age,0.82421875,True,True,True,False,"(0, 28240, 28412)","(0, 28240, 28412)","(0, 28240, 28412)",False,True
1242,4896,5,age,0.07421875,True,True,True,False,"(0, 29936, 29945)","(0, 29936, 29945)","(0, 29936, 29945)",False,True
1243,4896,5,age,0.69921875,False,False,False,False,"(0, 29928, 29945)","(0, 29928, 29945)","(0, 29928, 29945)",False,True
1244,4896,5,age,0.97265625,True,True,True,False,"(0, 29920, 29946)","(0, 29920, 29946)","(0, 29920, 29946)",False,True
1245,4898,5,age,0.13671875,True,True,True,False,"(0, 28312, 28411)","(0, 28312, 28411)","(0, 28312, 28411)",False,True
1246,4898,5,age,0.69921875,False,False,False,False,"(0, 28240, 28411)","(0, 28240, 28411)","(0, 28240, 28411)",False,True
1247,4898,5,age,0.82421875,True,True,True,False,"(0, 28240, 28412)","(0, 28240, 28412)","(0, 28240, 28412)",False,True
1248,4899,5,age,0.12109375,True,True,True,False,"(0, 50216, 50105)","(0, 50216, 50105)","(0, 50216, 50105)",False,True
1249,4899,5,age,0.30078125,True,True,True,False,"(0, 50152, 50104)","(0, 50152, 50104)","(0, 50152, 50104)",False,True
1250,4899,5,age,0.92578125,False,False,False,False,"(0, 50096, 50104)","(0, 50096, 50104)","(0, 50096, 50104)",False,True
1251,4904,5,age,0.13671875,True,True,True,False,"(0, 50200, 50107)","(0, 50200, 50107)","(0, 50200, 50107)",False,True
1252,4904,5,age,0.69921875,False,False,False,False,"(0, 50128, 50107)","(0, 50128, 50107)","(0, 50128, 50107)",False,True
1253,4904,5,age,0.82421875,True,True,True,False,"(0, 50128, 50108)","(0, 50128, 50108)","(0, 50128, 50108)",False,True
1254,4906,5,age,0.13671875,True,True,True,False,"(0, 50200, 50171)","(0, 50200, 50171)","(0, 50200, 50171)",False,True
1255,4906,5,age,0.69921875,False,False,False,False,"(0, 50128, 50171)","(0, 50128, 50171)","(0, 50128, 50171)",False,True
1256,4906,5,age,0.82421875,True,True,True,False,"(0, 50128, 50172)","(0, 50128, 50172)","(0, 50128, 50172)",False,True
1257,4908,5,age,0.13671875,True,True,True,False,"(0, 50200, 50235)","(0, 50200, 50235)","(0, 50200, 50235)",False,True
1258,4908,5,age,0.69921875,False,False,False,False,"(0, 50128, 50235)","(0, 50128, 50235)","(0, 50128, 50235)",False,True
1259,4908,5,age,0.82421875,True,True,True,False,"(0, 50128, 50236)","(0, 50128, 50236)","(0, 50128, 50236)",False,True
1260,4910,5,age,0.07421875,True,True,True,False,"(0, 51824, 51833)","(0, 51824, 51833)","(0, 51824, 51833)",False,True
1261,4910,5,age,0.69921875,False,False,False,False,"(0, 51816, 51833)","(0, 51816, 51833)","(0, 51816, 51833)",False,True
1262,4910,5,age,0.76171875,True,True,True,False,"(0, 51752, 51834)","(0, 51752, 51834)","(0, 51752, 51834)",False,True
1263,4912,5,age,0.13671875,True,True,True,False,"(0, 50200, 50299)","(0, 50200, 50299)","(0, 50200, 50299)",False,True
1264,4912,5,age,0.69921875,False,False,False,False,"(0, 50128, 50299)","(0, 50128, 50299)","(0, 50128, 50299)",False,True
1265,4912,5,age,0.82421875,True,True,True,False,"(0, 50128, 50300)","(0, 50128, 50300)","(0, 50128, 50300)",False,True
1266,4914,5,age,0.07421875,True,True,True,False,"(0, 51824, 51833)","(0, 51824, 51833)","(0, 51824, 51833)",False,True
1267,4914,5,age,0.69921875,False,False,False,False,"(0, 51816, 51833)","(0, 51816, 51833)","(0, 51816, 51833)",False,True
1268,4914,5,age,0.97265625,True,True,True,False,"(0, 51808, 51834)","(0, 51808, 51834)","(0, 51808, 51834)",False,True
1269,4916,5,age,0.13671875,True,True,True,False,"(0, 50200, 50299)","(0, 50200, 50299)","(0, 50200, 50299)",False,True
1270,4916,5,age,0.69921875,False,False,False,False,"(0, 50128, 50299)","(0, 50128, 50299)","(0, 50128, 50299)",False,True
1271,4916,5,age,0.82421875,True,True,True,False,"(0, 50128, 50300)","(0, 50128, 50300)","(0, 50128, 50300)",False,True
1272,4917,5,age,0.12109375,True,True,True,False,"(0, 50600, 50489)","(0, 50600, 50489)","(0, 50600, 50489)",False,True
1273,4917,5,age,0.30078125,True,True,True,False,"(0, 50536, 50488)","(0, 50536, 50488)","(0, 50536, 50488)",False,True
1274,4917,5,age,0.92578125,False,False,False,False,"(0, 50480, 50488)","(0, 50480, 50488)","(0, 50480, 50488)",False,True
1275,4922,5,age,0.13671875,True,True,True,False,"(0, 50584, 50491)","(0, 50584, 50491)","(0, 50584, 50491)",False,True
1276,4922,5,age,0.69921875,False,False,False,False,"(0, 50512, 50491)","(0, 50512, 50491)","(0, 50512, 50491)",False,True
1277,4922,5,age,0.82421875,True,True,True,False,"(0, 50512, 50492)","(0, 50512, 50492)","(0, 50512, 50492)",False,True
1278,4924,5,age,0.13671875,True,True,True,False,"(0, 50584, 50555)","(0, 50584, 50555)","(0, 50584, 50555)",False,True
1279,4924,5,age,0.69921875,False,False,False,False,"(0, 50512, 50555)","(0, 50512, 50555)","(0, 50512, 50555)",False,True
1280,4924,5,age,0.82421875,True,True,True,False,"(0, 50512, 50556)","(0, 50512, 50556)","(0, 50512, 50556)",False,True
1281,4926,5,age,0.13671875,True,True,True,False,"(0, 50584, 50619)","(0, 50584, 50619)","(0, 50584, 50619)",False,True
1282,4926,5,age,0.69921875,False,False,False,False,"(0, 50512, 50619)","(0, 50512, 50619)","(0, 50512, 50619)",False,True
1283,4926,5,age,0.82421875,True,True,True,False,"(0, 50512, 50620)","(0, 50512, 50620)","(0, 50512, 50620)",False,True
1284,4928,5,age,0.07421875,True,True,True,False,"(0, 52208, 52217)","(0, 52208, 52217)","(0, 52208, 52217)",False,True
1285,4928,5,age,0.69921875,False,False,False,False,"(0, 52200, 52217)","(0, 52200, 52217)","(0, 52200, 52217)",False,True
1286,4928,5,age,0.76171875,True,True,True,False,"(0, 52136, 52218)","(0, 52136, 52218)","(0, 52136, 52218)",False,True
1287,4930,5,age,0.13671875,True,True,True,False,"(0, 50584, 50683)","(0, 50584, 50683)","(0, 50584, 50683)",False,True
1288,4930,5,age,0.69921875,False,False,False,False,"(0, 50512, 50683)","(0, 50512, 50683)","(0, 50512, 50683)",False,True
1289,4930,5,age,0.82421875,True,True,True,False,"(0, 50512, 50684)","(0, 50512, 50684)","(0, 50512, 50684)",False,True
1290,4932,5,age,0.07421875,True,True,True,False,"(0, 52208, 52217)","(0, 52208, 52217)","(0, 52208, 52217)",False,True
1291,4932,5,age,0.69921875,False,False,False,False,"(0, 52200, 52217)","(0, 52200, 52217)","(0, 52200, 52217)",False,True
1292,4932,5,age,0.97265625,True,True,True,False,"(0, 52192, 52218)","(0, 52192, 52218)","(0, 52192, 52218)",False,True
1293,4934,5,age,0.13671875,True,True,True,False,"(0, 50584, 50683)","(0, 50584, 50683)","(0, 50584, 50683)",False,True
1294,4934,5,age,0.69921875,False,False,False,False,"(0, 50512, 50683)","(0, 50512, 50683)","(0, 50512, 50683)",False,True
1295,4934,5,age,0.82421875,True,True,True,False,"(0, 50512, 50684)","(0, 50512, 50684)","(0, 50512, 50684)",False,True
1296,4935,5,age,0.12109375,True,True,True,False,"(0, 29480, 29369)","(0, 29480, 29369)","(0, 29480, 29369)",False,True
1297,4935,5,age,0.30078125,True,True,True,False,"(0, 29416, 29368)","(0, 29416, 29368)","(0, 29416, 29368)",False,True
1298,4935,5,age,0.92578125,False,False,False,False,"(0, 29360, 29368)","(0, 29360, 29368)","(0, 29360, 29368)",False,True
1299,4940,5,age,0.13671875,True,True,True,False,"(0, 29464, 29371)","(0, 29464, 29371)","(0, 29464, 29371)",False,True
1300,4940,5,age,0.69921875,False,False,False,False,"(0, 29392, 29371)","(0, 29392, 29371)","(0, 29392, 29371)",False,True
1301,4940,5,age,0.82421875,True,True,True,False,"(0, 29392, 29372)","(0, 29392, 29372)","(0, 29392, 29372)",False,True
1302,4942,5,age,0.13671875,True,True,True,False,"(0, 29464, 29435)","(0, 29464, 29435)","(0, 29464, 29435)",False,True
1303,4942,5,age,0.69921875,False,False,False,False,"(0, 29392, 29435)","(0, 29392, 29435)","(0, 29392, 29435)",False,True
1304,4942,5,age,0.82421875,True,True,True,False,"(0, 29392, 29436)","(0, 29392, 29436)","(0, 29392, 29436)",False,True
1305,4944,5,age,0.13671875,True,True,True,False,"(0, 29464, 29499)","(0, 29464, 29499)","(0, 29464, 29499)",False,True
1306,4944,5,age,0.69921875,False,False,False,False,"(0, 29392, 29499)","(0, 29392, 29499)","(0, 29392, 29499)",False,True
1307,4944,5,age,0.82421875,True,True,True,False,"(0, 29392, 29500)","(0, 29392, 29500)","(0, 29392, 29500)",False,True
1308,4946,5,age,0.13671875,True,True,True,False,"(0, 29464, 29563)","(0, 29464, 29563)","(0, 29464, 29563)",False,True
1309,4946,5,age,0.69921875,False,False,False,False,"(0, 29392, 29563)","(0, 29392, 29563)","(0, 29392, 29563)",False,True
1310,4946,5,age,0.82421875,True,True,True,False,"(0, 29392, 29564)","(0, 29392, 29564)","(0, 29392, 29564)",False,True
1311,4948,5,age,0.13671875,True,True,True,False,"(0, 29464, 29563)","(0, 29464, 29563)","(0, 29464, 29563)",False,True
1312,4948,5,age,0.69921875,False,False,False,False,"(0, 29392, 29563)","(0, 29392, 29563)","(0, 29392, 29563)",False,True
1313,4948,5,age,0.82421875,True,True,True,False,"(0, 29392, 29564)","(0, 29392, 29564)","(0, 29392, 29564)",False,True
1314,4949,5,age,0.12109375,True,True,True,False,"(0, 29864, 29753)","(0, 29864, 29753)","(0, 29864, 29753)",False,True
1315,4949,5,age,0.30078125,True,True,True,False,"(0, 29800, 29752)","(0, 29800, 29752)","(0, 29800, 29752)",False,True
1316,4949,5,age,0.92578125,False,False,False,False,"(0, 29744, 29752)","(0, 29744, 29752)","(0, 29744, 29752)",False,True
1317,4954,5,age,0.13671875,True,True,True,False,"(0, 29848, 29755)","(0, 29848, 29755)","(0, 29848, 29755)",False,True
1318,4954,5,age,0.69921875,False,False,False,False,"(0, 29776, 29755)","(0, 29776, 29755)","(0, 29776, 29755)",False,True
1319,4954,5,age,0.82421875,True,True,True,False,"(0, 29776, 29756)","(0, 29776, 29756)","(0, 29776, 29756)",False,True
1320,4956,5,age,0.13671875,True,True,True,False,"(0, 29848, 29819)","(0, 29848, 29819)","(0, 29848, 29819)",False,True
1321,4956,5,age,0.69921875,False,False,False,False,"(0, 29776, 29819)","(0, 29776, 29819)","(0, 29776, 29819)",False,True
1322,4956,5,age,0.82421875,True,True,True,False,"(0, 29776, 29820)","(0, 29776, 29820)","(0, 29776, 29820)",False,True
1323,4958,5,age,0.13671875,True,True,True,False,"(0, 29848, 29883)","(0, 29848, 29883)","(0, 29848, 29883)",False,True
1324,4958,5,age,0.69921875,False,False,False,False,"(0, 29776, 29883)","(0, 29776, 29883)","(0, 29776, 29883)",False,True
1325,4958,5,age,0.82421875,True,True,True,False,"(0, 29776, 29884)","(0, 29776, 29884)","(0, 29776, 29884)",False,True
1326,4960,5,age,0.13671875,True,True,True,False,"(0, 29848, 29947)","(0, 29848, 29947)","(0, 29848, 29947)",False,True
1327,4960,5,age,0.69921875,False,False,False,False,"(0, 29776, 29947)","(0, 29776, 29947)","(0, 29776, 29947)",False,True
1328,4960,5,age,0.82421875,True,True,True,False,"(0, 29776, 29948)","(0, 29776, 29948)","(0, 29776, 29948)",False,True
1329,4962,5,age,0.13671875,True,True,True,False,"(0, 29848, 29947)","(0, 29848, 29947)","(0, 29848, 29947)",False,True
1330,4962,5,age,0.69921875,False,False,False,False,"(0, 29776, 29947)","(0, 29776, 29947)","(0, 29776, 29947)",False,True
1331,4962,5,age,0.82421875,True,True,True,False,"(0, 29776, 29948)","(0, 29776, 29948)","(0, 29776, 29948)",False,True
1332,4963,5,age,0.12109375,True,True,True,False,"(0, 29864, 29753)","(0, 29864, 29753)","(0, 29864, 29753)",False,True
1333,4963,5,age,0.30078125,True,True,True,False,"(0, 29800, 29752)","(0, 29800, 29752)","(0, 29800, 29752)",False,True
1334,4963,5,age,0.92578125,False,False,False,False,"(0, 29744, 29752)","(0, 29744, 29752)","(0, 29744, 29752)",False,True
1335,4968,5,age,0.13671875,True,True,True,False,"(0, 29848, 29755)","(0, 29848, 29755)","(0, 29848, 29755)",False,True
1336,4968,5,age,0.69921875,False,False,False,False,"(0, 29776, 29755)","(0, 29776, 29755)","(0, 29776, 29755)",False,True
1337,4968,5,age,0.82421875,True,True,True,False,"(0, 29776, 29756)","(0, 29776, 29756)","(0, 29776, 29756)",False,True
1338,4970,5,age,0.13671875,True,True,True,False,"(0, 29848, 29819)","(0, 29848, 29819)","(0, 29848, 29819)",False,True
1339,4970,5,age,0.69921875,False,False,False,False,"(0, 29776, 29819)","(0, 29776, 29819)","(0, 29776, 29819)",False,True
1340,4970,5,age,0.82421875,True,True,True,False,"(0, 29776, 29820)","(0, 29776, 29820)","(0, 29776, 29820)",False,True
1341,4972,5,age,0.13671875,True,True,True,False,"(0, 29848, 29883)","(0, 29848, 29883)","(0, 29848, 29883)",False,True
1342,4972,5,age,0.69921875,False,False,False,False,"(0, 29776, 29883)","(0, 29776, 29883)","(0, 29776, 29883)",False,True
1343,4972,5,age,0.82421875,True,True,True,False,"(0, 29776, 29884)","(0, 29776, 29884)","(0, 29776, 29884)",False,True
1344,4974,5,age,0.13671875,True,True,True,False,"(0, 29848, 29947)","(0, 29848, 29947)","(0, 29848, 29947)",False,True
1345,4974,5,age,0.69921875,False,False,False,False,"(0, 29776, 29947)","(0, 29776, 29947)","(0, 29776, 29947)",False,True
1346,4974,5,age,0.82421875,True,True,True,False,"(0, 29776, 29948)","(0, 29776, 29948)","(0, 29776, 29948)",False,True
1347,4976,5,age,0.13671875,True,True,True,False,"(0, 29848, 29947)","(0, 29848, 29947)","(0, 29848, 29947)",False,True
1348,4976,5,age,0.69921875,False,False,False,False,"(0, 29776, 29947)","(0, 29776, 29947)","(0, 29776, 29947)",False,True
1349,4976,5,age,0.82421875,True,True,True,False,"(0, 29776, 29948)","(0, 29776, 29948)","(0, 29776, 29948)",False,True
1350,4977,5,age,0.12109375,True,True,True,False,"(0, 51752, 51641)","(0, 51752, 51641)","(0, 51752, 51641)",False,True
1351,4977,5,age,0.30078125,True,True,True,False,"(0, 51688, 51640)","(0, 51688, 51640)","(0, 51688, 51640)",False,True
1352,4977,5,age,0.92578125,False,False,False,False,"(0, 51632, 51640)","(0, 51632, 51640)","(0, 51632, 51640)",False,True
1353,4982,5,age,0.13671875,True,True,True,False,"(0, 51736, 51643)","(0, 51736, 51643)","(0, 51736, 51643)",False,True
1354,4982,5,age,0.69921875,False,False,False,False,"(0, 51664, 51643)","(0, 51664, 51643)","(0, 51664, 51643)",False,True
1355,4982,5,age,0.82421875,True,True,True,False,"(0, 51664, 51644)","(0, 51664, 51644)","(0, 51664, 51644)",False,True
1356,4984,5,age,0.13671875,True,True,True,False,"(0, 51736, 51707)","(0, 51736, 51707)","(0, 51736, 51707)",False,True
1357,4984,5,age,0.69921875,False,False,False,False,"(0, 51664, 51707)","(0, 51664, 51707)","(0, 51664, 51707)",False,True
1358,4984,5,age,0.82421875,True,True,True,False,"(0, 51664, 51708)","(0, 51664, 51708)","(0, 51664, 51708)",False,True
1359,4986,5,age,0.13671875,True,True,True,False,"(0, 51736, 51771)","(0, 51736, 51771)","(0, 51736, 51771)",False,True
1360,4986,5,age,0.69921875,False,False,False,False,"(0, 51664, 51771)","(0, 51664, 51771)","(0, 51664, 51771)",False,True
1361,4986,5,age,0.82421875,True,True,True,False,"(0, 51664, 51772)","(0, 51664, 51772)","(0, 51664, 51772)",False,True
1362,4988,5,age,0.07421875,True,True,True,False,"(0, 53360, 53369)","(0, 53360, 53369)","(0, 53360, 53369)",False,True
1363,4988,5,age,0.69921875,False,False,False,False,"(0, 53352, 53369)","(0, 53352, 53369)","(0, 53352, 53369)",False,True
1364,4988,5,age,0.76171875,True,True,True,False,"(0, 53288, 53370)","(0, 53288, 53370)","(0, 53288, 53370)",False,True
1365,4990,5,age,0.13671875,True,True,True,False,"(0, 51736, 51835)","(0, 51736, 51835)","(0, 51736, 51835)",False,True
1366,4990,5,age,0.69921875,False,False,False,False,"(0, 51664, 51835)","(0, 51664, 51835)","(0, 51664, 51835)",False,True
1367,4990,5,age,0.82421875,True,True,True,False,"(0, 51664, 51836)","(0, 51664, 51836)","(0, 51664, 51836)",False,True
1368,4992,5,age,0.07421875,True,True,True,False,"(0, 53360, 53369)","(0, 53360, 53369)","(0, 53360, 53369)",False,True
1369,4992,5,age,0.69921875,False,False,False,False,"(0, 53352, 53369)","(0, 53352, 53369)","(0, 53352, 53369)",False,True
1370,4992,5,age,0.97265625,True,True,True,False,"(0, 53344, 53370)","(0, 53344, 53370)","(0, 53344, 53370)",False,True
1371,4994,5,age,0.13671875,True,True,True,False,"(0, 51736, 51835)","(0, 51736, 51835)","(0, 51736, 51835)",False,True
1372,4994,5,age,0.69921875,False,False,False,False,"(0, 51664, 51835)","(0, 51664, 51835)","(0, 51664, 51835)",False,True
1373,4994,5,age,0.82421875,True,True,True,False,"(0, 51664, 51836)","(0, 51664, 51836)","(0, 51664, 51836)",False,True
1374,4995,5,age,0.12109375,True,True,True,False,"(0, 52136, 52025)","(0, 52136, 52025)","(0, 52136, 52025)",False,True
1375,4995,5,age,0.30078125,True,True,True,False,"(0, 52072, 52024)","(0, 52072, 52024)","(0, 52072, 52024)",False,True
1376,4995,5,age,0.92578125,False,False,False,False,"(0, 52016, 52024)","(0, 52016, 52024)","(0, 52016, 52024)",False,True
1377,5000,5,age,0.13671875,True,True,True,False,"(0, 52120, 52027)","(0, 52120, 52027)","(0, 52120, 52027)",False,True
1378,5000,5,age,0.69921875,False,False,False,False,"(0, 52048, 52027)","(0, 52048, 52027)","(0, 52048, 52027)",False,True
1379,5000,5,age,0.82421875,True,True,True,False,"(0, 52048, 52028)","(0, 52048, 52028)","(0, 52048, 52028)",False,True
1380,5002,5,age,0.13671875,True,True,True,False,"(0, 52120, 52091)","(0, 52120, 52091)","(0, 52120, 52091)",False,True
1381,5002,5,age,0.69921875,False,False,False,False,"(0, 52048, 52091)","(0, 52048, 52091)","(0, 52048, 52091)",False,True
1382,5002,5,age,0.82421875,True,True,True,False,"(0, 52048, 52092)","(0, 52048, 52092)","(0, 52048, 52092)",False,True
1383,5004,5,age,0.13671875,True,True,True,False,"(0, 52120, 52155)","(0, 52120, 52155)","(0, 52120, 52155)",False,True
1384,5004,5,age,0.69921875,False,False,False,False,"(0, 52048, 52155)","(0, 52048, 52155)","(0, 52048, 52155)",False,True
1385,5004,5,age,0.82421875,True,True,True,False,"(0, 52048, 52156)","(0, 52048, 52156)","(0, 52048, 52156)",False,True
1386,5006,5,age,0.07421875,True,True,True,False,"(0, 53744, 53753)","(0, 53744, 53753)","(0, 53744, 53753)",False,True
1387,5006,5,age,0.69921875,False,False,False,False,"(0, 53736, 53753)","(0, 53736, 53753)","(0, 53736, 53753)",False,True
1388,5006,5,age,0.76171875,True,True,True,False,"(0, 53672, 53754)","(0, 53672, 53754)","(0, 53672, 53754)",False,True
1389,5008,5,age,0.13671875,True,True,True,False,"(0, 52120, 52219)","(0, 52120, 52219)","(0, 52120, 52219)",False,True
1390,5008,5,age,0.69921875,False,False,False,False,"(0, 52048, 52219)","(0, 52048, 52219)","(0, 52048, 52219)",False,True
1391,5008,5,age,0.82421875,True,True,True,False,"(0, 52048, 52220)","(0, 52048, 52220)","(0, 52048, 52220)",False,True
1392,5010,5,age,0.07421875,True,True,True,False,"(0, 53744, 53753)","(0, 53744, 53753)","(0, 53744, 53753)",False,True
1393,5010,5,age,0.69921875,False,False,False,False,"(0, 53736, 53753)","(0, 53736, 53753)","(0, 53736, 53753)",False,True
1394,5010,5,age,0.97265625,True,True,True,False,"(0, 53728, 53754)","(0, 53728, 53754)","(0, 53728, 53754)",False,True
1395,5012,5,age,0.13671875,True,True,True,False,"(0, 52120, 52219)","(0, 52120, 52219)","(0, 52120, 52219)",False,True
1396,5012,5,age,0.69921875,False,False,False,False,"(0, 52048, 52219)","(0, 52048, 52219)","(0, 52048, 52219)",False,True
1397,5012,5,age,0.82421875,True,True,True,False,"(0, 52048, 52220)","(0, 52048, 52220)","(0, 52048, 52220)",False,True
1398,5013,5,age,0.12109375,True,True,True,False,"(0, 53288, 53177)","(0, 53288, 53177)","(0, 53288, 53177)",False,True
1399,5013,5,age,0.30078125,True,True,True,False,"(0, 53224, 53176)","(0, 53224, 53176)","(0, 53224, 53176)",False,True
1400,5013,5,age,0.92578125,False,False,False,False,"(0, 53168, 53176)","(0, 53168, 53176)","(0, 53168, 53176)",False,True
1401,5018,5,age,0.13671875,True,True,True,False,"(0, 53272, 53179)","(0, 53272, 53179)","(0, 53272, 53179)",False,True
1402,5018,5,age,0.69921875,False,False,False,False,"(0, 53200, 53179)","(0, 53200, 53179)","(0, 53200, 53179)",False,True
1403,5018,5,age,0.82421875,True,True,True,False,"(0, 53200, 53180)","(0, 53200, 53180)","(0, 53200, 53180)",False,True
1404,5020,5,age,0.13671875,True,True,True,False,"(0, 53272, 53243)","(0, 53272, 53243)","(0, 53272, 53243)",False,True
1405,5020,5,age,0.69921875,False,False,False,False,"(0, 53200, 53243)","(0, 53200, 53243)","(0, 53200, 53243)",False,True
1406,5020,5,age,0.82421875,True,True,True,False,"(0, 53200, 53244)","(0, 53200, 53244)","(0, 53200, 53244)",False,True
1407,5022,5,age,0.13671875,True,True,True,False,"(0, 53272, 53307)","(0, 53272, 53307)","(0, 53272, 53307)",False,True
1408,5022,5,age,0.69921875,False,False,False,False,"(0, 53200, 53307)","(0, 53200, 53307)","(0, 53200, 53307)",False,True
1409,5022,5,age,0.82421875,True,True,True,False,"(0, 53200, 53308)","(0, 53200, 53308)","(0, 53200, 53308)",False,True
1410,5024,5,age,0.07421875,True,True,True,False,"(0, 54896, 54905)","(0, 54896, 54905)","(0, 54896, 54905)",False,True
1411,5024,5,age,0.69921875,False,False,False,False,"(0, 54888, 54905)","(0, 54888, 54905)","(0, 54888, 54905)",False,True
1412,5024,5,age,0.76171875,True,True,True,False,"(0, 54824, 54906)","(0, 54824, 54906)","(0, 54824, 54906)",False,True
1413,5026,5,age,0.13671875,True,True,True,False,"(0, 53272, 53371)","(0, 53272, 53371)","(0, 53272, 53371)",False,True
1414,5026,5,age,0.69921875,False,False,False,False,"(0, 53200, 53371)","(0, 53200, 53371)","(0, 53200, 53371)",False,True
1415,5026,5,age,0.82421875,True,True,True,False,"(0, 53200, 53372)","(0, 53200, 53372)","(0, 53200, 53372)",False,True
1416,5028,5,age,0.07421875,True,True,True,False,"(0, 54896, 54905)","(0, 54896, 54905)","(0, 54896, 54905)",False,True
1417,5028,5,age,0.69921875,False,False,False,False,"(0, 54888, 54905)","(0, 54888, 54905)","(0, 54888, 54905)",False,True
1418,5028,5,age,0.97265625,True,True,True,False,"(0, 54880, 54906)","(0, 54880, 54906)","(0, 54880, 54906)",False,True
1419,5030,5,age,0.13671875,True,True,True,False,"(0, 53272, 53371)","(0, 53272, 53371)","(0, 53272, 53371)",False,True
1420,5030,5,age,0.69921875,False,False,False,False,"(0, 53200, 53371)","(0, 53200, 53371)","(0, 53200, 53371)",False,True
1421,5030,5,age,0.82421875,True,True,True,False,"(0, 53200, 53372)","(0, 53200, 53372)","(0, 53200, 53372)",False,True
1422,5031,5,age,0.12109375,True,True,True,False,"(0, 53672, 53561)","(0, 53672, 53561)","(0, 53672, 53561)",False,True
1423,5031,5,age,0.30078125,True,True,True,False,"(0, 53608, 53560)","(0, 53608, 53560)","(0, 53608, 53560)",False,True
1424,5031,5,age,0.92578125,False,False,False,False,"(0, 53552, 53560)","(0, 53552, 53560)","(0, 53552, 53560)",False,True
1425,5036,5,age,0.13671875,True,True,True,False,"(0, 53656, 53563)","(0, 53656, 53563)","(0, 53656, 53563)",False,True
1426,5036,5,age,0.69921875,False,False,False,False,"(0, 53584, 53563)","(0, 53584, 53563)","(0, 53584, 53563)",False,True
1427,5036,5,age,0.82421875,True,True,True,False,"(0, 53584, 53564)","(0, 53584, 53564)","(0, 53584, 53564)",False,True
1428,5038,5,age,0.13671875,True,True,True,False,"(0, 53656, 53627)","(0, 53656, 53627)","(0, 53656, 53627)",False,True
1429,5038,5,age,0.69921875,False,False,False,False,"(0, 53584, 53627)","(0, 53584, 53627)","(0, 53584, 53627)",False,True
1430,5038,5,age,0.82421875,True,True,True,False,"(0, 53584, 53628)","(0, 53584, 53628)","(0, 53584, 53628)",False,True
1431,5040,5,age,0.13671875,True,True,True,False,"(0, 53656, 53691)","(0, 53656, 53691)","(0, 53656, 53691)",False,True
1432,5040,5,age,0.69921875,False,False,False,False,"(0, 53584, 53691)","(0, 53584, 53691)","(0, 53584, 53691)",False,True
1433,5040,5,age,0.82421875,True,True,True,False,"(0, 53584, 53692)","(0, 53584, 53692)","(0, 53584, 53692)",False,True
1434,5042,5,age,0.07421875,True,True,True,False,"(0, 55280, 55289)","(0, 55280, 55289)","(0, 55280, 55289)",False,True
1435,5042,5,age,0.69921875,False,False,False,False,"(0, 55272, 55289)","(0, 55272, 55289)","(0, 55272, 55289)",False,True
1436,5042,5,age,0.76171875,True,True,True,False,"(0, 55208, 55290)","(0, 55208, 55290)","(0, 55208, 55290)",False,True
1437,5044,5,age,0.13671875,True,True,True,False,"(0, 53656, 53755)","(0, 53656, 53755)","(0, 53656, 53755)",False,True
1438,5044,5,age,0.69921875,False,False,False,False,"(0, 53584, 53755)","(0, 53584, 53755)","(0, 53584, 53755)",False,True
1439,5044,5,age,0.82421875,True,True,True,False,"(0, 53584, 53756)","(0, 53584, 53756)","(0, 53584, 53756)",False,True
1440,5046,5,age,0.07421875,True,True,True,False,"(0, 55280, 55289)","(0, 55280, 55289)","(0, 55280, 55289)",False,True
1441,5046,5,age,0.69921875,False,False,False,False,"(0, 55272, 55289)","(0, 55272, 55289)","(0, 55272, 55289)",False,True
1442,5046,5,age,0.97265625,True,True,True,False,"(0, 55264, 55290)","(0, 55264, 55290)","(0, 55264, 55290)",False,True
1443,5048,5,age,0.13671875,True,True,True,False,"(0, 53656, 53755)","(0, 53656, 53755)","(0, 53656, 53755)",False,True
1444,5048,5,age,0.69921875,False,False,False,False,"(0, 53584, 53755)","(0, 53584, 53755)","(0, 53584, 53755)",False,True
1445,5048,5,age,0.82421875,True,True,True,False,"(0, 53584, 53756)","(0, 53584, 53756)","(0, 53584, 53756)",False,True
1446,5049,5,age,0.12109375,True,True,True,False,"(0, 54824, 54713)","(0, 54824, 54713)","(0, 54824, 54713)",False,True
1447,5049,5,age,0.30078125,True,True,True,False,"(0, 54760, 54712)","(0, 54760, 54712)","(0, 54760, 54712)",False,True
1448,5049,5,age,0.92578125,False,False,False,False,"(0, 54704, 54712)","(0, 54704, 54712)","(0, 54704, 54712)",False,True
1449,5054,5,age,0.13671875,True,True,True,False,"(0, 54808, 54715)","(0, 54808, 54715)","(0, 54808, 54715)",False,True
1450,5054,5,age,0.69921875,False,False,False,False,"(0, 54736, 54715)","(0, 54736, 54715)","(0, 54736, 54715)",False,True
1451,5054,5,age,0.82421875,True,True,True,False,"(0, 54736, 54716)","(0, 54736, 54716)","(0, 54736, 54716)",False,True
1452,5056,5,age,0.13671875,True,True,True,False,"(0, 54808, 54779)","(0, 54808, 54779)","(0, 54808, 54779)",False,True
1453,5056,5,age,0.69921875,False,False,False,False,"(0, 54736, 54779)","(0, 54736, 54779)","(0, 54736, 54779)",False,True
1454,5056,5,age,0.82421875,True,True,True,False,"(0, 54736, 54780)","(0, 54736, 54780)","(0, 54736, 54780)",False,True
1455,5058,5,age,0.13671875,True,True,True,False,"(0, 54808, 54843)","(0, 54808, 54843)","(0, 54808, 54843)",False,True
1456,5058,5,age,0.69921875,False,False,False,False,"(0, 54736, 54843)","(0, 54736, 54843)","(0, 54736, 54843)",False,True
1457,5058,5,age,0.82421875,True,True,True,False,"(0, 54736, 54844)","(0, 54736, 54844)","(0, 54736, 54844)",False,True
1458,5060,5,age,0.13671875,True,True,True,False,"(0, 54808, 54907)","(0, 54808, 54907)","(0, 54808, 54907)",False,True
1459,5060,5,age,0.69921875,False,False,False,False,"(0, 54736, 54907)","(0, 54736, 54907)","(0, 54736, 54907)",False,True
1460,5060,5,age,0.82421875,True,True,True,False,"(0, 54736, 54908)","(0, 54736, 54908)","(0, 54736, 54908)",False,True
1461,5062,5,age,0.13671875,True,True,True,False,"(0, 54808, 54907)","(0, 54808, 54907)","(0, 54808, 54907)",False,True
1462,5062,5,age,0.69921875,False,False,False,False,"(0, 54736, 54907)","(0, 54736, 54907)","(0, 54736, 54907)",False,True
1463,5062,5,age,0.82421875,True,True,True,False,"(0, 54736, 54908)","(0, 54736, 54908)","(0, 54736, 54908)",False,True
1464,5063,5,age,0.12109375,True,True,True,False,"(0, 55208, 55097)","(0, 55208, 55097)","(0, 55208, 55097)",False,True
1465,5063,5,age,0.30078125,True,True,True,False,"(0, 55144, 55096)","(0, 55144, 55096)","(0, 55144, 55096)",False,True
1466,5063,5,age,0.92578125,False,False,False,False,"(0, 55088, 55096)","(0, 55088, 55096)","(0, 55088, 55096)",False,True
1467,5068,5,age,0.13671875,True,True,True,False,"(0, 55192, 55099)","(0, 55192, 55099)","(0, 55192, 55099)",False,True
1468,5068,5,age,0.69921875,False,False,False,False,"(0, 55120, 55099)","(0, 55120, 55099)","(0, 55120, 55099)",False,True
1469,5068,5,age,0.82421875,True,True,True,False,"(0, 55120, 55100)","(0, 55120, 55100)","(0, 55120, 55100)",False,True
1470,5070,5,age,0.13671875,True,True,True,False,"(0, 55192, 55163)","(0, 55192, 55163)","(0, 55192, 55163)",False,True
1471,5070,5,age,0.69921875,False,False,False,False,"(0, 55120, 55163)","(0, 55120, 55163)","(0, 55120, 55163)",False,True
1472,5070,5,age,0.82421875,True,True,True,False,"(0, 55120, 55164)","(0, 55120, 55164)","(0, 55120, 55164)",False,True
1473,5072,5,age,0.13671875,True,True,True,False,"(0, 55192, 55227)","(0, 55192, 55227)","(0, 55192, 55227)",False,True
1474,5072,5,age,0.69921875,False,False,False,False,"(0, 55120, 55227)","(0, 55120, 55227)","(0, 55120, 55227)",False,True
1475,5072,5,age,0.82421875,True,True,True,False,"(0, 55120, 55228)","(0, 55120, 55228)","(0, 55120, 55228)",False,True
1476,5074,5,age,0.13671875,True,True,True,False,"(0, 55192, 55291)","(0, 55192, 55291)","(0, 55192, 55291)",False,True
1477,5074,5,age,0.69921875,False,False,False,False,"(0, 55120, 55291)","(0, 55120, 55291)","(0, 55120, 55291)",False,True
1478,5074,5,age,0.82421875,True,True,True,False,"(0, 55120, 55292)","(0, 55120, 55292)","(0, 55120, 55292)",False,True
1479,5076,5,age,0.13671875,True,True,True,False,"(0, 55192, 55291)","(0, 55192, 55291)","(0, 55192, 55291)",False,True
1480,5076,5,age,0.69921875,False,False,False,False,"(0, 55120, 55291)","(0, 55120, 55291)","(0, 55120, 55291)",False,True
1481,5076,5,age,0.82421875,True,True,True,False,"(0, 55120, 55292)","(0, 55120, 55292)","(0, 55120, 55292)",False,True
1482,5077,5,age,0.12109375,True,True,True,False,"(0, 56360, 56249)","(0, 56360, 56249)","(0, 56360, 56249)",False,True
1483,5077,5,age,0.30078125,True,True,True,False,"(0, 56296, 56248)","(0, 56296, 56248)","(0, 56296, 56248)",False,True
1484,5077,5,age,0.92578125,False,False,False,False,"(0, 56240, 56248)","(0, 56240, 56248)","(0, 56240, 56248)",False,True
1485,5082,5,age,0.13671875,True,True,True,False,"(0, 56344, 56251)","(0, 56344, 56251)","(0, 56344, 56251)",False,True
1486,5082,5,age,0.69921875,False,False,False,False,"(0, 56272, 56251)","(0, 56272, 56251)","(0, 56272, 56251)",False,True
1487,5082,5,age,0.82421875,True,True,True,False,"(0, 56272, 56252)","(0, 56272, 56252)","(0, 56272, 56252)",False,True
1488,5084,5,age,0.13671875,True,True,True,False,"(0, 56344, 56315)","(0, 56344, 56315)","(0, 56344, 56315)",False,True
1489,5084,5,age,0.69921875,False,False,False,False,"(0, 56272, 56315)","(0, 56272, 56315)","(0, 56272, 56315)",False,True
1490,5084,5,age,0.82421875,True,True,True,False,"(0, 56272, 56316)","(0, 56272, 56316)","(0, 56272, 56316)",False,True
1491,5086,5,age,0.13671875,True,True,True,False,"(0, 56344, 56379)","(0, 56344, 56379)","(0, 56344, 56379)",False,True
1492,5086,5,age,0.69921875,False,False,False,False,"(0, 56272, 56379)","(0, 56272, 56379)","(0, 56272, 56379)",False,True
1493,5086,5,age,0.82421875,True,True,True,False,"(0, 56272, 56380)","(0, 56272, 56380)","(0, 56272, 56380)",False,True
1494,5088,5,age,0.13671875,True,True,True,False,"(0, 56344, 56443)","(0, 56344, 56443)","(0, 56344, 56443)",False,True
1495,5088,5,age,0.69921875,False,False,False,False,"(0, 56272, 56443)","(0, 56272, 56443)","(0, 56272, 56443)",False,True
1496,5088,5,age,0.82421875,True,True,True,False,"(0, 56272, 56444)","(0, 56272, 56444)","(0, 56272, 56444)",False,True
1497,5090,5,age,0.13671875,True,True,True,False,"(0, 56344, 56443)","(0, 56344, 56443)","(0, 56344, 56443)",False,True
1498,5090,5,age,0.69921875,False,False,False,False,"(0, 56272, 56443)","(0, 56272, 56443)","(0, 56272, 56443)",False,True
1499,5090,5,age,0.82421875,True,True,True,False,"(0, 56272, 56444)","(0, 56272, 56444)","(0, 56272, 56444)",False,True
1500,5091,5,age,0.12109375,True,True,True,False,"(0, 56744, 56633)","(0, 56744, 56633)","(0, 56744, 56633)",False,True
1501,5091,5,age,0.30078125,True,True,True,False,"(0, 56680, 56632)","(0, 56680, 56632)","(0, 56680, 56632)",False,True
1502,5091,5,age,0.92578125,False,False,False,False,"(0, 56624, 56632)","(0, 56624, 56632)","(0, 56624, 56632)",False,True
1503,5096,5,age,0.13671875,True,True,True,False,"(0, 56728, 56635)","(0, 56728, 56635)","(0, 56728, 56635)",False,True
1504,5096,5,age,0.69921875,False,False,False,False,"(0, 56656, 56635)","(0, 56656, 56635)","(0, 56656, 56635)",False,True
1505,5096,5,age,0.82421875,True,True,True,False,"(0, 56656, 56636)","(0, 56656, 56636)","(0, 56656, 56636)",False,True
1506,5098,5,age,0.13671875,True,True,True,False,"(0, 56728, 56699)","(0, 56728, 56699)","(0, 56728, 56699)",False,True
1507,5098,5,age,0.69921875,False,False,False,False,"(0, 56656, 56699)","(0, 56656, 56699)","(0, 56656, 56699)",False,True
1508,5098,5,age,0.82421875,True,True,True,False,"(0, 56656, 56700)","(0, 56656, 56700)","(0, 56656, 56700)",False,True
1509,5100,5,age,0.13671875,True,True,True,False,"(0, 56728, 56763)","(0, 56728, 56763)","(0, 56728, 56763)",False,True
1510,5100,5,age,0.69921875,False,False,False,False,"(0, 56656, 56763)","(0, 56656, 56763)","(0, 56656, 56763)",False,True
1511,5100,5,age,0.82421875,True,True,True,False,"(0, 56656, 56764)","(0, 56656, 56764)","(0, 56656, 56764)",False,True
1512,5102,5,age,0.13671875,True,True,True,False,"(0, 56728, 56827)","(0, 56728, 56827)","(0, 56728, 56827)",False,True
1513,5102,5,age,0.69921875,False,False,False,False,"(0, 56656, 56827)","(0, 56656, 56827)","(0, 56656, 56827)",False,True
1514,5102,5,age,0.82421875,True,True,True,False,"(0, 56656, 56828)","(0, 56656, 56828)","(0, 56656, 56828)",False,True
1515,5104,5,age,0.13671875,True,True,True,False,"(0, 56728, 56827)","(0, 56728, 56827)","(0, 56728, 56827)",False,True
1516,5104,5,age,0.69921875,False,False,False,False,"(0, 56656, 56827)","(0, 56656, 56827)","(0, 56656, 56827)",False,True
1517,5104,5,age,0.82421875,True,True,True,False,"(0, 56656, 56828)","(0, 56656, 56828)","(0, 56656, 56828)",False,True
1518,5106,5,age,0.07421875,True,True,True,False,"(0, 44912, 44921)","(0, 44912, 44921)","(0, 44912, 44921)",False,True
1519,5106,5,age,0.69921875,False,False,False,False,"(0, 44904, 44921)","(0, 44904, 44921)","(0, 44904, 44921)",False,True
1520,5106,5,age,0.76171875,True,True,True,False,"(0, 44840, 44922)","(0, 44840, 44922)","(0, 44840, 44922)",False,True
1521,5108,5,age,0.07421875,True,True,True,False,"(0, 44912, 44921)","(0, 44912, 44921)","(0, 44912, 44921)",False,True
1522,5108,5,age,0.69921875,False,False,False,False,"(0, 44904, 44921)","(0, 44904, 44921)","(0, 44904, 44921)",False,True
1523,5108,5,age,0.97265625,True,True,True,False,"(0, 44896, 44922)","(0, 44896, 44922)","(0, 44896, 44922)",False,True
1524,5110,5,age,0.07421875,True,True,True,False,"(0, 45296, 45305)","(0, 45296, 45305)","(0, 45296, 45305)",False,True
1525,5110,5,age,0.69921875,False,False,False,False,"(0, 45288, 45305)","(0, 45288, 45305)","(0, 45288, 45305)",False,True
1526,5110,5,age,0.76171875,True,True,True,False,"(0, 45224, 45306)","(0, 45224, 45306)","(0, 45224, 45306)",False,True
1527,5112,5,age,0.07421875,True,True,True,False,"(0, 45296, 45305)","(0, 45296, 45305)","(0, 45296, 45305)",False,True
1528,5112,5,age,0.69921875,False,False,False,False,"(0, 45288, 45305)","(0, 45288, 45305)","(0, 45288, 45305)",False,True
1529,5112,5,age,0.97265625,True,True,True,False,"(0, 45280, 45306)","(0, 45280, 45306)","(0, 45280, 45306)",False,True
1530,5114,5,age,0.07421875,True,True,True,False,"(0, 45296, 45305)","(0, 45296, 45305)","(0, 45296, 45305)",False,True
1531,5114,5,age,0.69921875,False,False,False,False,"(0, 45288, 45305)","(0, 45288, 45305)","(0, 45288, 45305)",False,True
1532,5114,5,age,0.76171875,True,True,True,False,"(0, 45224, 45306)","(0, 45224, 45306)","(0, 45224, 45306)",False,True
1533,5116,5,age,0.07421875,True,True,True,False,"(0, 45296, 45305)","(0, 45296, 45305)","(0, 45296, 45305)",False,True
1534,5116,5,age,0.69921875,False,False,False,False,"(0, 45288, 45305)","(0, 45288, 45305)","(0, 45288, 45305)",False,True
1535,5116,5,age,0.97265625,True,True,True,False,"(0, 45280, 45306)","(0, 45280, 45306)","(0, 45280, 45306)",False,True
1536,5118,5,age,0.07421875,True,True,True,False,"(0, 67184, 67193)","(0, 67184, 67193)","(0, 67184, 67193)",False,True
1537,5118,5,age,0.69921875,False,False,False,False,"(0, 67176, 67193)","(0, 67176, 67193)","(0, 67176, 67193)",False,True
1538,5118,5,age,0.76171875,True,True,True,False,"(0, 67112, 67194)","(0, 67112, 67194)","(0, 67112, 67194)",False,True
1539,5120,5,age,0.07421875,True,True,True,False,"(0, 67184, 67193)","(0, 67184, 67193)","(0, 67184, 67193)",False,True
1540,5120,5,age,0.69921875,False,False,False,False,"(0, 67176, 67193)","(0, 67176, 67193)","(0, 67176, 67193)",False,True
1541,5120,5,age,0.97265625,True,True,True,False,"(0, 67168, 67194)","(0, 67168, 67194)","(0, 67168, 67194)",False,True
1542,5122,5,age,0.07421875,True,True,True,False,"(0, 67568, 67577)","(0, 67568, 67577)","(0, 67568, 67577)",False,True
1543,5122,5,age,0.69921875,False,False,False,False,"(0, 67560, 67577)","(0, 67560, 67577)","(0, 67560, 67577)",False,True
1544,5122,5,age,0.76171875,True,True,True,False,"(0, 67496, 67578)","(0, 67496, 67578)","(0, 67496, 67578)",False,True
1545,5124,5,age,0.07421875,True,True,True,False,"(0, 67568, 67577)","(0, 67568, 67577)","(0, 67568, 67577)",False,True
1546,5124,5,age,0.69921875,False,False,False,False,"(0, 67560, 67577)","(0, 67560, 67577)","(0, 67560, 67577)",False,True
1547,5124,5,age,0.97265625,True,True,True,False,"(0, 67552, 67578)","(0, 67552, 67578)","(0, 67552, 67578)",False,True
1548,5125,5,age,0.12109375,True,True,True,False,"(0, 44840, 44729)","(0, 44840, 44729)","(0, 44840, 44729)",False,True
1549,5125,5,age,0.30078125,True,True,True,False,"(0, 44776, 44728)","(0, 44776, 44728)","(0, 44776, 44728)",False,True
1550,5125,5,age,0.92578125,False,False,False,False,"(0, 44720, 44728)","(0, 44720, 44728)","(0, 44720, 44728)",False,True
1551,5130,5,age,0.13671875,True,True,True,False,"(0, 44824, 44731)","(0, 44824, 44731)","(0, 44824, 44731)",False,True
1552,5130,5,age,0.69921875,False,False,False,False,"(0, 44752, 44731)","(0, 44752, 44731)","(0, 44752, 44731)",False,True
1553,5130,5,age,0.82421875,True,True,True,False,"(0, 44752, 44732)","(0, 44752, 44732)","(0, 44752, 44732)",False,True
1554,5132,5,age,0.13671875,True,True,True,False,"(0, 44824, 44795)","(0, 44824, 44795)","(0, 44824, 44795)",False,True
1555,5132,5,age,0.69921875,False,False,False,False,"(0, 44752, 44795)","(0, 44752, 44795)","(0, 44752, 44795)",False,True
1556,5132,5,age,0.82421875,True,True,True,False,"(0, 44752, 44796)","(0, 44752, 44796)","(0, 44752, 44796)",False,True
1557,5134,5,age,0.13671875,True,True,True,False,"(0, 44824, 44859)","(0, 44824, 44859)","(0, 44824, 44859)",False,True
1558,5134,5,age,0.69921875,False,False,False,False,"(0, 44752, 44859)","(0, 44752, 44859)","(0, 44752, 44859)",False,True
1559,5134,5,age,0.82421875,True,True,True,False,"(0, 44752, 44860)","(0, 44752, 44860)","(0, 44752, 44860)",False,True
1560,5136,5,age,0.07421875,True,True,True,False,"(0, 46448, 46457)","(0, 46448, 46457)","(0, 46448, 46457)",False,True
1561,5136,5,age,0.69921875,False,False,False,False,"(0, 46440, 46457)","(0, 46440, 46457)","(0, 46440, 46457)",False,True
1562,5136,5,age,0.76171875,True,True,True,False,"(0, 46376, 46458)","(0, 46376, 46458)","(0, 46376, 46458)",False,True
1563,5138,5,age,0.13671875,True,True,True,False,"(0, 44824, 44923)","(0, 44824, 44923)","(0, 44824, 44923)",False,True
1564,5138,5,age,0.69921875,False,False,False,False,"(0, 44752, 44923)","(0, 44752, 44923)","(0, 44752, 44923)",False,True
1565,5138,5,age,0.82421875,True,True,True,False,"(0, 44752, 44924)","(0, 44752, 44924)","(0, 44752, 44924)",False,True
1566,5140,5,age,0.07421875,True,True,True,False,"(0, 46448, 46457)","(0, 46448, 46457)","(0, 46448, 46457)",False,True
1567,5140,5,age,0.69921875,False,False,False,False,"(0, 46440, 46457)","(0, 46440, 46457)","(0, 46440, 46457)",False,True
1568,5140,5,age,0.97265625,True,True,True,False,"(0, 46432, 46458)","(0, 46432, 46458)","(0, 46432, 46458)",False,True
1569,5142,5,age,0.13671875,True,True,True,False,"(0, 44824, 44923)","(0, 44824, 44923)","(0, 44824, 44923)",False,True
1570,5142,5,age,0.69921875,False,False,False,False,"(0, 44752, 44923)","(0, 44752, 44923)","(0, 44752, 44923)",False,True
1571,5142,5,age,0.82421875,True,True,True,False,"(0, 44752, 44924)","(0, 44752, 44924)","(0, 44752, 44924)",False,True
1572,5143,5,age,0.12109375,True,True,True,False,"(0, 45224, 45113)","(0, 45224, 45113)","(0, 45224, 45113)",False,True
1573,5143,5,age,0.30078125,True,True,True,False,"(0, 45160, 45112)","(0, 45160, 45112)","(0, 45160, 45112)",False,True
1574,5143,5,age,0.92578125,False,False,False,False,"(0, 45104, 45112)","(0, 45104, 45112)","(0, 45104, 45112)",False,True
1575,5148,5,age,0.13671875,True,True,True,False,"(0, 45208, 45115)","(0, 45208, 45115)","(0, 45208, 45115)",False,True
1576,5148,5,age,0.69921875,False,False,False,False,"(0, 45136, 45115)","(0, 45136, 45115)","(0, 45136, 45115)",False,True
1577,5148,5,age,0.82421875,True,True,True,False,"(0, 45136, 45116)","(0, 45136, 45116)","(0, 45136, 45116)",False,True
1578,5150,5,age,0.13671875,True,True,True,False,"(0, 45208, 45179)","(0, 45208, 45179)","(0, 45208, 45179)",False,True
1579,5150,5,age,0.69921875,False,False,False,False,"(0, 45136, 45179)","(0, 45136, 45179)","(0, 45136, 45179)",False,True
1580,5150,5,age,0.82421875,True,True,True,False,"(0, 45136, 45180)","(0, 45136, 45180)","(0, 45136, 45180)",False,True
1581,5152,5,age,0.13671875,True,True,True,False,"(0, 45208, 45243)","(0, 45208, 45243)","(0, 45208, 45243)",False,True
1582,5152,5,age,0.69921875,False,False,False,False,"(0, 45136, 45243)","(0, 45136, 45243)","(0, 45136, 45243)",False,True
1583,5152,5,age,0.82421875,True,True,True,False,"(0, 45136, 45244)","(0, 45136, 45244)","(0, 45136, 45244)",False,True
1584,5154,5,age,0.07421875,True,True,True,False,"(0, 46832, 46841)","(0, 46832, 46841)","(0, 46832, 46841)",False,True
1585,5154,5,age,0.69921875,False,False,False,False,"(0, 46824, 46841)","(0, 46824, 46841)","(0, 46824, 46841)",False,True
1586,5154,5,age,0.76171875,True,True,True,False,"(0, 46760, 46842)","(0, 46760, 46842)","(0, 46760, 46842)",False,True
1587,5156,5,age,0.13671875,True,True,True,False,"(0, 45208, 45307)","(0, 45208, 45307)","(0, 45208, 45307)",False,True
1588,5156,5,age,0.69921875,False,False,False,False,"(0, 45136, 45307)","(0, 45136, 45307)","(0, 45136, 45307)",False,True
1589,5156,5,age,0.82421875,True,True,True,False,"(0, 45136, 45308)","(0, 45136, 45308)","(0, 45136, 45308)",False,True
1590,5158,5,age,0.07421875,True,True,True,False,"(0, 46832, 46841)","(0, 46832, 46841)","(0, 46832, 46841)",False,True
1591,5158,5,age,0.69921875,False,False,False,False,"(0, 46824, 46841)","(0, 46824, 46841)","(0, 46824, 46841)",False,True
1592,5158,5,age,0.97265625,True,True,True,False,"(0, 46816, 46842)","(0, 46816, 46842)","(0, 46816, 46842)",False,True
1593,5160,5,age,0.13671875,True,True,True,False,"(0, 45208, 45307)","(0, 45208, 45307)","(0, 45208, 45307)",False,True
1594,5160,5,age,0.69921875,False,False,False,False,"(0, 45136, 45307)","(0, 45136, 45307)","(0, 45136, 45307)",False,True
1595,5160,5,age,0.82421875,True,True,True,False,"(0, 45136, 45308)","(0, 45136, 45308)","(0, 45136, 45308)",False,True
1596,5161,5,age,0.12109375,True,True,True,False,"(0, 45224, 45113)","(0, 45224, 45113)","(0, 45224, 45113)",False,True
1597,5161,5,age,0.30078125,True,True,True,False,"(0, 45160, 45112)","(0, 45160, 45112)","(0, 45160, 45112)",False,True
1598,5161,5,age,0.92578125,False,False,False,False,"(0, 45104, 45112)","(0, 45104, 45112)","(0, 45104, 45112)",False,True
1599,5166,5,age,0.13671875,True,True,True,False,"(0, 45208, 45115)","(0, 45208, 45115)","(0, 45208, 45115)",False,True
1600,5166,5,age,0.69921875,False,False,False,False,"(0, 45136, 45115)","(0, 45136, 45115)","(0, 45136, 45115)",False,True
1601,5166,5,age,0.82421875,True,True,True,False,"(0, 45136, 45116)","(0, 45136, 45116)","(0, 45136, 45116)",False,True
1602,5168,5,age,0.13671875,True,True,True,False,"(0, 45208, 45179)","(0, 45208, 45179)","(0, 45208, 45179)",False,True
1603,5168,5,age,0.69921875,False,False,False,False,"(0, 45136, 45179)","(0, 45136, 45179)","(0, 45136, 45179)",False,True
1604,5168,5,age,0.82421875,True,True,True,False,"(0, 45136, 45180)","(0, 45136, 45180)","(0, 45136, 45180)",False,True
1605,5170,5,age,0.13671875,True,True,True,False,"(0, 45208, 45243)","(0, 45208, 45243)","(0, 45208, 45243)",False,True
1606,5170,5,age,0.69921875,False,False,False,False,"(0, 45136, 45243)","(0, 45136, 45243)","(0, 45136, 45243)",False,True
1607,5170,5,age,0.82421875,True,True,True,False,"(0, 45136, 45244)","(0, 45136, 45244)","(0, 45136, 45244)",False,True
1608,5172,5,age,0.07421875,True,True,True,False,"(0, 46832, 46841)","(0, 46832, 46841)","(0, 46832, 46841)",False,True
1609,5172,5,age,0.69921875,False,False,False,False,"(0, 46824, 46841)","(0, 46824, 46841)","(0, 46824, 46841)",False,True
1610,5172,5,age,0.76171875,True,True,True,False,"(0, 46760, 46842)","(0, 46760, 46842)","(0, 46760, 46842)",False,True
1611,5174,5,age,0.13671875,True,True,True,False,"(0, 45208, 45307)","(0, 45208, 45307)","(0, 45208, 45307)",False,True
1612,5174,5,age,0.69921875,False,False,False,False,"(0, 45136, 45307)","(0, 45136, 45307)","(0, 45136, 45307)",False,True
1613,5174,5,age,0.82421875,True,True,True,False,"(0, 45136, 45308)","(0, 45136, 45308)","(0, 45136, 45308)",False,True
1614,5176,5,age,0.07421875,True,True,True,False,"(0, 46832, 46841)","(0, 46832, 46841)","(0, 46832, 46841)",False,True
1615,5176,5,age,0.69921875,False,False,False,False,"(0, 46824, 46841)","(0, 46824, 46841)","(0, 46824, 46841)",False,True
1616,5176,5,age,0.97265625,True,True,True,False,"(0, 46816, 46842)","(0, 46816, 46842)","(0, 46816, 46842)",False,True
1617,5178,5,age,0.13671875,True,True,True,False,"(0, 45208, 45307)","(0, 45208, 45307)","(0, 45208, 45307)",False,True
1618,5178,5,age,0.69921875,False,False,False,False,"(0, 45136, 45307)","(0, 45136, 45307)","(0, 45136, 45307)",False,True
1619,5178,5,age,0.82421875,True,True,True,False,"(0, 45136, 45308)","(0, 45136, 45308)","(0, 45136, 45308)",False,True
1620,5179,5,age,0.12109375,True,True,True,False,"(0, 67112, 67001)","(0, 67112, 67001)","(0, 67112, 67001)",False,True
1621,5179,5,age,0.30078125,True,True,True,False,"(0, 67048, 67000)","(0, 67048, 67000)","(0, 67048, 67000)",False,True
1622,5179,5,age,0.92578125,False,False,False,False,"(0, 66992, 67000)","(0, 66992, 67000)","(0, 66992, 67000)",False,True
1623,5184,5,age,0.13671875,True,True,True,False,"(0, 67096, 67003)","(0, 67096, 67003)","(0, 67096, 67003)",False,True
1624,5184,5,age,0.69921875,False,False,False,False,"(0, 67024, 67003)","(0, 67024, 67003)","(0, 67024, 67003)",False,True
1625,5184,5,age,0.82421875,True,True,True,False,"(0, 67024, 67004)","(0, 67024, 67004)","(0, 67024, 67004)",False,True
1626,5186,5,age,0.13671875,True,True,True,False,"(0, 67096, 67067)","(0, 67096, 67067)","(0, 67096, 67067)",False,True
1627,5186,5,age,0.69921875,False,False,False,False,"(0, 67024, 67067)","(0, 67024, 67067)","(0, 67024, 67067)",False,True
1628,5186,5,age,0.82421875,True,True,True,False,"(0, 67024, 67068)","(0, 67024, 67068)","(0, 67024, 67068)",False,True
1629,5188,5,age,0.13671875,True,True,True,False,"(0, 67096, 67131)","(0, 67096, 67131)","(0, 67096, 67131)",False,True
1630,5188,5,age,0.69921875,False,False,False,False,"(0, 67024, 67131)","(0, 67024, 67131)","(0, 67024, 67131)",False,True
1631,5188,5,age,0.82421875,True,True,True,False,"(0, 67024, 67132)","(0, 67024, 67132)","(0, 67024, 67132)",False,True
1632,5190,5,age,0.07421875,True,True,True,False,"(0, 68720, 68729)","(0, 68720, 68729)","(0, 68720, 68729)",False,True
1633,5190,5,age,0.69921875,False,False,False,False,"(0, 68712, 68729)","(0, 68712, 68729)","(0, 68712, 68729)",False,True
1634,5190,5,age,0.76171875,True,True,True,False,"(0, 68648, 68730)","(0, 68648, 68730)","(0, 68648, 68730)",False,True
1635,5192,5,age,0.13671875,True,True,True,False,"(0, 67096, 67195)","(0, 67096, 67195)","(0, 67096, 67195)",False,True
1636,5192,5,age,0.69921875,False,False,False,False,"(0, 67024, 67195)","(0, 67024, 67195)","(0, 67024, 67195)",False,True
1637,5192,5,age,0.82421875,True,True,True,False,"(0, 67024, 67196)","(0, 67024, 67196)","(0, 67024, 67196)",False,True
1638,5194,5,age,0.07421875,True,True,True,False,"(0, 68720, 68729)","(0, 68720, 68729)","(0, 68720, 68729)",False,True
1639,5194,5,age,0.69921875,False,False,False,False,"(0, 68712, 68729)","(0, 68712, 68729)","(0, 68712, 68729)",False,True
1640,5194,5,age,0.97265625,True,True,True,False,"(0, 68704, 68730)","(0, 68704, 68730)","(0, 68704, 68730)",False,True
1641,5196,5,age,0.13671875,True,True,True,False,"(0, 67096, 67195)","(0, 67096, 67195)","(0, 67096, 67195)",False,True
1642,5196,5,age,0.69921875,False,False,False,False,"(0, 67024, 67195)","(0, 67024, 67195)","(0, 67024, 67195)",False,True
1643,5196,5,age,0.82421875,True,True,True,False,"(0, 67024, 67196)","(0, 67024, 67196)","(0, 67024, 67196)",False,True
1644,5197,5,age,0.12109375,True,True,True,False,"(0, 67496, 67385)","(0, 67496, 67385)","(0, 67496, 67385)",False,True
1645,5197,5,age,0.30078125,True,True,True,False,"(0, 67432, 67384)","(0, 67432, 67384)","(0, 67432, 67384)",False,True
1646,5197,5,age,0.92578125,False,False,False,False,"(0, 67376, 67384)","(0, 67376, 67384)","(0, 67376, 67384)",False,True
1647,5202,5,age,0.13671875,True,True,True,False,"(0, 67480, 67387)","(0, 67480, 67387)","(0, 67480, 67387)",False,True
1648,5202,5,age,0.69921875,False,False,False,False,"(0, 67408, 67387)","(0, 67408, 67387)","(0, 67408, 67387)",False,True
1649,5202,5,age,0.82421875,True,True,True,False,"(0, 67408, 67388)","(0, 67408, 67388)","(0, 67408, 67388)",False,True
1650,5204,5,age,0.13671875,True,True,True,False,"(0, 67480, 67451)","(0, 67480, 67451)","(0, 67480, 67451)",False,True
1651,5204,5,age,0.69921875,False,False,False,False,"(0, 67408, 67451)","(0, 67408, 67451)","(0, 67408, 67451)",False,True
1652,5204,5,age,0.82421875,True,True,True,False,"(0, 67408, 67452)","(0, 67408, 67452)","(0, 67408, 67452)",False,True
1653,5206,5,age,0.13671875,True,True,True,False,"(0, 67480, 67515)","(0, 67480, 67515)","(0, 67480, 67515)",False,True
1654,5206,5,age,0.69921875,False,False,False,False,"(0, 67408, 67515)","(0, 67408, 67515)","(0, 67408, 67515)",False,True
1655,5206,5,age,0.82421875,True,True,True,False,"(0, 67408, 67516)","(0, 67408, 67516)","(0, 67408, 67516)",False,True
1656,5208,5,age,0.07421875,True,True,True,False,"(0, 69104, 69113)","(0, 69104, 69113)","(0, 69104, 69113)",False,True
1657,5208,5,age,0.69921875,False,False,False,False,"(0, 69096, 69113)","(0, 69096, 69113)","(0, 69096, 69113)",False,True
1658,5208,5,age,0.76171875,True,True,True,False,"(0, 69032, 69114)","(0, 69032, 69114)","(0, 69032, 69114)",False,True
1659,5210,5,age,0.13671875,True,True,True,False,"(0, 67480, 67579)","(0, 67480, 67579)","(0, 67480, 67579)",False,True
1660,5210,5,age,0.69921875,False,False,False,False,"(0, 67408, 67579)","(0, 67408, 67579)","(0, 67408, 67579)",False,True
1661,5210,5,age,0.82421875,True,True,True,False,"(0, 67408, 67580)","(0, 67408, 67580)","(0, 67408, 67580)",False,True
1662,5212,5,age,0.07421875,True,True,True,False,"(0, 69104, 69113)","(0, 69104, 69113)","(0, 69104, 69113)",False,True
1663,5212,5,age,0.69921875,False,False,False,False,"(0, 69096, 69113)","(0, 69096, 69113)","(0, 69096, 69113)",False,True
1664,5212,5,age,0.97265625,True,True,True,False,"(0, 69088, 69114)","(0, 69088, 69114)","(0, 69088, 69114)",False,True
1665,5214,5,age,0.13671875,True,True,True,False,"(0, 67480, 67579)","(0, 67480, 67579)","(0, 67480, 67579)",False,True
1666,5214,5,age,0.69921875,False,False,False,False,"(0, 67408, 67579)","(0, 67408, 67579)","(0, 67408, 67579)",False,True
1667,5214,5,age,0.82421875,True,True,True,False,"(0, 67408, 67580)","(0, 67408, 67580)","(0, 67408, 67580)",False,True
1668,5215,5,age,0.12109375,True,True,True,False,"(0, 46376, 46265)","(0, 46376, 46265)","(0, 46376, 46265)",False,True
1669,5215,5,age,0.30078125,True,True,True,False,"(0, 46312, 46264)","(0, 46312, 46264)","(0, 46312, 46264)",False,True
1670,5215,5,age,0.92578125,False,False,False,False,"(0, 46256, 46264)","(0, 46256, 46264)","(0, 46256, 46264)",False,True
1671,5220,5,age,0.13671875,True,True,True,False,"(0, 46360, 46267)","(0, 46360, 46267)","(0, 46360, 46267)",False,True
1672,5220,5,age,0.69921875,False,False,False,False,"(0, 46288, 46267)","(0, 46288, 46267)","(0, 46288, 46267)",False,True
1673,5220,5,age,0.82421875,True,True,True,False,"(0, 46288, 46268)","(0, 46288, 46268)","(0, 46288, 46268)",False,True
1674,5222,5,age,0.13671875,True,True,True,False,"(0, 46360, 46331)","(0, 46360, 46331)","(0, 46360, 46331)",False,True
1675,5222,5,age,0.69921875,False,False,False,False,"(0, 46288, 46331)","(0, 46288, 46331)","(0, 46288, 46331)",False,True
1676,5222,5,age,0.82421875,True,True,True,False,"(0, 46288, 46332)","(0, 46288, 46332)","(0, 46288, 46332)",False,True
1677,5224,5,age,0.13671875,True,True,True,False,"(0, 46360, 46395)","(0, 46360, 46395)","(0, 46360, 46395)",False,True
1678,5224,5,age,0.69921875,False,False,False,False,"(0, 46288, 46395)","(0, 46288, 46395)","(0, 46288, 46395)",False,True
1679,5224,5,age,0.82421875,True,True,True,False,"(0, 46288, 46396)","(0, 46288, 46396)","(0, 46288, 46396)",False,True
1680,5226,5,age,0.07421875,True,True,True,False,"(0, 47984, 47993)","(0, 47984, 47993)","(0, 47984, 47993)",False,True
1681,5226,5,age,0.69921875,False,False,False,False,"(0, 47976, 47993)","(0, 47976, 47993)","(0, 47976, 47993)",False,True
1682,5226,5,age,0.76171875,True,True,True,False,"(0, 47912, 47994)","(0, 47912, 47994)","(0, 47912, 47994)",False,True
1683,5228,5,age,0.13671875,True,True,True,False,"(0, 46360, 46459)","(0, 46360, 46459)","(0, 46360, 46459)",False,True
1684,5228,5,age,0.69921875,False,False,False,False,"(0, 46288, 46459)","(0, 46288, 46459)","(0, 46288, 46459)",False,True
1685,5228,5,age,0.82421875,True,True,True,False,"(0, 46288, 46460)","(0, 46288, 46460)","(0, 46288, 46460)",False,True
1686,5230,5,age,0.07421875,True,True,True,False,"(0, 47984, 47993)","(0, 47984, 47993)","(0, 47984, 47993)",False,True
1687,5230,5,age,0.69921875,False,False,False,False,"(0, 47976, 47993)","(0, 47976, 47993)","(0, 47976, 47993)",False,True
1688,5230,5,age,0.97265625,True,True,True,False,"(0, 47968, 47994)","(0, 47968, 47994)","(0, 47968, 47994)",False,True
1689,5232,5,age,0.13671875,True,True,True,False,"(0, 46360, 46459)","(0, 46360, 46459)","(0, 46360, 46459)",False,True
1690,5232,5,age,0.69921875,False,False,False,False,"(0, 46288, 46459)","(0, 46288, 46459)","(0, 46288, 46459)",False,True
1691,5232,5,age,0.82421875,True,True,True,False,"(0, 46288, 46460)","(0, 46288, 46460)","(0, 46288, 46460)",False,True
1692,5233,5,age,0.12109375,True,True,True,False,"(0, 46760, 46649)","(0, 46760, 46649)","(0, 46760, 46649)",False,True
1693,5233,5,age,0.30078125,True,True,True,False,"(0, 46696, 46648)","(0, 46696, 46648)","(0, 46696, 46648)",False,True
1694,5233,5,age,0.92578125,False,False,False,False,"(0, 46640, 46648)","(0, 46640, 46648)","(0, 46640, 46648)",False,True
1695,5238,5,age,0.13671875,True,True,True,False,"(0, 46744, 46651)","(0, 46744, 46651)","(0, 46744, 46651)",False,True
1696,5238,5,age,0.69921875,False,False,False,False,"(0, 46672, 46651)","(0, 46672, 46651)","(0, 46672, 46651)",False,True
1697,5238,5,age,0.82421875,True,True,True,False,"(0, 46672, 46652)","(0, 46672, 46652)","(0, 46672, 46652)",False,True
1698,5240,5,age,0.13671875,True,True,True,False,"(0, 46744, 46715)","(0, 46744, 46715)","(0, 46744, 46715)",False,True
1699,5240,5,age,0.69921875,False,False,False,False,"(0, 46672, 46715)","(0, 46672, 46715)","(0, 46672, 46715)",False,True
1700,5240,5,age,0.82421875,True,True,True,False,"(0, 46672, 46716)","(0, 46672, 46716)","(0, 46672, 46716)",False,True
1701,5242,5,age,0.13671875,True,True,True,False,"(0, 46744, 46779)","(0, 46744, 46779)","(0, 46744, 46779)",False,True
1702,5242,5,age,0.69921875,False,False,False,False,"(0, 46672, 46779)","(0, 46672, 46779)","(0, 46672, 46779)",False,True
1703,5242,5,age,0.82421875,True,True,True,False,"(0, 46672, 46780)","(0, 46672, 46780)","(0, 46672, 46780)",False,True
1704,5244,5,age,0.07421875,True,True,True,False,"(0, 48368, 48377)","(0, 48368, 48377)","(0, 48368, 48377)",False,True
1705,5244,5,age,0.69921875,False,False,False,False,"(0, 48360, 48377)","(0, 48360, 48377)","(0, 48360, 48377)",False,True
1706,5244,5,age,0.76171875,True,True,True,False,"(0, 48296, 48378)","(0, 48296, 48378)","(0, 48296, 48378)",False,True
1707,5246,5,age,0.13671875,True,True,True,False,"(0, 46744, 46843)","(0, 46744, 46843)","(0, 46744, 46843)",False,True
1708,5246,5,age,0.69921875,False,False,False,False,"(0, 46672, 46843)","(0, 46672, 46843)","(0, 46672, 46843)",False,True
1709,5246,5,age,0.82421875,True,True,True,False,"(0, 46672, 46844)","(0, 46672, 46844)","(0, 46672, 46844)",False,True
1710,5248,5,age,0.07421875,True,True,True,False,"(0, 48368, 48377)","(0, 48368, 48377)","(0, 48368, 48377)",False,True
1711,5248,5,age,0.69921875,False,False,False,False,"(0, 48360, 48377)","(0, 48360, 48377)","(0, 48360, 48377)",False,True
1712,5248,5,age,0.97265625,True,True,True,False,"(0, 48352, 48378)","(0, 48352, 48378)","(0, 48352, 48378)",False,True
1713,5250,5,age,0.13671875,True,True,True,False,"(0, 46744, 46843)","(0, 46744, 46843)","(0, 46744, 46843)",False,True
1714,5250,5,age,0.69921875,False,False,False,False,"(0, 46672, 46843)","(0, 46672, 46843)","(0, 46672, 46843)",False,True
1715,5250,5,age,0.82421875,True,True,True,False,"(0, 46672, 46844)","(0, 46672, 46844)","(0, 46672, 46844)",False,True
1716,5251,5,age,0.12109375,True,True,True,False,"(0, 46760, 46649)","(0, 46760, 46649)","(0, 46760, 46649)",False,True
1717,5251,5,age,0.30078125,True,True,True,False,"(0, 46696, 46648)","(0, 46696, 46648)","(0, 46696, 46648)",False,True
1718,5251,5,age,0.92578125,False,False,False,False,"(0, 46640, 46648)","(0, 46640, 46648)","(0, 46640, 46648)",False,True
1719,5256,5,age,0.13671875,True,True,True,False,"(0, 46744, 46651)","(0, 46744, 46651)","(0, 46744, 46651)",False,True
1720,5256,5,age,0.69921875,False,False,False,False,"(0, 46672, 46651)","(0, 46672, 46651)","(0, 46672, 46651)",False,True
1721,5256,5,age,0.82421875,True,True,True,False,"(0, 46672, 46652)","(0, 46672, 46652)","(0, 46672, 46652)",False,True
1722,5258,5,age,0.13671875,True,True,True,False,"(0, 46744, 46715)","(0, 46744, 46715)","(0, 46744, 46715)",False,True
1723,5258,5,age,0.69921875,False,False,False,False,"(0, 46672, 46715)","(0, 46672, 46715)","(0, 46672, 46715)",False,True
1724,5258,5,age,0.82421875,True,True,True,False,"(0, 46672, 46716)","(0, 46672, 46716)","(0, 46672, 46716)",False,True
1725,5260,5,age,0.13671875,True,True,True,False,"(0, 46744, 46779)","(0, 46744, 46779)","(0, 46744, 46779)",False,True
1726,5260,5,age,0.69921875,False,False,False,False,"(0, 46672, 46779)","(0, 46672, 46779)","(0, 46672, 46779)",False,True
1727,5260,5,age,0.82421875,True,True,True,False,"(0, 46672, 46780)","(0, 46672, 46780)","(0, 46672, 46780)",False,True
1728,5262,5,age,0.07421875,True,True,True,False,"(0, 48368, 48377)","(0, 48368, 48377)","(0, 48368, 48377)",False,True
1729,5262,5,age,0.69921875,False,False,False,False,"(0, 48360, 48377)","(0, 48360, 48377)","(0, 48360, 48377)",False,True
1730,5262,5,age,0.76171875,True,True,True,False,"(0, 48296, 48378)","(0, 48296, 48378)","(0, 48296, 48378)",False,True
1731,5264,5,age,0.13671875,True,True,True,False,"(0, 46744, 46843)","(0, 46744, 46843)","(0, 46744, 46843)",False,True
1732,5264,5,age,0.69921875,False,False,False,False,"(0, 46672, 46843)","(0, 46672, 46843)","(0, 46672, 46843)",False,True
1733,5264,5,age,0.82421875,True,True,True,False,"(0, 46672, 46844)","(0, 46672, 46844)","(0, 46672, 46844)",False,True
1734,5266,5,age,0.07421875,True,True,True,False,"(0, 48368, 48377)","(0, 48368, 48377)","(0, 48368, 48377)",False,True
1735,5266,5,age,0.69921875,False,False,False,False,"(0, 48360, 48377)","(0, 48360, 48377)","(0, 48360, 48377)",False,True
1736,5266,5,age,0.97265625,True,True,True,False,"(0, 48352, 48378)","(0, 48352, 48378)","(0, 48352, 48378)",False,True
1737,5268,5,age,0.13671875,True,True,True,False,"(0, 46744, 46843)","(0, 46744, 46843)","(0, 46744, 46843)",False,True
1738,5268,5,age,0.69921875,False,False,False,False,"(0, 46672, 46843)","(0, 46672, 46843)","(0, 46672, 46843)",False,True
1739,5268,5,age,0.82421875,True,True,True,False,"(0, 46672, 46844)","(0, 46672, 46844)","(0, 46672, 46844)",False,True
1740,5269,5,age,0.12109375,True,True,True,False,"(0, 68648, 68537)","(0, 68648, 68537)","(0, 68648, 68537)",False,True
1741,5269,5,age,0.30078125,True,True,True,False,"(0, 68584, 68536)","(0, 68584, 68536)","(0, 68584, 68536)",False,True
1742,5269,5,age,0.92578125,False,False,False,False,"(0, 68528, 68536)","(0, 68528, 68536)","(0, 68528, 68536)",False,True
1743,5274,5,age,0.13671875,True,True,True,False,"(0, 68632, 68539)","(0, 68632, 68539)","(0, 68632, 68539)",False,True
1744,5274,5,age,0.69921875,False,False,False,False,"(0, 68560, 68539)","(0, 68560, 68539)","(0, 68560, 68539)",False,True
1745,5274,5,age,0.82421875,True,True,True,False,"(0, 68560, 68540)","(0, 68560, 68540)","(0, 68560, 68540)",False,True
1746,5276,5,age,0.13671875,True,True,True,False,"(0, 68632, 68603)","(0, 68632, 68603)","(0, 68632, 68603)",False,True
1747,5276,5,age,0.69921875,False,False,False,False,"(0, 68560, 68603)","(0, 68560, 68603)","(0, 68560, 68603)",False,True
1748,5276,5,age,0.82421875,True,True,True,False,"(0, 68560, 68604)","(0, 68560, 68604)","(0, 68560, 68604)",False,True
1749,5278,5,age,0.13671875,True,True,True,False,"(0, 68632, 68667)","(0, 68632, 68667)","(0, 68632, 68667)",False,True
1750,5278,5,age,0.69921875,False,False,False,False,"(0, 68560, 68667)","(0, 68560, 68667)","(0, 68560, 68667)",False,True
1751,5278,5,age,0.82421875,True,True,True,False,"(0, 68560, 68668)","(0, 68560, 68668)","(0, 68560, 68668)",False,True
1752,5280,5,age,0.07421875,True,True,True,False,"(0, 70256, 70265)","(0, 70256, 70265)","(0, 70256, 70265)",False,True
1753,5280,5,age,0.69921875,False,False,False,False,"(0, 70248, 70265)","(0, 70248, 70265)","(0, 70248, 70265)",False,True
1754,5280,5,age,0.76171875,True,True,True,False,"(0, 70184, 70266)","(0, 70184, 70266)","(0, 70184, 70266)",False,True
1755,5282,5,age,0.13671875,True,True,True,False,"(0, 68632, 68731)","(0, 68632, 68731)","(0, 68632, 68731)",False,True
1756,5282,5,age,0.69921875,False,False,False,False,"(0, 68560, 68731)","(0, 68560, 68731)","(0, 68560, 68731)",False,True
1757,5282,5,age,0.82421875,True,True,True,False,"(0, 68560, 68732)","(0, 68560, 68732)","(0, 68560, 68732)",False,True
1758,5284,5,age,0.07421875,True,True,True,False,"(0, 70256, 70265)","(0, 70256, 70265)","(0, 70256, 70265)",False,True
1759,5284,5,age,0.69921875,False,False,False,False,"(0, 70248, 70265)","(0, 70248, 70265)","(0, 70248, 70265)",False,True
1760,5284,5,age,0.97265625,True,True,True,False,"(0, 70240, 70266)","(0, 70240, 70266)","(0, 70240, 70266)",False,True
1761,5286,5,age,0.13671875,True,True,True,False,"(0, 68632, 68731)","(0, 68632, 68731)","(0, 68632, 68731)",False,True
1762,5286,5,age,0.69921875,False,False,False,False,"(0, 68560, 68731)","(0, 68560, 68731)","(0, 68560, 68731)",False,True
1763,5286,5,age,0.82421875,True,True,True,False,"(0, 68560, 68732)","(0, 68560, 68732)","(0, 68560, 68732)",False,True
1764,5287,5,age,0.12109375,True,True,True,False,"(0, 69032, 68921)","(0, 69032, 68921)","(0, 69032, 68921)",False,True
1765,5287,5,age,0.30078125,True,True,True,False,"(0, 68968, 68920)","(0, 68968, 68920)","(0, 68968, 68920)",False,True
1766,5287,5,age,0.92578125,False,False,False,False,"(0, 68912, 68920)","(0, 68912, 68920)","(0, 68912, 68920)",False,True
1767,5292,5,age,0.13671875,True,True,True,False,"(0, 69016, 68923)","(0, 69016, 68923)","(0, 69016, 68923)",False,True
1768,5292,5,age,0.69921875,False,False,False,False,"(0, 68944, 68923)","(0, 68944, 68923)","(0, 68944, 68923)",False,True
1769,5292,5,age,0.82421875,True,True,True,False,"(0, 68944, 68924)","(0, 68944, 68924)","(0, 68944, 68924)",False,True
1770,5294,5,age,0.13671875,True,True,True,False,"(0, 69016, 68987)","(0, 69016, 68987)","(0, 69016, 68987)",False,True
1771,5294,5,age,0.69921875,False,False,False,False,"(0, 68944, 68987)","(0, 68944, 68987)","(0, 68944, 68987)",False,True
1772,5294,5,age,0.82421875,True,True,True,False,"(0, 68944, 68988)","(0, 68944, 68988)","(0, 68944, 68988)",False,True
1773,5296,5,age,0.13671875,True,True,True,False,"(0, 69016, 69051)","(0, 69016, 69051)","(0, 69016, 69051)",False,True
1774,5296,5,age,0.69921875,False,False,False,False,"(0, 68944, 69051)","(0, 68944, 69051)","(0, 68944, 69051)",False,True
1775,5296,5,age,0.82421875,True,True,True,False,"(0, 68944, 69052)","(0, 68944, 69052)","(0, 68944, 69052)",False,True
1776,5298,5,age,0.07421875,True,True,True,False,"(0, 70640, 70649)","(0, 70640, 70649)","(0, 70640, 70649)",False,True
1777,5298,5,age,0.69921875,False,False,False,False,"(0, 70632, 70649)","(0, 70632, 70649)","(0, 70632, 70649)",False,True
1778,5298,5,age,0.76171875,True,True,True,False,"(0, 70568, 70650)","(0, 70568, 70650)","(0, 70568, 70650)",False,True
1779,5300,5,age,0.13671875,True,True,True,False,"(0, 69016, 69115)","(0, 69016, 69115)","(0, 69016, 69115)",False,True
1780,5300,5,age,0.69921875,False,False,False,False,"(0, 68944, 69115)","(0, 68944, 69115)","(0, 68944, 69115)",False,True
1781,5300,5,age,0.82421875,True,True,True,False,"(0, 68944, 69116)","(0, 68944, 69116)","(0, 68944, 69116)",False,True
1782,5302,5,age,0.07421875,True,True,True,False,"(0, 70640, 70649)","(0, 70640, 70649)","(0, 70640, 70649)",False,True
1783,5302,5,age,0.69921875,False,False,False,False,"(0, 70632, 70649)","(0, 70632, 70649)","(0, 70632, 70649)",False,True
1784,5302,5,age,0.97265625,True,True,True,False,"(0, 70624, 70650)","(0, 70624, 70650)","(0, 70624, 70650)",False,True
1785,5304,5,age,0.13671875,True,True,True,False,"(0, 69016, 69115)","(0, 69016, 69115)","(0, 69016, 69115)",False,True
1786,5304,5,age,0.69921875,False,False,False,False,"(0, 68944, 69115)","(0, 68944, 69115)","(0, 68944, 69115)",False,True
1787,5304,5,age,0.82421875,True,True,True,False,"(0, 68944, 69116)","(0, 68944, 69116)","(0, 68944, 69116)",False,True
1788,5305,5,age,0.12109375,True,True,True,False,"(0, 47912, 47801)","(0, 47912, 47801)","(0, 47912, 47801)",False,True
1789,5305,5,age,0.30078125,True,True,True,False,"(0, 47848, 47800)","(0, 47848, 47800)","(0, 47848, 47800)",False,True
1790,5305,5,age,0.92578125,False,False,False,False,"(0, 47792, 47800)","(0, 47792, 47800)","(0, 47792, 47800)",False,True
1791,5310,5,age,0.13671875,True,True,True,False,"(0, 47896, 47803)","(0, 47896, 47803)","(0, 47896, 47803)",False,True
1792,5310,5,age,0.69921875,False,False,False,False,"(0, 47824, 47803)","(0, 47824, 47803)","(0, 47824, 47803)",False,True
1793,5310,5,age,0.82421875,True,True,True,False,"(0, 47824, 47804)","(0, 47824, 47804)","(0, 47824, 47804)",False,True
1794,5312,5,age,0.13671875,True,True,True,False,"(0, 47896, 47867)","(0, 47896, 47867)","(0, 47896, 47867)",False,True
1795,5312,5,age,0.69921875,False,False,False,False,"(0, 47824, 47867)","(0, 47824, 47867)","(0, 47824, 47867)",False,True
1796,5312,5,age,0.82421875,True,True,True,False,"(0, 47824, 47868)","(0, 47824, 47868)","(0, 47824, 47868)",False,True
1797,5314,5,age,0.13671875,True,True,True,False,"(0, 47896, 47931)","(0, 47896, 47931)","(0, 47896, 47931)",False,True
1798,5314,5,age,0.69921875,False,False,False,False,"(0, 47824, 47931)","(0, 47824, 47931)","(0, 47824, 47931)",False,True
1799,5314,5,age,0.82421875,True,True,True,False,"(0, 47824, 47932)","(0, 47824, 47932)","(0, 47824, 47932)",False,True
1800,5316,5,age,0.07421875,True,True,True,False,"(0, 49520, 49529)","(0, 49520, 49529)","(0, 49520, 49529)",False,True
1801,5316,5,age,0.69921875,False,False,False,False,"(0, 49512, 49529)","(0, 49512, 49529)","(0, 49512, 49529)",False,True
1802,5316,5,age,0.76171875,True,True,True,False,"(0, 49448, 49530)","(0, 49448, 49530)","(0, 49448, 49530)",False,True
1803,5318,5,age,0.13671875,True,True,True,False,"(0, 47896, 47995)","(0, 47896, 47995)","(0, 47896, 47995)",False,True
1804,5318,5,age,0.69921875,False,False,False,False,"(0, 47824, 47995)","(0, 47824, 47995)","(0, 47824, 47995)",False,True
1805,5318,5,age,0.82421875,True,True,True,False,"(0, 47824, 47996)","(0, 47824, 47996)","(0, 47824, 47996)",False,True
1806,5320,5,age,0.07421875,True,True,True,False,"(0, 49520, 49529)","(0, 49520, 49529)","(0, 49520, 49529)",False,True
1807,5320,5,age,0.69921875,False,False,False,False,"(0, 49512, 49529)","(0, 49512, 49529)","(0, 49512, 49529)",False,True
1808,5320,5,age,0.97265625,True,True,True,False,"(0, 49504, 49530)","(0, 49504, 49530)","(0, 49504, 49530)",False,True
1809,5322,5,age,0.13671875,True,True,True,False,"(0, 47896, 47995)","(0, 47896, 47995)","(0, 47896, 47995)",False,True
1810,5322,5,age,0.69921875,False,False,False,False,"(0, 47824, 47995)","(0, 47824, 47995)","(0, 47824, 47995)",False,True
1811,5322,5,age,0.82421875,True,True,True,False,"(0, 47824, 47996)","(0, 47824, 47996)","(0, 47824, 47996)",False,True
1812,5323,5,age,0.12109375,True,True,True,False,"(0, 48296, 48185)","(0, 48296, 48185)","(0, 48296, 48185)",False,True
1813,5323,5,age,0.30078125,True,True,True,False,"(0, 48232, 48184)","(0, 48232, 48184)","(0, 48232, 48184)",False,True
1814,5323,5,age,0.92578125,False,False,False,False,"(0, 48176, 48184)","(0, 48176, 48184)","(0, 48176, 48184)",False,True
1815,5328,5,age,0.13671875,True,True,True,False,"(0, 48280, 48187)","(0, 48280, 48187)","(0, 48280, 48187)",False,True
1816,5328,5,age,0.69921875,False,False,False,False,"(0, 48208, 48187)","(0, 48208, 48187)","(0, 48208, 48187)",False,True
1817,5328,5,age,0.82421875,True,True,True,False,"(0, 48208, 48188)","(0, 48208, 48188)","(0, 48208, 48188)",False,True
1818,5330,5,age,0.13671875,True,True,True,False,"(0, 48280, 48251)","(0, 48280, 48251)","(0, 48280, 48251)",False,True
1819,5330,5,age,0.69921875,False,False,False,False,"(0, 48208, 48251)","(0, 48208, 48251)","(0, 48208, 48251)",False,True
1820,5330,5,age,0.82421875,True,True,True,False,"(0, 48208, 48252)","(0, 48208, 48252)","(0, 48208, 48252)",False,True
1821,5332,5,age,0.13671875,True,True,True,False,"(0, 48280, 48315)","(0, 48280, 48315)","(0, 48280, 48315)",False,True
1822,5332,5,age,0.69921875,False,False,False,False,"(0, 48208, 48315)","(0, 48208, 48315)","(0, 48208, 48315)",False,True
1823,5332,5,age,0.82421875,True,True,True,False,"(0, 48208, 48316)","(0, 48208, 48316)","(0, 48208, 48316)",False,True
1824,5334,5,age,0.07421875,True,True,True,False,"(0, 49904, 49913)","(0, 49904, 49913)","(0, 49904, 49913)",False,True
1825,5334,5,age,0.69921875,False,False,False,False,"(0, 49896, 49913)","(0, 49896, 49913)","(0, 49896, 49913)",False,True
1826,5334,5,age,0.76171875,True,True,True,False,"(0, 49832, 49914)","(0, 49832, 49914)","(0, 49832, 49914)",False,True
1827,5336,5,age,0.13671875,True,True,True,False,"(0, 48280, 48379)","(0, 48280, 48379)","(0, 48280, 48379)",False,True
1828,5336,5,age,0.69921875,False,False,False,False,"(0, 48208, 48379)","(0, 48208, 48379)","(0, 48208, 48379)",False,True
1829,5336,5,age,0.82421875,True,True,True,False,"(0, 48208, 48380)","(0, 48208, 48380)","(0, 48208, 48380)",False,True
1830,5338,5,age,0.07421875,True,True,True,False,"(0, 49904, 49913)","(0, 49904, 49913)","(0, 49904, 49913)",False,True
1831,5338,5,age,0.69921875,False,False,False,False,"(0, 49896, 49913)","(0, 49896, 49913)","(0, 49896, 49913)",False,True
1832,5338,5,age,0.97265625,True,True,True,False,"(0, 49888, 49914)","(0, 49888, 49914)","(0, 49888, 49914)",False,True
1833,5340,5,age,0.13671875,True,True,True,False,"(0, 48280, 48379)","(0, 48280, 48379)","(0, 48280, 48379)",False,True
1834,5340,5,age,0.69921875,False,False,False,False,"(0, 48208, 48379)","(0, 48208, 48379)","(0, 48208, 48379)",False,True
1835,5340,5,age,0.82421875,True,True,True,False,"(0, 48208, 48380)","(0, 48208, 48380)","(0, 48208, 48380)",False,True
1836,5341,5,age,0.12109375,True,True,True,False,"(0, 48296, 48185)","(0, 48296, 48185)","(0, 48296, 48185)",False,True
1837,5341,5,age,0.30078125,True,True,True,False,"(0, 48232, 48184)","(0, 48232, 48184)","(0, 48232, 48184)",False,True
1838,5341,5,age,0.92578125,False,False,False,False,"(0, 48176, 48184)","(0, 48176, 48184)","(0, 48176, 48184)",False,True
1839,5346,5,age,0.13671875,True,True,True,False,"(0, 48280, 48187)","(0, 48280, 48187)","(0, 48280, 48187)",False,True
1840,5346,5,age,0.69921875,False,False,False,False,"(0, 48208, 48187)","(0, 48208, 48187)","(0, 48208, 48187)",False,True
1841,5346,5,age,0.82421875,True,True,True,False,"(0, 48208, 48188)","(0, 48208, 48188)","(0, 48208, 48188)",False,True
1842,5348,5,age,0.13671875,True,True,True,False,"(0, 48280, 48251)","(0, 48280, 48251)","(0, 48280, 48251)",False,True
1843,5348,5,age,0.69921875,False,False,False,False,"(0, 48208, 48251)","(0, 48208, 48251)","(0, 48208, 48251)",False,True
1844,5348,5,age,0.82421875,True,True,True,False,"(0, 48208, 48252)","(0, 48208, 48252)","(0, 48208, 48252)",False,True
1845,5350,5,age,0.13671875,True,True,True,False,"(0, 48280, 48315)","(0, 48280, 48315)","(0, 48280, 48315)",False,True
1846,5350,5,age,0.69921875,False,False,False,False,"(0, 48208, 48315)","(0, 48208, 48315)","(0, 48208, 48315)",False,True
1847,5350,5,age,0.82421875,True,True,True,False,"(0, 48208, 48316)","(0, 48208, 48316)","(0, 48208, 48316)",False,True
1848,5352,5,age,0.07421875,True,True,True,False,"(0, 49904, 49913)","(0, 49904, 49913)","(0, 49904, 49913)",False,True
1849,5352,5,age,0.69921875,False,False,False,False,"(0, 49896, 49913)","(0, 49896, 49913)","(0, 49896, 49913)",False,True
1850,5352,5,age,0.76171875,True,True,True,False,"(0, 49832, 49914)","(0, 49832, 49914)","(0, 49832, 49914)",False,True
1851,5354,5,age,0.13671875,True,True,True,False,"(0, 48280, 48379)","(0, 48280, 48379)","(0, 48280, 48379)",False,True
1852,5354,5,age,0.69921875,False,False,False,False,"(0, 48208, 48379)","(0, 48208, 48379)","(0, 48208, 48379)",False,True
1853,5354,5,age,0.82421875,True,True,True,False,"(0, 48208, 48380)","(0, 48208, 48380)","(0, 48208, 48380)",False,True
1854,5356,5,age,0.07421875,True,True,True,False,"(0, 49904, 49913)","(0, 49904, 49913)","(0, 49904, 49913)",False,True
1855,5356,5,age,0.69921875,False,False,False,False,"(0, 49896, 49913)","(0, 49896, 49913)","(0, 49896, 49913)",False,True
1856,5356,5,age,0.97265625,True,True,True,False,"(0, 49888, 49914)","(0, 49888, 49914)","(0, 49888, 49914)",False,True
1857,5358,5,age,0.13671875,True,True,True,False,"(0, 48280, 48379)","(0, 48280, 48379)","(0, 48280, 48379)",False,True
1858,5358,5,age,0.69921875,False,False,False,False,"(0, 48208, 48379)","(0, 48208, 48379)","(0, 48208, 48379)",False,True
1859,5358,5,age,0.82421875,True,True,True,False,"(0, 48208, 48380)","(0, 48208, 48380)","(0, 48208, 48380)",False,True
1860,5359,5,age,0.12109375,True,True,True,False,"(0, 70184, 70073)","(0, 70184, 70073)","(0, 70184, 70073)",False,True
1861,5359,5,age,0.30078125,True,True,True,False,"(0, 70120, 70072)","(0, 70120, 70072)","(0, 70120, 70072)",False,True
1862,5359,5,age,0.92578125,False,False,False,False,"(0, 70064, 70072)","(0, 70064, 70072)","(0, 70064, 70072)",False,True
1863,5364,5,age,0.13671875,True,True,True,False,"(0, 70168, 70075)","(0, 70168, 70075)","(0, 70168, 70075)",False,True
1864,5364,5,age,0.69921875,False,False,False,False,"(0, 70096, 70075)","(0, 70096, 70075)","(0, 70096, 70075)",False,True
1865,5364,5,age,0.82421875,True,True,True,False,"(0, 70096, 70076)","(0, 70096, 70076)","(0, 70096, 70076)",False,True
1866,5366,5,age,0.13671875,True,True,True,False,"(0, 70168, 70139)","(0, 70168, 70139)","(0, 70168, 70139)",False,True
1867,5366,5,age,0.69921875,False,False,False,False,"(0, 70096, 70139)","(0, 70096, 70139)","(0, 70096, 70139)",False,True
1868,5366,5,age,0.82421875,True,True,True,False,"(0, 70096, 70140)","(0, 70096, 70140)","(0, 70096, 70140)",False,True
1869,5368,5,age,0.13671875,True,True,True,False,"(0, 70168, 70203)","(0, 70168, 70203)","(0, 70168, 70203)",False,True
1870,5368,5,age,0.69921875,False,False,False,False,"(0, 70096, 70203)","(0, 70096, 70203)","(0, 70096, 70203)",False,True
1871,5368,5,age,0.82421875,True,True,True,False,"(0, 70096, 70204)","(0, 70096, 70204)","(0, 70096, 70204)",False,True
1872,5370,5,age,0.07421875,True,True,True,False,"(0, 71792, 71801)","(0, 71792, 71801)","(0, 71792, 71801)",False,True
1873,5370,5,age,0.69921875,False,False,False,False,"(0, 71784, 71801)","(0, 71784, 71801)","(0, 71784, 71801)",False,True
1874,5370,5,age,0.76171875,True,True,True,False,"(0, 71720, 71802)","(0, 71720, 71802)","(0, 71720, 71802)",False,True
1875,5372,5,age,0.13671875,True,True,True,False,"(0, 70168, 70267)","(0, 70168, 70267)","(0, 70168, 70267)",False,True
1876,5372,5,age,0.69921875,False,False,False,False,"(0, 70096, 70267)","(0, 70096, 70267)","(0, 70096, 70267)",False,True
1877,5372,5,age,0.82421875,True,True,True,False,"(0, 70096, 70268)","(0, 70096, 70268)","(0, 70096, 70268)",False,True
1878,5374,5,age,0.07421875,True,True,True,False,"(0, 71792, 71801)","(0, 71792, 71801)","(0, 71792, 71801)",False,True
1879,5374,5,age,0.69921875,False,False,False,False,"(0, 71784, 71801)","(0, 71784, 71801)","(0, 71784, 71801)",False,True
1880,5374,5,age,0.97265625,True,True,True,False,"(0, 71776, 71802)","(0, 71776, 71802)","(0, 71776, 71802)",False,True
1881,5376,5,age,0.13671875,True,True,True,False,"(0, 70168, 70267)","(0, 70168, 70267)","(0, 70168, 70267)",False,True
1882,5376,5,age,0.69921875,False,False,False,False,"(0, 70096, 70267)","(0, 70096, 70267)","(0, 70096, 70267)",False,True
1883,5376,5,age,0.82421875,True,True,True,False,"(0, 70096, 70268)","(0, 70096, 70268)","(0, 70096, 70268)",False,True
1884,5377,5,age,0.12109375,True,True,True,False,"(0, 70568, 70457)","(0, 70568, 70457)","(0, 70568, 70457)",False,True
1885,5377,5,age,0.30078125,True,True,True,False,"(0, 70504, 70456)","(0, 70504, 70456)","(0, 70504, 70456)",False,True
1886,5377,5,age,0.92578125,False,False,False,False,"(0, 70448, 70456)","(0, 70448, 70456)","(0, 70448, 70456)",False,True
1887,5382,5,age,0.13671875,True,True,True,False,"(0, 70552, 70459)","(0, 70552, 70459)","(0, 70552, 70459)",False,True
1888,5382,5,age,0.69921875,False,False,False,False,"(0, 70480, 70459)","(0, 70480, 70459)","(0, 70480, 70459)",False,True
1889,5382,5,age,0.82421875,True,True,True,False,"(0, 70480, 70460)","(0, 70480, 70460)","(0, 70480, 70460)",False,True
1890,5384,5,age,0.13671875,True,True,True,False,"(0, 70552, 70523)","(0, 70552, 70523)","(0, 70552, 70523)",False,True
1891,5384,5,age,0.69921875,False,False,False,False,"(0, 70480, 70523)","(0, 70480, 70523)","(0, 70480, 70523)",False,True
1892,5384,5,age,0.82421875,True,True,True,False,"(0, 70480, 70524)","(0, 70480, 70524)","(0, 70480, 70524)",False,True
1893,5386,5,age,0.13671875,True,True,True,False,"(0, 70552, 70587)","(0, 70552, 70587)","(0, 70552, 70587)",False,True
1894,5386,5,age,0.69921875,False,False,False,False,"(0, 70480, 70587)","(0, 70480, 70587)","(0, 70480, 70587)",False,True
1895,5386,5,age,0.82421875,True,True,True,False,"(0, 70480, 70588)","(0, 70480, 70588)","(0, 70480, 70588)",False,True
1896,5388,5,age,0.07421875,True,True,True,False,"(0, 72176, 72185)","(0, 72176, 72185)","(0, 72176, 72185)",False,True
1897,5388,5,age,0.69921875,False,False,False,False,"(0, 72168, 72185)","(0, 72168, 72185)","(0, 72168, 72185)",False,True
1898,5388,5,age,0.76171875,True,True,True,False,"(0, 72104, 72186)","(0, 72104, 72186)","(0, 72104, 72186)",False,True
1899,5390,5,age,0.13671875,True,True,True,False,"(0, 70552, 70651)","(0, 70552, 70651)","(0, 70552, 70651)",False,True
1900,5390,5,age,0.69921875,False,False,False,False,"(0, 70480, 70651)","(0, 70480, 70651)","(0, 70480, 70651)",False,True
1901,5390,5,age,0.82421875,True,True,True,False,"(0, 70480, 70652)","(0, 70480, 70652)","(0, 70480, 70652)",False,True
1902,5392,5,age,0.07421875,True,True,True,False,"(0, 72176, 72185)","(0, 72176, 72185)","(0, 72176, 72185)",False,True
1903,5392,5,age,0.69921875,False,False,False,False,"(0, 72168, 72185)","(0, 72168, 72185)","(0, 72168, 72185)",False,True
1904,5392,5,age,0.97265625,True,True,True,False,"(0, 72160, 72186)","(0, 72160, 72186)","(0, 72160, 72186)",False,True
1905,5394,5,age,0.13671875,True,True,True,False,"(0, 70552, 70651)","(0, 70552, 70651)","(0, 70552, 70651)",False,True
1906,5394,5,age,0.69921875,False,False,False,False,"(0, 70480, 70651)","(0, 70480, 70651)","(0, 70480, 70651)",False,True
1907,5394,5,age,0.82421875,True,True,True,False,"(0, 70480, 70652)","(0, 70480, 70652)","(0, 70480, 70652)",False,True
1908,5395,5,age,0.12109375,True,True,True,False,"(0, 49448, 49337)","(0, 49448, 49337)","(0, 49448, 49337)",False,True
1909,5395,5,age,0.30078125,True,True,True,False,"(0, 49384, 49336)","(0, 49384, 49336)","(0, 49384, 49336)",False,True
1910,5395,5,age,0.92578125,False,False,False,False,"(0, 49328, 49336)","(0, 49328, 49336)","(0, 49328, 49336)",False,True
1911,5400,5,age,0.13671875,True,True,True,False,"(0, 49432, 49339)","(0, 49432, 49339)","(0, 49432, 49339)",False,True
1912,5400,5,age,0.69921875,False,False,False,False,"(0, 49360, 49339)","(0, 49360, 49339)","(0, 49360, 49339)",False,True
1913,5400,5,age,0.82421875,True,True,True,False,"(0, 49360, 49340)","(0, 49360, 49340)","(0, 49360, 49340)",False,True
1914,5402,5,age,0.13671875,True,True,True,False,"(0, 49432, 49403)","(0, 49432, 49403)","(0, 49432, 49403)",False,True
1915,5402,5,age,0.69921875,False,False,False,False,"(0, 49360, 49403)","(0, 49360, 49403)","(0, 49360, 49403)",False,True
1916,5402,5,age,0.82421875,True,True,True,False,"(0, 49360, 49404)","(0, 49360, 49404)","(0, 49360, 49404)",False,True
1917,5404,5,age,0.13671875,True,True,True,False,"(0, 49432, 49467)","(0, 49432, 49467)","(0, 49432, 49467)",False,True
1918,5404,5,age,0.69921875,False,False,False,False,"(0, 49360, 49467)","(0, 49360, 49467)","(0, 49360, 49467)",False,True
1919,5404,5,age,0.82421875,True,True,True,False,"(0, 49360, 49468)","(0, 49360, 49468)","(0, 49360, 49468)",False,True
1920,5406,5,age,0.07421875,True,True,True,False,"(0, 51056, 51065)","(0, 51056, 51065)","(0, 51056, 51065)",False,True
1921,5406,5,age,0.69921875,False,False,False,False,"(0, 51048, 51065)","(0, 51048, 51065)","(0, 51048, 51065)",False,True
1922,5406,5,age,0.76171875,True,True,True,False,"(0, 50984, 51066)","(0, 50984, 51066)","(0, 50984, 51066)",False,True
1923,5408,5,age,0.13671875,True,True,True,False,"(0, 49432, 49531)","(0, 49432, 49531)","(0, 49432, 49531)",False,True
1924,5408,5,age,0.69921875,False,False,False,False,"(0, 49360, 49531)","(0, 49360, 49531)","(0, 49360, 49531)",False,True
1925,5408,5,age,0.82421875,True,True,True,False,"(0, 49360, 49532)","(0, 49360, 49532)","(0, 49360, 49532)",False,True
1926,5410,5,age,0.07421875,True,True,True,False,"(0, 51056, 51065)","(0, 51056, 51065)","(0, 51056, 51065)",False,True
1927,5410,5,age,0.69921875,False,False,False,False,"(0, 51048, 51065)","(0, 51048, 51065)","(0, 51048, 51065)",False,True
1928,5410,5,age,0.97265625,True,True,True,False,"(0, 51040, 51066)","(0, 51040, 51066)","(0, 51040, 51066)",False,True
1929,5412,5,age,0.13671875,True,True,True,False,"(0, 49432, 49531)","(0, 49432, 49531)","(0, 49432, 49531)",False,True
1930,5412,5,age,0.69921875,False,False,False,False,"(0, 49360, 49531)","(0, 49360, 49531)","(0, 49360, 49531)",False,True
1931,5412,5,age,0.82421875,True,True,True,False,"(0, 49360, 49532)","(0, 49360, 49532)","(0, 49360, 49532)",False,True
1932,5413,5,age,0.12109375,True,True,True,False,"(0, 49832, 49721)","(0, 49832, 49721)","(0, 49832, 49721)",False,True
1933,5413,5,age,0.30078125,True,True,True,False,"(0, 49768, 49720)","(0, 49768, 49720)","(0, 49768, 49720)",False,True
1934,5413,5,age,0.92578125,False,False,False,False,"(0, 49712, 49720)","(0, 49712, 49720)","(0, 49712, 49720)",False,True
1935,5418,5,age,0.13671875,True,True,True,False,"(0, 49816, 49723)","(0, 49816, 49723)","(0, 49816, 49723)",False,True
1936,5418,5,age,0.69921875,False,False,False,False,"(0, 49744, 49723)","(0, 49744, 49723)","(0, 49744, 49723)",False,True
1937,5418,5,age,0.82421875,True,True,True,False,"(0, 49744, 49724)","(0, 49744, 49724)","(0, 49744, 49724)",False,True
1938,5420,5,age,0.13671875,True,True,True,False,"(0, 49816, 49787)","(0, 49816, 49787)","(0, 49816, 49787)",False,True
1939,5420,5,age,0.69921875,False,False,False,False,"(0, 49744, 49787)","(0, 49744, 49787)","(0, 49744, 49787)",False,True
1940,5420,5,age,0.82421875,True,True,True,False,"(0, 49744, 49788)","(0, 49744, 49788)","(0, 49744, 49788)",False,True
1941,5422,5,age,0.13671875,True,True,True,False,"(0, 49816, 49851)","(0, 49816, 49851)","(0, 49816, 49851)",False,True
1942,5422,5,age,0.69921875,False,False,False,False,"(0, 49744, 49851)","(0, 49744, 49851)","(0, 49744, 49851)",False,True
1943,5422,5,age,0.82421875,True,True,True,False,"(0, 49744, 49852)","(0, 49744, 49852)","(0, 49744, 49852)",False,True
1944,5424,5,age,0.07421875,True,True,True,False,"(0, 51440, 51449)","(0, 51440, 51449)","(0, 51440, 51449)",False,True
1945,5424,5,age,0.69921875,False,False,False,False,"(0, 51432, 51449)","(0, 51432, 51449)","(0, 51432, 51449)",False,True
1946,5424,5,age,0.76171875,True,True,True,False,"(0, 51368, 51450)","(0, 51368, 51450)","(0, 51368, 51450)",False,True
1947,5426,5,age,0.13671875,True,True,True,False,"(0, 49816, 49915)","(0, 49816, 49915)","(0, 49816, 49915)",False,True
1948,5426,5,age,0.69921875,False,False,False,False,"(0, 49744, 49915)","(0, 49744, 49915)","(0, 49744, 49915)",False,True
1949,5426,5,age,0.82421875,True,True,True,False,"(0, 49744, 49916)","(0, 49744, 49916)","(0, 49744, 49916)",False,True
1950,5428,5,age,0.07421875,True,True,True,False,"(0, 51440, 51449)","(0, 51440, 51449)","(0, 51440, 51449)",False,True
1951,5428,5,age,0.69921875,False,False,False,False,"(0, 51432, 51449)","(0, 51432, 51449)","(0, 51432, 51449)",False,True
1952,5428,5,age,0.97265625,True,True,True,False,"(0, 51424, 51450)","(0, 51424, 51450)","(0, 51424, 51450)",False,True
1953,5430,5,age,0.13671875,True,True,True,False,"(0, 49816, 49915)","(0, 49816, 49915)","(0, 49816, 49915)",False,True
1954,5430,5,age,0.69921875,False,False,False,False,"(0, 49744, 49915)","(0, 49744, 49915)","(0, 49744, 49915)",False,True
1955,5430,5,age,0.82421875,True,True,True,False,"(0, 49744, 49916)","(0, 49744, 49916)","(0, 49744, 49916)",False,True
1956,5431,5,age,0.12109375,True,True,True,False,"(0, 49832, 49721)","(0, 49832, 49721)","(0, 49832, 49721)",False,True
1957,5431,5,age,0.30078125,True,True,True,False,"(0, 49768, 49720)","(0, 49768, 49720)","(0, 49768, 49720)",False,True
1958,5431,5,age,0.92578125,False,False,False,False,"(0, 49712, 49720)","(0, 49712, 49720)","(0, 49712, 49720)",False,True
1959,5436,5,age,0.13671875,True,True,True,False,"(0, 49816, 49723)","(0, 49816, 49723)","(0, 49816, 49723)",False,True
1960,5436,5,age,0.69921875,False,False,False,False,"(0, 49744, 49723)","(0, 49744, 49723)","(0, 49744, 49723)",False,True
1961,5436,5,age,0.82421875,True,True,True,False,"(0, 49744, 49724)","(0, 49744, 49724)","(0, 49744, 49724)",False,True
1962,5438,5,age,0.13671875,True,True,True,False,"(0, 49816, 49787)","(0, 49816, 49787)","(0, 49816, 49787)",False,True
1963,5438,5,age,0.69921875,False,False,False,False,"(0, 49744, 49787)","(0, 49744, 49787)","(0, 49744, 49787)",False,True
1964,5438,5,age,0.82421875,True,True,True,False,"(0, 49744, 49788)","(0, 49744, 49788)","(0, 49744, 49788)",False,True
1965,5440,5,age,0.13671875,True,True,True,False,"(0, 49816, 49851)","(0, 49816, 49851)","(0, 49816, 49851)",False,True
1966,5440,5,age,0.69921875,False,False,False,False,"(0, 49744, 49851)","(0, 49744, 49851)","(0, 49744, 49851)",False,True
1967,5440,5,age,0.82421875,True,True,True,False,"(0, 49744, 49852)","(0, 49744, 49852)","(0, 49744, 49852)",False,True
1968,5442,5,age,0.07421875,True,True,True,False,"(0, 51440, 51449)","(0, 51440, 51449)","(0, 51440, 51449)",False,True
1969,5442,5,age,0.69921875,False,False,False,False,"(0, 51432, 51449)","(0, 51432, 51449)","(0, 51432, 51449)",False,True
1970,5442,5,age,0.76171875,True,True,True,False,"(0, 51368, 51450)","(0, 51368, 51450)","(0, 51368, 51450)",False,True
1971,5444,5,age,0.13671875,True,True,True,False,"(0, 49816, 49915)","(0, 49816, 49915)","(0, 49816, 49915)",False,True
1972,5444,5,age,0.69921875,False,False,False,False,"(0, 49744, 49915)","(0, 49744, 49915)","(0, 49744, 49915)",False,True
1973,5444,5,age,0.82421875,True,True,True,False,"(0, 49744, 49916)","(0, 49744, 49916)","(0, 49744, 49916)",False,True
1974,5446,5,age,0.07421875,True,True,True,False,"(0, 51440, 51449)","(0, 51440, 51449)","(0, 51440, 51449)",False,True
1975,5446,5,age,0.69921875,False,False,False,False,"(0, 51432, 51449)","(0, 51432, 51449)","(0, 51432, 51449)",False,True
1976,5446,5,age,0.97265625,True,True,True,False,"(0, 51424, 51450)","(0, 51424, 51450)","(0, 51424, 51450)",False,True
1977,5448,5,age,0.13671875,True,True,True,False,"(0, 49816, 49915)","(0, 49816, 49915)","(0, 49816, 49915)",False,True
1978,5448,5,age,0.69921875,False,False,False,False,"(0, 49744, 49915)","(0, 49744, 49915)","(0, 49744, 49915)",False,True
1979,5448,5,age,0.82421875,True,True,True,False,"(0, 49744, 49916)","(0, 49744, 49916)","(0, 49744, 49916)",False,True
1980,5449,5,age,0.12109375,True,True,True,False,"(0, 71720, 71609)","(0, 71720, 71609)","(0, 71720, 71609)",False,True
1981,5449,5,age,0.30078125,True,True,True,False,"(0, 71656, 71608)","(0, 71656, 71608)","(0, 71656, 71608)",False,True
1982,5449,5,age,0.92578125,False,False,False,False,"(0, 71600, 71608)","(0, 71600, 71608)","(0, 71600, 71608)",False,True
1983,5454,5,age,0.13671875,True,True,True,False,"(0, 71704, 71611)","(0, 71704, 71611)","(0, 71704, 71611)",False,True
1984,5454,5,age,0.69921875,False,False,False,False,"(0, 71632, 71611)","(0, 71632, 71611)","(0, 71632, 71611)",False,True
1985,5454,5,age,0.82421875,True,True,True,False,"(0, 71632, 71612)","(0, 71632, 71612)","(0, 71632, 71612)",False,True
1986,5456,5,age,0.13671875,True,True,True,False,"(0, 71704, 71675)","(0, 71704, 71675)","(0, 71704, 71675)",False,True
1987,5456,5,age,0.69921875,False,False,False,False,"(0, 71632, 71675)","(0, 71632, 71675)","(0, 71632, 71675)",False,True
1988,5456,5,age,0.82421875,True,True,True,False,"(0, 71632, 71676)","(0, 71632, 71676)","(0, 71632, 71676)",False,True
1989,5458,5,age,0.13671875,True,True,True,False,"(0, 71704, 71739)","(0, 71704, 71739)","(0, 71704, 71739)",False,True
1990,5458,5,age,0.69921875,False,False,False,False,"(0, 71632, 71739)","(0, 71632, 71739)","(0, 71632, 71739)",False,True
1991,5458,5,age,0.82421875,True,True,True,False,"(0, 71632, 71740)","(0, 71632, 71740)","(0, 71632, 71740)",False,True
1992,5460,5,age,0.07421875,True,True,True,False,"(0, 73328, 73337)","(0, 73328, 73337)","(0, 73328, 73337)",False,True
1993,5460,5,age,0.69921875,False,False,False,False,"(0, 73320, 73337)","(0, 73320, 73337)","(0, 73320, 73337)",False,True
1994,5460,5,age,0.76171875,True,True,True,False,"(0, 73256, 73338)","(0, 73256, 73338)","(0, 73256, 73338)",False,True
1995,5462,5,age,0.13671875,True,True,True,False,"(0, 71704, 71803)","(0, 71704, 71803)","(0, 71704, 71803)",False,True
1996,5462,5,age,0.69921875,False,False,False,False,"(0, 71632, 71803)","(0, 71632, 71803)","(0, 71632, 71803)",False,True
1997,5462,5,age,0.82421875,True,True,True,False,"(0, 71632, 71804)","(0, 71632, 71804)","(0, 71632, 71804)",False,True
1998,5464,5,age,0.07421875,True,True,True,False,"(0, 73328, 73337)","(0, 73328, 73337)","(0, 73328, 73337)",False,True
1999,5464,5,age,0.69921875,False,False,False,False,"(0, 73320, 73337)","(0, 73320, 73337)","(0, 73320, 73337)",False,True
2000,5464,5,age,0.97265625,True,True,True,False,"(0, 73312, 73338)","(0, 73312, 73338)","(0, 73312, 73338)",False,True
2001,5466,5,age,0.13671875,True,True,True,False,"(0, 71704, 71803)","(0, 71704, 71803)","(0, 71704, 71803)",False,True
2002,5466,5,age,0.69921875,False,False,False,False,"(0, 71632, 71803)","(0, 71632, 71803)","(0, 71632, 71803)",False,True
2003,5466,5,age,0.82421875,True,True,True,False,"(0, 71632, 71804)","(0, 71632, 71804)","(0, 71632, 71804)",False,True
2004,5467,5,age,0.12109375,True,True,True,False,"(0, 72104, 71993)","(0, 72104, 71993)","(0, 72104, 71993)",False,True
2005,5467,5,age,0.30078125,True,True,True,False,"(0, 72040, 71992)","(0, 72040, 71992)","(0, 72040, 71992)",False,True
2006,5467,5,age,0.92578125,False,False,False,False,"(0, 71984, 71992)","(0, 71984, 71992)","(0, 71984, 71992)",False,True
2007,5472,5,age,0.13671875,True,True,True,False,"(0, 72088, 71995)","(0, 72088, 71995)","(0, 72088, 71995)",False,True
2008,5472,5,age,0.69921875,False,False,False,False,"(0, 72016, 71995)","(0, 72016, 71995)","(0, 72016, 71995)",False,True
2009,5472,5,age,0.82421875,True,True,True,False,"(0, 72016, 71996)","(0, 72016, 71996)","(0, 72016, 71996)",False,True
2010,5474,5,age,0.13671875,True,True,True,False,"(0, 72088, 72059)","(0, 72088, 72059)","(0, 72088, 72059)",False,True
2011,5474,5,age,0.69921875,False,False,False,False,"(0, 72016, 72059)","(0, 72016, 72059)","(0, 72016, 72059)",False,True
2012,5474,5,age,0.82421875,True,True,True,False,"(0, 72016, 72060)","(0, 72016, 72060)","(0, 72016, 72060)",False,True
2013,5476,5,age,0.13671875,True,True,True,False,"(0, 72088, 72123)","(0, 72088, 72123)","(0, 72088, 72123)",False,True
2014,5476,5,age,0.69921875,False,False,False,False,"(0, 72016, 72123)","(0, 72016, 72123)","(0, 72016, 72123)",False,True
2015,5476,5,age,0.82421875,True,True,True,False,"(0, 72016, 72124)","(0, 72016, 72124)","(0, 72016, 72124)",False,True
2016,5478,5,age,0.07421875,True,True,True,False,"(0, 73712, 73721)","(0, 73712, 73721)","(0, 73712, 73721)",False,True
2017,5478,5,age,0.69921875,False,False,False,False,"(0, 73704, 73721)","(0, 73704, 73721)","(0, 73704, 73721)",False,True
2018,5478,5,age,0.76171875,True,True,True,False,"(0, 73640, 73722)","(0, 73640, 73722)","(0, 73640, 73722)",False,True
2019,5480,5,age,0.13671875,True,True,True,False,"(0, 72088, 72187)","(0, 72088, 72187)","(0, 72088, 72187)",False,True
2020,5480,5,age,0.69921875,False,False,False,False,"(0, 72016, 72187)","(0, 72016, 72187)","(0, 72016, 72187)",False,True
2021,5480,5,age,0.82421875,True,True,True,False,"(0, 72016, 72188)","(0, 72016, 72188)","(0, 72016, 72188)",False,True
2022,5482,5,age,0.07421875,True,True,True,False,"(0, 73712, 73721)","(0, 73712, 73721)","(0, 73712, 73721)",False,True
2023,5482,5,age,0.69921875,False,False,False,False,"(0, 73704, 73721)","(0, 73704, 73721)","(0, 73704, 73721)",False,True
2024,5482,5,age,0.97265625,True,True,True,False,"(0, 73696, 73722)","(0, 73696, 73722)","(0, 73696, 73722)",False,True
2025,5484,5,age,0.13671875,True,True,True,False,"(0, 72088, 72187)","(0, 72088, 72187)","(0, 72088, 72187)",False,True
2026,5484,5,age,0.69921875,False,False,False,False,"(0, 72016, 72187)","(0, 72016, 72187)","(0, 72016, 72187)",False,True
2027,5484,5,age,0.82421875,True,True,True,False,"(0, 72016, 72188)","(0, 72016, 72188)","(0, 72016, 72188)",False,True
2028,5485,5,age,0.12109375,True,True,True,False,"(0, 50984, 50873)","(0, 50984, 50873)","(0, 50984, 50873)",False,True
2029,5485,5,age,0.30078125,True,True,True,False,"(0, 50920, 50872)","(0, 50920, 50872)","(0, 50920, 50872)",False,True
2030,5485,5,age,0.92578125,False,False,False,False,"(0, 50864, 50872)","(0, 50864, 50872)","(0, 50864, 50872)",False,True
2031,5490,5,age,0.13671875,True,True,True,False,"(0, 50968, 50875)","(0, 50968, 50875)","(0, 50968, 50875)",False,True
2032,5490,5,age,0.69921875,False,False,False,False,"(0, 50896, 50875)","(0, 50896, 50875)","(0, 50896, 50875)",False,True
2033,5490,5,age,0.82421875,True,True,True,False,"(0, 50896, 50876)","(0, 50896, 50876)","(0, 50896, 50876)",False,True
2034,5492,5,age,0.13671875,True,True,True,False,"(0, 50968, 50939)","(0, 50968, 50939)","(0, 50968, 50939)",False,True
2035,5492,5,age,0.69921875,False,False,False,False,"(0, 50896, 50939)","(0, 50896, 50939)","(0, 50896, 50939)",False,True
2036,5492,5,age,0.82421875,True,True,True,False,"(0, 50896, 50940)","(0, 50896, 50940)","(0, 50896, 50940)",False,True
2037,5494,5,age,0.13671875,True,True,True,False,"(0, 50968, 51003)","(0, 50968, 51003)","(0, 50968, 51003)",False,True
2038,5494,5,age,0.69921875,False,False,False,False,"(0, 50896, 51003)","(0, 50896, 51003)","(0, 50896, 51003)",False,True
2039,5494,5,age,0.82421875,True,True,True,False,"(0, 50896, 51004)","(0, 50896, 51004)","(0, 50896, 51004)",False,True
2040,5496,5,age,0.07421875,True,True,True,False,"(0, 52592, 52601)","(0, 52592, 52601)","(0, 52592, 52601)",False,True
2041,5496,5,age,0.69921875,False,False,False,False,"(0, 52584, 52601)","(0, 52584, 52601)","(0, 52584, 52601)",False,True
2042,5496,5,age,0.76171875,True,True,True,False,"(0, 52520, 52602)","(0, 52520, 52602)","(0, 52520, 52602)",False,True
2043,5498,5,age,0.13671875,True,True,True,False,"(0, 50968, 51067)","(0, 50968, 51067)","(0, 50968, 51067)",False,True
2044,5498,5,age,0.69921875,False,False,False,False,"(0, 50896, 51067)","(0, 50896, 51067)","(0, 50896, 51067)",False,True
2045,5498,5,age,0.82421875,True,True,True,False,"(0, 50896, 51068)","(0, 50896, 51068)","(0, 50896, 51068)",False,True
2046,5500,5,age,0.07421875,True,True,True,False,"(0, 52592, 52601)","(0, 52592, 52601)","(0, 52592, 52601)",False,True
2047,5500,5,age,0.69921875,False,False,False,False,"(0, 52584, 52601)","(0, 52584, 52601)","(0, 52584, 52601)",False,True
2048,5500,5,age,0.97265625,True,True,True,False,"(0, 52576, 52602)","(0, 52576, 52602)","(0, 52576, 52602)",False,True
2049,5502,5,age,0.13671875,True,True,True,False,"(0, 50968, 51067)","(0, 50968, 51067)","(0, 50968, 51067)",False,True
2050,5502,5,age,0.69921875,False,False,False,False,"(0, 50896, 51067)","(0, 50896, 51067)","(0, 50896, 51067)",False,True
2051,5502,5,age,0.82421875,True,True,True,False,"(0, 50896, 51068)","(0, 50896, 51068)","(0, 50896, 51068)",False,True
2052,5503,5,age,0.12109375,True,True,True,False,"(0, 51368, 51257)","(0, 51368, 51257)","(0, 51368, 51257)",False,True
2053,5503,5,age,0.30078125,True,True,True,False,"(0, 51304, 51256)","(0, 51304, 51256)","(0, 51304, 51256)",False,True
2054,5503,5,age,0.92578125,False,False,False,False,"(0, 51248, 51256)","(0, 51248, 51256)","(0, 51248, 51256)",False,True
2055,5508,5,age,0.13671875,True,True,True,False,"(0, 51352, 51259)","(0, 51352, 51259)","(0, 51352, 51259)",False,True
2056,5508,5,age,0.69921875,False,False,False,False,"(0, 51280, 51259)","(0, 51280, 51259)","(0, 51280, 51259)",False,True
2057,5508,5,age,0.82421875,True,True,True,False,"(0, 51280, 51260)","(0, 51280, 51260)","(0, 51280, 51260)",False,True
2058,5510,5,age,0.13671875,True,True,True,False,"(0, 51352, 51323)","(0, 51352, 51323)","(0, 51352, 51323)",False,True
2059,5510,5,age,0.69921875,False,False,False,False,"(0, 51280, 51323)","(0, 51280, 51323)","(0, 51280, 51323)",False,True
2060,5510,5,age,0.82421875,True,True,True,False,"(0, 51280, 51324)","(0, 51280, 51324)","(0, 51280, 51324)",False,True
2061,5512,5,age,0.13671875,True,True,True,False,"(0, 51352, 51387)","(0, 51352, 51387)","(0, 51352, 51387)",False,True
2062,5512,5,age,0.69921875,False,False,False,False,"(0, 51280, 51387)","(0, 51280, 51387)","(0, 51280, 51387)",False,True
2063,5512,5,age,0.82421875,True,True,True,False,"(0, 51280, 51388)","(0, 51280, 51388)","(0, 51280, 51388)",False,True
2064,5514,5,age,0.07421875,True,True,True,False,"(0, 52976, 52985)","(0, 52976, 52985)","(0, 52976, 52985)",False,True
2065,5514,5,age,0.69921875,False,False,False,False,"(0, 52968, 52985)","(0, 52968, 52985)","(0, 52968, 52985)",False,True
2066,5514,5,age,0.76171875,True,True,True,False,"(0, 52904, 52986)","(0, 52904, 52986)","(0, 52904, 52986)",False,True
2067,5516,5,age,0.13671875,True,True,True,False,"(0, 51352, 51451)","(0, 51352, 51451)","(0, 51352, 51451)",False,True
2068,5516,5,age,0.69921875,False,False,False,False,"(0, 51280, 51451)","(0, 51280, 51451)","(0, 51280, 51451)",False,True
2069,5516,5,age,0.82421875,True,True,True,False,"(0, 51280, 51452)","(0, 51280, 51452)","(0, 51280, 51452)",False,True
2070,5518,5,age,0.07421875,True,True,True,False,"(0, 52976, 52985)","(0, 52976, 52985)","(0, 52976, 52985)",False,True
2071,5518,5,age,0.69921875,False,False,False,False,"(0, 52968, 52985)","(0, 52968, 52985)","(0, 52968, 52985)",False,True
2072,5518,5,age,0.97265625,True,True,True,False,"(0, 52960, 52986)","(0, 52960, 52986)","(0, 52960, 52986)",False,True
2073,5520,5,age,0.13671875,True,True,True,False,"(0, 51352, 51451)","(0, 51352, 51451)","(0, 51352, 51451)",False,True
2074,5520,5,age,0.69921875,False,False,False,False,"(0, 51280, 51451)","(0, 51280, 51451)","(0, 51280, 51451)",False,True
2075,5520,5,age,0.82421875,True,True,True,False,"(0, 51280, 51452)","(0, 51280, 51452)","(0, 51280, 51452)",False,True
2076,5521,5,age,0.12109375,True,True,True,False,"(0, 51368, 51257)","(0, 51368, 51257)","(0, 51368, 51257)",False,True
2077,5521,5,age,0.30078125,True,True,True,False,"(0, 51304, 51256)","(0, 51304, 51256)","(0, 51304, 51256)",False,True
2078,5521,5,age,0.92578125,False,False,False,False,"(0, 51248, 51256)","(0, 51248, 51256)","(0, 51248, 51256)",False,True
2079,5526,5,age,0.13671875,True,True,True,False,"(0, 51352, 51259)","(0, 51352, 51259)","(0, 51352, 51259)",False,True
2080,5526,5,age,0.69921875,False,False,False,False,"(0, 51280, 51259)","(0, 51280, 51259)","(0, 51280, 51259)",False,True
2081,5526,5,age,0.82421875,True,True,True,False,"(0, 51280, 51260)","(0, 51280, 51260)","(0, 51280, 51260)",False,True
2082,5528,5,age,0.13671875,True,True,True,False,"(0, 51352, 51323)","(0, 51352, 51323)","(0, 51352, 51323)",False,True
2083,5528,5,age,0.69921875,False,False,False,False,"(0, 51280, 51323)","(0, 51280, 51323)","(0, 51280, 51323)",False,True
2084,5528,5,age,0.82421875,True,True,True,False,"(0, 51280, 51324)","(0, 51280, 51324)","(0, 51280, 51324)",False,True
2085,5530,5,age,0.13671875,True,True,True,False,"(0, 51352, 51387)","(0, 51352, 51387)","(0, 51352, 51387)",False,True
2086,5530,5,age,0.69921875,False,False,False,False,"(0, 51280, 51387)","(0, 51280, 51387)","(0, 51280, 51387)",False,True
2087,5530,5,age,0.82421875,True,True,True,False,"(0, 51280, 51388)","(0, 51280, 51388)","(0, 51280, 51388)",False,True
2088,5532,5,age,0.07421875,True,True,True,False,"(0, 52976, 52985)","(0, 52976, 52985)","(0, 52976, 52985)",False,True
2089,5532,5,age,0.69921875,False,False,False,False,"(0, 52968, 52985)","(0, 52968, 52985)","(0, 52968, 52985)",False,True
2090,5532,5,age,0.76171875,True,True,True,False,"(0, 52904, 52986)","(0, 52904, 52986)","(0, 52904, 52986)",False,True
2091,5534,5,age,0.13671875,True,True,True,False,"(0, 51352, 51451)","(0, 51352, 51451)","(0, 51352, 51451)",False,True
2092,5534,5,age,0.69921875,False,False,False,False,"(0, 51280, 51451)","(0, 51280, 51451)","(0, 51280, 51451)",False,True
2093,5534,5,age,0.82421875,True,True,True,False,"(0, 51280, 51452)","(0, 51280, 51452)","(0, 51280, 51452)",False,True
2094,5536,5,age,0.07421875,True,True,True,False,"(0, 52976, 52985)","(0, 52976, 52985)","(0, 52976, 52985)",False,True
2095,5536,5,age,0.69921875,False,False,False,False,"(0, 52968, 52985)","(0, 52968, 52985)","(0, 52968, 52985)",False,True
2096,5536,5,age,0.97265625,True,True,True,False,"(0, 52960, 52986)","(0, 52960, 52986)","(0, 52960, 52986)",False,True
2097,5538,5,age,0.13671875,True,True,True,False,"(0, 51352, 51451)","(0, 51352, 51451)","(0, 51352, 51451)",False,True
2098,5538,5,age,0.69921875,False,False,False,False,"(0, 51280, 51451)","(0, 51280, 51451)","(0, 51280, 51451)",False,True
2099,5538,5,age,0.82421875,True,True,True,False,"(0, 51280, 51452)","(0, 51280, 51452)","(0, 51280, 51452)",False,True
2100,5539,5,age,0.12109375,True,True,True,False,"(0, 73256, 73145)","(0, 73256, 73145)","(0, 73256, 73145)",False,True
2101,5539,5,age,0.30078125,True,True,True,False,"(0, 73192, 73144)","(0, 73192, 73144)","(0, 73192, 73144)",False,True
2102,5539,5,age,0.92578125,False,False,False,False,"(0, 73136, 73144)","(0, 73136, 73144)","(0, 73136, 73144)",False,True
2103,5544,5,age,0.13671875,True,True,True,False,"(0, 73240, 73147)","(0, 73240, 73147)","(0, 73240, 73147)",False,True
2104,5544,5,age,0.69921875,False,False,False,False,"(0, 73168, 73147)","(0, 73168, 73147)","(0, 73168, 73147)",False,True
2105,5544,5,age,0.82421875,True,True,True,False,"(0, 73168, 73148)","(0, 73168, 73148)","(0, 73168, 73148)",False,True
2106,5546,5,age,0.13671875,True,True,True,False,"(0, 73240, 73211)","(0, 73240, 73211)","(0, 73240, 73211)",False,True
2107,5546,5,age,0.69921875,False,False,False,False,"(0, 73168, 73211)","(0, 73168, 73211)","(0, 73168, 73211)",False,True
2108,5546,5,age,0.82421875,True,True,True,False,"(0, 73168, 73212)","(0, 73168, 73212)","(0, 73168, 73212)",False,True
2109,5548,5,age,0.13671875,True,True,True,False,"(0, 73240, 73275)","(0, 73240, 73275)","(0, 73240, 73275)",False,True
2110,5548,5,age,0.69921875,False,False,False,False,"(0, 73168, 73275)","(0, 73168, 73275)","(0, 73168, 73275)",False,True
2111,5548,5,age,0.82421875,True,True,True,False,"(0, 73168, 73276)","(0, 73168, 73276)","(0, 73168, 73276)",False,True
2112,5550,5,age,0.07421875,True,True,True,False,"(0, 74864, 74873)","(0, 74864, 74873)","(0, 74864, 74873)",False,True
2113,5550,5,age,0.69921875,False,False,False,False,"(0, 74856, 74873)","(0, 74856, 74873)","(0, 74856, 74873)",False,True
2114,5550,5,age,0.76171875,True,True,True,False,"(0, 74792, 74874)","(0, 74792, 74874)","(0, 74792, 74874)",False,True
2115,5552,5,age,0.13671875,True,True,True,False,"(0, 73240, 73339)","(0, 73240, 73339)","(0, 73240, 73339)",False,True
2116,5552,5,age,0.69921875,False,False,False,False,"(0, 73168, 73339)","(0, 73168, 73339)","(0, 73168, 73339)",False,True
2117,5552,5,age,0.82421875,True,True,True,False,"(0, 73168, 73340)","(0, 73168, 73340)","(0, 73168, 73340)",False,True
2118,5554,5,age,0.07421875,True,True,True,False,"(0, 74864, 74873)","(0, 74864, 74873)","(0, 74864, 74873)",False,True
2119,5554,5,age,0.69921875,False,False,False,False,"(0, 74856, 74873)","(0, 74856, 74873)","(0, 74856, 74873)",False,True
2120,5554,5,age,0.97265625,True,True,True,False,"(0, 74848, 74874)","(0, 74848, 74874)","(0, 74848, 74874)",False,True
2121,5556,5,age,0.13671875,True,True,True,False,"(0, 73240, 73339)","(0, 73240, 73339)","(0, 73240, 73339)",False,True
2122,5556,5,age,0.69921875,False,False,False,False,"(0, 73168, 73339)","(0, 73168, 73339)","(0, 73168, 73339)",False,True
2123,5556,5,age,0.82421875,True,True,True,False,"(0, 73168, 73340)","(0, 73168, 73340)","(0, 73168, 73340)",False,True
2124,5557,5,age,0.12109375,True,True,True,False,"(0, 73640, 73529)","(0, 73640, 73529)","(0, 73640, 73529)",False,True
2125,5557,5,age,0.30078125,True,True,True,False,"(0, 73576, 73528)","(0, 73576, 73528)","(0, 73576, 73528)",False,True
2126,5557,5,age,0.92578125,False,False,False,False,"(0, 73520, 73528)","(0, 73520, 73528)","(0, 73520, 73528)",False,True
2127,5562,5,age,0.13671875,True,True,True,False,"(0, 73624, 73531)","(0, 73624, 73531)","(0, 73624, 73531)",False,True
2128,5562,5,age,0.69921875,False,False,False,False,"(0, 73552, 73531)","(0, 73552, 73531)","(0, 73552, 73531)",False,True
2129,5562,5,age,0.82421875,True,True,True,False,"(0, 73552, 73532)","(0, 73552, 73532)","(0, 73552, 73532)",False,True
2130,5564,5,age,0.13671875,True,True,True,False,"(0, 73624, 73595)","(0, 73624, 73595)","(0, 73624, 73595)",False,True
2131,5564,5,age,0.69921875,False,False,False,False,"(0, 73552, 73595)","(0, 73552, 73595)","(0, 73552, 73595)",False,True
2132,5564,5,age,0.82421875,True,True,True,False,"(0, 73552, 73596)","(0, 73552, 73596)","(0, 73552, 73596)",False,True
2133,5566,5,age,0.13671875,True,True,True,False,"(0, 73624, 73659)","(0, 73624, 73659)","(0, 73624, 73659)",False,True
2134,5566,5,age,0.69921875,False,False,False,False,"(0, 73552, 73659)","(0, 73552, 73659)","(0, 73552, 73659)",False,True
2135,5566,5,age,0.82421875,True,True,True,False,"(0, 73552, 73660)","(0, 73552, 73660)","(0, 73552, 73660)",False,True
2136,5568,5,age,0.07421875,True,True,True,False,"(0, 75248, 75257)","(0, 75248, 75257)","(0, 75248, 75257)",False,True
2137,5568,5,age,0.69921875,False,False,False,False,"(0, 75240, 75257)","(0, 75240, 75257)","(0, 75240, 75257)",False,True
2138,5568,5,age,0.76171875,True,True,True,False,"(0, 75176, 75258)","(0, 75176, 75258)","(0, 75176, 75258)",False,True
2139,5570,5,age,0.13671875,True,True,True,False,"(0, 73624, 73723)","(0, 73624, 73723)","(0, 73624, 73723)",False,True
2140,5570,5,age,0.69921875,False,False,False,False,"(0, 73552, 73723)","(0, 73552, 73723)","(0, 73552, 73723)",False,True
2141,5570,5,age,0.82421875,True,True,True,False,"(0, 73552, 73724)","(0, 73552, 73724)","(0, 73552, 73724)",False,True
2142,5572,5,age,0.07421875,True,True,True,False,"(0, 75248, 75257)","(0, 75248, 75257)","(0, 75248, 75257)",False,True
2143,5572,5,age,0.69921875,False,False,False,False,"(0, 75240, 75257)","(0, 75240, 75257)","(0, 75240, 75257)",False,True
2144,5572,5,age,0.97265625,True,True,True,False,"(0, 75232, 75258)","(0, 75232, 75258)","(0, 75232, 75258)",False,True
2145,5574,5,age,0.13671875,True,True,True,False,"(0, 73624, 73723)","(0, 73624, 73723)","(0, 73624, 73723)",False,True
2146,5574,5,age,0.69921875,False,False,False,False,"(0, 73552, 73723)","(0, 73552, 73723)","(0, 73552, 73723)",False,True
2147,5574,5,age,0.82421875,True,True,True,False,"(0, 73552, 73724)","(0, 73552, 73724)","(0, 73552, 73724)",False,True
2148,5575,5,age,0.12109375,True,True,True,False,"(0, 52520, 52409)","(0, 52520, 52409)","(0, 52520, 52409)",False,True
2149,5575,5,age,0.30078125,True,True,True,False,"(0, 52456, 52408)","(0, 52456, 52408)","(0, 52456, 52408)",False,True
2150,5575,5,age,0.92578125,False,False,False,False,"(0, 52400, 52408)","(0, 52400, 52408)","(0, 52400, 52408)",False,True
2151,5580,5,age,0.13671875,True,True,True,False,"(0, 52504, 52411)","(0, 52504, 52411)","(0, 52504, 52411)",False,True
2152,5580,5,age,0.69921875,False,False,False,False,"(0, 52432, 52411)","(0, 52432, 52411)","(0, 52432, 52411)",False,True
2153,5580,5,age,0.82421875,True,True,True,False,"(0, 52432, 52412)","(0, 52432, 52412)","(0, 52432, 52412)",False,True
2154,5582,5,age,0.13671875,True,True,True,False,"(0, 52504, 52475)","(0, 52504, 52475)","(0, 52504, 52475)",False,True
2155,5582,5,age,0.69921875,False,False,False,False,"(0, 52432, 52475)","(0, 52432, 52475)","(0, 52432, 52475)",False,True
2156,5582,5,age,0.82421875,True,True,True,False,"(0, 52432, 52476)","(0, 52432, 52476)","(0, 52432, 52476)",False,True
2157,5584,5,age,0.13671875,True,True,True,False,"(0, 52504, 52539)","(0, 52504, 52539)","(0, 52504, 52539)",False,True
2158,5584,5,age,0.69921875,False,False,False,False,"(0, 52432, 52539)","(0, 52432, 52539)","(0, 52432, 52539)",False,True
2159,5584,5,age,0.82421875,True,True,True,False,"(0, 52432, 52540)","(0, 52432, 52540)","(0, 52432, 52540)",False,True
2160,5586,5,age,0.07421875,True,True,True,False,"(0, 54128, 54137)","(0, 54128, 54137)","(0, 54128, 54137)",False,True
2161,5586,5,age,0.69921875,False,False,False,False,"(0, 54120, 54137)","(0, 54120, 54137)","(0, 54120, 54137)",False,True
2162,5586,5,age,0.76171875,True,True,True,False,"(0, 54056, 54138)","(0, 54056, 54138)","(0, 54056, 54138)",False,True
2163,5588,5,age,0.13671875,True,True,True,False,"(0, 52504, 52603)","(0, 52504, 52603)","(0, 52504, 52603)",False,True
2164,5588,5,age,0.69921875,False,False,False,False,"(0, 52432, 52603)","(0, 52432, 52603)","(0, 52432, 52603)",False,True
2165,5588,5,age,0.82421875,True,True,True,False,"(0, 52432, 52604)","(0, 52432, 52604)","(0, 52432, 52604)",False,True
2166,5590,5,age,0.07421875,True,True,True,False,"(0, 54128, 54137)","(0, 54128, 54137)","(0, 54128, 54137)",False,True
2167,5590,5,age,0.69921875,False,False,False,False,"(0, 54120, 54137)","(0, 54120, 54137)","(0, 54120, 54137)",False,True
2168,5590,5,age,0.97265625,True,True,True,False,"(0, 54112, 54138)","(0, 54112, 54138)","(0, 54112, 54138)",False,True
2169,5592,5,age,0.13671875,True,True,True,False,"(0, 52504, 52603)","(0, 52504, 52603)","(0, 52504, 52603)",False,True
2170,5592,5,age,0.69921875,False,False,False,False,"(0, 52432, 52603)","(0, 52432, 52603)","(0, 52432, 52603)",False,True
2171,5592,5,age,0.82421875,True,True,True,False,"(0, 52432, 52604)","(0, 52432, 52604)","(0, 52432, 52604)",False,True
2172,5593,5,age,0.12109375,True,True,True,False,"(0, 52904, 52793)","(0, 52904, 52793)","(0, 52904, 52793)",False,True
2173,5593,5,age,0.30078125,True,True,True,False,"(0, 52840, 52792)","(0, 52840, 52792)","(0, 52840, 52792)",False,True
2174,5593,5,age,0.92578125,False,False,False,False,"(0, 52784, 52792)","(0, 52784, 52792)","(0, 52784, 52792)",False,True
2175,5598,5,age,0.13671875,True,True,True,False,"(0, 52888, 52795)","(0, 52888, 52795)","(0, 52888, 52795)",False,True
2176,5598,5,age,0.69921875,False,False,False,False,"(0, 52816, 52795)","(0, 52816, 52795)","(0, 52816, 52795)",False,True
2177,5598,5,age,0.82421875,True,True,True,False,"(0, 52816, 52796)","(0, 52816, 52796)","(0, 52816, 52796)",False,True
2178,5600,5,age,0.13671875,True,True,True,False,"(0, 52888, 52859)","(0, 52888, 52859)","(0, 52888, 52859)",False,True
2179,5600,5,age,0.69921875,False,False,False,False,"(0, 52816, 52859)","(0, 52816, 52859)","(0, 52816, 52859)",False,True
2180,5600,5,age,0.82421875,True,True,True,False,"(0, 52816, 52860)","(0, 52816, 52860)","(0, 52816, 52860)",False,True
2181,5602,5,age,0.13671875,True,True,True,False,"(0, 52888, 52923)","(0, 52888, 52923)","(0, 52888, 52923)",False,True
2182,5602,5,age,0.69921875,False,False,False,False,"(0, 52816, 52923)","(0, 52816, 52923)","(0, 52816, 52923)",False,True
2183,5602,5,age,0.82421875,True,True,True,False,"(0, 52816, 52924)","(0, 52816, 52924)","(0, 52816, 52924)",False,True
2184,5604,5,age,0.07421875,True,True,True,False,"(0, 54512, 54521)","(0, 54512, 54521)","(0, 54512, 54521)",False,True
2185,5604,5,age,0.69921875,False,False,False,False,"(0, 54504, 54521)","(0, 54504, 54521)","(0, 54504, 54521)",False,True
2186,5604,5,age,0.76171875,True,True,True,False,"(0, 54440, 54522)","(0, 54440, 54522)","(0, 54440, 54522)",False,True
2187,5606,5,age,0.13671875,True,True,True,False,"(0, 52888, 52987)","(0, 52888, 52987)","(0, 52888, 52987)",False,True
2188,5606,5,age,0.69921875,False,False,False,False,"(0, 52816, 52987)","(0, 52816, 52987)","(0, 52816, 52987)",False,True
2189,5606,5,age,0.82421875,True,True,True,False,"(0, 52816, 52988)","(0, 52816, 52988)","(0, 52816, 52988)",False,True
2190,5608,5,age,0.07421875,True,True,True,False,"(0, 54512, 54521)","(0, 54512, 54521)","(0, 54512, 54521)",False,True
2191,5608,5,age,0.69921875,False,False,False,False,"(0, 54504, 54521)","(0, 54504, 54521)","(0, 54504, 54521)",False,True
2192,5608,5,age,0.97265625,True,True,True,False,"(0, 54496, 54522)","(0, 54496, 54522)","(0, 54496, 54522)",False,True
2193,5610,5,age,0.13671875,True,True,True,False,"(0, 52888, 52987)","(0, 52888, 52987)","(0, 52888, 52987)",False,True
2194,5610,5,age,0.69921875,False,False,False,False,"(0, 52816, 52987)","(0, 52816, 52987)","(0, 52816, 52987)",False,True
2195,5610,5,age,0.82421875,True,True,True,False,"(0, 52816, 52988)","(0, 52816, 52988)","(0, 52816, 52988)",False,True
2196,5611,5,age,0.12109375,True,True,True,False,"(0, 52904, 52793)","(0, 52904, 52793)","(0, 52904, 52793)",False,True
2197,5611,5,age,0.30078125,True,True,True,False,"(0, 52840, 52792)","(0, 52840, 52792)","(0, 52840, 52792)",False,True
2198,5611,5,age,0.92578125,False,False,False,False,"(0, 52784, 52792)","(0, 52784, 52792)","(0, 52784, 52792)",False,True
2199,5616,5,age,0.13671875,True,True,True,False,"(0, 52888, 52795)","(0, 52888, 52795)","(0, 52888, 52795)",False,True
2200,5616,5,age,0.69921875,False,False,False,False,"(0, 52816, 52795)","(0, 52816, 52795)","(0, 52816, 52795)",False,True
2201,5616,5,age,0.82421875,True,True,True,False,"(0, 52816, 52796)","(0, 52816, 52796)","(0, 52816, 52796)",False,True
2202,5618,5,age,0.13671875,True,True,True,False,"(0, 52888, 52859)","(0, 52888, 52859)","(0, 52888, 52859)",False,True
2203,5618,5,age,0.69921875,False,False,False,False,"(0, 52816, 52859)","(0, 52816, 52859)","(0, 52816, 52859)",False,True
2204,5618,5,age,0.82421875,True,True,True,False,"(0, 52816, 52860)","(0, 52816, 52860)","(0, 52816, 52860)",False,True
2205,5620,5,age,0.13671875,True,True,True,False,"(0, 52888, 52923)","(0, 52888, 52923)","(0, 52888, 52923)",False,True
2206,5620,5,age,0.69921875,False,False,False,False,"(0, 52816, 52923)","(0, 52816, 52923)","(0, 52816, 52923)",False,True
2207,5620,5,age,0.82421875,True,True,True,False,"(0, 52816, 52924)","(0, 52816, 52924)","(0, 52816, 52924)",False,True
2208,5622,5,age,0.07421875,True,True,True,False,"(0, 54512, 54521)","(0, 54512, 54521)","(0, 54512, 54521)",False,True
2209,5622,5,age,0.69921875,False,False,False,False,"(0, 54504, 54521)","(0, 54504, 54521)","(0, 54504, 54521)",False,True
2210,5622,5,age,0.76171875,True,True,True,False,"(0, 54440, 54522)","(0, 54440, 54522)","(0, 54440, 54522)",False,True
2211,5624,5,age,0.13671875,True,True,True,False,"(0, 52888, 52987)","(0, 52888, 52987)","(0, 52888, 52987)",False,True
2212,5624,5,age,0.69921875,False,False,False,False,"(0, 52816, 52987)","(0, 52816, 52987)","(0, 52816, 52987)",False,True
2213,5624,5,age,0.82421875,True,True,True,False,"(0, 52816, 52988)","(0, 52816, 52988)","(0, 52816, 52988)",False,True
2214,5626,5,age,0.07421875,True,True,True,False,"(0, 54512, 54521)","(0, 54512, 54521)","(0, 54512, 54521)",False,True
2215,5626,5,age,0.69921875,False,False,False,False,"(0, 54504, 54521)","(0, 54504, 54521)","(0, 54504, 54521)",False,True
2216,5626,5,age,0.97265625,True,True,True,False,"(0, 54496, 54522)","(0, 54496, 54522)","(0, 54496, 54522)",False,True
2217,5628,5,age,0.13671875,True,True,True,False,"(0, 52888, 52987)","(0, 52888, 52987)","(0, 52888, 52987)",False,True
2218,5628,5,age,0.69921875,False,False,False,False,"(0, 52816, 52987)","(0, 52816, 52987)","(0, 52816, 52987)",False,True
2219,5628,5,age,0.82421875,True,True,True,False,"(0, 52816, 52988)","(0, 52816, 52988)","(0, 52816, 52988)",False,True
2220,5629,5,age,0.12109375,True,True,True,False,"(0, 74792, 74681)","(0, 74792, 74681)","(0, 74792, 74681)",False,True
2221,5629,5,age,0.30078125,True,True,True,False,"(0, 74728, 74680)","(0, 74728, 74680)","(0, 74728, 74680)",False,True
2222,5629,5,age,0.92578125,False,False,False,False,"(0, 74672, 74680)","(0, 74672, 74680)","(0, 74672, 74680)",False,True
2223,5634,5,age,0.13671875,True,True,True,False,"(0, 74776, 74683)","(0, 74776, 74683)","(0, 74776, 74683)",False,True
2224,5634,5,age,0.69921875,False,False,False,False,"(0, 74704, 74683)","(0, 74704, 74683)","(0, 74704, 74683)",False,True
2225,5634,5,age,0.82421875,True,True,True,False,"(0, 74704, 74684)","(0, 74704, 74684)","(0, 74704, 74684)",False,True
2226,5636,5,age,0.13671875,True,True,True,False,"(0, 74776, 74747)","(0, 74776, 74747)","(0, 74776, 74747)",False,True
2227,5636,5,age,0.69921875,False,False,False,False,"(0, 74704, 74747)","(0, 74704, 74747)","(0, 74704, 74747)",False,True
2228,5636,5,age,0.82421875,True,True,True,False,"(0, 74704, 74748)","(0, 74704, 74748)","(0, 74704, 74748)",False,True
2229,5638,5,age,0.13671875,True,True,True,False,"(0, 74776, 74811)","(0, 74776, 74811)","(0, 74776, 74811)",False,True
2230,5638,5,age,0.69921875,False,False,False,False,"(0, 74704, 74811)","(0, 74704, 74811)","(0, 74704, 74811)",False,True
2231,5638,5,age,0.82421875,True,True,True,False,"(0, 74704, 74812)","(0, 74704, 74812)","(0, 74704, 74812)",False,True
2232,5640,5,age,0.07421875,True,True,True,False,"(0, 76400, 76409)","(0, 76400, 76409)","(0, 76400, 76409)",False,True
2233,5640,5,age,0.69921875,False,False,False,False,"(0, 76392, 76409)","(0, 76392, 76409)","(0, 76392, 76409)",False,True
2234,5640,5,age,0.76171875,True,True,True,False,"(0, 76328, 76410)","(0, 76328, 76410)","(0, 76328, 76410)",False,True
2235,5642,5,age,0.13671875,True,True,True,False,"(0, 74776, 74875)","(0, 74776, 74875)","(0, 74776, 74875)",False,True
2236,5642,5,age,0.69921875,False,False,False,False,"(0, 74704, 74875)","(0, 74704, 74875)","(0, 74704, 74875)",False,True
2237,5642,5,age,0.82421875,True,True,True,False,"(0, 74704, 74876)","(0, 74704, 74876)","(0, 74704, 74876)",False,True
2238,5644,5,age,0.07421875,True,True,True,False,"(0, 76400, 76409)","(0, 76400, 76409)","(0, 76400, 76409)",False,True
2239,5644,5,age,0.69921875,False,False,False,False,"(0, 76392, 76409)","(0, 76392, 76409)","(0, 76392, 76409)",False,True
2240,5644,5,age,0.97265625,True,True,True,False,"(0, 76384, 76410)","(0, 76384, 76410)","(0, 76384, 76410)",False,True
2241,5646,5,age,0.13671875,True,True,True,False,"(0, 74776, 74875)","(0, 74776, 74875)","(0, 74776, 74875)",False,True
2242,5646,5,age,0.69921875,False,False,False,False,"(0, 74704, 74875)","(0, 74704, 74875)","(0, 74704, 74875)",False,True
2243,5646,5,age,0.82421875,True,True,True,False,"(0, 74704, 74876)","(0, 74704, 74876)","(0, 74704, 74876)",False,True
2244,5647,5,age,0.12109375,True,True,True,False,"(0, 75176, 75065)","(0, 75176, 75065)","(0, 75176, 75065)",False,True
2245,5647,5,age,0.30078125,True,True,True,False,"(0, 75112, 75064)","(0, 75112, 75064)","(0, 75112, 75064)",False,True
2246,5647,5,age,0.92578125,False,False,False,False,"(0, 75056, 75064)","(0, 75056, 75064)","(0, 75056, 75064)",False,True
2247,5652,5,age,0.13671875,True,True,True,False,"(0, 75160, 75067)","(0, 75160, 75067)","(0, 75160, 75067)",False,True
2248,5652,5,age,0.69921875,False,False,False,False,"(0, 75088, 75067)","(0, 75088, 75067)","(0, 75088, 75067)",False,True
2249,5652,5,age,0.82421875,True,True,True,False,"(0, 75088, 75068)","(0, 75088, 75068)","(0, 75088, 75068)",False,True
2250,5654,5,age,0.13671875,True,True,True,False,"(0, 75160, 75131)","(0, 75160, 75131)","(0, 75160, 75131)",False,True
2251,5654,5,age,0.69921875,False,False,False,False,"(0, 75088, 75131)","(0, 75088, 75131)","(0, 75088, 75131)",False,True
2252,5654,5,age,0.82421875,True,True,True,False,"(0, 75088, 75132)","(0, 75088, 75132)","(0, 75088, 75132)",False,True
2253,5656,5,age,0.13671875,True,True,True,False,"(0, 75160, 75195)","(0, 75160, 75195)","(0, 75160, 75195)",False,True
2254,5656,5,age,0.69921875,False,False,False,False,"(0, 75088, 75195)","(0, 75088, 75195)","(0, 75088, 75195)",False,True
2255,5656,5,age,0.82421875,True,True,True,False,"(0, 75088, 75196)","(0, 75088, 75196)","(0, 75088, 75196)",False,True
2256,5658,5,age,0.07421875,True,True,True,False,"(0, 76784, 76793)","(0, 76784, 76793)","(0, 76784, 76793)",False,True
2257,5658,5,age,0.69921875,False,False,False,False,"(0, 76776, 76793)","(0, 76776, 76793)","(0, 76776, 76793)",False,True
2258,5658,5,age,0.76171875,True,True,True,False,"(0, 76712, 76794)","(0, 76712, 76794)","(0, 76712, 76794)",False,True
2259,5660,5,age,0.13671875,True,True,True,False,"(0, 75160, 75259)","(0, 75160, 75259)","(0, 75160, 75259)",False,True
2260,5660,5,age,0.69921875,False,False,False,False,"(0, 75088, 75259)","(0, 75088, 75259)","(0, 75088, 75259)",False,True
2261,5660,5,age,0.82421875,True,True,True,False,"(0, 75088, 75260)","(0, 75088, 75260)","(0, 75088, 75260)",False,True
2262,5662,5,age,0.07421875,True,True,True,False,"(0, 76784, 76793)","(0, 76784, 76793)","(0, 76784, 76793)",False,True
2263,5662,5,age,0.69921875,False,False,False,False,"(0, 76776, 76793)","(0, 76776, 76793)","(0, 76776, 76793)",False,True
2264,5662,5,age,0.97265625,True,True,True,False,"(0, 76768, 76794)","(0, 76768, 76794)","(0, 76768, 76794)",False,True
2265,5664,5,age,0.13671875,True,True,True,False,"(0, 75160, 75259)","(0, 75160, 75259)","(0, 75160, 75259)",False,True
2266,5664,5,age,0.69921875,False,False,False,False,"(0, 75088, 75259)","(0, 75088, 75259)","(0, 75088, 75259)",False,True
2267,5664,5,age,0.82421875,True,True,True,False,"(0, 75088, 75260)","(0, 75088, 75260)","(0, 75088, 75260)",False,True
2268,5665,5,age,0.12109375,True,True,True,False,"(0, 54056, 53945)","(0, 54056, 53945)","(0, 54056, 53945)",False,True
2269,5665,5,age,0.30078125,True,True,True,False,"(0, 53992, 53944)","(0, 53992, 53944)","(0, 53992, 53944)",False,True
2270,5665,5,age,0.92578125,False,False,False,False,"(0, 53936, 53944)","(0, 53936, 53944)","(0, 53936, 53944)",False,True
2271,5670,5,age,0.13671875,True,True,True,False,"(0, 54040, 53947)","(0, 54040, 53947)","(0, 54040, 53947)",False,True
2272,5670,5,age,0.69921875,False,False,False,False,"(0, 53968, 53947)","(0, 53968, 53947)","(0, 53968, 53947)",False,True
2273,5670,5,age,0.82421875,True,True,True,False,"(0, 53968, 53948)","(0, 53968, 53948)","(0, 53968, 53948)",False,True
2274,5672,5,age,0.13671875,True,True,True,False,"(0, 54040, 54011)","(0, 54040, 54011)","(0, 54040, 54011)",False,True
2275,5672,5,age,0.69921875,False,False,False,False,"(0, 53968, 54011)","(0, 53968, 54011)","(0, 53968, 54011)",False,True
2276,5672,5,age,0.82421875,True,True,True,False,"(0, 53968, 54012)","(0, 53968, 54012)","(0, 53968, 54012)",False,True
2277,5674,5,age,0.13671875,True,True,True,False,"(0, 54040, 54075)","(0, 54040, 54075)","(0, 54040, 54075)",False,True
2278,5674,5,age,0.69921875,False,False,False,False,"(0, 53968, 54075)","(0, 53968, 54075)","(0, 53968, 54075)",False,True
2279,5674,5,age,0.82421875,True,True,True,False,"(0, 53968, 54076)","(0, 53968, 54076)","(0, 53968, 54076)",False,True
2280,5676,5,age,0.13671875,True,True,True,False,"(0, 54040, 54139)","(0, 54040, 54139)","(0, 54040, 54139)",False,True
2281,5676,5,age,0.69921875,False,False,False,False,"(0, 53968, 54139)","(0, 53968, 54139)","(0, 53968, 54139)",False,True
2282,5676,5,age,0.82421875,True,True,True,False,"(0, 53968, 54140)","(0, 53968, 54140)","(0, 53968, 54140)",False,True
2283,5678,5,age,0.13671875,True,True,True,False,"(0, 54040, 54139)","(0, 54040, 54139)","(0, 54040, 54139)",False,True
2284,5678,5,age,0.69921875,False,False,False,False,"(0, 53968, 54139)","(0, 53968, 54139)","(0, 53968, 54139)",False,True
2285,5678,5,age,0.82421875,True,True,True,False,"(0, 53968, 54140)","(0, 53968, 54140)","(0, 53968, 54140)",False,True
2286,5679,5,age,0.12109375,True,True,True,False,"(0, 54440, 54329)","(0, 54440, 54329)","(0, 54440, 54329)",False,True
2287,5679,5,age,0.30078125,True,True,True,False,"(0, 54376, 54328)","(0, 54376, 54328)","(0, 54376, 54328)",False,True
2288,5679,5,age,0.92578125,False,False,False,False,"(0, 54320, 54328)","(0, 54320, 54328)","(0, 54320, 54328)",False,True
2289,5684,5,age,0.13671875,True,True,True,False,"(0, 54424, 54331)","(0, 54424, 54331)","(0, 54424, 54331)",False,True
2290,5684,5,age,0.69921875,False,False,False,False,"(0, 54352, 54331)","(0, 54352, 54331)","(0, 54352, 54331)",False,True
2291,5684,5,age,0.82421875,True,True,True,False,"(0, 54352, 54332)","(0, 54352, 54332)","(0, 54352, 54332)",False,True
2292,5686,5,age,0.13671875,True,True,True,False,"(0, 54424, 54395)","(0, 54424, 54395)","(0, 54424, 54395)",False,True
2293,5686,5,age,0.69921875,False,False,False,False,"(0, 54352, 54395)","(0, 54352, 54395)","(0, 54352, 54395)",False,True
2294,5686,5,age,0.82421875,True,True,True,False,"(0, 54352, 54396)","(0, 54352, 54396)","(0, 54352, 54396)",False,True
2295,5688,5,age,0.13671875,True,True,True,False,"(0, 54424, 54459)","(0, 54424, 54459)","(0, 54424, 54459)",False,True
2296,5688,5,age,0.69921875,False,False,False,False,"(0, 54352, 54459)","(0, 54352, 54459)","(0, 54352, 54459)",False,True
2297,5688,5,age,0.82421875,True,True,True,False,"(0, 54352, 54460)","(0, 54352, 54460)","(0, 54352, 54460)",False,True
2298,5690,5,age,0.13671875,True,True,True,False,"(0, 54424, 54523)","(0, 54424, 54523)","(0, 54424, 54523)",False,True
2299,5690,5,age,0.69921875,False,False,False,False,"(0, 54352, 54523)","(0, 54352, 54523)","(0, 54352, 54523)",False,True
2300,5690,5,age,0.82421875,True,True,True,False,"(0, 54352, 54524)","(0, 54352, 54524)","(0, 54352, 54524)",False,True
2301,5692,5,age,0.13671875,True,True,True,False,"(0, 54424, 54523)","(0, 54424, 54523)","(0, 54424, 54523)",False,True
2302,5692,5,age,0.69921875,False,False,False,False,"(0, 54352, 54523)","(0, 54352, 54523)","(0, 54352, 54523)",False,True
2303,5692,5,age,0.82421875,True,True,True,False,"(0, 54352, 54524)","(0, 54352, 54524)","(0, 54352, 54524)",False,True
2304,5693,5,age,0.12109375,True,True,True,False,"(0, 54440, 54329)","(0, 54440, 54329)","(0, 54440, 54329)",False,True
2305,5693,5,age,0.30078125,True,True,True,False,"(0, 54376, 54328)","(0, 54376, 54328)","(0, 54376, 54328)",False,True
2306,5693,5,age,0.92578125,False,False,False,False,"(0, 54320, 54328)","(0, 54320, 54328)","(0, 54320, 54328)",False,True
2307,5698,5,age,0.13671875,True,True,True,False,"(0, 54424, 54331)","(0, 54424, 54331)","(0, 54424, 54331)",False,True
2308,5698,5,age,0.69921875,False,False,False,False,"(0, 54352, 54331)","(0, 54352, 54331)","(0, 54352, 54331)",False,True
2309,5698,5,age,0.82421875,True,True,True,False,"(0, 54352, 54332)","(0, 54352, 54332)","(0, 54352, 54332)",False,True
2310,5700,5,age,0.13671875,True,True,True,False,"(0, 54424, 54395)","(0, 54424, 54395)","(0, 54424, 54395)",False,True
2311,5700,5,age,0.69921875,False,False,False,False,"(0, 54352, 54395)","(0, 54352, 54395)","(0, 54352, 54395)",False,True
2312,5700,5,age,0.82421875,True,True,True,False,"(0, 54352, 54396)","(0, 54352, 54396)","(0, 54352, 54396)",False,True
2313,5702,5,age,0.13671875,True,True,True,False,"(0, 54424, 54459)","(0, 54424, 54459)","(0, 54424, 54459)",False,True
2314,5702,5,age,0.69921875,False,False,False,False,"(0, 54352, 54459)","(0, 54352, 54459)","(0, 54352, 54459)",False,True
2315,5702,5,age,0.82421875,True,True,True,False,"(0, 54352, 54460)","(0, 54352, 54460)","(0, 54352, 54460)",False,True
2316,5704,5,age,0.13671875,True,True,True,False,"(0, 54424, 54523)","(0, 54424, 54523)","(0, 54424, 54523)",False,True
2317,5704,5,age,0.69921875,False,False,False,False,"(0, 54352, 54523)","(0, 54352, 54523)","(0, 54352, 54523)",False,True
2318,5704,5,age,0.82421875,True,True,True,False,"(0, 54352, 54524)","(0, 54352, 54524)","(0, 54352, 54524)",False,True
2319,5706,5,age,0.13671875,True,True,True,False,"(0, 54424, 54523)","(0, 54424, 54523)","(0, 54424, 54523)",False,True
2320,5706,5,age,0.69921875,False,False,False,False,"(0, 54352, 54523)","(0, 54352, 54523)","(0, 54352, 54523)",False,True
2321,5706,5,age,0.82421875,True,True,True,False,"(0, 54352, 54524)","(0, 54352, 54524)","(0, 54352, 54524)",False,True
2322,5707,5,age,0.12109375,True,True,True,False,"(0, 76328, 76217)","(0, 76328, 76217)","(0, 76328, 76217)",False,True
2323,5707,5,age,0.30078125,True,True,True,False,"(0, 76264, 76216)","(0, 76264, 76216)","(0, 76264, 76216)",False,True
2324,5707,5,age,0.92578125,False,False,False,False,"(0, 76208, 76216)","(0, 76208, 76216)","(0, 76208, 76216)",False,True
2325,5712,5,age,0.13671875,True,True,True,False,"(0, 76312, 76219)","(0, 76312, 76219)","(0, 76312, 76219)",False,True
2326,5712,5,age,0.69921875,False,False,False,False,"(0, 76240, 76219)","(0, 76240, 76219)","(0, 76240, 76219)",False,True
2327,5712,5,age,0.82421875,True,True,True,False,"(0, 76240, 76220)","(0, 76240, 76220)","(0, 76240, 76220)",False,True
2328,5714,5,age,0.13671875,True,True,True,False,"(0, 76312, 76283)","(0, 76312, 76283)","(0, 76312, 76283)",False,True
2329,5714,5,age,0.69921875,False,False,False,False,"(0, 76240, 76283)","(0, 76240, 76283)","(0, 76240, 76283)",False,True
2330,5714,5,age,0.82421875,True,True,True,False,"(0, 76240, 76284)","(0, 76240, 76284)","(0, 76240, 76284)",False,True
2331,5716,5,age,0.13671875,True,True,True,False,"(0, 76312, 76347)","(0, 76312, 76347)","(0, 76312, 76347)",False,True
2332,5716,5,age,0.69921875,False,False,False,False,"(0, 76240, 76347)","(0, 76240, 76347)","(0, 76240, 76347)",False,True
2333,5716,5,age,0.82421875,True,True,True,False,"(0, 76240, 76348)","(0, 76240, 76348)","(0, 76240, 76348)",False,True
2334,5718,5,age,0.07421875,True,True,True,False,"(0, 77936, 77945)","(0, 77936, 77945)","(0, 77936, 77945)",False,True
2335,5718,5,age,0.69921875,False,False,False,False,"(0, 77928, 77945)","(0, 77928, 77945)","(0, 77928, 77945)",False,True
2336,5718,5,age,0.76171875,True,True,True,False,"(0, 77864, 77946)","(0, 77864, 77946)","(0, 77864, 77946)",False,True
2337,5720,5,age,0.13671875,True,True,True,False,"(0, 76312, 76411)","(0, 76312, 76411)","(0, 76312, 76411)",False,True
2338,5720,5,age,0.69921875,False,False,False,False,"(0, 76240, 76411)","(0, 76240, 76411)","(0, 76240, 76411)",False,True
2339,5720,5,age,0.82421875,True,True,True,False,"(0, 76240, 76412)","(0, 76240, 76412)","(0, 76240, 76412)",False,True
2340,5722,5,age,0.07421875,True,True,True,False,"(0, 77936, 77945)","(0, 77936, 77945)","(0, 77936, 77945)",False,True
2341,5722,5,age,0.69921875,False,False,False,False,"(0, 77928, 77945)","(0, 77928, 77945)","(0, 77928, 77945)",False,True
2342,5722,5,age,0.97265625,True,True,True,False,"(0, 77920, 77946)","(0, 77920, 77946)","(0, 77920, 77946)",False,True
2343,5724,5,age,0.13671875,True,True,True,False,"(0, 76312, 76411)","(0, 76312, 76411)","(0, 76312, 76411)",False,True
2344,5724,5,age,0.69921875,False,False,False,False,"(0, 76240, 76411)","(0, 76240, 76411)","(0, 76240, 76411)",False,True
2345,5724,5,age,0.82421875,True,True,True,False,"(0, 76240, 76412)","(0, 76240, 76412)","(0, 76240, 76412)",False,True
2346,5725,5,age,0.12109375,True,True,True,False,"(0, 76712, 76601)","(0, 76712, 76601)","(0, 76712, 76601)",False,True
2347,5725,5,age,0.30078125,True,True,True,False,"(0, 76648, 76600)","(0, 76648, 76600)","(0, 76648, 76600)",False,True
2348,5725,5,age,0.92578125,False,False,False,False,"(0, 76592, 76600)","(0, 76592, 76600)","(0, 76592, 76600)",False,True
2349,5730,5,age,0.13671875,True,True,True,False,"(0, 76696, 76603)","(0, 76696, 76603)","(0, 76696, 76603)",False,True
2350,5730,5,age,0.69921875,False,False,False,False,"(0, 76624, 76603)","(0, 76624, 76603)","(0, 76624, 76603)",False,True
2351,5730,5,age,0.82421875,True,True,True,False,"(0, 76624, 76604)","(0, 76624, 76604)","(0, 76624, 76604)",False,True
2352,5732,5,age,0.13671875,True,True,True,False,"(0, 76696, 76667)","(0, 76696, 76667)","(0, 76696, 76667)",False,True
2353,5732,5,age,0.69921875,False,False,False,False,"(0, 76624, 76667)","(0, 76624, 76667)","(0, 76624, 76667)",False,True
2354,5732,5,age,0.82421875,True,True,True,False,"(0, 76624, 76668)","(0, 76624, 76668)","(0, 76624, 76668)",False,True
2355,5734,5,age,0.13671875,True,True,True,False,"(0, 76696, 76731)","(0, 76696, 76731)","(0, 76696, 76731)",False,True
2356,5734,5,age,0.69921875,False,False,False,False,"(0, 76624, 76731)","(0, 76624, 76731)","(0, 76624, 76731)",False,True
2357,5734,5,age,0.82421875,True,True,True,False,"(0, 76624, 76732)","(0, 76624, 76732)","(0, 76624, 76732)",False,True
2358,5736,5,age,0.07421875,True,True,True,False,"(0, 78320, 78329)","(0, 78320, 78329)","(0, 78320, 78329)",False,True
2359,5736,5,age,0.69921875,False,False,False,False,"(0, 78312, 78329)","(0, 78312, 78329)","(0, 78312, 78329)",False,True
2360,5736,5,age,0.76171875,True,True,True,False,"(0, 78248, 78330)","(0, 78248, 78330)","(0, 78248, 78330)",False,True
2361,5738,5,age,0.13671875,True,True,True,False,"(0, 76696, 76795)","(0, 76696, 76795)","(0, 76696, 76795)",False,True
2362,5738,5,age,0.69921875,False,False,False,False,"(0, 76624, 76795)","(0, 76624, 76795)","(0, 76624, 76795)",False,True
2363,5738,5,age,0.82421875,True,True,True,False,"(0, 76624, 76796)","(0, 76624, 76796)","(0, 76624, 76796)",False,True
2364,5740,5,age,0.07421875,True,True,True,False,"(0, 78320, 78329)","(0, 78320, 78329)","(0, 78320, 78329)",False,True
2365,5740,5,age,0.69921875,False,False,False,False,"(0, 78312, 78329)","(0, 78312, 78329)","(0, 78312, 78329)",False,True
2366,5740,5,age,0.97265625,True,True,True,False,"(0, 78304, 78330)","(0, 78304, 78330)","(0, 78304, 78330)",False,True
2367,5742,5,age,0.13671875,True,True,True,False,"(0, 76696, 76795)","(0, 76696, 76795)","(0, 76696, 76795)",False,True
2368,5742,5,age,0.69921875,False,False,False,False,"(0, 76624, 76795)","(0, 76624, 76795)","(0, 76624, 76795)",False,True
2369,5742,5,age,0.82421875,True,True,True,False,"(0, 76624, 76796)","(0, 76624, 76796)","(0, 76624, 76796)",False,True
2370,5743,5,age,0.12109375,True,True,True,False,"(0, 55592, 55481)","(0, 55592, 55481)","(0, 55592, 55481)",False,True
2371,5743,5,age,0.30078125,True,True,True,False,"(0, 55528, 55480)","(0, 55528, 55480)","(0, 55528, 55480)",False,True
2372,5743,5,age,0.92578125,False,False,False,False,"(0, 55472, 55480)","(0, 55472, 55480)","(0, 55472, 55480)",False,True
2373,5748,5,age,0.13671875,True,True,True,False,"(0, 55576, 55483)","(0, 55576, 55483)","(0, 55576, 55483)",False,True
2374,5748,5,age,0.69921875,False,False,False,False,"(0, 55504, 55483)","(0, 55504, 55483)","(0, 55504, 55483)",False,True
2375,5748,5,age,0.82421875,True,True,True,False,"(0, 55504, 55484)","(0, 55504, 55484)","(0, 55504, 55484)",False,True
2376,5750,5,age,0.13671875,True,True,True,False,"(0, 55576, 55547)","(0, 55576, 55547)","(0, 55576, 55547)",False,True
2377,5750,5,age,0.69921875,False,False,False,False,"(0, 55504, 55547)","(0, 55504, 55547)","(0, 55504, 55547)",False,True
2378,5750,5,age,0.82421875,True,True,True,False,"(0, 55504, 55548)","(0, 55504, 55548)","(0, 55504, 55548)",False,True
2379,5752,5,age,0.13671875,True,True,True,False,"(0, 55576, 55611)","(0, 55576, 55611)","(0, 55576, 55611)",False,True
2380,5752,5,age,0.69921875,False,False,False,False,"(0, 55504, 55611)","(0, 55504, 55611)","(0, 55504, 55611)",False,True
2381,5752,5,age,0.82421875,True,True,True,False,"(0, 55504, 55612)","(0, 55504, 55612)","(0, 55504, 55612)",False,True
2382,5754,5,age,0.13671875,True,True,True,False,"(0, 55576, 55675)","(0, 55576, 55675)","(0, 55576, 55675)",False,True
2383,5754,5,age,0.69921875,False,False,False,False,"(0, 55504, 55675)","(0, 55504, 55675)","(0, 55504, 55675)",False,True
2384,5754,5,age,0.82421875,True,True,True,False,"(0, 55504, 55676)","(0, 55504, 55676)","(0, 55504, 55676)",False,True
2385,5756,5,age,0.13671875,True,True,True,False,"(0, 55576, 55675)","(0, 55576, 55675)","(0, 55576, 55675)",False,True
2386,5756,5,age,0.69921875,False,False,False,False,"(0, 55504, 55675)","(0, 55504, 55675)","(0, 55504, 55675)",False,True
2387,5756,5,age,0.82421875,True,True,True,False,"(0, 55504, 55676)","(0, 55504, 55676)","(0, 55504, 55676)",False,True
2388,5757,5,age,0.12109375,True,True,True,False,"(0, 55976, 55865)","(0, 55976, 55865)","(0, 55976, 55865)",False,True
2389,5757,5,age,0.30078125,True,True,True,False,"(0, 55912, 55864)","(0, 55912, 55864)","(0, 55912, 55864)",False,True
2390,5757,5,age,0.92578125,False,False,False,False,"(0, 55856, 55864)","(0, 55856, 55864)","(0, 55856, 55864)",False,True
2391,5762,5,age,0.13671875,True,True,True,False,"(0, 55960, 55867)","(0, 55960, 55867)","(0, 55960, 55867)",False,True
2392,5762,5,age,0.69921875,False,False,False,False,"(0, 55888, 55867)","(0, 55888, 55867)","(0, 55888, 55867)",False,True
2393,5762,5,age,0.82421875,True,True,True,False,"(0, 55888, 55868)","(0, 55888, 55868)","(0, 55888, 55868)",False,True
2394,5764,5,age,0.13671875,True,True,True,False,"(0, 55960, 55931)","(0, 55960, 55931)","(0, 55960, 55931)",False,True
2395,5764,5,age,0.69921875,False,False,False,False,"(0, 55888, 55931)","(0, 55888, 55931)","(0, 55888, 55931)",False,True
2396,5764,5,age,0.82421875,True,True,True,False,"(0, 55888, 55932)","(0, 55888, 55932)","(0, 55888, 55932)",False,True
2397,5766,5,age,0.13671875,True,True,True,False,"(0, 55960, 55995)","(0, 55960, 55995)","(0, 55960, 55995)",False,True
2398,5766,5,age,0.69921875,False,False,False,False,"(0, 55888, 55995)","(0, 55888, 55995)","(0, 55888, 55995)",False,True
2399,5766,5,age,0.82421875,True,True,True,False,"(0, 55888, 55996)","(0, 55888, 55996)","(0, 55888, 55996)",False,True
2400,5768,5,age,0.13671875,True,True,True,False,"(0, 55960, 56059)","(0, 55960, 56059)","(0, 55960, 56059)",False,True
2401,5768,5,age,0.69921875,False,False,False,False,"(0, 55888, 56059)","(0, 55888, 56059)","(0, 55888, 56059)",False,True
2402,5768,5,age,0.82421875,True,True,True,False,"(0, 55888, 56060)","(0, 55888, 56060)","(0, 55888, 56060)",False,True
2403,5770,5,age,0.13671875,True,True,True,False,"(0, 55960, 56059)","(0, 55960, 56059)","(0, 55960, 56059)",False,True
2404,5770,5,age,0.69921875,False,False,False,False,"(0, 55888, 56059)","(0, 55888, 56059)","(0, 55888, 56059)",False,True
2405,5770,5,age,0.82421875,True,True,True,False,"(0, 55888, 56060)","(0, 55888, 56060)","(0, 55888, 56060)",False,True
2406,5771,5,age,0.12109375,True,True,True,False,"(0, 55976, 55865)","(0, 55976, 55865)","(0, 55976, 55865)",False,True
2407,5771,5,age,0.30078125,True,True,True,False,"(0, 55912, 55864)","(0, 55912, 55864)","(0, 55912, 55864)",False,True
2408,5771,5,age,0.92578125,False,False,False,False,"(0, 55856, 55864)","(0, 55856, 55864)","(0, 55856, 55864)",False,True
2409,5776,5,age,0.13671875,True,True,True,False,"(0, 55960, 55867)","(0, 55960, 55867)","(0, 55960, 55867)",False,True
2410,5776,5,age,0.69921875,False,False,False,False,"(0, 55888, 55867)","(0, 55888, 55867)","(0, 55888, 55867)",False,True
2411,5776,5,age,0.82421875,True,True,True,False,"(0, 55888, 55868)","(0, 55888, 55868)","(0, 55888, 55868)",False,True
2412,5778,5,age,0.13671875,True,True,True,False,"(0, 55960, 55931)","(0, 55960, 55931)","(0, 55960, 55931)",False,True
2413,5778,5,age,0.69921875,False,False,False,False,"(0, 55888, 55931)","(0, 55888, 55931)","(0, 55888, 55931)",False,True
2414,5778,5,age,0.82421875,True,True,True,False,"(0, 55888, 55932)","(0, 55888, 55932)","(0, 55888, 55932)",False,True
2415,5780,5,age,0.13671875,True,True,True,False,"(0, 55960, 55995)","(0, 55960, 55995)","(0, 55960, 55995)",False,True
2416,5780,5,age,0.69921875,False,False,False,False,"(0, 55888, 55995)","(0, 55888, 55995)","(0, 55888, 55995)",False,True
2417,5780,5,age,0.82421875,True,True,True,False,"(0, 55888, 55996)","(0, 55888, 55996)","(0, 55888, 55996)",False,True
2418,5782,5,age,0.13671875,True,True,True,False,"(0, 55960, 56059)","(0, 55960, 56059)","(0, 55960, 56059)",False,True
2419,5782,5,age,0.69921875,False,False,False,False,"(0, 55888, 56059)","(0, 55888, 56059)","(0, 55888, 56059)",False,True
2420,5782,5,age,0.82421875,True,True,True,False,"(0, 55888, 56060)","(0, 55888, 56060)","(0, 55888, 56060)",False,True
2421,5784,5,age,0.13671875,True,True,True,False,"(0, 55960, 56059)","(0, 55960, 56059)","(0, 55960, 56059)",False,True
2422,5784,5,age,0.69921875,False,False,False,False,"(0, 55888, 56059)","(0, 55888, 56059)","(0, 55888, 56059)",False,True
2423,5784,5,age,0.82421875,True,True,True,False,"(0, 55888, 56060)","(0, 55888, 56060)","(0, 55888, 56060)",False,True
2424,5785,5,age,0.12109375,True,True,True,False,"(0, 77864, 77753)","(0, 77864, 77753)","(0, 77864, 77753)",False,True
2425,5785,5,age,0.30078125,True,True,True,False,"(0, 77800, 77752)","(0, 77800, 77752)","(0, 77800, 77752)",False,True
2426,5785,5,age,0.92578125,False,False,False,False,"(0, 77744, 77752)","(0, 77744, 77752)","(0, 77744, 77752)",False,True
2427,5790,5,age,0.13671875,True,True,True,False,"(0, 77848, 77755)","(0, 77848, 77755)","(0, 77848, 77755)",False,True
2428,5790,5,age,0.69921875,False,False,False,False,"(0, 77776, 77755)","(0, 77776, 77755)","(0, 77776, 77755)",False,True
2429,5790,5,age,0.82421875,True,True,True,False,"(0, 77776, 77756)","(0, 77776, 77756)","(0, 77776, 77756)",False,True
2430,5792,5,age,0.13671875,True,True,True,False,"(0, 77848, 77819)","(0, 77848, 77819)","(0, 77848, 77819)",False,True
2431,5792,5,age,0.69921875,False,False,False,False,"(0, 77776, 77819)","(0, 77776, 77819)","(0, 77776, 77819)",False,True
2432,5792,5,age,0.82421875,True,True,True,False,"(0, 77776, 77820)","(0, 77776, 77820)","(0, 77776, 77820)",False,True
2433,5794,5,age,0.13671875,True,True,True,False,"(0, 77848, 77883)","(0, 77848, 77883)","(0, 77848, 77883)",False,True
2434,5794,5,age,0.69921875,False,False,False,False,"(0, 77776, 77883)","(0, 77776, 77883)","(0, 77776, 77883)",False,True
2435,5794,5,age,0.82421875,True,True,True,False,"(0, 77776, 77884)","(0, 77776, 77884)","(0, 77776, 77884)",False,True
2436,5796,5,age,0.07421875,True,True,True,False,"(0, 79472, 79481)","(0, 79472, 79481)","(0, 79472, 79481)",False,True
2437,5796,5,age,0.69921875,False,False,False,False,"(0, 79464, 79481)","(0, 79464, 79481)","(0, 79464, 79481)",False,True
2438,5796,5,age,0.76171875,True,True,True,False,"(0, 79400, 79482)","(0, 79400, 79482)","(0, 79400, 79482)",False,True
2439,5798,5,age,0.13671875,True,True,True,False,"(0, 77848, 77947)","(0, 77848, 77947)","(0, 77848, 77947)",False,True
2440,5798,5,age,0.69921875,False,False,False,False,"(0, 77776, 77947)","(0, 77776, 77947)","(0, 77776, 77947)",False,True
2441,5798,5,age,0.82421875,True,True,True,False,"(0, 77776, 77948)","(0, 77776, 77948)","(0, 77776, 77948)",False,True
2442,5800,5,age,0.07421875,True,True,True,False,"(0, 79472, 79481)","(0, 79472, 79481)","(0, 79472, 79481)",False,True
2443,5800,5,age,0.69921875,False,False,False,False,"(0, 79464, 79481)","(0, 79464, 79481)","(0, 79464, 79481)",False,True
2444,5800,5,age,0.97265625,True,True,True,False,"(0, 79456, 79482)","(0, 79456, 79482)","(0, 79456, 79482)",False,True
2445,5802,5,age,0.13671875,True,True,True,False,"(0, 77848, 77947)","(0, 77848, 77947)","(0, 77848, 77947)",False,True
2446,5802,5,age,0.69921875,False,False,False,False,"(0, 77776, 77947)","(0, 77776, 77947)","(0, 77776, 77947)",False,True
2447,5802,5,age,0.82421875,True,True,True,False,"(0, 77776, 77948)","(0, 77776, 77948)","(0, 77776, 77948)",False,True
2448,5803,5,age,0.12109375,True,True,True,False,"(0, 78248, 78137)","(0, 78248, 78137)","(0, 78248, 78137)",False,True
2449,5803,5,age,0.30078125,True,True,True,False,"(0, 78184, 78136)","(0, 78184, 78136)","(0, 78184, 78136)",False,True
2450,5803,5,age,0.92578125,False,False,False,False,"(0, 78128, 78136)","(0, 78128, 78136)","(0, 78128, 78136)",False,True
2451,5808,5,age,0.13671875,True,True,True,False,"(0, 78232, 78139)","(0, 78232, 78139)","(0, 78232, 78139)",False,True
2452,5808,5,age,0.69921875,False,False,False,False,"(0, 78160, 78139)","(0, 78160, 78139)","(0, 78160, 78139)",False,True
2453,5808,5,age,0.82421875,True,True,True,False,"(0, 78160, 78140)","(0, 78160, 78140)","(0, 78160, 78140)",False,True
2454,5810,5,age,0.13671875,True,True,True,False,"(0, 78232, 78203)","(0, 78232, 78203)","(0, 78232, 78203)",False,True
2455,5810,5,age,0.69921875,False,False,False,False,"(0, 78160, 78203)","(0, 78160, 78203)","(0, 78160, 78203)",False,True
2456,5810,5,age,0.82421875,True,True,True,False,"(0, 78160, 78204)","(0, 78160, 78204)","(0, 78160, 78204)",False,True
2457,5812,5,age,0.13671875,True,True,True,False,"(0, 78232, 78267)","(0, 78232, 78267)","(0, 78232, 78267)",False,True
2458,5812,5,age,0.69921875,False,False,False,False,"(0, 78160, 78267)","(0, 78160, 78267)","(0, 78160, 78267)",False,True
2459,5812,5,age,0.82421875,True,True,True,False,"(0, 78160, 78268)","(0, 78160, 78268)","(0, 78160, 78268)",False,True
2460,5814,5,age,0.07421875,True,True,True,False,"(0, 79856, 79865)","(0, 79856, 79865)","(0, 79856, 79865)",False,True
2461,5814,5,age,0.69921875,False,False,False,False,"(0, 79848, 79865)","(0, 79848, 79865)","(0, 79848, 79865)",False,True
2462,5814,5,age,0.76171875,True,True,True,False,"(0, 79784, 79866)","(0, 79784, 79866)","(0, 79784, 79866)",False,True
2463,5816,5,age,0.13671875,True,True,True,False,"(0, 78232, 78331)","(0, 78232, 78331)","(0, 78232, 78331)",False,True
2464,5816,5,age,0.69921875,False,False,False,False,"(0, 78160, 78331)","(0, 78160, 78331)","(0, 78160, 78331)",False,True
2465,5816,5,age,0.82421875,True,True,True,False,"(0, 78160, 78332)","(0, 78160, 78332)","(0, 78160, 78332)",False,True
2466,5818,5,age,0.07421875,True,True,True,False,"(0, 79856, 79865)","(0, 79856, 79865)","(0, 79856, 79865)",False,True
2467,5818,5,age,0.69921875,False,False,False,False,"(0, 79848, 79865)","(0, 79848, 79865)","(0, 79848, 79865)",False,True
2468,5818,5,age,0.97265625,True,True,True,False,"(0, 79840, 79866)","(0, 79840, 79866)","(0, 79840, 79866)",False,True
2469,5820,5,age,0.13671875,True,True,True,False,"(0, 78232, 78331)","(0, 78232, 78331)","(0, 78232, 78331)",False,True
2470,5820,5,age,0.69921875,False,False,False,False,"(0, 78160, 78331)","(0, 78160, 78331)","(0, 78160, 78331)",False,True
2471,5820,5,age,0.82421875,True,True,True,False,"(0, 78160, 78332)","(0, 78160, 78332)","(0, 78160, 78332)",False,True
2472,5821,5,age,0.12109375,True,True,True,False,"(0, 79400, 79289)","(0, 79400, 79289)","(0, 79400, 79289)",False,True
2473,5821,5,age,0.30078125,True,True,True,False,"(0, 79336, 79288)","(0, 79336, 79288)","(0, 79336, 79288)",False,True
2474,5821,5,age,0.92578125,False,False,False,False,"(0, 79280, 79288)","(0, 79280, 79288)","(0, 79280, 79288)",False,True
2475,5826,5,age,0.13671875,True,True,True,False,"(0, 79384, 79291)","(0, 79384, 79291)","(0, 79384, 79291)",False,True
2476,5826,5,age,0.69921875,False,False,False,False,"(0, 79312, 79291)","(0, 79312, 79291)","(0, 79312, 79291)",False,True
2477,5826,5,age,0.82421875,True,True,True,False,"(0, 79312, 79292)","(0, 79312, 79292)","(0, 79312, 79292)",False,True
2478,5828,5,age,0.13671875,True,True,True,False,"(0, 79384, 79355)","(0, 79384, 79355)","(0, 79384, 79355)",False,True
2479,5828,5,age,0.69921875,False,False,False,False,"(0, 79312, 79355)","(0, 79312, 79355)","(0, 79312, 79355)",False,True
2480,5828,5,age,0.82421875,True,True,True,False,"(0, 79312, 79356)","(0, 79312, 79356)","(0, 79312, 79356)",False,True
2481,5830,5,age,0.13671875,True,True,True,False,"(0, 79384, 79419)","(0, 79384, 79419)","(0, 79384, 79419)",False,True
2482,5830,5,age,0.69921875,False,False,False,False,"(0, 79312, 79419)","(0, 79312, 79419)","(0, 79312, 79419)",False,True
2483,5830,5,age,0.82421875,True,True,True,False,"(0, 79312, 79420)","(0, 79312, 79420)","(0, 79312, 79420)",False,True
2484,5832,5,age,0.07421875,True,True,True,False,"(0, 81008, 81017)","(0, 81008, 81017)","(0, 81008, 81017)",False,True
2485,5832,5,age,0.69921875,False,False,False,False,"(0, 81000, 81017)","(0, 81000, 81017)","(0, 81000, 81017)",False,True
2486,5832,5,age,0.76171875,True,True,True,False,"(0, 80936, 81018)","(0, 80936, 81018)","(0, 80936, 81018)",False,True
2487,5834,5,age,0.13671875,True,True,True,False,"(0, 79384, 79483)","(0, 79384, 79483)","(0, 79384, 79483)",False,True
2488,5834,5,age,0.69921875,False,False,False,False,"(0, 79312, 79483)","(0, 79312, 79483)","(0, 79312, 79483)",False,True
2489,5834,5,age,0.82421875,True,True,True,False,"(0, 79312, 79484)","(0, 79312, 79484)","(0, 79312, 79484)",False,True
2490,5836,5,age,0.07421875,True,True,True,False,"(0, 81008, 81017)","(0, 81008, 81017)","(0, 81008, 81017)",False,True
2491,5836,5,age,0.69921875,False,False,False,False,"(0, 81000, 81017)","(0, 81000, 81017)","(0, 81000, 81017)",False,True
2492,5836,5,age,0.97265625,True,True,True,False,"(0, 80992, 81018)","(0, 80992, 81018)","(0, 80992, 81018)",False,True
2493,5838,5,age,0.13671875,True,True,True,False,"(0, 79384, 79483)","(0, 79384, 79483)","(0, 79384, 79483)",False,True
2494,5838,5,age,0.69921875,False,False,False,False,"(0, 79312, 79483)","(0, 79312, 79483)","(0, 79312, 79483)",False,True
2495,5838,5,age,0.82421875,True,True,True,False,"(0, 79312, 79484)","(0, 79312, 79484)","(0, 79312, 79484)",False,True
2496,5839,5,age,0.12109375,True,True,True,False,"(0, 79784, 79673)","(0, 79784, 79673)","(0, 79784, 79673)",False,True
2497,5839,5,age,0.30078125,True,True,True,False,"(0, 79720, 79672)","(0, 79720, 79672)","(0, 79720, 79672)",False,True
2498,5839,5,age,0.92578125,False,False,False,False,"(0, 79664, 79672)","(0, 79664, 79672)","(0, 79664, 79672)",False,True
2499,5844,5,age,0.13671875,True,True,True,False,"(0, 79768, 79675)","(0, 79768, 79675)","(0, 79768, 79675)",False,True
2500,5844,5,age,0.69921875,False,False,False,False,"(0, 79696, 79675)","(0, 79696, 79675)","(0, 79696, 79675)",False,True
2501,5844,5,age,0.82421875,True,True,True,False,"(0, 79696, 79676)","(0, 79696, 79676)","(0, 79696, 79676)",False,True
2502,5846,5,age,0.13671875,True,True,True,False,"(0, 79768, 79739)","(0, 79768, 79739)","(0, 79768, 79739)",False,True
2503,5846,5,age,0.69921875,False,False,False,False,"(0, 79696, 79739)","(0, 79696, 79739)","(0, 79696, 79739)",False,True
2504,5846,5,age,0.82421875,True,True,True,False,"(0, 79696, 79740)","(0, 79696, 79740)","(0, 79696, 79740)",False,True
2505,5848,5,age,0.13671875,True,True,True,False,"(0, 79768, 79803)","(0, 79768, 79803)","(0, 79768, 79803)",False,True
2506,5848,5,age,0.69921875,False,False,False,False,"(0, 79696, 79803)","(0, 79696, 79803)","(0, 79696, 79803)",False,True
2507,5848,5,age,0.82421875,True,True,True,False,"(0, 79696, 79804)","(0, 79696, 79804)","(0, 79696, 79804)",False,True
2508,5850,5,age,0.07421875,True,True,True,False,"(0, 81392, 81401)","(0, 81392, 81401)","(0, 81392, 81401)",False,True
2509,5850,5,age,0.69921875,False,False,False,False,"(0, 81384, 81401)","(0, 81384, 81401)","(0, 81384, 81401)",False,True
2510,5850,5,age,0.76171875,True,True,True,False,"(0, 81320, 81402)","(0, 81320, 81402)","(0, 81320, 81402)",False,True
2511,5852,5,age,0.13671875,True,True,True,False,"(0, 79768, 79867)","(0, 79768, 79867)","(0, 79768, 79867)",False,True
2512,5852,5,age,0.69921875,False,False,False,False,"(0, 79696, 79867)","(0, 79696, 79867)","(0, 79696, 79867)",False,True
2513,5852,5,age,0.82421875,True,True,True,False,"(0, 79696, 79868)","(0, 79696, 79868)","(0, 79696, 79868)",False,True
2514,5854,5,age,0.07421875,True,True,True,False,"(0, 81392, 81401)","(0, 81392, 81401)","(0, 81392, 81401)",False,True
2515,5854,5,age,0.69921875,False,False,False,False,"(0, 81384, 81401)","(0, 81384, 81401)","(0, 81384, 81401)",False,True
2516,5854,5,age,0.97265625,True,True,True,False,"(0, 81376, 81402)","(0, 81376, 81402)","(0, 81376, 81402)",False,True
2517,5856,5,age,0.13671875,True,True,True,False,"(0, 79768, 79867)","(0, 79768, 79867)","(0, 79768, 79867)",False,True
2518,5856,5,age,0.69921875,False,False,False,False,"(0, 79696, 79867)","(0, 79696, 79867)","(0, 79696, 79867)",False,True
2519,5856,5,age,0.82421875,True,True,True,False,"(0, 79696, 79868)","(0, 79696, 79868)","(0, 79696, 79868)",False,True
2520,5857,5,age,0.12109375,True,True,True,False,"(0, 80936, 80825)","(0, 80936, 80825)","(0, 80936, 80825)",False,True
2521,5857,5,age,0.30078125,True,True,True,False,"(0, 80872, 80824)","(0, 80872, 80824)","(0, 80872, 80824)",False,True
2522,5857,5,age,0.92578125,False,False,False,False,"(0, 80816, 80824)","(0, 80816, 80824)","(0, 80816, 80824)",False,True
2523,5862,5,age,0.13671875,True,True,True,False,"(0, 80920, 80827)","(0, 80920, 80827)","(0, 80920, 80827)",False,True
2524,5862,5,age,0.69921875,False,False,False,False,"(0, 80848, 80827)","(0, 80848, 80827)","(0, 80848, 80827)",False,True
2525,5862,5,age,0.82421875,True,True,True,False,"(0, 80848, 80828)","(0, 80848, 80828)","(0, 80848, 80828)",False,True
2526,5864,5,age,0.13671875,True,True,True,False,"(0, 80920, 80891)","(0, 80920, 80891)","(0, 80920, 80891)",False,True
2527,5864,5,age,0.69921875,False,False,False,False,"(0, 80848, 80891)","(0, 80848, 80891)","(0, 80848, 80891)",False,True
2528,5864,5,age,0.82421875,True,True,True,False,"(0, 80848, 80892)","(0, 80848, 80892)","(0, 80848, 80892)",False,True
2529,5866,5,age,0.13671875,True,True,True,False,"(0, 80920, 80955)","(0, 80920, 80955)","(0, 80920, 80955)",False,True
2530,5866,5,age,0.69921875,False,False,False,False,"(0, 80848, 80955)","(0, 80848, 80955)","(0, 80848, 80955)",False,True
2531,5866,5,age,0.82421875,True,True,True,False,"(0, 80848, 80956)","(0, 80848, 80956)","(0, 80848, 80956)",False,True
2532,5868,5,age,0.13671875,True,True,True,False,"(0, 80920, 81019)","(0, 80920, 81019)","(0, 80920, 81019)",False,True
2533,5868,5,age,0.69921875,False,False,False,False,"(0, 80848, 81019)","(0, 80848, 81019)","(0, 80848, 81019)",False,True
2534,5868,5,age,0.82421875,True,True,True,False,"(0, 80848, 81020)","(0, 80848, 81020)","(0, 80848, 81020)",False,True
2535,5870,5,age,0.13671875,True,True,True,False,"(0, 80920, 81019)","(0, 80920, 81019)","(0, 80920, 81019)",False,True
2536,5870,5,age,0.69921875,False,False,False,False,"(0, 80848, 81019)","(0, 80848, 81019)","(0, 80848, 81019)",False,True
2537,5870,5,age,0.82421875,True,True,True,False,"(0, 80848, 81020)","(0, 80848, 81020)","(0, 80848, 81020)",False,True
2538,5871,5,age,0.12109375,True,True,True,False,"(0, 81320, 81209)","(0, 81320, 81209)","(0, 81320, 81209)",False,True
2539,5871,5,age,0.30078125,True,True,True,False,"(0, 81256, 81208)","(0, 81256, 81208)","(0, 81256, 81208)",False,True
2540,5871,5,age,0.92578125,False,False,False,False,"(0, 81200, 81208)","(0, 81200, 81208)","(0, 81200, 81208)",False,True
2541,5876,5,age,0.13671875,True,True,True,False,"(0, 81304, 81211)","(0, 81304, 81211)","(0, 81304, 81211)",False,True
2542,5876,5,age,0.69921875,False,False,False,False,"(0, 81232, 81211)","(0, 81232, 81211)","(0, 81232, 81211)",False,True
2543,5876,5,age,0.82421875,True,True,True,False,"(0, 81232, 81212)","(0, 81232, 81212)","(0, 81232, 81212)",False,True
2544,5878,5,age,0.13671875,True,True,True,False,"(0, 81304, 81275)","(0, 81304, 81275)","(0, 81304, 81275)",False,True
2545,5878,5,age,0.69921875,False,False,False,False,"(0, 81232, 81275)","(0, 81232, 81275)","(0, 81232, 81275)",False,True
2546,5878,5,age,0.82421875,True,True,True,False,"(0, 81232, 81276)","(0, 81232, 81276)","(0, 81232, 81276)",False,True
2547,5880,5,age,0.13671875,True,True,True,False,"(0, 81304, 81339)","(0, 81304, 81339)","(0, 81304, 81339)",False,True
2548,5880,5,age,0.69921875,False,False,False,False,"(0, 81232, 81339)","(0, 81232, 81339)","(0, 81232, 81339)",False,True
2549,5880,5,age,0.82421875,True,True,True,False,"(0, 81232, 81340)","(0, 81232, 81340)","(0, 81232, 81340)",False,True
2550,5882,5,age,0.13671875,True,True,True,False,"(0, 81304, 81403)","(0, 81304, 81403)","(0, 81304, 81403)",False,True
2551,5882,5,age,0.69921875,False,False,False,False,"(0, 81232, 81403)","(0, 81232, 81403)","(0, 81232, 81403)",False,True
2552,5882,5,age,0.82421875,True,True,True,False,"(0, 81232, 81404)","(0, 81232, 81404)","(0, 81232, 81404)",False,True
2553,5884,5,age,0.13671875,True,True,True,False,"(0, 81304, 81403)","(0, 81304, 81403)","(0, 81304, 81403)",False,True
2554,5884,5,age,0.69921875,False,False,False,False,"(0, 81232, 81403)","(0, 81232, 81403)","(0, 81232, 81403)",False,True
2555,5884,5,age,0.82421875,True,True,True,False,"(0, 81232, 81404)","(0, 81232, 81404)","(0, 81232, 81404)",False,True
2556,5886,5,age,0.07421875,True,True,True,False,"(0, 66416, 66425)","(0, 66416, 66425)","(0, 66416, 66425)",False,True
2557,5886,5,age,0.69921875,False,False,False,False,"(0, 66408, 66425)","(0, 66408, 66425)","(0, 66408, 66425)",False,True
2558,5886,5,age,0.76171875,True,True,True,False,"(0, 66344, 66426)","(0, 66344, 66426)","(0, 66344, 66426)",False,True
2559,5888,5,age,0.07421875,True,True,True,False,"(0, 66416, 66425)","(0, 66416, 66425)","(0, 66416, 66425)",False,True
2560,5888,5,age,0.69921875,False,False,False,False,"(0, 66408, 66425)","(0, 66408, 66425)","(0, 66408, 66425)",False,True
2561,5888,5,age,0.97265625,True,True,True,False,"(0, 66400, 66426)","(0, 66400, 66426)","(0, 66400, 66426)",False,True
2562,5890,5,age,0.07421875,True,True,True,False,"(0, 66800, 66809)","(0, 66800, 66809)","(0, 66800, 66809)",False,True
2563,5890,5,age,0.69921875,False,False,False,False,"(0, 66792, 66809)","(0, 66792, 66809)","(0, 66792, 66809)",False,True
2564,5890,5,age,0.76171875,True,True,True,False,"(0, 66728, 66810)","(0, 66728, 66810)","(0, 66728, 66810)",False,True
2565,5892,5,age,0.07421875,True,True,True,False,"(0, 66800, 66809)","(0, 66800, 66809)","(0, 66800, 66809)",False,True
2566,5892,5,age,0.69921875,False,False,False,False,"(0, 66792, 66809)","(0, 66792, 66809)","(0, 66792, 66809)",False,True
2567,5892,5,age,0.97265625,True,True,True,False,"(0, 66784, 66810)","(0, 66784, 66810)","(0, 66784, 66810)",False,True
2568,5894,5,age,0.07421875,True,True,True,False,"(0, 66800, 66809)","(0, 66800, 66809)","(0, 66800, 66809)",False,True
2569,5894,5,age,0.69921875,False,False,False,False,"(0, 66792, 66809)","(0, 66792, 66809)","(0, 66792, 66809)",False,True
2570,5894,5,age,0.76171875,True,True,True,False,"(0, 66728, 66810)","(0, 66728, 66810)","(0, 66728, 66810)",False,True
2571,5896,5,age,0.07421875,True,True,True,False,"(0, 66800, 66809)","(0, 66800, 66809)","(0, 66800, 66809)",False,True
2572,5896,5,age,0.69921875,False,False,False,False,"(0, 66792, 66809)","(0, 66792, 66809)","(0, 66792, 66809)",False,True
2573,5896,5,age,0.97265625,True,True,True,False,"(0, 66784, 66810)","(0, 66784, 66810)","(0, 66784, 66810)",False,True
2574,5898,5,age,0.07421875,True,True,True,False,"(0, 88688, 88697)","(0, 88688, 88697)","(0, 88688, 88697)",False,True
2575,5898,5,age,0.69921875,False,False,False,False,"(0, 88680, 88697)","(0, 88680, 88697)","(0, 88680, 88697)",False,True
2576,5898,5,age,0.76171875,True,True,True,False,"(0, 88616, 88698)","(0, 88616, 88698)","(0, 88616, 88698)",False,True
2577,5900,5,age,0.07421875,True,True,True,False,"(0, 88688, 88697)","(0, 88688, 88697)","(0, 88688, 88697)",False,True
2578,5900,5,age,0.69921875,False,False,False,False,"(0, 88680, 88697)","(0, 88680, 88697)","(0, 88680, 88697)",False,True
2579,5900,5,age,0.97265625,True,True,True,False,"(0, 88672, 88698)","(0, 88672, 88698)","(0, 88672, 88698)",False,True
2580,5902,5,age,0.07421875,True,True,True,False,"(0, 89072, 89081)","(0, 89072, 89081)","(0, 89072, 89081)",False,True
2581,5902,5,age,0.69921875,False,False,False,False,"(0, 89064, 89081)","(0, 89064, 89081)","(0, 89064, 89081)",False,True
2582,5902,5,age,0.76171875,True,True,True,False,"(0, 89000, 89082)","(0, 89000, 89082)","(0, 89000, 89082)",False,True
2583,5904,5,age,0.07421875,True,True,True,False,"(0, 89072, 89081)","(0, 89072, 89081)","(0, 89072, 89081)",False,True
2584,5904,5,age,0.69921875,False,False,False,False,"(0, 89064, 89081)","(0, 89064, 89081)","(0, 89064, 89081)",False,True
2585,5904,5,age,0.97265625,True,True,True,False,"(0, 89056, 89082)","(0, 89056, 89082)","(0, 89056, 89082)",False,True
2586,5905,5,age,0.12109375,True,True,True,False,"(0, 66344, 66233)","(0, 66344, 66233)","(0, 66344, 66233)",False,True
2587,5905,5,age,0.30078125,True,True,True,False,"(0, 66280, 66232)","(0, 66280, 66232)","(0, 66280, 66232)",False,True
2588,5905,5,age,0.92578125,False,False,False,False,"(0, 66224, 66232)","(0, 66224, 66232)","(0, 66224, 66232)",False,True
2589,5910,5,age,0.13671875,True,True,True,False,"(0, 66328, 66235)","(0, 66328, 66235)","(0, 66328, 66235)",False,True
2590,5910,5,age,0.69921875,False,False,False,False,"(0, 66256, 66235)","(0, 66256, 66235)","(0, 66256, 66235)",False,True
2591,5910,5,age,0.82421875,True,True,True,False,"(0, 66256, 66236)","(0, 66256, 66236)","(0, 66256, 66236)",False,True
2592,5912,5,age,0.13671875,True,True,True,False,"(0, 66328, 66299)","(0, 66328, 66299)","(0, 66328, 66299)",False,True
2593,5912,5,age,0.69921875,False,False,False,False,"(0, 66256, 66299)","(0, 66256, 66299)","(0, 66256, 66299)",False,True
2594,5912,5,age,0.82421875,True,True,True,False,"(0, 66256, 66300)","(0, 66256, 66300)","(0, 66256, 66300)",False,True
2595,5914,5,age,0.13671875,True,True,True,False,"(0, 66328, 66363)","(0, 66328, 66363)","(0, 66328, 66363)",False,True
2596,5914,5,age,0.69921875,False,False,False,False,"(0, 66256, 66363)","(0, 66256, 66363)","(0, 66256, 66363)",False,True
2597,5914,5,age,0.82421875,True,True,True,False,"(0, 66256, 66364)","(0, 66256, 66364)","(0, 66256, 66364)",False,True
2598,5916,5,age,0.07421875,True,True,True,False,"(0, 67952, 67961)","(0, 67952, 67961)","(0, 67952, 67961)",False,True
2599,5916,5,age,0.69921875,False,False,False,False,"(0, 67944, 67961)","(0, 67944, 67961)","(0, 67944, 67961)",False,True
2600,5916,5,age,0.76171875,True,True,True,False,"(0, 67880, 67962)","(0, 67880, 67962)","(0, 67880, 67962)",False,True
2601,5918,5,age,0.13671875,True,True,True,False,"(0, 66328, 66427)","(0, 66328, 66427)","(0, 66328, 66427)",False,True
2602,5918,5,age,0.69921875,False,False,False,False,"(0, 66256, 66427)","(0, 66256, 66427)","(0, 66256, 66427)",False,True
2603,5918,5,age,0.82421875,True,True,True,False,"(0, 66256, 66428)","(0, 66256, 66428)","(0, 66256, 66428)",False,True
2604,5920,5,age,0.07421875,True,True,True,False,"(0, 67952, 67961)","(0, 67952, 67961)","(0, 67952, 67961)",False,True
2605,5920,5,age,0.69921875,False,False,False,False,"(0, 67944, 67961)","(0, 67944, 67961)","(0, 67944, 67961)",False,True
2606,5920,5,age,0.97265625,True,True,True,False,"(0, 67936, 67962)","(0, 67936, 67962)","(0, 67936, 67962)",False,True
2607,5922,5,age,0.13671875,True,True,True,False,"(0, 66328, 66427)","(0, 66328, 66427)","(0, 66328, 66427)",False,True
2608,5922,5,age,0.69921875,False,False,False,False,"(0, 66256, 66427)","(0, 66256, 66427)","(0, 66256, 66427)",False,True
2609,5922,5,age,0.82421875,True,True,True,False,"(0, 66256, 66428)","(0, 66256, 66428)","(0, 66256, 66428)",False,True
2610,5923,5,age,0.12109375,True,True,True,False,"(0, 66728, 66617)","(0, 66728, 66617)","(0, 66728, 66617)",False,True
2611,5923,5,age,0.30078125,True,True,True,False,"(0, 66664, 66616)","(0, 66664, 66616)","(0, 66664, 66616)",False,True
2612,5923,5,age,0.92578125,False,False,False,False,"(0, 66608, 66616)","(0, 66608, 66616)","(0, 66608, 66616)",False,True
2613,5928,5,age,0.13671875,True,True,True,False,"(0, 66712, 66619)","(0, 66712, 66619)","(0, 66712, 66619)",False,True
2614,5928,5,age,0.69921875,False,False,False,False,"(0, 66640, 66619)","(0, 66640, 66619)","(0, 66640, 66619)",False,True
2615,5928,5,age,0.82421875,True,True,True,False,"(0, 66640, 66620)","(0, 66640, 66620)","(0, 66640, 66620)",False,True
2616,5930,5,age,0.13671875,True,True,True,False,"(0, 66712, 66683)","(0, 66712, 66683)","(0, 66712, 66683)",False,True
2617,5930,5,age,0.69921875,False,False,False,False,"(0, 66640, 66683)","(0, 66640, 66683)","(0, 66640, 66683)",False,True
2618,5930,5,age,0.82421875,True,True,True,False,"(0, 66640, 66684)","(0, 66640, 66684)","(0, 66640, 66684)",False,True
2619,5932,5,age,0.13671875,True,True,True,False,"(0, 66712, 66747)","(0, 66712, 66747)","(0, 66712, 66747)",False,True
2620,5932,5,age,0.69921875,False,False,False,False,"(0, 66640, 66747)","(0, 66640, 66747)","(0, 66640, 66747)",False,True
2621,5932,5,age,0.82421875,True,True,True,False,"(0, 66640, 66748)","(0, 66640, 66748)","(0, 66640, 66748)",False,True
2622,5934,5,age,0.07421875,True,True,True,False,"(0, 68336, 68345)","(0, 68336, 68345)","(0, 68336, 68345)",False,True
2623,5934,5,age,0.69921875,False,False,False,False,"(0, 68328, 68345)","(0, 68328, 68345)","(0, 68328, 68345)",False,True
2624,5934,5,age,0.76171875,True,True,True,False,"(0, 68264, 68346)","(0, 68264, 68346)","(0, 68264, 68346)",False,True
2625,5936,5,age,0.13671875,True,True,True,False,"(0, 66712, 66811)","(0, 66712, 66811)","(0, 66712, 66811)",False,True
2626,5936,5,age,0.69921875,False,False,False,False,"(0, 66640, 66811)","(0, 66640, 66811)","(0, 66640, 66811)",False,True
2627,5936,5,age,0.82421875,True,True,True,False,"(0, 66640, 66812)","(0, 66640, 66812)","(0, 66640, 66812)",False,True
2628,5938,5,age,0.07421875,True,True,True,False,"(0, 68336, 68345)","(0, 68336, 68345)","(0, 68336, 68345)",False,True
2629,5938,5,age,0.69921875,False,False,False,False,"(0, 68328, 68345)","(0, 68328, 68345)","(0, 68328, 68345)",False,True
2630,5938,5,age,0.97265625,True,True,True,False,"(0, 68320, 68346)","(0, 68320, 68346)","(0, 68320, 68346)",False,True
2631,5940,5,age,0.13671875,True,True,True,False,"(0, 66712, 66811)","(0, 66712, 66811)","(0, 66712, 66811)",False,True
2632,5940,5,age,0.69921875,False,False,False,False,"(0, 66640, 66811)","(0, 66640, 66811)","(0, 66640, 66811)",False,True
2633,5940,5,age,0.82421875,True,True,True,False,"(0, 66640, 66812)","(0, 66640, 66812)","(0, 66640, 66812)",False,True
2634,5941,5,age,0.12109375,True,True,True,False,"(0, 66728, 66617)","(0, 66728, 66617)","(0, 66728, 66617)",False,True
2635,5941,5,age,0.30078125,True,True,True,False,"(0, 66664, 66616)","(0, 66664, 66616)","(0, 66664, 66616)",False,True
2636,5941,5,age,0.92578125,False,False,False,False,"(0, 66608, 66616)","(0, 66608, 66616)","(0, 66608, 66616)",False,True
2637,5946,5,age,0.13671875,True,True,True,False,"(0, 66712, 66619)","(0, 66712, 66619)","(0, 66712, 66619)",False,True
2638,5946,5,age,0.69921875,False,False,False,False,"(0, 66640, 66619)","(0, 66640, 66619)","(0, 66640, 66619)",False,True
2639,5946,5,age,0.82421875,True,True,True,False,"(0, 66640, 66620)","(0, 66640, 66620)","(0, 66640, 66620)",False,True
2640,5948,5,age,0.13671875,True,True,True,False,"(0, 66712, 66683)","(0, 66712, 66683)","(0, 66712, 66683)",False,True
2641,5948,5,age,0.69921875,False,False,False,False,"(0, 66640, 66683)","(0, 66640, 66683)","(0, 66640, 66683)",False,True
2642,5948,5,age,0.82421875,True,True,True,False,"(0, 66640, 66684)","(0, 66640, 66684)","(0, 66640, 66684)",False,True
2643,5950,5,age,0.13671875,True,True,True,False,"(0, 66712, 66747)","(0, 66712, 66747)","(0, 66712, 66747)",False,True
2644,5950,5,age,0.69921875,False,False,False,False,"(0, 66640, 66747)","(0, 66640, 66747)","(0, 66640, 66747)",False,True
2645,5950,5,age,0.82421875,True,True,True,False,"(0, 66640, 66748)","(0, 66640, 66748)","(0, 66640, 66748)",False,True
2646,5952,5,age,0.07421875,True,True,True,False,"(0, 68336, 68345)","(0, 68336, 68345)","(0, 68336, 68345)",False,True
2647,5952,5,age,0.69921875,False,False,False,False,"(0, 68328, 68345)","(0, 68328, 68345)","(0, 68328, 68345)",False,True
2648,5952,5,age,0.76171875,True,True,True,False,"(0, 68264, 68346)","(0, 68264, 68346)","(0, 68264, 68346)",False,True
2649,5954,5,age,0.13671875,True,True,True,False,"(0, 66712, 66811)","(0, 66712, 66811)","(0, 66712, 66811)",False,True
2650,5954,5,age,0.69921875,False,False,False,False,"(0, 66640, 66811)","(0, 66640, 66811)","(0, 66640, 66811)",False,True
2651,5954,5,age,0.82421875,True,True,True,False,"(0, 66640, 66812)","(0, 66640, 66812)","(0, 66640, 66812)",False,True
2652,5956,5,age,0.07421875,True,True,True,False,"(0, 68336, 68345)","(0, 68336, 68345)","(0, 68336, 68345)",False,True
2653,5956,5,age,0.69921875,False,False,False,False,"(0, 68328, 68345)","(0, 68328, 68345)","(0, 68328, 68345)",False,True
2654,5956,5,age,0.97265625,True,True,True,False,"(0, 68320, 68346)","(0, 68320, 68346)","(0, 68320, 68346)",False,True
2655,5958,5,age,0.13671875,True,True,True,False,"(0, 66712, 66811)","(0, 66712, 66811)","(0, 66712, 66811)",False,True
2656,5958,5,age,0.69921875,False,False,False,False,"(0, 66640, 66811)","(0, 66640, 66811)","(0, 66640, 66811)",False,True
2657,5958,5,age,0.82421875,True,True,True,False,"(0, 66640, 66812)","(0, 66640, 66812)","(0, 66640, 66812)",False,True
2658,5959,5,age,0.12109375,True,True,True,False,"(0, 88616, 88505)","(0, 88616, 88505)","(0, 88616, 88505)",False,True
2659,5959,5,age,0.30078125,True,True,True,False,"(0, 88552, 88504)","(0, 88552, 88504)","(0, 88552, 88504)",False,True
2660,5959,5,age,0.92578125,False,False,False,False,"(0, 88496, 88504)","(0, 88496, 88504)","(0, 88496, 88504)",False,True
2661,5964,5,age,0.13671875,True,True,True,False,"(0, 88600, 88507)","(0, 88600, 88507)","(0, 88600, 88507)",False,True
2662,5964,5,age,0.69921875,False,False,False,False,"(0, 88528, 88507)","(0, 88528, 88507)","(0, 88528, 88507)",False,True
2663,5964,5,age,0.82421875,True,True,True,False,"(0, 88528, 88508)","(0, 88528, 88508)","(0, 88528, 88508)",False,True
2664,5966,5,age,0.13671875,True,True,True,False,"(0, 88600, 88571)","(0, 88600, 88571)","(0, 88600, 88571)",False,True
2665,5966,5,age,0.69921875,False,False,False,False,"(0, 88528, 88571)","(0, 88528, 88571)","(0, 88528, 88571)",False,True
2666,5966,5,age,0.82421875,True,True,True,False,"(0, 88528, 88572)","(0, 88528, 88572)","(0, 88528, 88572)",False,True
2667,5968,5,age,0.13671875,True,True,True,False,"(0, 88600, 88635)","(0, 88600, 88635)","(0, 88600, 88635)",False,True
2668,5968,5,age,0.69921875,False,False,False,False,"(0, 88528, 88635)","(0, 88528, 88635)","(0, 88528, 88635)",False,True
2669,5968,5,age,0.82421875,True,True,True,False,"(0, 88528, 88636)","(0, 88528, 88636)","(0, 88528, 88636)",False,True
2670,5970,5,age,0.07421875,True,True,True,False,"(0, 90224, 90233)","(0, 90224, 90233)","(0, 90224, 90233)",False,True
2671,5970,5,age,0.69921875,False,False,False,False,"(0, 90216, 90233)","(0, 90216, 90233)","(0, 90216, 90233)",False,True
2672,5970,5,age,0.76171875,True,True,True,False,"(0, 90152, 90234)","(0, 90152, 90234)","(0, 90152, 90234)",False,True
2673,5972,5,age,0.13671875,True,True,True,False,"(0, 88600, 88699)","(0, 88600, 88699)","(0, 88600, 88699)",False,True
2674,5972,5,age,0.69921875,False,False,False,False,"(0, 88528, 88699)","(0, 88528, 88699)","(0, 88528, 88699)",False,True
2675,5972,5,age,0.82421875,True,True,True,False,"(0, 88528, 88700)","(0, 88528, 88700)","(0, 88528, 88700)",False,True
2676,5974,5,age,0.07421875,True,True,True,False,"(0, 90224, 90233)","(0, 90224, 90233)","(0, 90224, 90233)",False,True
2677,5974,5,age,0.69921875,False,False,False,False,"(0, 90216, 90233)","(0, 90216, 90233)","(0, 90216, 90233)",False,True
2678,5974,5,age,0.97265625,True,True,True,False,"(0, 90208, 90234)","(0, 90208, 90234)","(0, 90208, 90234)",False,True
2679,5976,5,age,0.13671875,True,True,True,False,"(0, 88600, 88699)","(0, 88600, 88699)","(0, 88600, 88699)",False,True
2680,5976,5,age,0.69921875,False,False,False,False,"(0, 88528, 88699)","(0, 88528, 88699)","(0, 88528, 88699)",False,True
2681,5976,5,age,0.82421875,True,True,True,False,"(0, 88528, 88700)","(0, 88528, 88700)","(0, 88528, 88700)",False,True
2682,5977,5,age,0.12109375,True,True,True,False,"(0, 89000, 88889)","(0, 89000, 88889)","(0, 89000, 88889)",False,True
2683,5977,5,age,0.30078125,True,True,True,False,"(0, 88936, 88888)","(0, 88936, 88888)","(0, 88936, 88888)",False,True
2684,5977,5,age,0.92578125,False,False,False,False,"(0, 88880, 88888)","(0, 88880, 88888)","(0, 88880, 88888)",False,True
2685,5982,5,age,0.13671875,True,True,True,False,"(0, 88984, 88891)","(0, 88984, 88891)","(0, 88984, 88891)",False,True
2686,5982,5,age,0.69921875,False,False,False,False,"(0, 88912, 88891)","(0, 88912, 88891)","(0, 88912, 88891)",False,True
2687,5982,5,age,0.82421875,True,True,True,False,"(0, 88912, 88892)","(0, 88912, 88892)","(0, 88912, 88892)",False,True
2688,5984,5,age,0.13671875,True,True,True,False,"(0, 88984, 88955)","(0, 88984, 88955)","(0, 88984, 88955)",False,True
2689,5984,5,age,0.69921875,False,False,False,False,"(0, 88912, 88955)","(0, 88912, 88955)","(0, 88912, 88955)",False,True
2690,5984,5,age,0.82421875,True,True,True,False,"(0, 88912, 88956)","(0, 88912, 88956)","(0, 88912, 88956)",False,True
2691,5986,5,age,0.13671875,True,True,True,False,"(0, 88984, 89019)","(0, 88984, 89019)","(0, 88984, 89019)",False,True
2692,5986,5,age,0.69921875,False,False,False,False,"(0, 88912, 89019)","(0, 88912, 89019)","(0, 88912, 89019)",False,True
2693,5986,5,age,0.82421875,True,True,True,False,"(0, 88912, 89020)","(0, 88912, 89020)","(0, 88912, 89020)",False,True
2694,5988,5,age,0.07421875,True,True,True,False,"(0, 90608, 90617)","(0, 90608, 90617)","(0, 90608, 90617)",False,True
2695,5988,5,age,0.69921875,False,False,False,False,"(0, 90600, 90617)","(0, 90600, 90617)","(0, 90600, 90617)",False,True
2696,5988,5,age,0.76171875,True,True,True,False,"(0, 90536, 90618)","(0, 90536, 90618)","(0, 90536, 90618)",False,True
2697,5990,5,age,0.13671875,True,True,True,False,"(0, 88984, 89083)","(0, 88984, 89083)","(0, 88984, 89083)",False,True
2698,5990,5,age,0.69921875,False,False,False,False,"(0, 88912, 89083)","(0, 88912, 89083)","(0, 88912, 89083)",False,True
2699,5990,5,age,0.82421875,True,True,True,False,"(0, 88912, 89084)","(0, 88912, 89084)","(0, 88912, 89084)",False,True
2700,5992,5,age,0.07421875,True,True,True,False,"(0, 90608, 90617)","(0, 90608, 90617)","(0, 90608, 90617)",False,True
2701,5992,5,age,0.69921875,False,False,False,False,"(0, 90600, 90617)","(0, 90600, 90617)","(0, 90600, 90617)",False,True
2702,5992,5,age,0.97265625,True,True,True,False,"(0, 90592, 90618)","(0, 90592, 90618)","(0, 90592, 90618)",False,True
2703,5994,5,age,0.13671875,True,True,True,False,"(0, 88984, 89083)","(0, 88984, 89083)","(0, 88984, 89083)",False,True
2704,5994,5,age,0.69921875,False,False,False,False,"(0, 88912, 89083)","(0, 88912, 89083)","(0, 88912, 89083)",False,True
2705,5994,5,age,0.82421875,True,True,True,False,"(0, 88912, 89084)","(0, 88912, 89084)","(0, 88912, 89084)",False,True
2706,5995,5,age,0.12109375,True,True,True,False,"(0, 67880, 67769)","(0, 67880, 67769)","(0, 67880, 67769)",False,True
2707,5995,5,age,0.30078125,True,True,True,False,"(0, 67816, 67768)","(0, 67816, 67768)","(0, 67816, 67768)",False,True
2708,5995,5,age,0.92578125,False,False,False,False,"(0, 67760, 67768)","(0, 67760, 67768)","(0, 67760, 67768)",False,True
2709,6000,5,age,0.13671875,True,True,True,False,"(0, 67864, 67771)","(0, 67864, 67771)","(0, 67864, 67771)",False,True
2710,6000,5,age,0.69921875,False,False,False,False,"(0, 67792, 67771)","(0, 67792, 67771)","(0, 67792, 67771)",False,True
2711,6000,5,age,0.82421875,True,True,True,False,"(0, 67792, 67772)","(0, 67792, 67772)","(0, 67792, 67772)",False,True
2712,6002,5,age,0.13671875,True,True,True,False,"(0, 67864, 67835)","(0, 67864, 67835)","(0, 67864, 67835)",False,True
2713,6002,5,age,0.69921875,False,False,False,False,"(0, 67792, 67835)","(0, 67792, 67835)","(0, 67792, 67835)",False,True
2714,6002,5,age,0.82421875,True,True,True,False,"(0, 67792, 67836)","(0, 67792, 67836)","(0, 67792, 67836)",False,True
2715,6004,5,age,0.13671875,True,True,True,False,"(0, 67864, 67899)","(0, 67864, 67899)","(0, 67864, 67899)",False,True
2716,6004,5,age,0.69921875,False,False,False,False,"(0, 67792, 67899)","(0, 67792, 67899)","(0, 67792, 67899)",False,True
2717,6004,5,age,0.82421875,True,True,True,False,"(0, 67792, 67900)","(0, 67792, 67900)","(0, 67792, 67900)",False,True
2718,6006,5,age,0.07421875,True,True,True,False,"(0, 69488, 69497)","(0, 69488, 69497)","(0, 69488, 69497)",False,True
2719,6006,5,age,0.69921875,False,False,False,False,"(0, 69480, 69497)","(0, 69480, 69497)","(0, 69480, 69497)",False,True
2720,6006,5,age,0.76171875,True,True,True,False,"(0, 69416, 69498)","(0, 69416, 69498)","(0, 69416, 69498)",False,True
2721,6008,5,age,0.13671875,True,True,True,False,"(0, 67864, 67963)","(0, 67864, 67963)","(0, 67864, 67963)",False,True
2722,6008,5,age,0.69921875,False,False,False,False,"(0, 67792, 67963)","(0, 67792, 67963)","(0, 67792, 67963)",False,True
2723,6008,5,age,0.82421875,True,True,True,False,"(0, 67792, 67964)","(0, 67792, 67964)","(0, 67792, 67964)",False,True
2724,6010,5,age,0.07421875,True,True,True,False,"(0, 69488, 69497)","(0, 69488, 69497)","(0, 69488, 69497)",False,True
2725,6010,5,age,0.69921875,False,False,False,False,"(0, 69480, 69497)","(0, 69480, 69497)","(0, 69480, 69497)",False,True
2726,6010,5,age,0.97265625,True,True,True,False,"(0, 69472, 69498)","(0, 69472, 69498)","(0, 69472, 69498)",False,True
2727,6012,5,age,0.13671875,True,True,True,False,"(0, 67864, 67963)","(0, 67864, 67963)","(0, 67864, 67963)",False,True
2728,6012,5,age,0.69921875,False,False,False,False,"(0, 67792, 67963)","(0, 67792, 67963)","(0, 67792, 67963)",False,True
2729,6012,5,age,0.82421875,True,True,True,False,"(0, 67792, 67964)","(0, 67792, 67964)","(0, 67792, 67964)",False,True
2730,6013,5,age,0.12109375,True,True,True,False,"(0, 68264, 68153)","(0, 68264, 68153)","(0, 68264, 68153)",False,True
2731,6013,5,age,0.30078125,True,True,True,False,"(0, 68200, 68152)","(0, 68200, 68152)","(0, 68200, 68152)",False,True
2732,6013,5,age,0.92578125,False,False,False,False,"(0, 68144, 68152)","(0, 68144, 68152)","(0, 68144, 68152)",False,True
2733,6018,5,age,0.13671875,True,True,True,False,"(0, 68248, 68155)","(0, 68248, 68155)","(0, 68248, 68155)",False,True
2734,6018,5,age,0.69921875,False,False,False,False,"(0, 68176, 68155)","(0, 68176, 68155)","(0, 68176, 68155)",False,True
2735,6018,5,age,0.82421875,True,True,True,False,"(0, 68176, 68156)","(0, 68176, 68156)","(0, 68176, 68156)",False,True
2736,6020,5,age,0.13671875,True,True,True,False,"(0, 68248, 68219)","(0, 68248, 68219)","(0, 68248, 68219)",False,True
2737,6020,5,age,0.69921875,False,False,False,False,"(0, 68176, 68219)","(0, 68176, 68219)","(0, 68176, 68219)",False,True
2738,6020,5,age,0.82421875,True,True,True,False,"(0, 68176, 68220)","(0, 68176, 68220)","(0, 68176, 68220)",False,True
2739,6022,5,age,0.13671875,True,True,True,False,"(0, 68248, 68283)","(0, 68248, 68283)","(0, 68248, 68283)",False,True
2740,6022,5,age,0.69921875,False,False,False,False,"(0, 68176, 68283)","(0, 68176, 68283)","(0, 68176, 68283)",False,True
2741,6022,5,age,0.82421875,True,True,True,False,"(0, 68176, 68284)","(0, 68176, 68284)","(0, 68176, 68284)",False,True
2742,6024,5,age,0.07421875,True,True,True,False,"(0, 69872, 69881)","(0, 69872, 69881)","(0, 69872, 69881)",False,True
2743,6024,5,age,0.69921875,False,False,False,False,"(0, 69864, 69881)","(0, 69864, 69881)","(0, 69864, 69881)",False,True
2744,6024,5,age,0.76171875,True,True,True,False,"(0, 69800, 69882)","(0, 69800, 69882)","(0, 69800, 69882)",False,True
2745,6026,5,age,0.13671875,True,True,True,False,"(0, 68248, 68347)","(0, 68248, 68347)","(0, 68248, 68347)",False,True
2746,6026,5,age,0.69921875,False,False,False,False,"(0, 68176, 68347)","(0, 68176, 68347)","(0, 68176, 68347)",False,True
2747,6026,5,age,0.82421875,True,True,True,False,"(0, 68176, 68348)","(0, 68176, 68348)","(0, 68176, 68348)",False,True
2748,6028,5,age,0.07421875,True,True,True,False,"(0, 69872, 69881)","(0, 69872, 69881)","(0, 69872, 69881)",False,True
2749,6028,5,age,0.69921875,False,False,False,False,"(0, 69864, 69881)","(0, 69864, 69881)","(0, 69864, 69881)",False,True
2750,6028,5,age,0.97265625,True,True,True,False,"(0, 69856, 69882)","(0, 69856, 69882)","(0, 69856, 69882)",False,True
2751,6030,5,age,0.13671875,True,True,True,False,"(0, 68248, 68347)","(0, 68248, 68347)","(0, 68248, 68347)",False,True
2752,6030,5,age,0.69921875,False,False,False,False,"(0, 68176, 68347)","(0, 68176, 68347)","(0, 68176, 68347)",False,True
2753,6030,5,age,0.82421875,True,True,True,False,"(0, 68176, 68348)","(0, 68176, 68348)","(0, 68176, 68348)",False,True
2754,6031,5,age,0.12109375,True,True,True,False,"(0, 68264, 68153)","(0, 68264, 68153)","(0, 68264, 68153)",False,True
2755,6031,5,age,0.30078125,True,True,True,False,"(0, 68200, 68152)","(0, 68200, 68152)","(0, 68200, 68152)",False,True
2756,6031,5,age,0.92578125,False,False,False,False,"(0, 68144, 68152)","(0, 68144, 68152)","(0, 68144, 68152)",False,True
2757,6036,5,age,0.13671875,True,True,True,False,"(0, 68248, 68155)","(0, 68248, 68155)","(0, 68248, 68155)",False,True
2758,6036,5,age,0.69921875,False,False,False,False,"(0, 68176, 68155)","(0, 68176, 68155)","(0, 68176, 68155)",False,True
2759,6036,5,age,0.82421875,True,True,True,False,"(0, 68176, 68156)","(0, 68176, 68156)","(0, 68176, 68156)",False,True
2760,6038,5,age,0.13671875,True,True,True,False,"(0, 68248, 68219)","(0, 68248, 68219)","(0, 68248, 68219)",False,True
2761,6038,5,age,0.69921875,False,False,False,False,"(0, 68176, 68219)","(0, 68176, 68219)","(0, 68176, 68219)",False,True
2762,6038,5,age,0.82421875,True,True,True,False,"(0, 68176, 68220)","(0, 68176, 68220)","(0, 68176, 68220)",False,True
2763,6040,5,age,0.13671875,True,True,True,False,"(0, 68248, 68283)","(0, 68248, 68283)","(0, 68248, 68283)",False,True
2764,6040,5,age,0.69921875,False,False,False,False,"(0, 68176, 68283)","(0, 68176, 68283)","(0, 68176, 68283)",False,True
2765,6040,5,age,0.82421875,True,True,True,False,"(0, 68176, 68284)","(0, 68176, 68284)","(0, 68176, 68284)",False,True
2766,6042,5,age,0.07421875,True,True,True,False,"(0, 69872, 69881)","(0, 69872, 69881)","(0, 69872, 69881)",False,True
2767,6042,5,age,0.69921875,False,False,False,False,"(0, 69864, 69881)","(0, 69864, 69881)","(0, 69864, 69881)",False,True
2768,6042,5,age,0.76171875,True,True,True,False,"(0, 69800, 69882)","(0, 69800, 69882)","(0, 69800, 69882)",False,True
2769,6044,5,age,0.13671875,True,True,True,False,"(0, 68248, 68347)","(0, 68248, 68347)","(0, 68248, 68347)",False,True
2770,6044,5,age,0.69921875,False,False,False,False,"(0, 68176, 68347)","(0, 68176, 68347)","(0, 68176, 68347)",False,True
2771,6044,5,age,0.82421875,True,True,True,False,"(0, 68176, 68348)","(0, 68176, 68348)","(0, 68176, 68348)",False,True
2772,6046,5,age,0.07421875,True,True,True,False,"(0, 69872, 69881)","(0, 69872, 69881)","(0, 69872, 69881)",False,True
2773,6046,5,age,0.69921875,False,False,False,False,"(0, 69864, 69881)","(0, 69864, 69881)","(0, 69864, 69881)",False,True
2774,6046,5,age,0.97265625,True,True,True,False,"(0, 69856, 69882)","(0, 69856, 69882)","(0, 69856, 69882)",False,True
2775,6048,5,age,0.13671875,True,True,True,False,"(0, 68248, 68347)","(0, 68248, 68347)","(0, 68248, 68347)",False,True
2776,6048,5,age,0.69921875,False,False,False,False,"(0, 68176, 68347)","(0, 68176, 68347)","(0, 68176, 68347)",False,True
2777,6048,5,age,0.82421875,True,True,True,False,"(0, 68176, 68348)","(0, 68176, 68348)","(0, 68176, 68348)",False,True
2778,6049,5,age,0.12109375,True,True,True,False,"(0, 90152, 90041)","(0, 90152, 90041)","(0, 90152, 90041)",False,True
2779,6049,5,age,0.30078125,True,True,True,False,"(0, 90088, 90040)","(0, 90088, 90040)","(0, 90088, 90040)",False,True
2780,6049,5,age,0.92578125,False,False,False,False,"(0, 90032, 90040)","(0, 90032, 90040)","(0, 90032, 90040)",False,True
2781,6054,5,age,0.13671875,True,True,True,False,"(0, 90136, 90043)","(0, 90136, 90043)","(0, 90136, 90043)",False,True
2782,6054,5,age,0.69921875,False,False,False,False,"(0, 90064, 90043)","(0, 90064, 90043)","(0, 90064, 90043)",False,True
2783,6054,5,age,0.82421875,True,True,True,False,"(0, 90064, 90044)","(0, 90064, 90044)","(0, 90064, 90044)",False,True
2784,6056,5,age,0.13671875,True,True,True,False,"(0, 90136, 90107)","(0, 90136, 90107)","(0, 90136, 90107)",False,True
2785,6056,5,age,0.69921875,False,False,False,False,"(0, 90064, 90107)","(0, 90064, 90107)","(0, 90064, 90107)",False,True
2786,6056,5,age,0.82421875,True,True,True,False,"(0, 90064, 90108)","(0, 90064, 90108)","(0, 90064, 90108)",False,True
2787,6058,5,age,0.13671875,True,True,True,False,"(0, 90136, 90171)","(0, 90136, 90171)","(0, 90136, 90171)",False,True
2788,6058,5,age,0.69921875,False,False,False,False,"(0, 90064, 90171)","(0, 90064, 90171)","(0, 90064, 90171)",False,True
2789,6058,5,age,0.82421875,True,True,True,False,"(0, 90064, 90172)","(0, 90064, 90172)","(0, 90064, 90172)",False,True
2790,6060,5,age,0.07421875,True,True,True,False,"(0, 91760, 91769)","(0, 91760, 91769)","(0, 91760, 91769)",False,True
2791,6060,5,age,0.69921875,False,False,False,False,"(0, 91752, 91769)","(0, 91752, 91769)","(0, 91752, 91769)",False,True
2792,6060,5,age,0.76171875,True,True,True,False,"(0, 91688, 91770)","(0, 91688, 91770)","(0, 91688, 91770)",False,True
2793,6062,5,age,0.13671875,True,True,True,False,"(0, 90136, 90235)","(0, 90136, 90235)","(0, 90136, 90235)",False,True
2794,6062,5,age,0.69921875,False,False,False,False,"(0, 90064, 90235)","(0, 90064, 90235)","(0, 90064, 90235)",False,True
2795,6062,5,age,0.82421875,True,True,True,False,"(0, 90064, 90236)","(0, 90064, 90236)","(0, 90064, 90236)",False,True
2796,6064,5,age,0.07421875,True,True,True,False,"(0, 91760, 91769)","(0, 91760, 91769)","(0, 91760, 91769)",False,True
2797,6064,5,age,0.69921875,False,False,False,False,"(0, 91752, 91769)","(0, 91752, 91769)","(0, 91752, 91769)",False,True
2798,6064,5,age,0.97265625,True,True,True,False,"(0, 91744, 91770)","(0, 91744, 91770)","(0, 91744, 91770)",False,True
2799,6066,5,age,0.13671875,True,True,True,False,"(0, 90136, 90235)","(0, 90136, 90235)","(0, 90136, 90235)",False,True
2800,6066,5,age,0.69921875,False,False,False,False,"(0, 90064, 90235)","(0, 90064, 90235)","(0, 90064, 90235)",False,True
2801,6066,5,age,0.82421875,True,True,True,False,"(0, 90064, 90236)","(0, 90064, 90236)","(0, 90064, 90236)",False,True
2802,6067,5,age,0.12109375,True,True,True,False,"(0, 90536, 90425)","(0, 90536, 90425)","(0, 90536, 90425)",False,True
2803,6067,5,age,0.30078125,True,True,True,False,"(0, 90472, 90424)","(0, 90472, 90424)","(0, 90472, 90424)",False,True
2804,6067,5,age,0.92578125,False,False,False,False,"(0, 90416, 90424)","(0, 90416, 90424)","(0, 90416, 90424)",False,True
2805,6072,5,age,0.13671875,True,True,True,False,"(0, 90520, 90427)","(0, 90520, 90427)","(0, 90520, 90427)",False,True
2806,6072,5,age,0.69921875,False,False,False,False,"(0, 90448, 90427)","(0, 90448, 90427)","(0, 90448, 90427)",False,True
2807,6072,5,age,0.82421875,True,True,True,False,"(0, 90448, 90428)","(0, 90448, 90428)","(0, 90448, 90428)",False,True
2808,6074,5,age,0.13671875,True,True,True,False,"(0, 90520, 90491)","(0, 90520, 90491)","(0, 90520, 90491)",False,True
2809,6074,5,age,0.69921875,False,False,False,False,"(0, 90448, 90491)","(0, 90448, 90491)","(0, 90448, 90491)",False,True
2810,6074,5,age,0.82421875,True,True,True,False,"(0, 90448, 90492)","(0, 90448, 90492)","(0, 90448, 90492)",False,True
2811,6076,5,age,0.13671875,True,True,True,False,"(0, 90520, 90555)","(0, 90520, 90555)","(0, 90520, 90555)",False,True
2812,6076,5,age,0.69921875,False,False,False,False,"(0, 90448, 90555)","(0, 90448, 90555)","(0, 90448, 90555)",False,True
2813,6076,5,age,0.82421875,True,True,True,False,"(0, 90448, 90556)","(0, 90448, 90556)","(0, 90448, 90556)",False,True
2814,6078,5,age,0.07421875,True,True,True,False,"(0, 92144, 92153)","(0, 92144, 92153)","(0, 92144, 92153)",False,True
2815,6078,5,age,0.69921875,False,False,False,False,"(0, 92136, 92153)","(0, 92136, 92153)","(0, 92136, 92153)",False,True
2816,6078,5,age,0.76171875,True,True,True,False,"(0, 92072, 92154)","(0, 92072, 92154)","(0, 92072, 92154)",False,True
2817,6080,5,age,0.13671875,True,True,True,False,"(0, 90520, 90619)","(0, 90520, 90619)","(0, 90520, 90619)",False,True
2818,6080,5,age,0.69921875,False,False,False,False,"(0, 90448, 90619)","(0, 90448, 90619)","(0, 90448, 90619)",False,True
2819,6080,5,age,0.82421875,True,True,True,False,"(0, 90448, 90620)","(0, 90448, 90620)","(0, 90448, 90620)",False,True
2820,6082,5,age,0.07421875,True,True,True,False,"(0, 92144, 92153)","(0, 92144, 92153)","(0, 92144, 92153)",False,True
2821,6082,5,age,0.69921875,False,False,False,False,"(0, 92136, 92153)","(0, 92136, 92153)","(0, 92136, 92153)",False,True
2822,6082,5,age,0.97265625,True,True,True,False,"(0, 92128, 92154)","(0, 92128, 92154)","(0, 92128, 92154)",False,True
2823,6084,5,age,0.13671875,True,True,True,False,"(0, 90520, 90619)","(0, 90520, 90619)","(0, 90520, 90619)",False,True
2824,6084,5,age,0.69921875,False,False,False,False,"(0, 90448, 90619)","(0, 90448, 90619)","(0, 90448, 90619)",False,True
2825,6084,5,age,0.82421875,True,True,True,False,"(0, 90448, 90620)","(0, 90448, 90620)","(0, 90448, 90620)",False,True
2826,6085,5,age,0.12109375,True,True,True,False,"(0, 69416, 69305)","(0, 69416, 69305)","(0, 69416, 69305)",False,True
2827,6085,5,age,0.30078125,True,True,True,False,"(0, 69352, 69304)","(0, 69352, 69304)","(0, 69352, 69304)",False,True
2828,6085,5,age,0.92578125,False,False,False,False,"(0, 69296, 69304)","(0, 69296, 69304)","(0, 69296, 69304)",False,True
2829,6090,5,age,0.13671875,True,True,True,False,"(0, 69400, 69307)","(0, 69400, 69307)","(0, 69400, 69307)",False,True
2830,6090,5,age,0.69921875,False,False,False,False,"(0, 69328, 69307)","(0, 69328, 69307)","(0, 69328, 69307)",False,True
2831,6090,5,age,0.82421875,True,True,True,False,"(0, 69328, 69308)","(0, 69328, 69308)","(0, 69328, 69308)",False,True
2832,6092,5,age,0.13671875,True,True,True,False,"(0, 69400, 69371)","(0, 69400, 69371)","(0, 69400, 69371)",False,True
2833,6092,5,age,0.69921875,False,False,False,False,"(0, 69328, 69371)","(0, 69328, 69371)","(0, 69328, 69371)",False,True
2834,6092,5,age,0.82421875,True,True,True,False,"(0, 69328, 69372)","(0, 69328, 69372)","(0, 69328, 69372)",False,True
2835,6094,5,age,0.13671875,True,True,True,False,"(0, 69400, 69435)","(0, 69400, 69435)","(0, 69400, 69435)",False,True
2836,6094,5,age,0.69921875,False,False,False,False,"(0, 69328, 69435)","(0, 69328, 69435)","(0, 69328, 69435)",False,True
2837,6094,5,age,0.82421875,True,True,True,False,"(0, 69328, 69436)","(0, 69328, 69436)","(0, 69328, 69436)",False,True
2838,6096,5,age,0.07421875,True,True,True,False,"(0, 71024, 71033)","(0, 71024, 71033)","(0, 71024, 71033)",False,True
2839,6096,5,age,0.69921875,False,False,False,False,"(0, 71016, 71033)","(0, 71016, 71033)","(0, 71016, 71033)",False,True
2840,6096,5,age,0.76171875,True,True,True,False,"(0, 70952, 71034)","(0, 70952, 71034)","(0, 70952, 71034)",False,True
2841,6098,5,age,0.13671875,True,True,True,False,"(0, 69400, 69499)","(0, 69400, 69499)","(0, 69400, 69499)",False,True
2842,6098,5,age,0.69921875,False,False,False,False,"(0, 69328, 69499)","(0, 69328, 69499)","(0, 69328, 69499)",False,True
2843,6098,5,age,0.82421875,True,True,True,False,"(0, 69328, 69500)","(0, 69328, 69500)","(0, 69328, 69500)",False,True
2844,6100,5,age,0.07421875,True,True,True,False,"(0, 71024, 71033)","(0, 71024, 71033)","(0, 71024, 71033)",False,True
2845,6100,5,age,0.69921875,False,False,False,False,"(0, 71016, 71033)","(0, 71016, 71033)","(0, 71016, 71033)",False,True
2846,6100,5,age,0.97265625,True,True,True,False,"(0, 71008, 71034)","(0, 71008, 71034)","(0, 71008, 71034)",False,True
2847,6102,5,age,0.13671875,True,True,True,False,"(0, 69400, 69499)","(0, 69400, 69499)","(0, 69400, 69499)",False,True
2848,6102,5,age,0.69921875,False,False,False,False,"(0, 69328, 69499)","(0, 69328, 69499)","(0, 69328, 69499)",False,True
2849,6102,5,age,0.82421875,True,True,True,False,"(0, 69328, 69500)","(0, 69328, 69500)","(0, 69328, 69500)",False,True
2850,6103,5,age,0.12109375,True,True,True,False,"(0, 69800, 69689)","(0, 69800, 69689)","(0, 69800, 69689)",False,True
2851,6103,5,age,0.30078125,True,True,True,False,"(0, 69736, 69688)","(0, 69736, 69688)","(0, 69736, 69688)",False,True
2852,6103,5,age,0.92578125,False,False,False,False,"(0, 69680, 69688)","(0, 69680, 69688)","(0, 69680, 69688)",False,True
2853,6108,5,age,0.13671875,True,True,True,False,"(0, 69784, 69691)","(0, 69784, 69691)","(0, 69784, 69691)",False,True
2854,6108,5,age,0.69921875,False,False,False,False,"(0, 69712, 69691)","(0, 69712, 69691)","(0, 69712, 69691)",False,True
2855,6108,5,age,0.82421875,True,True,True,False,"(0, 69712, 69692)","(0, 69712, 69692)","(0, 69712, 69692)",False,True
2856,6110,5,age,0.13671875,True,True,True,False,"(0, 69784, 69755)","(0, 69784, 69755)","(0, 69784, 69755)",False,True
2857,6110,5,age,0.69921875,False,False,False,False,"(0, 69712, 69755)","(0, 69712, 69755)","(0, 69712, 69755)",False,True
2858,6110,5,age,0.82421875,True,True,True,False,"(0, 69712, 69756)","(0, 69712, 69756)","(0, 69712, 69756)",False,True
2859,6112,5,age,0.13671875,True,True,True,False,"(0, 69784, 69819)","(0, 69784, 69819)","(0, 69784, 69819)",False,True
2860,6112,5,age,0.69921875,False,False,False,False,"(0, 69712, 69819)","(0, 69712, 69819)","(0, 69712, 69819)",False,True
2861,6112,5,age,0.82421875,True,True,True,False,"(0, 69712, 69820)","(0, 69712, 69820)","(0, 69712, 69820)",False,True
2862,6114,5,age,0.07421875,True,True,True,False,"(0, 71408, 71417)","(0, 71408, 71417)","(0, 71408, 71417)",False,True
2863,6114,5,age,0.69921875,False,False,False,False,"(0, 71400, 71417)","(0, 71400, 71417)","(0, 71400, 71417)",False,True
2864,6114,5,age,0.76171875,True,True,True,False,"(0, 71336, 71418)","(0, 71336, 71418)","(0, 71336, 71418)",False,True
2865,6116,5,age,0.13671875,True,True,True,False,"(0, 69784, 69883)","(0, 69784, 69883)","(0, 69784, 69883)",False,True
2866,6116,5,age,0.69921875,False,False,False,False,"(0, 69712, 69883)","(0, 69712, 69883)","(0, 69712, 69883)",False,True
2867,6116,5,age,0.82421875,True,True,True,False,"(0, 69712, 69884)","(0, 69712, 69884)","(0, 69712, 69884)",False,True
2868,6118,5,age,0.07421875,True,True,True,False,"(0, 71408, 71417)","(0, 71408, 71417)","(0, 71408, 71417)",False,True
2869,6118,5,age,0.69921875,False,False,False,False,"(0, 71400, 71417)","(0, 71400, 71417)","(0, 71400, 71417)",False,True
2870,6118,5,age,0.97265625,True,True,True,False,"(0, 71392, 71418)","(0, 71392, 71418)","(0, 71392, 71418)",False,True
2871,6120,5,age,0.13671875,True,True,True,False,"(0, 69784, 69883)","(0, 69784, 69883)","(0, 69784, 69883)",False,True
2872,6120,5,age,0.69921875,False,False,False,False,"(0, 69712, 69883)","(0, 69712, 69883)","(0, 69712, 69883)",False,True
2873,6120,5,age,0.82421875,True,True,True,False,"(0, 69712, 69884)","(0, 69712, 69884)","(0, 69712, 69884)",False,True
2874,6121,5,age,0.12109375,True,True,True,False,"(0, 69800, 69689)","(0, 69800, 69689)","(0, 69800, 69689)",False,True
2875,6121,5,age,0.30078125,True,True,True,False,"(0, 69736, 69688)","(0, 69736, 69688)","(0, 69736, 69688)",False,True
2876,6121,5,age,0.92578125,False,False,False,False,"(0, 69680, 69688)","(0, 69680, 69688)","(0, 69680, 69688)",False,True
2877,6126,5,age,0.13671875,True,True,True,False,"(0, 69784, 69691)","(0, 69784, 69691)","(0, 69784, 69691)",False,True
2878,6126,5,age,0.69921875,False,False,False,False,"(0, 69712, 69691)","(0, 69712, 69691)","(0, 69712, 69691)",False,True
2879,6126,5,age,0.82421875,True,True,True,False,"(0, 69712, 69692)","(0, 69712, 69692)","(0, 69712, 69692)",False,True
2880,6128,5,age,0.13671875,True,True,True,False,"(0, 69784, 69755)","(0, 69784, 69755)","(0, 69784, 69755)",False,True
2881,6128,5,age,0.69921875,False,False,False,False,"(0, 69712, 69755)","(0, 69712, 69755)","(0, 69712, 69755)",False,True
2882,6128,5,age,0.82421875,True,True,True,False,"(0, 69712, 69756)","(0, 69712, 69756)","(0, 69712, 69756)",False,True
2883,6130,5,age,0.13671875,True,True,True,False,"(0, 69784, 69819)","(0, 69784, 69819)","(0, 69784, 69819)",False,True
2884,6130,5,age,0.69921875,False,False,False,False,"(0, 69712, 69819)","(0, 69712, 69819)","(0, 69712, 69819)",False,True
2885,6130,5,age,0.82421875,True,True,True,False,"(0, 69712, 69820)","(0, 69712, 69820)","(0, 69712, 69820)",False,True
2886,6132,5,age,0.07421875,True,True,True,False,"(0, 71408, 71417)","(0, 71408, 71417)","(0, 71408, 71417)",False,True
2887,6132,5,age,0.69921875,False,False,False,False,"(0, 71400, 71417)","(0, 71400, 71417)","(0, 71400, 71417)",False,True
2888,6132,5,age,0.76171875,True,True,True,False,"(0, 71336, 71418)","(0, 71336, 71418)","(0, 71336, 71418)",False,True
2889,6134,5,age,0.13671875,True,True,True,False,"(0, 69784, 69883)","(0, 69784, 69883)","(0, 69784, 69883)",False,True
2890,6134,5,age,0.69921875,False,False,False,False,"(0, 69712, 69883)","(0, 69712, 69883)","(0, 69712, 69883)",False,True
2891,6134,5,age,0.82421875,True,True,True,False,"(0, 69712, 69884)","(0, 69712, 69884)","(0, 69712, 69884)",False,True
2892,6136,5,age,0.07421875,True,True,True,False,"(0, 71408, 71417)","(0, 71408, 71417)","(0, 71408, 71417)",False,True
2893,6136,5,age,0.69921875,False,False,False,False,"(0, 71400, 71417)","(0, 71400, 71417)","(0, 71400, 71417)",False,True
2894,6136,5,age,0.97265625,True,True,True,False,"(0, 71392, 71418)","(0, 71392, 71418)","(0, 71392, 71418)",False,True
2895,6138,5,age,0.13671875,True,True,True,False,"(0, 69784, 69883)","(0, 69784, 69883)","(0, 69784, 69883)",False,True
2896,6138,5,age,0.69921875,False,False,False,False,"(0, 69712, 69883)","(0, 69712, 69883)","(0, 69712, 69883)",False,True
2897,6138,5,age,0.82421875,True,True,True,False,"(0, 69712, 69884)","(0, 69712, 69884)","(0, 69712, 69884)",False,True
2898,6139,5,age,0.12109375,True,True,True,False,"(0, 91688, 91577)","(0, 91688, 91577)","(0, 91688, 91577)",False,True
2899,6139,5,age,0.30078125,True,True,True,False,"(0, 91624, 91576)","(0, 91624, 91576)","(0, 91624, 91576)",False,True
2900,6139,5,age,0.92578125,False,False,False,False,"(0, 91568, 91576)","(0, 91568, 91576)","(0, 91568, 91576)",False,True
2901,6144,5,age,0.13671875,True,True,True,False,"(0, 91672, 91579)","(0, 91672, 91579)","(0, 91672, 91579)",False,True
2902,6144,5,age,0.69921875,False,False,False,False,"(0, 91600, 91579)","(0, 91600, 91579)","(0, 91600, 91579)",False,True
2903,6144,5,age,0.82421875,True,True,True,False,"(0, 91600, 91580)","(0, 91600, 91580)","(0, 91600, 91580)",False,True
2904,6146,5,age,0.13671875,True,True,True,False,"(0, 91672, 91643)","(0, 91672, 91643)","(0, 91672, 91643)",False,True
2905,6146,5,age,0.69921875,False,False,False,False,"(0, 91600, 91643)","(0, 91600, 91643)","(0, 91600, 91643)",False,True
2906,6146,5,age,0.82421875,True,True,True,False,"(0, 91600, 91644)","(0, 91600, 91644)","(0, 91600, 91644)",False,True
2907,6148,5,age,0.13671875,True,True,True,False,"(0, 91672, 91707)","(0, 91672, 91707)","(0, 91672, 91707)",False,True
2908,6148,5,age,0.69921875,False,False,False,False,"(0, 91600, 91707)","(0, 91600, 91707)","(0, 91600, 91707)",False,True
2909,6148,5,age,0.82421875,True,True,True,False,"(0, 91600, 91708)","(0, 91600, 91708)","(0, 91600, 91708)",False,True
2910,6150,5,age,0.07421875,True,True,True,False,"(0, 93296, 93305)","(0, 93296, 93305)","(0, 93296, 93305)",False,True
2911,6150,5,age,0.69921875,False,False,False,False,"(0, 93288, 93305)","(0, 93288, 93305)","(0, 93288, 93305)",False,True
2912,6150,5,age,0.76171875,True,True,True,False,"(0, 93224, 93306)","(0, 93224, 93306)","(0, 93224, 93306)",False,True
2913,6152,5,age,0.13671875,True,True,True,False,"(0, 91672, 91771)","(0, 91672, 91771)","(0, 91672, 91771)",False,True
2914,6152,5,age,0.69921875,False,False,False,False,"(0, 91600, 91771)","(0, 91600, 91771)","(0, 91600, 91771)",False,True
2915,6152,5,age,0.82421875,True,True,True,False,"(0, 91600, 91772)","(0, 91600, 91772)","(0, 91600, 91772)",False,True
2916,6154,5,age,0.07421875,True,True,True,False,"(0, 93296, 93305)","(0, 93296, 93305)","(0, 93296, 93305)",False,True
2917,6154,5,age,0.69921875,False,False,False,False,"(0, 93288, 93305)","(0, 93288, 93305)","(0, 93288, 93305)",False,True
2918,6154,5,age,0.97265625,True,True,True,False,"(0, 93280, 93306)","(0, 93280, 93306)","(0, 93280, 93306)",False,True
2919,6156,5,age,0.13671875,True,True,True,False,"(0, 91672, 91771)","(0, 91672, 91771)","(0, 91672, 91771)",False,True
2920,6156,5,age,0.69921875,False,False,False,False,"(0, 91600, 91771)","(0, 91600, 91771)","(0, 91600, 91771)",False,True
2921,6156,5,age,0.82421875,True,True,True,False,"(0, 91600, 91772)","(0, 91600, 91772)","(0, 91600, 91772)",False,True
2922,6157,5,age,0.12109375,True,True,True,False,"(0, 92072, 91961)","(0, 92072, 91961)","(0, 92072, 91961)",False,True
2923,6157,5,age,0.30078125,True,True,True,False,"(0, 92008, 91960)","(0, 92008, 91960)","(0, 92008, 91960)",False,True
2924,6157,5,age,0.92578125,False,False,False,False,"(0, 91952, 91960)","(0, 91952, 91960)","(0, 91952, 91960)",False,True
2925,6162,5,age,0.13671875,True,True,True,False,"(0, 92056, 91963)","(0, 92056, 91963)","(0, 92056, 91963)",False,True
2926,6162,5,age,0.69921875,False,False,False,False,"(0, 91984, 91963)","(0, 91984, 91963)","(0, 91984, 91963)",False,True
2927,6162,5,age,0.82421875,True,True,True,False,"(0, 91984, 91964)","(0, 91984, 91964)","(0, 91984, 91964)",False,True
2928,6164,5,age,0.13671875,True,True,True,False,"(0, 92056, 92027)","(0, 92056, 92027)","(0, 92056, 92027)",False,True
2929,6164,5,age,0.69921875,False,False,False,False,"(0, 91984, 92027)","(0, 91984, 92027)","(0, 91984, 92027)",False,True
2930,6164,5,age,0.82421875,True,True,True,False,"(0, 91984, 92028)","(0, 91984, 92028)","(0, 91984, 92028)",False,True
2931,6166,5,age,0.13671875,True,True,True,False,"(0, 92056, 92091)","(0, 92056, 92091)","(0, 92056, 92091)",False,True
2932,6166,5,age,0.69921875,False,False,False,False,"(0, 91984, 92091)","(0, 91984, 92091)","(0, 91984, 92091)",False,True
2933,6166,5,age,0.82421875,True,True,True,False,"(0, 91984, 92092)","(0, 91984, 92092)","(0, 91984, 92092)",False,True
2934,6168,5,age,0.07421875,True,True,True,False,"(0, 93680, 93689)","(0, 93680, 93689)","(0, 93680, 93689)",False,True
2935,6168,5,age,0.69921875,False,False,False,False,"(0, 93672, 93689)","(0, 93672, 93689)","(0, 93672, 93689)",False,True
2936,6168,5,age,0.76171875,True,True,True,False,"(0, 93608, 93690)","(0, 93608, 93690)","(0, 93608, 93690)",False,True
2937,6170,5,age,0.13671875,True,True,True,False,"(0, 92056, 92155)","(0, 92056, 92155)","(0, 92056, 92155)",False,True
2938,6170,5,age,0.69921875,False,False,False,False,"(0, 91984, 92155)","(0, 91984, 92155)","(0, 91984, 92155)",False,True
2939,6170,5,age,0.82421875,True,True,True,False,"(0, 91984, 92156)","(0, 91984, 92156)","(0, 91984, 92156)",False,True
2940,6172,5,age,0.07421875,True,True,True,False,"(0, 93680, 93689)","(0, 93680, 93689)","(0, 93680, 93689)",False,True
2941,6172,5,age,0.69921875,False,False,False,False,"(0, 93672, 93689)","(0, 93672, 93689)","(0, 93672, 93689)",False,True
2942,6172,5,age,0.97265625,True,True,True,False,"(0, 93664, 93690)","(0, 93664, 93690)","(0, 93664, 93690)",False,True
2943,6174,5,age,0.13671875,True,True,True,False,"(0, 92056, 92155)","(0, 92056, 92155)","(0, 92056, 92155)",False,True
2944,6174,5,age,0.69921875,False,False,False,False,"(0, 91984, 92155)","(0, 91984, 92155)","(0, 91984, 92155)",False,True
2945,6174,5,age,0.82421875,True,True,True,False,"(0, 91984, 92156)","(0, 91984, 92156)","(0, 91984, 92156)",False,True
2946,6175,5,age,0.12109375,True,True,True,False,"(0, 70952, 70841)","(0, 70952, 70841)","(0, 70952, 70841)",False,True
2947,6175,5,age,0.30078125,True,True,True,False,"(0, 70888, 70840)","(0, 70888, 70840)","(0, 70888, 70840)",False,True
2948,6175,5,age,0.92578125,False,False,False,False,"(0, 70832, 70840)","(0, 70832, 70840)","(0, 70832, 70840)",False,True
2949,6180,5,age,0.13671875,True,True,True,False,"(0, 70936, 70843)","(0, 70936, 70843)","(0, 70936, 70843)",False,True
2950,6180,5,age,0.69921875,False,False,False,False,"(0, 70864, 70843)","(0, 70864, 70843)","(0, 70864, 70843)",False,True
2951,6180,5,age,0.82421875,True,True,True,False,"(0, 70864, 70844)","(0, 70864, 70844)","(0, 70864, 70844)",False,True
2952,6182,5,age,0.13671875,True,True,True,False,"(0, 70936, 70907)","(0, 70936, 70907)","(0, 70936, 70907)",False,True
2953,6182,5,age,0.69921875,False,False,False,False,"(0, 70864, 70907)","(0, 70864, 70907)","(0, 70864, 70907)",False,True
2954,6182,5,age,0.82421875,True,True,True,False,"(0, 70864, 70908)","(0, 70864, 70908)","(0, 70864, 70908)",False,True
2955,6184,5,age,0.13671875,True,True,True,False,"(0, 70936, 70971)","(0, 70936, 70971)","(0, 70936, 70971)",False,True
2956,6184,5,age,0.69921875,False,False,False,False,"(0, 70864, 70971)","(0, 70864, 70971)","(0, 70864, 70971)",False,True
2957,6184,5,age,0.82421875,True,True,True,False,"(0, 70864, 70972)","(0, 70864, 70972)","(0, 70864, 70972)",False,True
2958,6186,5,age,0.07421875,True,True,True,False,"(0, 72560, 72569)","(0, 72560, 72569)","(0, 72560, 72569)",False,True
2959,6186,5,age,0.69921875,False,False,False,False,"(0, 72552, 72569)","(0, 72552, 72569)","(0, 72552, 72569)",False,True
2960,6186,5,age,0.76171875,True,True,True,False,"(0, 72488, 72570)","(0, 72488, 72570)","(0, 72488, 72570)",False,True
2961,6188,5,age,0.13671875,True,True,True,False,"(0, 70936, 71035)","(0, 70936, 71035)","(0, 70936, 71035)",False,True
2962,6188,5,age,0.69921875,False,False,False,False,"(0, 70864, 71035)","(0, 70864, 71035)","(0, 70864, 71035)",False,True
2963,6188,5,age,0.82421875,True,True,True,False,"(0, 70864, 71036)","(0, 70864, 71036)","(0, 70864, 71036)",False,True
2964,6190,5,age,0.07421875,True,True,True,False,"(0, 72560, 72569)","(0, 72560, 72569)","(0, 72560, 72569)",False,True
2965,6190,5,age,0.69921875,False,False,False,False,"(0, 72552, 72569)","(0, 72552, 72569)","(0, 72552, 72569)",False,True
2966,6190,5,age,0.97265625,True,True,True,False,"(0, 72544, 72570)","(0, 72544, 72570)","(0, 72544, 72570)",False,True
2967,6192,5,age,0.13671875,True,True,True,False,"(0, 70936, 71035)","(0, 70936, 71035)","(0, 70936, 71035)",False,True
2968,6192,5,age,0.69921875,False,False,False,False,"(0, 70864, 71035)","(0, 70864, 71035)","(0, 70864, 71035)",False,True
2969,6192,5,age,0.82421875,True,True,True,False,"(0, 70864, 71036)","(0, 70864, 71036)","(0, 70864, 71036)",False,True
2970,6193,5,age,0.12109375,True,True,True,False,"(0, 71336, 71225)","(0, 71336, 71225)","(0, 71336, 71225)",False,True
2971,6193,5,age,0.30078125,True,True,True,False,"(0, 71272, 71224)","(0, 71272, 71224)","(0, 71272, 71224)",False,True
2972,6193,5,age,0.92578125,False,False,False,False,"(0, 71216, 71224)","(0, 71216, 71224)","(0, 71216, 71224)",False,True
2973,6198,5,age,0.13671875,True,True,True,False,"(0, 71320, 71227)","(0, 71320, 71227)","(0, 71320, 71227)",False,True
2974,6198,5,age,0.69921875,False,False,False,False,"(0, 71248, 71227)","(0, 71248, 71227)","(0, 71248, 71227)",False,True
2975,6198,5,age,0.82421875,True,True,True,False,"(0, 71248, 71228)","(0, 71248, 71228)","(0, 71248, 71228)",False,True
2976,6200,5,age,0.13671875,True,True,True,False,"(0, 71320, 71291)","(0, 71320, 71291)","(0, 71320, 71291)",False,True
2977,6200,5,age,0.69921875,False,False,False,False,"(0, 71248, 71291)","(0, 71248, 71291)","(0, 71248, 71291)",False,True
2978,6200,5,age,0.82421875,True,True,True,False,"(0, 71248, 71292)","(0, 71248, 71292)","(0, 71248, 71292)",False,True
2979,6202,5,age,0.13671875,True,True,True,False,"(0, 71320, 71355)","(0, 71320, 71355)","(0, 71320, 71355)",False,True
2980,6202,5,age,0.69921875,False,False,False,False,"(0, 71248, 71355)","(0, 71248, 71355)","(0, 71248, 71355)",False,True
2981,6202,5,age,0.82421875,True,True,True,False,"(0, 71248, 71356)","(0, 71248, 71356)","(0, 71248, 71356)",False,True
2982,6204,5,age,0.07421875,True,True,True,False,"(0, 72944, 72953)","(0, 72944, 72953)","(0, 72944, 72953)",False,True
2983,6204,5,age,0.69921875,False,False,False,False,"(0, 72936, 72953)","(0, 72936, 72953)","(0, 72936, 72953)",False,True
2984,6204,5,age,0.76171875,True,True,True,False,"(0, 72872, 72954)","(0, 72872, 72954)","(0, 72872, 72954)",False,True
2985,6206,5,age,0.13671875,True,True,True,False,"(0, 71320, 71419)","(0, 71320, 71419)","(0, 71320, 71419)",False,True
2986,6206,5,age,0.69921875,False,False,False,False,"(0, 71248, 71419)","(0, 71248, 71419)","(0, 71248, 71419)",False,True
2987,6206,5,age,0.82421875,True,True,True,False,"(0, 71248, 71420)","(0, 71248, 71420)","(0, 71248, 71420)",False,True
2988,6208,5,age,0.07421875,True,True,True,False,"(0, 72944, 72953)","(0, 72944, 72953)","(0, 72944, 72953)",False,True
2989,6208,5,age,0.69921875,False,False,False,False,"(0, 72936, 72953)","(0, 72936, 72953)","(0, 72936, 72953)",False,True
2990,6208,5,age,0.97265625,True,True,True,False,"(0, 72928, 72954)","(0, 72928, 72954)","(0, 72928, 72954)",False,True
2991,6210,5,age,0.13671875,True,True,True,False,"(0, 71320, 71419)","(0, 71320, 71419)","(0, 71320, 71419)",False,True
2992,6210,5,age,0.69921875,False,False,False,False,"(0, 71248, 71419)","(0, 71248, 71419)","(0, 71248, 71419)",False,True
2993,6210,5,age,0.82421875,True,True,True,False,"(0, 71248, 71420)","(0, 71248, 71420)","(0, 71248, 71420)",False,True
2994,6211,5,age,0.12109375,True,True,True,False,"(0, 71336, 71225)","(0, 71336, 71225)","(0, 71336, 71225)",False,True
2995,6211,5,age,0.30078125,True,True,True,False,"(0, 71272, 71224)","(0, 71272, 71224)","(0, 71272, 71224)",False,True
2996,6211,5,age,0.92578125,False,False,False,False,"(0, 71216, 71224)","(0, 71216, 71224)","(0, 71216, 71224)",False,True
2997,6216,5,age,0.13671875,True,True,True,False,"(0, 71320, 71227)","(0, 71320, 71227)","(0, 71320, 71227)",False,True
2998,6216,5,age,0.69921875,False,False,False,False,"(0, 71248, 71227)","(0, 71248, 71227)","(0, 71248, 71227)",False,True
2999,6216,5,age,0.82421875,True,True,True,False,"(0, 71248, 71228)","(0, 71248, 71228)","(0, 71248, 71228)",False,True
3000,6218,5,age,0.13671875,True,True,True,False,"(0, 71320, 71291)","(0, 71320, 71291)","(0, 71320, 71291)",False,True
3001,6218,5,age,0.69921875,False,False,False,False,"(0, 71248, 71291)","(0, 71248, 71291)","(0, 71248, 71291)",False,True
3002,6218,5,age,0.82421875,True,True,True,False,"(0, 71248, 71292)","(0, 71248, 71292)","(0, 71248, 71292)",False,True
3003,6220,5,age,0.13671875,True,True,True,False,"(0, 71320, 71355)","(0, 71320, 71355)","(0, 71320, 71355)",False,True
3004,6220,5,age,0.69921875,False,False,False,False,"(0, 71248, 71355)","(0, 71248, 71355)","(0, 71248, 71355)",False,True
3005,6220,5,age,0.82421875,True,True,True,False,"(0, 71248, 71356)","(0, 71248, 71356)","(0, 71248, 71356)",False,True
3006,6222,5,age,0.07421875,True,True,True,False,"(0, 72944, 72953)","(0, 72944, 72953)","(0, 72944, 72953)",False,True
3007,6222,5,age,0.69921875,False,False,False,False,"(0, 72936, 72953)","(0, 72936, 72953)","(0, 72936, 72953)",False,True
3008,6222,5,age,0.76171875,True,True,True,False,"(0, 72872, 72954)","(0, 72872, 72954)","(0, 72872, 72954)",False,True
3009,6224,5,age,0.13671875,True,True,True,False,"(0, 71320, 71419)","(0, 71320, 71419)","(0, 71320, 71419)",False,True
3010,6224,5,age,0.69921875,False,False,False,False,"(0, 71248, 71419)","(0, 71248, 71419)","(0, 71248, 71419)",False,True
3011,6224,5,age,0.82421875,True,True,True,False,"(0, 71248, 71420)","(0, 71248, 71420)","(0, 71248, 71420)",False,True
3012,6226,5,age,0.07421875,True,True,True,False,"(0, 72944, 72953)","(0, 72944, 72953)","(0, 72944, 72953)",False,True
3013,6226,5,age,0.69921875,False,False,False,False,"(0, 72936, 72953)","(0, 72936, 72953)","(0, 72936, 72953)",False,True
3014,6226,5,age,0.97265625,True,True,True,False,"(0, 72928, 72954)","(0, 72928, 72954)","(0, 72928, 72954)",False,True
3015,6228,5,age,0.13671875,True,True,True,False,"(0, 71320, 71419)","(0, 71320, 71419)","(0, 71320, 71419)",False,True
3016,6228,5,age,0.69921875,False,False,False,False,"(0, 71248, 71419)","(0, 71248, 71419)","(0, 71248, 71419)",False,True
3017,6228,5,age,0.82421875,True,True,True,False,"(0, 71248, 71420)","(0, 71248, 71420)","(0, 71248, 71420)",False,True
3018,6229,5,age,0.12109375,True,True,True,False,"(0, 93224, 93113)","(0, 93224, 93113)","(0, 93224, 93113)",False,True
3019,6229,5,age,0.30078125,True,True,True,False,"(0, 93160, 93112)","(0, 93160, 93112)","(0, 93160, 93112)",False,True
3020,6229,5,age,0.92578125,False,False,False,False,"(0, 93104, 93112)","(0, 93104, 93112)","(0, 93104, 93112)",False,True
3021,6234,5,age,0.13671875,True,True,True,False,"(0, 93208, 93115)","(0, 93208, 93115)","(0, 93208, 93115)",False,True
3022,6234,5,age,0.69921875,False,False,False,False,"(0, 93136, 93115)","(0, 93136, 93115)","(0, 93136, 93115)",False,True
3023,6234,5,age,0.82421875,True,True,True,False,"(0, 93136, 93116)","(0, 93136, 93116)","(0, 93136, 93116)",False,True
3024,6236,5,age,0.13671875,True,True,True,False,"(0, 93208, 93179)","(0, 93208, 93179)","(0, 93208, 93179)",False,True
3025,6236,5,age,0.69921875,False,False,False,False,"(0, 93136, 93179)","(0, 93136, 93179)","(0, 93136, 93179)",False,True
3026,6236,5,age,0.82421875,True,True,True,False,"(0, 93136, 93180)","(0, 93136, 93180)","(0, 93136, 93180)",False,True
3027,6238,5,age,0.13671875,True,True,True,False,"(0, 93208, 93243)","(0, 93208, 93243)","(0, 93208, 93243)",False,True
3028,6238,5,age,0.69921875,False,False,False,False,"(0, 93136, 93243)","(0, 93136, 93243)","(0, 93136, 93243)",False,True
3029,6238,5,age,0.82421875,True,True,True,False,"(0, 93136, 93244)","(0, 93136, 93244)","(0, 93136, 93244)",False,True
3030,6240,5,age,0.07421875,True,True,True,False,"(0, 94832, 94841)","(0, 94832, 94841)","(0, 94832, 94841)",False,True
3031,6240,5,age,0.69921875,False,False,False,False,"(0, 94824, 94841)","(0, 94824, 94841)","(0, 94824, 94841)",False,True
3032,6240,5,age,0.76171875,True,True,True,False,"(0, 94760, 94842)","(0, 94760, 94842)","(0, 94760, 94842)",False,True
3033,6242,5,age,0.13671875,True,True,True,False,"(0, 93208, 93307)","(0, 93208, 93307)","(0, 93208, 93307)",False,True
3034,6242,5,age,0.69921875,False,False,False,False,"(0, 93136, 93307)","(0, 93136, 93307)","(0, 93136, 93307)",False,True
3035,6242,5,age,0.82421875,True,True,True,False,"(0, 93136, 93308)","(0, 93136, 93308)","(0, 93136, 93308)",False,True
3036,6244,5,age,0.07421875,True,True,True,False,"(0, 94832, 94841)","(0, 94832, 94841)","(0, 94832, 94841)",False,True
3037,6244,5,age,0.69921875,False,False,False,False,"(0, 94824, 94841)","(0, 94824, 94841)","(0, 94824, 94841)",False,True
3038,6244,5,age,0.97265625,True,True,True,False,"(0, 94816, 94842)","(0, 94816, 94842)","(0, 94816, 94842)",False,True
3039,6246,5,age,0.13671875,True,True,True,False,"(0, 93208, 93307)","(0, 93208, 93307)","(0, 93208, 93307)",False,True
3040,6246,5,age,0.69921875,False,False,False,False,"(0, 93136, 93307)","(0, 93136, 93307)","(0, 93136, 93307)",False,True
3041,6246,5,age,0.82421875,True,True,True,False,"(0, 93136, 93308)","(0, 93136, 93308)","(0, 93136, 93308)",False,True
3042,6247,5,age,0.12109375,True,True,True,False,"(0, 93608, 93497)","(0, 93608, 93497)","(0, 93608, 93497)",False,True
3043,6247,5,age,0.30078125,True,True,True,False,"(0, 93544, 93496)","(0, 93544, 93496)","(0, 93544, 93496)",False,True
3044,6247,5,age,0.92578125,False,False,False,False,"(0, 93488, 93496)","(0, 93488, 93496)","(0, 93488, 93496)",False,True
3045,6252,5,age,0.13671875,True,True,True,False,"(0, 93592, 93499)","(0, 93592, 93499)","(0, 93592, 93499)",False,True
3046,6252,5,age,0.69921875,False,False,False,False,"(0, 93520, 93499)","(0, 93520, 93499)","(0, 93520, 93499)",False,True
3047,6252,5,age,0.82421875,True,True,True,False,"(0, 93520, 93500)","(0, 93520, 93500)","(0, 93520, 93500)",False,True
3048,6254,5,age,0.13671875,True,True,True,False,"(0, 93592, 93563)","(0, 93592, 93563)","(0, 93592, 93563)",False,True
3049,6254,5,age,0.69921875,False,False,False,False,"(0, 93520, 93563)","(0, 93520, 93563)","(0, 93520, 93563)",False,True
3050,6254,5,age,0.82421875,True,True,True,False,"(0, 93520, 93564)","(0, 93520, 93564)","(0, 93520, 93564)",False,True
3051,6256,5,age,0.13671875,True,True,True,False,"(0, 93592, 93627)","(0, 93592, 93627)","(0, 93592, 93627)",False,True
3052,6256,5,age,0.69921875,False,False,False,False,"(0, 93520, 93627)","(0, 93520, 93627)","(0, 93520, 93627)",False,True
3053,6256,5,age,0.82421875,True,True,True,False,"(0, 93520, 93628)","(0, 93520, 93628)","(0, 93520, 93628)",False,True
3054,6258,5,age,0.07421875,True,True,True,False,"(0, 95216, 95225)","(0, 95216, 95225)","(0, 95216, 95225)",False,True
3055,6258,5,age,0.69921875,False,False,False,False,"(0, 95208, 95225)","(0, 95208, 95225)","(0, 95208, 95225)",False,True
3056,6258,5,age,0.76171875,True,True,True,False,"(0, 95144, 95226)","(0, 95144, 95226)","(0, 95144, 95226)",False,True
3057,6260,5,age,0.13671875,True,True,True,False,"(0, 93592, 93691)","(0, 93592, 93691)","(0, 93592, 93691)",False,True
3058,6260,5,age,0.69921875,False,False,False,False,"(0, 93520, 93691)","(0, 93520, 93691)","(0, 93520, 93691)",False,True
3059,6260,5,age,0.82421875,True,True,True,False,"(0, 93520, 93692)","(0, 93520, 93692)","(0, 93520, 93692)",False,True
3060,6262,5,age,0.07421875,True,True,True,False,"(0, 95216, 95225)","(0, 95216, 95225)","(0, 95216, 95225)",False,True
3061,6262,5,age,0.69921875,False,False,False,False,"(0, 95208, 95225)","(0, 95208, 95225)","(0, 95208, 95225)",False,True
3062,6262,5,age,0.97265625,True,True,True,False,"(0, 95200, 95226)","(0, 95200, 95226)","(0, 95200, 95226)",False,True
3063,6264,5,age,0.13671875,True,True,True,False,"(0, 93592, 93691)","(0, 93592, 93691)","(0, 93592, 93691)",False,True
3064,6264,5,age,0.69921875,False,False,False,False,"(0, 93520, 93691)","(0, 93520, 93691)","(0, 93520, 93691)",False,True
3065,6264,5,age,0.82421875,True,True,True,False,"(0, 93520, 93692)","(0, 93520, 93692)","(0, 93520, 93692)",False,True
3066,6265,5,age,0.12109375,True,True,True,False,"(0, 72488, 72377)","(0, 72488, 72377)","(0, 72488, 72377)",False,True
3067,6265,5,age,0.30078125,True,True,True,False,"(0, 72424, 72376)","(0, 72424, 72376)","(0, 72424, 72376)",False,True
3068,6265,5,age,0.92578125,False,False,False,False,"(0, 72368, 72376)","(0, 72368, 72376)","(0, 72368, 72376)",False,True
3069,6270,5,age,0.13671875,True,True,True,False,"(0, 72472, 72379)","(0, 72472, 72379)","(0, 72472, 72379)",False,True
3070,6270,5,age,0.69921875,False,False,False,False,"(0, 72400, 72379)","(0, 72400, 72379)","(0, 72400, 72379)",False,True
3071,6270,5,age,0.82421875,True,True,True,False,"(0, 72400, 72380)","(0, 72400, 72380)","(0, 72400, 72380)",False,True
3072,6272,5,age,0.13671875,True,True,True,False,"(0, 72472, 72443)","(0, 72472, 72443)","(0, 72472, 72443)",False,True
3073,6272,5,age,0.69921875,False,False,False,False,"(0, 72400, 72443)","(0, 72400, 72443)","(0, 72400, 72443)",False,True
3074,6272,5,age,0.82421875,True,True,True,False,"(0, 72400, 72444)","(0, 72400, 72444)","(0, 72400, 72444)",False,True
3075,6274,5,age,0.13671875,True,True,True,False,"(0, 72472, 72507)","(0, 72472, 72507)","(0, 72472, 72507)",False,True
3076,6274,5,age,0.69921875,False,False,False,False,"(0, 72400, 72507)","(0, 72400, 72507)","(0, 72400, 72507)",False,True
3077,6274,5,age,0.82421875,True,True,True,False,"(0, 72400, 72508)","(0, 72400, 72508)","(0, 72400, 72508)",False,True
3078,6276,5,age,0.07421875,True,True,True,False,"(0, 74096, 74105)","(0, 74096, 74105)","(0, 74096, 74105)",False,True
3079,6276,5,age,0.69921875,False,False,False,False,"(0, 74088, 74105)","(0, 74088, 74105)","(0, 74088, 74105)",False,True
3080,6276,5,age,0.76171875,True,True,True,False,"(0, 74024, 74106)","(0, 74024, 74106)","(0, 74024, 74106)",False,True
3081,6278,5,age,0.13671875,True,True,True,False,"(0, 72472, 72571)","(0, 72472, 72571)","(0, 72472, 72571)",False,True
3082,6278,5,age,0.69921875,False,False,False,False,"(0, 72400, 72571)","(0, 72400, 72571)","(0, 72400, 72571)",False,True
3083,6278,5,age,0.82421875,True,True,True,False,"(0, 72400, 72572)","(0, 72400, 72572)","(0, 72400, 72572)",False,True
3084,6280,5,age,0.07421875,True,True,True,False,"(0, 74096, 74105)","(0, 74096, 74105)","(0, 74096, 74105)",False,True
3085,6280,5,age,0.69921875,False,False,False,False,"(0, 74088, 74105)","(0, 74088, 74105)","(0, 74088, 74105)",False,True
3086,6280,5,age,0.97265625,True,True,True,False,"(0, 74080, 74106)","(0, 74080, 74106)","(0, 74080, 74106)",False,True
3087,6282,5,age,0.13671875,True,True,True,False,"(0, 72472, 72571)","(0, 72472, 72571)","(0, 72472, 72571)",False,True
3088,6282,5,age,0.69921875,False,False,False,False,"(0, 72400, 72571)","(0, 72400, 72571)","(0, 72400, 72571)",False,True
3089,6282,5,age,0.82421875,True,True,True,False,"(0, 72400, 72572)","(0, 72400, 72572)","(0, 72400, 72572)",False,True
3090,6283,5,age,0.12109375,True,True,True,False,"(0, 72872, 72761)","(0, 72872, 72761)","(0, 72872, 72761)",False,True
3091,6283,5,age,0.30078125,True,True,True,False,"(0, 72808, 72760)","(0, 72808, 72760)","(0, 72808, 72760)",False,True
3092,6283,5,age,0.92578125,False,False,False,False,"(0, 72752, 72760)","(0, 72752, 72760)","(0, 72752, 72760)",False,True
3093,6288,5,age,0.13671875,True,True,True,False,"(0, 72856, 72763)","(0, 72856, 72763)","(0, 72856, 72763)",False,True
3094,6288,5,age,0.69921875,False,False,False,False,"(0, 72784, 72763)","(0, 72784, 72763)","(0, 72784, 72763)",False,True
3095,6288,5,age,0.82421875,True,True,True,False,"(0, 72784, 72764)","(0, 72784, 72764)","(0, 72784, 72764)",False,True
3096,6290,5,age,0.13671875,True,True,True,False,"(0, 72856, 72827)","(0, 72856, 72827)","(0, 72856, 72827)",False,True
3097,6290,5,age,0.69921875,False,False,False,False,"(0, 72784, 72827)","(0, 72784, 72827)","(0, 72784, 72827)",False,True
3098,6290,5,age,0.82421875,True,True,True,False,"(0, 72784, 72828)","(0, 72784, 72828)","(0, 72784, 72828)",False,True
3099,6292,5,age,0.13671875,True,True,True,False,"(0, 72856, 72891)","(0, 72856, 72891)","(0, 72856, 72891)",False,True
3100,6292,5,age,0.69921875,False,False,False,False,"(0, 72784, 72891)","(0, 72784, 72891)","(0, 72784, 72891)",False,True
3101,6292,5,age,0.82421875,True,True,True,False,"(0, 72784, 72892)","(0, 72784, 72892)","(0, 72784, 72892)",False,True
3102,6294,5,age,0.07421875,True,True,True,False,"(0, 74480, 74489)","(0, 74480, 74489)","(0, 74480, 74489)",False,True
3103,6294,5,age,0.69921875,False,False,False,False,"(0, 74472, 74489)","(0, 74472, 74489)","(0, 74472, 74489)",False,True
3104,6294,5,age,0.76171875,True,True,True,False,"(0, 74408, 74490)","(0, 74408, 74490)","(0, 74408, 74490)",False,True
3105,6296,5,age,0.13671875,True,True,True,False,"(0, 72856, 72955)","(0, 72856, 72955)","(0, 72856, 72955)",False,True
3106,6296,5,age,0.69921875,False,False,False,False,"(0, 72784, 72955)","(0, 72784, 72955)","(0, 72784, 72955)",False,True
3107,6296,5,age,0.82421875,True,True,True,False,"(0, 72784, 72956)","(0, 72784, 72956)","(0, 72784, 72956)",False,True
3108,6298,5,age,0.07421875,True,True,True,False,"(0, 74480, 74489)","(0, 74480, 74489)","(0, 74480, 74489)",False,True
3109,6298,5,age,0.69921875,False,False,False,False,"(0, 74472, 74489)","(0, 74472, 74489)","(0, 74472, 74489)",False,True
3110,6298,5,age,0.97265625,True,True,True,False,"(0, 74464, 74490)","(0, 74464, 74490)","(0, 74464, 74490)",False,True
3111,6300,5,age,0.13671875,True,True,True,False,"(0, 72856, 72955)","(0, 72856, 72955)","(0, 72856, 72955)",False,True
3112,6300,5,age,0.69921875,False,False,False,False,"(0, 72784, 72955)","(0, 72784, 72955)","(0, 72784, 72955)",False,True
3113,6300,5,age,0.82421875,True,True,True,False,"(0, 72784, 72956)","(0, 72784, 72956)","(0, 72784, 72956)",False,True
3114,6301,5,age,0.12109375,True,True,True,False,"(0, 72872, 72761)","(0, 72872, 72761)","(0, 72872, 72761)",False,True
3115,6301,5,age,0.30078125,True,True,True,False,"(0, 72808, 72760)","(0, 72808, 72760)","(0, 72808, 72760)",False,True
3116,6301,5,age,0.92578125,False,False,False,False,"(0, 72752, 72760)","(0, 72752, 72760)","(0, 72752, 72760)",False,True
3117,6306,5,age,0.13671875,True,True,True,False,"(0, 72856, 72763)","(0, 72856, 72763)","(0, 72856, 72763)",False,True
3118,6306,5,age,0.69921875,False,False,False,False,"(0, 72784, 72763)","(0, 72784, 72763)","(0, 72784, 72763)",False,True
3119,6306,5,age,0.82421875,True,True,True,False,"(0, 72784, 72764)","(0, 72784, 72764)","(0, 72784, 72764)",False,True
3120,6308,5,age,0.13671875,True,True,True,False,"(0, 72856, 72827)","(0, 72856, 72827)","(0, 72856, 72827)",False,True
3121,6308,5,age,0.69921875,False,False,False,False,"(0, 72784, 72827)","(0, 72784, 72827)","(0, 72784, 72827)",False,True
3122,6308,5,age,0.82421875,True,True,True,False,"(0, 72784, 72828)","(0, 72784, 72828)","(0, 72784, 72828)",False,True
3123,6310,5,age,0.13671875,True,True,True,False,"(0, 72856, 72891)","(0, 72856, 72891)","(0, 72856, 72891)",False,True
3124,6310,5,age,0.69921875,False,False,False,False,"(0, 72784, 72891)","(0, 72784, 72891)","(0, 72784, 72891)",False,True
3125,6310,5,age,0.82421875,True,True,True,False,"(0, 72784, 72892)","(0, 72784, 72892)","(0, 72784, 72892)",False,True
3126,6312,5,age,0.07421875,True,True,True,False,"(0, 74480, 74489)","(0, 74480, 74489)","(0, 74480, 74489)",False,True
3127,6312,5,age,0.69921875,False,False,False,False,"(0, 74472, 74489)","(0, 74472, 74489)","(0, 74472, 74489)",False,True
3128,6312,5,age,0.76171875,True,True,True,False,"(0, 74408, 74490)","(0, 74408, 74490)","(0, 74408, 74490)",False,True
3129,6314,5,age,0.13671875,True,True,True,False,"(0, 72856, 72955)","(0, 72856, 72955)","(0, 72856, 72955)",False,True
3130,6314,5,age,0.69921875,False,False,False,False,"(0, 72784, 72955)","(0, 72784, 72955)","(0, 72784, 72955)",False,True
3131,6314,5,age,0.82421875,True,True,True,False,"(0, 72784, 72956)","(0, 72784, 72956)","(0, 72784, 72956)",False,True
3132,6316,5,age,0.07421875,True,True,True,False,"(0, 74480, 74489)","(0, 74480, 74489)","(0, 74480, 74489)",False,True
3133,6316,5,age,0.69921875,False,False,False,False,"(0, 74472, 74489)","(0, 74472, 74489)","(0, 74472, 74489)",False,True
3134,6316,5,age,0.97265625,True,True,True,False,"(0, 74464, 74490)","(0, 74464, 74490)","(0, 74464, 74490)",False,True
3135,6318,5,age,0.13671875,True,True,True,False,"(0, 72856, 72955)","(0, 72856, 72955)","(0, 72856, 72955)",False,True
3136,6318,5,age,0.69921875,False,False,False,False,"(0, 72784, 72955)","(0, 72784, 72955)","(0, 72784, 72955)",False,True
3137,6318,5,age,0.82421875,True,True,True,False,"(0, 72784, 72956)","(0, 72784, 72956)","(0, 72784, 72956)",False,True
3138,6319,5,age,0.12109375,True,True,True,False,"(0, 94760, 94649)","(0, 94760, 94649)","(0, 94760, 94649)",False,True
3139,6319,5,age,0.30078125,True,True,True,False,"(0, 94696, 94648)","(0, 94696, 94648)","(0, 94696, 94648)",False,True
3140,6319,5,age,0.92578125,False,False,False,False,"(0, 94640, 94648)","(0, 94640, 94648)","(0, 94640, 94648)",False,True
3141,6324,5,age,0.13671875,True,True,True,False,"(0, 94744, 94651)","(0, 94744, 94651)","(0, 94744, 94651)",False,True
3142,6324,5,age,0.69921875,False,False,False,False,"(0, 94672, 94651)","(0, 94672, 94651)","(0, 94672, 94651)",False,True
3143,6324,5,age,0.82421875,True,True,True,False,"(0, 94672, 94652)","(0, 94672, 94652)","(0, 94672, 94652)",False,True
3144,6326,5,age,0.13671875,True,True,True,False,"(0, 94744, 94715)","(0, 94744, 94715)","(0, 94744, 94715)",False,True
3145,6326,5,age,0.69921875,False,False,False,False,"(0, 94672, 94715)","(0, 94672, 94715)","(0, 94672, 94715)",False,True
3146,6326,5,age,0.82421875,True,True,True,False,"(0, 94672, 94716)","(0, 94672, 94716)","(0, 94672, 94716)",False,True
3147,6328,5,age,0.13671875,True,True,True,False,"(0, 94744, 94779)","(0, 94744, 94779)","(0, 94744, 94779)",False,True
3148,6328,5,age,0.69921875,False,False,False,False,"(0, 94672, 94779)","(0, 94672, 94779)","(0, 94672, 94779)",False,True
3149,6328,5,age,0.82421875,True,True,True,False,"(0, 94672, 94780)","(0, 94672, 94780)","(0, 94672, 94780)",False,True
3150,6330,5,age,0.07421875,True,True,True,False,"(0, 96368, 96377)","(0, 96368, 96377)","(0, 96368, 96377)",False,True
3151,6330,5,age,0.69921875,False,False,False,False,"(0, 96360, 96377)","(0, 96360, 96377)","(0, 96360, 96377)",False,True
3152,6330,5,age,0.76171875,True,True,True,False,"(0, 96296, 96378)","(0, 96296, 96378)","(0, 96296, 96378)",False,True
3153,6332,5,age,0.13671875,True,True,True,False,"(0, 94744, 94843)","(0, 94744, 94843)","(0, 94744, 94843)",False,True
3154,6332,5,age,0.69921875,False,False,False,False,"(0, 94672, 94843)","(0, 94672, 94843)","(0, 94672, 94843)",False,True
3155,6332,5,age,0.82421875,True,True,True,False,"(0, 94672, 94844)","(0, 94672, 94844)","(0, 94672, 94844)",False,True
3156,6334,5,age,0.07421875,True,True,True,False,"(0, 96368, 96377)","(0, 96368, 96377)","(0, 96368, 96377)",False,True
3157,6334,5,age,0.69921875,False,False,False,False,"(0, 96360, 96377)","(0, 96360, 96377)","(0, 96360, 96377)",False,True
3158,6334,5,age,0.97265625,True,True,True,False,"(0, 96352, 96378)","(0, 96352, 96378)","(0, 96352, 96378)",False,True
3159,6336,5,age,0.13671875,True,True,True,False,"(0, 94744, 94843)","(0, 94744, 94843)","(0, 94744, 94843)",False,True
3160,6336,5,age,0.69921875,False,False,False,False,"(0, 94672, 94843)","(0, 94672, 94843)","(0, 94672, 94843)",False,True
3161,6336,5,age,0.82421875,True,True,True,False,"(0, 94672, 94844)","(0, 94672, 94844)","(0, 94672, 94844)",False,True
3162,6337,5,age,0.12109375,True,True,True,False,"(0, 95144, 95033)","(0, 95144, 95033)","(0, 95144, 95033)",False,True
3163,6337,5,age,0.30078125,True,True,True,False,"(0, 95080, 95032)","(0, 95080, 95032)","(0, 95080, 95032)",False,True
3164,6337,5,age,0.92578125,False,False,False,False,"(0, 95024, 95032)","(0, 95024, 95032)","(0, 95024, 95032)",False,True
3165,6342,5,age,0.13671875,True,True,True,False,"(0, 95128, 95035)","(0, 95128, 95035)","(0, 95128, 95035)",False,True
3166,6342,5,age,0.69921875,False,False,False,False,"(0, 95056, 95035)","(0, 95056, 95035)","(0, 95056, 95035)",False,True
3167,6342,5,age,0.82421875,True,True,True,False,"(0, 95056, 95036)","(0, 95056, 95036)","(0, 95056, 95036)",False,True
3168,6344,5,age,0.13671875,True,True,True,False,"(0, 95128, 95099)","(0, 95128, 95099)","(0, 95128, 95099)",False,True
3169,6344,5,age,0.69921875,False,False,False,False,"(0, 95056, 95099)","(0, 95056, 95099)","(0, 95056, 95099)",False,True
3170,6344,5,age,0.82421875,True,True,True,False,"(0, 95056, 95100)","(0, 95056, 95100)","(0, 95056, 95100)",False,True
3171,6346,5,age,0.13671875,True,True,True,False,"(0, 95128, 95163)","(0, 95128, 95163)","(0, 95128, 95163)",False,True
3172,6346,5,age,0.69921875,False,False,False,False,"(0, 95056, 95163)","(0, 95056, 95163)","(0, 95056, 95163)",False,True
3173,6346,5,age,0.82421875,True,True,True,False,"(0, 95056, 95164)","(0, 95056, 95164)","(0, 95056, 95164)",False,True
3174,6348,5,age,0.07421875,True,True,True,False,"(0, 96752, 96761)","(0, 96752, 96761)","(0, 96752, 96761)",False,True
3175,6348,5,age,0.69921875,False,False,False,False,"(0, 96744, 96761)","(0, 96744, 96761)","(0, 96744, 96761)",False,True
3176,6348,5,age,0.76171875,True,True,True,False,"(0, 96680, 96762)","(0, 96680, 96762)","(0, 96680, 96762)",False,True
3177,6350,5,age,0.13671875,True,True,True,False,"(0, 95128, 95227)","(0, 95128, 95227)","(0, 95128, 95227)",False,True
3178,6350,5,age,0.69921875,False,False,False,False,"(0, 95056, 95227)","(0, 95056, 95227)","(0, 95056, 95227)",False,True
3179,6350,5,age,0.82421875,True,True,True,False,"(0, 95056, 95228)","(0, 95056, 95228)","(0, 95056, 95228)",False,True
3180,6352,5,age,0.07421875,True,True,True,False,"(0, 96752, 96761)","(0, 96752, 96761)","(0, 96752, 96761)",False,True
3181,6352,5,age,0.69921875,False,False,False,False,"(0, 96744, 96761)","(0, 96744, 96761)","(0, 96744, 96761)",False,True
3182,6352,5,age,0.97265625,True,True,True,False,"(0, 96736, 96762)","(0, 96736, 96762)","(0, 96736, 96762)",False,True
3183,6354,5,age,0.13671875,True,True,True,False,"(0, 95128, 95227)","(0, 95128, 95227)","(0, 95128, 95227)",False,True
3184,6354,5,age,0.69921875,False,False,False,False,"(0, 95056, 95227)","(0, 95056, 95227)","(0, 95056, 95227)",False,True
3185,6354,5,age,0.82421875,True,True,True,False,"(0, 95056, 95228)","(0, 95056, 95228)","(0, 95056, 95228)",False,True
3186,6355,5,age,0.12109375,True,True,True,False,"(0, 74024, 73913)","(0, 74024, 73913)","(0, 74024, 73913)",False,True
3187,6355,5,age,0.30078125,True,True,True,False,"(0, 73960, 73912)","(0, 73960, 73912)","(0, 73960, 73912)",False,True
3188,6355,5,age,0.92578125,False,False,False,False,"(0, 73904, 73912)","(0, 73904, 73912)","(0, 73904, 73912)",False,True
3189,6360,5,age,0.13671875,True,True,True,False,"(0, 74008, 73915)","(0, 74008, 73915)","(0, 74008, 73915)",False,True
3190,6360,5,age,0.69921875,False,False,False,False,"(0, 73936, 73915)","(0, 73936, 73915)","(0, 73936, 73915)",False,True
3191,6360,5,age,0.82421875,True,True,True,False,"(0, 73936, 73916)","(0, 73936, 73916)","(0, 73936, 73916)",False,True
3192,6362,5,age,0.13671875,True,True,True,False,"(0, 74008, 73979)","(0, 74008, 73979)","(0, 74008, 73979)",False,True
3193,6362,5,age,0.69921875,False,False,False,False,"(0, 73936, 73979)","(0, 73936, 73979)","(0, 73936, 73979)",False,True
3194,6362,5,age,0.82421875,True,True,True,False,"(0, 73936, 73980)","(0, 73936, 73980)","(0, 73936, 73980)",False,True
3195,6364,5,age,0.13671875,True,True,True,False,"(0, 74008, 74043)","(0, 74008, 74043)","(0, 74008, 74043)",False,True
3196,6364,5,age,0.69921875,False,False,False,False,"(0, 73936, 74043)","(0, 73936, 74043)","(0, 73936, 74043)",False,True
3197,6364,5,age,0.82421875,True,True,True,False,"(0, 73936, 74044)","(0, 73936, 74044)","(0, 73936, 74044)",False,True
3198,6366,5,age,0.07421875,True,True,True,False,"(0, 75632, 75641)","(0, 75632, 75641)","(0, 75632, 75641)",False,True
3199,6366,5,age,0.69921875,False,False,False,False,"(0, 75624, 75641)","(0, 75624, 75641)","(0, 75624, 75641)",False,True
3200,6366,5,age,0.76171875,True,True,True,False,"(0, 75560, 75642)","(0, 75560, 75642)","(0, 75560, 75642)",False,True
3201,6368,5,age,0.13671875,True,True,True,False,"(0, 74008, 74107)","(0, 74008, 74107)","(0, 74008, 74107)",False,True
3202,6368,5,age,0.69921875,False,False,False,False,"(0, 73936, 74107)","(0, 73936, 74107)","(0, 73936, 74107)",False,True
3203,6368,5,age,0.82421875,True,True,True,False,"(0, 73936, 74108)","(0, 73936, 74108)","(0, 73936, 74108)",False,True
3204,6370,5,age,0.07421875,True,True,True,False,"(0, 75632, 75641)","(0, 75632, 75641)","(0, 75632, 75641)",False,True
3205,6370,5,age,0.69921875,False,False,False,False,"(0, 75624, 75641)","(0, 75624, 75641)","(0, 75624, 75641)",False,True
3206,6370,5,age,0.97265625,True,True,True,False,"(0, 75616, 75642)","(0, 75616, 75642)","(0, 75616, 75642)",False,True
3207,6372,5,age,0.13671875,True,True,True,False,"(0, 74008, 74107)","(0, 74008, 74107)","(0, 74008, 74107)",False,True
3208,6372,5,age,0.69921875,False,False,False,False,"(0, 73936, 74107)","(0, 73936, 74107)","(0, 73936, 74107)",False,True
3209,6372,5,age,0.82421875,True,True,True,False,"(0, 73936, 74108)","(0, 73936, 74108)","(0, 73936, 74108)",False,True
3210,6373,5,age,0.12109375,True,True,True,False,"(0, 74408, 74297)","(0, 74408, 74297)","(0, 74408, 74297)",False,True
3211,6373,5,age,0.30078125,True,True,True,False,"(0, 74344, 74296)","(0, 74344, 74296)","(0, 74344, 74296)",False,True
3212,6373,5,age,0.92578125,False,False,False,False,"(0, 74288, 74296)","(0, 74288, 74296)","(0, 74288, 74296)",False,True
3213,6378,5,age,0.13671875,True,True,True,False,"(0, 74392, 74299)","(0, 74392, 74299)","(0, 74392, 74299)",False,True
3214,6378,5,age,0.69921875,False,False,False,False,"(0, 74320, 74299)","(0, 74320, 74299)","(0, 74320, 74299)",False,True
3215,6378,5,age,0.82421875,True,True,True,False,"(0, 74320, 74300)","(0, 74320, 74300)","(0, 74320, 74300)",False,True
3216,6380,5,age,0.13671875,True,True,True,False,"(0, 74392, 74363)","(0, 74392, 74363)","(0, 74392, 74363)",False,True
3217,6380,5,age,0.69921875,False,False,False,False,"(0, 74320, 74363)","(0, 74320, 74363)","(0, 74320, 74363)",False,True
3218,6380,5,age,0.82421875,True,True,True,False,"(0, 74320, 74364)","(0, 74320, 74364)","(0, 74320, 74364)",False,True
3219,6382,5,age,0.13671875,True,True,True,False,"(0, 74392, 74427)","(0, 74392, 74427)","(0, 74392, 74427)",False,True
3220,6382,5,age,0.69921875,False,False,False,False,"(0, 74320, 74427)","(0, 74320, 74427)","(0, 74320, 74427)",False,True
3221,6382,5,age,0.82421875,True,True,True,False,"(0, 74320, 74428)","(0, 74320, 74428)","(0, 74320, 74428)",False,True
3222,6384,5,age,0.07421875,True,True,True,False,"(0, 76016, 76025)","(0, 76016, 76025)","(0, 76016, 76025)",False,True
3223,6384,5,age,0.69921875,False,False,False,False,"(0, 76008, 76025)","(0, 76008, 76025)","(0, 76008, 76025)",False,True
3224,6384,5,age,0.76171875,True,True,True,False,"(0, 75944, 76026)","(0, 75944, 76026)","(0, 75944, 76026)",False,True
3225,6386,5,age,0.13671875,True,True,True,False,"(0, 74392, 74491)","(0, 74392, 74491)","(0, 74392, 74491)",False,True
3226,6386,5,age,0.69921875,False,False,False,False,"(0, 74320, 74491)","(0, 74320, 74491)","(0, 74320, 74491)",False,True
3227,6386,5,age,0.82421875,True,True,True,False,"(0, 74320, 74492)","(0, 74320, 74492)","(0, 74320, 74492)",False,True
3228,6388,5,age,0.07421875,True,True,True,False,"(0, 76016, 76025)","(0, 76016, 76025)","(0, 76016, 76025)",False,True
3229,6388,5,age,0.69921875,False,False,False,False,"(0, 76008, 76025)","(0, 76008, 76025)","(0, 76008, 76025)",False,True
3230,6388,5,age,0.97265625,True,True,True,False,"(0, 76000, 76026)","(0, 76000, 76026)","(0, 76000, 76026)",False,True
3231,6390,5,age,0.13671875,True,True,True,False,"(0, 74392, 74491)","(0, 74392, 74491)","(0, 74392, 74491)",False,True
3232,6390,5,age,0.69921875,False,False,False,False,"(0, 74320, 74491)","(0, 74320, 74491)","(0, 74320, 74491)",False,True
3233,6390,5,age,0.82421875,True,True,True,False,"(0, 74320, 74492)","(0, 74320, 74492)","(0, 74320, 74492)",False,True
3234,6391,5,age,0.12109375,True,True,True,False,"(0, 74408, 74297)","(0, 74408, 74297)","(0, 74408, 74297)",False,True
3235,6391,5,age,0.30078125,True,True,True,False,"(0, 74344, 74296)","(0, 74344, 74296)","(0, 74344, 74296)",False,True
3236,6391,5,age,0.92578125,False,False,False,False,"(0, 74288, 74296)","(0, 74288, 74296)","(0, 74288, 74296)",False,True
3237,6396,5,age,0.13671875,True,True,True,False,"(0, 74392, 74299)","(0, 74392, 74299)","(0, 74392, 74299)",False,True
3238,6396,5,age,0.69921875,False,False,False,False,"(0, 74320, 74299)","(0, 74320, 74299)","(0, 74320, 74299)",False,True
3239,6396,5,age,0.82421875,True,True,True,False,"(0, 74320, 74300)","(0, 74320, 74300)","(0, 74320, 74300)",False,True
3240,6398,5,age,0.13671875,True,True,True,False,"(0, 74392, 74363)","(0, 74392, 74363)","(0, 74392, 74363)",False,True
3241,6398,5,age,0.69921875,False,False,False,False,"(0, 74320, 74363)","(0, 74320, 74363)","(0, 74320, 74363)",False,True
3242,6398,5,age,0.82421875,True,True,True,False,"(0, 74320, 74364)","(0, 74320, 74364)","(0, 74320, 74364)",False,True
3243,6400,5,age,0.13671875,True,True,True,False,"(0, 74392, 74427)","(0, 74392, 74427)","(0, 74392, 74427)",False,True
3244,6400,5,age,0.69921875,False,False,False,False,"(0, 74320, 74427)","(0, 74320, 74427)","(0, 74320, 74427)",False,True
3245,6400,5,age,0.82421875,True,True,True,False,"(0, 74320, 74428)","(0, 74320, 74428)","(0, 74320, 74428)",False,True
3246,6402,5,age,0.07421875,True,True,True,False,"(0, 76016, 76025)","(0, 76016, 76025)","(0, 76016, 76025)",False,True
3247,6402,5,age,0.69921875,False,False,False,False,"(0, 76008, 76025)","(0, 76008, 76025)","(0, 76008, 76025)",False,True
3248,6402,5,age,0.76171875,True,True,True,False,"(0, 75944, 76026)","(0, 75944, 76026)","(0, 75944, 76026)",False,True
3249,6404,5,age,0.13671875,True,True,True,False,"(0, 74392, 74491)","(0, 74392, 74491)","(0, 74392, 74491)",False,True
3250,6404,5,age,0.69921875,False,False,False,False,"(0, 74320, 74491)","(0, 74320, 74491)","(0, 74320, 74491)",False,True
3251,6404,5,age,0.82421875,True,True,True,False,"(0, 74320, 74492)","(0, 74320, 74492)","(0, 74320, 74492)",False,True
3252,6406,5,age,0.07421875,True,True,True,False,"(0, 76016, 76025)","(0, 76016, 76025)","(0, 76016, 76025)",False,True
3253,6406,5,age,0.69921875,False,False,False,False,"(0, 76008, 76025)","(0, 76008, 76025)","(0, 76008, 76025)",False,True
3254,6406,5,age,0.97265625,True,True,True,False,"(0, 76000, 76026)","(0, 76000, 76026)","(0, 76000, 76026)",False,True
3255,6408,5,age,0.13671875,True,True,True,False,"(0, 74392, 74491)","(0, 74392, 74491)","(0, 74392, 74491)",False,True
3256,6408,5,age,0.69921875,False,False,False,False,"(0, 74320, 74491)","(0, 74320, 74491)","(0, 74320, 74491)",False,True
3257,6408,5,age,0.82421875,True,True,True,False,"(0, 74320, 74492)","(0, 74320, 74492)","(0, 74320, 74492)",False,True
3258,6409,5,age,0.12109375,True,True,True,False,"(0, 96296, 96185)","(0, 96296, 96185)","(0, 96296, 96185)",False,True
3259,6409,5,age,0.30078125,True,True,True,False,"(0, 96232, 96184)","(0, 96232, 96184)","(0, 96232, 96184)",False,True
3260,6409,5,age,0.92578125,False,False,False,False,"(0, 96176, 96184)","(0, 96176, 96184)","(0, 96176, 96184)",False,True
3261,6414,5,age,0.13671875,True,True,True,False,"(0, 96280, 96187)","(0, 96280, 96187)","(0, 96280, 96187)",False,True
3262,6414,5,age,0.69921875,False,False,False,False,"(0, 96208, 96187)","(0, 96208, 96187)","(0, 96208, 96187)",False,True
3263,6414,5,age,0.82421875,True,True,True,False,"(0, 96208, 96188)","(0, 96208, 96188)","(0, 96208, 96188)",False,True
3264,6416,5,age,0.13671875,True,True,True,False,"(0, 96280, 96251)","(0, 96280, 96251)","(0, 96280, 96251)",False,True
3265,6416,5,age,0.69921875,False,False,False,False,"(0, 96208, 96251)","(0, 96208, 96251)","(0, 96208, 96251)",False,True
3266,6416,5,age,0.82421875,True,True,True,False,"(0, 96208, 96252)","(0, 96208, 96252)","(0, 96208, 96252)",False,True
3267,6418,5,age,0.13671875,True,True,True,False,"(0, 96280, 96315)","(0, 96280, 96315)","(0, 96280, 96315)",False,True
3268,6418,5,age,0.69921875,False,False,False,False,"(0, 96208, 96315)","(0, 96208, 96315)","(0, 96208, 96315)",False,True
3269,6418,5,age,0.82421875,True,True,True,False,"(0, 96208, 96316)","(0, 96208, 96316)","(0, 96208, 96316)",False,True
3270,6420,5,age,0.07421875,True,True,True,False,"(0, 97904, 97913)","(0, 97904, 97913)","(0, 97904, 97913)",False,True
3271,6420,5,age,0.69921875,False,False,False,False,"(0, 97896, 97913)","(0, 97896, 97913)","(0, 97896, 97913)",False,True
3272,6420,5,age,0.76171875,True,True,True,False,"(0, 97832, 97914)","(0, 97832, 97914)","(0, 97832, 97914)",False,True
3273,6422,5,age,0.13671875,True,True,True,False,"(0, 96280, 96379)","(0, 96280, 96379)","(0, 96280, 96379)",False,True
3274,6422,5,age,0.69921875,False,False,False,False,"(0, 96208, 96379)","(0, 96208, 96379)","(0, 96208, 96379)",False,True
3275,6422,5,age,0.82421875,True,True,True,False,"(0, 96208, 96380)","(0, 96208, 96380)","(0, 96208, 96380)",False,True
3276,6424,5,age,0.07421875,True,True,True,False,"(0, 97904, 97913)","(0, 97904, 97913)","(0, 97904, 97913)",False,True
3277,6424,5,age,0.69921875,False,False,False,False,"(0, 97896, 97913)","(0, 97896, 97913)","(0, 97896, 97913)",False,True
3278,6424,5,age,0.97265625,True,True,True,False,"(0, 97888, 97914)","(0, 97888, 97914)","(0, 97888, 97914)",False,True
3279,6426,5,age,0.13671875,True,True,True,False,"(0, 96280, 96379)","(0, 96280, 96379)","(0, 96280, 96379)",False,True
3280,6426,5,age,0.69921875,False,False,False,False,"(0, 96208, 96379)","(0, 96208, 96379)","(0, 96208, 96379)",False,True
3281,6426,5,age,0.82421875,True,True,True,False,"(0, 96208, 96380)","(0, 96208, 96380)","(0, 96208, 96380)",False,True
3282,6427,5,age,0.12109375,True,True,True,False,"(0, 96680, 96569)","(0, 96680, 96569)","(0, 96680, 96569)",False,True
3283,6427,5,age,0.30078125,True,True,True,False,"(0, 96616, 96568)","(0, 96616, 96568)","(0, 96616, 96568)",False,True
3284,6427,5,age,0.92578125,False,False,False,False,"(0, 96560, 96568)","(0, 96560, 96568)","(0, 96560, 96568)",False,True
3285,6432,5,age,0.13671875,True,True,True,False,"(0, 96664, 96571)","(0, 96664, 96571)","(0, 96664, 96571)",False,True
3286,6432,5,age,0.69921875,False,False,False,False,"(0, 96592, 96571)","(0, 96592, 96571)","(0, 96592, 96571)",False,True
3287,6432,5,age,0.82421875,True,True,True,False,"(0, 96592, 96572)","(0, 96592, 96572)","(0, 96592, 96572)",False,True
3288,6434,5,age,0.13671875,True,True,True,False,"(0, 96664, 96635)","(0, 96664, 96635)","(0, 96664, 96635)",False,True
3289,6434,5,age,0.69921875,False,False,False,False,"(0, 96592, 96635)","(0, 96592, 96635)","(0, 96592, 96635)",False,True
3290,6434,5,age,0.82421875,True,True,True,False,"(0, 96592, 96636)","(0, 96592, 96636)","(0, 96592, 96636)",False,True
3291,6436,5,age,0.13671875,True,True,True,False,"(0, 96664, 96699)","(0, 96664, 96699)","(0, 96664, 96699)",False,True
3292,6436,5,age,0.69921875,False,False,False,False,"(0, 96592, 96699)","(0, 96592, 96699)","(0, 96592, 96699)",False,True
3293,6436,5,age,0.82421875,True,True,True,False,"(0, 96592, 96700)","(0, 96592, 96700)","(0, 96592, 96700)",False,True
3294,6438,5,age,0.07421875,True,True,True,False,"(0, 98288, 98297)","(0, 98288, 98297)","(0, 98288, 98297)",False,True
3295,6438,5,age,0.69921875,False,False,False,False,"(0, 98280, 98297)","(0, 98280, 98297)","(0, 98280, 98297)",False,True
3296,6438,5,age,0.76171875,True,True,True,False,"(0, 98216, 98298)","(0, 98216, 98298)","(0, 98216, 98298)",False,True
3297,6440,5,age,0.13671875,True,True,True,False,"(0, 96664, 96763)","(0, 96664, 96763)","(0, 96664, 96763)",False,True
3298,6440,5,age,0.69921875,False,False,False,False,"(0, 96592, 96763)","(0, 96592, 96763)","(0, 96592, 96763)",False,True
3299,6440,5,age,0.82421875,True,True,True,False,"(0, 96592, 96764)","(0, 96592, 96764)","(0, 96592, 96764)",False,True
3300,6442,5,age,0.07421875,True,True,True,False,"(0, 98288, 98297)","(0, 98288, 98297)","(0, 98288, 98297)",False,True
3301,6442,5,age,0.69921875,False,False,False,False,"(0, 98280, 98297)","(0, 98280, 98297)","(0, 98280, 98297)",False,True
3302,6442,5,age,0.97265625,True,True,True,False,"(0, 98272, 98298)","(0, 98272, 98298)","(0, 98272, 98298)",False,True
3303,6444,5,age,0.13671875,True,True,True,False,"(0, 96664, 96763)","(0, 96664, 96763)","(0, 96664, 96763)",False,True
3304,6444,5,age,0.69921875,False,False,False,False,"(0, 96592, 96763)","(0, 96592, 96763)","(0, 96592, 96763)",False,True
3305,6444,5,age,0.82421875,True,True,True,False,"(0, 96592, 96764)","(0, 96592, 96764)","(0, 96592, 96764)",False,True
3306,6445,5,age,0.12109375,True,True,True,False,"(0, 75560, 75449)","(0, 75560, 75449)","(0, 75560, 75449)",False,True
3307,6445,5,age,0.30078125,True,True,True,False,"(0, 75496, 75448)","(0, 75496, 75448)","(0, 75496, 75448)",False,True
3308,6445,5,age,0.92578125,False,False,False,False,"(0, 75440, 75448)","(0, 75440, 75448)","(0, 75440, 75448)",False,True
3309,6450,5,age,0.13671875,True,True,True,False,"(0, 75544, 75451)","(0, 75544, 75451)","(0, 75544, 75451)",False,True
3310,6450,5,age,0.69921875,False,False,False,False,"(0, 75472, 75451)","(0, 75472, 75451)","(0, 75472, 75451)",False,True
3311,6450,5,age,0.82421875,True,True,True,False,"(0, 75472, 75452)","(0, 75472, 75452)","(0, 75472, 75452)",False,True
3312,6452,5,age,0.13671875,True,True,True,False,"(0, 75544, 75515)","(0, 75544, 75515)","(0, 75544, 75515)",False,True
3313,6452,5,age,0.69921875,False,False,False,False,"(0, 75472, 75515)","(0, 75472, 75515)","(0, 75472, 75515)",False,True
3314,6452,5,age,0.82421875,True,True,True,False,"(0, 75472, 75516)","(0, 75472, 75516)","(0, 75472, 75516)",False,True
3315,6454,5,age,0.13671875,True,True,True,False,"(0, 75544, 75579)","(0, 75544, 75579)","(0, 75544, 75579)",False,True
3316,6454,5,age,0.69921875,False,False,False,False,"(0, 75472, 75579)","(0, 75472, 75579)","(0, 75472, 75579)",False,True
3317,6454,5,age,0.82421875,True,True,True,False,"(0, 75472, 75580)","(0, 75472, 75580)","(0, 75472, 75580)",False,True
3318,6456,5,age,0.07421875,True,True,True,False,"(0, 77168, 77177)","(0, 77168, 77177)","(0, 77168, 77177)",False,True
3319,6456,5,age,0.69921875,False,False,False,False,"(0, 77160, 77177)","(0, 77160, 77177)","(0, 77160, 77177)",False,True
3320,6456,5,age,0.76171875,True,True,True,False,"(0, 77096, 77178)","(0, 77096, 77178)","(0, 77096, 77178)",False,True
3321,6458,5,age,0.13671875,True,True,True,False,"(0, 75544, 75643)","(0, 75544, 75643)","(0, 75544, 75643)",False,True
3322,6458,5,age,0.69921875,False,False,False,False,"(0, 75472, 75643)","(0, 75472, 75643)","(0, 75472, 75643)",False,True
3323,6458,5,age,0.82421875,True,True,True,False,"(0, 75472, 75644)","(0, 75472, 75644)","(0, 75472, 75644)",False,True
3324,6460,5,age,0.07421875,True,True,True,False,"(0, 77168, 77177)","(0, 77168, 77177)","(0, 77168, 77177)",False,True
3325,6460,5,age,0.69921875,False,False,False,False,"(0, 77160, 77177)","(0, 77160, 77177)","(0, 77160, 77177)",False,True
3326,6460,5,age,0.97265625,True,True,True,False,"(0, 77152, 77178)","(0, 77152, 77178)","(0, 77152, 77178)",False,True
3327,6462,5,age,0.13671875,True,True,True,False,"(0, 75544, 75643)","(0, 75544, 75643)","(0, 75544, 75643)",False,True
3328,6462,5,age,0.69921875,False,False,False,False,"(0, 75472, 75643)","(0, 75472, 75643)","(0, 75472, 75643)",False,True
3329,6462,5,age,0.82421875,True,True,True,False,"(0, 75472, 75644)","(0, 75472, 75644)","(0, 75472, 75644)",False,True
3330,6463,5,age,0.12109375,True,True,True,False,"(0, 75944, 75833)","(0, 75944, 75833)","(0, 75944, 75833)",False,True
3331,6463,5,age,0.30078125,True,True,True,False,"(0, 75880, 75832)","(0, 75880, 75832)","(0, 75880, 75832)",False,True
3332,6463,5,age,0.92578125,False,False,False,False,"(0, 75824, 75832)","(0, 75824, 75832)","(0, 75824, 75832)",False,True
3333,6468,5,age,0.13671875,True,True,True,False,"(0, 75928, 75835)","(0, 75928, 75835)","(0, 75928, 75835)",False,True
3334,6468,5,age,0.69921875,False,False,False,False,"(0, 75856, 75835)","(0, 75856, 75835)","(0, 75856, 75835)",False,True
3335,6468,5,age,0.82421875,True,True,True,False,"(0, 75856, 75836)","(0, 75856, 75836)","(0, 75856, 75836)",False,True
3336,6470,5,age,0.13671875,True,True,True,False,"(0, 75928, 75899)","(0, 75928, 75899)","(0, 75928, 75899)",False,True
3337,6470,5,age,0.69921875,False,False,False,False,"(0, 75856, 75899)","(0, 75856, 75899)","(0, 75856, 75899)",False,True
3338,6470,5,age,0.82421875,True,True,True,False,"(0, 75856, 75900)","(0, 75856, 75900)","(0, 75856, 75900)",False,True
3339,6472,5,age,0.13671875,True,True,True,False,"(0, 75928, 75963)","(0, 75928, 75963)","(0, 75928, 75963)",False,True
3340,6472,5,age,0.69921875,False,False,False,False,"(0, 75856, 75963)","(0, 75856, 75963)","(0, 75856, 75963)",False,True
3341,6472,5,age,0.82421875,True,True,True,False,"(0, 75856, 75964)","(0, 75856, 75964)","(0, 75856, 75964)",False,True
3342,6474,5,age,0.07421875,True,True,True,False,"(0, 77552, 77561)","(0, 77552, 77561)","(0, 77552, 77561)",False,True
3343,6474,5,age,0.69921875,False,False,False,False,"(0, 77544, 77561)","(0, 77544, 77561)","(0, 77544, 77561)",False,True
3344,6474,5,age,0.76171875,True,True,True,False,"(0, 77480, 77562)","(0, 77480, 77562)","(0, 77480, 77562)",False,True
3345,6476,5,age,0.13671875,True,True,True,False,"(0, 75928, 76027)","(0, 75928, 76027)","(0, 75928, 76027)",False,True
3346,6476,5,age,0.69921875,False,False,False,False,"(0, 75856, 76027)","(0, 75856, 76027)","(0, 75856, 76027)",False,True
3347,6476,5,age,0.82421875,True,True,True,False,"(0, 75856, 76028)","(0, 75856, 76028)","(0, 75856, 76028)",False,True
3348,6478,5,age,0.07421875,True,True,True,False,"(0, 77552, 77561)","(0, 77552, 77561)","(0, 77552, 77561)",False,True
3349,6478,5,age,0.69921875,False,False,False,False,"(0, 77544, 77561)","(0, 77544, 77561)","(0, 77544, 77561)",False,True
3350,6478,5,age,0.97265625,True,True,True,False,"(0, 77536, 77562)","(0, 77536, 77562)","(0, 77536, 77562)",False,True
3351,6480,5,age,0.13671875,True,True,True,False,"(0, 75928, 76027)","(0, 75928, 76027)","(0, 75928, 76027)",False,True
3352,6480,5,age,0.69921875,False,False,False,False,"(0, 75856, 76027)","(0, 75856, 76027)","(0, 75856, 76027)",False,True
3353,6480,5,age,0.82421875,True,True,True,False,"(0, 75856, 76028)","(0, 75856, 76028)","(0, 75856, 76028)",False,True
3354,6481,5,age,0.12109375,True,True,True,False,"(0, 75944, 75833)","(0, 75944, 75833)","(0, 75944, 75833)",False,True
3355,6481,5,age,0.30078125,True,True,True,False,"(0, 75880, 75832)","(0, 75880, 75832)","(0, 75880, 75832)",False,True
3356,6481,5,age,0.92578125,False,False,False,False,"(0, 75824, 75832)","(0, 75824, 75832)","(0, 75824, 75832)",False,True
3357,6486,5,age,0.13671875,True,True,True,False,"(0, 75928, 75835)","(0, 75928, 75835)","(0, 75928, 75835)",False,True
3358,6486,5,age,0.69921875,False,False,False,False,"(0, 75856, 75835)","(0, 75856, 75835)","(0, 75856, 75835)",False,True
3359,6486,5,age,0.82421875,True,True,True,False,"(0, 75856, 75836)","(0, 75856, 75836)","(0, 75856, 75836)",False,True
3360,6488,5,age,0.13671875,True,True,True,False,"(0, 75928, 75899)","(0, 75928, 75899)","(0, 75928, 75899)",False,True
3361,6488,5,age,0.69921875,False,False,False,False,"(0, 75856, 75899)","(0, 75856, 75899)","(0, 75856, 75899)",False,True
3362,6488,5,age,0.82421875,True,True,True,False,"(0, 75856, 75900)","(0, 75856, 75900)","(0, 75856, 75900)",False,True
3363,6490,5,age,0.13671875,True,True,True,False,"(0, 75928, 75963)","(0, 75928, 75963)","(0, 75928, 75963)",False,True
3364,6490,5,age,0.69921875,False,False,False,False,"(0, 75856, 75963)","(0, 75856, 75963)","(0, 75856, 75963)",False,True
3365,6490,5,age,0.82421875,True,True,True,False,"(0, 75856, 75964)","(0, 75856, 75964)","(0, 75856, 75964)",False,True
3366,6492,5,age,0.07421875,True,True,True,False,"(0, 77552, 77561)","(0, 77552, 77561)","(0, 77552, 77561)",False,True
3367,6492,5,age,0.69921875,False,False,False,False,"(0, 77544, 77561)","(0, 77544, 77561)","(0, 77544, 77561)",False,True
3368,6492,5,age,0.76171875,True,True,True,False,"(0, 77480, 77562)","(0, 77480, 77562)","(0, 77480, 77562)",False,True
3369,6494,5,age,0.13671875,True,True,True,False,"(0, 75928, 76027)","(0, 75928, 76027)","(0, 75928, 76027)",False,True
3370,6494,5,age,0.69921875,False,False,False,False,"(0, 75856, 76027)","(0, 75856, 76027)","(0, 75856, 76027)",False,True
3371,6494,5,age,0.82421875,True,True,True,False,"(0, 75856, 76028)","(0, 75856, 76028)","(0, 75856, 76028)",False,True
3372,6496,5,age,0.07421875,True,True,True,False,"(0, 77552, 77561)","(0, 77552, 77561)","(0, 77552, 77561)",False,True
3373,6496,5,age,0.69921875,False,False,False,False,"(0, 77544, 77561)","(0, 77544, 77561)","(0, 77544, 77561)",False,True
3374,6496,5,age,0.97265625,True,True,True,False,"(0, 77536, 77562)","(0, 77536, 77562)","(0, 77536, 77562)",False,True
3375,6498,5,age,0.13671875,True,True,True,False,"(0, 75928, 76027)","(0, 75928, 76027)","(0, 75928, 76027)",False,True
3376,6498,5,age,0.69921875,False,False,False,False,"(0, 75856, 76027)","(0, 75856, 76027)","(0, 75856, 76027)",False,True
3377,6498,5,age,0.82421875,True,True,True,False,"(0, 75856, 76028)","(0, 75856, 76028)","(0, 75856, 76028)",False,True
3378,6499,5,age,0.12109375,True,True,True,False,"(0, 97832, 97721)","(0, 97832, 97721)","(0, 97832, 97721)",False,True
3379,6499,5,age,0.30078125,True,True,True,False,"(0, 97768, 97720)","(0, 97768, 97720)","(0, 97768, 97720)",False,True
3380,6499,5,age,0.92578125,False,False,False,False,"(0, 97712, 97720)","(0, 97712, 97720)","(0, 97712, 97720)",False,True
3381,6504,5,age,0.13671875,True,True,True,False,"(0, 97816, 97723)","(0, 97816, 97723)","(0, 97816, 97723)",False,True
3382,6504,5,age,0.69921875,False,False,False,False,"(0, 97744, 97723)","(0, 97744, 97723)","(0, 97744, 97723)",False,True
3383,6504,5,age,0.82421875,True,True,True,False,"(0, 97744, 97724)","(0, 97744, 97724)","(0, 97744, 97724)",False,True
3384,6506,5,age,0.13671875,True,True,True,False,"(0, 97816, 97787)","(0, 97816, 97787)","(0, 97816, 97787)",False,True
3385,6506,5,age,0.69921875,False,False,False,False,"(0, 97744, 97787)","(0, 97744, 97787)","(0, 97744, 97787)",False,True
3386,6506,5,age,0.82421875,True,True,True,False,"(0, 97744, 97788)","(0, 97744, 97788)","(0, 97744, 97788)",False,True
3387,6508,5,age,0.13671875,True,True,True,False,"(0, 97816, 97851)","(0, 97816, 97851)","(0, 97816, 97851)",False,True
3388,6508,5,age,0.69921875,False,False,False,False,"(0, 97744, 97851)","(0, 97744, 97851)","(0, 97744, 97851)",False,True
3389,6508,5,age,0.82421875,True,True,True,False,"(0, 97744, 97852)","(0, 97744, 97852)","(0, 97744, 97852)",False,True
3390,6510,5,age,0.07421875,True,True,True,False,"(0, 99440, 99449)","(0, 99440, 99449)","(0, 99440, 99449)",False,True
3391,6510,5,age,0.69921875,False,False,False,False,"(0, 99432, 99449)","(0, 99432, 99449)","(0, 99432, 99449)",False,True
3392,6510,5,age,0.76171875,True,True,True,False,"(0, 99368, 99450)","(0, 99368, 99450)","(0, 99368, 99450)",False,True
3393,6512,5,age,0.13671875,True,True,True,False,"(0, 97816, 97915)","(0, 97816, 97915)","(0, 97816, 97915)",False,True
3394,6512,5,age,0.69921875,False,False,False,False,"(0, 97744, 97915)","(0, 97744, 97915)","(0, 97744, 97915)",False,True
3395,6512,5,age,0.82421875,True,True,True,False,"(0, 97744, 97916)","(0, 97744, 97916)","(0, 97744, 97916)",False,True
3396,6514,5,age,0.07421875,True,True,True,False,"(0, 99440, 99449)","(0, 99440, 99449)","(0, 99440, 99449)",False,True
3397,6514,5,age,0.69921875,False,False,False,False,"(0, 99432, 99449)","(0, 99432, 99449)","(0, 99432, 99449)",False,True
3398,6514,5,age,0.97265625,True,True,True,False,"(0, 99424, 99450)","(0, 99424, 99450)","(0, 99424, 99450)",False,True
3399,6516,5,age,0.13671875,True,True,True,False,"(0, 97816, 97915)","(0, 97816, 97915)","(0, 97816, 97915)",False,True
3400,6516,5,age,0.69921875,False,False,False,False,"(0, 97744, 97915)","(0, 97744, 97915)","(0, 97744, 97915)",False,True
3401,6516,5,age,0.82421875,True,True,True,False,"(0, 97744, 97916)","(0, 97744, 97916)","(0, 97744, 97916)",False,True
3402,6517,5,age,0.12109375,True,True,True,False,"(0, 98216, 98105)","(0, 98216, 98105)","(0, 98216, 98105)",False,True
3403,6517,5,age,0.30078125,True,True,True,False,"(0, 98152, 98104)","(0, 98152, 98104)","(0, 98152, 98104)",False,True
3404,6517,5,age,0.92578125,False,False,False,False,"(0, 98096, 98104)","(0, 98096, 98104)","(0, 98096, 98104)",False,True
3405,6522,5,age,0.13671875,True,True,True,False,"(0, 98200, 98107)","(0, 98200, 98107)","(0, 98200, 98107)",False,True
3406,6522,5,age,0.69921875,False,False,False,False,"(0, 98128, 98107)","(0, 98128, 98107)","(0, 98128, 98107)",False,True
3407,6522,5,age,0.82421875,True,True,True,False,"(0, 98128, 98108)","(0, 98128, 98108)","(0, 98128, 98108)",False,True
3408,6524,5,age,0.13671875,True,True,True,False,"(0, 98200, 98171)","(0, 98200, 98171)","(0, 98200, 98171)",False,True
3409,6524,5,age,0.69921875,False,False,False,False,"(0, 98128, 98171)","(0, 98128, 98171)","(0, 98128, 98171)",False,True
3410,6524,5,age,0.82421875,True,True,True,False,"(0, 98128, 98172)","(0, 98128, 98172)","(0, 98128, 98172)",False,True
3411,6526,5,age,0.13671875,True,True,True,False,"(0, 98200, 98235)","(0, 98200, 98235)","(0, 98200, 98235)",False,True
3412,6526,5,age,0.69921875,False,False,False,False,"(0, 98128, 98235)","(0, 98128, 98235)","(0, 98128, 98235)",False,True
3413,6526,5,age,0.82421875,True,True,True,False,"(0, 98128, 98236)","(0, 98128, 98236)","(0, 98128, 98236)",False,True
3414,6528,5,age,0.07421875,True,True,True,False,"(0, 99824, 99833)","(0, 99824, 99833)","(0, 99824, 99833)",False,True
3415,6528,5,age,0.69921875,False,False,False,False,"(0, 99816, 99833)","(0, 99816, 99833)","(0, 99816, 99833)",False,True
3416,6528,5,age,0.76171875,True,True,True,False,"(0, 99752, 99834)","(0, 99752, 99834)","(0, 99752, 99834)",False,True
3417,6530,5,age,0.13671875,True,True,True,False,"(0, 98200, 98299)","(0, 98200, 98299)","(0, 98200, 98299)",False,True
3418,6530,5,age,0.69921875,False,False,False,False,"(0, 98128, 98299)","(0, 98128, 98299)","(0, 98128, 98299)",False,True
3419,6530,5,age,0.82421875,True,True,True,False,"(0, 98128, 98300)","(0, 98128, 98300)","(0, 98128, 98300)",False,True
3420,6532,5,age,0.07421875,True,True,True,False,"(0, 99824, 99833)","(0, 99824, 99833)","(0, 99824, 99833)",False,True
3421,6532,5,age,0.69921875,False,False,False,False,"(0, 99816, 99833)","(0, 99816, 99833)","(0, 99816, 99833)",False,True
3422,6532,5,age,0.97265625,True,True,True,False,"(0, 99808, 99834)","(0, 99808, 99834)","(0, 99808, 99834)",False,True
3423,6534,5,age,0.13671875,True,True,True,False,"(0, 98200, 98299)","(0, 98200, 98299)","(0, 98200, 98299)",False,True
3424,6534,5,age,0.69921875,False,False,False,False,"(0, 98128, 98299)","(0, 98128, 98299)","(0, 98128, 98299)",False,True
3425,6534,5,age,0.82421875,True,True,True,False,"(0, 98128, 98300)","(0, 98128, 98300)","(0, 98128, 98300)",False,True
3426,6535,5,age,0.12109375,True,True,True,False,"(0, 77096, 76985)","(0, 77096, 76985)","(0, 77096, 76985)",False,True
3427,6535,5,age,0.30078125,True,True,True,False,"(0, 77032, 76984)","(0, 77032, 76984)","(0, 77032, 76984)",False,True
3428,6535,5,age,0.92578125,False,False,False,False,"(0, 76976, 76984)","(0, 76976, 76984)","(0, 76976, 76984)",False,True
3429,6540,5,age,0.13671875,True,True,True,False,"(0, 77080, 76987)","(0, 77080, 76987)","(0, 77080, 76987)",False,True
3430,6540,5,age,0.69921875,False,False,False,False,"(0, 77008, 76987)","(0, 77008, 76987)","(0, 77008, 76987)",False,True
3431,6540,5,age,0.82421875,True,True,True,False,"(0, 77008, 76988)","(0, 77008, 76988)","(0, 77008, 76988)",False,True
3432,6542,5,age,0.13671875,True,True,True,False,"(0, 77080, 77051)","(0, 77080, 77051)","(0, 77080, 77051)",False,True
3433,6542,5,age,0.69921875,False,False,False,False,"(0, 77008, 77051)","(0, 77008, 77051)","(0, 77008, 77051)",False,True
3434,6542,5,age,0.82421875,True,True,True,False,"(0, 77008, 77052)","(0, 77008, 77052)","(0, 77008, 77052)",False,True
3435,6544,5,age,0.13671875,True,True,True,False,"(0, 77080, 77115)","(0, 77080, 77115)","(0, 77080, 77115)",False,True
3436,6544,5,age,0.69921875,False,False,False,False,"(0, 77008, 77115)","(0, 77008, 77115)","(0, 77008, 77115)",False,True
3437,6544,5,age,0.82421875,True,True,True,False,"(0, 77008, 77116)","(0, 77008, 77116)","(0, 77008, 77116)",False,True
3438,6546,5,age,0.07421875,True,True,True,False,"(0, 78704, 78713)","(0, 78704, 78713)","(0, 78704, 78713)",False,True
3439,6546,5,age,0.69921875,False,False,False,False,"(0, 78696, 78713)","(0, 78696, 78713)","(0, 78696, 78713)",False,True
3440,6546,5,age,0.76171875,True,True,True,False,"(0, 78632, 78714)","(0, 78632, 78714)","(0, 78632, 78714)",False,True
3441,6548,5,age,0.13671875,True,True,True,False,"(0, 77080, 77179)","(0, 77080, 77179)","(0, 77080, 77179)",False,True
3442,6548,5,age,0.69921875,False,False,False,False,"(0, 77008, 77179)","(0, 77008, 77179)","(0, 77008, 77179)",False,True
3443,6548,5,age,0.82421875,True,True,True,False,"(0, 77008, 77180)","(0, 77008, 77180)","(0, 77008, 77180)",False,True
3444,6550,5,age,0.07421875,True,True,True,False,"(0, 78704, 78713)","(0, 78704, 78713)","(0, 78704, 78713)",False,True
3445,6550,5,age,0.69921875,False,False,False,False,"(0, 78696, 78713)","(0, 78696, 78713)","(0, 78696, 78713)",False,True
3446,6550,5,age,0.97265625,True,True,True,False,"(0, 78688, 78714)","(0, 78688, 78714)","(0, 78688, 78714)",False,True
3447,6552,5,age,0.13671875,True,True,True,False,"(0, 77080, 77179)","(0, 77080, 77179)","(0, 77080, 77179)",False,True
3448,6552,5,age,0.69921875,False,False,False,False,"(0, 77008, 77179)","(0, 77008, 77179)","(0, 77008, 77179)",False,True
3449,6552,5,age,0.82421875,True,True,True,False,"(0, 77008, 77180)","(0, 77008, 77180)","(0, 77008, 77180)",False,True
3450,6553,5,age,0.12109375,True,True,True,False,"(0, 77480, 77369)","(0, 77480, 77369)","(0, 77480, 77369)",False,True
3451,6553,5,age,0.30078125,True,True,True,False,"(0, 77416, 77368)","(0, 77416, 77368)","(0, 77416, 77368)",False,True
3452,6553,5,age,0.92578125,False,False,False,False,"(0, 77360, 77368)","(0, 77360, 77368)","(0, 77360, 77368)",False,True
3453,6558,5,age,0.13671875,True,True,True,False,"(0, 77464, 77371)","(0, 77464, 77371)","(0, 77464, 77371)",False,True
3454,6558,5,age,0.69921875,False,False,False,False,"(0, 77392, 77371)","(0, 77392, 77371)","(0, 77392, 77371)",False,True
3455,6558,5,age,0.82421875,True,True,True,False,"(0, 77392, 77372)","(0, 77392, 77372)","(0, 77392, 77372)",False,True
3456,6560,5,age,0.13671875,True,True,True,False,"(0, 77464, 77435)","(0, 77464, 77435)","(0, 77464, 77435)",False,True
3457,6560,5,age,0.69921875,False,False,False,False,"(0, 77392, 77435)","(0, 77392, 77435)","(0, 77392, 77435)",False,True
3458,6560,5,age,0.82421875,True,True,True,False,"(0, 77392, 77436)","(0, 77392, 77436)","(0, 77392, 77436)",False,True
3459,6562,5,age,0.13671875,True,True,True,False,"(0, 77464, 77499)","(0, 77464, 77499)","(0, 77464, 77499)",False,True
3460,6562,5,age,0.69921875,False,False,False,False,"(0, 77392, 77499)","(0, 77392, 77499)","(0, 77392, 77499)",False,True
3461,6562,5,age,0.82421875,True,True,True,False,"(0, 77392, 77500)","(0, 77392, 77500)","(0, 77392, 77500)",False,True
3462,6564,5,age,0.07421875,True,True,True,False,"(0, 79088, 79097)","(0, 79088, 79097)","(0, 79088, 79097)",False,True
3463,6564,5,age,0.69921875,False,False,False,False,"(0, 79080, 79097)","(0, 79080, 79097)","(0, 79080, 79097)",False,True
3464,6564,5,age,0.76171875,True,True,True,False,"(0, 79016, 79098)","(0, 79016, 79098)","(0, 79016, 79098)",False,True
3465,6566,5,age,0.13671875,True,True,True,False,"(0, 77464, 77563)","(0, 77464, 77563)","(0, 77464, 77563)",False,True
3466,6566,5,age,0.69921875,False,False,False,False,"(0, 77392, 77563)","(0, 77392, 77563)","(0, 77392, 77563)",False,True
3467,6566,5,age,0.82421875,True,True,True,False,"(0, 77392, 77564)","(0, 77392, 77564)","(0, 77392, 77564)",False,True
3468,6568,5,age,0.07421875,True,True,True,False,"(0, 79088, 79097)","(0, 79088, 79097)","(0, 79088, 79097)",False,True
3469,6568,5,age,0.69921875,False,False,False,False,"(0, 79080, 79097)","(0, 79080, 79097)","(0, 79080, 79097)",False,True
3470,6568,5,age,0.97265625,True,True,True,False,"(0, 79072, 79098)","(0, 79072, 79098)","(0, 79072, 79098)",False,True
3471,6570,5,age,0.13671875,True,True,True,False,"(0, 77464, 77563)","(0, 77464, 77563)","(0, 77464, 77563)",False,True
3472,6570,5,age,0.69921875,False,False,False,False,"(0, 77392, 77563)","(0, 77392, 77563)","(0, 77392, 77563)",False,True
3473,6570,5,age,0.82421875,True,True,True,False,"(0, 77392, 77564)","(0, 77392, 77564)","(0, 77392, 77564)",False,True
3474,6571,5,age,0.12109375,True,True,True,False,"(0, 77480, 77369)","(0, 77480, 77369)","(0, 77480, 77369)",False,True
3475,6571,5,age,0.30078125,True,True,True,False,"(0, 77416, 77368)","(0, 77416, 77368)","(0, 77416, 77368)",False,True
3476,6571,5,age,0.92578125,False,False,False,False,"(0, 77360, 77368)","(0, 77360, 77368)","(0, 77360, 77368)",False,True
3477,6576,5,age,0.13671875,True,True,True,False,"(0, 77464, 77371)","(0, 77464, 77371)","(0, 77464, 77371)",False,True
3478,6576,5,age,0.69921875,False,False,False,False,"(0, 77392, 77371)","(0, 77392, 77371)","(0, 77392, 77371)",False,True
3479,6576,5,age,0.82421875,True,True,True,False,"(0, 77392, 77372)","(0, 77392, 77372)","(0, 77392, 77372)",False,True
3480,6578,5,age,0.13671875,True,True,True,False,"(0, 77464, 77435)","(0, 77464, 77435)","(0, 77464, 77435)",False,True
3481,6578,5,age,0.69921875,False,False,False,False,"(0, 77392, 77435)","(0, 77392, 77435)","(0, 77392, 77435)",False,True
3482,6578,5,age,0.82421875,True,True,True,False,"(0, 77392, 77436)","(0, 77392, 77436)","(0, 77392, 77436)",False,True
3483,6580,5,age,0.13671875,True,True,True,False,"(0, 77464, 77499)","(0, 77464, 77499)","(0, 77464, 77499)",False,True
3484,6580,5,age,0.69921875,False,False,False,False,"(0, 77392, 77499)","(0, 77392, 77499)","(0, 77392, 77499)",False,True
3485,6580,5,age,0.82421875,True,True,True,False,"(0, 77392, 77500)","(0, 77392, 77500)","(0, 77392, 77500)",False,True
3486,6582,5,age,0.07421875,True,True,True,False,"(0, 79088, 79097)","(0, 79088, 79097)","(0, 79088, 79097)",False,True
3487,6582,5,age,0.69921875,False,False,False,False,"(0, 79080, 79097)","(0, 79080, 79097)","(0, 79080, 79097)",False,True
3488,6582,5,age,0.76171875,True,True,True,False,"(0, 79016, 79098)","(0, 79016, 79098)","(0, 79016, 79098)",False,True
3489,6584,5,age,0.13671875,True,True,True,False,"(0, 77464, 77563)","(0, 77464, 77563)","(0, 77464, 77563)",False,True
3490,6584,5,age,0.69921875,False,False,False,False,"(0, 77392, 77563)","(0, 77392, 77563)","(0, 77392, 77563)",False,True
3491,6584,5,age,0.82421875,True,True,True,False,"(0, 77392, 77564)","(0, 77392, 77564)","(0, 77392, 77564)",False,True
3492,6586,5,age,0.07421875,True,True,True,False,"(0, 79088, 79097)","(0, 79088, 79097)","(0, 79088, 79097)",False,True
3493,6586,5,age,0.69921875,False,False,False,False,"(0, 79080, 79097)","(0, 79080, 79097)","(0, 79080, 79097)",False,True
3494,6586,5,age,0.97265625,True,True,True,False,"(0, 79072, 79098)","(0, 79072, 79098)","(0, 79072, 79098)",False,True
3495,6588,5,age,0.13671875,True,True,True,False,"(0, 77464, 77563)","(0, 77464, 77563)","(0, 77464, 77563)",False,True
3496,6588,5,age,0.69921875,False,False,False,False,"(0, 77392, 77563)","(0, 77392, 77563)","(0, 77392, 77563)",False,True
3497,6588,5,age,0.82421875,True,True,True,False,"(0, 77392, 77564)","(0, 77392, 77564)","(0, 77392, 77564)",False,True
3498,6589,5,age,0.12109375,True,True,True,False,"(0, 99368, 99257)","(0, 99368, 99257)","(0, 99368, 99257)",False,True
3499,6589,5,age,0.30078125,True,True,True,False,"(0, 99304, 99256)","(0, 99304, 99256)","(0, 99304, 99256)",False,True
3500,6589,5,age,0.92578125,False,False,False,False,"(0, 99248, 99256)","(0, 99248, 99256)","(0, 99248, 99256)",False,True
3501,6594,5,age,0.13671875,True,True,True,False,"(0, 99352, 99259)","(0, 99352, 99259)","(0, 99352, 99259)",False,True
3502,6594,5,age,0.69921875,False,False,False,False,"(0, 99280, 99259)","(0, 99280, 99259)","(0, 99280, 99259)",False,True
3503,6594,5,age,0.82421875,True,True,True,False,"(0, 99280, 99260)","(0, 99280, 99260)","(0, 99280, 99260)",False,True
3504,6596,5,age,0.13671875,True,True,True,False,"(0, 99352, 99323)","(0, 99352, 99323)","(0, 99352, 99323)",False,True
3505,6596,5,age,0.69921875,False,False,False,False,"(0, 99280, 99323)","(0, 99280, 99323)","(0, 99280, 99323)",False,True
3506,6596,5,age,0.82421875,True,True,True,False,"(0, 99280, 99324)","(0, 99280, 99324)","(0, 99280, 99324)",False,True
3507,6598,5,age,0.13671875,True,True,True,False,"(0, 99352, 99387)","(0, 99352, 99387)","(0, 99352, 99387)",False,True
3508,6598,5,age,0.69921875,False,False,False,False,"(0, 99280, 99387)","(0, 99280, 99387)","(0, 99280, 99387)",False,True
3509,6598,5,age,0.82421875,True,True,True,False,"(0, 99280, 99388)","(0, 99280, 99388)","(0, 99280, 99388)",False,True
3510,6600,5,age,0.07421875,True,True,True,False,"(0, 100976, 100985)","(0, 100976, 100985)","(0, 100976, 100985)",False,True
3511,6600,5,age,0.69921875,False,False,False,False,"(0, 100968, 100985)","(0, 100968, 100985)","(0, 100968, 100985)",False,True
3512,6600,5,age,0.76171875,True,True,True,False,"(0, 100904, 100986)","(0, 100904, 100986)","(0, 100904, 100986)",False,True
3513,6602,5,age,0.13671875,True,True,True,False,"(0, 99352, 99451)","(0, 99352, 99451)","(0, 99352, 99451)",False,True
3514,6602,5,age,0.69921875,False,False,False,False,"(0, 99280, 99451)","(0, 99280, 99451)","(0, 99280, 99451)",False,True
3515,6602,5,age,0.82421875,True,True,True,False,"(0, 99280, 99452)","(0, 99280, 99452)","(0, 99280, 99452)",False,True
3516,6604,5,age,0.07421875,True,True,True,False,"(0, 100976, 100985)","(0, 100976, 100985)","(0, 100976, 100985)",False,True
3517,6604,5,age,0.69921875,False,False,False,False,"(0, 100968, 100985)","(0, 100968, 100985)","(0, 100968, 100985)",False,True
3518,6604,5,age,0.97265625,True,True,True,False,"(0, 100960, 100986)","(0, 100960, 100986)","(0, 100960, 100986)",False,True
3519,6606,5,age,0.13671875,True,True,True,False,"(0, 99352, 99451)","(0, 99352, 99451)","(0, 99352, 99451)",False,True
3520,6606,5,age,0.69921875,False,False,False,False,"(0, 99280, 99451)","(0, 99280, 99451)","(0, 99280, 99451)",False,True
3521,6606,5,age,0.82421875,True,True,True,False,"(0, 99280, 99452)","(0, 99280, 99452)","(0, 99280, 99452)",False,True
3522,6607,5,age,0.12109375,True,True,True,False,"(0, 99752, 99641)","(0, 99752, 99641)","(0, 99752, 99641)",False,True
3523,6607,5,age,0.30078125,True,True,True,False,"(0, 99688, 99640)","(0, 99688, 99640)","(0, 99688, 99640)",False,True
3524,6607,5,age,0.92578125,False,False,False,False,"(0, 99632, 99640)","(0, 99632, 99640)","(0, 99632, 99640)",False,True
3525,6612,5,age,0.13671875,True,True,True,False,"(0, 99736, 99643)","(0, 99736, 99643)","(0, 99736, 99643)",False,True
3526,6612,5,age,0.69921875,False,False,False,False,"(0, 99664, 99643)","(0, 99664, 99643)","(0, 99664, 99643)",False,True
3527,6612,5,age,0.82421875,True,True,True,False,"(0, 99664, 99644)","(0, 99664, 99644)","(0, 99664, 99644)",False,True
3528,6614,5,age,0.13671875,True,True,True,False,"(0, 99736, 99707)","(0, 99736, 99707)","(0, 99736, 99707)",False,True
3529,6614,5,age,0.69921875,False,False,False,False,"(0, 99664, 99707)","(0, 99664, 99707)","(0, 99664, 99707)",False,True
3530,6614,5,age,0.82421875,True,True,True,False,"(0, 99664, 99708)","(0, 99664, 99708)","(0, 99664, 99708)",False,True
3531,6616,5,age,0.13671875,True,True,True,False,"(0, 99736, 99771)","(0, 99736, 99771)","(0, 99736, 99771)",False,True
3532,6616,5,age,0.69921875,False,False,False,False,"(0, 99664, 99771)","(0, 99664, 99771)","(0, 99664, 99771)",False,True
3533,6616,5,age,0.82421875,True,True,True,False,"(0, 99664, 99772)","(0, 99664, 99772)","(0, 99664, 99772)",False,True
3534,6618,5,age,0.07421875,True,True,True,False,"(0, 101360, 101369)","(0, 101360, 101369)","(0, 101360, 101369)",False,True
3535,6618,5,age,0.69921875,False,False,False,False,"(0, 101352, 101369)","(0, 101352, 101369)","(0, 101352, 101369)",False,True
3536,6618,5,age,0.76171875,True,True,True,False,"(0, 101288, 101370)","(0, 101288, 101370)","(0, 101288, 101370)",False,True
3537,6620,5,age,0.13671875,True,True,True,False,"(0, 99736, 99835)","(0, 99736, 99835)","(0, 99736, 99835)",False,True
3538,6620,5,age,0.69921875,False,False,False,False,"(0, 99664, 99835)","(0, 99664, 99835)","(0, 99664, 99835)",False,True
3539,6620,5,age,0.82421875,True,True,True,False,"(0, 99664, 99836)","(0, 99664, 99836)","(0, 99664, 99836)",False,True
3540,6622,5,age,0.07421875,True,True,True,False,"(0, 101360, 101369)","(0, 101360, 101369)","(0, 101360, 101369)",False,True
3541,6622,5,age,0.69921875,False,False,False,False,"(0, 101352, 101369)","(0, 101352, 101369)","(0, 101352, 101369)",False,True
3542,6622,5,age,0.97265625,True,True,True,False,"(0, 101344, 101370)","(0, 101344, 101370)","(0, 101344, 101370)",False,True
3543,6624,5,age,0.13671875,True,True,True,False,"(0, 99736, 99835)","(0, 99736, 99835)","(0, 99736, 99835)",False,True
3544,6624,5,age,0.69921875,False,False,False,False,"(0, 99664, 99835)","(0, 99664, 99835)","(0, 99664, 99835)",False,True
3545,6624,5,age,0.82421875,True,True,True,False,"(0, 99664, 99836)","(0, 99664, 99836)","(0, 99664, 99836)",False,True
3546,6625,5,age,0.12109375,True,True,True,False,"(0, 78632, 78521)","(0, 78632, 78521)","(0, 78632, 78521)",False,True
3547,6625,5,age,0.30078125,True,True,True,False,"(0, 78568, 78520)","(0, 78568, 78520)","(0, 78568, 78520)",False,True
3548,6625,5,age,0.92578125,False,False,False,False,"(0, 78512, 78520)","(0, 78512, 78520)","(0, 78512, 78520)",False,True
3549,6630,5,age,0.13671875,True,True,True,False,"(0, 78616, 78523)","(0, 78616, 78523)","(0, 78616, 78523)",False,True
3550,6630,5,age,0.69921875,False,False,False,False,"(0, 78544, 78523)","(0, 78544, 78523)","(0, 78544, 78523)",False,True
3551,6630,5,age,0.82421875,True,True,True,False,"(0, 78544, 78524)","(0, 78544, 78524)","(0, 78544, 78524)",False,True
3552,6632,5,age,0.13671875,True,True,True,False,"(0, 78616, 78587)","(0, 78616, 78587)","(0, 78616, 78587)",False,True
3553,6632,5,age,0.69921875,False,False,False,False,"(0, 78544, 78587)","(0, 78544, 78587)","(0, 78544, 78587)",False,True
3554,6632,5,age,0.82421875,True,True,True,False,"(0, 78544, 78588)","(0, 78544, 78588)","(0, 78544, 78588)",False,True
3555,6634,5,age,0.13671875,True,True,True,False,"(0, 78616, 78651)","(0, 78616, 78651)","(0, 78616, 78651)",False,True
3556,6634,5,age,0.69921875,False,False,False,False,"(0, 78544, 78651)","(0, 78544, 78651)","(0, 78544, 78651)",False,True
3557,6634,5,age,0.82421875,True,True,True,False,"(0, 78544, 78652)","(0, 78544, 78652)","(0, 78544, 78652)",False,True
3558,6636,5,age,0.07421875,True,True,True,False,"(0, 80240, 80249)","(0, 80240, 80249)","(0, 80240, 80249)",False,True
3559,6636,5,age,0.69921875,False,False,False,False,"(0, 80232, 80249)","(0, 80232, 80249)","(0, 80232, 80249)",False,True
3560,6636,5,age,0.76171875,True,True,True,False,"(0, 80168, 80250)","(0, 80168, 80250)","(0, 80168, 80250)",False,True
3561,6638,5,age,0.13671875,True,True,True,False,"(0, 78616, 78715)","(0, 78616, 78715)","(0, 78616, 78715)",False,True
3562,6638,5,age,0.69921875,False,False,False,False,"(0, 78544, 78715)","(0, 78544, 78715)","(0, 78544, 78715)",False,True
3563,6638,5,age,0.82421875,True,True,True,False,"(0, 78544, 78716)","(0, 78544, 78716)","(0, 78544, 78716)",False,True
3564,6640,5,age,0.07421875,True,True,True,False,"(0, 80240, 80249)","(0, 80240, 80249)","(0, 80240, 80249)",False,True
3565,6640,5,age,0.69921875,False,False,False,False,"(0, 80232, 80249)","(0, 80232, 80249)","(0, 80232, 80249)",False,True
3566,6640,5,age,0.97265625,True,True,True,False,"(0, 80224, 80250)","(0, 80224, 80250)","(0, 80224, 80250)",False,True
3567,6642,5,age,0.13671875,True,True,True,False,"(0, 78616, 78715)","(0, 78616, 78715)","(0, 78616, 78715)",False,True
3568,6642,5,age,0.69921875,False,False,False,False,"(0, 78544, 78715)","(0, 78544, 78715)","(0, 78544, 78715)",False,True
3569,6642,5,age,0.82421875,True,True,True,False,"(0, 78544, 78716)","(0, 78544, 78716)","(0, 78544, 78716)",False,True
3570,6643,5,age,0.12109375,True,True,True,False,"(0, 79016, 78905)","(0, 79016, 78905)","(0, 79016, 78905)",False,True
3571,6643,5,age,0.30078125,True,True,True,False,"(0, 78952, 78904)","(0, 78952, 78904)","(0, 78952, 78904)",False,True
3572,6643,5,age,0.92578125,False,False,False,False,"(0, 78896, 78904)","(0, 78896, 78904)","(0, 78896, 78904)",False,True
3573,6648,5,age,0.13671875,True,True,True,False,"(0, 79000, 78907)","(0, 79000, 78907)","(0, 79000, 78907)",False,True
3574,6648,5,age,0.69921875,False,False,False,False,"(0, 78928, 78907)","(0, 78928, 78907)","(0, 78928, 78907)",False,True
3575,6648,5,age,0.82421875,True,True,True,False,"(0, 78928, 78908)","(0, 78928, 78908)","(0, 78928, 78908)",False,True
3576,6650,5,age,0.13671875,True,True,True,False,"(0, 79000, 78971)","(0, 79000, 78971)","(0, 79000, 78971)",False,True
3577,6650,5,age,0.69921875,False,False,False,False,"(0, 78928, 78971)","(0, 78928, 78971)","(0, 78928, 78971)",False,True
3578,6650,5,age,0.82421875,True,True,True,False,"(0, 78928, 78972)","(0, 78928, 78972)","(0, 78928, 78972)",False,True
3579,6652,5,age,0.13671875,True,True,True,False,"(0, 79000, 79035)","(0, 79000, 79035)","(0, 79000, 79035)",False,True
3580,6652,5,age,0.69921875,False,False,False,False,"(0, 78928, 79035)","(0, 78928, 79035)","(0, 78928, 79035)",False,True
3581,6652,5,age,0.82421875,True,True,True,False,"(0, 78928, 79036)","(0, 78928, 79036)","(0, 78928, 79036)",False,True
3582,6654,5,age,0.07421875,True,True,True,False,"(0, 80624, 80633)","(0, 80624, 80633)","(0, 80624, 80633)",False,True
3583,6654,5,age,0.69921875,False,False,False,False,"(0, 80616, 80633)","(0, 80616, 80633)","(0, 80616, 80633)",False,True
3584,6654,5,age,0.76171875,True,True,True,False,"(0, 80552, 80634)","(0, 80552, 80634)","(0, 80552, 80634)",False,True
3585,6656,5,age,0.13671875,True,True,True,False,"(0, 79000, 79099)","(0, 79000, 79099)","(0, 79000, 79099)",False,True
3586,6656,5,age,0.69921875,False,False,False,False,"(0, 78928, 79099)","(0, 78928, 79099)","(0, 78928, 79099)",False,True
3587,6656,5,age,0.82421875,True,True,True,False,"(0, 78928, 79100)","(0, 78928, 79100)","(0, 78928, 79100)",False,True
3588,6658,5,age,0.07421875,True,True,True,False,"(0, 80624, 80633)","(0, 80624, 80633)","(0, 80624, 80633)",False,True
3589,6658,5,age,0.69921875,False,False,False,False,"(0, 80616, 80633)","(0, 80616, 80633)","(0, 80616, 80633)",False,True
3590,6658,5,age,0.97265625,True,True,True,False,"(0, 80608, 80634)","(0, 80608, 80634)","(0, 80608, 80634)",False,True
3591,6660,5,age,0.13671875,True,True,True,False,"(0, 79000, 79099)","(0, 79000, 79099)","(0, 79000, 79099)",False,True
3592,6660,5,age,0.69921875,False,False,False,False,"(0, 78928, 79099)","(0, 78928, 79099)","(0, 78928, 79099)",False,True
3593,6660,5,age,0.82421875,True,True,True,False,"(0, 78928, 79100)","(0, 78928, 79100)","(0, 78928, 79100)",False,True
3594,6661,5,age,0.12109375,True,True,True,False,"(0, 79016, 78905)","(0, 79016, 78905)","(0, 79016, 78905)",False,True
3595,6661,5,age,0.30078125,True,True,True,False,"(0, 78952, 78904)","(0, 78952, 78904)","(0, 78952, 78904)",False,True
3596,6661,5,age,0.92578125,False,False,False,False,"(0, 78896, 78904)","(0, 78896, 78904)","(0, 78896, 78904)",False,True
3597,6666,5,age,0.13671875,True,True,True,False,"(0, 79000, 78907)","(0, 79000, 78907)","(0, 79000, 78907)",False,True
3598,6666,5,age,0.69921875,False,False,False,False,"(0, 78928, 78907)","(0, 78928, 78907)","(0, 78928, 78907)",False,True
3599,6666,5,age,0.82421875,True,True,True,False,"(0, 78928, 78908)","(0, 78928, 78908)","(0, 78928, 78908)",False,True
3600,6668,5,age,0.13671875,True,True,True,False,"(0, 79000, 78971)","(0, 79000, 78971)","(0, 79000, 78971)",False,True
3601,6668,5,age,0.69921875,False,False,False,False,"(0, 78928, 78971)","(0, 78928, 78971)","(0, 78928, 78971)",False,True
3602,6668,5,age,0.82421875,True,True,True,False,"(0, 78928, 78972)","(0, 78928, 78972)","(0, 78928, 78972)",False,True
3603,6670,5,age,0.13671875,True,True,True,False,"(0, 79000, 79035)","(0, 79000, 79035)","(0, 79000, 79035)",False,True
3604,6670,5,age,0.69921875,False,False,False,False,"(0, 78928, 79035)","(0, 78928, 79035)","(0, 78928, 79035)",False,True
3605,6670,5,age,0.82421875,True,True,True,False,"(0, 78928, 79036)","(0, 78928, 79036)","(0, 78928, 79036)",False,True
3606,6672,5,age,0.07421875,True,True,True,False,"(0, 80624, 80633)","(0, 80624, 80633)","(0, 80624, 80633)",False,True
3607,6672,5,age,0.69921875,False,False,False,False,"(0, 80616, 80633)","(0, 80616, 80633)","(0, 80616, 80633)",False,True
3608,6672,5,age,0.76171875,True,True,True,False,"(0, 80552, 80634)","(0, 80552, 80634)","(0, 80552, 80634)",False,True
3609,6674,5,age,0.13671875,True,True,True,False,"(0, 79000, 79099)","(0, 79000, 79099)","(0, 79000, 79099)",False,True
3610,6674,5,age,0.69921875,False,False,False,False,"(0, 78928, 79099)","(0, 78928, 79099)","(0, 78928, 79099)",False,True
3611,6674,5,age,0.82421875,True,True,True,False,"(0, 78928, 79100)","(0, 78928, 79100)","(0, 78928, 79100)",False,True
3612,6676,5,age,0.07421875,True,True,True,False,"(0, 80624, 80633)","(0, 80624, 80633)","(0, 80624, 80633)",False,True
3613,6676,5,age,0.69921875,False,False,False,False,"(0, 80616, 80633)","(0, 80616, 80633)","(0, 80616, 80633)",False,True
3614,6676,5,age,0.97265625,True,True,True,False,"(0, 80608, 80634)","(0, 80608, 80634)","(0, 80608, 80634)",False,True
3615,6678,5,age,0.13671875,True,True,True,False,"(0, 79000, 79099)","(0, 79000, 79099)","(0, 79000, 79099)",False,True
3616,6678,5,age,0.69921875,False,False,False,False,"(0, 78928, 79099)","(0, 78928, 79099)","(0, 78928, 79099)",False,True
3617,6678,5,age,0.82421875,True,True,True,False,"(0, 78928, 79100)","(0, 78928, 79100)","(0, 78928, 79100)",False,True
3618,6679,5,age,0.12109375,True,True,True,False,"(0, 100904, 100793)","(0, 100904, 100793)","(0, 100904, 100793)",False,True
3619,6679,5,age,0.30078125,True,True,True,False,"(0, 100840, 100792)","(0, 100840, 100792)","(0, 100840, 100792)",False,True
3620,6679,5,age,0.92578125,False,False,False,False,"(0, 100784, 100792)","(0, 100784, 100792)","(0, 100784, 100792)",False,True
3621,6684,5,age,0.13671875,True,True,True,False,"(0, 100888, 100795)","(0, 100888, 100795)","(0, 100888, 100795)",False,True
3622,6684,5,age,0.69921875,False,False,False,False,"(0, 100816, 100795)","(0, 100816, 100795)","(0, 100816, 100795)",False,True
3623,6684,5,age,0.82421875,True,True,True,False,"(0, 100816, 100796)","(0, 100816, 100796)","(0, 100816, 100796)",False,True
3624,6686,5,age,0.13671875,True,True,True,False,"(0, 100888, 100859)","(0, 100888, 100859)","(0, 100888, 100859)",False,True
3625,6686,5,age,0.69921875,False,False,False,False,"(0, 100816, 100859)","(0, 100816, 100859)","(0, 100816, 100859)",False,True
3626,6686,5,age,0.82421875,True,True,True,False,"(0, 100816, 100860)","(0, 100816, 100860)","(0, 100816, 100860)",False,True
3627,6688,5,age,0.13671875,True,True,True,False,"(0, 100888, 100923)","(0, 100888, 100923)","(0, 100888, 100923)",False,True
3628,6688,5,age,0.69921875,False,False,False,False,"(0, 100816, 100923)","(0, 100816, 100923)","(0, 100816, 100923)",False,True
3629,6688,5,age,0.82421875,True,True,True,False,"(0, 100816, 100924)","(0, 100816, 100924)","(0, 100816, 100924)",False,True
3630,6690,5,age,0.07421875,True,True,True,False,"(0, 102512, 102521)","(0, 102512, 102521)","(0, 102512, 102521)",False,True
3631,6690,5,age,0.69921875,False,False,False,False,"(0, 102504, 102521)","(0, 102504, 102521)","(0, 102504, 102521)",False,True
3632,6690,5,age,0.76171875,True,True,True,False,"(0, 102440, 102522)","(0, 102440, 102522)","(0, 102440, 102522)",False,True
3633,6692,5,age,0.13671875,True,True,True,False,"(0, 100888, 100987)","(0, 100888, 100987)","(0, 100888, 100987)",False,True
3634,6692,5,age,0.69921875,False,False,False,False,"(0, 100816, 100987)","(0, 100816, 100987)","(0, 100816, 100987)",False,True
3635,6692,5,age,0.82421875,True,True,True,False,"(0, 100816, 100988)","(0, 100816, 100988)","(0, 100816, 100988)",False,True
3636,6694,5,age,0.07421875,True,True,True,False,"(0, 102512, 102521)","(0, 102512, 102521)","(0, 102512, 102521)",False,True
3637,6694,5,age,0.69921875,False,False,False,False,"(0, 102504, 102521)","(0, 102504, 102521)","(0, 102504, 102521)",False,True
3638,6694,5,age,0.97265625,True,True,True,False,"(0, 102496, 102522)","(0, 102496, 102522)","(0, 102496, 102522)",False,True
3639,6696,5,age,0.13671875,True,True,True,False,"(0, 100888, 100987)","(0, 100888, 100987)","(0, 100888, 100987)",False,True
3640,6696,5,age,0.69921875,False,False,False,False,"(0, 100816, 100987)","(0, 100816, 100987)","(0, 100816, 100987)",False,True
3641,6696,5,age,0.82421875,True,True,True,False,"(0, 100816, 100988)","(0, 100816, 100988)","(0, 100816, 100988)",False,True
3642,6697,5,age,0.12109375,True,True,True,False,"(0, 101288, 101177)","(0, 101288, 101177)","(0, 101288, 101177)",False,True
3643,6697,5,age,0.30078125,True,True,True,False,"(0, 101224, 101176)","(0, 101224, 101176)","(0, 101224, 101176)",False,True
3644,6697,5,age,0.92578125,False,False,False,False,"(0, 101168, 101176)","(0, 101168, 101176)","(0, 101168, 101176)",False,True
3645,6702,5,age,0.13671875,True,True,True,False,"(0, 101272, 101179)","(0, 101272, 101179)","(0, 101272, 101179)",False,True
3646,6702,5,age,0.69921875,False,False,False,False,"(0, 101200, 101179)","(0, 101200, 101179)","(0, 101200, 101179)",False,True
3647,6702,5,age,0.82421875,True,True,True,False,"(0, 101200, 101180)","(0, 101200, 101180)","(0, 101200, 101180)",False,True
3648,6704,5,age,0.13671875,True,True,True,False,"(0, 101272, 101243)","(0, 101272, 101243)","(0, 101272, 101243)",False,True
3649,6704,5,age,0.69921875,False,False,False,False,"(0, 101200, 101243)","(0, 101200, 101243)","(0, 101200, 101243)",False,True
3650,6704,5,age,0.82421875,True,True,True,False,"(0, 101200, 101244)","(0, 101200, 101244)","(0, 101200, 101244)",False,True
3651,6706,5,age,0.13671875,True,True,True,False,"(0, 101272, 101307)","(0, 101272, 101307)","(0, 101272, 101307)",False,True
3652,6706,5,age,0.69921875,False,False,False,False,"(0, 101200, 101307)","(0, 101200, 101307)","(0, 101200, 101307)",False,True
3653,6706,5,age,0.82421875,True,True,True,False,"(0, 101200, 101308)","(0, 101200, 101308)","(0, 101200, 101308)",False,True
3654,6708,5,age,0.07421875,True,True,True,False,"(0, 102896, 102905)","(0, 102896, 102905)","(0, 102896, 102905)",False,True
3655,6708,5,age,0.69921875,False,False,False,False,"(0, 102888, 102905)","(0, 102888, 102905)","(0, 102888, 102905)",False,True
3656,6708,5,age,0.76171875,True,True,True,False,"(0, 102824, 102906)","(0, 102824, 102906)","(0, 102824, 102906)",False,True
3657,6710,5,age,0.13671875,True,True,True,False,"(0, 101272, 101371)","(0, 101272, 101371)","(0, 101272, 101371)",False,True
3658,6710,5,age,0.69921875,False,False,False,False,"(0, 101200, 101371)","(0, 101200, 101371)","(0, 101200, 101371)",False,True
3659,6710,5,age,0.82421875,True,True,True,False,"(0, 101200, 101372)","(0, 101200, 101372)","(0, 101200, 101372)",False,True
3660,6712,5,age,0.07421875,True,True,True,False,"(0, 102896, 102905)","(0, 102896, 102905)","(0, 102896, 102905)",False,True
3661,6712,5,age,0.69921875,False,False,False,False,"(0, 102888, 102905)","(0, 102888, 102905)","(0, 102888, 102905)",False,True
3662,6712,5,age,0.97265625,True,True,True,False,"(0, 102880, 102906)","(0, 102880, 102906)","(0, 102880, 102906)",False,True
3663,6714,5,age,0.13671875,True,True,True,False,"(0, 101272, 101371)","(0, 101272, 101371)","(0, 101272, 101371)",False,True
3664,6714,5,age,0.69921875,False,False,False,False,"(0, 101200, 101371)","(0, 101200, 101371)","(0, 101200, 101371)",False,True
3665,6714,5,age,0.82421875,True,True,True,False,"(0, 101200, 101372)","(0, 101200, 101372)","(0, 101200, 101372)",False,True
3666,6715,5,age,0.12109375,True,True,True,False,"(0, 80168, 80057)","(0, 80168, 80057)","(0, 80168, 80057)",False,True
3667,6715,5,age,0.30078125,True,True,True,False,"(0, 80104, 80056)","(0, 80104, 80056)","(0, 80104, 80056)",False,True
3668,6715,5,age,0.92578125,False,False,False,False,"(0, 80048, 80056)","(0, 80048, 80056)","(0, 80048, 80056)",False,True
3669,6720,5,age,0.13671875,True,True,True,False,"(0, 80152, 80059)","(0, 80152, 80059)","(0, 80152, 80059)",False,True
3670,6720,5,age,0.69921875,False,False,False,False,"(0, 80080, 80059)","(0, 80080, 80059)","(0, 80080, 80059)",False,True
3671,6720,5,age,0.82421875,True,True,True,False,"(0, 80080, 80060)","(0, 80080, 80060)","(0, 80080, 80060)",False,True
3672,6722,5,age,0.13671875,True,True,True,False,"(0, 80152, 80123)","(0, 80152, 80123)","(0, 80152, 80123)",False,True
3673,6722,5,age,0.69921875,False,False,False,False,"(0, 80080, 80123)","(0, 80080, 80123)","(0, 80080, 80123)",False,True
3674,6722,5,age,0.82421875,True,True,True,False,"(0, 80080, 80124)","(0, 80080, 80124)","(0, 80080, 80124)",False,True
3675,6724,5,age,0.13671875,True,True,True,False,"(0, 80152, 80187)","(0, 80152, 80187)","(0, 80152, 80187)",False,True
3676,6724,5,age,0.69921875,False,False,False,False,"(0, 80080, 80187)","(0, 80080, 80187)","(0, 80080, 80187)",False,True
3677,6724,5,age,0.82421875,True,True,True,False,"(0, 80080, 80188)","(0, 80080, 80188)","(0, 80080, 80188)",False,True
3678,6726,5,age,0.13671875,True,True,True,False,"(0, 80152, 80251)","(0, 80152, 80251)","(0, 80152, 80251)",False,True
3679,6726,5,age,0.69921875,False,False,False,False,"(0, 80080, 80251)","(0, 80080, 80251)","(0, 80080, 80251)",False,True
3680,6726,5,age,0.82421875,True,True,True,False,"(0, 80080, 80252)","(0, 80080, 80252)","(0, 80080, 80252)",False,True
3681,6728,5,age,0.13671875,True,True,True,False,"(0, 80152, 80251)","(0, 80152, 80251)","(0, 80152, 80251)",False,True
3682,6728,5,age,0.69921875,False,False,False,False,"(0, 80080, 80251)","(0, 80080, 80251)","(0, 80080, 80251)",False,True
3683,6728,5,age,0.82421875,True,True,True,False,"(0, 80080, 80252)","(0, 80080, 80252)","(0, 80080, 80252)",False,True
3684,6729,5,age,0.12109375,True,True,True,False,"(0, 80552, 80441)","(0, 80552, 80441)","(0, 80552, 80441)",False,True
3685,6729,5,age,0.30078125,True,True,True,False,"(0, 80488, 80440)","(0, 80488, 80440)","(0, 80488, 80440)",False,True
3686,6729,5,age,0.92578125,False,False,False,False,"(0, 80432, 80440)","(0, 80432, 80440)","(0, 80432, 80440)",False,True
3687,6734,5,age,0.13671875,True,True,True,False,"(0, 80536, 80443)","(0, 80536, 80443)","(0, 80536, 80443)",False,True
3688,6734,5,age,0.69921875,False,False,False,False,"(0, 80464, 80443)","(0, 80464, 80443)","(0, 80464, 80443)",False,True
3689,6734,5,age,0.82421875,True,True,True,False,"(0, 80464, 80444)","(0, 80464, 80444)","(0, 80464, 80444)",False,True
3690,6736,5,age,0.13671875,True,True,True,False,"(0, 80536, 80507)","(0, 80536, 80507)","(0, 80536, 80507)",False,True
3691,6736,5,age,0.69921875,False,False,False,False,"(0, 80464, 80507)","(0, 80464, 80507)","(0, 80464, 80507)",False,True
3692,6736,5,age,0.82421875,True,True,True,False,"(0, 80464, 80508)","(0, 80464, 80508)","(0, 80464, 80508)",False,True
3693,6738,5,age,0.13671875,True,True,True,False,"(0, 80536, 80571)","(0, 80536, 80571)","(0, 80536, 80571)",False,True
3694,6738,5,age,0.69921875,False,False,False,False,"(0, 80464, 80571)","(0, 80464, 80571)","(0, 80464, 80571)",False,True
3695,6738,5,age,0.82421875,True,True,True,False,"(0, 80464, 80572)","(0, 80464, 80572)","(0, 80464, 80572)",False,True
3696,6740,5,age,0.13671875,True,True,True,False,"(0, 80536, 80635)","(0, 80536, 80635)","(0, 80536, 80635)",False,True
3697,6740,5,age,0.69921875,False,False,False,False,"(0, 80464, 80635)","(0, 80464, 80635)","(0, 80464, 80635)",False,True
3698,6740,5,age,0.82421875,True,True,True,False,"(0, 80464, 80636)","(0, 80464, 80636)","(0, 80464, 80636)",False,True
3699,6742,5,age,0.13671875,True,True,True,False,"(0, 80536, 80635)","(0, 80536, 80635)","(0, 80536, 80635)",False,True
3700,6742,5,age,0.69921875,False,False,False,False,"(0, 80464, 80635)","(0, 80464, 80635)","(0, 80464, 80635)",False,True
3701,6742,5,age,0.82421875,True,True,True,False,"(0, 80464, 80636)","(0, 80464, 80636)","(0, 80464, 80636)",False,True
3702,6743,5,age,0.12109375,True,True,True,False,"(0, 80552, 80441)","(0, 80552, 80441)","(0, 80552, 80441)",False,True
3703,6743,5,age,0.30078125,True,True,True,False,"(0, 80488, 80440)","(0, 80488, 80440)","(0, 80488, 80440)",False,True
3704,6743,5,age,0.92578125,False,False,False,False,"(0, 80432, 80440)","(0, 80432, 80440)","(0, 80432, 80440)",False,True
3705,6748,5,age,0.13671875,True,True,True,False,"(0, 80536, 80443)","(0, 80536, 80443)","(0, 80536, 80443)",False,True
3706,6748,5,age,0.69921875,False,False,False,False,"(0, 80464, 80443)","(0, 80464, 80443)","(0, 80464, 80443)",False,True
3707,6748,5,age,0.82421875,True,True,True,False,"(0, 80464, 80444)","(0, 80464, 80444)","(0, 80464, 80444)",False,True
3708,6750,5,age,0.13671875,True,True,True,False,"(0, 80536, 80507)","(0, 80536, 80507)","(0, 80536, 80507)",False,True
3709,6750,5,age,0.69921875,False,False,False,False,"(0, 80464, 80507)","(0, 80464, 80507)","(0, 80464, 80507)",False,True
3710,6750,5,age,0.82421875,True,True,True,False,"(0, 80464, 80508)","(0, 80464, 80508)","(0, 80464, 80508)",False,True
3711,6752,5,age,0.13671875,True,True,True,False,"(0, 80536, 80571)","(0, 80536, 80571)","(0, 80536, 80571)",False,True
3712,6752,5,age,0.69921875,False,False,False,False,"(0, 80464, 80571)","(0, 80464, 80571)","(0, 80464, 80571)",False,True
3713,6752,5,age,0.82421875,True,True,True,False,"(0, 80464, 80572)","(0, 80464, 80572)","(0, 80464, 80572)",False,True
3714,6754,5,age,0.13671875,True,True,True,False,"(0, 80536, 80635)","(0, 80536, 80635)","(0, 80536, 80635)",False,True
3715,6754,5,age,0.69921875,False,False,False,False,"(0, 80464, 80635)","(0, 80464, 80635)","(0, 80464, 80635)",False,True
3716,6754,5,age,0.82421875,True,True,True,False,"(0, 80464, 80636)","(0, 80464, 80636)","(0, 80464, 80636)",False,True
3717,6756,5,age,0.13671875,True,True,True,False,"(0, 80536, 80635)","(0, 80536, 80635)","(0, 80536, 80635)",False,True
3718,6756,5,age,0.69921875,False,False,False,False,"(0, 80464, 80635)","(0, 80464, 80635)","(0, 80464, 80635)",False,True
3719,6756,5,age,0.82421875,True,True,True,False,"(0, 80464, 80636)","(0, 80464, 80636)","(0, 80464, 80636)",False,True
3720,6757,5,age,0.12109375,True,True,True,False,"(0, 102440, 102329)","(0, 102440, 102329)","(0, 102440, 102329)",False,True
3721,6757,5,age,0.30078125,True,True,True,False,"(0, 102376, 102328)","(0, 102376, 102328)","(0, 102376, 102328)",False,True
3722,6757,5,age,0.92578125,False,False,False,False,"(0, 102320, 102328)","(0, 102320, 102328)","(0, 102320, 102328)",False,True
3723,6762,5,age,0.13671875,True,True,True,False,"(0, 102424, 102331)","(0, 102424, 102331)","(0, 102424, 102331)",False,True
3724,6762,5,age,0.69921875,False,False,False,False,"(0, 102352, 102331)","(0, 102352, 102331)","(0, 102352, 102331)",False,True
3725,6762,5,age,0.82421875,True,True,True,False,"(0, 102352, 102332)","(0, 102352, 102332)","(0, 102352, 102332)",False,True
3726,6764,5,age,0.13671875,True,True,True,False,"(0, 102424, 102395)","(0, 102424, 102395)","(0, 102424, 102395)",False,True
3727,6764,5,age,0.69921875,False,False,False,False,"(0, 102352, 102395)","(0, 102352, 102395)","(0, 102352, 102395)",False,True
3728,6764,5,age,0.82421875,True,True,True,False,"(0, 102352, 102396)","(0, 102352, 102396)","(0, 102352, 102396)",False,True
3729,6766,5,age,0.13671875,True,True,True,False,"(0, 102424, 102459)","(0, 102424, 102459)","(0, 102424, 102459)",False,True
3730,6766,5,age,0.69921875,False,False,False,False,"(0, 102352, 102459)","(0, 102352, 102459)","(0, 102352, 102459)",False,True
3731,6766,5,age,0.82421875,True,True,True,False,"(0, 102352, 102460)","(0, 102352, 102460)","(0, 102352, 102460)",False,True
3732,6768,5,age,0.07421875,True,True,True,False,"(0, 104048, 104057)","(0, 104048, 104057)","(0, 104048, 104057)",False,True
3733,6768,5,age,0.69921875,False,False,False,False,"(0, 104040, 104057)","(0, 104040, 104057)","(0, 104040, 104057)",False,True
3734,6768,5,age,0.76171875,True,True,True,False,"(0, 103976, 104058)","(0, 103976, 104058)","(0, 103976, 104058)",False,True
3735,6770,5,age,0.13671875,True,True,True,False,"(0, 102424, 102523)","(0, 102424, 102523)","(0, 102424, 102523)",False,True
3736,6770,5,age,0.69921875,False,False,False,False,"(0, 102352, 102523)","(0, 102352, 102523)","(0, 102352, 102523)",False,True
3737,6770,5,age,0.82421875,True,True,True,False,"(0, 102352, 102524)","(0, 102352, 102524)","(0, 102352, 102524)",False,True
3738,6772,5,age,0.07421875,True,True,True,False,"(0, 104048, 104057)","(0, 104048, 104057)","(0, 104048, 104057)",False,True
3739,6772,5,age,0.69921875,False,False,False,False,"(0, 104040, 104057)","(0, 104040, 104057)","(0, 104040, 104057)",False,True
3740,6772,5,age,0.97265625,True,True,True,False,"(0, 104032, 104058)","(0, 104032, 104058)","(0, 104032, 104058)",False,True
3741,6774,5,age,0.13671875,True,True,True,False,"(0, 102424, 102523)","(0, 102424, 102523)","(0, 102424, 102523)",False,True
3742,6774,5,age,0.69921875,False,False,False,False,"(0, 102352, 102523)","(0, 102352, 102523)","(0, 102352, 102523)",False,True
3743,6774,5,age,0.82421875,True,True,True,False,"(0, 102352, 102524)","(0, 102352, 102524)","(0, 102352, 102524)",False,True
3744,6775,5,age,0.12109375,True,True,True,False,"(0, 102824, 102713)","(0, 102824, 102713)","(0, 102824, 102713)",False,True
3745,6775,5,age,0.30078125,True,True,True,False,"(0, 102760, 102712)","(0, 102760, 102712)","(0, 102760, 102712)",False,True
3746,6775,5,age,0.92578125,False,False,False,False,"(0, 102704, 102712)","(0, 102704, 102712)","(0, 102704, 102712)",False,True
3747,6780,5,age,0.13671875,True,True,True,False,"(0, 102808, 102715)","(0, 102808, 102715)","(0, 102808, 102715)",False,True
3748,6780,5,age,0.69921875,False,False,False,False,"(0, 102736, 102715)","(0, 102736, 102715)","(0, 102736, 102715)",False,True
3749,6780,5,age,0.82421875,True,True,True,False,"(0, 102736, 102716)","(0, 102736, 102716)","(0, 102736, 102716)",False,True
3750,6782,5,age,0.13671875,True,True,True,False,"(0, 102808, 102779)","(0, 102808, 102779)","(0, 102808, 102779)",False,True
3751,6782,5,age,0.69921875,False,False,False,False,"(0, 102736, 102779)","(0, 102736, 102779)","(0, 102736, 102779)",False,True
3752,6782,5,age,0.82421875,True,True,True,False,"(0, 102736, 102780)","(0, 102736, 102780)","(0, 102736, 102780)",False,True
3753,6784,5,age,0.13671875,True,True,True,False,"(0, 102808, 102843)","(0, 102808, 102843)","(0, 102808, 102843)",False,True
3754,6784,5,age,0.69921875,False,False,False,False,"(0, 102736, 102843)","(0, 102736, 102843)","(0, 102736, 102843)",False,True
3755,6784,5,age,0.82421875,True,True,True,False,"(0, 102736, 102844)","(0, 102736, 102844)","(0, 102736, 102844)",False,True
3756,6786,5,age,0.07421875,True,True,True,False,"(0, 104432, 104441)","(0, 104432, 104441)","(0, 104432, 104441)",False,True
3757,6786,5,age,0.69921875,False,False,False,False,"(0, 104424, 104441)","(0, 104424, 104441)","(0, 104424, 104441)",False,True
3758,6786,5,age,0.76171875,True,True,True,False,"(0, 104360, 104442)","(0, 104360, 104442)","(0, 104360, 104442)",False,True
3759,6788,5,age,0.13671875,True,True,True,False,"(0, 102808, 102907)","(0, 102808, 102907)","(0, 102808, 102907)",False,True
3760,6788,5,age,0.69921875,False,False,False,False,"(0, 102736, 102907)","(0, 102736, 102907)","(0, 102736, 102907)",False,True
3761,6788,5,age,0.82421875,True,True,True,False,"(0, 102736, 102908)","(0, 102736, 102908)","(0, 102736, 102908)",False,True
3762,6790,5,age,0.07421875,True,True,True,False,"(0, 104432, 104441)","(0, 104432, 104441)","(0, 104432, 104441)",False,True
3763,6790,5,age,0.69921875,False,False,False,False,"(0, 104424, 104441)","(0, 104424, 104441)","(0, 104424, 104441)",False,True
3764,6790,5,age,0.97265625,True,True,True,False,"(0, 104416, 104442)","(0, 104416, 104442)","(0, 104416, 104442)",False,True
3765,6792,5,age,0.13671875,True,True,True,False,"(0, 102808, 102907)","(0, 102808, 102907)","(0, 102808, 102907)",False,True
3766,6792,5,age,0.69921875,False,False,False,False,"(0, 102736, 102907)","(0, 102736, 102907)","(0, 102736, 102907)",False,True
3767,6792,5,age,0.82421875,True,True,True,False,"(0, 102736, 102908)","(0, 102736, 102908)","(0, 102736, 102908)",False,True
3768,6793,5,age,0.12109375,True,True,True,False,"(0, 103976, 103865)","(0, 103976, 103865)","(0, 103976, 103865)",False,True
3769,6793,5,age,0.30078125,True,True,True,False,"(0, 103912, 103864)","(0, 103912, 103864)","(0, 103912, 103864)",False,True
3770,6793,5,age,0.92578125,False,False,False,False,"(0, 103856, 103864)","(0, 103856, 103864)","(0, 103856, 103864)",False,True
3771,6798,5,age,0.13671875,True,True,True,False,"(0, 103960, 103867)","(0, 103960, 103867)","(0, 103960, 103867)",False,True
3772,6798,5,age,0.69921875,False,False,False,False,"(0, 103888, 103867)","(0, 103888, 103867)","(0, 103888, 103867)",False,True
3773,6798,5,age,0.82421875,True,True,True,False,"(0, 103888, 103868)","(0, 103888, 103868)","(0, 103888, 103868)",False,True
3774,6800,5,age,0.13671875,True,True,True,False,"(0, 103960, 103931)","(0, 103960, 103931)","(0, 103960, 103931)",False,True
3775,6800,5,age,0.69921875,False,False,False,False,"(0, 103888, 103931)","(0, 103888, 103931)","(0, 103888, 103931)",False,True
3776,6800,5,age,0.82421875,True,True,True,False,"(0, 103888, 103932)","(0, 103888, 103932)","(0, 103888, 103932)",False,True
3777,6802,5,age,0.13671875,True,True,True,False,"(0, 103960, 103995)","(0, 103960, 103995)","(0, 103960, 103995)",False,True
3778,6802,5,age,0.69921875,False,False,False,False,"(0, 103888, 103995)","(0, 103888, 103995)","(0, 103888, 103995)",False,True
3779,6802,5,age,0.82421875,True,True,True,False,"(0, 103888, 103996)","(0, 103888, 103996)","(0, 103888, 103996)",False,True
3780,6804,5,age,0.07421875,True,True,True,False,"(0, 105584, 105593)","(0, 105584, 105593)","(0, 105584, 105593)",False,True
3781,6804,5,age,0.69921875,False,False,False,False,"(0, 105576, 105593)","(0, 105576, 105593)","(0, 105576, 105593)",False,True
3782,6804,5,age,0.76171875,True,True,True,False,"(0, 105512, 105594)","(0, 105512, 105594)","(0, 105512, 105594)",False,True
3783,6806,5,age,0.13671875,True,True,True,False,"(0, 103960, 104059)","(0, 103960, 104059)","(0, 103960, 104059)",False,True
3784,6806,5,age,0.69921875,False,False,False,False,"(0, 103888, 104059)","(0, 103888, 104059)","(0, 103888, 104059)",False,True
3785,6806,5,age,0.82421875,True,True,True,False,"(0, 103888, 104060)","(0, 103888, 104060)","(0, 103888, 104060)",False,True
3786,6808,5,age,0.07421875,True,True,True,False,"(0, 105584, 105593)","(0, 105584, 105593)","(0, 105584, 105593)",False,True
3787,6808,5,age,0.69921875,False,False,False,False,"(0, 105576, 105593)","(0, 105576, 105593)","(0, 105576, 105593)",False,True
3788,6808,5,age,0.97265625,True,True,True,False,"(0, 105568, 105594)","(0, 105568, 105594)","(0, 105568, 105594)",False,True
3789,6810,5,age,0.13671875,True,True,True,False,"(0, 103960, 104059)","(0, 103960, 104059)","(0, 103960, 104059)",False,True
3790,6810,5,age,0.69921875,False,False,False,False,"(0, 103888, 104059)","(0, 103888, 104059)","(0, 103888, 104059)",False,True
3791,6810,5,age,0.82421875,True,True,True,False,"(0, 103888, 104060)","(0, 103888, 104060)","(0, 103888, 104060)",False,True
3792,6811,5,age,0.12109375,True,True,True,False,"(0, 104360, 104249)","(0, 104360, 104249)","(0, 104360, 104249)",False,True
3793,6811,5,age,0.30078125,True,True,True,False,"(0, 104296, 104248)","(0, 104296, 104248)","(0, 104296, 104248)",False,True
3794,6811,5,age,0.92578125,False,False,False,False,"(0, 104240, 104248)","(0, 104240, 104248)","(0, 104240, 104248)",False,True
3795,6816,5,age,0.13671875,True,True,True,False,"(0, 104344, 104251)","(0, 104344, 104251)","(0, 104344, 104251)",False,True
3796,6816,5,age,0.69921875,False,False,False,False,"(0, 104272, 104251)","(0, 104272, 104251)","(0, 104272, 104251)",False,True
3797,6816,5,age,0.82421875,True,True,True,False,"(0, 104272, 104252)","(0, 104272, 104252)","(0, 104272, 104252)",False,True
3798,6818,5,age,0.13671875,True,True,True,False,"(0, 104344, 104315)","(0, 104344, 104315)","(0, 104344, 104315)",False,True
3799,6818,5,age,0.69921875,False,False,False,False,"(0, 104272, 104315)","(0, 104272, 104315)","(0, 104272, 104315)",False,True
3800,6818,5,age,0.82421875,True,True,True,False,"(0, 104272, 104316)","(0, 104272, 104316)","(0, 104272, 104316)",False,True
3801,6820,5,age,0.13671875,True,True,True,False,"(0, 104344, 104379)","(0, 104344, 104379)","(0, 104344, 104379)",False,True
3802,6820,5,age,0.69921875,False,False,False,False,"(0, 104272, 104379)","(0, 104272, 104379)","(0, 104272, 104379)",False,True
3803,6820,5,age,0.82421875,True,True,True,False,"(0, 104272, 104380)","(0, 104272, 104380)","(0, 104272, 104380)",False,True
3804,6822,5,age,0.07421875,True,True,True,False,"(0, 105968, 105977)","(0, 105968, 105977)","(0, 105968, 105977)",False,True
3805,6822,5,age,0.69921875,False,False,False,False,"(0, 105960, 105977)","(0, 105960, 105977)","(0, 105960, 105977)",False,True
3806,6822,5,age,0.76171875,True,True,True,False,"(0, 105896, 105978)","(0, 105896, 105978)","(0, 105896, 105978)",False,True
3807,6824,5,age,0.13671875,True,True,True,False,"(0, 104344, 104443)","(0, 104344, 104443)","(0, 104344, 104443)",False,True
3808,6824,5,age,0.69921875,False,False,False,False,"(0, 104272, 104443)","(0, 104272, 104443)","(0, 104272, 104443)",False,True
3809,6824,5,age,0.82421875,True,True,True,False,"(0, 104272, 104444)","(0, 104272, 104444)","(0, 104272, 104444)",False,True
3810,6826,5,age,0.07421875,True,True,True,False,"(0, 105968, 105977)","(0, 105968, 105977)","(0, 105968, 105977)",False,True
3811,6826,5,age,0.69921875,False,False,False,False,"(0, 105960, 105977)","(0, 105960, 105977)","(0, 105960, 105977)",False,True
3812,6826,5,age,0.97265625,True,True,True,False,"(0, 105952, 105978)","(0, 105952, 105978)","(0, 105952, 105978)",False,True
3813,6828,5,age,0.13671875,True,True,True,False,"(0, 104344, 104443)","(0, 104344, 104443)","(0, 104344, 104443)",False,True
3814,6828,5,age,0.69921875,False,False,False,False,"(0, 104272, 104443)","(0, 104272, 104443)","(0, 104272, 104443)",False,True
3815,6828,5,age,0.82421875,True,True,True,False,"(0, 104272, 104444)","(0, 104272, 104444)","(0, 104272, 104444)",False,True
3816,6830,5,age,0.07421875,True,True,True,False,"(0, 87920, 87929)","(0, 87920, 87929)","(0, 87920, 87929)",False,True
3817,6830,5,age,0.69921875,False,False,False,False,"(0, 87912, 87929)","(0, 87912, 87929)","(0, 87912, 87929)",False,True
3818,6830,5,age,0.76171875,True,True,True,False,"(0, 87848, 87930)","(0, 87848, 87930)","(0, 87848, 87930)",False,True
3819,6832,5,age,0.07421875,True,True,True,False,"(0, 87920, 87929)","(0, 87920, 87929)","(0, 87920, 87929)",False,True
3820,6832,5,age,0.69921875,False,False,False,False,"(0, 87912, 87929)","(0, 87912, 87929)","(0, 87912, 87929)",False,True
3821,6832,5,age,0.97265625,True,True,True,False,"(0, 87904, 87930)","(0, 87904, 87930)","(0, 87904, 87930)",False,True
3822,6834,5,age,0.07421875,True,True,True,False,"(0, 88304, 88313)","(0, 88304, 88313)","(0, 88304, 88313)",False,True
3823,6834,5,age,0.69921875,False,False,False,False,"(0, 88296, 88313)","(0, 88296, 88313)","(0, 88296, 88313)",False,True
3824,6834,5,age,0.76171875,True,True,True,False,"(0, 88232, 88314)","(0, 88232, 88314)","(0, 88232, 88314)",False,True
3825,6836,5,age,0.07421875,True,True,True,False,"(0, 88304, 88313)","(0, 88304, 88313)","(0, 88304, 88313)",False,True
3826,6836,5,age,0.69921875,False,False,False,False,"(0, 88296, 88313)","(0, 88296, 88313)","(0, 88296, 88313)",False,True
3827,6836,5,age,0.97265625,True,True,True,False,"(0, 88288, 88314)","(0, 88288, 88314)","(0, 88288, 88314)",False,True
3828,6838,5,age,0.07421875,True,True,True,False,"(0, 88304, 88313)","(0, 88304, 88313)","(0, 88304, 88313)",False,True
3829,6838,5,age,0.69921875,False,False,False,False,"(0, 88296, 88313)","(0, 88296, 88313)","(0, 88296, 88313)",False,True
3830,6838,5,age,0.76171875,True,True,True,False,"(0, 88232, 88314)","(0, 88232, 88314)","(0, 88232, 88314)",False,True
3831,6840,5,age,0.07421875,True,True,True,False,"(0, 88304, 88313)","(0, 88304, 88313)","(0, 88304, 88313)",False,True
3832,6840,5,age,0.69921875,False,False,False,False,"(0, 88296, 88313)","(0, 88296, 88313)","(0, 88296, 88313)",False,True
3833,6840,5,age,0.97265625,True,True,True,False,"(0, 88288, 88314)","(0, 88288, 88314)","(0, 88288, 88314)",False,True
3834,6842,5,age,0.07421875,True,True,True,False,"(0, 110192, 110201)","(0, 110192, 110201)","(0, 110192, 110201)",False,True
3835,6842,5,age,0.69921875,False,False,False,False,"(0, 110184, 110201)","(0, 110184, 110201)","(0, 110184, 110201)",False,True
3836,6842,5,age,0.76171875,True,True,True,False,"(0, 110120, 110202)","(0, 110120, 110202)","(0, 110120, 110202)",False,True
3837,6844,5,age,0.07421875,True,True,True,False,"(0, 110192, 110201)","(0, 110192, 110201)","(0, 110192, 110201)",False,True
3838,6844,5,age,0.69921875,False,False,False,False,"(0, 110184, 110201)","(0, 110184, 110201)","(0, 110184, 110201)",False,True
3839,6844,5,age,0.97265625,True,True,True,False,"(0, 110176, 110202)","(0, 110176, 110202)","(0, 110176, 110202)",False,True
3840,6846,5,age,0.07421875,True,True,True,False,"(0, 110576, 110585)","(0, 110576, 110585)","(0, 110576, 110585)",False,True
3841,6846,5,age,0.69921875,False,False,False,False,"(0, 110568, 110585)","(0, 110568, 110585)","(0, 110568, 110585)",False,True
3842,6846,5,age,0.76171875,True,True,True,False,"(0, 110504, 110586)","(0, 110504, 110586)","(0, 110504, 110586)",False,True
3843,6848,5,age,0.07421875,True,True,True,False,"(0, 110576, 110585)","(0, 110576, 110585)","(0, 110576, 110585)",False,True
3844,6848,5,age,0.69921875,False,False,False,False,"(0, 110568, 110585)","(0, 110568, 110585)","(0, 110568, 110585)",False,True
3845,6848,5,age,0.97265625,True,True,True,False,"(0, 110560, 110586)","(0, 110560, 110586)","(0, 110560, 110586)",False,True
3846,6849,5,age,0.12109375,True,True,True,False,"(0, 87848, 87737)","(0, 87848, 87737)","(0, 87848, 87737)",False,True
3847,6849,5,age,0.30078125,True,True,True,False,"(0, 87784, 87736)","(0, 87784, 87736)","(0, 87784, 87736)",False,True
3848,6849,5,age,0.92578125,False,False,False,False,"(0, 87728, 87736)","(0, 87728, 87736)","(0, 87728, 87736)",False,True
3849,6854,5,age,0.13671875,True,True,True,False,"(0, 87832, 87739)","(0, 87832, 87739)","(0, 87832, 87739)",False,True
3850,6854,5,age,0.69921875,False,False,False,False,"(0, 87760, 87739)","(0, 87760, 87739)","(0, 87760, 87739)",False,True
3851,6854,5,age,0.82421875,True,True,True,False,"(0, 87760, 87740)","(0, 87760, 87740)","(0, 87760, 87740)",False,True
3852,6856,5,age,0.13671875,True,True,True,False,"(0, 87832, 87803)","(0, 87832, 87803)","(0, 87832, 87803)",False,True
3853,6856,5,age,0.69921875,False,False,False,False,"(0, 87760, 87803)","(0, 87760, 87803)","(0, 87760, 87803)",False,True
3854,6856,5,age,0.82421875,True,True,True,False,"(0, 87760, 87804)","(0, 87760, 87804)","(0, 87760, 87804)",False,True
3855,6858,5,age,0.13671875,True,True,True,False,"(0, 87832, 87867)","(0, 87832, 87867)","(0, 87832, 87867)",False,True
3856,6858,5,age,0.69921875,False,False,False,False,"(0, 87760, 87867)","(0, 87760, 87867)","(0, 87760, 87867)",False,True
3857,6858,5,age,0.82421875,True,True,True,False,"(0, 87760, 87868)","(0, 87760, 87868)","(0, 87760, 87868)",False,True
3858,6860,5,age,0.07421875,True,True,True,False,"(0, 89456, 89465)","(0, 89456, 89465)","(0, 89456, 89465)",False,True
3859,6860,5,age,0.69921875,False,False,False,False,"(0, 89448, 89465)","(0, 89448, 89465)","(0, 89448, 89465)",False,True
3860,6860,5,age,0.76171875,True,True,True,False,"(0, 89384, 89466)","(0, 89384, 89466)","(0, 89384, 89466)",False,True
3861,6862,5,age,0.13671875,True,True,True,False,"(0, 87832, 87931)","(0, 87832, 87931)","(0, 87832, 87931)",False,True
3862,6862,5,age,0.69921875,False,False,False,False,"(0, 87760, 87931)","(0, 87760, 87931)","(0, 87760, 87931)",False,True
3863,6862,5,age,0.82421875,True,True,True,False,"(0, 87760, 87932)","(0, 87760, 87932)","(0, 87760, 87932)",False,True
3864,6864,5,age,0.07421875,True,True,True,False,"(0, 89456, 89465)","(0, 89456, 89465)","(0, 89456, 89465)",False,True
3865,6864,5,age,0.69921875,False,False,False,False,"(0, 89448, 89465)","(0, 89448, 89465)","(0, 89448, 89465)",False,True
3866,6864,5,age,0.97265625,True,True,True,False,"(0, 89440, 89466)","(0, 89440, 89466)","(0, 89440, 89466)",False,True
3867,6866,5,age,0.13671875,True,True,True,False,"(0, 87832, 87931)","(0, 87832, 87931)","(0, 87832, 87931)",False,True
3868,6866,5,age,0.69921875,False,False,False,False,"(0, 87760, 87931)","(0, 87760, 87931)","(0, 87760, 87931)",False,True
3869,6866,5,age,0.82421875,True,True,True,False,"(0, 87760, 87932)","(0, 87760, 87932)","(0, 87760, 87932)",False,True
3870,6867,5,age,0.12109375,True,True,True,False,"(0, 88232, 88121)","(0, 88232, 88121)","(0, 88232, 88121)",False,True
3871,6867,5,age,0.30078125,True,True,True,False,"(0, 88168, 88120)","(0, 88168, 88120)","(0, 88168, 88120)",False,True
3872,6867,5,age,0.92578125,False,False,False,False,"(0, 88112, 88120)","(0, 88112, 88120)","(0, 88112, 88120)",False,True
3873,6872,5,age,0.13671875,True,True,True,False,"(0, 88216, 88123)","(0, 88216, 88123)","(0, 88216, 88123)",False,True
3874,6872,5,age,0.69921875,False,False,False,False,"(0, 88144, 88123)","(0, 88144, 88123)","(0, 88144, 88123)",False,True
3875,6872,5,age,0.82421875,True,True,True,False,"(0, 88144, 88124)","(0, 88144, 88124)","(0, 88144, 88124)",False,True
3876,6874,5,age,0.13671875,True,True,True,False,"(0, 88216, 88187)","(0, 88216, 88187)","(0, 88216, 88187)",False,True
3877,6874,5,age,0.69921875,False,False,False,False,"(0, 88144, 88187)","(0, 88144, 88187)","(0, 88144, 88187)",False,True
3878,6874,5,age,0.82421875,True,True,True,False,"(0, 88144, 88188)","(0, 88144, 88188)","(0, 88144, 88188)",False,True
3879,6876,5,age,0.13671875,True,True,True,False,"(0, 88216, 88251)","(0, 88216, 88251)","(0, 88216, 88251)",False,True
3880,6876,5,age,0.69921875,False,False,False,False,"(0, 88144, 88251)","(0, 88144, 88251)","(0, 88144, 88251)",False,True
3881,6876,5,age,0.82421875,True,True,True,False,"(0, 88144, 88252)","(0, 88144, 88252)","(0, 88144, 88252)",False,True
3882,6878,5,age,0.07421875,True,True,True,False,"(0, 89840, 89849)","(0, 89840, 89849)","(0, 89840, 89849)",False,True
3883,6878,5,age,0.69921875,False,False,False,False,"(0, 89832, 89849)","(0, 89832, 89849)","(0, 89832, 89849)",False,True
3884,6878,5,age,0.76171875,True,True,True,False,"(0, 89768, 89850)","(0, 89768, 89850)","(0, 89768, 89850)",False,True
3885,6880,5,age,0.13671875,True,True,True,False,"(0, 88216, 88315)","(0, 88216, 88315)","(0, 88216, 88315)",False,True
3886,6880,5,age,0.69921875,False,False,False,False,"(0, 88144, 88315)","(0, 88144, 88315)","(0, 88144, 88315)",False,True
3887,6880,5,age,0.82421875,True,True,True,False,"(0, 88144, 88316)","(0, 88144, 88316)","(0, 88144, 88316)",False,True
3888,6882,5,age,0.07421875,True,True,True,False,"(0, 89840, 89849)","(0, 89840, 89849)","(0, 89840, 89849)",False,True
3889,6882,5,age,0.69921875,False,False,False,False,"(0, 89832, 89849)","(0, 89832, 89849)","(0, 89832, 89849)",False,True
3890,6882,5,age,0.97265625,True,True,True,False,"(0, 89824, 89850)","(0, 89824, 89850)","(0, 89824, 89850)",False,True
3891,6884,5,age,0.13671875,True,True,True,False,"(0, 88216, 88315)","(0, 88216, 88315)","(0, 88216, 88315)",False,True
3892,6884,5,age,0.69921875,False,False,False,False,"(0, 88144, 88315)","(0, 88144, 88315)","(0, 88144, 88315)",False,True
3893,6884,5,age,0.82421875,True,True,True,False,"(0, 88144, 88316)","(0, 88144, 88316)","(0, 88144, 88316)",False,True
3894,6885,5,age,0.12109375,True,True,True,False,"(0, 88232, 88121)","(0, 88232, 88121)","(0, 88232, 88121)",False,True
3895,6885,5,age,0.30078125,True,True,True,False,"(0, 88168, 88120)","(0, 88168, 88120)","(0, 88168, 88120)",False,True
3896,6885,5,age,0.92578125,False,False,False,False,"(0, 88112, 88120)","(0, 88112, 88120)","(0, 88112, 88120)",False,True
3897,6890,5,age,0.13671875,True,True,True,False,"(0, 88216, 88123)","(0, 88216, 88123)","(0, 88216, 88123)",False,True
3898,6890,5,age,0.69921875,False,False,False,False,"(0, 88144, 88123)","(0, 88144, 88123)","(0, 88144, 88123)",False,True
3899,6890,5,age,0.82421875,True,True,True,False,"(0, 88144, 88124)","(0, 88144, 88124)","(0, 88144, 88124)",False,True
3900,6892,5,age,0.13671875,True,True,True,False,"(0, 88216, 88187)","(0, 88216, 88187)","(0, 88216, 88187)",False,True
3901,6892,5,age,0.69921875,False,False,False,False,"(0, 88144, 88187)","(0, 88144, 88187)","(0, 88144, 88187)",False,True
3902,6892,5,age,0.82421875,True,True,True,False,"(0, 88144, 88188)","(0, 88144, 88188)","(0, 88144, 88188)",False,True
3903,6894,5,age,0.13671875,True,True,True,False,"(0, 88216, 88251)","(0, 88216, 88251)","(0, 88216, 88251)",False,True
3904,6894,5,age,0.69921875,False,False,False,False,"(0, 88144, 88251)","(0, 88144, 88251)","(0, 88144, 88251)",False,True
3905,6894,5,age,0.82421875,True,True,True,False,"(0, 88144, 88252)","(0, 88144, 88252)","(0, 88144, 88252)",False,True
3906,6896,5,age,0.07421875,True,True,True,False,"(0, 89840, 89849)","(0, 89840, 89849)","(0, 89840, 89849)",False,True
3907,6896,5,age,0.69921875,False,False,False,False,"(0, 89832, 89849)","(0, 89832, 89849)","(0, 89832, 89849)",False,True
3908,6896,5,age,0.76171875,True,True,True,False,"(0, 89768, 89850)","(0, 89768, 89850)","(0, 89768, 89850)",False,True
3909,6898,5,age,0.13671875,True,True,True,False,"(0, 88216, 88315)","(0, 88216, 88315)","(0, 88216, 88315)",False,True
3910,6898,5,age,0.69921875,False,False,False,False,"(0, 88144, 88315)","(0, 88144, 88315)","(0, 88144, 88315)",False,True
3911,6898,5,age,0.82421875,True,True,True,False,"(0, 88144, 88316)","(0, 88144, 88316)","(0, 88144, 88316)",False,True
3912,6900,5,age,0.07421875,True,True,True,False,"(0, 89840, 89849)","(0, 89840, 89849)","(0, 89840, 89849)",False,True
3913,6900,5,age,0.69921875,False,False,False,False,"(0, 89832, 89849)","(0, 89832, 89849)","(0, 89832, 89849)",False,True
3914,6900,5,age,0.97265625,True,True,True,False,"(0, 89824, 89850)","(0, 89824, 89850)","(0, 89824, 89850)",False,True
3915,6902,5,age,0.13671875,True,True,True,False,"(0, 88216, 88315)","(0, 88216, 88315)","(0, 88216, 88315)",False,True
3916,6902,5,age,0.69921875,False,False,False,False,"(0, 88144, 88315)","(0, 88144, 88315)","(0, 88144, 88315)",False,True
3917,6902,5,age,0.82421875,True,True,True,False,"(0, 88144, 88316)","(0, 88144, 88316)","(0, 88144, 88316)",False,True
3918,6903,5,age,0.12109375,True,True,True,False,"(0, 110120, 110009)","(0, 110120, 110009)","(0, 110120, 110009)",False,True
3919,6903,5,age,0.30078125,True,True,True,False,"(0, 110056, 110008)","(0, 110056, 110008)","(0, 110056, 110008)",False,True
3920,6903,5,age,0.92578125,False,False,False,False,"(0, 110000, 110008)","(0, 110000, 110008)","(0, 110000, 110008)",False,True
3921,6908,5,age,0.13671875,True,True,True,False,"(0, 110104, 110011)","(0, 110104, 110011)","(0, 110104, 110011)",False,True
3922,6908,5,age,0.69921875,False,False,False,False,"(0, 110032, 110011)","(0, 110032, 110011)","(0, 110032, 110011)",False,True
3923,6908,5,age,0.82421875,True,True,True,False,"(0, 110032, 110012)","(0, 110032, 110012)","(0, 110032, 110012)",False,True
3924,6910,5,age,0.13671875,True,True,True,False,"(0, 110104, 110075)","(0, 110104, 110075)","(0, 110104, 110075)",False,True
3925,6910,5,age,0.69921875,False,False,False,False,"(0, 110032, 110075)","(0, 110032, 110075)","(0, 110032, 110075)",False,True
3926,6910,5,age,0.82421875,True,True,True,False,"(0, 110032, 110076)","(0, 110032, 110076)","(0, 110032, 110076)",False,True
3927,6912,5,age,0.13671875,True,True,True,False,"(0, 110104, 110139)","(0, 110104, 110139)","(0, 110104, 110139)",False,True
3928,6912,5,age,0.69921875,False,False,False,False,"(0, 110032, 110139)","(0, 110032, 110139)","(0, 110032, 110139)",False,True
3929,6912,5,age,0.82421875,True,True,True,False,"(0, 110032, 110140)","(0, 110032, 110140)","(0, 110032, 110140)",False,True
3930,6914,5,age,0.07421875,True,True,True,False,"(0, 111728, 111737)","(0, 111728, 111737)","(0, 111728, 111737)",False,True
3931,6914,5,age,0.69921875,False,False,False,False,"(0, 111720, 111737)","(0, 111720, 111737)","(0, 111720, 111737)",False,True
3932,6914,5,age,0.76171875,True,True,True,False,"(0, 111656, 111738)","(0, 111656, 111738)","(0, 111656, 111738)",False,True
3933,6916,5,age,0.13671875,True,True,True,False,"(0, 110104, 110203)","(0, 110104, 110203)","(0, 110104, 110203)",False,True
3934,6916,5,age,0.69921875,False,False,False,False,"(0, 110032, 110203)","(0, 110032, 110203)","(0, 110032, 110203)",False,True
3935,6916,5,age,0.82421875,True,True,True,False,"(0, 110032, 110204)","(0, 110032, 110204)","(0, 110032, 110204)",False,True
3936,6918,5,age,0.07421875,True,True,True,False,"(0, 111728, 111737)","(0, 111728, 111737)","(0, 111728, 111737)",False,True
3937,6918,5,age,0.69921875,False,False,False,False,"(0, 111720, 111737)","(0, 111720, 111737)","(0, 111720, 111737)",False,True
3938,6918,5,age,0.97265625,True,True,True,False,"(0, 111712, 111738)","(0, 111712, 111738)","(0, 111712, 111738)",False,True
3939,6920,5,age,0.13671875,True,True,True,False,"(0, 110104, 110203)","(0, 110104, 110203)","(0, 110104, 110203)",False,True
3940,6920,5,age,0.69921875,False,False,False,False,"(0, 110032, 110203)","(0, 110032, 110203)","(0, 110032, 110203)",False,True
3941,6920,5,age,0.82421875,True,True,True,False,"(0, 110032, 110204)","(0, 110032, 110204)","(0, 110032, 110204)",False,True
3942,6921,5,age,0.12109375,True,True,True,False,"(0, 110504, 110393)","(0, 110504, 110393)","(0, 110504, 110393)",False,True
3943,6921,5,age,0.30078125,True,True,True,False,"(0, 110440, 110392)","(0, 110440, 110392)","(0, 110440, 110392)",False,True
3944,6921,5,age,0.92578125,False,False,False,False,"(0, 110384, 110392)","(0, 110384, 110392)","(0, 110384, 110392)",False,True
3945,6926,5,age,0.13671875,True,True,True,False,"(0, 110488, 110395)","(0, 110488, 110395)","(0, 110488, 110395)",False,True
3946,6926,5,age,0.69921875,False,False,False,False,"(0, 110416, 110395)","(0, 110416, 110395)","(0, 110416, 110395)",False,True
3947,6926,5,age,0.82421875,True,True,True,False,"(0, 110416, 110396)","(0, 110416, 110396)","(0, 110416, 110396)",False,True
3948,6928,5,age,0.13671875,True,True,True,False,"(0, 110488, 110459)","(0, 110488, 110459)","(0, 110488, 110459)",False,True
3949,6928,5,age,0.69921875,False,False,False,False,"(0, 110416, 110459)","(0, 110416, 110459)","(0, 110416, 110459)",False,True
3950,6928,5,age,0.82421875,True,True,True,False,"(0, 110416, 110460)","(0, 110416, 110460)","(0, 110416, 110460)",False,True
3951,6930,5,age,0.13671875,True,True,True,False,"(0, 110488, 110523)","(0, 110488, 110523)","(0, 110488, 110523)",False,True
3952,6930,5,age,0.69921875,False,False,False,False,"(0, 110416, 110523)","(0, 110416, 110523)","(0, 110416, 110523)",False,True
3953,6930,5,age,0.82421875,True,True,True,False,"(0, 110416, 110524)","(0, 110416, 110524)","(0, 110416, 110524)",False,True
3954,6932,5,age,0.07421875,True,True,True,False,"(0, 112112, 112121)","(0, 112112, 112121)","(0, 112112, 112121)",False,True
3955,6932,5,age,0.69921875,False,False,False,False,"(0, 112104, 112121)","(0, 112104, 112121)","(0, 112104, 112121)",False,True
3956,6932,5,age,0.76171875,True,True,True,False,"(0, 112040, 112122)","(0, 112040, 112122)","(0, 112040, 112122)",False,True
3957,6934,5,age,0.13671875,True,True,True,False,"(0, 110488, 110587)","(0, 110488, 110587)","(0, 110488, 110587)",False,True
3958,6934,5,age,0.69921875,False,False,False,False,"(0, 110416, 110587)","(0, 110416, 110587)","(0, 110416, 110587)",False,True
3959,6934,5,age,0.82421875,True,True,True,False,"(0, 110416, 110588)","(0, 110416, 110588)","(0, 110416, 110588)",False,True
3960,6936,5,age,0.07421875,True,True,True,False,"(0, 112112, 112121)","(0, 112112, 112121)","(0, 112112, 112121)",False,True
3961,6936,5,age,0.69921875,False,False,False,False,"(0, 112104, 112121)","(0, 112104, 112121)","(0, 112104, 112121)",False,True
3962,6936,5,age,0.97265625,True,True,True,False,"(0, 112096, 112122)","(0, 112096, 112122)","(0, 112096, 112122)",False,True
3963,6938,5,age,0.13671875,True,True,True,False,"(0, 110488, 110587)","(0, 110488, 110587)","(0, 110488, 110587)",False,True
3964,6938,5,age,0.69921875,False,False,False,False,"(0, 110416, 110587)","(0, 110416, 110587)","(0, 110416, 110587)",False,True
3965,6938,5,age,0.82421875,True,True,True,False,"(0, 110416, 110588)","(0, 110416, 110588)","(0, 110416, 110588)",False,True
3966,6939,5,age,0.12109375,True,True,True,False,"(0, 89384, 89273)","(0, 89384, 89273)","(0, 89384, 89273)",False,True
3967,6939,5,age,0.30078125,True,True,True,False,"(0, 89320, 89272)","(0, 89320, 89272)","(0, 89320, 89272)",False,True
3968,6939,5,age,0.92578125,False,False,False,False,"(0, 89264, 89272)","(0, 89264, 89272)","(0, 89264, 89272)",False,True
3969,6944,5,age,0.13671875,True,True,True,False,"(0, 89368, 89275)","(0, 89368, 89275)","(0, 89368, 89275)",False,True
3970,6944,5,age,0.69921875,False,False,False,False,"(0, 89296, 89275)","(0, 89296, 89275)","(0, 89296, 89275)",False,True
3971,6944,5,age,0.82421875,True,True,True,False,"(0, 89296, 89276)","(0, 89296, 89276)","(0, 89296, 89276)",False,True
3972,6946,5,age,0.13671875,True,True,True,False,"(0, 89368, 89339)","(0, 89368, 89339)","(0, 89368, 89339)",False,True
3973,6946,5,age,0.69921875,False,False,False,False,"(0, 89296, 89339)","(0, 89296, 89339)","(0, 89296, 89339)",False,True
3974,6946,5,age,0.82421875,True,True,True,False,"(0, 89296, 89340)","(0, 89296, 89340)","(0, 89296, 89340)",False,True
3975,6948,5,age,0.13671875,True,True,True,False,"(0, 89368, 89403)","(0, 89368, 89403)","(0, 89368, 89403)",False,True
3976,6948,5,age,0.69921875,False,False,False,False,"(0, 89296, 89403)","(0, 89296, 89403)","(0, 89296, 89403)",False,True
3977,6948,5,age,0.82421875,True,True,True,False,"(0, 89296, 89404)","(0, 89296, 89404)","(0, 89296, 89404)",False,True
3978,6950,5,age,0.07421875,True,True,True,False,"(0, 90992, 91001)","(0, 90992, 91001)","(0, 90992, 91001)",False,True
3979,6950,5,age,0.69921875,False,False,False,False,"(0, 90984, 91001)","(0, 90984, 91001)","(0, 90984, 91001)",False,True
3980,6950,5,age,0.76171875,True,True,True,False,"(0, 90920, 91002)","(0, 90920, 91002)","(0, 90920, 91002)",False,True
3981,6952,5,age,0.13671875,True,True,True,False,"(0, 89368, 89467)","(0, 89368, 89467)","(0, 89368, 89467)",False,True
3982,6952,5,age,0.69921875,False,False,False,False,"(0, 89296, 89467)","(0, 89296, 89467)","(0, 89296, 89467)",False,True
3983,6952,5,age,0.82421875,True,True,True,False,"(0, 89296, 89468)","(0, 89296, 89468)","(0, 89296, 89468)",False,True
3984,6954,5,age,0.07421875,True,True,True,False,"(0, 90992, 91001)","(0, 90992, 91001)","(0, 90992, 91001)",False,True
3985,6954,5,age,0.69921875,False,False,False,False,"(0, 90984, 91001)","(0, 90984, 91001)","(0, 90984, 91001)",False,True
3986,6954,5,age,0.97265625,True,True,True,False,"(0, 90976, 91002)","(0, 90976, 91002)","(0, 90976, 91002)",False,True
3987,6956,5,age,0.13671875,True,True,True,False,"(0, 89368, 89467)","(0, 89368, 89467)","(0, 89368, 89467)",False,True
3988,6956,5,age,0.69921875,False,False,False,False,"(0, 89296, 89467)","(0, 89296, 89467)","(0, 89296, 89467)",False,True
3989,6956,5,age,0.82421875,True,True,True,False,"(0, 89296, 89468)","(0, 89296, 89468)","(0, 89296, 89468)",False,True
3990,6957,5,age,0.12109375,True,True,True,False,"(0, 89768, 89657)","(0, 89768, 89657)","(0, 89768, 89657)",False,True
3991,6957,5,age,0.30078125,True,True,True,False,"(0, 89704, 89656)","(0, 89704, 89656)","(0, 89704, 89656)",False,True
3992,6957,5,age,0.92578125,False,False,False,False,"(0, 89648, 89656)","(0, 89648, 89656)","(0, 89648, 89656)",False,True
3993,6962,5,age,0.13671875,True,True,True,False,"(0, 89752, 89659)","(0, 89752, 89659)","(0, 89752, 89659)",False,True
3994,6962,5,age,0.69921875,False,False,False,False,"(0, 89680, 89659)","(0, 89680, 89659)","(0, 89680, 89659)",False,True
3995,6962,5,age,0.82421875,True,True,True,False,"(0, 89680, 89660)","(0, 89680, 89660)","(0, 89680, 89660)",False,True
3996,6964,5,age,0.13671875,True,True,True,False,"(0, 89752, 89723)","(0, 89752, 89723)","(0, 89752, 89723)",False,True
3997,6964,5,age,0.69921875,False,False,False,False,"(0, 89680, 89723)","(0, 89680, 89723)","(0, 89680, 89723)",False,True
3998,6964,5,age,0.82421875,True,True,True,False,"(0, 89680, 89724)","(0, 89680, 89724)","(0, 89680, 89724)",False,True
3999,6966,5,age,0.13671875,True,True,True,False,"(0, 89752, 89787)","(0, 89752, 89787)","(0, 89752, 89787)",False,True
4000,6966,5,age,0.69921875,False,False,False,False,"(0, 89680, 89787)","(0, 89680, 89787)","(0, 89680, 89787)",False,True
4001,6966,5,age,0.82421875,True,True,True,False,"(0, 89680, 89788)","(0, 89680, 89788)","(0, 89680, 89788)",False,True
4002,6968,5,age,0.07421875,True,True,True,False,"(0, 91376, 91385)","(0, 91376, 91385)","(0, 91376, 91385)",False,True
4003,6968,5,age,0.69921875,False,False,False,False,"(0, 91368, 91385)","(0, 91368, 91385)","(0, 91368, 91385)",False,True
4004,6968,5,age,0.76171875,True,True,True,False,"(0, 91304, 91386)","(0, 91304, 91386)","(0, 91304, 91386)",False,True
4005,6970,5,age,0.13671875,True,True,True,False,"(0, 89752, 89851)","(0, 89752, 89851)","(0, 89752, 89851)",False,True
4006,6970,5,age,0.69921875,False,False,False,False,"(0, 89680, 89851)","(0, 89680, 89851)","(0, 89680, 89851)",False,True
4007,6970,5,age,0.82421875,True,True,True,False,"(0, 89680, 89852)","(0, 89680, 89852)","(0, 89680, 89852)",False,True
4008,6972,5,age,0.07421875,True,True,True,False,"(0, 91376, 91385)","(0, 91376, 91385)","(0, 91376, 91385)",False,True
4009,6972,5,age,0.69921875,False,False,False,False,"(0, 91368, 91385)","(0, 91368, 91385)","(0, 91368, 91385)",False,True
4010,6972,5,age,0.97265625,True,True,True,False,"(0, 91360, 91386)","(0, 91360, 91386)","(0, 91360, 91386)",False,True
4011,6974,5,age,0.13671875,True,True,True,False,"(0, 89752, 89851)","(0, 89752, 89851)","(0, 89752, 89851)",False,True
4012,6974,5,age,0.69921875,False,False,False,False,"(0, 89680, 89851)","(0, 89680, 89851)","(0, 89680, 89851)",False,True
4013,6974,5,age,0.82421875,True,True,True,False,"(0, 89680, 89852)","(0, 89680, 89852)","(0, 89680, 89852)",False,True
4014,6975,5,age,0.12109375,True,True,True,False,"(0, 89768, 89657)","(0, 89768, 89657)","(0, 89768, 89657)",False,True
4015,6975,5,age,0.30078125,True,True,True,False,"(0, 89704, 89656)","(0, 89704, 89656)","(0, 89704, 89656)",False,True
4016,6975,5,age,0.92578125,False,False,False,False,"(0, 89648, 89656)","(0, 89648, 89656)","(0, 89648, 89656)",False,True
4017,6980,5,age,0.13671875,True,True,True,False,"(0, 89752, 89659)","(0, 89752, 89659)","(0, 89752, 89659)",False,True
4018,6980,5,age,0.69921875,False,False,False,False,"(0, 89680, 89659)","(0, 89680, 89659)","(0, 89680, 89659)",False,True
4019,6980,5,age,0.82421875,True,True,True,False,"(0, 89680, 89660)","(0, 89680, 89660)","(0, 89680, 89660)",False,True
4020,6982,5,age,0.13671875,True,True,True,False,"(0, 89752, 89723)","(0, 89752, 89723)","(0, 89752, 89723)",False,True
4021,6982,5,age,0.69921875,False,False,False,False,"(0, 89680, 89723)","(0, 89680, 89723)","(0, 89680, 89723)",False,True
4022,6982,5,age,0.82421875,True,True,True,False,"(0, 89680, 89724)","(0, 89680, 89724)","(0, 89680, 89724)",False,True
4023,6984,5,age,0.13671875,True,True,True,False,"(0, 89752, 89787)","(0, 89752, 89787)","(0, 89752, 89787)",False,True
4024,6984,5,age,0.69921875,False,False,False,False,"(0, 89680, 89787)","(0, 89680, 89787)","(0, 89680, 89787)",False,True
4025,6984,5,age,0.82421875,True,True,True,False,"(0, 89680, 89788)","(0, 89680, 89788)","(0, 89680, 89788)",False,True
4026,6986,5,age,0.07421875,True,True,True,False,"(0, 91376, 91385)","(0, 91376, 91385)","(0, 91376, 91385)",False,True
4027,6986,5,age,0.69921875,False,False,False,False,"(0, 91368, 91385)","(0, 91368, 91385)","(0, 91368, 91385)",False,True
4028,6986,5,age,0.76171875,True,True,True,False,"(0, 91304, 91386)","(0, 91304, 91386)","(0, 91304, 91386)",False,True
4029,6988,5,age,0.13671875,True,True,True,False,"(0, 89752, 89851)","(0, 89752, 89851)","(0, 89752, 89851)",False,True
4030,6988,5,age,0.69921875,False,False,False,False,"(0, 89680, 89851)","(0, 89680, 89851)","(0, 89680, 89851)",False,True
4031,6988,5,age,0.82421875,True,True,True,False,"(0, 89680, 89852)","(0, 89680, 89852)","(0, 89680, 89852)",False,True
4032,6990,5,age,0.07421875,True,True,True,False,"(0, 91376, 91385)","(0, 91376, 91385)","(0, 91376, 91385)",False,True
4033,6990,5,age,0.69921875,False,False,False,False,"(0, 91368, 91385)","(0, 91368, 91385)","(0, 91368, 91385)",False,True
4034,6990,5,age,0.97265625,True,True,True,False,"(0, 91360, 91386)","(0, 91360, 91386)","(0, 91360, 91386)",False,True
4035,6992,5,age,0.13671875,True,True,True,False,"(0, 89752, 89851)","(0, 89752, 89851)","(0, 89752, 89851)",False,True
4036,6992,5,age,0.69921875,False,False,False,False,"(0, 89680, 89851)","(0, 89680, 89851)","(0, 89680, 89851)",False,True
4037,6992,5,age,0.82421875,True,True,True,False,"(0, 89680, 89852)","(0, 89680, 89852)","(0, 89680, 89852)",False,True
4038,6993,5,age,0.12109375,True,True,True,False,"(0, 111656, 111545)","(0, 111656, 111545)","(0, 111656, 111545)",False,True
4039,6993,5,age,0.30078125,True,True,True,False,"(0, 111592, 111544)","(0, 111592, 111544)","(0, 111592, 111544)",False,True
4040,6993,5,age,0.92578125,False,False,False,False,"(0, 111536, 111544)","(0, 111536, 111544)","(0, 111536, 111544)",False,True
4041,6998,5,age,0.13671875,True,True,True,False,"(0, 111640, 111547)","(0, 111640, 111547)","(0, 111640, 111547)",False,True
4042,6998,5,age,0.69921875,False,False,False,False,"(0, 111568, 111547)","(0, 111568, 111547)","(0, 111568, 111547)",False,True
4043,6998,5,age,0.82421875,True,True,True,False,"(0, 111568, 111548)","(0, 111568, 111548)","(0, 111568, 111548)",False,True
4044,7000,5,age,0.13671875,True,True,True,False,"(0, 111640, 111611)","(0, 111640, 111611)","(0, 111640, 111611)",False,True
4045,7000,5,age,0.69921875,False,False,False,False,"(0, 111568, 111611)","(0, 111568, 111611)","(0, 111568, 111611)",False,True
4046,7000,5,age,0.82421875,True,True,True,False,"(0, 111568, 111612)","(0, 111568, 111612)","(0, 111568, 111612)",False,True
4047,7002,5,age,0.13671875,True,True,True,False,"(0, 111640, 111675)","(0, 111640, 111675)","(0, 111640, 111675)",False,True
4048,7002,5,age,0.69921875,False,False,False,False,"(0, 111568, 111675)","(0, 111568, 111675)","(0, 111568, 111675)",False,True
4049,7002,5,age,0.82421875,True,True,True,False,"(0, 111568, 111676)","(0, 111568, 111676)","(0, 111568, 111676)",False,True
4050,7004,5,age,0.07421875,True,True,True,False,"(0, 113264, 113273)","(0, 113264, 113273)","(0, 113264, 113273)",False,True
4051,7004,5,age,0.69921875,False,False,False,False,"(0, 113256, 113273)","(0, 113256, 113273)","(0, 113256, 113273)",False,True
4052,7004,5,age,0.76171875,True,True,True,False,"(0, 113192, 113274)","(0, 113192, 113274)","(0, 113192, 113274)",False,True
4053,7006,5,age,0.13671875,True,True,True,False,"(0, 111640, 111739)","(0, 111640, 111739)","(0, 111640, 111739)",False,True
4054,7006,5,age,0.69921875,False,False,False,False,"(0, 111568, 111739)","(0, 111568, 111739)","(0, 111568, 111739)",False,True
4055,7006,5,age,0.82421875,True,True,True,False,"(0, 111568, 111740)","(0, 111568, 111740)","(0, 111568, 111740)",False,True
4056,7008,5,age,0.07421875,True,True,True,False,"(0, 113264, 113273)","(0, 113264, 113273)","(0, 113264, 113273)",False,True
4057,7008,5,age,0.69921875,False,False,False,False,"(0, 113256, 113273)","(0, 113256, 113273)","(0, 113256, 113273)",False,True
4058,7008,5,age,0.97265625,True,True,True,False,"(0, 113248, 113274)","(0, 113248, 113274)","(0, 113248, 113274)",False,True
4059,7010,5,age,0.13671875,True,True,True,False,"(0, 111640, 111739)","(0, 111640, 111739)","(0, 111640, 111739)",False,True
4060,7010,5,age,0.69921875,False,False,False,False,"(0, 111568, 111739)","(0, 111568, 111739)","(0, 111568, 111739)",False,True
4061,7010,5,age,0.82421875,True,True,True,False,"(0, 111568, 111740)","(0, 111568, 111740)","(0, 111568, 111740)",False,True
4062,7011,5,age,0.12109375,True,True,True,False,"(0, 112040, 111929)","(0, 112040, 111929)","(0, 112040, 111929)",False,True
4063,7011,5,age,0.30078125,True,True,True,False,"(0, 111976, 111928)","(0, 111976, 111928)","(0, 111976, 111928)",False,True
4064,7011,5,age,0.92578125,False,False,False,False,"(0, 111920, 111928)","(0, 111920, 111928)","(0, 111920, 111928)",False,True
4065,7016,5,age,0.13671875,True,True,True,False,"(0, 112024, 111931)","(0, 112024, 111931)","(0, 112024, 111931)",False,True
4066,7016,5,age,0.69921875,False,False,False,False,"(0, 111952, 111931)","(0, 111952, 111931)","(0, 111952, 111931)",False,True
4067,7016,5,age,0.82421875,True,True,True,False,"(0, 111952, 111932)","(0, 111952, 111932)","(0, 111952, 111932)",False,True
4068,7018,5,age,0.13671875,True,True,True,False,"(0, 112024, 111995)","(0, 112024, 111995)","(0, 112024, 111995)",False,True
4069,7018,5,age,0.69921875,False,False,False,False,"(0, 111952, 111995)","(0, 111952, 111995)","(0, 111952, 111995)",False,True
4070,7018,5,age,0.82421875,True,True,True,False,"(0, 111952, 111996)","(0, 111952, 111996)","(0, 111952, 111996)",False,True
4071,7020,5,age,0.13671875,True,True,True,False,"(0, 112024, 112059)","(0, 112024, 112059)","(0, 112024, 112059)",False,True
4072,7020,5,age,0.69921875,False,False,False,False,"(0, 111952, 112059)","(0, 111952, 112059)","(0, 111952, 112059)",False,True
4073,7020,5,age,0.82421875,True,True,True,False,"(0, 111952, 112060)","(0, 111952, 112060)","(0, 111952, 112060)",False,True
4074,7022,5,age,0.07421875,True,True,True,False,"(0, 113648, 113657)","(0, 113648, 113657)","(0, 113648, 113657)",False,True
4075,7022,5,age,0.69921875,False,False,False,False,"(0, 113640, 113657)","(0, 113640, 113657)","(0, 113640, 113657)",False,True
4076,7022,5,age,0.76171875,True,True,True,False,"(0, 113576, 113658)","(0, 113576, 113658)","(0, 113576, 113658)",False,True
4077,7024,5,age,0.13671875,True,True,True,False,"(0, 112024, 112123)","(0, 112024, 112123)","(0, 112024, 112123)",False,True
4078,7024,5,age,0.69921875,False,False,False,False,"(0, 111952, 112123)","(0, 111952, 112123)","(0, 111952, 112123)",False,True
4079,7024,5,age,0.82421875,True,True,True,False,"(0, 111952, 112124)","(0, 111952, 112124)","(0, 111952, 112124)",False,True
4080,7026,5,age,0.07421875,True,True,True,False,"(0, 113648, 113657)","(0, 113648, 113657)","(0, 113648, 113657)",False,True
4081,7026,5,age,0.69921875,False,False,False,False,"(0, 113640, 113657)","(0, 113640, 113657)","(0, 113640, 113657)",False,True
4082,7026,5,age,0.97265625,True,True,True,False,"(0, 113632, 113658)","(0, 113632, 113658)","(0, 113632, 113658)",False,True
4083,7028,5,age,0.13671875,True,True,True,False,"(0, 112024, 112123)","(0, 112024, 112123)","(0, 112024, 112123)",False,True
4084,7028,5,age,0.69921875,False,False,False,False,"(0, 111952, 112123)","(0, 111952, 112123)","(0, 111952, 112123)",False,True
4085,7028,5,age,0.82421875,True,True,True,False,"(0, 111952, 112124)","(0, 111952, 112124)","(0, 111952, 112124)",False,True
4086,7029,5,age,0.12109375,True,True,True,False,"(0, 90920, 90809)","(0, 90920, 90809)","(0, 90920, 90809)",False,True
4087,7029,5,age,0.30078125,True,True,True,False,"(0, 90856, 90808)","(0, 90856, 90808)","(0, 90856, 90808)",False,True
4088,7029,5,age,0.92578125,False,False,False,False,"(0, 90800, 90808)","(0, 90800, 90808)","(0, 90800, 90808)",False,True
4089,7034,5,age,0.13671875,True,True,True,False,"(0, 90904, 90811)","(0, 90904, 90811)","(0, 90904, 90811)",False,True
4090,7034,5,age,0.69921875,False,False,False,False,"(0, 90832, 90811)","(0, 90832, 90811)","(0, 90832, 90811)",False,True
4091,7034,5,age,0.82421875,True,True,True,False,"(0, 90832, 90812)","(0, 90832, 90812)","(0, 90832, 90812)",False,True
4092,7036,5,age,0.13671875,True,True,True,False,"(0, 90904, 90875)","(0, 90904, 90875)","(0, 90904, 90875)",False,True
4093,7036,5,age,0.69921875,False,False,False,False,"(0, 90832, 90875)","(0, 90832, 90875)","(0, 90832, 90875)",False,True
4094,7036,5,age,0.82421875,True,True,True,False,"(0, 90832, 90876)","(0, 90832, 90876)","(0, 90832, 90876)",False,True
4095,7038,5,age,0.13671875,True,True,True,False,"(0, 90904, 90939)","(0, 90904, 90939)","(0, 90904, 90939)",False,True
4096,7038,5,age,0.69921875,False,False,False,False,"(0, 90832, 90939)","(0, 90832, 90939)","(0, 90832, 90939)",False,True
4097,7038,5,age,0.82421875,True,True,True,False,"(0, 90832, 90940)","(0, 90832, 90940)","(0, 90832, 90940)",False,True
4098,7040,5,age,0.07421875,True,True,True,False,"(0, 92528, 92537)","(0, 92528, 92537)","(0, 92528, 92537)",False,True
4099,7040,5,age,0.69921875,False,False,False,False,"(0, 92520, 92537)","(0, 92520, 92537)","(0, 92520, 92537)",False,True
4100,7040,5,age,0.76171875,True,True,True,False,"(0, 92456, 92538)","(0, 92456, 92538)","(0, 92456, 92538)",False,True
4101,7042,5,age,0.13671875,True,True,True,False,"(0, 90904, 91003)","(0, 90904, 91003)","(0, 90904, 91003)",False,True
4102,7042,5,age,0.69921875,False,False,False,False,"(0, 90832, 91003)","(0, 90832, 91003)","(0, 90832, 91003)",False,True
4103,7042,5,age,0.82421875,True,True,True,False,"(0, 90832, 91004)","(0, 90832, 91004)","(0, 90832, 91004)",False,True
4104,7044,5,age,0.07421875,True,True,True,False,"(0, 92528, 92537)","(0, 92528, 92537)","(0, 92528, 92537)",False,True
4105,7044,5,age,0.69921875,False,False,False,False,"(0, 92520, 92537)","(0, 92520, 92537)","(0, 92520, 92537)",False,True
4106,7044,5,age,0.97265625,True,True,True,False,"(0, 92512, 92538)","(0, 92512, 92538)","(0, 92512, 92538)",False,True
4107,7046,5,age,0.13671875,True,True,True,False,"(0, 90904, 91003)","(0, 90904, 91003)","(0, 90904, 91003)",False,True
4108,7046,5,age,0.69921875,False,False,False,False,"(0, 90832, 91003)","(0, 90832, 91003)","(0, 90832, 91003)",False,True
4109,7046,5,age,0.82421875,True,True,True,False,"(0, 90832, 91004)","(0, 90832, 91004)","(0, 90832, 91004)",False,True
4110,7047,5,age,0.12109375,True,True,True,False,"(0, 91304, 91193)","(0, 91304, 91193)","(0, 91304, 91193)",False,True
4111,7047,5,age,0.30078125,True,True,True,False,"(0, 91240, 91192)","(0, 91240, 91192)","(0, 91240, 91192)",False,True
4112,7047,5,age,0.92578125,False,False,False,False,"(0, 91184, 91192)","(0, 91184, 91192)","(0, 91184, 91192)",False,True
4113,7052,5,age,0.13671875,True,True,True,False,"(0, 91288, 91195)","(0, 91288, 91195)","(0, 91288, 91195)",False,True
4114,7052,5,age,0.69921875,False,False,False,False,"(0, 91216, 91195)","(0, 91216, 91195)","(0, 91216, 91195)",False,True
4115,7052,5,age,0.82421875,True,True,True,False,"(0, 91216, 91196)","(0, 91216, 91196)","(0, 91216, 91196)",False,True
4116,7054,5,age,0.13671875,True,True,True,False,"(0, 91288, 91259)","(0, 91288, 91259)","(0, 91288, 91259)",False,True
4117,7054,5,age,0.69921875,False,False,False,False,"(0, 91216, 91259)","(0, 91216, 91259)","(0, 91216, 91259)",False,True
4118,7054,5,age,0.82421875,True,True,True,False,"(0, 91216, 91260)","(0, 91216, 91260)","(0, 91216, 91260)",False,True
4119,7056,5,age,0.13671875,True,True,True,False,"(0, 91288, 91323)","(0, 91288, 91323)","(0, 91288, 91323)",False,True
4120,7056,5,age,0.69921875,False,False,False,False,"(0, 91216, 91323)","(0, 91216, 91323)","(0, 91216, 91323)",False,True
4121,7056,5,age,0.82421875,True,True,True,False,"(0, 91216, 91324)","(0, 91216, 91324)","(0, 91216, 91324)",False,True
4122,7058,5,age,0.07421875,True,True,True,False,"(0, 92912, 92921)","(0, 92912, 92921)","(0, 92912, 92921)",False,True
4123,7058,5,age,0.69921875,False,False,False,False,"(0, 92904, 92921)","(0, 92904, 92921)","(0, 92904, 92921)",False,True
4124,7058,5,age,0.76171875,True,True,True,False,"(0, 92840, 92922)","(0, 92840, 92922)","(0, 92840, 92922)",False,True
4125,7060,5,age,0.13671875,True,True,True,False,"(0, 91288, 91387)","(0, 91288, 91387)","(0, 91288, 91387)",False,True
4126,7060,5,age,0.69921875,False,False,False,False,"(0, 91216, 91387)","(0, 91216, 91387)","(0, 91216, 91387)",False,True
4127,7060,5,age,0.82421875,True,True,True,False,"(0, 91216, 91388)","(0, 91216, 91388)","(0, 91216, 91388)",False,True
4128,7062,5,age,0.07421875,True,True,True,False,"(0, 92912, 92921)","(0, 92912, 92921)","(0, 92912, 92921)",False,True
4129,7062,5,age,0.69921875,False,False,False,False,"(0, 92904, 92921)","(0, 92904, 92921)","(0, 92904, 92921)",False,True
4130,7062,5,age,0.97265625,True,True,True,False,"(0, 92896, 92922)","(0, 92896, 92922)","(0, 92896, 92922)",False,True
4131,7064,5,age,0.13671875,True,True,True,False,"(0, 91288, 91387)","(0, 91288, 91387)","(0, 91288, 91387)",False,True
4132,7064,5,age,0.69921875,False,False,False,False,"(0, 91216, 91387)","(0, 91216, 91387)","(0, 91216, 91387)",False,True
4133,7064,5,age,0.82421875,True,True,True,False,"(0, 91216, 91388)","(0, 91216, 91388)","(0, 91216, 91388)",False,True
4134,7065,5,age,0.12109375,True,True,True,False,"(0, 91304, 91193)","(0, 91304, 91193)","(0, 91304, 91193)",False,True
4135,7065,5,age,0.30078125,True,True,True,False,"(0, 91240, 91192)","(0, 91240, 91192)","(0, 91240, 91192)",False,True
4136,7065,5,age,0.92578125,False,False,False,False,"(0, 91184, 91192)","(0, 91184, 91192)","(0, 91184, 91192)",False,True
4137,7070,5,age,0.13671875,True,True,True,False,"(0, 91288, 91195)","(0, 91288, 91195)","(0, 91288, 91195)",False,True
4138,7070,5,age,0.69921875,False,False,False,False,"(0, 91216, 91195)","(0, 91216, 91195)","(0, 91216, 91195)",False,True
4139,7070,5,age,0.82421875,True,True,True,False,"(0, 91216, 91196)","(0, 91216, 91196)","(0, 91216, 91196)",False,True
4140,7072,5,age,0.13671875,True,True,True,False,"(0, 91288, 91259)","(0, 91288, 91259)","(0, 91288, 91259)",False,True
4141,7072,5,age,0.69921875,False,False,False,False,"(0, 91216, 91259)","(0, 91216, 91259)","(0, 91216, 91259)",False,True
4142,7072,5,age,0.82421875,True,True,True,False,"(0, 91216, 91260)","(0, 91216, 91260)","(0, 91216, 91260)",False,True
4143,7074,5,age,0.13671875,True,True,True,False,"(0, 91288, 91323)","(0, 91288, 91323)","(0, 91288, 91323)",False,True
4144,7074,5,age,0.69921875,False,False,False,False,"(0, 91216, 91323)","(0, 91216, 91323)","(0, 91216, 91323)",False,True
4145,7074,5,age,0.82421875,True,True,True,False,"(0, 91216, 91324)","(0, 91216, 91324)","(0, 91216, 91324)",False,True
4146,7076,5,age,0.07421875,True,True,True,False,"(0, 92912, 92921)","(0, 92912, 92921)","(0, 92912, 92921)",False,True
4147,7076,5,age,0.69921875,False,False,False,False,"(0, 92904, 92921)","(0, 92904, 92921)","(0, 92904, 92921)",False,True
4148,7076,5,age,0.76171875,True,True,True,False,"(0, 92840, 92922)","(0, 92840, 92922)","(0, 92840, 92922)",False,True
4149,7078,5,age,0.13671875,True,True,True,False,"(0, 91288, 91387)","(0, 91288, 91387)","(0, 91288, 91387)",False,True
4150,7078,5,age,0.69921875,False,False,False,False,"(0, 91216, 91387)","(0, 91216, 91387)","(0, 91216, 91387)",False,True
4151,7078,5,age,0.82421875,True,True,True,False,"(0, 91216, 91388)","(0, 91216, 91388)","(0, 91216, 91388)",False,True
4152,7080,5,age,0.07421875,True,True,True,False,"(0, 92912, 92921)","(0, 92912, 92921)","(0, 92912, 92921)",False,True
4153,7080,5,age,0.69921875,False,False,False,False,"(0, 92904, 92921)","(0, 92904, 92921)","(0, 92904, 92921)",False,True
4154,7080,5,age,0.97265625,True,True,True,False,"(0, 92896, 92922)","(0, 92896, 92922)","(0, 92896, 92922)",False,True
4155,7082,5,age,0.13671875,True,True,True,False,"(0, 91288, 91387)","(0, 91288, 91387)","(0, 91288, 91387)",False,True
4156,7082,5,age,0.69921875,False,False,False,False,"(0, 91216, 91387)","(0, 91216, 91387)","(0, 91216, 91387)",False,True
4157,7082,5,age,0.82421875,True,True,True,False,"(0, 91216, 91388)","(0, 91216, 91388)","(0, 91216, 91388)",False,True
4158,7083,5,age,0.12109375,True,True,True,False,"(0, 113192, 113081)","(0, 113192, 113081)","(0, 113192, 113081)",False,True
4159,7083,5,age,0.30078125,True,True,True,False,"(0, 113128, 113080)","(0, 113128, 113080)","(0, 113128, 113080)",False,True
4160,7083,5,age,0.92578125,False,False,False,False,"(0, 113072, 113080)","(0, 113072, 113080)","(0, 113072, 113080)",False,True
4161,7088,5,age,0.13671875,True,True,True,False,"(0, 113176, 113083)","(0, 113176, 113083)","(0, 113176, 113083)",False,True
4162,7088,5,age,0.69921875,False,False,False,False,"(0, 113104, 113083)","(0, 113104, 113083)","(0, 113104, 113083)",False,True
4163,7088,5,age,0.82421875,True,True,True,False,"(0, 113104, 113084)","(0, 113104, 113084)","(0, 113104, 113084)",False,True
4164,7090,5,age,0.13671875,True,True,True,False,"(0, 113176, 113147)","(0, 113176, 113147)","(0, 113176, 113147)",False,True
4165,7090,5,age,0.69921875,False,False,False,False,"(0, 113104, 113147)","(0, 113104, 113147)","(0, 113104, 113147)",False,True
4166,7090,5,age,0.82421875,True,True,True,False,"(0, 113104, 113148)","(0, 113104, 113148)","(0, 113104, 113148)",False,True
4167,7092,5,age,0.13671875,True,True,True,False,"(0, 113176, 113211)","(0, 113176, 113211)","(0, 113176, 113211)",False,True
4168,7092,5,age,0.69921875,False,False,False,False,"(0, 113104, 113211)","(0, 113104, 113211)","(0, 113104, 113211)",False,True
4169,7092,5,age,0.82421875,True,True,True,False,"(0, 113104, 113212)","(0, 113104, 113212)","(0, 113104, 113212)",False,True
4170,7094,5,age,0.07421875,True,True,True,False,"(0, 114800, 114809)","(0, 114800, 114809)","(0, 114800, 114809)",False,True
4171,7094,5,age,0.69921875,False,False,False,False,"(0, 114792, 114809)","(0, 114792, 114809)","(0, 114792, 114809)",False,True
4172,7094,5,age,0.76171875,True,True,True,False,"(0, 114728, 114810)","(0, 114728, 114810)","(0, 114728, 114810)",False,True
4173,7096,5,age,0.13671875,True,True,True,False,"(0, 113176, 113275)","(0, 113176, 113275)","(0, 113176, 113275)",False,True
4174,7096,5,age,0.69921875,False,False,False,False,"(0, 113104, 113275)","(0, 113104, 113275)","(0, 113104, 113275)",False,True
4175,7096,5,age,0.82421875,True,True,True,False,"(0, 113104, 113276)","(0, 113104, 113276)","(0, 113104, 113276)",False,True
4176,7098,5,age,0.07421875,True,True,True,False,"(0, 114800, 114809)","(0, 114800, 114809)","(0, 114800, 114809)",False,True
4177,7098,5,age,0.69921875,False,False,False,False,"(0, 114792, 114809)","(0, 114792, 114809)","(0, 114792, 114809)",False,True
4178,7098,5,age,0.97265625,True,True,True,False,"(0, 114784, 114810)","(0, 114784, 114810)","(0, 114784, 114810)",False,True
4179,7100,5,age,0.13671875,True,True,True,False,"(0, 113176, 113275)","(0, 113176, 113275)","(0, 113176, 113275)",False,True
4180,7100,5,age,0.69921875,False,False,False,False,"(0, 113104, 113275)","(0, 113104, 113275)","(0, 113104, 113275)",False,True
4181,7100,5,age,0.82421875,True,True,True,False,"(0, 113104, 113276)","(0, 113104, 113276)","(0, 113104, 113276)",False,True
4182,7101,5,age,0.12109375,True,True,True,False,"(0, 113576, 113465)","(0, 113576, 113465)","(0, 113576, 113465)",False,True
4183,7101,5,age,0.30078125,True,True,True,False,"(0, 113512, 113464)","(0, 113512, 113464)","(0, 113512, 113464)",False,True
4184,7101,5,age,0.92578125,False,False,False,False,"(0, 113456, 113464)","(0, 113456, 113464)","(0, 113456, 113464)",False,True
4185,7106,5,age,0.13671875,True,True,True,False,"(0, 113560, 113467)","(0, 113560, 113467)","(0, 113560, 113467)",False,True
4186,7106,5,age,0.69921875,False,False,False,False,"(0, 113488, 113467)","(0, 113488, 113467)","(0, 113488, 113467)",False,True
4187,7106,5,age,0.82421875,True,True,True,False,"(0, 113488, 113468)","(0, 113488, 113468)","(0, 113488, 113468)",False,True
4188,7108,5,age,0.13671875,True,True,True,False,"(0, 113560, 113531)","(0, 113560, 113531)","(0, 113560, 113531)",False,True
4189,7108,5,age,0.69921875,False,False,False,False,"(0, 113488, 113531)","(0, 113488, 113531)","(0, 113488, 113531)",False,True
4190,7108,5,age,0.82421875,True,True,True,False,"(0, 113488, 113532)","(0, 113488, 113532)","(0, 113488, 113532)",False,True
4191,7110,5,age,0.13671875,True,True,True,False,"(0, 113560, 113595)","(0, 113560, 113595)","(0, 113560, 113595)",False,True
4192,7110,5,age,0.69921875,False,False,False,False,"(0, 113488, 113595)","(0, 113488, 113595)","(0, 113488, 113595)",False,True
4193,7110,5,age,0.82421875,True,True,True,False,"(0, 113488, 113596)","(0, 113488, 113596)","(0, 113488, 113596)",False,True
4194,7112,5,age,0.07421875,True,True,True,False,"(0, 115184, 115193)","(0, 115184, 115193)","(0, 115184, 115193)",False,True
4195,7112,5,age,0.69921875,False,False,False,False,"(0, 115176, 115193)","(0, 115176, 115193)","(0, 115176, 115193)",False,True
4196,7112,5,age,0.76171875,True,True,True,False,"(0, 115112, 115194)","(0, 115112, 115194)","(0, 115112, 115194)",False,True
4197,7114,5,age,0.13671875,True,True,True,False,"(0, 113560, 113659)","(0, 113560, 113659)","(0, 113560, 113659)",False,True
4198,7114,5,age,0.69921875,False,False,False,False,"(0, 113488, 113659)","(0, 113488, 113659)","(0, 113488, 113659)",False,True
4199,7114,5,age,0.82421875,True,True,True,False,"(0, 113488, 113660)","(0, 113488, 113660)","(0, 113488, 113660)",False,True
4200,7116,5,age,0.07421875,True,True,True,False,"(0, 115184, 115193)","(0, 115184, 115193)","(0, 115184, 115193)",False,True
4201,7116,5,age,0.69921875,False,False,False,False,"(0, 115176, 115193)","(0, 115176, 115193)","(0, 115176, 115193)",False,True
4202,7116,5,age,0.97265625,True,True,True,False,"(0, 115168, 115194)","(0, 115168, 115194)","(0, 115168, 115194)",False,True
4203,7118,5,age,0.13671875,True,True,True,False,"(0, 113560, 113659)","(0, 113560, 113659)","(0, 113560, 113659)",False,True
4204,7118,5,age,0.69921875,False,False,False,False,"(0, 113488, 113659)","(0, 113488, 113659)","(0, 113488, 113659)",False,True
4205,7118,5,age,0.82421875,True,True,True,False,"(0, 113488, 113660)","(0, 113488, 113660)","(0, 113488, 113660)",False,True
4206,7119,5,age,0.12109375,True,True,True,False,"(0, 92456, 92345)","(0, 92456, 92345)","(0, 92456, 92345)",False,True
4207,7119,5,age,0.30078125,True,True,True,False,"(0, 92392, 92344)","(0, 92392, 92344)","(0, 92392, 92344)",False,True
4208,7119,5,age,0.92578125,False,False,False,False,"(0, 92336, 92344)","(0, 92336, 92344)","(0, 92336, 92344)",False,True
4209,7124,5,age,0.13671875,True,True,True,False,"(0, 92440, 92347)","(0, 92440, 92347)","(0, 92440, 92347)",False,True
4210,7124,5,age,0.69921875,False,False,False,False,"(0, 92368, 92347)","(0, 92368, 92347)","(0, 92368, 92347)",False,True
4211,7124,5,age,0.82421875,True,True,True,False,"(0, 92368, 92348)","(0, 92368, 92348)","(0, 92368, 92348)",False,True
4212,7126,5,age,0.13671875,True,True,True,False,"(0, 92440, 92411)","(0, 92440, 92411)","(0, 92440, 92411)",False,True
4213,7126,5,age,0.69921875,False,False,False,False,"(0, 92368, 92411)","(0, 92368, 92411)","(0, 92368, 92411)",False,True
4214,7126,5,age,0.82421875,True,True,True,False,"(0, 92368, 92412)","(0, 92368, 92412)","(0, 92368, 92412)",False,True
4215,7128,5,age,0.13671875,True,True,True,False,"(0, 92440, 92475)","(0, 92440, 92475)","(0, 92440, 92475)",False,True
4216,7128,5,age,0.69921875,False,False,False,False,"(0, 92368, 92475)","(0, 92368, 92475)","(0, 92368, 92475)",False,True
4217,7128,5,age,0.82421875,True,True,True,False,"(0, 92368, 92476)","(0, 92368, 92476)","(0, 92368, 92476)",False,True
4218,7130,5,age,0.07421875,True,True,True,False,"(0, 94064, 94073)","(0, 94064, 94073)","(0, 94064, 94073)",False,True
4219,7130,5,age,0.69921875,False,False,False,False,"(0, 94056, 94073)","(0, 94056, 94073)","(0, 94056, 94073)",False,True
4220,7130,5,age,0.76171875,True,True,True,False,"(0, 93992, 94074)","(0, 93992, 94074)","(0, 93992, 94074)",False,True
4221,7132,5,age,0.13671875,True,True,True,False,"(0, 92440, 92539)","(0, 92440, 92539)","(0, 92440, 92539)",False,True
4222,7132,5,age,0.69921875,False,False,False,False,"(0, 92368, 92539)","(0, 92368, 92539)","(0, 92368, 92539)",False,True
4223,7132,5,age,0.82421875,True,True,True,False,"(0, 92368, 92540)","(0, 92368, 92540)","(0, 92368, 92540)",False,True
4224,7134,5,age,0.07421875,True,True,True,False,"(0, 94064, 94073)","(0, 94064, 94073)","(0, 94064, 94073)",False,True
4225,7134,5,age,0.69921875,False,False,False,False,"(0, 94056, 94073)","(0, 94056, 94073)","(0, 94056, 94073)",False,True
4226,7134,5,age,0.97265625,True,True,True,False,"(0, 94048, 94074)","(0, 94048, 94074)","(0, 94048, 94074)",False,True
4227,7136,5,age,0.13671875,True,True,True,False,"(0, 92440, 92539)","(0, 92440, 92539)","(0, 92440, 92539)",False,True
4228,7136,5,age,0.69921875,False,False,False,False,"(0, 92368, 92539)","(0, 92368, 92539)","(0, 92368, 92539)",False,True
4229,7136,5,age,0.82421875,True,True,True,False,"(0, 92368, 92540)","(0, 92368, 92540)","(0, 92368, 92540)",False,True
4230,7137,5,age,0.12109375,True,True,True,False,"(0, 92840, 92729)","(0, 92840, 92729)","(0, 92840, 92729)",False,True
4231,7137,5,age,0.30078125,True,True,True,False,"(0, 92776, 92728)","(0, 92776, 92728)","(0, 92776, 92728)",False,True
4232,7137,5,age,0.92578125,False,False,False,False,"(0, 92720, 92728)","(0, 92720, 92728)","(0, 92720, 92728)",False,True
4233,7142,5,age,0.13671875,True,True,True,False,"(0, 92824, 92731)","(0, 92824, 92731)","(0, 92824, 92731)",False,True
4234,7142,5,age,0.69921875,False,False,False,False,"(0, 92752, 92731)","(0, 92752, 92731)","(0, 92752, 92731)",False,True
4235,7142,5,age,0.82421875,True,True,True,False,"(0, 92752, 92732)","(0, 92752, 92732)","(0, 92752, 92732)",False,True
4236,7144,5,age,0.13671875,True,True,True,False,"(0, 92824, 92795)","(0, 92824, 92795)","(0, 92824, 92795)",False,True
4237,7144,5,age,0.69921875,False,False,False,False,"(0, 92752, 92795)","(0, 92752, 92795)","(0, 92752, 92795)",False,True
4238,7144,5,age,0.82421875,True,True,True,False,"(0, 92752, 92796)","(0, 92752, 92796)","(0, 92752, 92796)",False,True
4239,7146,5,age,0.13671875,True,True,True,False,"(0, 92824, 92859)","(0, 92824, 92859)","(0, 92824, 92859)",False,True
4240,7146,5,age,0.69921875,False,False,False,False,"(0, 92752, 92859)","(0, 92752, 92859)","(0, 92752, 92859)",False,True
4241,7146,5,age,0.82421875,True,True,True,False,"(0, 92752, 92860)","(0, 92752, 92860)","(0, 92752, 92860)",False,True
4242,7148,5,age,0.07421875,True,True,True,False,"(0, 94448, 94457)","(0, 94448, 94457)","(0, 94448, 94457)",False,True
4243,7148,5,age,0.69921875,False,False,False,False,"(0, 94440, 94457)","(0, 94440, 94457)","(0, 94440, 94457)",False,True
4244,7148,5,age,0.76171875,True,True,True,False,"(0, 94376, 94458)","(0, 94376, 94458)","(0, 94376, 94458)",False,True
4245,7150,5,age,0.13671875,True,True,True,False,"(0, 92824, 92923)","(0, 92824, 92923)","(0, 92824, 92923)",False,True
4246,7150,5,age,0.69921875,False,False,False,False,"(0, 92752, 92923)","(0, 92752, 92923)","(0, 92752, 92923)",False,True
4247,7150,5,age,0.82421875,True,True,True,False,"(0, 92752, 92924)","(0, 92752, 92924)","(0, 92752, 92924)",False,True
4248,7152,5,age,0.07421875,True,True,True,False,"(0, 94448, 94457)","(0, 94448, 94457)","(0, 94448, 94457)",False,True
4249,7152,5,age,0.69921875,False,False,False,False,"(0, 94440, 94457)","(0, 94440, 94457)","(0, 94440, 94457)",False,True
4250,7152,5,age,0.97265625,True,True,True,False,"(0, 94432, 94458)","(0, 94432, 94458)","(0, 94432, 94458)",False,True
4251,7154,5,age,0.13671875,True,True,True,False,"(0, 92824, 92923)","(0, 92824, 92923)","(0, 92824, 92923)",False,True
4252,7154,5,age,0.69921875,False,False,False,False,"(0, 92752, 92923)","(0, 92752, 92923)","(0, 92752, 92923)",False,True
4253,7154,5,age,0.82421875,True,True,True,False,"(0, 92752, 92924)","(0, 92752, 92924)","(0, 92752, 92924)",False,True
4254,7155,5,age,0.12109375,True,True,True,False,"(0, 92840, 92729)","(0, 92840, 92729)","(0, 92840, 92729)",False,True
4255,7155,5,age,0.30078125,True,True,True,False,"(0, 92776, 92728)","(0, 92776, 92728)","(0, 92776, 92728)",False,True
4256,7155,5,age,0.92578125,False,False,False,False,"(0, 92720, 92728)","(0, 92720, 92728)","(0, 92720, 92728)",False,True
4257,7160,5,age,0.13671875,True,True,True,False,"(0, 92824, 92731)","(0, 92824, 92731)","(0, 92824, 92731)",False,True
4258,7160,5,age,0.69921875,False,False,False,False,"(0, 92752, 92731)","(0, 92752, 92731)","(0, 92752, 92731)",False,True
4259,7160,5,age,0.82421875,True,True,True,False,"(0, 92752, 92732)","(0, 92752, 92732)","(0, 92752, 92732)",False,True
4260,7162,5,age,0.13671875,True,True,True,False,"(0, 92824, 92795)","(0, 92824, 92795)","(0, 92824, 92795)",False,True
4261,7162,5,age,0.69921875,False,False,False,False,"(0, 92752, 92795)","(0, 92752, 92795)","(0, 92752, 92795)",False,True
4262,7162,5,age,0.82421875,True,True,True,False,"(0, 92752, 92796)","(0, 92752, 92796)","(0, 92752, 92796)",False,True
4263,7164,5,age,0.13671875,True,True,True,False,"(0, 92824, 92859)","(0, 92824, 92859)","(0, 92824, 92859)",False,True
4264,7164,5,age,0.69921875,False,False,False,False,"(0, 92752, 92859)","(0, 92752, 92859)","(0, 92752, 92859)",False,True
4265,7164,5,age,0.82421875,True,True,True,False,"(0, 92752, 92860)","(0, 92752, 92860)","(0, 92752, 92860)",False,True
4266,7166,5,age,0.07421875,True,True,True,False,"(0, 94448, 94457)","(0, 94448, 94457)","(0, 94448, 94457)",False,True
4267,7166,5,age,0.69921875,False,False,False,False,"(0, 94440, 94457)","(0, 94440, 94457)","(0, 94440, 94457)",False,True
4268,7166,5,age,0.76171875,True,True,True,False,"(0, 94376, 94458)","(0, 94376, 94458)","(0, 94376, 94458)",False,True
4269,7168,5,age,0.13671875,True,True,True,False,"(0, 92824, 92923)","(0, 92824, 92923)","(0, 92824, 92923)",False,True
4270,7168,5,age,0.69921875,False,False,False,False,"(0, 92752, 92923)","(0, 92752, 92923)","(0, 92752, 92923)",False,True
4271,7168,5,age,0.82421875,True,True,True,False,"(0, 92752, 92924)","(0, 92752, 92924)","(0, 92752, 92924)",False,True
4272,7170,5,age,0.07421875,True,True,True,False,"(0, 94448, 94457)","(0, 94448, 94457)","(0, 94448, 94457)",False,True
4273,7170,5,age,0.69921875,False,False,False,False,"(0, 94440, 94457)","(0, 94440, 94457)","(0, 94440, 94457)",False,True
4274,7170,5,age,0.97265625,True,True,True,False,"(0, 94432, 94458)","(0, 94432, 94458)","(0, 94432, 94458)",False,True
4275,7172,5,age,0.13671875,True,True,True,False,"(0, 92824, 92923)","(0, 92824, 92923)","(0, 92824, 92923)",False,True
4276,7172,5,age,0.69921875,False,False,False,False,"(0, 92752, 92923)","(0, 92752, 92923)","(0, 92752, 92923)",False,True
4277,7172,5,age,0.82421875,True,True,True,False,"(0, 92752, 92924)","(0, 92752, 92924)","(0, 92752, 92924)",False,True
4278,7173,5,age,0.12109375,True,True,True,False,"(0, 114728, 114617)","(0, 114728, 114617)","(0, 114728, 114617)",False,True
4279,7173,5,age,0.30078125,True,True,True,False,"(0, 114664, 114616)","(0, 114664, 114616)","(0, 114664, 114616)",False,True
4280,7173,5,age,0.92578125,False,False,False,False,"(0, 114608, 114616)","(0, 114608, 114616)","(0, 114608, 114616)",False,True
4281,7178,5,age,0.13671875,True,True,True,False,"(0, 114712, 114619)","(0, 114712, 114619)","(0, 114712, 114619)",False,True
4282,7178,5,age,0.69921875,False,False,False,False,"(0, 114640, 114619)","(0, 114640, 114619)","(0, 114640, 114619)",False,True
4283,7178,5,age,0.82421875,True,True,True,False,"(0, 114640, 114620)","(0, 114640, 114620)","(0, 114640, 114620)",False,True
4284,7180,5,age,0.13671875,True,True,True,False,"(0, 114712, 114683)","(0, 114712, 114683)","(0, 114712, 114683)",False,True
4285,7180,5,age,0.69921875,False,False,False,False,"(0, 114640, 114683)","(0, 114640, 114683)","(0, 114640, 114683)",False,True
4286,7180,5,age,0.82421875,True,True,True,False,"(0, 114640, 114684)","(0, 114640, 114684)","(0, 114640, 114684)",False,True
4287,7182,5,age,0.13671875,True,True,True,False,"(0, 114712, 114747)","(0, 114712, 114747)","(0, 114712, 114747)",False,True
4288,7182,5,age,0.69921875,False,False,False,False,"(0, 114640, 114747)","(0, 114640, 114747)","(0, 114640, 114747)",False,True
4289,7182,5,age,0.82421875,True,True,True,False,"(0, 114640, 114748)","(0, 114640, 114748)","(0, 114640, 114748)",False,True
4290,7184,5,age,0.07421875,True,True,True,False,"(0, 116336, 116345)","(0, 116336, 116345)","(0, 116336, 116345)",False,True
4291,7184,5,age,0.69921875,False,False,False,False,"(0, 116328, 116345)","(0, 116328, 116345)","(0, 116328, 116345)",False,True
4292,7184,5,age,0.76171875,True,True,True,False,"(0, 116264, 116346)","(0, 116264, 116346)","(0, 116264, 116346)",False,True
4293,7186,5,age,0.13671875,True,True,True,False,"(0, 114712, 114811)","(0, 114712, 114811)","(0, 114712, 114811)",False,True
4294,7186,5,age,0.69921875,False,False,False,False,"(0, 114640, 114811)","(0, 114640, 114811)","(0, 114640, 114811)",False,True
4295,7186,5,age,0.82421875,True,True,True,False,"(0, 114640, 114812)","(0, 114640, 114812)","(0, 114640, 114812)",False,True
4296,7188,5,age,0.07421875,True,True,True,False,"(0, 116336, 116345)","(0, 116336, 116345)","(0, 116336, 116345)",False,True
4297,7188,5,age,0.69921875,False,False,False,False,"(0, 116328, 116345)","(0, 116328, 116345)","(0, 116328, 116345)",False,True
4298,7188,5,age,0.97265625,True,True,True,False,"(0, 116320, 116346)","(0, 116320, 116346)","(0, 116320, 116346)",False,True
4299,7190,5,age,0.13671875,True,True,True,False,"(0, 114712, 114811)","(0, 114712, 114811)","(0, 114712, 114811)",False,True
4300,7190,5,age,0.69921875,False,False,False,False,"(0, 114640, 114811)","(0, 114640, 114811)","(0, 114640, 114811)",False,True
4301,7190,5,age,0.82421875,True,True,True,False,"(0, 114640, 114812)","(0, 114640, 114812)","(0, 114640, 114812)",False,True
4302,7191,5,age,0.12109375,True,True,True,False,"(0, 115112, 115001)","(0, 115112, 115001)","(0, 115112, 115001)",False,True
4303,7191,5,age,0.30078125,True,True,True,False,"(0, 115048, 115000)","(0, 115048, 115000)","(0, 115048, 115000)",False,True
4304,7191,5,age,0.92578125,False,False,False,False,"(0, 114992, 115000)","(0, 114992, 115000)","(0, 114992, 115000)",False,True
4305,7196,5,age,0.13671875,True,True,True,False,"(0, 115096, 115003)","(0, 115096, 115003)","(0, 115096, 115003)",False,True
4306,7196,5,age,0.69921875,False,False,False,False,"(0, 115024, 115003)","(0, 115024, 115003)","(0, 115024, 115003)",False,True
4307,7196,5,age,0.82421875,True,True,True,False,"(0, 115024, 115004)","(0, 115024, 115004)","(0, 115024, 115004)",False,True
4308,7198,5,age,0.13671875,True,True,True,False,"(0, 115096, 115067)","(0, 115096, 115067)","(0, 115096, 115067)",False,True
4309,7198,5,age,0.69921875,False,False,False,False,"(0, 115024, 115067)","(0, 115024, 115067)","(0, 115024, 115067)",False,True
4310,7198,5,age,0.82421875,True,True,True,False,"(0, 115024, 115068)","(0, 115024, 115068)","(0, 115024, 115068)",False,True
4311,7200,5,age,0.13671875,True,True,True,False,"(0, 115096, 115131)","(0, 115096, 115131)","(0, 115096, 115131)",False,True
4312,7200,5,age,0.69921875,False,False,False,False,"(0, 115024, 115131)","(0, 115024, 115131)","(0, 115024, 115131)",False,True
4313,7200,5,age,0.82421875,True,True,True,False,"(0, 115024, 115132)","(0, 115024, 115132)","(0, 115024, 115132)",False,True
4314,7202,5,age,0.07421875,True,True,True,False,"(0, 116720, 116729)","(0, 116720, 116729)","(0, 116720, 116729)",False,True
4315,7202,5,age,0.69921875,False,False,False,False,"(0, 116712, 116729)","(0, 116712, 116729)","(0, 116712, 116729)",False,True
4316,7202,5,age,0.76171875,True,True,True,False,"(0, 116648, 116730)","(0, 116648, 116730)","(0, 116648, 116730)",False,True
4317,7204,5,age,0.13671875,True,True,True,False,"(0, 115096, 115195)","(0, 115096, 115195)","(0, 115096, 115195)",False,True
4318,7204,5,age,0.69921875,False,False,False,False,"(0, 115024, 115195)","(0, 115024, 115195)","(0, 115024, 115195)",False,True
4319,7204,5,age,0.82421875,True,True,True,False,"(0, 115024, 115196)","(0, 115024, 115196)","(0, 115024, 115196)",False,True
4320,7206,5,age,0.07421875,True,True,True,False,"(0, 116720, 116729)","(0, 116720, 116729)","(0, 116720, 116729)",False,True
4321,7206,5,age,0.69921875,False,False,False,False,"(0, 116712, 116729)","(0, 116712, 116729)","(0, 116712, 116729)",False,True
4322,7206,5,age,0.97265625,True,True,True,False,"(0, 116704, 116730)","(0, 116704, 116730)","(0, 116704, 116730)",False,True
4323,7208,5,age,0.13671875,True,True,True,False,"(0, 115096, 115195)","(0, 115096, 115195)","(0, 115096, 115195)",False,True
4324,7208,5,age,0.69921875,False,False,False,False,"(0, 115024, 115195)","(0, 115024, 115195)","(0, 115024, 115195)",False,True
4325,7208,5,age,0.82421875,True,True,True,False,"(0, 115024, 115196)","(0, 115024, 115196)","(0, 115024, 115196)",False,True
4326,7209,5,age,0.12109375,True,True,True,False,"(0, 93992, 93881)","(0, 93992, 93881)","(0, 93992, 93881)",False,True
4327,7209,5,age,0.30078125,True,True,True,False,"(0, 93928, 93880)","(0, 93928, 93880)","(0, 93928, 93880)",False,True
4328,7209,5,age,0.92578125,False,False,False,False,"(0, 93872, 93880)","(0, 93872, 93880)","(0, 93872, 93880)",False,True
4329,7214,5,age,0.13671875,True,True,True,False,"(0, 93976, 93883)","(0, 93976, 93883)","(0, 93976, 93883)",False,True
4330,7214,5,age,0.69921875,False,False,False,False,"(0, 93904, 93883)","(0, 93904, 93883)","(0, 93904, 93883)",False,True
4331,7214,5,age,0.82421875,True,True,True,False,"(0, 93904, 93884)","(0, 93904, 93884)","(0, 93904, 93884)",False,True
4332,7216,5,age,0.13671875,True,True,True,False,"(0, 93976, 93947)","(0, 93976, 93947)","(0, 93976, 93947)",False,True
4333,7216,5,age,0.69921875,False,False,False,False,"(0, 93904, 93947)","(0, 93904, 93947)","(0, 93904, 93947)",False,True
4334,7216,5,age,0.82421875,True,True,True,False,"(0, 93904, 93948)","(0, 93904, 93948)","(0, 93904, 93948)",False,True
4335,7218,5,age,0.13671875,True,True,True,False,"(0, 93976, 94011)","(0, 93976, 94011)","(0, 93976, 94011)",False,True
4336,7218,5,age,0.69921875,False,False,False,False,"(0, 93904, 94011)","(0, 93904, 94011)","(0, 93904, 94011)",False,True
4337,7218,5,age,0.82421875,True,True,True,False,"(0, 93904, 94012)","(0, 93904, 94012)","(0, 93904, 94012)",False,True
4338,7220,5,age,0.07421875,True,True,True,False,"(0, 95600, 95609)","(0, 95600, 95609)","(0, 95600, 95609)",False,True
4339,7220,5,age,0.69921875,False,False,False,False,"(0, 95592, 95609)","(0, 95592, 95609)","(0, 95592, 95609)",False,True
4340,7220,5,age,0.76171875,True,True,True,False,"(0, 95528, 95610)","(0, 95528, 95610)","(0, 95528, 95610)",False,True
4341,7222,5,age,0.13671875,True,True,True,False,"(0, 93976, 94075)","(0, 93976, 94075)","(0, 93976, 94075)",False,True
4342,7222,5,age,0.69921875,False,False,False,False,"(0, 93904, 94075)","(0, 93904, 94075)","(0, 93904, 94075)",False,True
4343,7222,5,age,0.82421875,True,True,True,False,"(0, 93904, 94076)","(0, 93904, 94076)","(0, 93904, 94076)",False,True
4344,7224,5,age,0.07421875,True,True,True,False,"(0, 95600, 95609)","(0, 95600, 95609)","(0, 95600, 95609)",False,True
4345,7224,5,age,0.69921875,False,False,False,False,"(0, 95592, 95609)","(0, 95592, 95609)","(0, 95592, 95609)",False,True
4346,7224,5,age,0.97265625,True,True,True,False,"(0, 95584, 95610)","(0, 95584, 95610)","(0, 95584, 95610)",False,True
4347,7226,5,age,0.13671875,True,True,True,False,"(0, 93976, 94075)","(0, 93976, 94075)","(0, 93976, 94075)",False,True
4348,7226,5,age,0.69921875,False,False,False,False,"(0, 93904, 94075)","(0, 93904, 94075)","(0, 93904, 94075)",False,True
4349,7226,5,age,0.82421875,True,True,True,False,"(0, 93904, 94076)","(0, 93904, 94076)","(0, 93904, 94076)",False,True
4350,7227,5,age,0.12109375,True,True,True,False,"(0, 94376, 94265)","(0, 94376, 94265)","(0, 94376, 94265)",False,True
4351,7227,5,age,0.30078125,True,True,True,False,"(0, 94312, 94264)","(0, 94312, 94264)","(0, 94312, 94264)",False,True
4352,7227,5,age,0.92578125,False,False,False,False,"(0, 94256, 94264)","(0, 94256, 94264)","(0, 94256, 94264)",False,True
4353,7232,5,age,0.13671875,True,True,True,False,"(0, 94360, 94267)","(0, 94360, 94267)","(0, 94360, 94267)",False,True
4354,7232,5,age,0.69921875,False,False,False,False,"(0, 94288, 94267)","(0, 94288, 94267)","(0, 94288, 94267)",False,True
4355,7232,5,age,0.82421875,True,True,True,False,"(0, 94288, 94268)","(0, 94288, 94268)","(0, 94288, 94268)",False,True
4356,7234,5,age,0.13671875,True,True,True,False,"(0, 94360, 94331)","(0, 94360, 94331)","(0, 94360, 94331)",False,True
4357,7234,5,age,0.69921875,False,False,False,False,"(0, 94288, 94331)","(0, 94288, 94331)","(0, 94288, 94331)",False,True
4358,7234,5,age,0.82421875,True,True,True,False,"(0, 94288, 94332)","(0, 94288, 94332)","(0, 94288, 94332)",False,True
4359,7236,5,age,0.13671875,True,True,True,False,"(0, 94360, 94395)","(0, 94360, 94395)","(0, 94360, 94395)",False,True
4360,7236,5,age,0.69921875,False,False,False,False,"(0, 94288, 94395)","(0, 94288, 94395)","(0, 94288, 94395)",False,True
4361,7236,5,age,0.82421875,True,True,True,False,"(0, 94288, 94396)","(0, 94288, 94396)","(0, 94288, 94396)",False,True
4362,7238,5,age,0.07421875,True,True,True,False,"(0, 95984, 95993)","(0, 95984, 95993)","(0, 95984, 95993)",False,True
4363,7238,5,age,0.69921875,False,False,False,False,"(0, 95976, 95993)","(0, 95976, 95993)","(0, 95976, 95993)",False,True
4364,7238,5,age,0.76171875,True,True,True,False,"(0, 95912, 95994)","(0, 95912, 95994)","(0, 95912, 95994)",False,True
4365,7240,5,age,0.13671875,True,True,True,False,"(0, 94360, 94459)","(0, 94360, 94459)","(0, 94360, 94459)",False,True
4366,7240,5,age,0.69921875,False,False,False,False,"(0, 94288, 94459)","(0, 94288, 94459)","(0, 94288, 94459)",False,True
4367,7240,5,age,0.82421875,True,True,True,False,"(0, 94288, 94460)","(0, 94288, 94460)","(0, 94288, 94460)",False,True
4368,7242,5,age,0.07421875,True,True,True,False,"(0, 95984, 95993)","(0, 95984, 95993)","(0, 95984, 95993)",False,True
4369,7242,5,age,0.69921875,False,False,False,False,"(0, 95976, 95993)","(0, 95976, 95993)","(0, 95976, 95993)",False,True
4370,7242,5,age,0.97265625,True,True,True,False,"(0, 95968, 95994)","(0, 95968, 95994)","(0, 95968, 95994)",False,True
4371,7244,5,age,0.13671875,True,True,True,False,"(0, 94360, 94459)","(0, 94360, 94459)","(0, 94360, 94459)",False,True
4372,7244,5,age,0.69921875,False,False,False,False,"(0, 94288, 94459)","(0, 94288, 94459)","(0, 94288, 94459)",False,True
4373,7244,5,age,0.82421875,True,True,True,False,"(0, 94288, 94460)","(0, 94288, 94460)","(0, 94288, 94460)",False,True
4374,7245,5,age,0.12109375,True,True,True,False,"(0, 94376, 94265)","(0, 94376, 94265)","(0, 94376, 94265)",False,True
4375,7245,5,age,0.30078125,True,True,True,False,"(0, 94312, 94264)","(0, 94312, 94264)","(0, 94312, 94264)",False,True
4376,7245,5,age,0.92578125,False,False,False,False,"(0, 94256, 94264)","(0, 94256, 94264)","(0, 94256, 94264)",False,True
4377,7250,5,age,0.13671875,True,True,True,False,"(0, 94360, 94267)","(0, 94360, 94267)","(0, 94360, 94267)",False,True
4378,7250,5,age,0.69921875,False,False,False,False,"(0, 94288, 94267)","(0, 94288, 94267)","(0, 94288, 94267)",False,True
4379,7250,5,age,0.82421875,True,True,True,False,"(0, 94288, 94268)","(0, 94288, 94268)","(0, 94288, 94268)",False,True
4380,7252,5,age,0.13671875,True,True,True,False,"(0, 94360, 94331)","(0, 94360, 94331)","(0, 94360, 94331)",False,True
4381,7252,5,age,0.69921875,False,False,False,False,"(0, 94288, 94331)","(0, 94288, 94331)","(0, 94288, 94331)",False,True
4382,7252,5,age,0.82421875,True,True,True,False,"(0, 94288, 94332)","(0, 94288, 94332)","(0, 94288, 94332)",False,True
4383,7254,5,age,0.13671875,True,True,True,False,"(0, 94360, 94395)","(0, 94360, 94395)","(0, 94360, 94395)",False,True
4384,7254,5,age,0.69921875,False,False,False,False,"(0, 94288, 94395)","(0, 94288, 94395)","(0, 94288, 94395)",False,True
4385,7254,5,age,0.82421875,True,True,True,False,"(0, 94288, 94396)","(0, 94288, 94396)","(0, 94288, 94396)",False,True
4386,7256,5,age,0.07421875,True,True,True,False,"(0, 95984, 95993)","(0, 95984, 95993)","(0, 95984, 95993)",False,True
4387,7256,5,age,0.69921875,False,False,False,False,"(0, 95976, 95993)","(0, 95976, 95993)","(0, 95976, 95993)",False,True
4388,7256,5,age,0.76171875,True,True,True,False,"(0, 95912, 95994)","(0, 95912, 95994)","(0, 95912, 95994)",False,True
4389,7258,5,age,0.13671875,True,True,True,False,"(0, 94360, 94459)","(0, 94360, 94459)","(0, 94360, 94459)",False,True
4390,7258,5,age,0.69921875,False,False,False,False,"(0, 94288, 94459)","(0, 94288, 94459)","(0, 94288, 94459)",False,True
4391,7258,5,age,0.82421875,True,True,True,False,"(0, 94288, 94460)","(0, 94288, 94460)","(0, 94288, 94460)",False,True
4392,7260,5,age,0.07421875,True,True,True,False,"(0, 95984, 95993)","(0, 95984, 95993)","(0, 95984, 95993)",False,True
4393,7260,5,age,0.69921875,False,False,False,False,"(0, 95976, 95993)","(0, 95976, 95993)","(0, 95976, 95993)",False,True
4394,7260,5,age,0.97265625,True,True,True,False,"(0, 95968, 95994)","(0, 95968, 95994)","(0, 95968, 95994)",False,True
4395,7262,5,age,0.13671875,True,True,True,False,"(0, 94360, 94459)","(0, 94360, 94459)","(0, 94360, 94459)",False,True
4396,7262,5,age,0.69921875,False,False,False,False,"(0, 94288, 94459)","(0, 94288, 94459)","(0, 94288, 94459)",False,True
4397,7262,5,age,0.82421875,True,True,True,False,"(0, 94288, 94460)","(0, 94288, 94460)","(0, 94288, 94460)",False,True
4398,7263,5,age,0.12109375,True,True,True,False,"(0, 116264, 116153)","(0, 116264, 116153)","(0, 116264, 116153)",False,True
4399,7263,5,age,0.30078125,True,True,True,False,"(0, 116200, 116152)","(0, 116200, 116152)","(0, 116200, 116152)",False,True
4400,7263,5,age,0.92578125,False,False,False,False,"(0, 116144, 116152)","(0, 116144, 116152)","(0, 116144, 116152)",False,True
4401,7268,5,age,0.13671875,True,True,True,False,"(0, 116248, 116155)","(0, 116248, 116155)","(0, 116248, 116155)",False,True
4402,7268,5,age,0.69921875,False,False,False,False,"(0, 116176, 116155)","(0, 116176, 116155)","(0, 116176, 116155)",False,True
4403,7268,5,age,0.82421875,True,True,True,False,"(0, 116176, 116156)","(0, 116176, 116156)","(0, 116176, 116156)",False,True
4404,7270,5,age,0.13671875,True,True,True,False,"(0, 116248, 116219)","(0, 116248, 116219)","(0, 116248, 116219)",False,True
4405,7270,5,age,0.69921875,False,False,False,False,"(0, 116176, 116219)","(0, 116176, 116219)","(0, 116176, 116219)",False,True
4406,7270,5,age,0.82421875,True,True,True,False,"(0, 116176, 116220)","(0, 116176, 116220)","(0, 116176, 116220)",False,True
4407,7272,5,age,0.13671875,True,True,True,False,"(0, 116248, 116283)","(0, 116248, 116283)","(0, 116248, 116283)",False,True
4408,7272,5,age,0.69921875,False,False,False,False,"(0, 116176, 116283)","(0, 116176, 116283)","(0, 116176, 116283)",False,True
4409,7272,5,age,0.82421875,True,True,True,False,"(0, 116176, 116284)","(0, 116176, 116284)","(0, 116176, 116284)",False,True
4410,7274,5,age,0.07421875,True,True,True,False,"(0, 117872, 117881)","(0, 117872, 117881)","(0, 117872, 117881)",False,True
4411,7274,5,age,0.69921875,False,False,False,False,"(0, 117864, 117881)","(0, 117864, 117881)","(0, 117864, 117881)",False,True
4412,7274,5,age,0.76171875,True,True,True,False,"(0, 117800, 117882)","(0, 117800, 117882)","(0, 117800, 117882)",False,True
4413,7276,5,age,0.13671875,True,True,True,False,"(0, 116248, 116347)","(0, 116248, 116347)","(0, 116248, 116347)",False,True
4414,7276,5,age,0.69921875,False,False,False,False,"(0, 116176, 116347)","(0, 116176, 116347)","(0, 116176, 116347)",False,True
4415,7276,5,age,0.82421875,True,True,True,False,"(0, 116176, 116348)","(0, 116176, 116348)","(0, 116176, 116348)",False,True
4416,7278,5,age,0.07421875,True,True,True,False,"(0, 117872, 117881)","(0, 117872, 117881)","(0, 117872, 117881)",False,True
4417,7278,5,age,0.69921875,False,False,False,False,"(0, 117864, 117881)","(0, 117864, 117881)","(0, 117864, 117881)",False,True
4418,7278,5,age,0.97265625,True,True,True,False,"(0, 117856, 117882)","(0, 117856, 117882)","(0, 117856, 117882)",False,True
4419,7280,5,age,0.13671875,True,True,True,False,"(0, 116248, 116347)","(0, 116248, 116347)","(0, 116248, 116347)",False,True
4420,7280,5,age,0.69921875,False,False,False,False,"(0, 116176, 116347)","(0, 116176, 116347)","(0, 116176, 116347)",False,True
4421,7280,5,age,0.82421875,True,True,True,False,"(0, 116176, 116348)","(0, 116176, 116348)","(0, 116176, 116348)",False,True
4422,7281,5,age,0.12109375,True,True,True,False,"(0, 116648, 116537)","(0, 116648, 116537)","(0, 116648, 116537)",False,True
4423,7281,5,age,0.30078125,True,True,True,False,"(0, 116584, 116536)","(0, 116584, 116536)","(0, 116584, 116536)",False,True
4424,7281,5,age,0.92578125,False,False,False,False,"(0, 116528, 116536)","(0, 116528, 116536)","(0, 116528, 116536)",False,True
4425,7286,5,age,0.13671875,True,True,True,False,"(0, 116632, 116539)","(0, 116632, 116539)","(0, 116632, 116539)",False,True
4426,7286,5,age,0.69921875,False,False,False,False,"(0, 116560, 116539)","(0, 116560, 116539)","(0, 116560, 116539)",False,True
4427,7286,5,age,0.82421875,True,True,True,False,"(0, 116560, 116540)","(0, 116560, 116540)","(0, 116560, 116540)",False,True
4428,7288,5,age,0.13671875,True,True,True,False,"(0, 116632, 116603)","(0, 116632, 116603)","(0, 116632, 116603)",False,True
4429,7288,5,age,0.69921875,False,False,False,False,"(0, 116560, 116603)","(0, 116560, 116603)","(0, 116560, 116603)",False,True
4430,7288,5,age,0.82421875,True,True,True,False,"(0, 116560, 116604)","(0, 116560, 116604)","(0, 116560, 116604)",False,True
4431,7290,5,age,0.13671875,True,True,True,False,"(0, 116632, 116667)","(0, 116632, 116667)","(0, 116632, 116667)",False,True
4432,7290,5,age,0.69921875,False,False,False,False,"(0, 116560, 116667)","(0, 116560, 116667)","(0, 116560, 116667)",False,True
4433,7290,5,age,0.82421875,True,True,True,False,"(0, 116560, 116668)","(0, 116560, 116668)","(0, 116560, 116668)",False,True
4434,7292,5,age,0.07421875,True,True,True,False,"(0, 118256, 118265)","(0, 118256, 118265)","(0, 118256, 118265)",False,True
4435,7292,5,age,0.69921875,False,False,False,False,"(0, 118248, 118265)","(0, 118248, 118265)","(0, 118248, 118265)",False,True
4436,7292,5,age,0.76171875,True,True,True,False,"(0, 118184, 118266)","(0, 118184, 118266)","(0, 118184, 118266)",False,True
4437,7294,5,age,0.13671875,True,True,True,False,"(0, 116632, 116731)","(0, 116632, 116731)","(0, 116632, 116731)",False,True
4438,7294,5,age,0.69921875,False,False,False,False,"(0, 116560, 116731)","(0, 116560, 116731)","(0, 116560, 116731)",False,True
4439,7294,5,age,0.82421875,True,True,True,False,"(0, 116560, 116732)","(0, 116560, 116732)","(0, 116560, 116732)",False,True
4440,7296,5,age,0.07421875,True,True,True,False,"(0, 118256, 118265)","(0, 118256, 118265)","(0, 118256, 118265)",False,True
4441,7296,5,age,0.69921875,False,False,False,False,"(0, 118248, 118265)","(0, 118248, 118265)","(0, 118248, 118265)",False,True
4442,7296,5,age,0.97265625,True,True,True,False,"(0, 118240, 118266)","(0, 118240, 118266)","(0, 118240, 118266)",False,True
4443,7298,5,age,0.13671875,True,True,True,False,"(0, 116632, 116731)","(0, 116632, 116731)","(0, 116632, 116731)",False,True
4444,7298,5,age,0.69921875,False,False,False,False,"(0, 116560, 116731)","(0, 116560, 116731)","(0, 116560, 116731)",False,True
4445,7298,5,age,0.82421875,True,True,True,False,"(0, 116560, 116732)","(0, 116560, 116732)","(0, 116560, 116732)",False,True
4446,7299,5,age,0.12109375,True,True,True,False,"(0, 95528, 95417)","(0, 95528, 95417)","(0, 95528, 95417)",False,True
4447,7299,5,age,0.30078125,True,True,True,False,"(0, 95464, 95416)","(0, 95464, 95416)","(0, 95464, 95416)",False,True
4448,7299,5,age,0.92578125,False,False,False,False,"(0, 95408, 95416)","(0, 95408, 95416)","(0, 95408, 95416)",False,True
4449,7304,5,age,0.13671875,True,True,True,False,"(0, 95512, 95419)","(0, 95512, 95419)","(0, 95512, 95419)",False,True
4450,7304,5,age,0.69921875,False,False,False,False,"(0, 95440, 95419)","(0, 95440, 95419)","(0, 95440, 95419)",False,True
4451,7304,5,age,0.82421875,True,True,True,False,"(0, 95440, 95420)","(0, 95440, 95420)","(0, 95440, 95420)",False,True
4452,7306,5,age,0.13671875,True,True,True,False,"(0, 95512, 95483)","(0, 95512, 95483)","(0, 95512, 95483)",False,True
4453,7306,5,age,0.69921875,False,False,False,False,"(0, 95440, 95483)","(0, 95440, 95483)","(0, 95440, 95483)",False,True
4454,7306,5,age,0.82421875,True,True,True,False,"(0, 95440, 95484)","(0, 95440, 95484)","(0, 95440, 95484)",False,True
4455,7308,5,age,0.13671875,True,True,True,False,"(0, 95512, 95547)","(0, 95512, 95547)","(0, 95512, 95547)",False,True
4456,7308,5,age,0.69921875,False,False,False,False,"(0, 95440, 95547)","(0, 95440, 95547)","(0, 95440, 95547)",False,True
4457,7308,5,age,0.82421875,True,True,True,False,"(0, 95440, 95548)","(0, 95440, 95548)","(0, 95440, 95548)",False,True
4458,7310,5,age,0.07421875,True,True,True,False,"(0, 97136, 97145)","(0, 97136, 97145)","(0, 97136, 97145)",False,True
4459,7310,5,age,0.69921875,False,False,False,False,"(0, 97128, 97145)","(0, 97128, 97145)","(0, 97128, 97145)",False,True
4460,7310,5,age,0.76171875,True,True,True,False,"(0, 97064, 97146)","(0, 97064, 97146)","(0, 97064, 97146)",False,True
4461,7312,5,age,0.13671875,True,True,True,False,"(0, 95512, 95611)","(0, 95512, 95611)","(0, 95512, 95611)",False,True
4462,7312,5,age,0.69921875,False,False,False,False,"(0, 95440, 95611)","(0, 95440, 95611)","(0, 95440, 95611)",False,True
4463,7312,5,age,0.82421875,True,True,True,False,"(0, 95440, 95612)","(0, 95440, 95612)","(0, 95440, 95612)",False,True
4464,7314,5,age,0.07421875,True,True,True,False,"(0, 97136, 97145)","(0, 97136, 97145)","(0, 97136, 97145)",False,True
4465,7314,5,age,0.69921875,False,False,False,False,"(0, 97128, 97145)","(0, 97128, 97145)","(0, 97128, 97145)",False,True
4466,7314,5,age,0.97265625,True,True,True,False,"(0, 97120, 97146)","(0, 97120, 97146)","(0, 97120, 97146)",False,True
4467,7316,5,age,0.13671875,True,True,True,False,"(0, 95512, 95611)","(0, 95512, 95611)","(0, 95512, 95611)",False,True
4468,7316,5,age,0.69921875,False,False,False,False,"(0, 95440, 95611)","(0, 95440, 95611)","(0, 95440, 95611)",False,True
4469,7316,5,age,0.82421875,True,True,True,False,"(0, 95440, 95612)","(0, 95440, 95612)","(0, 95440, 95612)",False,True
4470,7317,5,age,0.12109375,True,True,True,False,"(0, 95912, 95801)","(0, 95912, 95801)","(0, 95912, 95801)",False,True
4471,7317,5,age,0.30078125,True,True,True,False,"(0, 95848, 95800)","(0, 95848, 95800)","(0, 95848, 95800)",False,True
4472,7317,5,age,0.92578125,False,False,False,False,"(0, 95792, 95800)","(0, 95792, 95800)","(0, 95792, 95800)",False,True
4473,7322,5,age,0.13671875,True,True,True,False,"(0, 95896, 95803)","(0, 95896, 95803)","(0, 95896, 95803)",False,True
4474,7322,5,age,0.69921875,False,False,False,False,"(0, 95824, 95803)","(0, 95824, 95803)","(0, 95824, 95803)",False,True
4475,7322,5,age,0.82421875,True,True,True,False,"(0, 95824, 95804)","(0, 95824, 95804)","(0, 95824, 95804)",False,True
4476,7324,5,age,0.13671875,True,True,True,False,"(0, 95896, 95867)","(0, 95896, 95867)","(0, 95896, 95867)",False,True
4477,7324,5,age,0.69921875,False,False,False,False,"(0, 95824, 95867)","(0, 95824, 95867)","(0, 95824, 95867)",False,True
4478,7324,5,age,0.82421875,True,True,True,False,"(0, 95824, 95868)","(0, 95824, 95868)","(0, 95824, 95868)",False,True
4479,7326,5,age,0.13671875,True,True,True,False,"(0, 95896, 95931)","(0, 95896, 95931)","(0, 95896, 95931)",False,True
4480,7326,5,age,0.69921875,False,False,False,False,"(0, 95824, 95931)","(0, 95824, 95931)","(0, 95824, 95931)",False,True
4481,7326,5,age,0.82421875,True,True,True,False,"(0, 95824, 95932)","(0, 95824, 95932)","(0, 95824, 95932)",False,True
4482,7328,5,age,0.07421875,True,True,True,False,"(0, 97520, 97529)","(0, 97520, 97529)","(0, 97520, 97529)",False,True
4483,7328,5,age,0.69921875,False,False,False,False,"(0, 97512, 97529)","(0, 97512, 97529)","(0, 97512, 97529)",False,True
4484,7328,5,age,0.76171875,True,True,True,False,"(0, 97448, 97530)","(0, 97448, 97530)","(0, 97448, 97530)",False,True
4485,7330,5,age,0.13671875,True,True,True,False,"(0, 95896, 95995)","(0, 95896, 95995)","(0, 95896, 95995)",False,True
4486,7330,5,age,0.69921875,False,False,False,False,"(0, 95824, 95995)","(0, 95824, 95995)","(0, 95824, 95995)",False,True
4487,7330,5,age,0.82421875,True,True,True,False,"(0, 95824, 95996)","(0, 95824, 95996)","(0, 95824, 95996)",False,True
4488,7332,5,age,0.07421875,True,True,True,False,"(0, 97520, 97529)","(0, 97520, 97529)","(0, 97520, 97529)",False,True
4489,7332,5,age,0.69921875,False,False,False,False,"(0, 97512, 97529)","(0, 97512, 97529)","(0, 97512, 97529)",False,True
4490,7332,5,age,0.97265625,True,True,True,False,"(0, 97504, 97530)","(0, 97504, 97530)","(0, 97504, 97530)",False,True
4491,7334,5,age,0.13671875,True,True,True,False,"(0, 95896, 95995)","(0, 95896, 95995)","(0, 95896, 95995)",False,True
4492,7334,5,age,0.69921875,False,False,False,False,"(0, 95824, 95995)","(0, 95824, 95995)","(0, 95824, 95995)",False,True
4493,7334,5,age,0.82421875,True,True,True,False,"(0, 95824, 95996)","(0, 95824, 95996)","(0, 95824, 95996)",False,True
4494,7335,5,age,0.12109375,True,True,True,False,"(0, 95912, 95801)","(0, 95912, 95801)","(0, 95912, 95801)",False,True
4495,7335,5,age,0.30078125,True,True,True,False,"(0, 95848, 95800)","(0, 95848, 95800)","(0, 95848, 95800)",False,True
4496,7335,5,age,0.92578125,False,False,False,False,"(0, 95792, 95800)","(0, 95792, 95800)","(0, 95792, 95800)",False,True
4497,7340,5,age,0.13671875,True,True,True,False,"(0, 95896, 95803)","(0, 95896, 95803)","(0, 95896, 95803)",False,True
4498,7340,5,age,0.69921875,False,False,False,False,"(0, 95824, 95803)","(0, 95824, 95803)","(0, 95824, 95803)",False,True
4499,7340,5,age,0.82421875,True,True,True,False,"(0, 95824, 95804)","(0, 95824, 95804)","(0, 95824, 95804)",False,True
4500,7342,5,age,0.13671875,True,True,True,False,"(0, 95896, 95867)","(0, 95896, 95867)","(0, 95896, 95867)",False,True
4501,7342,5,age,0.69921875,False,False,False,False,"(0, 95824, 95867)","(0, 95824, 95867)","(0, 95824, 95867)",False,True
4502,7342,5,age,0.82421875,True,True,True,False,"(0, 95824, 95868)","(0, 95824, 95868)","(0, 95824, 95868)",False,True
4503,7344,5,age,0.13671875,True,True,True,False,"(0, 95896, 95931)","(0, 95896, 95931)","(0, 95896, 95931)",False,True
4504,7344,5,age,0.69921875,False,False,False,False,"(0, 95824, 95931)","(0, 95824, 95931)","(0, 95824, 95931)",False,True
4505,7344,5,age,0.82421875,True,True,True,False,"(0, 95824, 95932)","(0, 95824, 95932)","(0, 95824, 95932)",False,True
4506,7346,5,age,0.07421875,True,True,True,False,"(0, 97520, 97529)","(0, 97520, 97529)","(0, 97520, 97529)",False,True
4507,7346,5,age,0.69921875,False,False,False,False,"(0, 97512, 97529)","(0, 97512, 97529)","(0, 97512, 97529)",False,True
4508,7346,5,age,0.76171875,True,True,True,False,"(0, 97448, 97530)","(0, 97448, 97530)","(0, 97448, 97530)",False,True
4509,7348,5,age,0.13671875,True,True,True,False,"(0, 95896, 95995)","(0, 95896, 95995)","(0, 95896, 95995)",False,True
4510,7348,5,age,0.69921875,False,False,False,False,"(0, 95824, 95995)","(0, 95824, 95995)","(0, 95824, 95995)",False,True
4511,7348,5,age,0.82421875,True,True,True,False,"(0, 95824, 95996)","(0, 95824, 95996)","(0, 95824, 95996)",False,True
4512,7350,5,age,0.07421875,True,True,True,False,"(0, 97520, 97529)","(0, 97520, 97529)","(0, 97520, 97529)",False,True
4513,7350,5,age,0.69921875,False,False,False,False,"(0, 97512, 97529)","(0, 97512, 97529)","(0, 97512, 97529)",False,True
4514,7350,5,age,0.97265625,True,True,True,False,"(0, 97504, 97530)","(0, 97504, 97530)","(0, 97504, 97530)",False,True
4515,7352,5,age,0.13671875,True,True,True,False,"(0, 95896, 95995)","(0, 95896, 95995)","(0, 95896, 95995)",False,True
4516,7352,5,age,0.69921875,False,False,False,False,"(0, 95824, 95995)","(0, 95824, 95995)","(0, 95824, 95995)",False,True
4517,7352,5,age,0.82421875,True,True,True,False,"(0, 95824, 95996)","(0, 95824, 95996)","(0, 95824, 95996)",False,True
4518,7353,5,age,0.12109375,True,True,True,False,"(0, 117800, 117689)","(0, 117800, 117689)","(0, 117800, 117689)",False,True
4519,7353,5,age,0.30078125,True,True,True,False,"(0, 117736, 117688)","(0, 117736, 117688)","(0, 117736, 117688)",False,True
4520,7353,5,age,0.92578125,False,False,False,False,"(0, 117680, 117688)","(0, 117680, 117688)","(0, 117680, 117688)",False,True
4521,7358,5,age,0.13671875,True,True,True,False,"(0, 117784, 117691)","(0, 117784, 117691)","(0, 117784, 117691)",False,True
4522,7358,5,age,0.69921875,False,False,False,False,"(0, 117712, 117691)","(0, 117712, 117691)","(0, 117712, 117691)",False,True
4523,7358,5,age,0.82421875,True,True,True,False,"(0, 117712, 117692)","(0, 117712, 117692)","(0, 117712, 117692)",False,True
4524,7360,5,age,0.13671875,True,True,True,False,"(0, 117784, 117755)","(0, 117784, 117755)","(0, 117784, 117755)",False,True
4525,7360,5,age,0.69921875,False,False,False,False,"(0, 117712, 117755)","(0, 117712, 117755)","(0, 117712, 117755)",False,True
4526,7360,5,age,0.82421875,True,True,True,False,"(0, 117712, 117756)","(0, 117712, 117756)","(0, 117712, 117756)",False,True
4527,7362,5,age,0.13671875,True,True,True,False,"(0, 117784, 117819)","(0, 117784, 117819)","(0, 117784, 117819)",False,True
4528,7362,5,age,0.69921875,False,False,False,False,"(0, 117712, 117819)","(0, 117712, 117819)","(0, 117712, 117819)",False,True
4529,7362,5,age,0.82421875,True,True,True,False,"(0, 117712, 117820)","(0, 117712, 117820)","(0, 117712, 117820)",False,True
4530,7364,5,age,0.07421875,True,True,True,False,"(0, 119408, 119417)","(0, 119408, 119417)","(0, 119408, 119417)",False,True
4531,7364,5,age,0.69921875,False,False,False,False,"(0, 119400, 119417)","(0, 119400, 119417)","(0, 119400, 119417)",False,True
4532,7364,5,age,0.76171875,True,True,True,False,"(0, 119336, 119418)","(0, 119336, 119418)","(0, 119336, 119418)",False,True
4533,7366,5,age,0.13671875,True,True,True,False,"(0, 117784, 117883)","(0, 117784, 117883)","(0, 117784, 117883)",False,True
4534,7366,5,age,0.69921875,False,False,False,False,"(0, 117712, 117883)","(0, 117712, 117883)","(0, 117712, 117883)",False,True
4535,7366,5,age,0.82421875,True,True,True,False,"(0, 117712, 117884)","(0, 117712, 117884)","(0, 117712, 117884)",False,True
4536,7368,5,age,0.07421875,True,True,True,False,"(0, 119408, 119417)","(0, 119408, 119417)","(0, 119408, 119417)",False,True
4537,7368,5,age,0.69921875,False,False,False,False,"(0, 119400, 119417)","(0, 119400, 119417)","(0, 119400, 119417)",False,True
4538,7368,5,age,0.97265625,True,True,True,False,"(0, 119392, 119418)","(0, 119392, 119418)","(0, 119392, 119418)",False,True
4539,7370,5,age,0.13671875,True,True,True,False,"(0, 117784, 117883)","(0, 117784, 117883)","(0, 117784, 117883)",False,True
4540,7370,5,age,0.69921875,False,False,False,False,"(0, 117712, 117883)","(0, 117712, 117883)","(0, 117712, 117883)",False,True
4541,7370,5,age,0.82421875,True,True,True,False,"(0, 117712, 117884)","(0, 117712, 117884)","(0, 117712, 117884)",False,True
4542,7371,5,age,0.12109375,True,True,True,False,"(0, 118184, 118073)","(0, 118184, 118073)","(0, 118184, 118073)",False,True
4543,7371,5,age,0.30078125,True,True,True,False,"(0, 118120, 118072)","(0, 118120, 118072)","(0, 118120, 118072)",False,True
4544,7371,5,age,0.92578125,False,False,False,False,"(0, 118064, 118072)","(0, 118064, 118072)","(0, 118064, 118072)",False,True
4545,7376,5,age,0.13671875,True,True,True,False,"(0, 118168, 118075)","(0, 118168, 118075)","(0, 118168, 118075)",False,True
4546,7376,5,age,0.69921875,False,False,False,False,"(0, 118096, 118075)","(0, 118096, 118075)","(0, 118096, 118075)",False,True
4547,7376,5,age,0.82421875,True,True,True,False,"(0, 118096, 118076)","(0, 118096, 118076)","(0, 118096, 118076)",False,True
4548,7378,5,age,0.13671875,True,True,True,False,"(0, 118168, 118139)","(0, 118168, 118139)","(0, 118168, 118139)",False,True
4549,7378,5,age,0.69921875,False,False,False,False,"(0, 118096, 118139)","(0, 118096, 118139)","(0, 118096, 118139)",False,True
4550,7378,5,age,0.82421875,True,True,True,False,"(0, 118096, 118140)","(0, 118096, 118140)","(0, 118096, 118140)",False,True
4551,7380,5,age,0.13671875,True,True,True,False,"(0, 118168, 118203)","(0, 118168, 118203)","(0, 118168, 118203)",False,True
4552,7380,5,age,0.69921875,False,False,False,False,"(0, 118096, 118203)","(0, 118096, 118203)","(0, 118096, 118203)",False,True
4553,7380,5,age,0.82421875,True,True,True,False,"(0, 118096, 118204)","(0, 118096, 118204)","(0, 118096, 118204)",False,True
4554,7382,5,age,0.07421875,True,True,True,False,"(0, 119792, 119801)","(0, 119792, 119801)","(0, 119792, 119801)",False,True
4555,7382,5,age,0.69921875,False,False,False,False,"(0, 119784, 119801)","(0, 119784, 119801)","(0, 119784, 119801)",False,True
4556,7382,5,age,0.76171875,True,True,True,False,"(0, 119720, 119802)","(0, 119720, 119802)","(0, 119720, 119802)",False,True
4557,7384,5,age,0.13671875,True,True,True,False,"(0, 118168, 118267)","(0, 118168, 118267)","(0, 118168, 118267)",False,True
4558,7384,5,age,0.69921875,False,False,False,False,"(0, 118096, 118267)","(0, 118096, 118267)","(0, 118096, 118267)",False,True
4559,7384,5,age,0.82421875,True,True,True,False,"(0, 118096, 118268)","(0, 118096, 118268)","(0, 118096, 118268)",False,True
4560,7386,5,age,0.07421875,True,True,True,False,"(0, 119792, 119801)","(0, 119792, 119801)","(0, 119792, 119801)",False,True
4561,7386,5,age,0.69921875,False,False,False,False,"(0, 119784, 119801)","(0, 119784, 119801)","(0, 119784, 119801)",False,True
4562,7386,5,age,0.97265625,True,True,True,False,"(0, 119776, 119802)","(0, 119776, 119802)","(0, 119776, 119802)",False,True
4563,7388,5,age,0.13671875,True,True,True,False,"(0, 118168, 118267)","(0, 118168, 118267)","(0, 118168, 118267)",False,True
4564,7388,5,age,0.69921875,False,False,False,False,"(0, 118096, 118267)","(0, 118096, 118267)","(0, 118096, 118267)",False,True
4565,7388,5,age,0.82421875,True,True,True,False,"(0, 118096, 118268)","(0, 118096, 118268)","(0, 118096, 118268)",False,True
4566,7389,5,age,0.12109375,True,True,True,False,"(0, 97064, 96953)","(0, 97064, 96953)","(0, 97064, 96953)",False,True
4567,7389,5,age,0.30078125,True,True,True,False,"(0, 97000, 96952)","(0, 97000, 96952)","(0, 97000, 96952)",False,True
4568,7389,5,age,0.92578125,False,False,False,False,"(0, 96944, 96952)","(0, 96944, 96952)","(0, 96944, 96952)",False,True
4569,7394,5,age,0.13671875,True,True,True,False,"(0, 97048, 96955)","(0, 97048, 96955)","(0, 97048, 96955)",False,True
4570,7394,5,age,0.69921875,False,False,False,False,"(0, 96976, 96955)","(0, 96976, 96955)","(0, 96976, 96955)",False,True
4571,7394,5,age,0.82421875,True,True,True,False,"(0, 96976, 96956)","(0, 96976, 96956)","(0, 96976, 96956)",False,True
4572,7396,5,age,0.13671875,True,True,True,False,"(0, 97048, 97019)","(0, 97048, 97019)","(0, 97048, 97019)",False,True
4573,7396,5,age,0.69921875,False,False,False,False,"(0, 96976, 97019)","(0, 96976, 97019)","(0, 96976, 97019)",False,True
4574,7396,5,age,0.82421875,True,True,True,False,"(0, 96976, 97020)","(0, 96976, 97020)","(0, 96976, 97020)",False,True
4575,7398,5,age,0.13671875,True,True,True,False,"(0, 97048, 97083)","(0, 97048, 97083)","(0, 97048, 97083)",False,True
4576,7398,5,age,0.69921875,False,False,False,False,"(0, 96976, 97083)","(0, 96976, 97083)","(0, 96976, 97083)",False,True
4577,7398,5,age,0.82421875,True,True,True,False,"(0, 96976, 97084)","(0, 96976, 97084)","(0, 96976, 97084)",False,True
4578,7400,5,age,0.07421875,True,True,True,False,"(0, 98672, 98681)","(0, 98672, 98681)","(0, 98672, 98681)",False,True
4579,7400,5,age,0.69921875,False,False,False,False,"(0, 98664, 98681)","(0, 98664, 98681)","(0, 98664, 98681)",False,True
4580,7400,5,age,0.76171875,True,True,True,False,"(0, 98600, 98682)","(0, 98600, 98682)","(0, 98600, 98682)",False,True
4581,7402,5,age,0.13671875,True,True,True,False,"(0, 97048, 97147)","(0, 97048, 97147)","(0, 97048, 97147)",False,True
4582,7402,5,age,0.69921875,False,False,False,False,"(0, 96976, 97147)","(0, 96976, 97147)","(0, 96976, 97147)",False,True
4583,7402,5,age,0.82421875,True,True,True,False,"(0, 96976, 97148)","(0, 96976, 97148)","(0, 96976, 97148)",False,True
4584,7404,5,age,0.07421875,True,True,True,False,"(0, 98672, 98681)","(0, 98672, 98681)","(0, 98672, 98681)",False,True
4585,7404,5,age,0.69921875,False,False,False,False,"(0, 98664, 98681)","(0, 98664, 98681)","(0, 98664, 98681)",False,True
4586,7404,5,age,0.97265625,True,True,True,False,"(0, 98656, 98682)","(0, 98656, 98682)","(0, 98656, 98682)",False,True
4587,7406,5,age,0.13671875,True,True,True,False,"(0, 97048, 97147)","(0, 97048, 97147)","(0, 97048, 97147)",False,True
4588,7406,5,age,0.69921875,False,False,False,False,"(0, 96976, 97147)","(0, 96976, 97147)","(0, 96976, 97147)",False,True
4589,7406,5,age,0.82421875,True,True,True,False,"(0, 96976, 97148)","(0, 96976, 97148)","(0, 96976, 97148)",False,True
4590,7407,5,age,0.12109375,True,True,True,False,"(0, 97448, 97337)","(0, 97448, 97337)","(0, 97448, 97337)",False,True
4591,7407,5,age,0.30078125,True,True,True,False,"(0, 97384, 97336)","(0, 97384, 97336)","(0, 97384, 97336)",False,True
4592,7407,5,age,0.92578125,False,False,False,False,"(0, 97328, 97336)","(0, 97328, 97336)","(0, 97328, 97336)",False,True
4593,7412,5,age,0.13671875,True,True,True,False,"(0, 97432, 97339)","(0, 97432, 97339)","(0, 97432, 97339)",False,True
4594,7412,5,age,0.69921875,False,False,False,False,"(0, 97360, 97339)","(0, 97360, 97339)","(0, 97360, 97339)",False,True
4595,7412,5,age,0.82421875,True,True,True,False,"(0, 97360, 97340)","(0, 97360, 97340)","(0, 97360, 97340)",False,True
4596,7414,5,age,0.13671875,True,True,True,False,"(0, 97432, 97403)","(0, 97432, 97403)","(0, 97432, 97403)",False,True
4597,7414,5,age,0.69921875,False,False,False,False,"(0, 97360, 97403)","(0, 97360, 97403)","(0, 97360, 97403)",False,True
4598,7414,5,age,0.82421875,True,True,True,False,"(0, 97360, 97404)","(0, 97360, 97404)","(0, 97360, 97404)",False,True
4599,7416,5,age,0.13671875,True,True,True,False,"(0, 97432, 97467)","(0, 97432, 97467)","(0, 97432, 97467)",False,True
4600,7416,5,age,0.69921875,False,False,False,False,"(0, 97360, 97467)","(0, 97360, 97467)","(0, 97360, 97467)",False,True
4601,7416,5,age,0.82421875,True,True,True,False,"(0, 97360, 97468)","(0, 97360, 97468)","(0, 97360, 97468)",False,True
4602,7418,5,age,0.07421875,True,True,True,False,"(0, 99056, 99065)","(0, 99056, 99065)","(0, 99056, 99065)",False,True
4603,7418,5,age,0.69921875,False,False,False,False,"(0, 99048, 99065)","(0, 99048, 99065)","(0, 99048, 99065)",False,True
4604,7418,5,age,0.76171875,True,True,True,False,"(0, 98984, 99066)","(0, 98984, 99066)","(0, 98984, 99066)",False,True
4605,7420,5,age,0.13671875,True,True,True,False,"(0, 97432, 97531)","(0, 97432, 97531)","(0, 97432, 97531)",False,True
4606,7420,5,age,0.69921875,False,False,False,False,"(0, 97360, 97531)","(0, 97360, 97531)","(0, 97360, 97531)",False,True
4607,7420,5,age,0.82421875,True,True,True,False,"(0, 97360, 97532)","(0, 97360, 97532)","(0, 97360, 97532)",False,True
4608,7422,5,age,0.07421875,True,True,True,False,"(0, 99056, 99065)","(0, 99056, 99065)","(0, 99056, 99065)",False,True
4609,7422,5,age,0.69921875,False,False,False,False,"(0, 99048, 99065)","(0, 99048, 99065)","(0, 99048, 99065)",False,True
4610,7422,5,age,0.97265625,True,True,True,False,"(0, 99040, 99066)","(0, 99040, 99066)","(0, 99040, 99066)",False,True
4611,7424,5,age,0.13671875,True,True,True,False,"(0, 97432, 97531)","(0, 97432, 97531)","(0, 97432, 97531)",False,True
4612,7424,5,age,0.69921875,False,False,False,False,"(0, 97360, 97531)","(0, 97360, 97531)","(0, 97360, 97531)",False,True
4613,7424,5,age,0.82421875,True,True,True,False,"(0, 97360, 97532)","(0, 97360, 97532)","(0, 97360, 97532)",False,True
4614,7425,5,age,0.12109375,True,True,True,False,"(0, 97448, 97337)","(0, 97448, 97337)","(0, 97448, 97337)",False,True
4615,7425,5,age,0.30078125,True,True,True,False,"(0, 97384, 97336)","(0, 97384, 97336)","(0, 97384, 97336)",False,True
4616,7425,5,age,0.92578125,False,False,False,False,"(0, 97328, 97336)","(0, 97328, 97336)","(0, 97328, 97336)",False,True
4617,7430,5,age,0.13671875,True,True,True,False,"(0, 97432, 97339)","(0, 97432, 97339)","(0, 97432, 97339)",False,True
4618,7430,5,age,0.69921875,False,False,False,False,"(0, 97360, 97339)","(0, 97360, 97339)","(0, 97360, 97339)",False,True
4619,7430,5,age,0.82421875,True,True,True,False,"(0, 97360, 97340)","(0, 97360, 97340)","(0, 97360, 97340)",False,True
4620,7432,5,age,0.13671875,True,True,True,False,"(0, 97432, 97403)","(0, 97432, 97403)","(0, 97432, 97403)",False,True
4621,7432,5,age,0.69921875,False,False,False,False,"(0, 97360, 97403)","(0, 97360, 97403)","(0, 97360, 97403)",False,True
4622,7432,5,age,0.82421875,True,True,True,False,"(0, 97360, 97404)","(0, 97360, 97404)","(0, 97360, 97404)",False,True
4623,7434,5,age,0.13671875,True,True,True,False,"(0, 97432, 97467)","(0, 97432, 97467)","(0, 97432, 97467)",False,True
4624,7434,5,age,0.69921875,False,False,False,False,"(0, 97360, 97467)","(0, 97360, 97467)","(0, 97360, 97467)",False,True
4625,7434,5,age,0.82421875,True,True,True,False,"(0, 97360, 97468)","(0, 97360, 97468)","(0, 97360, 97468)",False,True
4626,7436,5,age,0.07421875,True,True,True,False,"(0, 99056, 99065)","(0, 99056, 99065)","(0, 99056, 99065)",False,True
4627,7436,5,age,0.69921875,False,False,False,False,"(0, 99048, 99065)","(0, 99048, 99065)","(0, 99048, 99065)",False,True
4628,7436,5,age,0.76171875,True,True,True,False,"(0, 98984, 99066)","(0, 98984, 99066)","(0, 98984, 99066)",False,True
4629,7438,5,age,0.13671875,True,True,True,False,"(0, 97432, 97531)","(0, 97432, 97531)","(0, 97432, 97531)",False,True
4630,7438,5,age,0.69921875,False,False,False,False,"(0, 97360, 97531)","(0, 97360, 97531)","(0, 97360, 97531)",False,True
4631,7438,5,age,0.82421875,True,True,True,False,"(0, 97360, 97532)","(0, 97360, 97532)","(0, 97360, 97532)",False,True
4632,7440,5,age,0.07421875,True,True,True,False,"(0, 99056, 99065)","(0, 99056, 99065)","(0, 99056, 99065)",False,True
4633,7440,5,age,0.69921875,False,False,False,False,"(0, 99048, 99065)","(0, 99048, 99065)","(0, 99048, 99065)",False,True
4634,7440,5,age,0.97265625,True,True,True,False,"(0, 99040, 99066)","(0, 99040, 99066)","(0, 99040, 99066)",False,True
4635,7442,5,age,0.13671875,True,True,True,False,"(0, 97432, 97531)","(0, 97432, 97531)","(0, 97432, 97531)",False,True
4636,7442,5,age,0.69921875,False,False,False,False,"(0, 97360, 97531)","(0, 97360, 97531)","(0, 97360, 97531)",False,True
4637,7442,5,age,0.82421875,True,True,True,False,"(0, 97360, 97532)","(0, 97360, 97532)","(0, 97360, 97532)",False,True
4638,7443,5,age,0.12109375,True,True,True,False,"(0, 119336, 119225)","(0, 119336, 119225)","(0, 119336, 119225)",False,True
4639,7443,5,age,0.30078125,True,True,True,False,"(0, 119272, 119224)","(0, 119272, 119224)","(0, 119272, 119224)",False,True
4640,7443,5,age,0.92578125,False,False,False,False,"(0, 119216, 119224)","(0, 119216, 119224)","(0, 119216, 119224)",False,True
4641,7448,5,age,0.13671875,True,True,True,False,"(0, 119320, 119227)","(0, 119320, 119227)","(0, 119320, 119227)",False,True
4642,7448,5,age,0.69921875,False,False,False,False,"(0, 119248, 119227)","(0, 119248, 119227)","(0, 119248, 119227)",False,True
4643,7448,5,age,0.82421875,True,True,True,False,"(0, 119248, 119228)","(0, 119248, 119228)","(0, 119248, 119228)",False,True
4644,7450,5,age,0.13671875,True,True,True,False,"(0, 119320, 119291)","(0, 119320, 119291)","(0, 119320, 119291)",False,True
4645,7450,5,age,0.69921875,False,False,False,False,"(0, 119248, 119291)","(0, 119248, 119291)","(0, 119248, 119291)",False,True
4646,7450,5,age,0.82421875,True,True,True,False,"(0, 119248, 119292)","(0, 119248, 119292)","(0, 119248, 119292)",False,True
4647,7452,5,age,0.13671875,True,True,True,False,"(0, 119320, 119355)","(0, 119320, 119355)","(0, 119320, 119355)",False,True
4648,7452,5,age,0.69921875,False,False,False,False,"(0, 119248, 119355)","(0, 119248, 119355)","(0, 119248, 119355)",False,True
4649,7452,5,age,0.82421875,True,True,True,False,"(0, 119248, 119356)","(0, 119248, 119356)","(0, 119248, 119356)",False,True
4650,7454,5,age,0.07421875,True,True,True,False,"(0, 120944, 120953)","(0, 120944, 120953)","(0, 120944, 120953)",False,True
4651,7454,5,age,0.69921875,False,False,False,False,"(0, 120936, 120953)","(0, 120936, 120953)","(0, 120936, 120953)",False,True
4652,7454,5,age,0.76171875,True,True,True,False,"(0, 120872, 120954)","(0, 120872, 120954)","(0, 120872, 120954)",False,True
4653,7456,5,age,0.13671875,True,True,True,False,"(0, 119320, 119419)","(0, 119320, 119419)","(0, 119320, 119419)",False,True
4654,7456,5,age,0.69921875,False,False,False,False,"(0, 119248, 119419)","(0, 119248, 119419)","(0, 119248, 119419)",False,True
4655,7456,5,age,0.82421875,True,True,True,False,"(0, 119248, 119420)","(0, 119248, 119420)","(0, 119248, 119420)",False,True
4656,7458,5,age,0.07421875,True,True,True,False,"(0, 120944, 120953)","(0, 120944, 120953)","(0, 120944, 120953)",False,True
4657,7458,5,age,0.69921875,False,False,False,False,"(0, 120936, 120953)","(0, 120936, 120953)","(0, 120936, 120953)",False,True
4658,7458,5,age,0.97265625,True,True,True,False,"(0, 120928, 120954)","(0, 120928, 120954)","(0, 120928, 120954)",False,True
4659,7460,5,age,0.13671875,True,True,True,False,"(0, 119320, 119419)","(0, 119320, 119419)","(0, 119320, 119419)",False,True
4660,7460,5,age,0.69921875,False,False,False,False,"(0, 119248, 119419)","(0, 119248, 119419)","(0, 119248, 119419)",False,True
4661,7460,5,age,0.82421875,True,True,True,False,"(0, 119248, 119420)","(0, 119248, 119420)","(0, 119248, 119420)",False,True
4662,7461,5,age,0.12109375,True,True,True,False,"(0, 119720, 119609)","(0, 119720, 119609)","(0, 119720, 119609)",False,True
4663,7461,5,age,0.30078125,True,True,True,False,"(0, 119656, 119608)","(0, 119656, 119608)","(0, 119656, 119608)",False,True
4664,7461,5,age,0.92578125,False,False,False,False,"(0, 119600, 119608)","(0, 119600, 119608)","(0, 119600, 119608)",False,True
4665,7466,5,age,0.13671875,True,True,True,False,"(0, 119704, 119611)","(0, 119704, 119611)","(0, 119704, 119611)",False,True
4666,7466,5,age,0.69921875,False,False,False,False,"(0, 119632, 119611)","(0, 119632, 119611)","(0, 119632, 119611)",False,True
4667,7466,5,age,0.82421875,True,True,True,False,"(0, 119632, 119612)","(0, 119632, 119612)","(0, 119632, 119612)",False,True
4668,7468,5,age,0.13671875,True,True,True,False,"(0, 119704, 119675)","(0, 119704, 119675)","(0, 119704, 119675)",False,True
4669,7468,5,age,0.69921875,False,False,False,False,"(0, 119632, 119675)","(0, 119632, 119675)","(0, 119632, 119675)",False,True
4670,7468,5,age,0.82421875,True,True,True,False,"(0, 119632, 119676)","(0, 119632, 119676)","(0, 119632, 119676)",False,True
4671,7470,5,age,0.13671875,True,True,True,False,"(0, 119704, 119739)","(0, 119704, 119739)","(0, 119704, 119739)",False,True
4672,7470,5,age,0.69921875,False,False,False,False,"(0, 119632, 119739)","(0, 119632, 119739)","(0, 119632, 119739)",False,True
4673,7470,5,age,0.82421875,True,True,True,False,"(0, 119632, 119740)","(0, 119632, 119740)","(0, 119632, 119740)",False,True
4674,7472,5,age,0.07421875,True,True,True,False,"(0, 121328, 121337)","(0, 121328, 121337)","(0, 121328, 121337)",False,True
4675,7472,5,age,0.69921875,False,False,False,False,"(0, 121320, 121337)","(0, 121320, 121337)","(0, 121320, 121337)",False,True
4676,7472,5,age,0.76171875,True,True,True,False,"(0, 121256, 121338)","(0, 121256, 121338)","(0, 121256, 121338)",False,True
4677,7474,5,age,0.13671875,True,True,True,False,"(0, 119704, 119803)","(0, 119704, 119803)","(0, 119704, 119803)",False,True
4678,7474,5,age,0.69921875,False,False,False,False,"(0, 119632, 119803)","(0, 119632, 119803)","(0, 119632, 119803)",False,True
4679,7474,5,age,0.82421875,True,True,True,False,"(0, 119632, 119804)","(0, 119632, 119804)","(0, 119632, 119804)",False,True
4680,7476,5,age,0.07421875,True,True,True,False,"(0, 121328, 121337)","(0, 121328, 121337)","(0, 121328, 121337)",False,True
4681,7476,5,age,0.69921875,False,False,False,False,"(0, 121320, 121337)","(0, 121320, 121337)","(0, 121320, 121337)",False,True
4682,7476,5,age,0.97265625,True,True,True,False,"(0, 121312, 121338)","(0, 121312, 121338)","(0, 121312, 121338)",False,True
4683,7478,5,age,0.13671875,True,True,True,False,"(0, 119704, 119803)","(0, 119704, 119803)","(0, 119704, 119803)",False,True
4684,7478,5,age,0.69921875,False,False,False,False,"(0, 119632, 119803)","(0, 119632, 119803)","(0, 119632, 119803)",False,True
4685,7478,5,age,0.82421875,True,True,True,False,"(0, 119632, 119804)","(0, 119632, 119804)","(0, 119632, 119804)",False,True
4686,7479,5,age,0.12109375,True,True,True,False,"(0, 98600, 98489)","(0, 98600, 98489)","(0, 98600, 98489)",False,True
4687,7479,5,age,0.30078125,True,True,True,False,"(0, 98536, 98488)","(0, 98536, 98488)","(0, 98536, 98488)",False,True
4688,7479,5,age,0.92578125,False,False,False,False,"(0, 98480, 98488)","(0, 98480, 98488)","(0, 98480, 98488)",False,True
4689,7484,5,age,0.13671875,True,True,True,False,"(0, 98584, 98491)","(0, 98584, 98491)","(0, 98584, 98491)",False,True
4690,7484,5,age,0.69921875,False,False,False,False,"(0, 98512, 98491)","(0, 98512, 98491)","(0, 98512, 98491)",False,True
4691,7484,5,age,0.82421875,True,True,True,False,"(0, 98512, 98492)","(0, 98512, 98492)","(0, 98512, 98492)",False,True
4692,7486,5,age,0.13671875,True,True,True,False,"(0, 98584, 98555)","(0, 98584, 98555)","(0, 98584, 98555)",False,True
4693,7486,5,age,0.69921875,False,False,False,False,"(0, 98512, 98555)","(0, 98512, 98555)","(0, 98512, 98555)",False,True
4694,7486,5,age,0.82421875,True,True,True,False,"(0, 98512, 98556)","(0, 98512, 98556)","(0, 98512, 98556)",False,True
4695,7488,5,age,0.13671875,True,True,True,False,"(0, 98584, 98619)","(0, 98584, 98619)","(0, 98584, 98619)",False,True
4696,7488,5,age,0.69921875,False,False,False,False,"(0, 98512, 98619)","(0, 98512, 98619)","(0, 98512, 98619)",False,True
4697,7488,5,age,0.82421875,True,True,True,False,"(0, 98512, 98620)","(0, 98512, 98620)","(0, 98512, 98620)",False,True
4698,7490,5,age,0.07421875,True,True,True,False,"(0, 100208, 100217)","(0, 100208, 100217)","(0, 100208, 100217)",False,True
4699,7490,5,age,0.69921875,False,False,False,False,"(0, 100200, 100217)","(0, 100200, 100217)","(0, 100200, 100217)",False,True
4700,7490,5,age,0.76171875,True,True,True,False,"(0, 100136, 100218)","(0, 100136, 100218)","(0, 100136, 100218)",False,True
4701,7492,5,age,0.13671875,True,True,True,False,"(0, 98584, 98683)","(0, 98584, 98683)","(0, 98584, 98683)",False,True
4702,7492,5,age,0.69921875,False,False,False,False,"(0, 98512, 98683)","(0, 98512, 98683)","(0, 98512, 98683)",False,True
4703,7492,5,age,0.82421875,True,True,True,False,"(0, 98512, 98684)","(0, 98512, 98684)","(0, 98512, 98684)",False,True
4704,7494,5,age,0.07421875,True,True,True,False,"(0, 100208, 100217)","(0, 100208, 100217)","(0, 100208, 100217)",False,True
4705,7494,5,age,0.69921875,False,False,False,False,"(0, 100200, 100217)","(0, 100200, 100217)","(0, 100200, 100217)",False,True
4706,7494,5,age,0.97265625,True,True,True,False,"(0, 100192, 100218)","(0, 100192, 100218)","(0, 100192, 100218)",False,True
4707,7496,5,age,0.13671875,True,True,True,False,"(0, 98584, 98683)","(0, 98584, 98683)","(0, 98584, 98683)",False,True
4708,7496,5,age,0.69921875,False,False,False,False,"(0, 98512, 98683)","(0, 98512, 98683)","(0, 98512, 98683)",False,True
4709,7496,5,age,0.82421875,True,True,True,False,"(0, 98512, 98684)","(0, 98512, 98684)","(0, 98512, 98684)",False,True
4710,7497,5,age,0.12109375,True,True,True,False,"(0, 98984, 98873)","(0, 98984, 98873)","(0, 98984, 98873)",False,True
4711,7497,5,age,0.30078125,True,True,True,False,"(0, 98920, 98872)","(0, 98920, 98872)","(0, 98920, 98872)",False,True
4712,7497,5,age,0.92578125,False,False,False,False,"(0, 98864, 98872)","(0, 98864, 98872)","(0, 98864, 98872)",False,True
4713,7502,5,age,0.13671875,True,True,True,False,"(0, 98968, 98875)","(0, 98968, 98875)","(0, 98968, 98875)",False,True
4714,7502,5,age,0.69921875,False,False,False,False,"(0, 98896, 98875)","(0, 98896, 98875)","(0, 98896, 98875)",False,True
4715,7502,5,age,0.82421875,True,True,True,False,"(0, 98896, 98876)","(0, 98896, 98876)","(0, 98896, 98876)",False,True
4716,7504,5,age,0.13671875,True,True,True,False,"(0, 98968, 98939)","(0, 98968, 98939)","(0, 98968, 98939)",False,True
4717,7504,5,age,0.69921875,False,False,False,False,"(0, 98896, 98939)","(0, 98896, 98939)","(0, 98896, 98939)",False,True
4718,7504,5,age,0.82421875,True,True,True,False,"(0, 98896, 98940)","(0, 98896, 98940)","(0, 98896, 98940)",False,True
4719,7506,5,age,0.13671875,True,True,True,False,"(0, 98968, 99003)","(0, 98968, 99003)","(0, 98968, 99003)",False,True
4720,7506,5,age,0.69921875,False,False,False,False,"(0, 98896, 99003)","(0, 98896, 99003)","(0, 98896, 99003)",False,True
4721,7506,5,age,0.82421875,True,True,True,False,"(0, 98896, 99004)","(0, 98896, 99004)","(0, 98896, 99004)",False,True
4722,7508,5,age,0.07421875,True,True,True,False,"(0, 100592, 100601)","(0, 100592, 100601)","(0, 100592, 100601)",False,True
4723,7508,5,age,0.69921875,False,False,False,False,"(0, 100584, 100601)","(0, 100584, 100601)","(0, 100584, 100601)",False,True
4724,7508,5,age,0.76171875,True,True,True,False,"(0, 100520, 100602)","(0, 100520, 100602)","(0, 100520, 100602)",False,True
4725,7510,5,age,0.13671875,True,True,True,False,"(0, 98968, 99067)","(0, 98968, 99067)","(0, 98968, 99067)",False,True
4726,7510,5,age,0.69921875,False,False,False,False,"(0, 98896, 99067)","(0, 98896, 99067)","(0, 98896, 99067)",False,True
4727,7510,5,age,0.82421875,True,True,True,False,"(0, 98896, 99068)","(0, 98896, 99068)","(0, 98896, 99068)",False,True
4728,7512,5,age,0.07421875,True,True,True,False,"(0, 100592, 100601)","(0, 100592, 100601)","(0, 100592, 100601)",False,True
4729,7512,5,age,0.69921875,False,False,False,False,"(0, 100584, 100601)","(0, 100584, 100601)","(0, 100584, 100601)",False,True
4730,7512,5,age,0.97265625,True,True,True,False,"(0, 100576, 100602)","(0, 100576, 100602)","(0, 100576, 100602)",False,True
4731,7514,5,age,0.13671875,True,True,True,False,"(0, 98968, 99067)","(0, 98968, 99067)","(0, 98968, 99067)",False,True
4732,7514,5,age,0.69921875,False,False,False,False,"(0, 98896, 99067)","(0, 98896, 99067)","(0, 98896, 99067)",False,True
4733,7514,5,age,0.82421875,True,True,True,False,"(0, 98896, 99068)","(0, 98896, 99068)","(0, 98896, 99068)",False,True
4734,7515,5,age,0.12109375,True,True,True,False,"(0, 98984, 98873)","(0, 98984, 98873)","(0, 98984, 98873)",False,True
4735,7515,5,age,0.30078125,True,True,True,False,"(0, 98920, 98872)","(0, 98920, 98872)","(0, 98920, 98872)",False,True
4736,7515,5,age,0.92578125,False,False,False,False,"(0, 98864, 98872)","(0, 98864, 98872)","(0, 98864, 98872)",False,True
4737,7520,5,age,0.13671875,True,True,True,False,"(0, 98968, 98875)","(0, 98968, 98875)","(0, 98968, 98875)",False,True
4738,7520,5,age,0.69921875,False,False,False,False,"(0, 98896, 98875)","(0, 98896, 98875)","(0, 98896, 98875)",False,True
4739,7520,5,age,0.82421875,True,True,True,False,"(0, 98896, 98876)","(0, 98896, 98876)","(0, 98896, 98876)",False,True
4740,7522,5,age,0.13671875,True,True,True,False,"(0, 98968, 98939)","(0, 98968, 98939)","(0, 98968, 98939)",False,True
4741,7522,5,age,0.69921875,False,False,False,False,"(0, 98896, 98939)","(0, 98896, 98939)","(0, 98896, 98939)",False,True
4742,7522,5,age,0.82421875,True,True,True,False,"(0, 98896, 98940)","(0, 98896, 98940)","(0, 98896, 98940)",False,True
4743,7524,5,age,0.13671875,True,True,True,False,"(0, 98968, 99003)","(0, 98968, 99003)","(0, 98968, 99003)",False,True
4744,7524,5,age,0.69921875,False,False,False,False,"(0, 98896, 99003)","(0, 98896, 99003)","(0, 98896, 99003)",False,True
4745,7524,5,age,0.82421875,True,True,True,False,"(0, 98896, 99004)","(0, 98896, 99004)","(0, 98896, 99004)",False,True
4746,7526,5,age,0.07421875,True,True,True,False,"(0, 100592, 100601)","(0, 100592, 100601)","(0, 100592, 100601)",False,True
4747,7526,5,age,0.69921875,False,False,False,False,"(0, 100584, 100601)","(0, 100584, 100601)","(0, 100584, 100601)",False,True
4748,7526,5,age,0.76171875,True,True,True,False,"(0, 100520, 100602)","(0, 100520, 100602)","(0, 100520, 100602)",False,True
4749,7528,5,age,0.13671875,True,True,True,False,"(0, 98968, 99067)","(0, 98968, 99067)","(0, 98968, 99067)",False,True
4750,7528,5,age,0.69921875,False,False,False,False,"(0, 98896, 99067)","(0, 98896, 99067)","(0, 98896, 99067)",False,True
4751,7528,5,age,0.82421875,True,True,True,False,"(0, 98896, 99068)","(0, 98896, 99068)","(0, 98896, 99068)",False,True
4752,7530,5,age,0.07421875,True,True,True,False,"(0, 100592, 100601)","(0, 100592, 100601)","(0, 100592, 100601)",False,True
4753,7530,5,age,0.69921875,False,False,False,False,"(0, 100584, 100601)","(0, 100584, 100601)","(0, 100584, 100601)",False,True
4754,7530,5,age,0.97265625,True,True,True,False,"(0, 100576, 100602)","(0, 100576, 100602)","(0, 100576, 100602)",False,True
4755,7532,5,age,0.13671875,True,True,True,False,"(0, 98968, 99067)","(0, 98968, 99067)","(0, 98968, 99067)",False,True
4756,7532,5,age,0.69921875,False,False,False,False,"(0, 98896, 99067)","(0, 98896, 99067)","(0, 98896, 99067)",False,True
4757,7532,5,age,0.82421875,True,True,True,False,"(0, 98896, 99068)","(0, 98896, 99068)","(0, 98896, 99068)",False,True
4758,7533,5,age,0.12109375,True,True,True,False,"(0, 120872, 120761)","(0, 120872, 120761)","(0, 120872, 120761)",False,True
4759,7533,5,age,0.30078125,True,True,True,False,"(0, 120808, 120760)","(0, 120808, 120760)","(0, 120808, 120760)",False,True
4760,7533,5,age,0.92578125,False,False,False,False,"(0, 120752, 120760)","(0, 120752, 120760)","(0, 120752, 120760)",False,True
4761,7538,5,age,0.13671875,True,True,True,False,"(0, 120856, 120763)","(0, 120856, 120763)","(0, 120856, 120763)",False,True
4762,7538,5,age,0.69921875,False,False,False,False,"(0, 120784, 120763)","(0, 120784, 120763)","(0, 120784, 120763)",False,True
4763,7538,5,age,0.82421875,True,True,True,False,"(0, 120784, 120764)","(0, 120784, 120764)","(0, 120784, 120764)",False,True
4764,7540,5,age,0.13671875,True,True,True,False,"(0, 120856, 120827)","(0, 120856, 120827)","(0, 120856, 120827)",False,True
4765,7540,5,age,0.69921875,False,False,False,False,"(0, 120784, 120827)","(0, 120784, 120827)","(0, 120784, 120827)",False,True
4766,7540,5,age,0.82421875,True,True,True,False,"(0, 120784, 120828)","(0, 120784, 120828)","(0, 120784, 120828)",False,True
4767,7542,5,age,0.13671875,True,True,True,False,"(0, 120856, 120891)","(0, 120856, 120891)","(0, 120856, 120891)",False,True
4768,7542,5,age,0.69921875,False,False,False,False,"(0, 120784, 120891)","(0, 120784, 120891)","(0, 120784, 120891)",False,True
4769,7542,5,age,0.82421875,True,True,True,False,"(0, 120784, 120892)","(0, 120784, 120892)","(0, 120784, 120892)",False,True
4770,7544,5,age,0.07421875,True,True,True,False,"(0, 122480, 122489)","(0, 122480, 122489)","(0, 122480, 122489)",False,True
4771,7544,5,age,0.69921875,False,False,False,False,"(0, 122472, 122489)","(0, 122472, 122489)","(0, 122472, 122489)",False,True
4772,7544,5,age,0.76171875,True,True,True,False,"(0, 122408, 122490)","(0, 122408, 122490)","(0, 122408, 122490)",False,True
4773,7546,5,age,0.13671875,True,True,True,False,"(0, 120856, 120955)","(0, 120856, 120955)","(0, 120856, 120955)",False,True
4774,7546,5,age,0.69921875,False,False,False,False,"(0, 120784, 120955)","(0, 120784, 120955)","(0, 120784, 120955)",False,True
4775,7546,5,age,0.82421875,True,True,True,False,"(0, 120784, 120956)","(0, 120784, 120956)","(0, 120784, 120956)",False,True
4776,7548,5,age,0.07421875,True,True,True,False,"(0, 122480, 122489)","(0, 122480, 122489)","(0, 122480, 122489)",False,True
4777,7548,5,age,0.69921875,False,False,False,False,"(0, 122472, 122489)","(0, 122472, 122489)","(0, 122472, 122489)",False,True
4778,7548,5,age,0.97265625,True,True,True,False,"(0, 122464, 122490)","(0, 122464, 122490)","(0, 122464, 122490)",False,True
4779,7550,5,age,0.13671875,True,True,True,False,"(0, 120856, 120955)","(0, 120856, 120955)","(0, 120856, 120955)",False,True
4780,7550,5,age,0.69921875,False,False,False,False,"(0, 120784, 120955)","(0, 120784, 120955)","(0, 120784, 120955)",False,True
4781,7550,5,age,0.82421875,True,True,True,False,"(0, 120784, 120956)","(0, 120784, 120956)","(0, 120784, 120956)",False,True
4782,7551,5,age,0.12109375,True,True,True,False,"(0, 121256, 121145)","(0, 121256, 121145)","(0, 121256, 121145)",False,True
4783,7551,5,age,0.30078125,True,True,True,False,"(0, 121192, 121144)","(0, 121192, 121144)","(0, 121192, 121144)",False,True
4784,7551,5,age,0.92578125,False,False,False,False,"(0, 121136, 121144)","(0, 121136, 121144)","(0, 121136, 121144)",False,True
4785,7556,5,age,0.13671875,True,True,True,False,"(0, 121240, 121147)","(0, 121240, 121147)","(0, 121240, 121147)",False,True
4786,7556,5,age,0.69921875,False,False,False,False,"(0, 121168, 121147)","(0, 121168, 121147)","(0, 121168, 121147)",False,True
4787,7556,5,age,0.82421875,True,True,True,False,"(0, 121168, 121148)","(0, 121168, 121148)","(0, 121168, 121148)",False,True
4788,7558,5,age,0.13671875,True,True,True,False,"(0, 121240, 121211)","(0, 121240, 121211)","(0, 121240, 121211)",False,True
4789,7558,5,age,0.69921875,False,False,False,False,"(0, 121168, 121211)","(0, 121168, 121211)","(0, 121168, 121211)",False,True
4790,7558,5,age,0.82421875,True,True,True,False,"(0, 121168, 121212)","(0, 121168, 121212)","(0, 121168, 121212)",False,True
4791,7560,5,age,0.13671875,True,True,True,False,"(0, 121240, 121275)","(0, 121240, 121275)","(0, 121240, 121275)",False,True
4792,7560,5,age,0.69921875,False,False,False,False,"(0, 121168, 121275)","(0, 121168, 121275)","(0, 121168, 121275)",False,True
4793,7560,5,age,0.82421875,True,True,True,False,"(0, 121168, 121276)","(0, 121168, 121276)","(0, 121168, 121276)",False,True
4794,7562,5,age,0.07421875,True,True,True,False,"(0, 122864, 122873)","(0, 122864, 122873)","(0, 122864, 122873)",False,True
4795,7562,5,age,0.69921875,False,False,False,False,"(0, 122856, 122873)","(0, 122856, 122873)","(0, 122856, 122873)",False,True
4796,7562,5,age,0.76171875,True,True,True,False,"(0, 122792, 122874)","(0, 122792, 122874)","(0, 122792, 122874)",False,True
4797,7564,5,age,0.13671875,True,True,True,False,"(0, 121240, 121339)","(0, 121240, 121339)","(0, 121240, 121339)",False,True
4798,7564,5,age,0.69921875,False,False,False,False,"(0, 121168, 121339)","(0, 121168, 121339)","(0, 121168, 121339)",False,True
4799,7564,5,age,0.82421875,True,True,True,False,"(0, 121168, 121340)","(0, 121168, 121340)","(0, 121168, 121340)",False,True
4800,7566,5,age,0.07421875,True,True,True,False,"(0, 122864, 122873)","(0, 122864, 122873)","(0, 122864, 122873)",False,True
4801,7566,5,age,0.69921875,False,False,False,False,"(0, 122856, 122873)","(0, 122856, 122873)","(0, 122856, 122873)",False,True
4802,7566,5,age,0.97265625,True,True,True,False,"(0, 122848, 122874)","(0, 122848, 122874)","(0, 122848, 122874)",False,True
4803,7568,5,age,0.13671875,True,True,True,False,"(0, 121240, 121339)","(0, 121240, 121339)","(0, 121240, 121339)",False,True
4804,7568,5,age,0.69921875,False,False,False,False,"(0, 121168, 121339)","(0, 121168, 121339)","(0, 121168, 121339)",False,True
4805,7568,5,age,0.82421875,True,True,True,False,"(0, 121168, 121340)","(0, 121168, 121340)","(0, 121168, 121340)",False,True
4806,7569,5,age,0.12109375,True,True,True,False,"(0, 100136, 100025)","(0, 100136, 100025)","(0, 100136, 100025)",False,True
4807,7569,5,age,0.30078125,True,True,True,False,"(0, 100072, 100024)","(0, 100072, 100024)","(0, 100072, 100024)",False,True
4808,7569,5,age,0.92578125,False,False,False,False,"(0, 100016, 100024)","(0, 100016, 100024)","(0, 100016, 100024)",False,True
4809,7574,5,age,0.13671875,True,True,True,False,"(0, 100120, 100027)","(0, 100120, 100027)","(0, 100120, 100027)",False,True
4810,7574,5,age,0.69921875,False,False,False,False,"(0, 100048, 100027)","(0, 100048, 100027)","(0, 100048, 100027)",False,True
4811,7574,5,age,0.82421875,True,True,True,False,"(0, 100048, 100028)","(0, 100048, 100028)","(0, 100048, 100028)",False,True
4812,7576,5,age,0.13671875,True,True,True,False,"(0, 100120, 100091)","(0, 100120, 100091)","(0, 100120, 100091)",False,True
4813,7576,5,age,0.69921875,False,False,False,False,"(0, 100048, 100091)","(0, 100048, 100091)","(0, 100048, 100091)",False,True
4814,7576,5,age,0.82421875,True,True,True,False,"(0, 100048, 100092)","(0, 100048, 100092)","(0, 100048, 100092)",False,True
4815,7578,5,age,0.13671875,True,True,True,False,"(0, 100120, 100155)","(0, 100120, 100155)","(0, 100120, 100155)",False,True
4816,7578,5,age,0.69921875,False,False,False,False,"(0, 100048, 100155)","(0, 100048, 100155)","(0, 100048, 100155)",False,True
4817,7578,5,age,0.82421875,True,True,True,False,"(0, 100048, 100156)","(0, 100048, 100156)","(0, 100048, 100156)",False,True
4818,7580,5,age,0.07421875,True,True,True,False,"(0, 101744, 101753)","(0, 101744, 101753)","(0, 101744, 101753)",False,True
4819,7580,5,age,0.69921875,False,False,False,False,"(0, 101736, 101753)","(0, 101736, 101753)","(0, 101736, 101753)",False,True
4820,7580,5,age,0.76171875,True,True,True,False,"(0, 101672, 101754)","(0, 101672, 101754)","(0, 101672, 101754)",False,True
4821,7582,5,age,0.13671875,True,True,True,False,"(0, 100120, 100219)","(0, 100120, 100219)","(0, 100120, 100219)",False,True
4822,7582,5,age,0.69921875,False,False,False,False,"(0, 100048, 100219)","(0, 100048, 100219)","(0, 100048, 100219)",False,True
4823,7582,5,age,0.82421875,True,True,True,False,"(0, 100048, 100220)","(0, 100048, 100220)","(0, 100048, 100220)",False,True
4824,7584,5,age,0.07421875,True,True,True,False,"(0, 101744, 101753)","(0, 101744, 101753)","(0, 101744, 101753)",False,True
4825,7584,5,age,0.69921875,False,False,False,False,"(0, 101736, 101753)","(0, 101736, 101753)","(0, 101736, 101753)",False,True
4826,7584,5,age,0.97265625,True,True,True,False,"(0, 101728, 101754)","(0, 101728, 101754)","(0, 101728, 101754)",False,True
4827,7586,5,age,0.13671875,True,True,True,False,"(0, 100120, 100219)","(0, 100120, 100219)","(0, 100120, 100219)",False,True
4828,7586,5,age,0.69921875,False,False,False,False,"(0, 100048, 100219)","(0, 100048, 100219)","(0, 100048, 100219)",False,True
4829,7586,5,age,0.82421875,True,True,True,False,"(0, 100048, 100220)","(0, 100048, 100220)","(0, 100048, 100220)",False,True
4830,7587,5,age,0.12109375,True,True,True,False,"(0, 100520, 100409)","(0, 100520, 100409)","(0, 100520, 100409)",False,True
4831,7587,5,age,0.30078125,True,True,True,False,"(0, 100456, 100408)","(0, 100456, 100408)","(0, 100456, 100408)",False,True
4832,7587,5,age,0.92578125,False,False,False,False,"(0, 100400, 100408)","(0, 100400, 100408)","(0, 100400, 100408)",False,True
4833,7592,5,age,0.13671875,True,True,True,False,"(0, 100504, 100411)","(0, 100504, 100411)","(0, 100504, 100411)",False,True
4834,7592,5,age,0.69921875,False,False,False,False,"(0, 100432, 100411)","(0, 100432, 100411)","(0, 100432, 100411)",False,True
4835,7592,5,age,0.82421875,True,True,True,False,"(0, 100432, 100412)","(0, 100432, 100412)","(0, 100432, 100412)",False,True
4836,7594,5,age,0.13671875,True,True,True,False,"(0, 100504, 100475)","(0, 100504, 100475)","(0, 100504, 100475)",False,True
4837,7594,5,age,0.69921875,False,False,False,False,"(0, 100432, 100475)","(0, 100432, 100475)","(0, 100432, 100475)",False,True
4838,7594,5,age,0.82421875,True,True,True,False,"(0, 100432, 100476)","(0, 100432, 100476)","(0, 100432, 100476)",False,True
4839,7596,5,age,0.13671875,True,True,True,False,"(0, 100504, 100539)","(0, 100504, 100539)","(0, 100504, 100539)",False,True
4840,7596,5,age,0.69921875,False,False,False,False,"(0, 100432, 100539)","(0, 100432, 100539)","(0, 100432, 100539)",False,True
4841,7596,5,age,0.82421875,True,True,True,False,"(0, 100432, 100540)","(0, 100432, 100540)","(0, 100432, 100540)",False,True
4842,7598,5,age,0.07421875,True,True,True,False,"(0, 102128, 102137)","(0, 102128, 102137)","(0, 102128, 102137)",False,True
4843,7598,5,age,0.69921875,False,False,False,False,"(0, 102120, 102137)","(0, 102120, 102137)","(0, 102120, 102137)",False,True
4844,7598,5,age,0.76171875,True,True,True,False,"(0, 102056, 102138)","(0, 102056, 102138)","(0, 102056, 102138)",False,True
4845,7600,5,age,0.13671875,True,True,True,False,"(0, 100504, 100603)","(0, 100504, 100603)","(0, 100504, 100603)",False,True
4846,7600,5,age,0.69921875,False,False,False,False,"(0, 100432, 100603)","(0, 100432, 100603)","(0, 100432, 100603)",False,True
4847,7600,5,age,0.82421875,True,True,True,False,"(0, 100432, 100604)","(0, 100432, 100604)","(0, 100432, 100604)",False,True
4848,7602,5,age,0.07421875,True,True,True,False,"(0, 102128, 102137)","(0, 102128, 102137)","(0, 102128, 102137)",False,True
4849,7602,5,age,0.69921875,False,False,False,False,"(0, 102120, 102137)","(0, 102120, 102137)","(0, 102120, 102137)",False,True
4850,7602,5,age,0.97265625,True,True,True,False,"(0, 102112, 102138)","(0, 102112, 102138)","(0, 102112, 102138)",False,True
4851,7604,5,age,0.13671875,True,True,True,False,"(0, 100504, 100603)","(0, 100504, 100603)","(0, 100504, 100603)",False,True
4852,7604,5,age,0.69921875,False,False,False,False,"(0, 100432, 100603)","(0, 100432, 100603)","(0, 100432, 100603)",False,True
4853,7604,5,age,0.82421875,True,True,True,False,"(0, 100432, 100604)","(0, 100432, 100604)","(0, 100432, 100604)",False,True
4854,7605,5,age,0.12109375,True,True,True,False,"(0, 100520, 100409)","(0, 100520, 100409)","(0, 100520, 100409)",False,True
4855,7605,5,age,0.30078125,True,True,True,False,"(0, 100456, 100408)","(0, 100456, 100408)","(0, 100456, 100408)",False,True
4856,7605,5,age,0.92578125,False,False,False,False,"(0, 100400, 100408)","(0, 100400, 100408)","(0, 100400, 100408)",False,True
4857,7610,5,age,0.13671875,True,True,True,False,"(0, 100504, 100411)","(0, 100504, 100411)","(0, 100504, 100411)",False,True
4858,7610,5,age,0.69921875,False,False,False,False,"(0, 100432, 100411)","(0, 100432, 100411)","(0, 100432, 100411)",False,True
4859,7610,5,age,0.82421875,True,True,True,False,"(0, 100432, 100412)","(0, 100432, 100412)","(0, 100432, 100412)",False,True
4860,7612,5,age,0.13671875,True,True,True,False,"(0, 100504, 100475)","(0, 100504, 100475)","(0, 100504, 100475)",False,True
4861,7612,5,age,0.69921875,False,False,False,False,"(0, 100432, 100475)","(0, 100432, 100475)","(0, 100432, 100475)",False,True
4862,7612,5,age,0.82421875,True,True,True,False,"(0, 100432, 100476)","(0, 100432, 100476)","(0, 100432, 100476)",False,True
4863,7614,5,age,0.13671875,True,True,True,False,"(0, 100504, 100539)","(0, 100504, 100539)","(0, 100504, 100539)",False,True
4864,7614,5,age,0.69921875,False,False,False,False,"(0, 100432, 100539)","(0, 100432, 100539)","(0, 100432, 100539)",False,True
4865,7614,5,age,0.82421875,True,True,True,False,"(0, 100432, 100540)","(0, 100432, 100540)","(0, 100432, 100540)",False,True
4866,7616,5,age,0.07421875,True,True,True,False,"(0, 102128, 102137)","(0, 102128, 102137)","(0, 102128, 102137)",False,True
4867,7616,5,age,0.69921875,False,False,False,False,"(0, 102120, 102137)","(0, 102120, 102137)","(0, 102120, 102137)",False,True
4868,7616,5,age,0.76171875,True,True,True,False,"(0, 102056, 102138)","(0, 102056, 102138)","(0, 102056, 102138)",False,True
4869,7618,5,age,0.13671875,True,True,True,False,"(0, 100504, 100603)","(0, 100504, 100603)","(0, 100504, 100603)",False,True
4870,7618,5,age,0.69921875,False,False,False,False,"(0, 100432, 100603)","(0, 100432, 100603)","(0, 100432, 100603)",False,True
4871,7618,5,age,0.82421875,True,True,True,False,"(0, 100432, 100604)","(0, 100432, 100604)","(0, 100432, 100604)",False,True
4872,7620,5,age,0.07421875,True,True,True,False,"(0, 102128, 102137)","(0, 102128, 102137)","(0, 102128, 102137)",False,True
4873,7620,5,age,0.69921875,False,False,False,False,"(0, 102120, 102137)","(0, 102120, 102137)","(0, 102120, 102137)",False,True
4874,7620,5,age,0.97265625,True,True,True,False,"(0, 102112, 102138)","(0, 102112, 102138)","(0, 102112, 102138)",False,True
4875,7622,5,age,0.13671875,True,True,True,False,"(0, 100504, 100603)","(0, 100504, 100603)","(0, 100504, 100603)",False,True
4876,7622,5,age,0.69921875,False,False,False,False,"(0, 100432, 100603)","(0, 100432, 100603)","(0, 100432, 100603)",False,True
4877,7622,5,age,0.82421875,True,True,True,False,"(0, 100432, 100604)","(0, 100432, 100604)","(0, 100432, 100604)",False,True
4878,7623,5,age,0.12109375,True,True,True,False,"(0, 122408, 122297)","(0, 122408, 122297)","(0, 122408, 122297)",False,True
4879,7623,5,age,0.30078125,True,True,True,False,"(0, 122344, 122296)","(0, 122344, 122296)","(0, 122344, 122296)",False,True
4880,7623,5,age,0.92578125,False,False,False,False,"(0, 122288, 122296)","(0, 122288, 122296)","(0, 122288, 122296)",False,True
4881,7628,5,age,0.13671875,True,True,True,False,"(0, 122392, 122299)","(0, 122392, 122299)","(0, 122392, 122299)",False,True
4882,7628,5,age,0.69921875,False,False,False,False,"(0, 122320, 122299)","(0, 122320, 122299)","(0, 122320, 122299)",False,True
4883,7628,5,age,0.82421875,True,True,True,False,"(0, 122320, 122300)","(0, 122320, 122300)","(0, 122320, 122300)",False,True
4884,7630,5,age,0.13671875,True,True,True,False,"(0, 122392, 122363)","(0, 122392, 122363)","(0, 122392, 122363)",False,True
4885,7630,5,age,0.69921875,False,False,False,False,"(0, 122320, 122363)","(0, 122320, 122363)","(0, 122320, 122363)",False,True
4886,7630,5,age,0.82421875,True,True,True,False,"(0, 122320, 122364)","(0, 122320, 122364)","(0, 122320, 122364)",False,True
4887,7632,5,age,0.13671875,True,True,True,False,"(0, 122392, 122427)","(0, 122392, 122427)","(0, 122392, 122427)",False,True
4888,7632,5,age,0.69921875,False,False,False,False,"(0, 122320, 122427)","(0, 122320, 122427)","(0, 122320, 122427)",False,True
4889,7632,5,age,0.82421875,True,True,True,False,"(0, 122320, 122428)","(0, 122320, 122428)","(0, 122320, 122428)",False,True
4890,7634,5,age,0.07421875,True,True,True,False,"(0, 124016, 124025)","(0, 124016, 124025)","(0, 124016, 124025)",False,True
4891,7634,5,age,0.69921875,False,False,False,False,"(0, 124008, 124025)","(0, 124008, 124025)","(0, 124008, 124025)",False,True
4892,7634,5,age,0.76171875,True,True,True,False,"(0, 123944, 124026)","(0, 123944, 124026)","(0, 123944, 124026)",False,True
4893,7636,5,age,0.13671875,True,True,True,False,"(0, 122392, 122491)","(0, 122392, 122491)","(0, 122392, 122491)",False,True
4894,7636,5,age,0.69921875,False,False,False,False,"(0, 122320, 122491)","(0, 122320, 122491)","(0, 122320, 122491)",False,True
4895,7636,5,age,0.82421875,True,True,True,False,"(0, 122320, 122492)","(0, 122320, 122492)","(0, 122320, 122492)",False,True
4896,7638,5,age,0.07421875,True,True,True,False,"(0, 124016, 124025)","(0, 124016, 124025)","(0, 124016, 124025)",False,True
4897,7638,5,age,0.69921875,False,False,False,False,"(0, 124008, 124025)","(0, 124008, 124025)","(0, 124008, 124025)",False,True
4898,7638,5,age,0.97265625,True,True,True,False,"(0, 124000, 124026)","(0, 124000, 124026)","(0, 124000, 124026)",False,True
4899,7640,5,age,0.13671875,True,True,True,False,"(0, 122392, 122491)","(0, 122392, 122491)","(0, 122392, 122491)",False,True
4900,7640,5,age,0.69921875,False,False,False,False,"(0, 122320, 122491)","(0, 122320, 122491)","(0, 122320, 122491)",False,True
4901,7640,5,age,0.82421875,True,True,True,False,"(0, 122320, 122492)","(0, 122320, 122492)","(0, 122320, 122492)",False,True
4902,7641,5,age,0.12109375,True,True,True,False,"(0, 122792, 122681)","(0, 122792, 122681)","(0, 122792, 122681)",False,True
4903,7641,5,age,0.30078125,True,True,True,False,"(0, 122728, 122680)","(0, 122728, 122680)","(0, 122728, 122680)",False,True
4904,7641,5,age,0.92578125,False,False,False,False,"(0, 122672, 122680)","(0, 122672, 122680)","(0, 122672, 122680)",False,True
4905,7646,5,age,0.13671875,True,True,True,False,"(0, 122776, 122683)","(0, 122776, 122683)","(0, 122776, 122683)",False,True
4906,7646,5,age,0.69921875,False,False,False,False,"(0, 122704, 122683)","(0, 122704, 122683)","(0, 122704, 122683)",False,True
4907,7646,5,age,0.82421875,True,True,True,False,"(0, 122704, 122684)","(0, 122704, 122684)","(0, 122704, 122684)",False,True
4908,7648,5,age,0.13671875,True,True,True,False,"(0, 122776, 122747)","(0, 122776, 122747)","(0, 122776, 122747)",False,True
4909,7648,5,age,0.69921875,False,False,False,False,"(0, 122704, 122747)","(0, 122704, 122747)","(0, 122704, 122747)",False,True
4910,7648,5,age,0.82421875,True,True,True,False,"(0, 122704, 122748)","(0, 122704, 122748)","(0, 122704, 122748)",False,True
4911,7650,5,age,0.13671875,True,True,True,False,"(0, 122776, 122811)","(0, 122776, 122811)","(0, 122776, 122811)",False,True
4912,7650,5,age,0.69921875,False,False,False,False,"(0, 122704, 122811)","(0, 122704, 122811)","(0, 122704, 122811)",False,True
4913,7650,5,age,0.82421875,True,True,True,False,"(0, 122704, 122812)","(0, 122704, 122812)","(0, 122704, 122812)",False,True
4914,7652,5,age,0.07421875,True,True,True,False,"(0, 124400, 124409)","(0, 124400, 124409)","(0, 124400, 124409)",False,True
4915,7652,5,age,0.69921875,False,False,False,False,"(0, 124392, 124409)","(0, 124392, 124409)","(0, 124392, 124409)",False,True
4916,7652,5,age,0.76171875,True,True,True,False,"(0, 124328, 124410)","(0, 124328, 124410)","(0, 124328, 124410)",False,True
4917,7654,5,age,0.13671875,True,True,True,False,"(0, 122776, 122875)","(0, 122776, 122875)","(0, 122776, 122875)",False,True
4918,7654,5,age,0.69921875,False,False,False,False,"(0, 122704, 122875)","(0, 122704, 122875)","(0, 122704, 122875)",False,True
4919,7654,5,age,0.82421875,True,True,True,False,"(0, 122704, 122876)","(0, 122704, 122876)","(0, 122704, 122876)",False,True
4920,7656,5,age,0.07421875,True,True,True,False,"(0, 124400, 124409)","(0, 124400, 124409)","(0, 124400, 124409)",False,True
4921,7656,5,age,0.69921875,False,False,False,False,"(0, 124392, 124409)","(0, 124392, 124409)","(0, 124392, 124409)",False,True
4922,7656,5,age,0.97265625,True,True,True,False,"(0, 124384, 124410)","(0, 124384, 124410)","(0, 124384, 124410)",False,True
4923,7658,5,age,0.13671875,True,True,True,False,"(0, 122776, 122875)","(0, 122776, 122875)","(0, 122776, 122875)",False,True
4924,7658,5,age,0.69921875,False,False,False,False,"(0, 122704, 122875)","(0, 122704, 122875)","(0, 122704, 122875)",False,True
4925,7658,5,age,0.82421875,True,True,True,False,"(0, 122704, 122876)","(0, 122704, 122876)","(0, 122704, 122876)",False,True
4926,7659,5,age,0.12109375,True,True,True,False,"(0, 101672, 101561)","(0, 101672, 101561)","(0, 101672, 101561)",False,True
4927,7659,5,age,0.30078125,True,True,True,False,"(0, 101608, 101560)","(0, 101608, 101560)","(0, 101608, 101560)",False,True
4928,7659,5,age,0.92578125,False,False,False,False,"(0, 101552, 101560)","(0, 101552, 101560)","(0, 101552, 101560)",False,True
4929,7664,5,age,0.13671875,True,True,True,False,"(0, 101656, 101563)","(0, 101656, 101563)","(0, 101656, 101563)",False,True
4930,7664,5,age,0.69921875,False,False,False,False,"(0, 101584, 101563)","(0, 101584, 101563)","(0, 101584, 101563)",False,True
4931,7664,5,age,0.82421875,True,True,True,False,"(0, 101584, 101564)","(0, 101584, 101564)","(0, 101584, 101564)",False,True
4932,7666,5,age,0.13671875,True,True,True,False,"(0, 101656, 101627)","(0, 101656, 101627)","(0, 101656, 101627)",False,True
4933,7666,5,age,0.69921875,False,False,False,False,"(0, 101584, 101627)","(0, 101584, 101627)","(0, 101584, 101627)",False,True
4934,7666,5,age,0.82421875,True,True,True,False,"(0, 101584, 101628)","(0, 101584, 101628)","(0, 101584, 101628)",False,True
4935,7668,5,age,0.13671875,True,True,True,False,"(0, 101656, 101691)","(0, 101656, 101691)","(0, 101656, 101691)",False,True
4936,7668,5,age,0.69921875,False,False,False,False,"(0, 101584, 101691)","(0, 101584, 101691)","(0, 101584, 101691)",False,True
4937,7668,5,age,0.82421875,True,True,True,False,"(0, 101584, 101692)","(0, 101584, 101692)","(0, 101584, 101692)",False,True
4938,7670,5,age,0.07421875,True,True,True,False,"(0, 103280, 103289)","(0, 103280, 103289)","(0, 103280, 103289)",False,True
4939,7670,5,age,0.69921875,False,False,False,False,"(0, 103272, 103289)","(0, 103272, 103289)","(0, 103272, 103289)",False,True
4940,7670,5,age,0.76171875,True,True,True,False,"(0, 103208, 103290)","(0, 103208, 103290)","(0, 103208, 103290)",False,True
4941,7672,5,age,0.13671875,True,True,True,False,"(0, 101656, 101755)","(0, 101656, 101755)","(0, 101656, 101755)",False,True
4942,7672,5,age,0.69921875,False,False,False,False,"(0, 101584, 101755)","(0, 101584, 101755)","(0, 101584, 101755)",False,True
4943,7672,5,age,0.82421875,True,True,True,False,"(0, 101584, 101756)","(0, 101584, 101756)","(0, 101584, 101756)",False,True
4944,7674,5,age,0.07421875,True,True,True,False,"(0, 103280, 103289)","(0, 103280, 103289)","(0, 103280, 103289)",False,True
4945,7674,5,age,0.69921875,False,False,False,False,"(0, 103272, 103289)","(0, 103272, 103289)","(0, 103272, 103289)",False,True
4946,7674,5,age,0.97265625,True,True,True,False,"(0, 103264, 103290)","(0, 103264, 103290)","(0, 103264, 103290)",False,True
4947,7676,5,age,0.13671875,True,True,True,False,"(0, 101656, 101755)","(0, 101656, 101755)","(0, 101656, 101755)",False,True
4948,7676,5,age,0.69921875,False,False,False,False,"(0, 101584, 101755)","(0, 101584, 101755)","(0, 101584, 101755)",False,True
4949,7676,5,age,0.82421875,True,True,True,False,"(0, 101584, 101756)","(0, 101584, 101756)","(0, 101584, 101756)",False,True
4950,7677,5,age,0.12109375,True,True,True,False,"(0, 102056, 101945)","(0, 102056, 101945)","(0, 102056, 101945)",False,True
4951,7677,5,age,0.30078125,True,True,True,False,"(0, 101992, 101944)","(0, 101992, 101944)","(0, 101992, 101944)",False,True
4952,7677,5,age,0.92578125,False,False,False,False,"(0, 101936, 101944)","(0, 101936, 101944)","(0, 101936, 101944)",False,True
4953,7682,5,age,0.13671875,True,True,True,False,"(0, 102040, 101947)","(0, 102040, 101947)","(0, 102040, 101947)",False,True
4954,7682,5,age,0.69921875,False,False,False,False,"(0, 101968, 101947)","(0, 101968, 101947)","(0, 101968, 101947)",False,True
4955,7682,5,age,0.82421875,True,True,True,False,"(0, 101968, 101948)","(0, 101968, 101948)","(0, 101968, 101948)",False,True
4956,7684,5,age,0.13671875,True,True,True,False,"(0, 102040, 102011)","(0, 102040, 102011)","(0, 102040, 102011)",False,True
4957,7684,5,age,0.69921875,False,False,False,False,"(0, 101968, 102011)","(0, 101968, 102011)","(0, 101968, 102011)",False,True
4958,7684,5,age,0.82421875,True,True,True,False,"(0, 101968, 102012)","(0, 101968, 102012)","(0, 101968, 102012)",False,True
4959,7686,5,age,0.13671875,True,True,True,False,"(0, 102040, 102075)","(0, 102040, 102075)","(0, 102040, 102075)",False,True
4960,7686,5,age,0.69921875,False,False,False,False,"(0, 101968, 102075)","(0, 101968, 102075)","(0, 101968, 102075)",False,True
4961,7686,5,age,0.82421875,True,True,True,False,"(0, 101968, 102076)","(0, 101968, 102076)","(0, 101968, 102076)",False,True
4962,7688,5,age,0.07421875,True,True,True,False,"(0, 103664, 103673)","(0, 103664, 103673)","(0, 103664, 103673)",False,True
4963,7688,5,age,0.69921875,False,False,False,False,"(0, 103656, 103673)","(0, 103656, 103673)","(0, 103656, 103673)",False,True
4964,7688,5,age,0.76171875,True,True,True,False,"(0, 103592, 103674)","(0, 103592, 103674)","(0, 103592, 103674)",False,True
4965,7690,5,age,0.13671875,True,True,True,False,"(0, 102040, 102139)","(0, 102040, 102139)","(0, 102040, 102139)",False,True
4966,7690,5,age,0.69921875,False,False,False,False,"(0, 101968, 102139)","(0, 101968, 102139)","(0, 101968, 102139)",False,True
4967,7690,5,age,0.82421875,True,True,True,False,"(0, 101968, 102140)","(0, 101968, 102140)","(0, 101968, 102140)",False,True
4968,7692,5,age,0.07421875,True,True,True,False,"(0, 103664, 103673)","(0, 103664, 103673)","(0, 103664, 103673)",False,True
4969,7692,5,age,0.69921875,False,False,False,False,"(0, 103656, 103673)","(0, 103656, 103673)","(0, 103656, 103673)",False,True
4970,7692,5,age,0.97265625,True,True,True,False,"(0, 103648, 103674)","(0, 103648, 103674)","(0, 103648, 103674)",False,True
4971,7694,5,age,0.13671875,True,True,True,False,"(0, 102040, 102139)","(0, 102040, 102139)","(0, 102040, 102139)",False,True
4972,7694,5,age,0.69921875,False,False,False,False,"(0, 101968, 102139)","(0, 101968, 102139)","(0, 101968, 102139)",False,True
4973,7694,5,age,0.82421875,True,True,True,False,"(0, 101968, 102140)","(0, 101968, 102140)","(0, 101968, 102140)",False,True
4974,7695,5,age,0.12109375,True,True,True,False,"(0, 102056, 101945)","(0, 102056, 101945)","(0, 102056, 101945)",False,True
4975,7695,5,age,0.30078125,True,True,True,False,"(0, 101992, 101944)","(0, 101992, 101944)","(0, 101992, 101944)",False,True
4976,7695,5,age,0.92578125,False,False,False,False,"(0, 101936, 101944)","(0, 101936, 101944)","(0, 101936, 101944)",False,True
4977,7700,5,age,0.13671875,True,True,True,False,"(0, 102040, 101947)","(0, 102040, 101947)","(0, 102040, 101947)",False,True
4978,7700,5,age,0.69921875,False,False,False,False,"(0, 101968, 101947)","(0, 101968, 101947)","(0, 101968, 101947)",False,True
4979,7700,5,age,0.82421875,True,True,True,False,"(0, 101968, 101948)","(0, 101968, 101948)","(0, 101968, 101948)",False,True
4980,7702,5,age,0.13671875,True,True,True,False,"(0, 102040, 102011)","(0, 102040, 102011)","(0, 102040, 102011)",False,True
4981,7702,5,age,0.69921875,False,False,False,False,"(0, 101968, 102011)","(0, 101968, 102011)","(0, 101968, 102011)",False,True
4982,7702,5,age,0.82421875,True,True,True,False,"(0, 101968, 102012)","(0, 101968, 102012)","(0, 101968, 102012)",False,True
4983,7704,5,age,0.13671875,True,True,True,False,"(0, 102040, 102075)","(0, 102040, 102075)","(0, 102040, 102075)",False,True
4984,7704,5,age,0.69921875,False,False,False,False,"(0, 101968, 102075)","(0, 101968, 102075)","(0, 101968, 102075)",False,True
4985,7704,5,age,0.82421875,True,True,True,False,"(0, 101968, 102076)","(0, 101968, 102076)","(0, 101968, 102076)",False,True
4986,7706,5,age,0.07421875,True,True,True,False,"(0, 103664, 103673)","(0, 103664, 103673)","(0, 103664, 103673)",False,True
4987,7706,5,age,0.69921875,False,False,False,False,"(0, 103656, 103673)","(0, 103656, 103673)","(0, 103656, 103673)",False,True
4988,7706,5,age,0.76171875,True,True,True,False,"(0, 103592, 103674)","(0, 103592, 103674)","(0, 103592, 103674)",False,True
4989,7708,5,age,0.13671875,True,True,True,False,"(0, 102040, 102139)","(0, 102040, 102139)","(0, 102040, 102139)",False,True
4990,7708,5,age,0.69921875,False,False,False,False,"(0, 101968, 102139)","(0, 101968, 102139)","(0, 101968, 102139)",False,True
4991,7708,5,age,0.82421875,True,True,True,False,"(0, 101968, 102140)","(0, 101968, 102140)","(0, 101968, 102140)",False,True
4992,7710,5,age,0.07421875,True,True,True,False,"(0, 103664, 103673)","(0, 103664, 103673)","(0, 103664, 103673)",False,True
4993,7710,5,age,0.69921875,False,False,False,False,"(0, 103656, 103673)","(0, 103656, 103673)","(0, 103656, 103673)",False,True
4994,7710,5,age,0.97265625,True,True,True,False,"(0, 103648, 103674)","(0, 103648, 103674)","(0, 103648, 103674)",False,True
4995,7712,5,age,0.13671875,True,True,True,False,"(0, 102040, 102139)","(0, 102040, 102139)","(0, 102040, 102139)",False,True
4996,7712,5,age,0.69921875,False,False,False,False,"(0, 101968, 102139)","(0, 101968, 102139)","(0, 101968, 102139)",False,True
4997,7712,5,age,0.82421875,True,True,True,False,"(0, 101968, 102140)","(0, 101968, 102140)","(0, 101968, 102140)",False,True
4998,7713,5,age,0.12109375,True,True,True,False,"(0, 123944, 123833)","(0, 123944, 123833)","(0, 123944, 123833)",False,True
4999,7713,5,age,0.30078125,True,True,True,False,"(0, 123880, 123832)","(0, 123880, 123832)","(0, 123880, 123832)",False,True
5000,7713,5,age,0.92578125,False,False,False,False,"(0, 123824, 123832)","(0, 123824, 123832)","(0, 123824, 123832)",False,True
5001,7718,5,age,0.13671875,True,True,True,False,"(0, 123928, 123835)","(0, 123928, 123835)","(0, 123928, 123835)",False,True
5002,7718,5,age,0.69921875,False,False,False,False,"(0, 123856, 123835)","(0, 123856, 123835)","(0, 123856, 123835)",False,True
5003,7718,5,age,0.82421875,True,True,True,False,"(0, 123856, 123836)","(0, 123856, 123836)","(0, 123856, 123836)",False,True
5004,7720,5,age,0.13671875,True,True,True,False,"(0, 123928, 123899)","(0, 123928, 123899)","(0, 123928, 123899)",False,True
5005,7720,5,age,0.69921875,False,False,False,False,"(0, 123856, 123899)","(0, 123856, 123899)","(0, 123856, 123899)",False,True
5006,7720,5,age,0.82421875,True,True,True,False,"(0, 123856, 123900)","(0, 123856, 123900)","(0, 123856, 123900)",False,True
5007,7722,5,age,0.13671875,True,True,True,False,"(0, 123928, 123963)","(0, 123928, 123963)","(0, 123928, 123963)",False,True
5008,7722,5,age,0.69921875,False,False,False,False,"(0, 123856, 123963)","(0, 123856, 123963)","(0, 123856, 123963)",False,True
5009,7722,5,age,0.82421875,True,True,True,False,"(0, 123856, 123964)","(0, 123856, 123964)","(0, 123856, 123964)",False,True
5010,7724,5,age,0.07421875,True,True,True,False,"(0, 125552, 125561)","(0, 125552, 125561)","(0, 125552, 125561)",False,True
5011,7724,5,age,0.69921875,False,False,False,False,"(0, 125544, 125561)","(0, 125544, 125561)","(0, 125544, 125561)",False,True
5012,7724,5,age,0.76171875,True,True,True,False,"(0, 125480, 125562)","(0, 125480, 125562)","(0, 125480, 125562)",False,True
5013,7726,5,age,0.13671875,True,True,True,False,"(0, 123928, 124027)","(0, 123928, 124027)","(0, 123928, 124027)",False,True
5014,7726,5,age,0.69921875,False,False,False,False,"(0, 123856, 124027)","(0, 123856, 124027)","(0, 123856, 124027)",False,True
5015,7726,5,age,0.82421875,True,True,True,False,"(0, 123856, 124028)","(0, 123856, 124028)","(0, 123856, 124028)",False,True
5016,7728,5,age,0.07421875,True,True,True,False,"(0, 125552, 125561)","(0, 125552, 125561)","(0, 125552, 125561)",False,True
5017,7728,5,age,0.69921875,False,False,False,False,"(0, 125544, 125561)","(0, 125544, 125561)","(0, 125544, 125561)",False,True
5018,7728,5,age,0.97265625,True,True,True,False,"(0, 125536, 125562)","(0, 125536, 125562)","(0, 125536, 125562)",False,True
5019,7730,5,age,0.13671875,True,True,True,False,"(0, 123928, 124027)","(0, 123928, 124027)","(0, 123928, 124027)",False,True
5020,7730,5,age,0.69921875,False,False,False,False,"(0, 123856, 124027)","(0, 123856, 124027)","(0, 123856, 124027)",False,True
5021,7730,5,age,0.82421875,True,True,True,False,"(0, 123856, 124028)","(0, 123856, 124028)","(0, 123856, 124028)",False,True
5022,7731,5,age,0.12109375,True,True,True,False,"(0, 124328, 124217)","(0, 124328, 124217)","(0, 124328, 124217)",False,True
5023,7731,5,age,0.30078125,True,True,True,False,"(0, 124264, 124216)","(0, 124264, 124216)","(0, 124264, 124216)",False,True
5024,7731,5,age,0.92578125,False,False,False,False,"(0, 124208, 124216)","(0, 124208, 124216)","(0, 124208, 124216)",False,True
5025,7736,5,age,0.13671875,True,True,True,False,"(0, 124312, 124219)","(0, 124312, 124219)","(0, 124312, 124219)",False,True
5026,7736,5,age,0.69921875,False,False,False,False,"(0, 124240, 124219)","(0, 124240, 124219)","(0, 124240, 124219)",False,True
5027,7736,5,age,0.82421875,True,True,True,False,"(0, 124240, 124220)","(0, 124240, 124220)","(0, 124240, 124220)",False,True
5028,7738,5,age,0.13671875,True,True,True,False,"(0, 124312, 124283)","(0, 124312, 124283)","(0, 124312, 124283)",False,True
5029,7738,5,age,0.69921875,False,False,False,False,"(0, 124240, 124283)","(0, 124240, 124283)","(0, 124240, 124283)",False,True
5030,7738,5,age,0.82421875,True,True,True,False,"(0, 124240, 124284)","(0, 124240, 124284)","(0, 124240, 124284)",False,True
5031,7740,5,age,0.13671875,True,True,True,False,"(0, 124312, 124347)","(0, 124312, 124347)","(0, 124312, 124347)",False,True
5032,7740,5,age,0.69921875,False,False,False,False,"(0, 124240, 124347)","(0, 124240, 124347)","(0, 124240, 124347)",False,True
5033,7740,5,age,0.82421875,True,True,True,False,"(0, 124240, 124348)","(0, 124240, 124348)","(0, 124240, 124348)",False,True
5034,7742,5,age,0.07421875,True,True,True,False,"(0, 125936, 125945)","(0, 125936, 125945)","(0, 125936, 125945)",False,True
5035,7742,5,age,0.69921875,False,False,False,False,"(0, 125928, 125945)","(0, 125928, 125945)","(0, 125928, 125945)",False,True
5036,7742,5,age,0.76171875,True,True,True,False,"(0, 125864, 125946)","(0, 125864, 125946)","(0, 125864, 125946)",False,True
5037,7744,5,age,0.13671875,True,True,True,False,"(0, 124312, 124411)","(0, 124312, 124411)","(0, 124312, 124411)",False,True
5038,7744,5,age,0.69921875,False,False,False,False,"(0, 124240, 124411)","(0, 124240, 124411)","(0, 124240, 124411)",False,True
5039,7744,5,age,0.82421875,True,True,True,False,"(0, 124240, 124412)","(0, 124240, 124412)","(0, 124240, 124412)",False,True
5040,7746,5,age,0.07421875,True,True,True,False,"(0, 125936, 125945)","(0, 125936, 125945)","(0, 125936, 125945)",False,True
5041,7746,5,age,0.69921875,False,False,False,False,"(0, 125928, 125945)","(0, 125928, 125945)","(0, 125928, 125945)",False,True
5042,7746,5,age,0.97265625,True,True,True,False,"(0, 125920, 125946)","(0, 125920, 125946)","(0, 125920, 125946)",False,True
5043,7748,5,age,0.13671875,True,True,True,False,"(0, 124312, 124411)","(0, 124312, 124411)","(0, 124312, 124411)",False,True
5044,7748,5,age,0.69921875,False,False,False,False,"(0, 124240, 124411)","(0, 124240, 124411)","(0, 124240, 124411)",False,True
5045,7748,5,age,0.82421875,True,True,True,False,"(0, 124240, 124412)","(0, 124240, 124412)","(0, 124240, 124412)",False,True
5046,7749,5,age,0.12109375,True,True,True,False,"(0, 103208, 103097)","(0, 103208, 103097)","(0, 103208, 103097)",False,True
5047,7749,5,age,0.30078125,True,True,True,False,"(0, 103144, 103096)","(0, 103144, 103096)","(0, 103144, 103096)",False,True
5048,7749,5,age,0.92578125,False,False,False,False,"(0, 103088, 103096)","(0, 103088, 103096)","(0, 103088, 103096)",False,True
5049,7754,5,age,0.13671875,True,True,True,False,"(0, 103192, 103099)","(0, 103192, 103099)","(0, 103192, 103099)",False,True
5050,7754,5,age,0.69921875,False,False,False,False,"(0, 103120, 103099)","(0, 103120, 103099)","(0, 103120, 103099)",False,True
5051,7754,5,age,0.82421875,True,True,True,False,"(0, 103120, 103100)","(0, 103120, 103100)","(0, 103120, 103100)",False,True
5052,7756,5,age,0.13671875,True,True,True,False,"(0, 103192, 103163)","(0, 103192, 103163)","(0, 103192, 103163)",False,True
5053,7756,5,age,0.69921875,False,False,False,False,"(0, 103120, 103163)","(0, 103120, 103163)","(0, 103120, 103163)",False,True
5054,7756,5,age,0.82421875,True,True,True,False,"(0, 103120, 103164)","(0, 103120, 103164)","(0, 103120, 103164)",False,True
5055,7758,5,age,0.13671875,True,True,True,False,"(0, 103192, 103227)","(0, 103192, 103227)","(0, 103192, 103227)",False,True
5056,7758,5,age,0.69921875,False,False,False,False,"(0, 103120, 103227)","(0, 103120, 103227)","(0, 103120, 103227)",False,True
5057,7758,5,age,0.82421875,True,True,True,False,"(0, 103120, 103228)","(0, 103120, 103228)","(0, 103120, 103228)",False,True
5058,7760,5,age,0.07421875,True,True,True,False,"(0, 104816, 104825)","(0, 104816, 104825)","(0, 104816, 104825)",False,True
5059,7760,5,age,0.69921875,False,False,False,False,"(0, 104808, 104825)","(0, 104808, 104825)","(0, 104808, 104825)",False,True
5060,7760,5,age,0.76171875,True,True,True,False,"(0, 104744, 104826)","(0, 104744, 104826)","(0, 104744, 104826)",False,True
5061,7762,5,age,0.13671875,True,True,True,False,"(0, 103192, 103291)","(0, 103192, 103291)","(0, 103192, 103291)",False,True
5062,7762,5,age,0.69921875,False,False,False,False,"(0, 103120, 103291)","(0, 103120, 103291)","(0, 103120, 103291)",False,True
5063,7762,5,age,0.82421875,True,True,True,False,"(0, 103120, 103292)","(0, 103120, 103292)","(0, 103120, 103292)",False,True
5064,7764,5,age,0.07421875,True,True,True,False,"(0, 104816, 104825)","(0, 104816, 104825)","(0, 104816, 104825)",False,True
5065,7764,5,age,0.69921875,False,False,False,False,"(0, 104808, 104825)","(0, 104808, 104825)","(0, 104808, 104825)",False,True
5066,7764,5,age,0.97265625,True,True,True,False,"(0, 104800, 104826)","(0, 104800, 104826)","(0, 104800, 104826)",False,True
5067,7766,5,age,0.13671875,True,True,True,False,"(0, 103192, 103291)","(0, 103192, 103291)","(0, 103192, 103291)",False,True
5068,7766,5,age,0.69921875,False,False,False,False,"(0, 103120, 103291)","(0, 103120, 103291)","(0, 103120, 103291)",False,True
5069,7766,5,age,0.82421875,True,True,True,False,"(0, 103120, 103292)","(0, 103120, 103292)","(0, 103120, 103292)",False,True
5070,7767,5,age,0.12109375,True,True,True,False,"(0, 103592, 103481)","(0, 103592, 103481)","(0, 103592, 103481)",False,True
5071,7767,5,age,0.30078125,True,True,True,False,"(0, 103528, 103480)","(0, 103528, 103480)","(0, 103528, 103480)",False,True
5072,7767,5,age,0.92578125,False,False,False,False,"(0, 103472, 103480)","(0, 103472, 103480)","(0, 103472, 103480)",False,True
5073,7772,5,age,0.13671875,True,True,True,False,"(0, 103576, 103483)","(0, 103576, 103483)","(0, 103576, 103483)",False,True
5074,7772,5,age,0.69921875,False,False,False,False,"(0, 103504, 103483)","(0, 103504, 103483)","(0, 103504, 103483)",False,True
5075,7772,5,age,0.82421875,True,True,True,False,"(0, 103504, 103484)","(0, 103504, 103484)","(0, 103504, 103484)",False,True
5076,7774,5,age,0.13671875,True,True,True,False,"(0, 103576, 103547)","(0, 103576, 103547)","(0, 103576, 103547)",False,True
5077,7774,5,age,0.69921875,False,False,False,False,"(0, 103504, 103547)","(0, 103504, 103547)","(0, 103504, 103547)",False,True
5078,7774,5,age,0.82421875,True,True,True,False,"(0, 103504, 103548)","(0, 103504, 103548)","(0, 103504, 103548)",False,True
5079,7776,5,age,0.13671875,True,True,True,False,"(0, 103576, 103611)","(0, 103576, 103611)","(0, 103576, 103611)",False,True
5080,7776,5,age,0.69921875,False,False,False,False,"(0, 103504, 103611)","(0, 103504, 103611)","(0, 103504, 103611)",False,True
5081,7776,5,age,0.82421875,True,True,True,False,"(0, 103504, 103612)","(0, 103504, 103612)","(0, 103504, 103612)",False,True
5082,7778,5,age,0.07421875,True,True,True,False,"(0, 105200, 105209)","(0, 105200, 105209)","(0, 105200, 105209)",False,True
5083,7778,5,age,0.69921875,False,False,False,False,"(0, 105192, 105209)","(0, 105192, 105209)","(0, 105192, 105209)",False,True
5084,7778,5,age,0.76171875,True,True,True,False,"(0, 105128, 105210)","(0, 105128, 105210)","(0, 105128, 105210)",False,True
5085,7780,5,age,0.13671875,True,True,True,False,"(0, 103576, 103675)","(0, 103576, 103675)","(0, 103576, 103675)",False,True
5086,7780,5,age,0.69921875,False,False,False,False,"(0, 103504, 103675)","(0, 103504, 103675)","(0, 103504, 103675)",False,True
5087,7780,5,age,0.82421875,True,True,True,False,"(0, 103504, 103676)","(0, 103504, 103676)","(0, 103504, 103676)",False,True
5088,7782,5,age,0.07421875,True,True,True,False,"(0, 105200, 105209)","(0, 105200, 105209)","(0, 105200, 105209)",False,True
5089,7782,5,age,0.69921875,False,False,False,False,"(0, 105192, 105209)","(0, 105192, 105209)","(0, 105192, 105209)",False,True
5090,7782,5,age,0.97265625,True,True,True,False,"(0, 105184, 105210)","(0, 105184, 105210)","(0, 105184, 105210)",False,True
5091,7784,5,age,0.13671875,True,True,True,False,"(0, 103576, 103675)","(0, 103576, 103675)","(0, 103576, 103675)",False,True
5092,7784,5,age,0.69921875,False,False,False,False,"(0, 103504, 103675)","(0, 103504, 103675)","(0, 103504, 103675)",False,True
5093,7784,5,age,0.82421875,True,True,True,False,"(0, 103504, 103676)","(0, 103504, 103676)","(0, 103504, 103676)",False,True
5094,7785,5,age,0.12109375,True,True,True,False,"(0, 103592, 103481)","(0, 103592, 103481)","(0, 103592, 103481)",False,True
5095,7785,5,age,0.30078125,True,True,True,False,"(0, 103528, 103480)","(0, 103528, 103480)","(0, 103528, 103480)",False,True
5096,7785,5,age,0.92578125,False,False,False,False,"(0, 103472, 103480)","(0, 103472, 103480)","(0, 103472, 103480)",False,True
5097,7790,5,age,0.13671875,True,True,True,False,"(0, 103576, 103483)","(0, 103576, 103483)","(0, 103576, 103483)",False,True
5098,7790,5,age,0.69921875,False,False,False,False,"(0, 103504, 103483)","(0, 103504, 103483)","(0, 103504, 103483)",False,True
5099,7790,5,age,0.82421875,True,True,True,False,"(0, 103504, 103484)","(0, 103504, 103484)","(0, 103504, 103484)",False,True
5100,7792,5,age,0.13671875,True,True,True,False,"(0, 103576, 103547)","(0, 103576, 103547)","(0, 103576, 103547)",False,True
5101,7792,5,age,0.69921875,False,False,False,False,"(0, 103504, 103547)","(0, 103504, 103547)","(0, 103504, 103547)",False,True
5102,7792,5,age,0.82421875,True,True,True,False,"(0, 103504, 103548)","(0, 103504, 103548)","(0, 103504, 103548)",False,True
5103,7794,5,age,0.13671875,True,True,True,False,"(0, 103576, 103611)","(0, 103576, 103611)","(0, 103576, 103611)",False,True
5104,7794,5,age,0.69921875,False,False,False,False,"(0, 103504, 103611)","(0, 103504, 103611)","(0, 103504, 103611)",False,True
5105,7794,5,age,0.82421875,True,True,True,False,"(0, 103504, 103612)","(0, 103504, 103612)","(0, 103504, 103612)",False,True
5106,7796,5,age,0.07421875,True,True,True,False,"(0, 105200, 105209)","(0, 105200, 105209)","(0, 105200, 105209)",False,True
5107,7796,5,age,0.69921875,False,False,False,False,"(0, 105192, 105209)","(0, 105192, 105209)","(0, 105192, 105209)",False,True
5108,7796,5,age,0.76171875,True,True,True,False,"(0, 105128, 105210)","(0, 105128, 105210)","(0, 105128, 105210)",False,True
5109,7798,5,age,0.13671875,True,True,True,False,"(0, 103576, 103675)","(0, 103576, 103675)","(0, 103576, 103675)",False,True
5110,7798,5,age,0.69921875,False,False,False,False,"(0, 103504, 103675)","(0, 103504, 103675)","(0, 103504, 103675)",False,True
5111,7798,5,age,0.82421875,True,True,True,False,"(0, 103504, 103676)","(0, 103504, 103676)","(0, 103504, 103676)",False,True
5112,7800,5,age,0.07421875,True,True,True,False,"(0, 105200, 105209)","(0, 105200, 105209)","(0, 105200, 105209)",False,True
5113,7800,5,age,0.69921875,False,False,False,False,"(0, 105192, 105209)","(0, 105192, 105209)","(0, 105192, 105209)",False,True
5114,7800,5,age,0.97265625,True,True,True,False,"(0, 105184, 105210)","(0, 105184, 105210)","(0, 105184, 105210)",False,True
5115,7802,5,age,0.13671875,True,True,True,False,"(0, 103576, 103675)","(0, 103576, 103675)","(0, 103576, 103675)",False,True
5116,7802,5,age,0.69921875,False,False,False,False,"(0, 103504, 103675)","(0, 103504, 103675)","(0, 103504, 103675)",False,True
5117,7802,5,age,0.82421875,True,True,True,False,"(0, 103504, 103676)","(0, 103504, 103676)","(0, 103504, 103676)",False,True
5118,7803,5,age,0.12109375,True,True,True,False,"(0, 125480, 125369)","(0, 125480, 125369)","(0, 125480, 125369)",False,True
5119,7803,5,age,0.30078125,True,True,True,False,"(0, 125416, 125368)","(0, 125416, 125368)","(0, 125416, 125368)",False,True
5120,7803,5,age,0.92578125,False,False,False,False,"(0, 125360, 125368)","(0, 125360, 125368)","(0, 125360, 125368)",False,True
5121,7808,5,age,0.13671875,True,True,True,False,"(0, 125464, 125371)","(0, 125464, 125371)","(0, 125464, 125371)",False,True
5122,7808,5,age,0.69921875,False,False,False,False,"(0, 125392, 125371)","(0, 125392, 125371)","(0, 125392, 125371)",False,True
5123,7808,5,age,0.82421875,True,True,True,False,"(0, 125392, 125372)","(0, 125392, 125372)","(0, 125392, 125372)",False,True
5124,7810,5,age,0.13671875,True,True,True,False,"(0, 125464, 125435)","(0, 125464, 125435)","(0, 125464, 125435)",False,True
5125,7810,5,age,0.69921875,False,False,False,False,"(0, 125392, 125435)","(0, 125392, 125435)","(0, 125392, 125435)",False,True
5126,7810,5,age,0.82421875,True,True,True,False,"(0, 125392, 125436)","(0, 125392, 125436)","(0, 125392, 125436)",False,True
5127,7812,5,age,0.13671875,True,True,True,False,"(0, 125464, 125499)","(0, 125464, 125499)","(0, 125464, 125499)",False,True
5128,7812,5,age,0.69921875,False,False,False,False,"(0, 125392, 125499)","(0, 125392, 125499)","(0, 125392, 125499)",False,True
5129,7812,5,age,0.82421875,True,True,True,False,"(0, 125392, 125500)","(0, 125392, 125500)","(0, 125392, 125500)",False,True
5130,7814,5,age,0.07421875,True,True,True,False,"(0, 127088, 127097)","(0, 127088, 127097)","(0, 127088, 127097)",False,True
5131,7814,5,age,0.69921875,False,False,False,False,"(0, 127080, 127097)","(0, 127080, 127097)","(0, 127080, 127097)",False,True
5132,7814,5,age,0.76171875,True,True,True,False,"(0, 127016, 127098)","(0, 127016, 127098)","(0, 127016, 127098)",False,True
5133,7816,5,age,0.13671875,True,True,True,False,"(0, 125464, 125563)","(0, 125464, 125563)","(0, 125464, 125563)",False,True
5134,7816,5,age,0.69921875,False,False,False,False,"(0, 125392, 125563)","(0, 125392, 125563)","(0, 125392, 125563)",False,True
5135,7816,5,age,0.82421875,True,True,True,False,"(0, 125392, 125564)","(0, 125392, 125564)","(0, 125392, 125564)",False,True
5136,7818,5,age,0.07421875,True,True,True,False,"(0, 127088, 127097)","(0, 127088, 127097)","(0, 127088, 127097)",False,True
5137,7818,5,age,0.69921875,False,False,False,False,"(0, 127080, 127097)","(0, 127080, 127097)","(0, 127080, 127097)",False,True
5138,7818,5,age,0.97265625,True,True,True,False,"(0, 127072, 127098)","(0, 127072, 127098)","(0, 127072, 127098)",False,True
5139,7820,5,age,0.13671875,True,True,True,False,"(0, 125464, 125563)","(0, 125464, 125563)","(0, 125464, 125563)",False,True
5140,7820,5,age,0.69921875,False,False,False,False,"(0, 125392, 125563)","(0, 125392, 125563)","(0, 125392, 125563)",False,True
5141,7820,5,age,0.82421875,True,True,True,False,"(0, 125392, 125564)","(0, 125392, 125564)","(0, 125392, 125564)",False,True
5142,7821,5,age,0.12109375,True,True,True,False,"(0, 125864, 125753)","(0, 125864, 125753)","(0, 125864, 125753)",False,True
5143,7821,5,age,0.30078125,True,True,True,False,"(0, 125800, 125752)","(0, 125800, 125752)","(0, 125800, 125752)",False,True
5144,7821,5,age,0.92578125,False,False,False,False,"(0, 125744, 125752)","(0, 125744, 125752)","(0, 125744, 125752)",False,True
5145,7826,5,age,0.13671875,True,True,True,False,"(0, 125848, 125755)","(0, 125848, 125755)","(0, 125848, 125755)",False,True
5146,7826,5,age,0.69921875,False,False,False,False,"(0, 125776, 125755)","(0, 125776, 125755)","(0, 125776, 125755)",False,True
5147,7826,5,age,0.82421875,True,True,True,False,"(0, 125776, 125756)","(0, 125776, 125756)","(0, 125776, 125756)",False,True
5148,7828,5,age,0.13671875,True,True,True,False,"(0, 125848, 125819)","(0, 125848, 125819)","(0, 125848, 125819)",False,True
5149,7828,5,age,0.69921875,False,False,False,False,"(0, 125776, 125819)","(0, 125776, 125819)","(0, 125776, 125819)",False,True
5150,7828,5,age,0.82421875,True,True,True,False,"(0, 125776, 125820)","(0, 125776, 125820)","(0, 125776, 125820)",False,True
5151,7830,5,age,0.13671875,True,True,True,False,"(0, 125848, 125883)","(0, 125848, 125883)","(0, 125848, 125883)",False,True
5152,7830,5,age,0.69921875,False,False,False,False,"(0, 125776, 125883)","(0, 125776, 125883)","(0, 125776, 125883)",False,True
5153,7830,5,age,0.82421875,True,True,True,False,"(0, 125776, 125884)","(0, 125776, 125884)","(0, 125776, 125884)",False,True
5154,7832,5,age,0.07421875,True,True,True,False,"(0, 127472, 127481)","(0, 127472, 127481)","(0, 127472, 127481)",False,True
5155,7832,5,age,0.69921875,False,False,False,False,"(0, 127464, 127481)","(0, 127464, 127481)","(0, 127464, 127481)",False,True
5156,7832,5,age,0.76171875,True,True,True,False,"(0, 127400, 127482)","(0, 127400, 127482)","(0, 127400, 127482)",False,True
5157,7834,5,age,0.13671875,True,True,True,False,"(0, 125848, 125947)","(0, 125848, 125947)","(0, 125848, 125947)",False,True
5158,7834,5,age,0.69921875,False,False,False,False,"(0, 125776, 125947)","(0, 125776, 125947)","(0, 125776, 125947)",False,True
5159,7834,5,age,0.82421875,True,True,True,False,"(0, 125776, 125948)","(0, 125776, 125948)","(0, 125776, 125948)",False,True
5160,7836,5,age,0.07421875,True,True,True,False,"(0, 127472, 127481)","(0, 127472, 127481)","(0, 127472, 127481)",False,True
5161,7836,5,age,0.69921875,False,False,False,False,"(0, 127464, 127481)","(0, 127464, 127481)","(0, 127464, 127481)",False,True
5162,7836,5,age,0.97265625,True,True,True,False,"(0, 127456, 127482)","(0, 127456, 127482)","(0, 127456, 127482)",False,True
5163,7838,5,age,0.13671875,True,True,True,False,"(0, 125848, 125947)","(0, 125848, 125947)","(0, 125848, 125947)",False,True
5164,7838,5,age,0.69921875,False,False,False,False,"(0, 125776, 125947)","(0, 125776, 125947)","(0, 125776, 125947)",False,True
5165,7838,5,age,0.82421875,True,True,True,False,"(0, 125776, 125948)","(0, 125776, 125948)","(0, 125776, 125948)",False,True
5166,7840,5,age,0.07421875,True,True,True,False,"(0, 109424, 109433)","(0, 109424, 109433)","(0, 109424, 109433)",False,True
5167,7840,5,age,0.69921875,False,False,False,False,"(0, 109416, 109433)","(0, 109416, 109433)","(0, 109416, 109433)",False,True
5168,7840,5,age,0.76171875,True,True,True,False,"(0, 109352, 109434)","(0, 109352, 109434)","(0, 109352, 109434)",False,True
5169,7842,5,age,0.07421875,True,True,True,False,"(0, 109424, 109433)","(0, 109424, 109433)","(0, 109424, 109433)",False,True
5170,7842,5,age,0.69921875,False,False,False,False,"(0, 109416, 109433)","(0, 109416, 109433)","(0, 109416, 109433)",False,True
5171,7842,5,age,0.97265625,True,True,True,False,"(0, 109408, 109434)","(0, 109408, 109434)","(0, 109408, 109434)",False,True
5172,7844,5,age,0.07421875,True,True,True,False,"(0, 109808, 109817)","(0, 109808, 109817)","(0, 109808, 109817)",False,True
5173,7844,5,age,0.69921875,False,False,False,False,"(0, 109800, 109817)","(0, 109800, 109817)","(0, 109800, 109817)",False,True
5174,7844,5,age,0.76171875,True,True,True,False,"(0, 109736, 109818)","(0, 109736, 109818)","(0, 109736, 109818)",False,True
5175,7846,5,age,0.07421875,True,True,True,False,"(0, 109808, 109817)","(0, 109808, 109817)","(0, 109808, 109817)",False,True
5176,7846,5,age,0.69921875,False,False,False,False,"(0, 109800, 109817)","(0, 109800, 109817)","(0, 109800, 109817)",False,True
5177,7846,5,age,0.97265625,True,True,True,False,"(0, 109792, 109818)","(0, 109792, 109818)","(0, 109792, 109818)",False,True
5178,7848,5,age,0.07421875,True,True,True,False,"(0, 109808, 109817)","(0, 109808, 109817)","(0, 109808, 109817)",False,True
5179,7848,5,age,0.69921875,False,False,False,False,"(0, 109800, 109817)","(0, 109800, 109817)","(0, 109800, 109817)",False,True
5180,7848,5,age,0.76171875,True,True,True,False,"(0, 109736, 109818)","(0, 109736, 109818)","(0, 109736, 109818)",False,True
5181,7850,5,age,0.07421875,True,True,True,False,"(0, 109808, 109817)","(0, 109808, 109817)","(0, 109808, 109817)",False,True
5182,7850,5,age,0.69921875,False,False,False,False,"(0, 109800, 109817)","(0, 109800, 109817)","(0, 109800, 109817)",False,True
5183,7850,5,age,0.97265625,True,True,True,False,"(0, 109792, 109818)","(0, 109792, 109818)","(0, 109792, 109818)",False,True
5184,7852,5,age,0.07421875,True,True,True,False,"(0, 131696, 131705)","(0, 131696, 131705)","(0, 131696, 131705)",False,True
5185,7852,5,age,0.69921875,False,False,False,False,"(0, 131688, 131705)","(0, 131688, 131705)","(0, 131688, 131705)",False,True
5186,7852,5,age,0.76171875,True,True,True,False,"(0, 131624, 131706)","(0, 131624, 131706)","(0, 131624, 131706)",False,True
5187,7854,5,age,0.07421875,True,True,True,False,"(0, 131696, 131705)","(0, 131696, 131705)","(0, 131696, 131705)",False,True
5188,7854,5,age,0.69921875,False,False,False,False,"(0, 131688, 131705)","(0, 131688, 131705)","(0, 131688, 131705)",False,True
5189,7854,5,age,0.97265625,True,True,True,False,"(0, 131680, 131706)","(0, 131680, 131706)","(0, 131680, 131706)",False,True
5190,7856,5,age,0.07421875,True,True,True,False,"(0, 132080, 132089)","(0, 132080, 132089)","(0, 132080, 132089)",False,True
5191,7856,5,age,0.69921875,False,False,False,False,"(0, 132072, 132089)","(0, 132072, 132089)","(0, 132072, 132089)",False,True
5192,7856,5,age,0.76171875,True,True,True,False,"(0, 132008, 132090)","(0, 132008, 132090)","(0, 132008, 132090)",False,True
5193,7858,5,age,0.07421875,True,True,True,False,"(0, 132080, 132089)","(0, 132080, 132089)","(0, 132080, 132089)",False,True
5194,7858,5,age,0.69921875,False,False,False,False,"(0, 132072, 132089)","(0, 132072, 132089)","(0, 132072, 132089)",False,True
5195,7858,5,age,0.97265625,True,True,True,False,"(0, 132064, 132090)","(0, 132064, 132090)","(0, 132064, 132090)",False,True
5196,7859,5,age,0.12109375,True,True,True,False,"(0, 109352, 109241)","(0, 109352, 109241)","(0, 109352, 109241)",False,True
5197,7859,5,age,0.30078125,True,True,True,False,"(0, 109288, 109240)","(0, 109288, 109240)","(0, 109288, 109240)",False,True
5198,7859,5,age,0.92578125,False,False,False,False,"(0, 109232, 109240)","(0, 109232, 109240)","(0, 109232, 109240)",False,True
5199,7864,5,age,0.13671875,True,True,True,False,"(0, 109336, 109243)","(0, 109336, 109243)","(0, 109336, 109243)",False,True
5200,7864,5,age,0.69921875,False,False,False,False,"(0, 109264, 109243)","(0, 109264, 109243)","(0, 109264, 109243)",False,True
5201,7864,5,age,0.82421875,True,True,True,False,"(0, 109264, 109244)","(0, 109264, 109244)","(0, 109264, 109244)",False,True
5202,7866,5,age,0.13671875,True,True,True,False,"(0, 109336, 109307)","(0, 109336, 109307)","(0, 109336, 109307)",False,True
5203,7866,5,age,0.69921875,False,False,False,False,"(0, 109264, 109307)","(0, 109264, 109307)","(0, 109264, 109307)",False,True
5204,7866,5,age,0.82421875,True,True,True,False,"(0, 109264, 109308)","(0, 109264, 109308)","(0, 109264, 109308)",False,True
5205,7868,5,age,0.13671875,True,True,True,False,"(0, 109336, 109371)","(0, 109336, 109371)","(0, 109336, 109371)",False,True
5206,7868,5,age,0.69921875,False,False,False,False,"(0, 109264, 109371)","(0, 109264, 109371)","(0, 109264, 109371)",False,True
5207,7868,5,age,0.82421875,True,True,True,False,"(0, 109264, 109372)","(0, 109264, 109372)","(0, 109264, 109372)",False,True
5208,7870,5,age,0.07421875,True,True,True,False,"(0, 110960, 110969)","(0, 110960, 110969)","(0, 110960, 110969)",False,True
5209,7870,5,age,0.69921875,False,False,False,False,"(0, 110952, 110969)","(0, 110952, 110969)","(0, 110952, 110969)",False,True
5210,7870,5,age,0.76171875,True,True,True,False,"(0, 110888, 110970)","(0, 110888, 110970)","(0, 110888, 110970)",False,True
5211,7872,5,age,0.13671875,True,True,True,False,"(0, 109336, 109435)","(0, 109336, 109435)","(0, 109336, 109435)",False,True
5212,7872,5,age,0.69921875,False,False,False,False,"(0, 109264, 109435)","(0, 109264, 109435)","(0, 109264, 109435)",False,True
5213,7872,5,age,0.82421875,True,True,True,False,"(0, 109264, 109436)","(0, 109264, 109436)","(0, 109264, 109436)",False,True
5214,7874,5,age,0.07421875,True,True,True,False,"(0, 110960, 110969)","(0, 110960, 110969)","(0, 110960, 110969)",False,True
5215,7874,5,age,0.69921875,False,False,False,False,"(0, 110952, 110969)","(0, 110952, 110969)","(0, 110952, 110969)",False,True
5216,7874,5,age,0.97265625,True,True,True,False,"(0, 110944, 110970)","(0, 110944, 110970)","(0, 110944, 110970)",False,True
5217,7876,5,age,0.13671875,True,True,True,False,"(0, 109336, 109435)","(0, 109336, 109435)","(0, 109336, 109435)",False,True
5218,7876,5,age,0.69921875,False,False,False,False,"(0, 109264, 109435)","(0, 109264, 109435)","(0, 109264, 109435)",False,True
5219,7876,5,age,0.82421875,True,True,True,False,"(0, 109264, 109436)","(0, 109264, 109436)","(0, 109264, 109436)",False,True
5220,7877,5,age,0.12109375,True,True,True,False,"(0, 109736, 109625)","(0, 109736, 109625)","(0, 109736, 109625)",False,True
5221,7877,5,age,0.30078125,True,True,True,False,"(0, 109672, 109624)","(0, 109672, 109624)","(0, 109672, 109624)",False,True
5222,7877,5,age,0.92578125,False,False,False,False,"(0, 109616, 109624)","(0, 109616, 109624)","(0, 109616, 109624)",False,True
5223,7882,5,age,0.13671875,True,True,True,False,"(0, 109720, 109627)","(0, 109720, 109627)","(0, 109720, 109627)",False,True
5224,7882,5,age,0.69921875,False,False,False,False,"(0, 109648, 109627)","(0, 109648, 109627)","(0, 109648, 109627)",False,True
5225,7882,5,age,0.82421875,True,True,True,False,"(0, 109648, 109628)","(0, 109648, 109628)","(0, 109648, 109628)",False,True
5226,7884,5,age,0.13671875,True,True,True,False,"(0, 109720, 109691)","(0, 109720, 109691)","(0, 109720, 109691)",False,True
5227,7884,5,age,0.69921875,False,False,False,False,"(0, 109648, 109691)","(0, 109648, 109691)","(0, 109648, 109691)",False,True
5228,7884,5,age,0.82421875,True,True,True,False,"(0, 109648, 109692)","(0, 109648, 109692)","(0, 109648, 109692)",False,True
5229,7886,5,age,0.13671875,True,True,True,False,"(0, 109720, 109755)","(0, 109720, 109755)","(0, 109720, 109755)",False,True
5230,7886,5,age,0.69921875,False,False,False,False,"(0, 109648, 109755)","(0, 109648, 109755)","(0, 109648, 109755)",False,True
5231,7886,5,age,0.82421875,True,True,True,False,"(0, 109648, 109756)","(0, 109648, 109756)","(0, 109648, 109756)",False,True
5232,7888,5,age,0.07421875,True,True,True,False,"(0, 111344, 111353)","(0, 111344, 111353)","(0, 111344, 111353)",False,True
5233,7888,5,age,0.69921875,False,False,False,False,"(0, 111336, 111353)","(0, 111336, 111353)","(0, 111336, 111353)",False,True
5234,7888,5,age,0.76171875,True,True,True,False,"(0, 111272, 111354)","(0, 111272, 111354)","(0, 111272, 111354)",False,True
5235,7890,5,age,0.13671875,True,True,True,False,"(0, 109720, 109819)","(0, 109720, 109819)","(0, 109720, 109819)",False,True
5236,7890,5,age,0.69921875,False,False,False,False,"(0, 109648, 109819)","(0, 109648, 109819)","(0, 109648, 109819)",False,True
5237,7890,5,age,0.82421875,True,True,True,False,"(0, 109648, 109820)","(0, 109648, 109820)","(0, 109648, 109820)",False,True
5238,7892,5,age,0.07421875,True,True,True,False,"(0, 111344, 111353)","(0, 111344, 111353)","(0, 111344, 111353)",False,True
5239,7892,5,age,0.69921875,False,False,False,False,"(0, 111336, 111353)","(0, 111336, 111353)","(0, 111336, 111353)",False,True
5240,7892,5,age,0.97265625,True,True,True,False,"(0, 111328, 111354)","(0, 111328, 111354)","(0, 111328, 111354)",False,True
5241,7894,5,age,0.13671875,True,True,True,False,"(0, 109720, 109819)","(0, 109720, 109819)","(0, 109720, 109819)",False,True
5242,7894,5,age,0.69921875,False,False,False,False,"(0, 109648, 109819)","(0, 109648, 109819)","(0, 109648, 109819)",False,True
5243,7894,5,age,0.82421875,True,True,True,False,"(0, 109648, 109820)","(0, 109648, 109820)","(0, 109648, 109820)",False,True
5244,7895,5,age,0.12109375,True,True,True,False,"(0, 109736, 109625)","(0, 109736, 109625)","(0, 109736, 109625)",False,True
5245,7895,5,age,0.30078125,True,True,True,False,"(0, 109672, 109624)","(0, 109672, 109624)","(0, 109672, 109624)",False,True
5246,7895,5,age,0.92578125,False,False,False,False,"(0, 109616, 109624)","(0, 109616, 109624)","(0, 109616, 109624)",False,True
5247,7900,5,age,0.13671875,True,True,True,False,"(0, 109720, 109627)","(0, 109720, 109627)","(0, 109720, 109627)",False,True
5248,7900,5,age,0.69921875,False,False,False,False,"(0, 109648, 109627)","(0, 109648, 109627)","(0, 109648, 109627)",False,True
5249,7900,5,age,0.82421875,True,True,True,False,"(0, 109648, 109628)","(0, 109648, 109628)","(0, 109648, 109628)",False,True
5250,7902,5,age,0.13671875,True,True,True,False,"(0, 109720, 109691)","(0, 109720, 109691)","(0, 109720, 109691)",False,True
5251,7902,5,age,0.69921875,False,False,False,False,"(0, 109648, 109691)","(0, 109648, 109691)","(0, 109648, 109691)",False,True
5252,7902,5,age,0.82421875,True,True,True,False,"(0, 109648, 109692)","(0, 109648, 109692)","(0, 109648, 109692)",False,True
5253,7904,5,age,0.13671875,True,True,True,False,"(0, 109720, 109755)","(0, 109720, 109755)","(0, 109720, 109755)",False,True
5254,7904,5,age,0.69921875,False,False,False,False,"(0, 109648, 109755)","(0, 109648, 109755)","(0, 109648, 109755)",False,True
5255,7904,5,age,0.82421875,True,True,True,False,"(0, 109648, 109756)","(0, 109648, 109756)","(0, 109648, 109756)",False,True
5256,7906,5,age,0.07421875,True,True,True,False,"(0, 111344, 111353)","(0, 111344, 111353)","(0, 111344, 111353)",False,True
5257,7906,5,age,0.69921875,False,False,False,False,"(0, 111336, 111353)","(0, 111336, 111353)","(0, 111336, 111353)",False,True
5258,7906,5,age,0.76171875,True,True,True,False,"(0, 111272, 111354)","(0, 111272, 111354)","(0, 111272, 111354)",False,True
5259,7908,5,age,0.13671875,True,True,True,False,"(0, 109720, 109819)","(0, 109720, 109819)","(0, 109720, 109819)",False,True
5260,7908,5,age,0.69921875,False,False,False,False,"(0, 109648, 109819)","(0, 109648, 109819)","(0, 109648, 109819)",False,True
5261,7908,5,age,0.82421875,True,True,True,False,"(0, 109648, 109820)","(0, 109648, 109820)","(0, 109648, 109820)",False,True
5262,7910,5,age,0.07421875,True,True,True,False,"(0, 111344, 111353)","(0, 111344, 111353)","(0, 111344, 111353)",False,True
5263,7910,5,age,0.69921875,False,False,False,False,"(0, 111336, 111353)","(0, 111336, 111353)","(0, 111336, 111353)",False,True
5264,7910,5,age,0.97265625,True,True,True,False,"(0, 111328, 111354)","(0, 111328, 111354)","(0, 111328, 111354)",False,True
5265,7912,5,age,0.13671875,True,True,True,False,"(0, 109720, 109819)","(0, 109720, 109819)","(0, 109720, 109819)",False,True
5266,7912,5,age,0.69921875,False,False,False,False,"(0, 109648, 109819)","(0, 109648, 109819)","(0, 109648, 109819)",False,True
5267,7912,5,age,0.82421875,True,True,True,False,"(0, 109648, 109820)","(0, 109648, 109820)","(0, 109648, 109820)",False,True
5268,7913,5,age,0.12109375,True,True,True,False,"(0, 131624, 131513)","(0, 131624, 131513)","(0, 131624, 131513)",False,True
5269,7913,5,age,0.30078125,True,True,True,False,"(0, 131560, 131512)","(0, 131560, 131512)","(0, 131560, 131512)",False,True
5270,7913,5,age,0.92578125,False,False,False,False,"(0, 131504, 131512)","(0, 131504, 131512)","(0, 131504, 131512)",False,True
5271,7918,5,age,0.13671875,True,True,True,False,"(0, 131608, 131515)","(0, 131608, 131515)","(0, 131608, 131515)",False,True
5272,7918,5,age,0.69921875,False,False,False,False,"(0, 131536, 131515)","(0, 131536, 131515)","(0, 131536, 131515)",False,True
5273,7918,5,age,0.82421875,True,True,True,False,"(0, 131536, 131516)","(0, 131536, 131516)","(0, 131536, 131516)",False,True
5274,7920,5,age,0.13671875,True,True,True,False,"(0, 131608, 131579)","(0, 131608, 131579)","(0, 131608, 131579)",False,True
5275,7920,5,age,0.69921875,False,False,False,False,"(0, 131536, 131579)","(0, 131536, 131579)","(0, 131536, 131579)",False,True
5276,7920,5,age,0.82421875,True,True,True,False,"(0, 131536, 131580)","(0, 131536, 131580)","(0, 131536, 131580)",False,True
5277,7922,5,age,0.13671875,True,True,True,False,"(0, 131608, 131643)","(0, 131608, 131643)","(0, 131608, 131643)",False,True
5278,7922,5,age,0.69921875,False,False,False,False,"(0, 131536, 131643)","(0, 131536, 131643)","(0, 131536, 131643)",False,True
5279,7922,5,age,0.82421875,True,True,True,False,"(0, 131536, 131644)","(0, 131536, 131644)","(0, 131536, 131644)",False,True
5280,7924,5,age,0.07421875,True,True,True,False,"(0, 133232, 133241)","(0, 133232, 133241)","(0, 133232, 133241)",False,True
5281,7924,5,age,0.69921875,False,False,False,False,"(0, 133224, 133241)","(0, 133224, 133241)","(0, 133224, 133241)",False,True
5282,7924,5,age,0.76171875,True,True,True,False,"(0, 133160, 133242)","(0, 133160, 133242)","(0, 133160, 133242)",False,True
5283,7926,5,age,0.13671875,True,True,True,False,"(0, 131608, 131707)","(0, 131608, 131707)","(0, 131608, 131707)",False,True
5284,7926,5,age,0.69921875,False,False,False,False,"(0, 131536, 131707)","(0, 131536, 131707)","(0, 131536, 131707)",False,True
5285,7926,5,age,0.82421875,True,True,True,False,"(0, 131536, 131708)","(0, 131536, 131708)","(0, 131536, 131708)",False,True
5286,7928,5,age,0.07421875,True,True,True,False,"(0, 133232, 133241)","(0, 133232, 133241)","(0, 133232, 133241)",False,True
5287,7928,5,age,0.69921875,False,False,False,False,"(0, 133224, 133241)","(0, 133224, 133241)","(0, 133224, 133241)",False,True
5288,7928,5,age,0.97265625,True,True,True,False,"(0, 133216, 133242)","(0, 133216, 133242)","(0, 133216, 133242)",False,True
5289,7930,5,age,0.13671875,True,True,True,False,"(0, 131608, 131707)","(0, 131608, 131707)","(0, 131608, 131707)",False,True
5290,7930,5,age,0.69921875,False,False,False,False,"(0, 131536, 131707)","(0, 131536, 131707)","(0, 131536, 131707)",False,True
5291,7930,5,age,0.82421875,True,True,True,False,"(0, 131536, 131708)","(0, 131536, 131708)","(0, 131536, 131708)",False,True
5292,7931,5,age,0.12109375,True,True,True,False,"(0, 132008, 131897)","(0, 132008, 131897)","(0, 132008, 131897)",False,True
5293,7931,5,age,0.30078125,True,True,True,False,"(0, 131944, 131896)","(0, 131944, 131896)","(0, 131944, 131896)",False,True
5294,7931,5,age,0.92578125,False,False,False,False,"(0, 131888, 131896)","(0, 131888, 131896)","(0, 131888, 131896)",False,True
5295,7936,5,age,0.13671875,True,True,True,False,"(0, 131992, 131899)","(0, 131992, 131899)","(0, 131992, 131899)",False,True
5296,7936,5,age,0.69921875,False,False,False,False,"(0, 131920, 131899)","(0, 131920, 131899)","(0, 131920, 131899)",False,True
5297,7936,5,age,0.82421875,True,True,True,False,"(0, 131920, 131900)","(0, 131920, 131900)","(0, 131920, 131900)",False,True
5298,7938,5,age,0.13671875,True,True,True,False,"(0, 131992, 131963)","(0, 131992, 131963)","(0, 131992, 131963)",False,True
5299,7938,5,age,0.69921875,False,False,False,False,"(0, 131920, 131963)","(0, 131920, 131963)","(0, 131920, 131963)",False,True
5300,7938,5,age,0.82421875,True,True,True,False,"(0, 131920, 131964)","(0, 131920, 131964)","(0, 131920, 131964)",False,True
5301,7940,5,age,0.13671875,True,True,True,False,"(0, 131992, 132027)","(0, 131992, 132027)","(0, 131992, 132027)",False,True
5302,7940,5,age,0.69921875,False,False,False,False,"(0, 131920, 132027)","(0, 131920, 132027)","(0, 131920, 132027)",False,True
5303,7940,5,age,0.82421875,True,True,True,False,"(0, 131920, 132028)","(0, 131920, 132028)","(0, 131920, 132028)",False,True
5304,7942,5,age,0.07421875,True,True,True,False,"(0, 133616, 133625)","(0, 133616, 133625)","(0, 133616, 133625)",False,True
5305,7942,5,age,0.69921875,False,False,False,False,"(0, 133608, 133625)","(0, 133608, 133625)","(0, 133608, 133625)",False,True
5306,7942,5,age,0.76171875,True,True,True,False,"(0, 133544, 133626)","(0, 133544, 133626)","(0, 133544, 133626)",False,True
5307,7944,5,age,0.13671875,True,True,True,False,"(0, 131992, 132091)","(0, 131992, 132091)","(0, 131992, 132091)",False,True
5308,7944,5,age,0.69921875,False,False,False,False,"(0, 131920, 132091)","(0, 131920, 132091)","(0, 131920, 132091)",False,True
5309,7944,5,age,0.82421875,True,True,True,False,"(0, 131920, 132092)","(0, 131920, 132092)","(0, 131920, 132092)",False,True
5310,7946,5,age,0.07421875,True,True,True,False,"(0, 133616, 133625)","(0, 133616, 133625)","(0, 133616, 133625)",False,True
5311,7946,5,age,0.69921875,False,False,False,False,"(0, 133608, 133625)","(0, 133608, 133625)","(0, 133608, 133625)",False,True
5312,7946,5,age,0.97265625,True,True,True,False,"(0, 133600, 133626)","(0, 133600, 133626)","(0, 133600, 133626)",False,True
5313,7948,5,age,0.13671875,True,True,True,False,"(0, 131992, 132091)","(0, 131992, 132091)","(0, 131992, 132091)",False,True
5314,7948,5,age,0.69921875,False,False,False,False,"(0, 131920, 132091)","(0, 131920, 132091)","(0, 131920, 132091)",False,True
5315,7948,5,age,0.82421875,True,True,True,False,"(0, 131920, 132092)","(0, 131920, 132092)","(0, 131920, 132092)",False,True
5316,7949,5,age,0.12109375,True,True,True,False,"(0, 110888, 110777)","(0, 110888, 110777)","(0, 110888, 110777)",False,True
5317,7949,5,age,0.30078125,True,True,True,False,"(0, 110824, 110776)","(0, 110824, 110776)","(0, 110824, 110776)",False,True
5318,7949,5,age,0.92578125,False,False,False,False,"(0, 110768, 110776)","(0, 110768, 110776)","(0, 110768, 110776)",False,True
5319,7954,5,age,0.13671875,True,True,True,False,"(0, 110872, 110779)","(0, 110872, 110779)","(0, 110872, 110779)",False,True
5320,7954,5,age,0.69921875,False,False,False,False,"(0, 110800, 110779)","(0, 110800, 110779)","(0, 110800, 110779)",False,True
5321,7954,5,age,0.82421875,True,True,True,False,"(0, 110800, 110780)","(0, 110800, 110780)","(0, 110800, 110780)",False,True
5322,7956,5,age,0.13671875,True,True,True,False,"(0, 110872, 110843)","(0, 110872, 110843)","(0, 110872, 110843)",False,True
5323,7956,5,age,0.69921875,False,False,False,False,"(0, 110800, 110843)","(0, 110800, 110843)","(0, 110800, 110843)",False,True
5324,7956,5,age,0.82421875,True,True,True,False,"(0, 110800, 110844)","(0, 110800, 110844)","(0, 110800, 110844)",False,True
5325,7958,5,age,0.13671875,True,True,True,False,"(0, 110872, 110907)","(0, 110872, 110907)","(0, 110872, 110907)",False,True
5326,7958,5,age,0.69921875,False,False,False,False,"(0, 110800, 110907)","(0, 110800, 110907)","(0, 110800, 110907)",False,True
5327,7958,5,age,0.82421875,True,True,True,False,"(0, 110800, 110908)","(0, 110800, 110908)","(0, 110800, 110908)",False,True
5328,7960,5,age,0.07421875,True,True,True,False,"(0, 112496, 112505)","(0, 112496, 112505)","(0, 112496, 112505)",False,True
5329,7960,5,age,0.69921875,False,False,False,False,"(0, 112488, 112505)","(0, 112488, 112505)","(0, 112488, 112505)",False,True
5330,7960,5,age,0.76171875,True,True,True,False,"(0, 112424, 112506)","(0, 112424, 112506)","(0, 112424, 112506)",False,True
5331,7962,5,age,0.13671875,True,True,True,False,"(0, 110872, 110971)","(0, 110872, 110971)","(0, 110872, 110971)",False,True
5332,7962,5,age,0.69921875,False,False,False,False,"(0, 110800, 110971)","(0, 110800, 110971)","(0, 110800, 110971)",False,True
5333,7962,5,age,0.82421875,True,True,True,False,"(0, 110800, 110972)","(0, 110800, 110972)","(0, 110800, 110972)",False,True
5334,7964,5,age,0.07421875,True,True,True,False,"(0, 112496, 112505)","(0, 112496, 112505)","(0, 112496, 112505)",False,True
5335,7964,5,age,0.69921875,False,False,False,False,"(0, 112488, 112505)","(0, 112488, 112505)","(0, 112488, 112505)",False,True
5336,7964,5,age,0.97265625,True,True,True,False,"(0, 112480, 112506)","(0, 112480, 112506)","(0, 112480, 112506)",False,True
5337,7966,5,age,0.13671875,True,True,True,False,"(0, 110872, 110971)","(0, 110872, 110971)","(0, 110872, 110971)",False,True
5338,7966,5,age,0.69921875,False,False,False,False,"(0, 110800, 110971)","(0, 110800, 110971)","(0, 110800, 110971)",False,True
5339,7966,5,age,0.82421875,True,True,True,False,"(0, 110800, 110972)","(0, 110800, 110972)","(0, 110800, 110972)",False,True
5340,7967,5,age,0.12109375,True,True,True,False,"(0, 111272, 111161)","(0, 111272, 111161)","(0, 111272, 111161)",False,True
5341,7967,5,age,0.30078125,True,True,True,False,"(0, 111208, 111160)","(0, 111208, 111160)","(0, 111208, 111160)",False,True
5342,7967,5,age,0.92578125,False,False,False,False,"(0, 111152, 111160)","(0, 111152, 111160)","(0, 111152, 111160)",False,True
5343,7972,5,age,0.13671875,True,True,True,False,"(0, 111256, 111163)","(0, 111256, 111163)","(0, 111256, 111163)",False,True
5344,7972,5,age,0.69921875,False,False,False,False,"(0, 111184, 111163)","(0, 111184, 111163)","(0, 111184, 111163)",False,True
5345,7972,5,age,0.82421875,True,True,True,False,"(0, 111184, 111164)","(0, 111184, 111164)","(0, 111184, 111164)",False,True
5346,7974,5,age,0.13671875,True,True,True,False,"(0, 111256, 111227)","(0, 111256, 111227)","(0, 111256, 111227)",False,True
5347,7974,5,age,0.69921875,False,False,False,False,"(0, 111184, 111227)","(0, 111184, 111227)","(0, 111184, 111227)",False,True
5348,7974,5,age,0.82421875,True,True,True,False,"(0, 111184, 111228)","(0, 111184, 111228)","(0, 111184, 111228)",False,True
5349,7976,5,age,0.13671875,True,True,True,False,"(0, 111256, 111291)","(0, 111256, 111291)","(0, 111256, 111291)",False,True
5350,7976,5,age,0.69921875,False,False,False,False,"(0, 111184, 111291)","(0, 111184, 111291)","(0, 111184, 111291)",False,True
5351,7976,5,age,0.82421875,True,True,True,False,"(0, 111184, 111292)","(0, 111184, 111292)","(0, 111184, 111292)",False,True
5352,7978,5,age,0.07421875,True,True,True,False,"(0, 112880, 112889)","(0, 112880, 112889)","(0, 112880, 112889)",False,True
5353,7978,5,age,0.69921875,False,False,False,False,"(0, 112872, 112889)","(0, 112872, 112889)","(0, 112872, 112889)",False,True
5354,7978,5,age,0.76171875,True,True,True,False,"(0, 112808, 112890)","(0, 112808, 112890)","(0, 112808, 112890)",False,True
5355,7980,5,age,0.13671875,True,True,True,False,"(0, 111256, 111355)","(0, 111256, 111355)","(0, 111256, 111355)",False,True
5356,7980,5,age,0.69921875,False,False,False,False,"(0, 111184, 111355)","(0, 111184, 111355)","(0, 111184, 111355)",False,True
5357,7980,5,age,0.82421875,True,True,True,False,"(0, 111184, 111356)","(0, 111184, 111356)","(0, 111184, 111356)",False,True
5358,7982,5,age,0.07421875,True,True,True,False,"(0, 112880, 112889)","(0, 112880, 112889)","(0, 112880, 112889)",False,True
5359,7982,5,age,0.69921875,False,False,False,False,"(0, 112872, 112889)","(0, 112872, 112889)","(0, 112872, 112889)",False,True
5360,7982,5,age,0.97265625,True,True,True,False,"(0, 112864, 112890)","(0, 112864, 112890)","(0, 112864, 112890)",False,True
5361,7984,5,age,0.13671875,True,True,True,False,"(0, 111256, 111355)","(0, 111256, 111355)","(0, 111256, 111355)",False,True
5362,7984,5,age,0.69921875,False,False,False,False,"(0, 111184, 111355)","(0, 111184, 111355)","(0, 111184, 111355)",False,True
5363,7984,5,age,0.82421875,True,True,True,False,"(0, 111184, 111356)","(0, 111184, 111356)","(0, 111184, 111356)",False,True
5364,7985,5,age,0.12109375,True,True,True,False,"(0, 111272, 111161)","(0, 111272, 111161)","(0, 111272, 111161)",False,True
5365,7985,5,age,0.30078125,True,True,True,False,"(0, 111208, 111160)","(0, 111208, 111160)","(0, 111208, 111160)",False,True
5366,7985,5,age,0.92578125,False,False,False,False,"(0, 111152, 111160)","(0, 111152, 111160)","(0, 111152, 111160)",False,True
5367,7990,5,age,0.13671875,True,True,True,False,"(0, 111256, 111163)","(0, 111256, 111163)","(0, 111256, 111163)",False,True
5368,7990,5,age,0.69921875,False,False,False,False,"(0, 111184, 111163)","(0, 111184, 111163)","(0, 111184, 111163)",False,True
5369,7990,5,age,0.82421875,True,True,True,False,"(0, 111184, 111164)","(0, 111184, 111164)","(0, 111184, 111164)",False,True
5370,7992,5,age,0.13671875,True,True,True,False,"(0, 111256, 111227)","(0, 111256, 111227)","(0, 111256, 111227)",False,True
5371,7992,5,age,0.69921875,False,False,False,False,"(0, 111184, 111227)","(0, 111184, 111227)","(0, 111184, 111227)",False,True
5372,7992,5,age,0.82421875,True,True,True,False,"(0, 111184, 111228)","(0, 111184, 111228)","(0, 111184, 111228)",False,True
5373,7994,5,age,0.13671875,True,True,True,False,"(0, 111256, 111291)","(0, 111256, 111291)","(0, 111256, 111291)",False,True
5374,7994,5,age,0.69921875,False,False,False,False,"(0, 111184, 111291)","(0, 111184, 111291)","(0, 111184, 111291)",False,True
5375,7994,5,age,0.82421875,True,True,True,False,"(0, 111184, 111292)","(0, 111184, 111292)","(0, 111184, 111292)",False,True
5376,7996,5,age,0.07421875,True,True,True,False,"(0, 112880, 112889)","(0, 112880, 112889)","(0, 112880, 112889)",False,True
5377,7996,5,age,0.69921875,False,False,False,False,"(0, 112872, 112889)","(0, 112872, 112889)","(0, 112872, 112889)",False,True
5378,7996,5,age,0.76171875,True,True,True,False,"(0, 112808, 112890)","(0, 112808, 112890)","(0, 112808, 112890)",False,True
5379,7998,5,age,0.13671875,True,True,True,False,"(0, 111256, 111355)","(0, 111256, 111355)","(0, 111256, 111355)",False,True
5380,7998,5,age,0.69921875,False,False,False,False,"(0, 111184, 111355)","(0, 111184, 111355)","(0, 111184, 111355)",False,True
5381,7998,5,age,0.82421875,True,True,True,False,"(0, 111184, 111356)","(0, 111184, 111356)","(0, 111184, 111356)",False,True
5382,8000,5,age,0.07421875,True,True,True,False,"(0, 112880, 112889)","(0, 112880, 112889)","(0, 112880, 112889)",False,True
5383,8000,5,age,0.69921875,False,False,False,False,"(0, 112872, 112889)","(0, 112872, 112889)","(0, 112872, 112889)",False,True
5384,8000,5,age,0.97265625,True,True,True,False,"(0, 112864, 112890)","(0, 112864, 112890)","(0, 112864, 112890)",False,True
5385,8002,5,age,0.13671875,True,True,True,False,"(0, 111256, 111355)","(0, 111256, 111355)","(0, 111256, 111355)",False,True
5386,8002,5,age,0.69921875,False,False,False,False,"(0, 111184, 111355)","(0, 111184, 111355)","(0, 111184, 111355)",False,True
5387,8002,5,age,0.82421875,True,True,True,False,"(0, 111184, 111356)","(0, 111184, 111356)","(0, 111184, 111356)",False,True
5388,8003,5,age,0.12109375,True,True,True,False,"(0, 133160, 133049)","(0, 133160, 133049)","(0, 133160, 133049)",False,True
5389,8003,5,age,0.30078125,True,True,True,False,"(0, 133096, 133048)","(0, 133096, 133048)","(0, 133096, 133048)",False,True
5390,8003,5,age,0.92578125,False,False,False,False,"(0, 133040, 133048)","(0, 133040, 133048)","(0, 133040, 133048)",False,True
5391,8008,5,age,0.13671875,True,True,True,False,"(0, 133144, 133051)","(0, 133144, 133051)","(0, 133144, 133051)",False,True
5392,8008,5,age,0.69921875,False,False,False,False,"(0, 133072, 133051)","(0, 133072, 133051)","(0, 133072, 133051)",False,True
5393,8008,5,age,0.82421875,True,True,True,False,"(0, 133072, 133052)","(0, 133072, 133052)","(0, 133072, 133052)",False,True
5394,8010,5,age,0.13671875,True,True,True,False,"(0, 133144, 133115)","(0, 133144, 133115)","(0, 133144, 133115)",False,True
5395,8010,5,age,0.69921875,False,False,False,False,"(0, 133072, 133115)","(0, 133072, 133115)","(0, 133072, 133115)",False,True
5396,8010,5,age,0.82421875,True,True,True,False,"(0, 133072, 133116)","(0, 133072, 133116)","(0, 133072, 133116)",False,True
5397,8012,5,age,0.13671875,True,True,True,False,"(0, 133144, 133179)","(0, 133144, 133179)","(0, 133144, 133179)",False,True
5398,8012,5,age,0.69921875,False,False,False,False,"(0, 133072, 133179)","(0, 133072, 133179)","(0, 133072, 133179)",False,True
5399,8012,5,age,0.82421875,True,True,True,False,"(0, 133072, 133180)","(0, 133072, 133180)","(0, 133072, 133180)",False,True
5400,8014,5,age,0.07421875,True,True,True,False,"(0, 134768, 134777)","(0, 134768, 134777)","(0, 134768, 134777)",False,True
5401,8014,5,age,0.69921875,False,False,False,False,"(0, 134760, 134777)","(0, 134760, 134777)","(0, 134760, 134777)",False,True
5402,8014,5,age,0.76171875,True,True,True,False,"(0, 134696, 134778)","(0, 134696, 134778)","(0, 134696, 134778)",False,True
5403,8016,5,age,0.13671875,True,True,True,False,"(0, 133144, 133243)","(0, 133144, 133243)","(0, 133144, 133243)",False,True
5404,8016,5,age,0.69921875,False,False,False,False,"(0, 133072, 133243)","(0, 133072, 133243)","(0, 133072, 133243)",False,True
5405,8016,5,age,0.82421875,True,True,True,False,"(0, 133072, 133244)","(0, 133072, 133244)","(0, 133072, 133244)",False,True
5406,8018,5,age,0.07421875,True,True,True,False,"(0, 134768, 134777)","(0, 134768, 134777)","(0, 134768, 134777)",False,True
5407,8018,5,age,0.69921875,False,False,False,False,"(0, 134760, 134777)","(0, 134760, 134777)","(0, 134760, 134777)",False,True
5408,8018,5,age,0.97265625,True,True,True,False,"(0, 134752, 134778)","(0, 134752, 134778)","(0, 134752, 134778)",False,True
5409,8020,5,age,0.13671875,True,True,True,False,"(0, 133144, 133243)","(0, 133144, 133243)","(0, 133144, 133243)",False,True
5410,8020,5,age,0.69921875,False,False,False,False,"(0, 133072, 133243)","(0, 133072, 133243)","(0, 133072, 133243)",False,True
5411,8020,5,age,0.82421875,True,True,True,False,"(0, 133072, 133244)","(0, 133072, 133244)","(0, 133072, 133244)",False,True
5412,8021,5,age,0.12109375,True,True,True,False,"(0, 133544, 133433)","(0, 133544, 133433)","(0, 133544, 133433)",False,True
5413,8021,5,age,0.30078125,True,True,True,False,"(0, 133480, 133432)","(0, 133480, 133432)","(0, 133480, 133432)",False,True
5414,8021,5,age,0.92578125,False,False,False,False,"(0, 133424, 133432)","(0, 133424, 133432)","(0, 133424, 133432)",False,True
5415,8026,5,age,0.13671875,True,True,True,False,"(0, 133528, 133435)","(0, 133528, 133435)","(0, 133528, 133435)",False,True
5416,8026,5,age,0.69921875,False,False,False,False,"(0, 133456, 133435)","(0, 133456, 133435)","(0, 133456, 133435)",False,True
5417,8026,5,age,0.82421875,True,True,True,False,"(0, 133456, 133436)","(0, 133456, 133436)","(0, 133456, 133436)",False,True
5418,8028,5,age,0.13671875,True,True,True,False,"(0, 133528, 133499)","(0, 133528, 133499)","(0, 133528, 133499)",False,True
5419,8028,5,age,0.69921875,False,False,False,False,"(0, 133456, 133499)","(0, 133456, 133499)","(0, 133456, 133499)",False,True
5420,8028,5,age,0.82421875,True,True,True,False,"(0, 133456, 133500)","(0, 133456, 133500)","(0, 133456, 133500)",False,True
5421,8030,5,age,0.13671875,True,True,True,False,"(0, 133528, 133563)","(0, 133528, 133563)","(0, 133528, 133563)",False,True
5422,8030,5,age,0.69921875,False,False,False,False,"(0, 133456, 133563)","(0, 133456, 133563)","(0, 133456, 133563)",False,True
5423,8030,5,age,0.82421875,True,True,True,False,"(0, 133456, 133564)","(0, 133456, 133564)","(0, 133456, 133564)",False,True
5424,8032,5,age,0.07421875,True,True,True,False,"(0, 135152, 135161)","(0, 135152, 135161)","(0, 135152, 135161)",False,True
5425,8032,5,age,0.69921875,False,False,False,False,"(0, 135144, 135161)","(0, 135144, 135161)","(0, 135144, 135161)",False,True
5426,8032,5,age,0.76171875,True,True,True,False,"(0, 135080, 135162)","(0, 135080, 135162)","(0, 135080, 135162)",False,True
5427,8034,5,age,0.13671875,True,True,True,False,"(0, 133528, 133627)","(0, 133528, 133627)","(0, 133528, 133627)",False,True
5428,8034,5,age,0.69921875,False,False,False,False,"(0, 133456, 133627)","(0, 133456, 133627)","(0, 133456, 133627)",False,True
5429,8034,5,age,0.82421875,True,True,True,False,"(0, 133456, 133628)","(0, 133456, 133628)","(0, 133456, 133628)",False,True
5430,8036,5,age,0.07421875,True,True,True,False,"(0, 135152, 135161)","(0, 135152, 135161)","(0, 135152, 135161)",False,True
5431,8036,5,age,0.69921875,False,False,False,False,"(0, 135144, 135161)","(0, 135144, 135161)","(0, 135144, 135161)",False,True
5432,8036,5,age,0.97265625,True,True,True,False,"(0, 135136, 135162)","(0, 135136, 135162)","(0, 135136, 135162)",False,True
5433,8038,5,age,0.13671875,True,True,True,False,"(0, 133528, 133627)","(0, 133528, 133627)","(0, 133528, 133627)",False,True
5434,8038,5,age,0.69921875,False,False,False,False,"(0, 133456, 133627)","(0, 133456, 133627)","(0, 133456, 133627)",False,True
5435,8038,5,age,0.82421875,True,True,True,False,"(0, 133456, 133628)","(0, 133456, 133628)","(0, 133456, 133628)",False,True
5436,8039,5,age,0.12109375,True,True,True,False,"(0, 112424, 112313)","(0, 112424, 112313)","(0, 112424, 112313)",False,True
5437,8039,5,age,0.30078125,True,True,True,False,"(0, 112360, 112312)","(0, 112360, 112312)","(0, 112360, 112312)",False,True
5438,8039,5,age,0.92578125,False,False,False,False,"(0, 112304, 112312)","(0, 112304, 112312)","(0, 112304, 112312)",False,True
5439,8044,5,age,0.13671875,True,True,True,False,"(0, 112408, 112315)","(0, 112408, 112315)","(0, 112408, 112315)",False,True
5440,8044,5,age,0.69921875,False,False,False,False,"(0, 112336, 112315)","(0, 112336, 112315)","(0, 112336, 112315)",False,True
5441,8044,5,age,0.82421875,True,True,True,False,"(0, 112336, 112316)","(0, 112336, 112316)","(0, 112336, 112316)",False,True
5442,8046,5,age,0.13671875,True,True,True,False,"(0, 112408, 112379)","(0, 112408, 112379)","(0, 112408, 112379)",False,True
5443,8046,5,age,0.69921875,False,False,False,False,"(0, 112336, 112379)","(0, 112336, 112379)","(0, 112336, 112379)",False,True
5444,8046,5,age,0.82421875,True,True,True,False,"(0, 112336, 112380)","(0, 112336, 112380)","(0, 112336, 112380)",False,True
5445,8048,5,age,0.13671875,True,True,True,False,"(0, 112408, 112443)","(0, 112408, 112443)","(0, 112408, 112443)",False,True
5446,8048,5,age,0.69921875,False,False,False,False,"(0, 112336, 112443)","(0, 112336, 112443)","(0, 112336, 112443)",False,True
5447,8048,5,age,0.82421875,True,True,True,False,"(0, 112336, 112444)","(0, 112336, 112444)","(0, 112336, 112444)",False,True
5448,8050,5,age,0.07421875,True,True,True,False,"(0, 114032, 114041)","(0, 114032, 114041)","(0, 114032, 114041)",False,True
5449,8050,5,age,0.69921875,False,False,False,False,"(0, 114024, 114041)","(0, 114024, 114041)","(0, 114024, 114041)",False,True
5450,8050,5,age,0.76171875,True,True,True,False,"(0, 113960, 114042)","(0, 113960, 114042)","(0, 113960, 114042)",False,True
5451,8052,5,age,0.13671875,True,True,True,False,"(0, 112408, 112507)","(0, 112408, 112507)","(0, 112408, 112507)",False,True
5452,8052,5,age,0.69921875,False,False,False,False,"(0, 112336, 112507)","(0, 112336, 112507)","(0, 112336, 112507)",False,True
5453,8052,5,age,0.82421875,True,True,True,False,"(0, 112336, 112508)","(0, 112336, 112508)","(0, 112336, 112508)",False,True
5454,8054,5,age,0.07421875,True,True,True,False,"(0, 114032, 114041)","(0, 114032, 114041)","(0, 114032, 114041)",False,True
5455,8054,5,age,0.69921875,False,False,False,False,"(0, 114024, 114041)","(0, 114024, 114041)","(0, 114024, 114041)",False,True
5456,8054,5,age,0.97265625,True,True,True,False,"(0, 114016, 114042)","(0, 114016, 114042)","(0, 114016, 114042)",False,True
5457,8056,5,age,0.13671875,True,True,True,False,"(0, 112408, 112507)","(0, 112408, 112507)","(0, 112408, 112507)",False,True
5458,8056,5,age,0.69921875,False,False,False,False,"(0, 112336, 112507)","(0, 112336, 112507)","(0, 112336, 112507)",False,True
5459,8056,5,age,0.82421875,True,True,True,False,"(0, 112336, 112508)","(0, 112336, 112508)","(0, 112336, 112508)",False,True
5460,8057,5,age,0.12109375,True,True,True,False,"(0, 112808, 112697)","(0, 112808, 112697)","(0, 112808, 112697)",False,True
5461,8057,5,age,0.30078125,True,True,True,False,"(0, 112744, 112696)","(0, 112744, 112696)","(0, 112744, 112696)",False,True
5462,8057,5,age,0.92578125,False,False,False,False,"(0, 112688, 112696)","(0, 112688, 112696)","(0, 112688, 112696)",False,True
5463,8062,5,age,0.13671875,True,True,True,False,"(0, 112792, 112699)","(0, 112792, 112699)","(0, 112792, 112699)",False,True
5464,8062,5,age,0.69921875,False,False,False,False,"(0, 112720, 112699)","(0, 112720, 112699)","(0, 112720, 112699)",False,True
5465,8062,5,age,0.82421875,True,True,True,False,"(0, 112720, 112700)","(0, 112720, 112700)","(0, 112720, 112700)",False,True
5466,8064,5,age,0.13671875,True,True,True,False,"(0, 112792, 112763)","(0, 112792, 112763)","(0, 112792, 112763)",False,True
5467,8064,5,age,0.69921875,False,False,False,False,"(0, 112720, 112763)","(0, 112720, 112763)","(0, 112720, 112763)",False,True
5468,8064,5,age,0.82421875,True,True,True,False,"(0, 112720, 112764)","(0, 112720, 112764)","(0, 112720, 112764)",False,True
5469,8066,5,age,0.13671875,True,True,True,False,"(0, 112792, 112827)","(0, 112792, 112827)","(0, 112792, 112827)",False,True
5470,8066,5,age,0.69921875,False,False,False,False,"(0, 112720, 112827)","(0, 112720, 112827)","(0, 112720, 112827)",False,True
5471,8066,5,age,0.82421875,True,True,True,False,"(0, 112720, 112828)","(0, 112720, 112828)","(0, 112720, 112828)",False,True
5472,8068,5,age,0.07421875,True,True,True,False,"(0, 114416, 114425)","(0, 114416, 114425)","(0, 114416, 114425)",False,True
5473,8068,5,age,0.69921875,False,False,False,False,"(0, 114408, 114425)","(0, 114408, 114425)","(0, 114408, 114425)",False,True
5474,8068,5,age,0.76171875,True,True,True,False,"(0, 114344, 114426)","(0, 114344, 114426)","(0, 114344, 114426)",False,True
5475,8070,5,age,0.13671875,True,True,True,False,"(0, 112792, 112891)","(0, 112792, 112891)","(0, 112792, 112891)",False,True
5476,8070,5,age,0.69921875,False,False,False,False,"(0, 112720, 112891)","(0, 112720, 112891)","(0, 112720, 112891)",False,True
5477,8070,5,age,0.82421875,True,True,True,False,"(0, 112720, 112892)","(0, 112720, 112892)","(0, 112720, 112892)",False,True
5478,8072,5,age,0.07421875,True,True,True,False,"(0, 114416, 114425)","(0, 114416, 114425)","(0, 114416, 114425)",False,True
5479,8072,5,age,0.69921875,False,False,False,False,"(0, 114408, 114425)","(0, 114408, 114425)","(0, 114408, 114425)",False,True
5480,8072,5,age,0.97265625,True,True,True,False,"(0, 114400, 114426)","(0, 114400, 114426)","(0, 114400, 114426)",False,True
5481,8074,5,age,0.13671875,True,True,True,False,"(0, 112792, 112891)","(0, 112792, 112891)","(0, 112792, 112891)",False,True
5482,8074,5,age,0.69921875,False,False,False,False,"(0, 112720, 112891)","(0, 112720, 112891)","(0, 112720, 112891)",False,True
5483,8074,5,age,0.82421875,True,True,True,False,"(0, 112720, 112892)","(0, 112720, 112892)","(0, 112720, 112892)",False,True
5484,8075,5,age,0.12109375,True,True,True,False,"(0, 112808, 112697)","(0, 112808, 112697)","(0, 112808, 112697)",False,True
5485,8075,5,age,0.30078125,True,True,True,False,"(0, 112744, 112696)","(0, 112744, 112696)","(0, 112744, 112696)",False,True
5486,8075,5,age,0.92578125,False,False,False,False,"(0, 112688, 112696)","(0, 112688, 112696)","(0, 112688, 112696)",False,True
5487,8080,5,age,0.13671875,True,True,True,False,"(0, 112792, 112699)","(0, 112792, 112699)","(0, 112792, 112699)",False,True
5488,8080,5,age,0.69921875,False,False,False,False,"(0, 112720, 112699)","(0, 112720, 112699)","(0, 112720, 112699)",False,True
5489,8080,5,age,0.82421875,True,True,True,False,"(0, 112720, 112700)","(0, 112720, 112700)","(0, 112720, 112700)",False,True
5490,8082,5,age,0.13671875,True,True,True,False,"(0, 112792, 112763)","(0, 112792, 112763)","(0, 112792, 112763)",False,True
5491,8082,5,age,0.69921875,False,False,False,False,"(0, 112720, 112763)","(0, 112720, 112763)","(0, 112720, 112763)",False,True
5492,8082,5,age,0.82421875,True,True,True,False,"(0, 112720, 112764)","(0, 112720, 112764)","(0, 112720, 112764)",False,True
5493,8084,5,age,0.13671875,True,True,True,False,"(0, 112792, 112827)","(0, 112792, 112827)","(0, 112792, 112827)",False,True
5494,8084,5,age,0.69921875,False,False,False,False,"(0, 112720, 112827)","(0, 112720, 112827)","(0, 112720, 112827)",False,True
5495,8084,5,age,0.82421875,True,True,True,False,"(0, 112720, 112828)","(0, 112720, 112828)","(0, 112720, 112828)",False,True
5496,8086,5,age,0.07421875,True,True,True,False,"(0, 114416, 114425)","(0, 114416, 114425)","(0, 114416, 114425)",False,True
5497,8086,5,age,0.69921875,False,False,False,False,"(0, 114408, 114425)","(0, 114408, 114425)","(0, 114408, 114425)",False,True
5498,8086,5,age,0.76171875,True,True,True,False,"(0, 114344, 114426)","(0, 114344, 114426)","(0, 114344, 114426)",False,True
5499,8088,5,age,0.13671875,True,True,True,False,"(0, 112792, 112891)","(0, 112792, 112891)","(0, 112792, 112891)",False,True
5500,8088,5,age,0.69921875,False,False,False,False,"(0, 112720, 112891)","(0, 112720, 112891)","(0, 112720, 112891)",False,True
5501,8088,5,age,0.82421875,True,True,True,False,"(0, 112720, 112892)","(0, 112720, 112892)","(0, 112720, 112892)",False,True
5502,8090,5,age,0.07421875,True,True,True,False,"(0, 114416, 114425)","(0, 114416, 114425)","(0, 114416, 114425)",False,True
5503,8090,5,age,0.69921875,False,False,False,False,"(0, 114408, 114425)","(0, 114408, 114425)","(0, 114408, 114425)",False,True
5504,8090,5,age,0.97265625,True,True,True,False,"(0, 114400, 114426)","(0, 114400, 114426)","(0, 114400, 114426)",False,True
5505,8092,5,age,0.13671875,True,True,True,False,"(0, 112792, 112891)","(0, 112792, 112891)","(0, 112792, 112891)",False,True
5506,8092,5,age,0.69921875,False,False,False,False,"(0, 112720, 112891)","(0, 112720, 112891)","(0, 112720, 112891)",False,True
5507,8092,5,age,0.82421875,True,True,True,False,"(0, 112720, 112892)","(0, 112720, 112892)","(0, 112720, 112892)",False,True
5508,8093,5,age,0.12109375,True,True,True,False,"(0, 134696, 134585)","(0, 134696, 134585)","(0, 134696, 134585)",False,True
5509,8093,5,age,0.30078125,True,True,True,False,"(0, 134632, 134584)","(0, 134632, 134584)","(0, 134632, 134584)",False,True
5510,8093,5,age,0.92578125,False,False,False,False,"(0, 134576, 134584)","(0, 134576, 134584)","(0, 134576, 134584)",False,True
5511,8098,5,age,0.13671875,True,True,True,False,"(0, 134680, 134587)","(0, 134680, 134587)","(0, 134680, 134587)",False,True
5512,8098,5,age,0.69921875,False,False,False,False,"(0, 134608, 134587)","(0, 134608, 134587)","(0, 134608, 134587)",False,True
5513,8098,5,age,0.82421875,True,True,True,False,"(0, 134608, 134588)","(0, 134608, 134588)","(0, 134608, 134588)",False,True
5514,8100,5,age,0.13671875,True,True,True,False,"(0, 134680, 134651)","(0, 134680, 134651)","(0, 134680, 134651)",False,True
5515,8100,5,age,0.69921875,False,False,False,False,"(0, 134608, 134651)","(0, 134608, 134651)","(0, 134608, 134651)",False,True
5516,8100,5,age,0.82421875,True,True,True,False,"(0, 134608, 134652)","(0, 134608, 134652)","(0, 134608, 134652)",False,True
5517,8102,5,age,0.13671875,True,True,True,False,"(0, 134680, 134715)","(0, 134680, 134715)","(0, 134680, 134715)",False,True
5518,8102,5,age,0.69921875,False,False,False,False,"(0, 134608, 134715)","(0, 134608, 134715)","(0, 134608, 134715)",False,True
5519,8102,5,age,0.82421875,True,True,True,False,"(0, 134608, 134716)","(0, 134608, 134716)","(0, 134608, 134716)",False,True
5520,8104,5,age,0.07421875,True,True,True,False,"(0, 136304, 136313)","(0, 136304, 136313)","(0, 136304, 136313)",False,True
5521,8104,5,age,0.69921875,False,False,False,False,"(0, 136296, 136313)","(0, 136296, 136313)","(0, 136296, 136313)",False,True
5522,8104,5,age,0.76171875,True,True,True,False,"(0, 136232, 136314)","(0, 136232, 136314)","(0, 136232, 136314)",False,True
5523,8106,5,age,0.13671875,True,True,True,False,"(0, 134680, 134779)","(0, 134680, 134779)","(0, 134680, 134779)",False,True
5524,8106,5,age,0.69921875,False,False,False,False,"(0, 134608, 134779)","(0, 134608, 134779)","(0, 134608, 134779)",False,True
5525,8106,5,age,0.82421875,True,True,True,False,"(0, 134608, 134780)","(0, 134608, 134780)","(0, 134608, 134780)",False,True
5526,8108,5,age,0.07421875,True,True,True,False,"(0, 136304, 136313)","(0, 136304, 136313)","(0, 136304, 136313)",False,True
5527,8108,5,age,0.69921875,False,False,False,False,"(0, 136296, 136313)","(0, 136296, 136313)","(0, 136296, 136313)",False,True
5528,8108,5,age,0.97265625,True,True,True,False,"(0, 136288, 136314)","(0, 136288, 136314)","(0, 136288, 136314)",False,True
5529,8110,5,age,0.13671875,True,True,True,False,"(0, 134680, 134779)","(0, 134680, 134779)","(0, 134680, 134779)",False,True
5530,8110,5,age,0.69921875,False,False,False,False,"(0, 134608, 134779)","(0, 134608, 134779)","(0, 134608, 134779)",False,True
5531,8110,5,age,0.82421875,True,True,True,False,"(0, 134608, 134780)","(0, 134608, 134780)","(0, 134608, 134780)",False,True
5532,8111,5,age,0.12109375,True,True,True,False,"(0, 135080, 134969)","(0, 135080, 134969)","(0, 135080, 134969)",False,True
5533,8111,5,age,0.30078125,True,True,True,False,"(0, 135016, 134968)","(0, 135016, 134968)","(0, 135016, 134968)",False,True
5534,8111,5,age,0.92578125,False,False,False,False,"(0, 134960, 134968)","(0, 134960, 134968)","(0, 134960, 134968)",False,True
5535,8116,5,age,0.13671875,True,True,True,False,"(0, 135064, 134971)","(0, 135064, 134971)","(0, 135064, 134971)",False,True
5536,8116,5,age,0.69921875,False,False,False,False,"(0, 134992, 134971)","(0, 134992, 134971)","(0, 134992, 134971)",False,True
5537,8116,5,age,0.82421875,True,True,True,False,"(0, 134992, 134972)","(0, 134992, 134972)","(0, 134992, 134972)",False,True
5538,8118,5,age,0.13671875,True,True,True,False,"(0, 135064, 135035)","(0, 135064, 135035)","(0, 135064, 135035)",False,True
5539,8118,5,age,0.69921875,False,False,False,False,"(0, 134992, 135035)","(0, 134992, 135035)","(0, 134992, 135035)",False,True
5540,8118,5,age,0.82421875,True,True,True,False,"(0, 134992, 135036)","(0, 134992, 135036)","(0, 134992, 135036)",False,True
5541,8120,5,age,0.13671875,True,True,True,False,"(0, 135064, 135099)","(0, 135064, 135099)","(0, 135064, 135099)",False,True
5542,8120,5,age,0.69921875,False,False,False,False,"(0, 134992, 135099)","(0, 134992, 135099)","(0, 134992, 135099)",False,True
5543,8120,5,age,0.82421875,True,True,True,False,"(0, 134992, 135100)","(0, 134992, 135100)","(0, 134992, 135100)",False,True
5544,8122,5,age,0.07421875,True,True,True,False,"(0, 136688, 136697)","(0, 136688, 136697)","(0, 136688, 136697)",False,True
5545,8122,5,age,0.69921875,False,False,False,False,"(0, 136680, 136697)","(0, 136680, 136697)","(0, 136680, 136697)",False,True
5546,8122,5,age,0.76171875,True,True,True,False,"(0, 136616, 136698)","(0, 136616, 136698)","(0, 136616, 136698)",False,True
5547,8124,5,age,0.13671875,True,True,True,False,"(0, 135064, 135163)","(0, 135064, 135163)","(0, 135064, 135163)",False,True
5548,8124,5,age,0.69921875,False,False,False,False,"(0, 134992, 135163)","(0, 134992, 135163)","(0, 134992, 135163)",False,True
5549,8124,5,age,0.82421875,True,True,True,False,"(0, 134992, 135164)","(0, 134992, 135164)","(0, 134992, 135164)",False,True
5550,8126,5,age,0.07421875,True,True,True,False,"(0, 136688, 136697)","(0, 136688, 136697)","(0, 136688, 136697)",False,True
5551,8126,5,age,0.69921875,False,False,False,False,"(0, 136680, 136697)","(0, 136680, 136697)","(0, 136680, 136697)",False,True
5552,8126,5,age,0.97265625,True,True,True,False,"(0, 136672, 136698)","(0, 136672, 136698)","(0, 136672, 136698)",False,True
5553,8128,5,age,0.13671875,True,True,True,False,"(0, 135064, 135163)","(0, 135064, 135163)","(0, 135064, 135163)",False,True
5554,8128,5,age,0.69921875,False,False,False,False,"(0, 134992, 135163)","(0, 134992, 135163)","(0, 134992, 135163)",False,True
5555,8128,5,age,0.82421875,True,True,True,False,"(0, 134992, 135164)","(0, 134992, 135164)","(0, 134992, 135164)",False,True
5556,8129,5,age,0.12109375,True,True,True,False,"(0, 113960, 113849)","(0, 113960, 113849)","(0, 113960, 113849)",False,True
5557,8129,5,age,0.30078125,True,True,True,False,"(0, 113896, 113848)","(0, 113896, 113848)","(0, 113896, 113848)",False,True
5558,8129,5,age,0.92578125,False,False,False,False,"(0, 113840, 113848)","(0, 113840, 113848)","(0, 113840, 113848)",False,True
5559,8134,5,age,0.13671875,True,True,True,False,"(0, 113944, 113851)","(0, 113944, 113851)","(0, 113944, 113851)",False,True
5560,8134,5,age,0.69921875,False,False,False,False,"(0, 113872, 113851)","(0, 113872, 113851)","(0, 113872, 113851)",False,True
5561,8134,5,age,0.82421875,True,True,True,False,"(0, 113872, 113852)","(0, 113872, 113852)","(0, 113872, 113852)",False,True
5562,8136,5,age,0.13671875,True,True,True,False,"(0, 113944, 113915)","(0, 113944, 113915)","(0, 113944, 113915)",False,True
5563,8136,5,age,0.69921875,False,False,False,False,"(0, 113872, 113915)","(0, 113872, 113915)","(0, 113872, 113915)",False,True
5564,8136,5,age,0.82421875,True,True,True,False,"(0, 113872, 113916)","(0, 113872, 113916)","(0, 113872, 113916)",False,True
5565,8138,5,age,0.13671875,True,True,True,False,"(0, 113944, 113979)","(0, 113944, 113979)","(0, 113944, 113979)",False,True
5566,8138,5,age,0.69921875,False,False,False,False,"(0, 113872, 113979)","(0, 113872, 113979)","(0, 113872, 113979)",False,True
5567,8138,5,age,0.82421875,True,True,True,False,"(0, 113872, 113980)","(0, 113872, 113980)","(0, 113872, 113980)",False,True
5568,8140,5,age,0.07421875,True,True,True,False,"(0, 115568, 115577)","(0, 115568, 115577)","(0, 115568, 115577)",False,True
5569,8140,5,age,0.69921875,False,False,False,False,"(0, 115560, 115577)","(0, 115560, 115577)","(0, 115560, 115577)",False,True
5570,8140,5,age,0.76171875,True,True,True,False,"(0, 115496, 115578)","(0, 115496, 115578)","(0, 115496, 115578)",False,True
5571,8142,5,age,0.13671875,True,True,True,False,"(0, 113944, 114043)","(0, 113944, 114043)","(0, 113944, 114043)",False,True
5572,8142,5,age,0.69921875,False,False,False,False,"(0, 113872, 114043)","(0, 113872, 114043)","(0, 113872, 114043)",False,True
5573,8142,5,age,0.82421875,True,True,True,False,"(0, 113872, 114044)","(0, 113872, 114044)","(0, 113872, 114044)",False,True
5574,8144,5,age,0.07421875,True,True,True,False,"(0, 115568, 115577)","(0, 115568, 115577)","(0, 115568, 115577)",False,True
5575,8144,5,age,0.69921875,False,False,False,False,"(0, 115560, 115577)","(0, 115560, 115577)","(0, 115560, 115577)",False,True
5576,8144,5,age,0.97265625,True,True,True,False,"(0, 115552, 115578)","(0, 115552, 115578)","(0, 115552, 115578)",False,True
5577,8146,5,age,0.13671875,True,True,True,False,"(0, 113944, 114043)","(0, 113944, 114043)","(0, 113944, 114043)",False,True
5578,8146,5,age,0.69921875,False,False,False,False,"(0, 113872, 114043)","(0, 113872, 114043)","(0, 113872, 114043)",False,True
5579,8146,5,age,0.82421875,True,True,True,False,"(0, 113872, 114044)","(0, 113872, 114044)","(0, 113872, 114044)",False,True
5580,8147,5,age,0.12109375,True,True,True,False,"(0, 114344, 114233)","(0, 114344, 114233)","(0, 114344, 114233)",False,True
5581,8147,5,age,0.30078125,True,True,True,False,"(0, 114280, 114232)","(0, 114280, 114232)","(0, 114280, 114232)",False,True
5582,8147,5,age,0.92578125,False,False,False,False,"(0, 114224, 114232)","(0, 114224, 114232)","(0, 114224, 114232)",False,True
5583,8152,5,age,0.13671875,True,True,True,False,"(0, 114328, 114235)","(0, 114328, 114235)","(0, 114328, 114235)",False,True
5584,8152,5,age,0.69921875,False,False,False,False,"(0, 114256, 114235)","(0, 114256, 114235)","(0, 114256, 114235)",False,True
5585,8152,5,age,0.82421875,True,True,True,False,"(0, 114256, 114236)","(0, 114256, 114236)","(0, 114256, 114236)",False,True
5586,8154,5,age,0.13671875,True,True,True,False,"(0, 114328, 114299)","(0, 114328, 114299)","(0, 114328, 114299)",False,True
5587,8154,5,age,0.69921875,False,False,False,False,"(0, 114256, 114299)","(0, 114256, 114299)","(0, 114256, 114299)",False,True
5588,8154,5,age,0.82421875,True,True,True,False,"(0, 114256, 114300)","(0, 114256, 114300)","(0, 114256, 114300)",False,True
5589,8156,5,age,0.13671875,True,True,True,False,"(0, 114328, 114363)","(0, 114328, 114363)","(0, 114328, 114363)",False,True
5590,8156,5,age,0.69921875,False,False,False,False,"(0, 114256, 114363)","(0, 114256, 114363)","(0, 114256, 114363)",False,True
5591,8156,5,age,0.82421875,True,True,True,False,"(0, 114256, 114364)","(0, 114256, 114364)","(0, 114256, 114364)",False,True
5592,8158,5,age,0.07421875,True,True,True,False,"(0, 115952, 115961)","(0, 115952, 115961)","(0, 115952, 115961)",False,True
5593,8158,5,age,0.69921875,False,False,False,False,"(0, 115944, 115961)","(0, 115944, 115961)","(0, 115944, 115961)",False,True
5594,8158,5,age,0.76171875,True,True,True,False,"(0, 115880, 115962)","(0, 115880, 115962)","(0, 115880, 115962)",False,True
5595,8160,5,age,0.13671875,True,True,True,False,"(0, 114328, 114427)","(0, 114328, 114427)","(0, 114328, 114427)",False,True
5596,8160,5,age,0.69921875,False,False,False,False,"(0, 114256, 114427)","(0, 114256, 114427)","(0, 114256, 114427)",False,True
5597,8160,5,age,0.82421875,True,True,True,False,"(0, 114256, 114428)","(0, 114256, 114428)","(0, 114256, 114428)",False,True
5598,8162,5,age,0.07421875,True,True,True,False,"(0, 115952, 115961)","(0, 115952, 115961)","(0, 115952, 115961)",False,True
5599,8162,5,age,0.69921875,False,False,False,False,"(0, 115944, 115961)","(0, 115944, 115961)","(0, 115944, 115961)",False,True
5600,8162,5,age,0.97265625,True,True,True,False,"(0, 115936, 115962)","(0, 115936, 115962)","(0, 115936, 115962)",False,True
5601,8164,5,age,0.13671875,True,True,True,False,"(0, 114328, 114427)","(0, 114328, 114427)","(0, 114328, 114427)",False,True
5602,8164,5,age,0.69921875,False,False,False,False,"(0, 114256, 114427)","(0, 114256, 114427)","(0, 114256, 114427)",False,True
5603,8164,5,age,0.82421875,True,True,True,False,"(0, 114256, 114428)","(0, 114256, 114428)","(0, 114256, 114428)",False,True
5604,8165,5,age,0.12109375,True,True,True,False,"(0, 114344, 114233)","(0, 114344, 114233)","(0, 114344, 114233)",False,True
5605,8165,5,age,0.30078125,True,True,True,False,"(0, 114280, 114232)","(0, 114280, 114232)","(0, 114280, 114232)",False,True
5606,8165,5,age,0.92578125,False,False,False,False,"(0, 114224, 114232)","(0, 114224, 114232)","(0, 114224, 114232)",False,True
5607,8170,5,age,0.13671875,True,True,True,False,"(0, 114328, 114235)","(0, 114328, 114235)","(0, 114328, 114235)",False,True
5608,8170,5,age,0.69921875,False,False,False,False,"(0, 114256, 114235)","(0, 114256, 114235)","(0, 114256, 114235)",False,True
5609,8170,5,age,0.82421875,True,True,True,False,"(0, 114256, 114236)","(0, 114256, 114236)","(0, 114256, 114236)",False,True
5610,8172,5,age,0.13671875,True,True,True,False,"(0, 114328, 114299)","(0, 114328, 114299)","(0, 114328, 114299)",False,True
5611,8172,5,age,0.69921875,False,False,False,False,"(0, 114256, 114299)","(0, 114256, 114299)","(0, 114256, 114299)",False,True
5612,8172,5,age,0.82421875,True,True,True,False,"(0, 114256, 114300)","(0, 114256, 114300)","(0, 114256, 114300)",False,True
5613,8174,5,age,0.13671875,True,True,True,False,"(0, 114328, 114363)","(0, 114328, 114363)","(0, 114328, 114363)",False,True
5614,8174,5,age,0.69921875,False,False,False,False,"(0, 114256, 114363)","(0, 114256, 114363)","(0, 114256, 114363)",False,True
5615,8174,5,age,0.82421875,True,True,True,False,"(0, 114256, 114364)","(0, 114256, 114364)","(0, 114256, 114364)",False,True
5616,8176,5,age,0.07421875,True,True,True,False,"(0, 115952, 115961)","(0, 115952, 115961)","(0, 115952, 115961)",False,True
5617,8176,5,age,0.69921875,False,False,False,False,"(0, 115944, 115961)","(0, 115944, 115961)","(0, 115944, 115961)",False,True
5618,8176,5,age,0.76171875,True,True,True,False,"(0, 115880, 115962)","(0, 115880, 115962)","(0, 115880, 115962)",False,True
5619,8178,5,age,0.13671875,True,True,True,False,"(0, 114328, 114427)","(0, 114328, 114427)","(0, 114328, 114427)",False,True
5620,8178,5,age,0.69921875,False,False,False,False,"(0, 114256, 114427)","(0, 114256, 114427)","(0, 114256, 114427)",False,True
5621,8178,5,age,0.82421875,True,True,True,False,"(0, 114256, 114428)","(0, 114256, 114428)","(0, 114256, 114428)",False,True
5622,8180,5,age,0.07421875,True,True,True,False,"(0, 115952, 115961)","(0, 115952, 115961)","(0, 115952, 115961)",False,True
5623,8180,5,age,0.69921875,False,False,False,False,"(0, 115944, 115961)","(0, 115944, 115961)","(0, 115944, 115961)",False,True
5624,8180,5,age,0.97265625,True,True,True,False,"(0, 115936, 115962)","(0, 115936, 115962)","(0, 115936, 115962)",False,True
5625,8182,5,age,0.13671875,True,True,True,False,"(0, 114328, 114427)","(0, 114328, 114427)","(0, 114328, 114427)",False,True
5626,8182,5,age,0.69921875,False,False,False,False,"(0, 114256, 114427)","(0, 114256, 114427)","(0, 114256, 114427)",False,True
5627,8182,5,age,0.82421875,True,True,True,False,"(0, 114256, 114428)","(0, 114256, 114428)","(0, 114256, 114428)",False,True
5628,8183,5,age,0.12109375,True,True,True,False,"(0, 136232, 136121)","(0, 136232, 136121)","(0, 136232, 136121)",False,True
5629,8183,5,age,0.30078125,True,True,True,False,"(0, 136168, 136120)","(0, 136168, 136120)","(0, 136168, 136120)",False,True
5630,8183,5,age,0.92578125,False,False,False,False,"(0, 136112, 136120)","(0, 136112, 136120)","(0, 136112, 136120)",False,True
5631,8188,5,age,0.13671875,True,True,True,False,"(0, 136216, 136123)","(0, 136216, 136123)","(0, 136216, 136123)",False,True
5632,8188,5,age,0.69921875,False,False,False,False,"(0, 136144, 136123)","(0, 136144, 136123)","(0, 136144, 136123)",False,True
5633,8188,5,age,0.82421875,True,True,True,False,"(0, 136144, 136124)","(0, 136144, 136124)","(0, 136144, 136124)",False,True
5634,8190,5,age,0.13671875,True,True,True,False,"(0, 136216, 136187)","(0, 136216, 136187)","(0, 136216, 136187)",False,True
5635,8190,5,age,0.69921875,False,False,False,False,"(0, 136144, 136187)","(0, 136144, 136187)","(0, 136144, 136187)",False,True
5636,8190,5,age,0.82421875,True,True,True,False,"(0, 136144, 136188)","(0, 136144, 136188)","(0, 136144, 136188)",False,True
5637,8192,5,age,0.13671875,True,True,True,False,"(0, 136216, 136251)","(0, 136216, 136251)","(0, 136216, 136251)",False,True
5638,8192,5,age,0.69921875,False,False,False,False,"(0, 136144, 136251)","(0, 136144, 136251)","(0, 136144, 136251)",False,True
5639,8192,5,age,0.82421875,True,True,True,False,"(0, 136144, 136252)","(0, 136144, 136252)","(0, 136144, 136252)",False,True
5640,8194,5,age,0.07421875,True,True,True,False,"(0, 137840, 137849)","(0, 137840, 137849)","(0, 137840, 137849)",False,True
5641,8194,5,age,0.69921875,False,False,False,False,"(0, 137832, 137849)","(0, 137832, 137849)","(0, 137832, 137849)",False,True
5642,8194,5,age,0.76171875,True,True,True,False,"(0, 137768, 137850)","(0, 137768, 137850)","(0, 137768, 137850)",False,True
5643,8196,5,age,0.13671875,True,True,True,False,"(0, 136216, 136315)","(0, 136216, 136315)","(0, 136216, 136315)",False,True
5644,8196,5,age,0.69921875,False,False,False,False,"(0, 136144, 136315)","(0, 136144, 136315)","(0, 136144, 136315)",False,True
5645,8196,5,age,0.82421875,True,True,True,False,"(0, 136144, 136316)","(0, 136144, 136316)","(0, 136144, 136316)",False,True
5646,8198,5,age,0.07421875,True,True,True,False,"(0, 137840, 137849)","(0, 137840, 137849)","(0, 137840, 137849)",False,True
5647,8198,5,age,0.69921875,False,False,False,False,"(0, 137832, 137849)","(0, 137832, 137849)","(0, 137832, 137849)",False,True
5648,8198,5,age,0.97265625,True,True,True,False,"(0, 137824, 137850)","(0, 137824, 137850)","(0, 137824, 137850)",False,True
5649,8200,5,age,0.13671875,True,True,True,False,"(0, 136216, 136315)","(0, 136216, 136315)","(0, 136216, 136315)",False,True
5650,8200,5,age,0.69921875,False,False,False,False,"(0, 136144, 136315)","(0, 136144, 136315)","(0, 136144, 136315)",False,True
5651,8200,5,age,0.82421875,True,True,True,False,"(0, 136144, 136316)","(0, 136144, 136316)","(0, 136144, 136316)",False,True
5652,8201,5,age,0.12109375,True,True,True,False,"(0, 136616, 136505)","(0, 136616, 136505)","(0, 136616, 136505)",False,True
5653,8201,5,age,0.30078125,True,True,True,False,"(0, 136552, 136504)","(0, 136552, 136504)","(0, 136552, 136504)",False,True
5654,8201,5,age,0.92578125,False,False,False,False,"(0, 136496, 136504)","(0, 136496, 136504)","(0, 136496, 136504)",False,True
5655,8206,5,age,0.13671875,True,True,True,False,"(0, 136600, 136507)","(0, 136600, 136507)","(0, 136600, 136507)",False,True
5656,8206,5,age,0.69921875,False,False,False,False,"(0, 136528, 136507)","(0, 136528, 136507)","(0, 136528, 136507)",False,True
5657,8206,5,age,0.82421875,True,True,True,False,"(0, 136528, 136508)","(0, 136528, 136508)","(0, 136528, 136508)",False,True
5658,8208,5,age,0.13671875,True,True,True,False,"(0, 136600, 136571)","(0, 136600, 136571)","(0, 136600, 136571)",False,True
5659,8208,5,age,0.69921875,False,False,False,False,"(0, 136528, 136571)","(0, 136528, 136571)","(0, 136528, 136571)",False,True
5660,8208,5,age,0.82421875,True,True,True,False,"(0, 136528, 136572)","(0, 136528, 136572)","(0, 136528, 136572)",False,True
5661,8210,5,age,0.13671875,True,True,True,False,"(0, 136600, 136635)","(0, 136600, 136635)","(0, 136600, 136635)",False,True
5662,8210,5,age,0.69921875,False,False,False,False,"(0, 136528, 136635)","(0, 136528, 136635)","(0, 136528, 136635)",False,True
5663,8210,5,age,0.82421875,True,True,True,False,"(0, 136528, 136636)","(0, 136528, 136636)","(0, 136528, 136636)",False,True
5664,8212,5,age,0.07421875,True,True,True,False,"(0, 138224, 138233)","(0, 138224, 138233)","(0, 138224, 138233)",False,True
5665,8212,5,age,0.69921875,False,False,False,False,"(0, 138216, 138233)","(0, 138216, 138233)","(0, 138216, 138233)",False,True
5666,8212,5,age,0.76171875,True,True,True,False,"(0, 138152, 138234)","(0, 138152, 138234)","(0, 138152, 138234)",False,True
5667,8214,5,age,0.13671875,True,True,True,False,"(0, 136600, 136699)","(0, 136600, 136699)","(0, 136600, 136699)",False,True
5668,8214,5,age,0.69921875,False,False,False,False,"(0, 136528, 136699)","(0, 136528, 136699)","(0, 136528, 136699)",False,True
5669,8214,5,age,0.82421875,True,True,True,False,"(0, 136528, 136700)","(0, 136528, 136700)","(0, 136528, 136700)",False,True
5670,8216,5,age,0.07421875,True,True,True,False,"(0, 138224, 138233)","(0, 138224, 138233)","(0, 138224, 138233)",False,True
5671,8216,5,age,0.69921875,False,False,False,False,"(0, 138216, 138233)","(0, 138216, 138233)","(0, 138216, 138233)",False,True
5672,8216,5,age,0.97265625,True,True,True,False,"(0, 138208, 138234)","(0, 138208, 138234)","(0, 138208, 138234)",False,True
5673,8218,5,age,0.13671875,True,True,True,False,"(0, 136600, 136699)","(0, 136600, 136699)","(0, 136600, 136699)",False,True
5674,8218,5,age,0.69921875,False,False,False,False,"(0, 136528, 136699)","(0, 136528, 136699)","(0, 136528, 136699)",False,True
5675,8218,5,age,0.82421875,True,True,True,False,"(0, 136528, 136700)","(0, 136528, 136700)","(0, 136528, 136700)",False,True
5676,8219,5,age,0.12109375,True,True,True,False,"(0, 115496, 115385)","(0, 115496, 115385)","(0, 115496, 115385)",False,True
5677,8219,5,age,0.30078125,True,True,True,False,"(0, 115432, 115384)","(0, 115432, 115384)","(0, 115432, 115384)",False,True
5678,8219,5,age,0.92578125,False,False,False,False,"(0, 115376, 115384)","(0, 115376, 115384)","(0, 115376, 115384)",False,True
5679,8224,5,age,0.13671875,True,True,True,False,"(0, 115480, 115387)","(0, 115480, 115387)","(0, 115480, 115387)",False,True
5680,8224,5,age,0.69921875,False,False,False,False,"(0, 115408, 115387)","(0, 115408, 115387)","(0, 115408, 115387)",False,True
5681,8224,5,age,0.82421875,True,True,True,False,"(0, 115408, 115388)","(0, 115408, 115388)","(0, 115408, 115388)",False,True
5682,8226,5,age,0.13671875,True,True,True,False,"(0, 115480, 115451)","(0, 115480, 115451)","(0, 115480, 115451)",False,True
5683,8226,5,age,0.69921875,False,False,False,False,"(0, 115408, 115451)","(0, 115408, 115451)","(0, 115408, 115451)",False,True
5684,8226,5,age,0.82421875,True,True,True,False,"(0, 115408, 115452)","(0, 115408, 115452)","(0, 115408, 115452)",False,True
5685,8228,5,age,0.13671875,True,True,True,False,"(0, 115480, 115515)","(0, 115480, 115515)","(0, 115480, 115515)",False,True
5686,8228,5,age,0.69921875,False,False,False,False,"(0, 115408, 115515)","(0, 115408, 115515)","(0, 115408, 115515)",False,True
5687,8228,5,age,0.82421875,True,True,True,False,"(0, 115408, 115516)","(0, 115408, 115516)","(0, 115408, 115516)",False,True
5688,8230,5,age,0.07421875,True,True,True,False,"(0, 117104, 117113)","(0, 117104, 117113)","(0, 117104, 117113)",False,True
5689,8230,5,age,0.69921875,False,False,False,False,"(0, 117096, 117113)","(0, 117096, 117113)","(0, 117096, 117113)",False,True
5690,8230,5,age,0.76171875,True,True,True,False,"(0, 117032, 117114)","(0, 117032, 117114)","(0, 117032, 117114)",False,True
5691,8232,5,age,0.13671875,True,True,True,False,"(0, 115480, 115579)","(0, 115480, 115579)","(0, 115480, 115579)",False,True
5692,8232,5,age,0.69921875,False,False,False,False,"(0, 115408, 115579)","(0, 115408, 115579)","(0, 115408, 115579)",False,True
5693,8232,5,age,0.82421875,True,True,True,False,"(0, 115408, 115580)","(0, 115408, 115580)","(0, 115408, 115580)",False,True
5694,8234,5,age,0.07421875,True,True,True,False,"(0, 117104, 117113)","(0, 117104, 117113)","(0, 117104, 117113)",False,True
5695,8234,5,age,0.69921875,False,False,False,False,"(0, 117096, 117113)","(0, 117096, 117113)","(0, 117096, 117113)",False,True
5696,8234,5,age,0.97265625,True,True,True,False,"(0, 117088, 117114)","(0, 117088, 117114)","(0, 117088, 117114)",False,True
5697,8236,5,age,0.13671875,True,True,True,False,"(0, 115480, 115579)","(0, 115480, 115579)","(0, 115480, 115579)",False,True
5698,8236,5,age,0.69921875,False,False,False,False,"(0, 115408, 115579)","(0, 115408, 115579)","(0, 115408, 115579)",False,True
5699,8236,5,age,0.82421875,True,True,True,False,"(0, 115408, 115580)","(0, 115408, 115580)","(0, 115408, 115580)",False,True
5700,8237,5,age,0.12109375,True,True,True,False,"(0, 115880, 115769)","(0, 115880, 115769)","(0, 115880, 115769)",False,True
5701,8237,5,age,0.30078125,True,True,True,False,"(0, 115816, 115768)","(0, 115816, 115768)","(0, 115816, 115768)",False,True
5702,8237,5,age,0.92578125,False,False,False,False,"(0, 115760, 115768)","(0, 115760, 115768)","(0, 115760, 115768)",False,True
5703,8242,5,age,0.13671875,True,True,True,False,"(0, 115864, 115771)","(0, 115864, 115771)","(0, 115864, 115771)",False,True
5704,8242,5,age,0.69921875,False,False,False,False,"(0, 115792, 115771)","(0, 115792, 115771)","(0, 115792, 115771)",False,True
5705,8242,5,age,0.82421875,True,True,True,False,"(0, 115792, 115772)","(0, 115792, 115772)","(0, 115792, 115772)",False,True
5706,8244,5,age,0.13671875,True,True,True,False,"(0, 115864, 115835)","(0, 115864, 115835)","(0, 115864, 115835)",False,True
5707,8244,5,age,0.69921875,False,False,False,False,"(0, 115792, 115835)","(0, 115792, 115835)","(0, 115792, 115835)",False,True
5708,8244,5,age,0.82421875,True,True,True,False,"(0, 115792, 115836)","(0, 115792, 115836)","(0, 115792, 115836)",False,True
5709,8246,5,age,0.13671875,True,True,True,False,"(0, 115864, 115899)","(0, 115864, 115899)","(0, 115864, 115899)",False,True
5710,8246,5,age,0.69921875,False,False,False,False,"(0, 115792, 115899)","(0, 115792, 115899)","(0, 115792, 115899)",False,True
5711,8246,5,age,0.82421875,True,True,True,False,"(0, 115792, 115900)","(0, 115792, 115900)","(0, 115792, 115900)",False,True
5712,8248,5,age,0.07421875,True,True,True,False,"(0, 117488, 117497)","(0, 117488, 117497)","(0, 117488, 117497)",False,True
5713,8248,5,age,0.69921875,False,False,False,False,"(0, 117480, 117497)","(0, 117480, 117497)","(0, 117480, 117497)",False,True
5714,8248,5,age,0.76171875,True,True,True,False,"(0, 117416, 117498)","(0, 117416, 117498)","(0, 117416, 117498)",False,True
5715,8250,5,age,0.13671875,True,True,True,False,"(0, 115864, 115963)","(0, 115864, 115963)","(0, 115864, 115963)",False,True
5716,8250,5,age,0.69921875,False,False,False,False,"(0, 115792, 115963)","(0, 115792, 115963)","(0, 115792, 115963)",False,True
5717,8250,5,age,0.82421875,True,True,True,False,"(0, 115792, 115964)","(0, 115792, 115964)","(0, 115792, 115964)",False,True
5718,8252,5,age,0.07421875,True,True,True,False,"(0, 117488, 117497)","(0, 117488, 117497)","(0, 117488, 117497)",False,True
5719,8252,5,age,0.69921875,False,False,False,False,"(0, 117480, 117497)","(0, 117480, 117497)","(0, 117480, 117497)",False,True
5720,8252,5,age,0.97265625,True,True,True,False,"(0, 117472, 117498)","(0, 117472, 117498)","(0, 117472, 117498)",False,True
5721,8254,5,age,0.13671875,True,True,True,False,"(0, 115864, 115963)","(0, 115864, 115963)","(0, 115864, 115963)",False,True
5722,8254,5,age,0.69921875,False,False,False,False,"(0, 115792, 115963)","(0, 115792, 115963)","(0, 115792, 115963)",False,True
5723,8254,5,age,0.82421875,True,True,True,False,"(0, 115792, 115964)","(0, 115792, 115964)","(0, 115792, 115964)",False,True
5724,8255,5,age,0.12109375,True,True,True,False,"(0, 115880, 115769)","(0, 115880, 115769)","(0, 115880, 115769)",False,True
5725,8255,5,age,0.30078125,True,True,True,False,"(0, 115816, 115768)","(0, 115816, 115768)","(0, 115816, 115768)",False,True
5726,8255,5,age,0.92578125,False,False,False,False,"(0, 115760, 115768)","(0, 115760, 115768)","(0, 115760, 115768)",False,True
5727,8260,5,age,0.13671875,True,True,True,False,"(0, 115864, 115771)","(0, 115864, 115771)","(0, 115864, 115771)",False,True
5728,8260,5,age,0.69921875,False,False,False,False,"(0, 115792, 115771)","(0, 115792, 115771)","(0, 115792, 115771)",False,True
5729,8260,5,age,0.82421875,True,True,True,False,"(0, 115792, 115772)","(0, 115792, 115772)","(0, 115792, 115772)",False,True
5730,8262,5,age,0.13671875,True,True,True,False,"(0, 115864, 115835)","(0, 115864, 115835)","(0, 115864, 115835)",False,True
5731,8262,5,age,0.69921875,False,False,False,False,"(0, 115792, 115835)","(0, 115792, 115835)","(0, 115792, 115835)",False,True
5732,8262,5,age,0.82421875,True,True,True,False,"(0, 115792, 115836)","(0, 115792, 115836)","(0, 115792, 115836)",False,True
5733,8264,5,age,0.13671875,True,True,True,False,"(0, 115864, 115899)","(0, 115864, 115899)","(0, 115864, 115899)",False,True
5734,8264,5,age,0.69921875,False,False,False,False,"(0, 115792, 115899)","(0, 115792, 115899)","(0, 115792, 115899)",False,True
5735,8264,5,age,0.82421875,True,True,True,False,"(0, 115792, 115900)","(0, 115792, 115900)","(0, 115792, 115900)",False,True
5736,8266,5,age,0.07421875,True,True,True,False,"(0, 117488, 117497)","(0, 117488, 117497)","(0, 117488, 117497)",False,True
5737,8266,5,age,0.69921875,False,False,False,False,"(0, 117480, 117497)","(0, 117480, 117497)","(0, 117480, 117497)",False,True
5738,8266,5,age,0.76171875,True,True,True,False,"(0, 117416, 117498)","(0, 117416, 117498)","(0, 117416, 117498)",False,True
5739,8268,5,age,0.13671875,True,True,True,False,"(0, 115864, 115963)","(0, 115864, 115963)","(0, 115864, 115963)",False,True
5740,8268,5,age,0.69921875,False,False,False,False,"(0, 115792, 115963)","(0, 115792, 115963)","(0, 115792, 115963)",False,True
5741,8268,5,age,0.82421875,True,True,True,False,"(0, 115792, 115964)","(0, 115792, 115964)","(0, 115792, 115964)",False,True
5742,8270,5,age,0.07421875,True,True,True,False,"(0, 117488, 117497)","(0, 117488, 117497)","(0, 117488, 117497)",False,True
5743,8270,5,age,0.69921875,False,False,False,False,"(0, 117480, 117497)","(0, 117480, 117497)","(0, 117480, 117497)",False,True
5744,8270,5,age,0.97265625,True,True,True,False,"(0, 117472, 117498)","(0, 117472, 117498)","(0, 117472, 117498)",False,True
5745,8272,5,age,0.13671875,True,True,True,False,"(0, 115864, 115963)","(0, 115864, 115963)","(0, 115864, 115963)",False,True
5746,8272,5,age,0.69921875,False,False,False,False,"(0, 115792, 115963)","(0, 115792, 115963)","(0, 115792, 115963)",False,True
5747,8272,5,age,0.82421875,True,True,True,False,"(0, 115792, 115964)","(0, 115792, 115964)","(0, 115792, 115964)",False,True
5748,8273,5,age,0.12109375,True,True,True,False,"(0, 137768, 137657)","(0, 137768, 137657)","(0, 137768, 137657)",False,True
5749,8273,5,age,0.30078125,True,True,True,False,"(0, 137704, 137656)","(0, 137704, 137656)","(0, 137704, 137656)",False,True
5750,8273,5,age,0.92578125,False,False,False,False,"(0, 137648, 137656)","(0, 137648, 137656)","(0, 137648, 137656)",False,True
5751,8278,5,age,0.13671875,True,True,True,False,"(0, 137752, 137659)","(0, 137752, 137659)","(0, 137752, 137659)",False,True
5752,8278,5,age,0.69921875,False,False,False,False,"(0, 137680, 137659)","(0, 137680, 137659)","(0, 137680, 137659)",False,True
5753,8278,5,age,0.82421875,True,True,True,False,"(0, 137680, 137660)","(0, 137680, 137660)","(0, 137680, 137660)",False,True
5754,8280,5,age,0.13671875,True,True,True,False,"(0, 137752, 137723)","(0, 137752, 137723)","(0, 137752, 137723)",False,True
5755,8280,5,age,0.69921875,False,False,False,False,"(0, 137680, 137723)","(0, 137680, 137723)","(0, 137680, 137723)",False,True
5756,8280,5,age,0.82421875,True,True,True,False,"(0, 137680, 137724)","(0, 137680, 137724)","(0, 137680, 137724)",False,True
5757,8282,5,age,0.13671875,True,True,True,False,"(0, 137752, 137787)","(0, 137752, 137787)","(0, 137752, 137787)",False,True
5758,8282,5,age,0.69921875,False,False,False,False,"(0, 137680, 137787)","(0, 137680, 137787)","(0, 137680, 137787)",False,True
5759,8282,5,age,0.82421875,True,True,True,False,"(0, 137680, 137788)","(0, 137680, 137788)","(0, 137680, 137788)",False,True
5760,8284,5,age,0.07421875,True,True,True,False,"(0, 139376, 139385)","(0, 139376, 139385)","(0, 139376, 139385)",False,True
5761,8284,5,age,0.69921875,False,False,False,False,"(0, 139368, 139385)","(0, 139368, 139385)","(0, 139368, 139385)",False,True
5762,8284,5,age,0.76171875,True,True,True,False,"(0, 139304, 139386)","(0, 139304, 139386)","(0, 139304, 139386)",False,True
5763,8286,5,age,0.13671875,True,True,True,False,"(0, 137752, 137851)","(0, 137752, 137851)","(0, 137752, 137851)",False,True
5764,8286,5,age,0.69921875,False,False,False,False,"(0, 137680, 137851)","(0, 137680, 137851)","(0, 137680, 137851)",False,True
5765,8286,5,age,0.82421875,True,True,True,False,"(0, 137680, 137852)","(0, 137680, 137852)","(0, 137680, 137852)",False,True
5766,8288,5,age,0.07421875,True,True,True,False,"(0, 139376, 139385)","(0, 139376, 139385)","(0, 139376, 139385)",False,True
5767,8288,5,age,0.69921875,False,False,False,False,"(0, 139368, 139385)","(0, 139368, 139385)","(0, 139368, 139385)",False,True
5768,8288,5,age,0.97265625,True,True,True,False,"(0, 139360, 139386)","(0, 139360, 139386)","(0, 139360, 139386)",False,True
5769,8290,5,age,0.13671875,True,True,True,False,"(0, 137752, 137851)","(0, 137752, 137851)","(0, 137752, 137851)",False,True
5770,8290,5,age,0.69921875,False,False,False,False,"(0, 137680, 137851)","(0, 137680, 137851)","(0, 137680, 137851)",False,True
5771,8290,5,age,0.82421875,True,True,True,False,"(0, 137680, 137852)","(0, 137680, 137852)","(0, 137680, 137852)",False,True
5772,8291,5,age,0.12109375,True,True,True,False,"(0, 138152, 138041)","(0, 138152, 138041)","(0, 138152, 138041)",False,True
5773,8291,5,age,0.30078125,True,True,True,False,"(0, 138088, 138040)","(0, 138088, 138040)","(0, 138088, 138040)",False,True
5774,8291,5,age,0.92578125,False,False,False,False,"(0, 138032, 138040)","(0, 138032, 138040)","(0, 138032, 138040)",False,True
5775,8296,5,age,0.13671875,True,True,True,False,"(0, 138136, 138043)","(0, 138136, 138043)","(0, 138136, 138043)",False,True
5776,8296,5,age,0.69921875,False,False,False,False,"(0, 138064, 138043)","(0, 138064, 138043)","(0, 138064, 138043)",False,True
5777,8296,5,age,0.82421875,True,True,True,False,"(0, 138064, 138044)","(0, 138064, 138044)","(0, 138064, 138044)",False,True
5778,8298,5,age,0.13671875,True,True,True,False,"(0, 138136, 138107)","(0, 138136, 138107)","(0, 138136, 138107)",False,True
5779,8298,5,age,0.69921875,False,False,False,False,"(0, 138064, 138107)","(0, 138064, 138107)","(0, 138064, 138107)",False,True
5780,8298,5,age,0.82421875,True,True,True,False,"(0, 138064, 138108)","(0, 138064, 138108)","(0, 138064, 138108)",False,True
5781,8300,5,age,0.13671875,True,True,True,False,"(0, 138136, 138171)","(0, 138136, 138171)","(0, 138136, 138171)",False,True
5782,8300,5,age,0.69921875,False,False,False,False,"(0, 138064, 138171)","(0, 138064, 138171)","(0, 138064, 138171)",False,True
5783,8300,5,age,0.82421875,True,True,True,False,"(0, 138064, 138172)","(0, 138064, 138172)","(0, 138064, 138172)",False,True
5784,8302,5,age,0.07421875,True,True,True,False,"(0, 139760, 139769)","(0, 139760, 139769)","(0, 139760, 139769)",False,True
5785,8302,5,age,0.69921875,False,False,False,False,"(0, 139752, 139769)","(0, 139752, 139769)","(0, 139752, 139769)",False,True
5786,8302,5,age,0.76171875,True,True,True,False,"(0, 139688, 139770)","(0, 139688, 139770)","(0, 139688, 139770)",False,True
5787,8304,5,age,0.13671875,True,True,True,False,"(0, 138136, 138235)","(0, 138136, 138235)","(0, 138136, 138235)",False,True
5788,8304,5,age,0.69921875,False,False,False,False,"(0, 138064, 138235)","(0, 138064, 138235)","(0, 138064, 138235)",False,True
5789,8304,5,age,0.82421875,True,True,True,False,"(0, 138064, 138236)","(0, 138064, 138236)","(0, 138064, 138236)",False,True
5790,8306,5,age,0.07421875,True,True,True,False,"(0, 139760, 139769)","(0, 139760, 139769)","(0, 139760, 139769)",False,True
5791,8306,5,age,0.69921875,False,False,False,False,"(0, 139752, 139769)","(0, 139752, 139769)","(0, 139752, 139769)",False,True
5792,8306,5,age,0.97265625,True,True,True,False,"(0, 139744, 139770)","(0, 139744, 139770)","(0, 139744, 139770)",False,True
5793,8308,5,age,0.13671875,True,True,True,False,"(0, 138136, 138235)","(0, 138136, 138235)","(0, 138136, 138235)",False,True
5794,8308,5,age,0.69921875,False,False,False,False,"(0, 138064, 138235)","(0, 138064, 138235)","(0, 138064, 138235)",False,True
5795,8308,5,age,0.82421875,True,True,True,False,"(0, 138064, 138236)","(0, 138064, 138236)","(0, 138064, 138236)",False,True
5796,8309,5,age,0.12109375,True,True,True,False,"(0, 117032, 116921)","(0, 117032, 116921)","(0, 117032, 116921)",False,True
5797,8309,5,age,0.30078125,True,True,True,False,"(0, 116968, 116920)","(0, 116968, 116920)","(0, 116968, 116920)",False,True
5798,8309,5,age,0.92578125,False,False,False,False,"(0, 116912, 116920)","(0, 116912, 116920)","(0, 116912, 116920)",False,True
5799,8314,5,age,0.13671875,True,True,True,False,"(0, 117016, 116923)","(0, 117016, 116923)","(0, 117016, 116923)",False,True
5800,8314,5,age,0.69921875,False,False,False,False,"(0, 116944, 116923)","(0, 116944, 116923)","(0, 116944, 116923)",False,True
5801,8314,5,age,0.82421875,True,True,True,False,"(0, 116944, 116924)","(0, 116944, 116924)","(0, 116944, 116924)",False,True
5802,8316,5,age,0.13671875,True,True,True,False,"(0, 117016, 116987)","(0, 117016, 116987)","(0, 117016, 116987)",False,True
5803,8316,5,age,0.69921875,False,False,False,False,"(0, 116944, 116987)","(0, 116944, 116987)","(0, 116944, 116987)",False,True
5804,8316,5,age,0.82421875,True,True,True,False,"(0, 116944, 116988)","(0, 116944, 116988)","(0, 116944, 116988)",False,True
5805,8318,5,age,0.13671875,True,True,True,False,"(0, 117016, 117051)","(0, 117016, 117051)","(0, 117016, 117051)",False,True
5806,8318,5,age,0.69921875,False,False,False,False,"(0, 116944, 117051)","(0, 116944, 117051)","(0, 116944, 117051)",False,True
5807,8318,5,age,0.82421875,True,True,True,False,"(0, 116944, 117052)","(0, 116944, 117052)","(0, 116944, 117052)",False,True
5808,8320,5,age,0.07421875,True,True,True,False,"(0, 118640, 118649)","(0, 118640, 118649)","(0, 118640, 118649)",False,True
5809,8320,5,age,0.69921875,False,False,False,False,"(0, 118632, 118649)","(0, 118632, 118649)","(0, 118632, 118649)",False,True
5810,8320,5,age,0.76171875,True,True,True,False,"(0, 118568, 118650)","(0, 118568, 118650)","(0, 118568, 118650)",False,True
5811,8322,5,age,0.13671875,True,True,True,False,"(0, 117016, 117115)","(0, 117016, 117115)","(0, 117016, 117115)",False,True
5812,8322,5,age,0.69921875,False,False,False,False,"(0, 116944, 117115)","(0, 116944, 117115)","(0, 116944, 117115)",False,True
5813,8322,5,age,0.82421875,True,True,True,False,"(0, 116944, 117116)","(0, 116944, 117116)","(0, 116944, 117116)",False,True
5814,8324,5,age,0.07421875,True,True,True,False,"(0, 118640, 118649)","(0, 118640, 118649)","(0, 118640, 118649)",False,True
5815,8324,5,age,0.69921875,False,False,False,False,"(0, 118632, 118649)","(0, 118632, 118649)","(0, 118632, 118649)",False,True
5816,8324,5,age,0.97265625,True,True,True,False,"(0, 118624, 118650)","(0, 118624, 118650)","(0, 118624, 118650)",False,True
5817,8326,5,age,0.13671875,True,True,True,False,"(0, 117016, 117115)","(0, 117016, 117115)","(0, 117016, 117115)",False,True
5818,8326,5,age,0.69921875,False,False,False,False,"(0, 116944, 117115)","(0, 116944, 117115)","(0, 116944, 117115)",False,True
5819,8326,5,age,0.82421875,True,True,True,False,"(0, 116944, 117116)","(0, 116944, 117116)","(0, 116944, 117116)",False,True
5820,8327,5,age,0.12109375,True,True,True,False,"(0, 117416, 117305)","(0, 117416, 117305)","(0, 117416, 117305)",False,True
5821,8327,5,age,0.30078125,True,True,True,False,"(0, 117352, 117304)","(0, 117352, 117304)","(0, 117352, 117304)",False,True
5822,8327,5,age,0.92578125,False,False,False,False,"(0, 117296, 117304)","(0, 117296, 117304)","(0, 117296, 117304)",False,True
5823,8332,5,age,0.13671875,True,True,True,False,"(0, 117400, 117307)","(0, 117400, 117307)","(0, 117400, 117307)",False,True
5824,8332,5,age,0.69921875,False,False,False,False,"(0, 117328, 117307)","(0, 117328, 117307)","(0, 117328, 117307)",False,True
5825,8332,5,age,0.82421875,True,True,True,False,"(0, 117328, 117308)","(0, 117328, 117308)","(0, 117328, 117308)",False,True
5826,8334,5,age,0.13671875,True,True,True,False,"(0, 117400, 117371)","(0, 117400, 117371)","(0, 117400, 117371)",False,True
5827,8334,5,age,0.69921875,False,False,False,False,"(0, 117328, 117371)","(0, 117328, 117371)","(0, 117328, 117371)",False,True
5828,8334,5,age,0.82421875,True,True,True,False,"(0, 117328, 117372)","(0, 117328, 117372)","(0, 117328, 117372)",False,True
5829,8336,5,age,0.13671875,True,True,True,False,"(0, 117400, 117435)","(0, 117400, 117435)","(0, 117400, 117435)",False,True
5830,8336,5,age,0.69921875,False,False,False,False,"(0, 117328, 117435)","(0, 117328, 117435)","(0, 117328, 117435)",False,True
5831,8336,5,age,0.82421875,True,True,True,False,"(0, 117328, 117436)","(0, 117328, 117436)","(0, 117328, 117436)",False,True
5832,8338,5,age,0.07421875,True,True,True,False,"(0, 119024, 119033)","(0, 119024, 119033)","(0, 119024, 119033)",False,True
5833,8338,5,age,0.69921875,False,False,False,False,"(0, 119016, 119033)","(0, 119016, 119033)","(0, 119016, 119033)",False,True
5834,8338,5,age,0.76171875,True,True,True,False,"(0, 118952, 119034)","(0, 118952, 119034)","(0, 118952, 119034)",False,True
5835,8340,5,age,0.13671875,True,True,True,False,"(0, 117400, 117499)","(0, 117400, 117499)","(0, 117400, 117499)",False,True
5836,8340,5,age,0.69921875,False,False,False,False,"(0, 117328, 117499)","(0, 117328, 117499)","(0, 117328, 117499)",False,True
5837,8340,5,age,0.82421875,True,True,True,False,"(0, 117328, 117500)","(0, 117328, 117500)","(0, 117328, 117500)",False,True
5838,8342,5,age,0.07421875,True,True,True,False,"(0, 119024, 119033)","(0, 119024, 119033)","(0, 119024, 119033)",False,True
5839,8342,5,age,0.69921875,False,False,False,False,"(0, 119016, 119033)","(0, 119016, 119033)","(0, 119016, 119033)",False,True
5840,8342,5,age,0.97265625,True,True,True,False,"(0, 119008, 119034)","(0, 119008, 119034)","(0, 119008, 119034)",False,True
5841,8344,5,age,0.13671875,True,True,True,False,"(0, 117400, 117499)","(0, 117400, 117499)","(0, 117400, 117499)",False,True
5842,8344,5,age,0.69921875,False,False,False,False,"(0, 117328, 117499)","(0, 117328, 117499)","(0, 117328, 117499)",False,True
5843,8344,5,age,0.82421875,True,True,True,False,"(0, 117328, 117500)","(0, 117328, 117500)","(0, 117328, 117500)",False,True
5844,8345,5,age,0.12109375,True,True,True,False,"(0, 117416, 117305)","(0, 117416, 117305)","(0, 117416, 117305)",False,True
5845,8345,5,age,0.30078125,True,True,True,False,"(0, 117352, 117304)","(0, 117352, 117304)","(0, 117352, 117304)",False,True
5846,8345,5,age,0.92578125,False,False,False,False,"(0, 117296, 117304)","(0, 117296, 117304)","(0, 117296, 117304)",False,True
5847,8350,5,age,0.13671875,True,True,True,False,"(0, 117400, 117307)","(0, 117400, 117307)","(0, 117400, 117307)",False,True
5848,8350,5,age,0.69921875,False,False,False,False,"(0, 117328, 117307)","(0, 117328, 117307)","(0, 117328, 117307)",False,True
5849,8350,5,age,0.82421875,True,True,True,False,"(0, 117328, 117308)","(0, 117328, 117308)","(0, 117328, 117308)",False,True
5850,8352,5,age,0.13671875,True,True,True,False,"(0, 117400, 117371)","(0, 117400, 117371)","(0, 117400, 117371)",False,True
5851,8352,5,age,0.69921875,False,False,False,False,"(0, 117328, 117371)","(0, 117328, 117371)","(0, 117328, 117371)",False,True
5852,8352,5,age,0.82421875,True,True,True,False,"(0, 117328, 117372)","(0, 117328, 117372)","(0, 117328, 117372)",False,True
5853,8354,5,age,0.13671875,True,True,True,False,"(0, 117400, 117435)","(0, 117400, 117435)","(0, 117400, 117435)",False,True
5854,8354,5,age,0.69921875,False,False,False,False,"(0, 117328, 117435)","(0, 117328, 117435)","(0, 117328, 117435)",False,True
5855,8354,5,age,0.82421875,True,True,True,False,"(0, 117328, 117436)","(0, 117328, 117436)","(0, 117328, 117436)",False,True
5856,8356,5,age,0.07421875,True,True,True,False,"(0, 119024, 119033)","(0, 119024, 119033)","(0, 119024, 119033)",False,True
5857,8356,5,age,0.69921875,False,False,False,False,"(0, 119016, 119033)","(0, 119016, 119033)","(0, 119016, 119033)",False,True
5858,8356,5,age,0.76171875,True,True,True,False,"(0, 118952, 119034)","(0, 118952, 119034)","(0, 118952, 119034)",False,True
5859,8358,5,age,0.13671875,True,True,True,False,"(0, 117400, 117499)","(0, 117400, 117499)","(0, 117400, 117499)",False,True
5860,8358,5,age,0.69921875,False,False,False,False,"(0, 117328, 117499)","(0, 117328, 117499)","(0, 117328, 117499)",False,True
5861,8358,5,age,0.82421875,True,True,True,False,"(0, 117328, 117500)","(0, 117328, 117500)","(0, 117328, 117500)",False,True
5862,8360,5,age,0.07421875,True,True,True,False,"(0, 119024, 119033)","(0, 119024, 119033)","(0, 119024, 119033)",False,True
5863,8360,5,age,0.69921875,False,False,False,False,"(0, 119016, 119033)","(0, 119016, 119033)","(0, 119016, 119033)",False,True
5864,8360,5,age,0.97265625,True,True,True,False,"(0, 119008, 119034)","(0, 119008, 119034)","(0, 119008, 119034)",False,True
5865,8362,5,age,0.13671875,True,True,True,False,"(0, 117400, 117499)","(0, 117400, 117499)","(0, 117400, 117499)",False,True
5866,8362,5,age,0.69921875,False,False,False,False,"(0, 117328, 117499)","(0, 117328, 117499)","(0, 117328, 117499)",False,True
5867,8362,5,age,0.82421875,True,True,True,False,"(0, 117328, 117500)","(0, 117328, 117500)","(0, 117328, 117500)",False,True
5868,8363,5,age,0.12109375,True,True,True,False,"(0, 139304, 139193)","(0, 139304, 139193)","(0, 139304, 139193)",False,True
5869,8363,5,age,0.30078125,True,True,True,False,"(0, 139240, 139192)","(0, 139240, 139192)","(0, 139240, 139192)",False,True
5870,8363,5,age,0.92578125,False,False,False,False,"(0, 139184, 139192)","(0, 139184, 139192)","(0, 139184, 139192)",False,True
5871,8368,5,age,0.13671875,True,True,True,False,"(0, 139288, 139195)","(0, 139288, 139195)","(0, 139288, 139195)",False,True
5872,8368,5,age,0.69921875,False,False,False,False,"(0, 139216, 139195)","(0, 139216, 139195)","(0, 139216, 139195)",False,True
5873,8368,5,age,0.82421875,True,True,True,False,"(0, 139216, 139196)","(0, 139216, 139196)","(0, 139216, 139196)",False,True
5874,8370,5,age,0.13671875,True,True,True,False,"(0, 139288, 139259)","(0, 139288, 139259)","(0, 139288, 139259)",False,True
5875,8370,5,age,0.69921875,False,False,False,False,"(0, 139216, 139259)","(0, 139216, 139259)","(0, 139216, 139259)",False,True
5876,8370,5,age,0.82421875,True,True,True,False,"(0, 139216, 139260)","(0, 139216, 139260)","(0, 139216, 139260)",False,True
5877,8372,5,age,0.13671875,True,True,True,False,"(0, 139288, 139323)","(0, 139288, 139323)","(0, 139288, 139323)",False,True
5878,8372,5,age,0.69921875,False,False,False,False,"(0, 139216, 139323)","(0, 139216, 139323)","(0, 139216, 139323)",False,True
5879,8372,5,age,0.82421875,True,True,True,False,"(0, 139216, 139324)","(0, 139216, 139324)","(0, 139216, 139324)",False,True
5880,8374,5,age,0.07421875,True,True,True,False,"(0, 140912, 140921)","(0, 140912, 140921)","(0, 140912, 140921)",False,True
5881,8374,5,age,0.69921875,False,False,False,False,"(0, 140904, 140921)","(0, 140904, 140921)","(0, 140904, 140921)",False,True
5882,8374,5,age,0.76171875,True,True,True,False,"(0, 140840, 140922)","(0, 140840, 140922)","(0, 140840, 140922)",False,True
5883,8376,5,age,0.13671875,True,True,True,False,"(0, 139288, 139387)","(0, 139288, 139387)","(0, 139288, 139387)",False,True
5884,8376,5,age,0.69921875,False,False,False,False,"(0, 139216, 139387)","(0, 139216, 139387)","(0, 139216, 139387)",False,True
5885,8376,5,age,0.82421875,True,True,True,False,"(0, 139216, 139388)","(0, 139216, 139388)","(0, 139216, 139388)",False,True
5886,8378,5,age,0.07421875,True,True,True,False,"(0, 140912, 140921)","(0, 140912, 140921)","(0, 140912, 140921)",False,True
5887,8378,5,age,0.69921875,False,False,False,False,"(0, 140904, 140921)","(0, 140904, 140921)","(0, 140904, 140921)",False,True
5888,8378,5,age,0.97265625,True,True,True,False,"(0, 140896, 140922)","(0, 140896, 140922)","(0, 140896, 140922)",False,True
5889,8380,5,age,0.13671875,True,True,True,False,"(0, 139288, 139387)","(0, 139288, 139387)","(0, 139288, 139387)",False,True
5890,8380,5,age,0.69921875,False,False,False,False,"(0, 139216, 139387)","(0, 139216, 139387)","(0, 139216, 139387)",False,True
5891,8380,5,age,0.82421875,True,True,True,False,"(0, 139216, 139388)","(0, 139216, 139388)","(0, 139216, 139388)",False,True
5892,8381,5,age,0.12109375,True,True,True,False,"(0, 139688, 139577)","(0, 139688, 139577)","(0, 139688, 139577)",False,True
5893,8381,5,age,0.30078125,True,True,True,False,"(0, 139624, 139576)","(0, 139624, 139576)","(0, 139624, 139576)",False,True
5894,8381,5,age,0.92578125,False,False,False,False,"(0, 139568, 139576)","(0, 139568, 139576)","(0, 139568, 139576)",False,True
5895,8386,5,age,0.13671875,True,True,True,False,"(0, 139672, 139579)","(0, 139672, 139579)","(0, 139672, 139579)",False,True
5896,8386,5,age,0.69921875,False,False,False,False,"(0, 139600, 139579)","(0, 139600, 139579)","(0, 139600, 139579)",False,True
5897,8386,5,age,0.82421875,True,True,True,False,"(0, 139600, 139580)","(0, 139600, 139580)","(0, 139600, 139580)",False,True
5898,8388,5,age,0.13671875,True,True,True,False,"(0, 139672, 139643)","(0, 139672, 139643)","(0, 139672, 139643)",False,True
5899,8388,5,age,0.69921875,False,False,False,False,"(0, 139600, 139643)","(0, 139600, 139643)","(0, 139600, 139643)",False,True
5900,8388,5,age,0.82421875,True,True,True,False,"(0, 139600, 139644)","(0, 139600, 139644)","(0, 139600, 139644)",False,True
5901,8390,5,age,0.13671875,True,True,True,False,"(0, 139672, 139707)","(0, 139672, 139707)","(0, 139672, 139707)",False,True
5902,8390,5,age,0.69921875,False,False,False,False,"(0, 139600, 139707)","(0, 139600, 139707)","(0, 139600, 139707)",False,True
5903,8390,5,age,0.82421875,True,True,True,False,"(0, 139600, 139708)","(0, 139600, 139708)","(0, 139600, 139708)",False,True
5904,8392,5,age,0.07421875,True,True,True,False,"(0, 141296, 141305)","(0, 141296, 141305)","(0, 141296, 141305)",False,True
5905,8392,5,age,0.69921875,False,False,False,False,"(0, 141288, 141305)","(0, 141288, 141305)","(0, 141288, 141305)",False,True
5906,8392,5,age,0.76171875,True,True,True,False,"(0, 141224, 141306)","(0, 141224, 141306)","(0, 141224, 141306)",False,True
5907,8394,5,age,0.13671875,True,True,True,False,"(0, 139672, 139771)","(0, 139672, 139771)","(0, 139672, 139771)",False,True
5908,8394,5,age,0.69921875,False,False,False,False,"(0, 139600, 139771)","(0, 139600, 139771)","(0, 139600, 139771)",False,True
5909,8394,5,age,0.82421875,True,True,True,False,"(0, 139600, 139772)","(0, 139600, 139772)","(0, 139600, 139772)",False,True
5910,8396,5,age,0.07421875,True,True,True,False,"(0, 141296, 141305)","(0, 141296, 141305)","(0, 141296, 141305)",False,True
5911,8396,5,age,0.69921875,False,False,False,False,"(0, 141288, 141305)","(0, 141288, 141305)","(0, 141288, 141305)",False,True
5912,8396,5,age,0.97265625,True,True,True,False,"(0, 141280, 141306)","(0, 141280, 141306)","(0, 141280, 141306)",False,True
5913,8398,5,age,0.13671875,True,True,True,False,"(0, 139672, 139771)","(0, 139672, 139771)","(0, 139672, 139771)",False,True
5914,8398,5,age,0.69921875,False,False,False,False,"(0, 139600, 139771)","(0, 139600, 139771)","(0, 139600, 139771)",False,True
5915,8398,5,age,0.82421875,True,True,True,False,"(0, 139600, 139772)","(0, 139600, 139772)","(0, 139600, 139772)",False,True
5916,8399,5,age,0.12109375,True,True,True,False,"(0, 118568, 118457)","(0, 118568, 118457)","(0, 118568, 118457)",False,True
5917,8399,5,age,0.30078125,True,True,True,False,"(0, 118504, 118456)","(0, 118504, 118456)","(0, 118504, 118456)",False,True
5918,8399,5,age,0.92578125,False,False,False,False,"(0, 118448, 118456)","(0, 118448, 118456)","(0, 118448, 118456)",False,True
5919,8404,5,age,0.13671875,True,True,True,False,"(0, 118552, 118459)","(0, 118552, 118459)","(0, 118552, 118459)",False,True
5920,8404,5,age,0.69921875,False,False,False,False,"(0, 118480, 118459)","(0, 118480, 118459)","(0, 118480, 118459)",False,True
5921,8404,5,age,0.82421875,True,True,True,False,"(0, 118480, 118460)","(0, 118480, 118460)","(0, 118480, 118460)",False,True
5922,8406,5,age,0.13671875,True,True,True,False,"(0, 118552, 118523)","(0, 118552, 118523)","(0, 118552, 118523)",False,True
5923,8406,5,age,0.69921875,False,False,False,False,"(0, 118480, 118523)","(0, 118480, 118523)","(0, 118480, 118523)",False,True
5924,8406,5,age,0.82421875,True,True,True,False,"(0, 118480, 118524)","(0, 118480, 118524)","(0, 118480, 118524)",False,True
5925,8408,5,age,0.13671875,True,True,True,False,"(0, 118552, 118587)","(0, 118552, 118587)","(0, 118552, 118587)",False,True
5926,8408,5,age,0.69921875,False,False,False,False,"(0, 118480, 118587)","(0, 118480, 118587)","(0, 118480, 118587)",False,True
5927,8408,5,age,0.82421875,True,True,True,False,"(0, 118480, 118588)","(0, 118480, 118588)","(0, 118480, 118588)",False,True
5928,8410,5,age,0.07421875,True,True,True,False,"(0, 120176, 120185)","(0, 120176, 120185)","(0, 120176, 120185)",False,True
5929,8410,5,age,0.69921875,False,False,False,False,"(0, 120168, 120185)","(0, 120168, 120185)","(0, 120168, 120185)",False,True
5930,8410,5,age,0.76171875,True,True,True,False,"(0, 120104, 120186)","(0, 120104, 120186)","(0, 120104, 120186)",False,True
5931,8412,5,age,0.13671875,True,True,True,False,"(0, 118552, 118651)","(0, 118552, 118651)","(0, 118552, 118651)",False,True
5932,8412,5,age,0.69921875,False,False,False,False,"(0, 118480, 118651)","(0, 118480, 118651)","(0, 118480, 118651)",False,True
5933,8412,5,age,0.82421875,True,True,True,False,"(0, 118480, 118652)","(0, 118480, 118652)","(0, 118480, 118652)",False,True
5934,8414,5,age,0.07421875,True,True,True,False,"(0, 120176, 120185)","(0, 120176, 120185)","(0, 120176, 120185)",False,True
5935,8414,5,age,0.69921875,False,False,False,False,"(0, 120168, 120185)","(0, 120168, 120185)","(0, 120168, 120185)",False,True
5936,8414,5,age,0.97265625,True,True,True,False,"(0, 120160, 120186)","(0, 120160, 120186)","(0, 120160, 120186)",False,True
5937,8416,5,age,0.13671875,True,True,True,False,"(0, 118552, 118651)","(0, 118552, 118651)","(0, 118552, 118651)",False,True
5938,8416,5,age,0.69921875,False,False,False,False,"(0, 118480, 118651)","(0, 118480, 118651)","(0, 118480, 118651)",False,True
5939,8416,5,age,0.82421875,True,True,True,False,"(0, 118480, 118652)","(0, 118480, 118652)","(0, 118480, 118652)",False,True
5940,8417,5,age,0.12109375,True,True,True,False,"(0, 118952, 118841)","(0, 118952, 118841)","(0, 118952, 118841)",False,True
5941,8417,5,age,0.30078125,True,True,True,False,"(0, 118888, 118840)","(0, 118888, 118840)","(0, 118888, 118840)",False,True
5942,8417,5,age,0.92578125,False,False,False,False,"(0, 118832, 118840)","(0, 118832, 118840)","(0, 118832, 118840)",False,True
5943,8422,5,age,0.13671875,True,True,True,False,"(0, 118936, 118843)","(0, 118936, 118843)","(0, 118936, 118843)",False,True
5944,8422,5,age,0.69921875,False,False,False,False,"(0, 118864, 118843)","(0, 118864, 118843)","(0, 118864, 118843)",False,True
5945,8422,5,age,0.82421875,True,True,True,False,"(0, 118864, 118844)","(0, 118864, 118844)","(0, 118864, 118844)",False,True
5946,8424,5,age,0.13671875,True,True,True,False,"(0, 118936, 118907)","(0, 118936, 118907)","(0, 118936, 118907)",False,True
5947,8424,5,age,0.69921875,False,False,False,False,"(0, 118864, 118907)","(0, 118864, 118907)","(0, 118864, 118907)",False,True
5948,8424,5,age,0.82421875,True,True,True,False,"(0, 118864, 118908)","(0, 118864, 118908)","(0, 118864, 118908)",False,True
5949,8426,5,age,0.13671875,True,True,True,False,"(0, 118936, 118971)","(0, 118936, 118971)","(0, 118936, 118971)",False,True
5950,8426,5,age,0.69921875,False,False,False,False,"(0, 118864, 118971)","(0, 118864, 118971)","(0, 118864, 118971)",False,True
5951,8426,5,age,0.82421875,True,True,True,False,"(0, 118864, 118972)","(0, 118864, 118972)","(0, 118864, 118972)",False,True
5952,8428,5,age,0.07421875,True,True,True,False,"(0, 120560, 120569)","(0, 120560, 120569)","(0, 120560, 120569)",False,True
5953,8428,5,age,0.69921875,False,False,False,False,"(0, 120552, 120569)","(0, 120552, 120569)","(0, 120552, 120569)",False,True
5954,8428,5,age,0.76171875,True,True,True,False,"(0, 120488, 120570)","(0, 120488, 120570)","(0, 120488, 120570)",False,True
5955,8430,5,age,0.13671875,True,True,True,False,"(0, 118936, 119035)","(0, 118936, 119035)","(0, 118936, 119035)",False,True
5956,8430,5,age,0.69921875,False,False,False,False,"(0, 118864, 119035)","(0, 118864, 119035)","(0, 118864, 119035)",False,True
5957,8430,5,age,0.82421875,True,True,True,False,"(0, 118864, 119036)","(0, 118864, 119036)","(0, 118864, 119036)",False,True
5958,8432,5,age,0.07421875,True,True,True,False,"(0, 120560, 120569)","(0, 120560, 120569)","(0, 120560, 120569)",False,True
5959,8432,5,age,0.69921875,False,False,False,False,"(0, 120552, 120569)","(0, 120552, 120569)","(0, 120552, 120569)",False,True
5960,8432,5,age,0.97265625,True,True,True,False,"(0, 120544, 120570)","(0, 120544, 120570)","(0, 120544, 120570)",False,True
5961,8434,5,age,0.13671875,True,True,True,False,"(0, 118936, 119035)","(0, 118936, 119035)","(0, 118936, 119035)",False,True
5962,8434,5,age,0.69921875,False,False,False,False,"(0, 118864, 119035)","(0, 118864, 119035)","(0, 118864, 119035)",False,True
5963,8434,5,age,0.82421875,True,True,True,False,"(0, 118864, 119036)","(0, 118864, 119036)","(0, 118864, 119036)",False,True
5964,8435,5,age,0.12109375,True,True,True,False,"(0, 118952, 118841)","(0, 118952, 118841)","(0, 118952, 118841)",False,True
5965,8435,5,age,0.30078125,True,True,True,False,"(0, 118888, 118840)","(0, 118888, 118840)","(0, 118888, 118840)",False,True
5966,8435,5,age,0.92578125,False,False,False,False,"(0, 118832, 118840)","(0, 118832, 118840)","(0, 118832, 118840)",False,True
5967,8440,5,age,0.13671875,True,True,True,False,"(0, 118936, 118843)","(0, 118936, 118843)","(0, 118936, 118843)",False,True
5968,8440,5,age,0.69921875,False,False,False,False,"(0, 118864, 118843)","(0, 118864, 118843)","(0, 118864, 118843)",False,True
5969,8440,5,age,0.82421875,True,True,True,False,"(0, 118864, 118844)","(0, 118864, 118844)","(0, 118864, 118844)",False,True
5970,8442,5,age,0.13671875,True,True,True,False,"(0, 118936, 118907)","(0, 118936, 118907)","(0, 118936, 118907)",False,True
5971,8442,5,age,0.69921875,False,False,False,False,"(0, 118864, 118907)","(0, 118864, 118907)","(0, 118864, 118907)",False,True
5972,8442,5,age,0.82421875,True,True,True,False,"(0, 118864, 118908)","(0, 118864, 118908)","(0, 118864, 118908)",False,True
5973,8444,5,age,0.13671875,True,True,True,False,"(0, 118936, 118971)","(0, 118936, 118971)","(0, 118936, 118971)",False,True
5974,8444,5,age,0.69921875,False,False,False,False,"(0, 118864, 118971)","(0, 118864, 118971)","(0, 118864, 118971)",False,True
5975,8444,5,age,0.82421875,True,True,True,False,"(0, 118864, 118972)","(0, 118864, 118972)","(0, 118864, 118972)",False,True
5976,8446,5,age,0.07421875,True,True,True,False,"(0, 120560, 120569)","(0, 120560, 120569)","(0, 120560, 120569)",False,True
5977,8446,5,age,0.69921875,False,False,False,False,"(0, 120552, 120569)","(0, 120552, 120569)","(0, 120552, 120569)",False,True
5978,8446,5,age,0.76171875,True,True,True,False,"(0, 120488, 120570)","(0, 120488, 120570)","(0, 120488, 120570)",False,True
5979,8448,5,age,0.13671875,True,True,True,False,"(0, 118936, 119035)","(0, 118936, 119035)","(0, 118936, 119035)",False,True
5980,8448,5,age,0.69921875,False,False,False,False,"(0, 118864, 119035)","(0, 118864, 119035)","(0, 118864, 119035)",False,True
5981,8448,5,age,0.82421875,True,True,True,False,"(0, 118864, 119036)","(0, 118864, 119036)","(0, 118864, 119036)",False,True
5982,8450,5,age,0.07421875,True,True,True,False,"(0, 120560, 120569)","(0, 120560, 120569)","(0, 120560, 120569)",False,True
5983,8450,5,age,0.69921875,False,False,False,False,"(0, 120552, 120569)","(0, 120552, 120569)","(0, 120552, 120569)",False,True
5984,8450,5,age,0.97265625,True,True,True,False,"(0, 120544, 120570)","(0, 120544, 120570)","(0, 120544, 120570)",False,True
5985,8452,5,age,0.13671875,True,True,True,False,"(0, 118936, 119035)","(0, 118936, 119035)","(0, 118936, 119035)",False,True
5986,8452,5,age,0.69921875,False,False,False,False,"(0, 118864, 119035)","(0, 118864, 119035)","(0, 118864, 119035)",False,True
5987,8452,5,age,0.82421875,True,True,True,False,"(0, 118864, 119036)","(0, 118864, 119036)","(0, 118864, 119036)",False,True
5988,8453,5,age,0.12109375,True,True,True,False,"(0, 140840, 140729)","(0, 140840, 140729)","(0, 140840, 140729)",False,True
5989,8453,5,age,0.30078125,True,True,True,False,"(0, 140776, 140728)","(0, 140776, 140728)","(0, 140776, 140728)",False,True
5990,8453,5,age,0.92578125,False,False,False,False,"(0, 140720, 140728)","(0, 140720, 140728)","(0, 140720, 140728)",False,True
5991,8458,5,age,0.13671875,True,True,True,False,"(0, 140824, 140731)","(0, 140824, 140731)","(0, 140824, 140731)",False,True
5992,8458,5,age,0.69921875,False,False,False,False,"(0, 140752, 140731)","(0, 140752, 140731)","(0, 140752, 140731)",False,True
5993,8458,5,age,0.82421875,True,True,True,False,"(0, 140752, 140732)","(0, 140752, 140732)","(0, 140752, 140732)",False,True
5994,8460,5,age,0.13671875,True,True,True,False,"(0, 140824, 140795)","(0, 140824, 140795)","(0, 140824, 140795)",False,True
5995,8460,5,age,0.69921875,False,False,False,False,"(0, 140752, 140795)","(0, 140752, 140795)","(0, 140752, 140795)",False,True
5996,8460,5,age,0.82421875,True,True,True,False,"(0, 140752, 140796)","(0, 140752, 140796)","(0, 140752, 140796)",False,True
5997,8462,5,age,0.13671875,True,True,True,False,"(0, 140824, 140859)","(0, 140824, 140859)","(0, 140824, 140859)",False,True
5998,8462,5,age,0.69921875,False,False,False,False,"(0, 140752, 140859)","(0, 140752, 140859)","(0, 140752, 140859)",False,True
5999,8462,5,age,0.82421875,True,True,True,False,"(0, 140752, 140860)","(0, 140752, 140860)","(0, 140752, 140860)",False,True
6000,8464,5,age,0.07421875,True,True,True,False,"(0, 142448, 142457)","(0, 142448, 142457)","(0, 142448, 142457)",False,True
6001,8464,5,age,0.69921875,False,False,False,False,"(0, 142440, 142457)","(0, 142440, 142457)","(0, 142440, 142457)",False,True
6002,8464,5,age,0.76171875,True,True,True,False,"(0, 142376, 142458)","(0, 142376, 142458)","(0, 142376, 142458)",False,True
6003,8466,5,age,0.13671875,True,True,True,False,"(0, 140824, 140923)","(0, 140824, 140923)","(0, 140824, 140923)",False,True
6004,8466,5,age,0.69921875,False,False,False,False,"(0, 140752, 140923)","(0, 140752, 140923)","(0, 140752, 140923)",False,True
6005,8466,5,age,0.82421875,True,True,True,False,"(0, 140752, 140924)","(0, 140752, 140924)","(0, 140752, 140924)",False,True
6006,8468,5,age,0.07421875,True,True,True,False,"(0, 142448, 142457)","(0, 142448, 142457)","(0, 142448, 142457)",False,True
6007,8468,5,age,0.69921875,False,False,False,False,"(0, 142440, 142457)","(0, 142440, 142457)","(0, 142440, 142457)",False,True
6008,8468,5,age,0.97265625,True,True,True,False,"(0, 142432, 142458)","(0, 142432, 142458)","(0, 142432, 142458)",False,True
6009,8470,5,age,0.13671875,True,True,True,False,"(0, 140824, 140923)","(0, 140824, 140923)","(0, 140824, 140923)",False,True
6010,8470,5,age,0.69921875,False,False,False,False,"(0, 140752, 140923)","(0, 140752, 140923)","(0, 140752, 140923)",False,True
6011,8470,5,age,0.82421875,True,True,True,False,"(0, 140752, 140924)","(0, 140752, 140924)","(0, 140752, 140924)",False,True
6012,8471,5,age,0.12109375,True,True,True,False,"(0, 141224, 141113)","(0, 141224, 141113)","(0, 141224, 141113)",False,True
6013,8471,5,age,0.30078125,True,True,True,False,"(0, 141160, 141112)","(0, 141160, 141112)","(0, 141160, 141112)",False,True
6014,8471,5,age,0.92578125,False,False,False,False,"(0, 141104, 141112)","(0, 141104, 141112)","(0, 141104, 141112)",False,True
6015,8476,5,age,0.13671875,True,True,True,False,"(0, 141208, 141115)","(0, 141208, 141115)","(0, 141208, 141115)",False,True
6016,8476,5,age,0.69921875,False,False,False,False,"(0, 141136, 141115)","(0, 141136, 141115)","(0, 141136, 141115)",False,True
6017,8476,5,age,0.82421875,True,True,True,False,"(0, 141136, 141116)","(0, 141136, 141116)","(0, 141136, 141116)",False,True
6018,8478,5,age,0.13671875,True,True,True,False,"(0, 141208, 141179)","(0, 141208, 141179)","(0, 141208, 141179)",False,True
6019,8478,5,age,0.69921875,False,False,False,False,"(0, 141136, 141179)","(0, 141136, 141179)","(0, 141136, 141179)",False,True
6020,8478,5,age,0.82421875,True,True,True,False,"(0, 141136, 141180)","(0, 141136, 141180)","(0, 141136, 141180)",False,True
6021,8480,5,age,0.13671875,True,True,True,False,"(0, 141208, 141243)","(0, 141208, 141243)","(0, 141208, 141243)",False,True
6022,8480,5,age,0.69921875,False,False,False,False,"(0, 141136, 141243)","(0, 141136, 141243)","(0, 141136, 141243)",False,True
6023,8480,5,age,0.82421875,True,True,True,False,"(0, 141136, 141244)","(0, 141136, 141244)","(0, 141136, 141244)",False,True
6024,8482,5,age,0.07421875,True,True,True,False,"(0, 142832, 142841)","(0, 142832, 142841)","(0, 142832, 142841)",False,True
6025,8482,5,age,0.69921875,False,False,False,False,"(0, 142824, 142841)","(0, 142824, 142841)","(0, 142824, 142841)",False,True
6026,8482,5,age,0.76171875,True,True,True,False,"(0, 142760, 142842)","(0, 142760, 142842)","(0, 142760, 142842)",False,True
6027,8484,5,age,0.13671875,True,True,True,False,"(0, 141208, 141307)","(0, 141208, 141307)","(0, 141208, 141307)",False,True
6028,8484,5,age,0.69921875,False,False,False,False,"(0, 141136, 141307)","(0, 141136, 141307)","(0, 141136, 141307)",False,True
6029,8484,5,age,0.82421875,True,True,True,False,"(0, 141136, 141308)","(0, 141136, 141308)","(0, 141136, 141308)",False,True
6030,8486,5,age,0.07421875,True,True,True,False,"(0, 142832, 142841)","(0, 142832, 142841)","(0, 142832, 142841)",False,True
6031,8486,5,age,0.69921875,False,False,False,False,"(0, 142824, 142841)","(0, 142824, 142841)","(0, 142824, 142841)",False,True
6032,8486,5,age,0.97265625,True,True,True,False,"(0, 142816, 142842)","(0, 142816, 142842)","(0, 142816, 142842)",False,True
6033,8488,5,age,0.13671875,True,True,True,False,"(0, 141208, 141307)","(0, 141208, 141307)","(0, 141208, 141307)",False,True
6034,8488,5,age,0.69921875,False,False,False,False,"(0, 141136, 141307)","(0, 141136, 141307)","(0, 141136, 141307)",False,True
6035,8488,5,age,0.82421875,True,True,True,False,"(0, 141136, 141308)","(0, 141136, 141308)","(0, 141136, 141308)",False,True
6036,8489,5,age,0.12109375,True,True,True,False,"(0, 120104, 119993)","(0, 120104, 119993)","(0, 120104, 119993)",False,True
6037,8489,5,age,0.30078125,True,True,True,False,"(0, 120040, 119992)","(0, 120040, 119992)","(0, 120040, 119992)",False,True
6038,8489,5,age,0.92578125,False,False,False,False,"(0, 119984, 119992)","(0, 119984, 119992)","(0, 119984, 119992)",False,True
6039,8494,5,age,0.13671875,True,True,True,False,"(0, 120088, 119995)","(0, 120088, 119995)","(0, 120088, 119995)",False,True
6040,8494,5,age,0.69921875,False,False,False,False,"(0, 120016, 119995)","(0, 120016, 119995)","(0, 120016, 119995)",False,True
6041,8494,5,age,0.82421875,True,True,True,False,"(0, 120016, 119996)","(0, 120016, 119996)","(0, 120016, 119996)",False,True
6042,8496,5,age,0.13671875,True,True,True,False,"(0, 120088, 120059)","(0, 120088, 120059)","(0, 120088, 120059)",False,True
6043,8496,5,age,0.69921875,False,False,False,False,"(0, 120016, 120059)","(0, 120016, 120059)","(0, 120016, 120059)",False,True
6044,8496,5,age,0.82421875,True,True,True,False,"(0, 120016, 120060)","(0, 120016, 120060)","(0, 120016, 120060)",False,True
6045,8498,5,age,0.13671875,True,True,True,False,"(0, 120088, 120123)","(0, 120088, 120123)","(0, 120088, 120123)",False,True
6046,8498,5,age,0.69921875,False,False,False,False,"(0, 120016, 120123)","(0, 120016, 120123)","(0, 120016, 120123)",False,True
6047,8498,5,age,0.82421875,True,True,True,False,"(0, 120016, 120124)","(0, 120016, 120124)","(0, 120016, 120124)",False,True
6048,8500,5,age,0.07421875,True,True,True,False,"(0, 121712, 121721)","(0, 121712, 121721)","(0, 121712, 121721)",False,True
6049,8500,5,age,0.69921875,False,False,False,False,"(0, 121704, 121721)","(0, 121704, 121721)","(0, 121704, 121721)",False,True
6050,8500,5,age,0.76171875,True,True,True,False,"(0, 121640, 121722)","(0, 121640, 121722)","(0, 121640, 121722)",False,True
6051,8502,5,age,0.13671875,True,True,True,False,"(0, 120088, 120187)","(0, 120088, 120187)","(0, 120088, 120187)",False,True
6052,8502,5,age,0.69921875,False,False,False,False,"(0, 120016, 120187)","(0, 120016, 120187)","(0, 120016, 120187)",False,True
6053,8502,5,age,0.82421875,True,True,True,False,"(0, 120016, 120188)","(0, 120016, 120188)","(0, 120016, 120188)",False,True
6054,8504,5,age,0.07421875,True,True,True,False,"(0, 121712, 121721)","(0, 121712, 121721)","(0, 121712, 121721)",False,True
6055,8504,5,age,0.69921875,False,False,False,False,"(0, 121704, 121721)","(0, 121704, 121721)","(0, 121704, 121721)",False,True
6056,8504,5,age,0.97265625,True,True,True,False,"(0, 121696, 121722)","(0, 121696, 121722)","(0, 121696, 121722)",False,True
6057,8506,5,age,0.13671875,True,True,True,False,"(0, 120088, 120187)","(0, 120088, 120187)","(0, 120088, 120187)",False,True
6058,8506,5,age,0.69921875,False,False,False,False,"(0, 120016, 120187)","(0, 120016, 120187)","(0, 120016, 120187)",False,True
6059,8506,5,age,0.82421875,True,True,True,False,"(0, 120016, 120188)","(0, 120016, 120188)","(0, 120016, 120188)",False,True
6060,8507,5,age,0.12109375,True,True,True,False,"(0, 120488, 120377)","(0, 120488, 120377)","(0, 120488, 120377)",False,True
6061,8507,5,age,0.30078125,True,True,True,False,"(0, 120424, 120376)","(0, 120424, 120376)","(0, 120424, 120376)",False,True
6062,8507,5,age,0.92578125,False,False,False,False,"(0, 120368, 120376)","(0, 120368, 120376)","(0, 120368, 120376)",False,True
6063,8512,5,age,0.13671875,True,True,True,False,"(0, 120472, 120379)","(0, 120472, 120379)","(0, 120472, 120379)",False,True
6064,8512,5,age,0.69921875,False,False,False,False,"(0, 120400, 120379)","(0, 120400, 120379)","(0, 120400, 120379)",False,True
6065,8512,5,age,0.82421875,True,True,True,False,"(0, 120400, 120380)","(0, 120400, 120380)","(0, 120400, 120380)",False,True
6066,8514,5,age,0.13671875,True,True,True,False,"(0, 120472, 120443)","(0, 120472, 120443)","(0, 120472, 120443)",False,True
6067,8514,5,age,0.69921875,False,False,False,False,"(0, 120400, 120443)","(0, 120400, 120443)","(0, 120400, 120443)",False,True
6068,8514,5,age,0.82421875,True,True,True,False,"(0, 120400, 120444)","(0, 120400, 120444)","(0, 120400, 120444)",False,True
6069,8516,5,age,0.13671875,True,True,True,False,"(0, 120472, 120507)","(0, 120472, 120507)","(0, 120472, 120507)",False,True
6070,8516,5,age,0.69921875,False,False,False,False,"(0, 120400, 120507)","(0, 120400, 120507)","(0, 120400, 120507)",False,True
6071,8516,5,age,0.82421875,True,True,True,False,"(0, 120400, 120508)","(0, 120400, 120508)","(0, 120400, 120508)",False,True
6072,8518,5,age,0.07421875,True,True,True,False,"(0, 122096, 122105)","(0, 122096, 122105)","(0, 122096, 122105)",False,True
6073,8518,5,age,0.69921875,False,False,False,False,"(0, 122088, 122105)","(0, 122088, 122105)","(0, 122088, 122105)",False,True
6074,8518,5,age,0.76171875,True,True,True,False,"(0, 122024, 122106)","(0, 122024, 122106)","(0, 122024, 122106)",False,True
6075,8520,5,age,0.13671875,True,True,True,False,"(0, 120472, 120571)","(0, 120472, 120571)","(0, 120472, 120571)",False,True
6076,8520,5,age,0.69921875,False,False,False,False,"(0, 120400, 120571)","(0, 120400, 120571)","(0, 120400, 120571)",False,True
6077,8520,5,age,0.82421875,True,True,True,False,"(0, 120400, 120572)","(0, 120400, 120572)","(0, 120400, 120572)",False,True
6078,8522,5,age,0.07421875,True,True,True,False,"(0, 122096, 122105)","(0, 122096, 122105)","(0, 122096, 122105)",False,True
6079,8522,5,age,0.69921875,False,False,False,False,"(0, 122088, 122105)","(0, 122088, 122105)","(0, 122088, 122105)",False,True
6080,8522,5,age,0.97265625,True,True,True,False,"(0, 122080, 122106)","(0, 122080, 122106)","(0, 122080, 122106)",False,True
6081,8524,5,age,0.13671875,True,True,True,False,"(0, 120472, 120571)","(0, 120472, 120571)","(0, 120472, 120571)",False,True
6082,8524,5,age,0.69921875,False,False,False,False,"(0, 120400, 120571)","(0, 120400, 120571)","(0, 120400, 120571)",False,True
6083,8524,5,age,0.82421875,True,True,True,False,"(0, 120400, 120572)","(0, 120400, 120572)","(0, 120400, 120572)",False,True
6084,8525,5,age,0.12109375,True,True,True,False,"(0, 120488, 120377)","(0, 120488, 120377)","(0, 120488, 120377)",False,True
6085,8525,5,age,0.30078125,True,True,True,False,"(0, 120424, 120376)","(0, 120424, 120376)","(0, 120424, 120376)",False,True
6086,8525,5,age,0.92578125,False,False,False,False,"(0, 120368, 120376)","(0, 120368, 120376)","(0, 120368, 120376)",False,True
6087,8530,5,age,0.13671875,True,True,True,False,"(0, 120472, 120379)","(0, 120472, 120379)","(0, 120472, 120379)",False,True
6088,8530,5,age,0.69921875,False,False,False,False,"(0, 120400, 120379)","(0, 120400, 120379)","(0, 120400, 120379)",False,True
6089,8530,5,age,0.82421875,True,True,True,False,"(0, 120400, 120380)","(0, 120400, 120380)","(0, 120400, 120380)",False,True
6090,8532,5,age,0.13671875,True,True,True,False,"(0, 120472, 120443)","(0, 120472, 120443)","(0, 120472, 120443)",False,True
6091,8532,5,age,0.69921875,False,False,False,False,"(0, 120400, 120443)","(0, 120400, 120443)","(0, 120400, 120443)",False,True
6092,8532,5,age,0.82421875,True,True,True,False,"(0, 120400, 120444)","(0, 120400, 120444)","(0, 120400, 120444)",False,True
6093,8534,5,age,0.13671875,True,True,True,False,"(0, 120472, 120507)","(0, 120472, 120507)","(0, 120472, 120507)",False,True
6094,8534,5,age,0.69921875,False,False,False,False,"(0, 120400, 120507)","(0, 120400, 120507)","(0, 120400, 120507)",False,True
6095,8534,5,age,0.82421875,True,True,True,False,"(0, 120400, 120508)","(0, 120400, 120508)","(0, 120400, 120508)",False,True
6096,8536,5,age,0.07421875,True,True,True,False,"(0, 122096, 122105)","(0, 122096, 122105)","(0, 122096, 122105)",False,True
6097,8536,5,age,0.69921875,False,False,False,False,"(0, 122088, 122105)","(0, 122088, 122105)","(0, 122088, 122105)",False,True
6098,8536,5,age,0.76171875,True,True,True,False,"(0, 122024, 122106)","(0, 122024, 122106)","(0, 122024, 122106)",False,True
6099,8538,5,age,0.13671875,True,True,True,False,"(0, 120472, 120571)","(0, 120472, 120571)","(0, 120472, 120571)",False,True
6100,8538,5,age,0.69921875,False,False,False,False,"(0, 120400, 120571)","(0, 120400, 120571)","(0, 120400, 120571)",False,True
6101,8538,5,age,0.82421875,True,True,True,False,"(0, 120400, 120572)","(0, 120400, 120572)","(0, 120400, 120572)",False,True
6102,8540,5,age,0.07421875,True,True,True,False,"(0, 122096, 122105)","(0, 122096, 122105)","(0, 122096, 122105)",False,True
6103,8540,5,age,0.69921875,False,False,False,False,"(0, 122088, 122105)","(0, 122088, 122105)","(0, 122088, 122105)",False,True
6104,8540,5,age,0.97265625,True,True,True,False,"(0, 122080, 122106)","(0, 122080, 122106)","(0, 122080, 122106)",False,True
6105,8542,5,age,0.13671875,True,True,True,False,"(0, 120472, 120571)","(0, 120472, 120571)","(0, 120472, 120571)",False,True
6106,8542,5,age,0.69921875,False,False,False,False,"(0, 120400, 120571)","(0, 120400, 120571)","(0, 120400, 120571)",False,True
6107,8542,5,age,0.82421875,True,True,True,False,"(0, 120400, 120572)","(0, 120400, 120572)","(0, 120400, 120572)",False,True
6108,8543,5,age,0.12109375,True,True,True,False,"(0, 142376, 142265)","(0, 142376, 142265)","(0, 142376, 142265)",False,True
6109,8543,5,age,0.30078125,True,True,True,False,"(0, 142312, 142264)","(0, 142312, 142264)","(0, 142312, 142264)",False,True
6110,8543,5,age,0.92578125,False,False,False,False,"(0, 142256, 142264)","(0, 142256, 142264)","(0, 142256, 142264)",False,True
6111,8548,5,age,0.13671875,True,True,True,False,"(0, 142360, 142267)","(0, 142360, 142267)","(0, 142360, 142267)",False,True
6112,8548,5,age,0.69921875,False,False,False,False,"(0, 142288, 142267)","(0, 142288, 142267)","(0, 142288, 142267)",False,True
6113,8548,5,age,0.82421875,True,True,True,False,"(0, 142288, 142268)","(0, 142288, 142268)","(0, 142288, 142268)",False,True
6114,8550,5,age,0.13671875,True,True,True,False,"(0, 142360, 142331)","(0, 142360, 142331)","(0, 142360, 142331)",False,True
6115,8550,5,age,0.69921875,False,False,False,False,"(0, 142288, 142331)","(0, 142288, 142331)","(0, 142288, 142331)",False,True
6116,8550,5,age,0.82421875,True,True,True,False,"(0, 142288, 142332)","(0, 142288, 142332)","(0, 142288, 142332)",False,True
6117,8552,5,age,0.13671875,True,True,True,False,"(0, 142360, 142395)","(0, 142360, 142395)","(0, 142360, 142395)",False,True
6118,8552,5,age,0.69921875,False,False,False,False,"(0, 142288, 142395)","(0, 142288, 142395)","(0, 142288, 142395)",False,True
6119,8552,5,age,0.82421875,True,True,True,False,"(0, 142288, 142396)","(0, 142288, 142396)","(0, 142288, 142396)",False,True
6120,8554,5,age,0.07421875,True,True,True,False,"(0, 143984, 143993)","(0, 143984, 143993)","(0, 143984, 143993)",False,True
6121,8554,5,age,0.69921875,False,False,False,False,"(0, 143976, 143993)","(0, 143976, 143993)","(0, 143976, 143993)",False,True
6122,8554,5,age,0.76171875,True,True,True,False,"(0, 143912, 143994)","(0, 143912, 143994)","(0, 143912, 143994)",False,True
6123,8556,5,age,0.13671875,True,True,True,False,"(0, 142360, 142459)","(0, 142360, 142459)","(0, 142360, 142459)",False,True
6124,8556,5,age,0.69921875,False,False,False,False,"(0, 142288, 142459)","(0, 142288, 142459)","(0, 142288, 142459)",False,True
6125,8556,5,age,0.82421875,True,True,True,False,"(0, 142288, 142460)","(0, 142288, 142460)","(0, 142288, 142460)",False,True
6126,8558,5,age,0.07421875,True,True,True,False,"(0, 143984, 143993)","(0, 143984, 143993)","(0, 143984, 143993)",False,True
6127,8558,5,age,0.69921875,False,False,False,False,"(0, 143976, 143993)","(0, 143976, 143993)","(0, 143976, 143993)",False,True
6128,8558,5,age,0.97265625,True,True,True,False,"(0, 143968, 143994)","(0, 143968, 143994)","(0, 143968, 143994)",False,True
6129,8560,5,age,0.13671875,True,True,True,False,"(0, 142360, 142459)","(0, 142360, 142459)","(0, 142360, 142459)",False,True
6130,8560,5,age,0.69921875,False,False,False,False,"(0, 142288, 142459)","(0, 142288, 142459)","(0, 142288, 142459)",False,True
6131,8560,5,age,0.82421875,True,True,True,False,"(0, 142288, 142460)","(0, 142288, 142460)","(0, 142288, 142460)",False,True
6132,8561,5,age,0.12109375,True,True,True,False,"(0, 142760, 142649)","(0, 142760, 142649)","(0, 142760, 142649)",False,True
6133,8561,5,age,0.30078125,True,True,True,False,"(0, 142696, 142648)","(0, 142696, 142648)","(0, 142696, 142648)",False,True
6134,8561,5,age,0.92578125,False,False,False,False,"(0, 142640, 142648)","(0, 142640, 142648)","(0, 142640, 142648)",False,True
6135,8566,5,age,0.13671875,True,True,True,False,"(0, 142744, 142651)","(0, 142744, 142651)","(0, 142744, 142651)",False,True
6136,8566,5,age,0.69921875,False,False,False,False,"(0, 142672, 142651)","(0, 142672, 142651)","(0, 142672, 142651)",False,True
6137,8566,5,age,0.82421875,True,True,True,False,"(0, 142672, 142652)","(0, 142672, 142652)","(0, 142672, 142652)",False,True
6138,8568,5,age,0.13671875,True,True,True,False,"(0, 142744, 142715)","(0, 142744, 142715)","(0, 142744, 142715)",False,True
6139,8568,5,age,0.69921875,False,False,False,False,"(0, 142672, 142715)","(0, 142672, 142715)","(0, 142672, 142715)",False,True
6140,8568,5,age,0.82421875,True,True,True,False,"(0, 142672, 142716)","(0, 142672, 142716)","(0, 142672, 142716)",False,True
6141,8570,5,age,0.13671875,True,True,True,False,"(0, 142744, 142779)","(0, 142744, 142779)","(0, 142744, 142779)",False,True
6142,8570,5,age,0.69921875,False,False,False,False,"(0, 142672, 142779)","(0, 142672, 142779)","(0, 142672, 142779)",False,True
6143,8570,5,age,0.82421875,True,True,True,False,"(0, 142672, 142780)","(0, 142672, 142780)","(0, 142672, 142780)",False,True
6144,8572,5,age,0.07421875,True,True,True,False,"(0, 144368, 144377)","(0, 144368, 144377)","(0, 144368, 144377)",False,True
6145,8572,5,age,0.69921875,False,False,False,False,"(0, 144360, 144377)","(0, 144360, 144377)","(0, 144360, 144377)",False,True
6146,8572,5,age,0.76171875,True,True,True,False,"(0, 144296, 144378)","(0, 144296, 144378)","(0, 144296, 144378)",False,True
6147,8574,5,age,0.13671875,True,True,True,False,"(0, 142744, 142843)","(0, 142744, 142843)","(0, 142744, 142843)",False,True
6148,8574,5,age,0.69921875,False,False,False,False,"(0, 142672, 142843)","(0, 142672, 142843)","(0, 142672, 142843)",False,True
6149,8574,5,age,0.82421875,True,True,True,False,"(0, 142672, 142844)","(0, 142672, 142844)","(0, 142672, 142844)",False,True
6150,8576,5,age,0.07421875,True,True,True,False,"(0, 144368, 144377)","(0, 144368, 144377)","(0, 144368, 144377)",False,True
6151,8576,5,age,0.69921875,False,False,False,False,"(0, 144360, 144377)","(0, 144360, 144377)","(0, 144360, 144377)",False,True
6152,8576,5,age,0.97265625,True,True,True,False,"(0, 144352, 144378)","(0, 144352, 144378)","(0, 144352, 144378)",False,True
6153,8578,5,age,0.13671875,True,True,True,False,"(0, 142744, 142843)","(0, 142744, 142843)","(0, 142744, 142843)",False,True
6154,8578,5,age,0.69921875,False,False,False,False,"(0, 142672, 142843)","(0, 142672, 142843)","(0, 142672, 142843)",False,True
6155,8578,5,age,0.82421875,True,True,True,False,"(0, 142672, 142844)","(0, 142672, 142844)","(0, 142672, 142844)",False,True
6156,8579,5,age,0.12109375,True,True,True,False,"(0, 121640, 121529)","(0, 121640, 121529)","(0, 121640, 121529)",False,True
6157,8579,5,age,0.30078125,True,True,True,False,"(0, 121576, 121528)","(0, 121576, 121528)","(0, 121576, 121528)",False,True
6158,8579,5,age,0.92578125,False,False,False,False,"(0, 121520, 121528)","(0, 121520, 121528)","(0, 121520, 121528)",False,True
6159,8584,5,age,0.13671875,True,True,True,False,"(0, 121624, 121531)","(0, 121624, 121531)","(0, 121624, 121531)",False,True
6160,8584,5,age,0.69921875,False,False,False,False,"(0, 121552, 121531)","(0, 121552, 121531)","(0, 121552, 121531)",False,True
6161,8584,5,age,0.82421875,True,True,True,False,"(0, 121552, 121532)","(0, 121552, 121532)","(0, 121552, 121532)",False,True
6162,8586,5,age,0.13671875,True,True,True,False,"(0, 121624, 121595)","(0, 121624, 121595)","(0, 121624, 121595)",False,True
6163,8586,5,age,0.69921875,False,False,False,False,"(0, 121552, 121595)","(0, 121552, 121595)","(0, 121552, 121595)",False,True
6164,8586,5,age,0.82421875,True,True,True,False,"(0, 121552, 121596)","(0, 121552, 121596)","(0, 121552, 121596)",False,True
6165,8588,5,age,0.13671875,True,True,True,False,"(0, 121624, 121659)","(0, 121624, 121659)","(0, 121624, 121659)",False,True
6166,8588,5,age,0.69921875,False,False,False,False,"(0, 121552, 121659)","(0, 121552, 121659)","(0, 121552, 121659)",False,True
6167,8588,5,age,0.82421875,True,True,True,False,"(0, 121552, 121660)","(0, 121552, 121660)","(0, 121552, 121660)",False,True
6168,8590,5,age,0.07421875,True,True,True,False,"(0, 123248, 123257)","(0, 123248, 123257)","(0, 123248, 123257)",False,True
6169,8590,5,age,0.69921875,False,False,False,False,"(0, 123240, 123257)","(0, 123240, 123257)","(0, 123240, 123257)",False,True
6170,8590,5,age,0.76171875,True,True,True,False,"(0, 123176, 123258)","(0, 123176, 123258)","(0, 123176, 123258)",False,True
6171,8592,5,age,0.13671875,True,True,True,False,"(0, 121624, 121723)","(0, 121624, 121723)","(0, 121624, 121723)",False,True
6172,8592,5,age,0.69921875,False,False,False,False,"(0, 121552, 121723)","(0, 121552, 121723)","(0, 121552, 121723)",False,True
6173,8592,5,age,0.82421875,True,True,True,False,"(0, 121552, 121724)","(0, 121552, 121724)","(0, 121552, 121724)",False,True
6174,8594,5,age,0.07421875,True,True,True,False,"(0, 123248, 123257)","(0, 123248, 123257)","(0, 123248, 123257)",False,True
6175,8594,5,age,0.69921875,False,False,False,False,"(0, 123240, 123257)","(0, 123240, 123257)","(0, 123240, 123257)",False,True
6176,8594,5,age,0.97265625,True,True,True,False,"(0, 123232, 123258)","(0, 123232, 123258)","(0, 123232, 123258)",False,True
6177,8596,5,age,0.13671875,True,True,True,False,"(0, 121624, 121723)","(0, 121624, 121723)","(0, 121624, 121723)",False,True
6178,8596,5,age,0.69921875,False,False,False,False,"(0, 121552, 121723)","(0, 121552, 121723)","(0, 121552, 121723)",False,True
6179,8596,5,age,0.82421875,True,True,True,False,"(0, 121552, 121724)","(0, 121552, 121724)","(0, 121552, 121724)",False,True
6180,8597,5,age,0.12109375,True,True,True,False,"(0, 122024, 121913)","(0, 122024, 121913)","(0, 122024, 121913)",False,True
6181,8597,5,age,0.30078125,True,True,True,False,"(0, 121960, 121912)","(0, 121960, 121912)","(0, 121960, 121912)",False,True
6182,8597,5,age,0.92578125,False,False,False,False,"(0, 121904, 121912)","(0, 121904, 121912)","(0, 121904, 121912)",False,True
6183,8602,5,age,0.13671875,True,True,True,False,"(0, 122008, 121915)","(0, 122008, 121915)","(0, 122008, 121915)",False,True
6184,8602,5,age,0.69921875,False,False,False,False,"(0, 121936, 121915)","(0, 121936, 121915)","(0, 121936, 121915)",False,True
6185,8602,5,age,0.82421875,True,True,True,False,"(0, 121936, 121916)","(0, 121936, 121916)","(0, 121936, 121916)",False,True
6186,8604,5,age,0.13671875,True,True,True,False,"(0, 122008, 121979)","(0, 122008, 121979)","(0, 122008, 121979)",False,True
6187,8604,5,age,0.69921875,False,False,False,False,"(0, 121936, 121979)","(0, 121936, 121979)","(0, 121936, 121979)",False,True
6188,8604,5,age,0.82421875,True,True,True,False,"(0, 121936, 121980)","(0, 121936, 121980)","(0, 121936, 121980)",False,True
6189,8606,5,age,0.13671875,True,True,True,False,"(0, 122008, 122043)","(0, 122008, 122043)","(0, 122008, 122043)",False,True
6190,8606,5,age,0.69921875,False,False,False,False,"(0, 121936, 122043)","(0, 121936, 122043)","(0, 121936, 122043)",False,True
6191,8606,5,age,0.82421875,True,True,True,False,"(0, 121936, 122044)","(0, 121936, 122044)","(0, 121936, 122044)",False,True
6192,8608,5,age,0.07421875,True,True,True,False,"(0, 123632, 123641)","(0, 123632, 123641)","(0, 123632, 123641)",False,True
6193,8608,5,age,0.69921875,False,False,False,False,"(0, 123624, 123641)","(0, 123624, 123641)","(0, 123624, 123641)",False,True
6194,8608,5,age,0.76171875,True,True,True,False,"(0, 123560, 123642)","(0, 123560, 123642)","(0, 123560, 123642)",False,True
6195,8610,5,age,0.13671875,True,True,True,False,"(0, 122008, 122107)","(0, 122008, 122107)","(0, 122008, 122107)",False,True
6196,8610,5,age,0.69921875,False,False,False,False,"(0, 121936, 122107)","(0, 121936, 122107)","(0, 121936, 122107)",False,True
6197,8610,5,age,0.82421875,True,True,True,False,"(0, 121936, 122108)","(0, 121936, 122108)","(0, 121936, 122108)",False,True
6198,8612,5,age,0.07421875,True,True,True,False,"(0, 123632, 123641)","(0, 123632, 123641)","(0, 123632, 123641)",False,True
6199,8612,5,age,0.69921875,False,False,False,False,"(0, 123624, 123641)","(0, 123624, 123641)","(0, 123624, 123641)",False,True
6200,8612,5,age,0.97265625,True,True,True,False,"(0, 123616, 123642)","(0, 123616, 123642)","(0, 123616, 123642)",False,True
6201,8614,5,age,0.13671875,True,True,True,False,"(0, 122008, 122107)","(0, 122008, 122107)","(0, 122008, 122107)",False,True
6202,8614,5,age,0.69921875,False,False,False,False,"(0, 121936, 122107)","(0, 121936, 122107)","(0, 121936, 122107)",False,True
6203,8614,5,age,0.82421875,True,True,True,False,"(0, 121936, 122108)","(0, 121936, 122108)","(0, 121936, 122108)",False,True
6204,8615,5,age,0.12109375,True,True,True,False,"(0, 122024, 121913)","(0, 122024, 121913)","(0, 122024, 121913)",False,True
6205,8615,5,age,0.30078125,True,True,True,False,"(0, 121960, 121912)","(0, 121960, 121912)","(0, 121960, 121912)",False,True
6206,8615,5,age,0.92578125,False,False,False,False,"(0, 121904, 121912)","(0, 121904, 121912)","(0, 121904, 121912)",False,True
6207,8620,5,age,0.13671875,True,True,True,False,"(0, 122008, 121915)","(0, 122008, 121915)","(0, 122008, 121915)",False,True
6208,8620,5,age,0.69921875,False,False,False,False,"(0, 121936, 121915)","(0, 121936, 121915)","(0, 121936, 121915)",False,True
6209,8620,5,age,0.82421875,True,True,True,False,"(0, 121936, 121916)","(0, 121936, 121916)","(0, 121936, 121916)",False,True
6210,8622,5,age,0.13671875,True,True,True,False,"(0, 122008, 121979)","(0, 122008, 121979)","(0, 122008, 121979)",False,True
6211,8622,5,age,0.69921875,False,False,False,False,"(0, 121936, 121979)","(0, 121936, 121979)","(0, 121936, 121979)",False,True
6212,8622,5,age,0.82421875,True,True,True,False,"(0, 121936, 121980)","(0, 121936, 121980)","(0, 121936, 121980)",False,True
6213,8624,5,age,0.13671875,True,True,True,False,"(0, 122008, 122043)","(0, 122008, 122043)","(0, 122008, 122043)",False,True
6214,8624,5,age,0.69921875,False,False,False,False,"(0, 121936, 122043)","(0, 121936, 122043)","(0, 121936, 122043)",False,True
6215,8624,5,age,0.82421875,True,True,True,False,"(0, 121936, 122044)","(0, 121936, 122044)","(0, 121936, 122044)",False,True
6216,8626,5,age,0.07421875,True,True,True,False,"(0, 123632, 123641)","(0, 123632, 123641)","(0, 123632, 123641)",False,True
6217,8626,5,age,0.69921875,False,False,False,False,"(0, 123624, 123641)","(0, 123624, 123641)","(0, 123624, 123641)",False,True
6218,8626,5,age,0.76171875,True,True,True,False,"(0, 123560, 123642)","(0, 123560, 123642)","(0, 123560, 123642)",False,True
6219,8628,5,age,0.13671875,True,True,True,False,"(0, 122008, 122107)","(0, 122008, 122107)","(0, 122008, 122107)",False,True
6220,8628,5,age,0.69921875,False,False,False,False,"(0, 121936, 122107)","(0, 121936, 122107)","(0, 121936, 122107)",False,True
6221,8628,5,age,0.82421875,True,True,True,False,"(0, 121936, 122108)","(0, 121936, 122108)","(0, 121936, 122108)",False,True
6222,8630,5,age,0.07421875,True,True,True,False,"(0, 123632, 123641)","(0, 123632, 123641)","(0, 123632, 123641)",False,True
6223,8630,5,age,0.69921875,False,False,False,False,"(0, 123624, 123641)","(0, 123624, 123641)","(0, 123624, 123641)",False,True
6224,8630,5,age,0.97265625,True,True,True,False,"(0, 123616, 123642)","(0, 123616, 123642)","(0, 123616, 123642)",False,True
6225,8632,5,age,0.13671875,True,True,True,False,"(0, 122008, 122107)","(0, 122008, 122107)","(0, 122008, 122107)",False,True
6226,8632,5,age,0.69921875,False,False,False,False,"(0, 121936, 122107)","(0, 121936, 122107)","(0, 121936, 122107)",False,True
6227,8632,5,age,0.82421875,True,True,True,False,"(0, 121936, 122108)","(0, 121936, 122108)","(0, 121936, 122108)",False,True
6228,8633,5,age,0.12109375,True,True,True,False,"(0, 143912, 143801)","(0, 143912, 143801)","(0, 143912, 143801)",False,True
6229,8633,5,age,0.30078125,True,True,True,False,"(0, 143848, 143800)","(0, 143848, 143800)","(0, 143848, 143800)",False,True
6230,8633,5,age,0.92578125,False,False,False,False,"(0, 143792, 143800)","(0, 143792, 143800)","(0, 143792, 143800)",False,True
6231,8638,5,age,0.13671875,True,True,True,False,"(0, 143896, 143803)","(0, 143896, 143803)","(0, 143896, 143803)",False,True
6232,8638,5,age,0.69921875,False,False,False,False,"(0, 143824, 143803)","(0, 143824, 143803)","(0, 143824, 143803)",False,True
6233,8638,5,age,0.82421875,True,True,True,False,"(0, 143824, 143804)","(0, 143824, 143804)","(0, 143824, 143804)",False,True
6234,8640,5,age,0.13671875,True,True,True,False,"(0, 143896, 143867)","(0, 143896, 143867)","(0, 143896, 143867)",False,True
6235,8640,5,age,0.69921875,False,False,False,False,"(0, 143824, 143867)","(0, 143824, 143867)","(0, 143824, 143867)",False,True
6236,8640,5,age,0.82421875,True,True,True,False,"(0, 143824, 143868)","(0, 143824, 143868)","(0, 143824, 143868)",False,True
6237,8642,5,age,0.13671875,True,True,True,False,"(0, 143896, 143931)","(0, 143896, 143931)","(0, 143896, 143931)",False,True
6238,8642,5,age,0.69921875,False,False,False,False,"(0, 143824, 143931)","(0, 143824, 143931)","(0, 143824, 143931)",False,True
6239,8642,5,age,0.82421875,True,True,True,False,"(0, 143824, 143932)","(0, 143824, 143932)","(0, 143824, 143932)",False,True
6240,8644,5,age,0.07421875,True,True,True,False,"(0, 145520, 145529)","(0, 145520, 145529)","(0, 145520, 145529)",False,True
6241,8644,5,age,0.69921875,False,False,False,False,"(0, 145512, 145529)","(0, 145512, 145529)","(0, 145512, 145529)",False,True
6242,8644,5,age,0.76171875,True,True,True,False,"(0, 145448, 145530)","(0, 145448, 145530)","(0, 145448, 145530)",False,True
6243,8646,5,age,0.13671875,True,True,True,False,"(0, 143896, 143995)","(0, 143896, 143995)","(0, 143896, 143995)",False,True
6244,8646,5,age,0.69921875,False,False,False,False,"(0, 143824, 143995)","(0, 143824, 143995)","(0, 143824, 143995)",False,True
6245,8646,5,age,0.82421875,True,True,True,False,"(0, 143824, 143996)","(0, 143824, 143996)","(0, 143824, 143996)",False,True
6246,8648,5,age,0.07421875,True,True,True,False,"(0, 145520, 145529)","(0, 145520, 145529)","(0, 145520, 145529)",False,True
6247,8648,5,age,0.69921875,False,False,False,False,"(0, 145512, 145529)","(0, 145512, 145529)","(0, 145512, 145529)",False,True
6248,8648,5,age,0.97265625,True,True,True,False,"(0, 145504, 145530)","(0, 145504, 145530)","(0, 145504, 145530)",False,True
6249,8650,5,age,0.13671875,True,True,True,False,"(0, 143896, 143995)","(0, 143896, 143995)","(0, 143896, 143995)",False,True
6250,8650,5,age,0.69921875,False,False,False,False,"(0, 143824, 143995)","(0, 143824, 143995)","(0, 143824, 143995)",False,True
6251,8650,5,age,0.82421875,True,True,True,False,"(0, 143824, 143996)","(0, 143824, 143996)","(0, 143824, 143996)",False,True
6252,8651,5,age,0.12109375,True,True,True,False,"(0, 144296, 144185)","(0, 144296, 144185)","(0, 144296, 144185)",False,True
6253,8651,5,age,0.30078125,True,True,True,False,"(0, 144232, 144184)","(0, 144232, 144184)","(0, 144232, 144184)",False,True
6254,8651,5,age,0.92578125,False,False,False,False,"(0, 144176, 144184)","(0, 144176, 144184)","(0, 144176, 144184)",False,True
6255,8656,5,age,0.13671875,True,True,True,False,"(0, 144280, 144187)","(0, 144280, 144187)","(0, 144280, 144187)",False,True
6256,8656,5,age,0.69921875,False,False,False,False,"(0, 144208, 144187)","(0, 144208, 144187)","(0, 144208, 144187)",False,True
6257,8656,5,age,0.82421875,True,True,True,False,"(0, 144208, 144188)","(0, 144208, 144188)","(0, 144208, 144188)",False,True
6258,8658,5,age,0.13671875,True,True,True,False,"(0, 144280, 144251)","(0, 144280, 144251)","(0, 144280, 144251)",False,True
6259,8658,5,age,0.69921875,False,False,False,False,"(0, 144208, 144251)","(0, 144208, 144251)","(0, 144208, 144251)",False,True
6260,8658,5,age,0.82421875,True,True,True,False,"(0, 144208, 144252)","(0, 144208, 144252)","(0, 144208, 144252)",False,True
6261,8660,5,age,0.13671875,True,True,True,False,"(0, 144280, 144315)","(0, 144280, 144315)","(0, 144280, 144315)",False,True
6262,8660,5,age,0.69921875,False,False,False,False,"(0, 144208, 144315)","(0, 144208, 144315)","(0, 144208, 144315)",False,True
6263,8660,5,age,0.82421875,True,True,True,False,"(0, 144208, 144316)","(0, 144208, 144316)","(0, 144208, 144316)",False,True
6264,8662,5,age,0.07421875,True,True,True,False,"(0, 145904, 145913)","(0, 145904, 145913)","(0, 145904, 145913)",False,True
6265,8662,5,age,0.69921875,False,False,False,False,"(0, 145896, 145913)","(0, 145896, 145913)","(0, 145896, 145913)",False,True
6266,8662,5,age,0.76171875,True,True,True,False,"(0, 145832, 145914)","(0, 145832, 145914)","(0, 145832, 145914)",False,True
6267,8664,5,age,0.13671875,True,True,True,False,"(0, 144280, 144379)","(0, 144280, 144379)","(0, 144280, 144379)",False,True
6268,8664,5,age,0.69921875,False,False,False,False,"(0, 144208, 144379)","(0, 144208, 144379)","(0, 144208, 144379)",False,True
6269,8664,5,age,0.82421875,True,True,True,False,"(0, 144208, 144380)","(0, 144208, 144380)","(0, 144208, 144380)",False,True
6270,8666,5,age,0.07421875,True,True,True,False,"(0, 145904, 145913)","(0, 145904, 145913)","(0, 145904, 145913)",False,True
6271,8666,5,age,0.69921875,False,False,False,False,"(0, 145896, 145913)","(0, 145896, 145913)","(0, 145896, 145913)",False,True
6272,8666,5,age,0.97265625,True,True,True,False,"(0, 145888, 145914)","(0, 145888, 145914)","(0, 145888, 145914)",False,True
6273,8668,5,age,0.13671875,True,True,True,False,"(0, 144280, 144379)","(0, 144280, 144379)","(0, 144280, 144379)",False,True
6274,8668,5,age,0.69921875,False,False,False,False,"(0, 144208, 144379)","(0, 144208, 144379)","(0, 144208, 144379)",False,True
6275,8668,5,age,0.82421875,True,True,True,False,"(0, 144208, 144380)","(0, 144208, 144380)","(0, 144208, 144380)",False,True
6276,8669,5,age,0.12109375,True,True,True,False,"(0, 123176, 123065)","(0, 123176, 123065)","(0, 123176, 123065)",False,True
6277,8669,5,age,0.30078125,True,True,True,False,"(0, 123112, 123064)","(0, 123112, 123064)","(0, 123112, 123064)",False,True
6278,8669,5,age,0.92578125,False,False,False,False,"(0, 123056, 123064)","(0, 123056, 123064)","(0, 123056, 123064)",False,True
6279,8674,5,age,0.13671875,True,True,True,False,"(0, 123160, 123067)","(0, 123160, 123067)","(0, 123160, 123067)",False,True
6280,8674,5,age,0.69921875,False,False,False,False,"(0, 123088, 123067)","(0, 123088, 123067)","(0, 123088, 123067)",False,True
6281,8674,5,age,0.82421875,True,True,True,False,"(0, 123088, 123068)","(0, 123088, 123068)","(0, 123088, 123068)",False,True
6282,8676,5,age,0.13671875,True,True,True,False,"(0, 123160, 123131)","(0, 123160, 123131)","(0, 123160, 123131)",False,True
6283,8676,5,age,0.69921875,False,False,False,False,"(0, 123088, 123131)","(0, 123088, 123131)","(0, 123088, 123131)",False,True
6284,8676,5,age,0.82421875,True,True,True,False,"(0, 123088, 123132)","(0, 123088, 123132)","(0, 123088, 123132)",False,True
6285,8678,5,age,0.13671875,True,True,True,False,"(0, 123160, 123195)","(0, 123160, 123195)","(0, 123160, 123195)",False,True
6286,8678,5,age,0.69921875,False,False,False,False,"(0, 123088, 123195)","(0, 123088, 123195)","(0, 123088, 123195)",False,True
6287,8678,5,age,0.82421875,True,True,True,False,"(0, 123088, 123196)","(0, 123088, 123196)","(0, 123088, 123196)",False,True
6288,8680,5,age,0.07421875,True,True,True,False,"(0, 124784, 124793)","(0, 124784, 124793)","(0, 124784, 124793)",False,True
6289,8680,5,age,0.69921875,False,False,False,False,"(0, 124776, 124793)","(0, 124776, 124793)","(0, 124776, 124793)",False,True
6290,8680,5,age,0.76171875,True,True,True,False,"(0, 124712, 124794)","(0, 124712, 124794)","(0, 124712, 124794)",False,True
6291,8682,5,age,0.13671875,True,True,True,False,"(0, 123160, 123259)","(0, 123160, 123259)","(0, 123160, 123259)",False,True
6292,8682,5,age,0.69921875,False,False,False,False,"(0, 123088, 123259)","(0, 123088, 123259)","(0, 123088, 123259)",False,True
6293,8682,5,age,0.82421875,True,True,True,False,"(0, 123088, 123260)","(0, 123088, 123260)","(0, 123088, 123260)",False,True
6294,8684,5,age,0.07421875,True,True,True,False,"(0, 124784, 124793)","(0, 124784, 124793)","(0, 124784, 124793)",False,True
6295,8684,5,age,0.69921875,False,False,False,False,"(0, 124776, 124793)","(0, 124776, 124793)","(0, 124776, 124793)",False,True
6296,8684,5,age,0.97265625,True,True,True,False,"(0, 124768, 124794)","(0, 124768, 124794)","(0, 124768, 124794)",False,True
6297,8686,5,age,0.13671875,True,True,True,False,"(0, 123160, 123259)","(0, 123160, 123259)","(0, 123160, 123259)",False,True
6298,8686,5,age,0.69921875,False,False,False,False,"(0, 123088, 123259)","(0, 123088, 123259)","(0, 123088, 123259)",False,True
6299,8686,5,age,0.82421875,True,True,True,False,"(0, 123088, 123260)","(0, 123088, 123260)","(0, 123088, 123260)",False,True
6300,8687,5,age,0.12109375,True,True,True,False,"(0, 123560, 123449)","(0, 123560, 123449)","(0, 123560, 123449)",False,True
6301,8687,5,age,0.30078125,True,True,True,False,"(0, 123496, 123448)","(0, 123496, 123448)","(0, 123496, 123448)",False,True
6302,8687,5,age,0.92578125,False,False,False,False,"(0, 123440, 123448)","(0, 123440, 123448)","(0, 123440, 123448)",False,True
6303,8692,5,age,0.13671875,True,True,True,False,"(0, 123544, 123451)","(0, 123544, 123451)","(0, 123544, 123451)",False,True
6304,8692,5,age,0.69921875,False,False,False,False,"(0, 123472, 123451)","(0, 123472, 123451)","(0, 123472, 123451)",False,True
6305,8692,5,age,0.82421875,True,True,True,False,"(0, 123472, 123452)","(0, 123472, 123452)","(0, 123472, 123452)",False,True
6306,8694,5,age,0.13671875,True,True,True,False,"(0, 123544, 123515)","(0, 123544, 123515)","(0, 123544, 123515)",False,True
6307,8694,5,age,0.69921875,False,False,False,False,"(0, 123472, 123515)","(0, 123472, 123515)","(0, 123472, 123515)",False,True
6308,8694,5,age,0.82421875,True,True,True,False,"(0, 123472, 123516)","(0, 123472, 123516)","(0, 123472, 123516)",False,True
6309,8696,5,age,0.13671875,True,True,True,False,"(0, 123544, 123579)","(0, 123544, 123579)","(0, 123544, 123579)",False,True
6310,8696,5,age,0.69921875,False,False,False,False,"(0, 123472, 123579)","(0, 123472, 123579)","(0, 123472, 123579)",False,True
6311,8696,5,age,0.82421875,True,True,True,False,"(0, 123472, 123580)","(0, 123472, 123580)","(0, 123472, 123580)",False,True
6312,8698,5,age,0.07421875,True,True,True,False,"(0, 125168, 125177)","(0, 125168, 125177)","(0, 125168, 125177)",False,True
6313,8698,5,age,0.69921875,False,False,False,False,"(0, 125160, 125177)","(0, 125160, 125177)","(0, 125160, 125177)",False,True
6314,8698,5,age,0.76171875,True,True,True,False,"(0, 125096, 125178)","(0, 125096, 125178)","(0, 125096, 125178)",False,True
6315,8700,5,age,0.13671875,True,True,True,False,"(0, 123544, 123643)","(0, 123544, 123643)","(0, 123544, 123643)",False,True
6316,8700,5,age,0.69921875,False,False,False,False,"(0, 123472, 123643)","(0, 123472, 123643)","(0, 123472, 123643)",False,True
6317,8700,5,age,0.82421875,True,True,True,False,"(0, 123472, 123644)","(0, 123472, 123644)","(0, 123472, 123644)",False,True
6318,8702,5,age,0.07421875,True,True,True,False,"(0, 125168, 125177)","(0, 125168, 125177)","(0, 125168, 125177)",False,True
6319,8702,5,age,0.69921875,False,False,False,False,"(0, 125160, 125177)","(0, 125160, 125177)","(0, 125160, 125177)",False,True
6320,8702,5,age,0.97265625,True,True,True,False,"(0, 125152, 125178)","(0, 125152, 125178)","(0, 125152, 125178)",False,True
6321,8704,5,age,0.13671875,True,True,True,False,"(0, 123544, 123643)","(0, 123544, 123643)","(0, 123544, 123643)",False,True
6322,8704,5,age,0.69921875,False,False,False,False,"(0, 123472, 123643)","(0, 123472, 123643)","(0, 123472, 123643)",False,True
6323,8704,5,age,0.82421875,True,True,True,False,"(0, 123472, 123644)","(0, 123472, 123644)","(0, 123472, 123644)",False,True
6324,8705,5,age,0.12109375,True,True,True,False,"(0, 123560, 123449)","(0, 123560, 123449)","(0, 123560, 123449)",False,True
6325,8705,5,age,0.30078125,True,True,True,False,"(0, 123496, 123448)","(0, 123496, 123448)","(0, 123496, 123448)",False,True
6326,8705,5,age,0.92578125,False,False,False,False,"(0, 123440, 123448)","(0, 123440, 123448)","(0, 123440, 123448)",False,True
6327,8710,5,age,0.13671875,True,True,True,False,"(0, 123544, 123451)","(0, 123544, 123451)","(0, 123544, 123451)",False,True
6328,8710,5,age,0.69921875,False,False,False,False,"(0, 123472, 123451)","(0, 123472, 123451)","(0, 123472, 123451)",False,True
6329,8710,5,age,0.82421875,True,True,True,False,"(0, 123472, 123452)","(0, 123472, 123452)","(0, 123472, 123452)",False,True
6330,8712,5,age,0.13671875,True,True,True,False,"(0, 123544, 123515)","(0, 123544, 123515)","(0, 123544, 123515)",False,True
6331,8712,5,age,0.69921875,False,False,False,False,"(0, 123472, 123515)","(0, 123472, 123515)","(0, 123472, 123515)",False,True
6332,8712,5,age,0.82421875,True,True,True,False,"(0, 123472, 123516)","(0, 123472, 123516)","(0, 123472, 123516)",False,True
6333,8714,5,age,0.13671875,True,True,True,False,"(0, 123544, 123579)","(0, 123544, 123579)","(0, 123544, 123579)",False,True
6334,8714,5,age,0.69921875,False,False,False,False,"(0, 123472, 123579)","(0, 123472, 123579)","(0, 123472, 123579)",False,True
6335,8714,5,age,0.82421875,True,True,True,False,"(0, 123472, 123580)","(0, 123472, 123580)","(0, 123472, 123580)",False,True
6336,8716,5,age,0.07421875,True,True,True,False,"(0, 125168, 125177)","(0, 125168, 125177)","(0, 125168, 125177)",False,True
6337,8716,5,age,0.69921875,False,False,False,False,"(0, 125160, 125177)","(0, 125160, 125177)","(0, 125160, 125177)",False,True
6338,8716,5,age,0.76171875,True,True,True,False,"(0, 125096, 125178)","(0, 125096, 125178)","(0, 125096, 125178)",False,True
6339,8718,5,age,0.13671875,True,True,True,False,"(0, 123544, 123643)","(0, 123544, 123643)","(0, 123544, 123643)",False,True
6340,8718,5,age,0.69921875,False,False,False,False,"(0, 123472, 123643)","(0, 123472, 123643)","(0, 123472, 123643)",False,True
6341,8718,5,age,0.82421875,True,True,True,False,"(0, 123472, 123644)","(0, 123472, 123644)","(0, 123472, 123644)",False,True
6342,8720,5,age,0.07421875,True,True,True,False,"(0, 125168, 125177)","(0, 125168, 125177)","(0, 125168, 125177)",False,True
6343,8720,5,age,0.69921875,False,False,False,False,"(0, 125160, 125177)","(0, 125160, 125177)","(0, 125160, 125177)",False,True
6344,8720,5,age,0.97265625,True,True,True,False,"(0, 125152, 125178)","(0, 125152, 125178)","(0, 125152, 125178)",False,True
6345,8722,5,age,0.13671875,True,True,True,False,"(0, 123544, 123643)","(0, 123544, 123643)","(0, 123544, 123643)",False,True
6346,8722,5,age,0.69921875,False,False,False,False,"(0, 123472, 123643)","(0, 123472, 123643)","(0, 123472, 123643)",False,True
6347,8722,5,age,0.82421875,True,True,True,False,"(0, 123472, 123644)","(0, 123472, 123644)","(0, 123472, 123644)",False,True
6348,8723,5,age,0.12109375,True,True,True,False,"(0, 145448, 145337)","(0, 145448, 145337)","(0, 145448, 145337)",False,True
6349,8723,5,age,0.30078125,True,True,True,False,"(0, 145384, 145336)","(0, 145384, 145336)","(0, 145384, 145336)",False,True
6350,8723,5,age,0.92578125,False,False,False,False,"(0, 145328, 145336)","(0, 145328, 145336)","(0, 145328, 145336)",False,True
6351,8728,5,age,0.13671875,True,True,True,False,"(0, 145432, 145339)","(0, 145432, 145339)","(0, 145432, 145339)",False,True
6352,8728,5,age,0.69921875,False,False,False,False,"(0, 145360, 145339)","(0, 145360, 145339)","(0, 145360, 145339)",False,True
6353,8728,5,age,0.82421875,True,True,True,False,"(0, 145360, 145340)","(0, 145360, 145340)","(0, 145360, 145340)",False,True
6354,8730,5,age,0.13671875,True,True,True,False,"(0, 145432, 145403)","(0, 145432, 145403)","(0, 145432, 145403)",False,True
6355,8730,5,age,0.69921875,False,False,False,False,"(0, 145360, 145403)","(0, 145360, 145403)","(0, 145360, 145403)",False,True
6356,8730,5,age,0.82421875,True,True,True,False,"(0, 145360, 145404)","(0, 145360, 145404)","(0, 145360, 145404)",False,True
6357,8732,5,age,0.13671875,True,True,True,False,"(0, 145432, 145467)","(0, 145432, 145467)","(0, 145432, 145467)",False,True
6358,8732,5,age,0.69921875,False,False,False,False,"(0, 145360, 145467)","(0, 145360, 145467)","(0, 145360, 145467)",False,True
6359,8732,5,age,0.82421875,True,True,True,False,"(0, 145360, 145468)","(0, 145360, 145468)","(0, 145360, 145468)",False,True
6360,8734,5,age,0.07421875,True,True,True,False,"(0, 147056, 147065)","(0, 147056, 147065)","(0, 147056, 147065)",False,True
6361,8734,5,age,0.69921875,False,False,False,False,"(0, 147048, 147065)","(0, 147048, 147065)","(0, 147048, 147065)",False,True
6362,8734,5,age,0.76171875,True,True,True,False,"(0, 146984, 147066)","(0, 146984, 147066)","(0, 146984, 147066)",False,True
6363,8736,5,age,0.13671875,True,True,True,False,"(0, 145432, 145531)","(0, 145432, 145531)","(0, 145432, 145531)",False,True
6364,8736,5,age,0.69921875,False,False,False,False,"(0, 145360, 145531)","(0, 145360, 145531)","(0, 145360, 145531)",False,True
6365,8736,5,age,0.82421875,True,True,True,False,"(0, 145360, 145532)","(0, 145360, 145532)","(0, 145360, 145532)",False,True
6366,8738,5,age,0.07421875,True,True,True,False,"(0, 147056, 147065)","(0, 147056, 147065)","(0, 147056, 147065)",False,True
6367,8738,5,age,0.69921875,False,False,False,False,"(0, 147048, 147065)","(0, 147048, 147065)","(0, 147048, 147065)",False,True
6368,8738,5,age,0.97265625,True,True,True,False,"(0, 147040, 147066)","(0, 147040, 147066)","(0, 147040, 147066)",False,True
6369,8740,5,age,0.13671875,True,True,True,False,"(0, 145432, 145531)","(0, 145432, 145531)","(0, 145432, 145531)",False,True
6370,8740,5,age,0.69921875,False,False,False,False,"(0, 145360, 145531)","(0, 145360, 145531)","(0, 145360, 145531)",False,True
6371,8740,5,age,0.82421875,True,True,True,False,"(0, 145360, 145532)","(0, 145360, 145532)","(0, 145360, 145532)",False,True
6372,8741,5,age,0.12109375,True,True,True,False,"(0, 145832, 145721)","(0, 145832, 145721)","(0, 145832, 145721)",False,True
6373,8741,5,age,0.30078125,True,True,True,False,"(0, 145768, 145720)","(0, 145768, 145720)","(0, 145768, 145720)",False,True
6374,8741,5,age,0.92578125,False,False,False,False,"(0, 145712, 145720)","(0, 145712, 145720)","(0, 145712, 145720)",False,True
6375,8746,5,age,0.13671875,True,True,True,False,"(0, 145816, 145723)","(0, 145816, 145723)","(0, 145816, 145723)",False,True
6376,8746,5,age,0.69921875,False,False,False,False,"(0, 145744, 145723)","(0, 145744, 145723)","(0, 145744, 145723)",False,True
6377,8746,5,age,0.82421875,True,True,True,False,"(0, 145744, 145724)","(0, 145744, 145724)","(0, 145744, 145724)",False,True
6378,8748,5,age,0.13671875,True,True,True,False,"(0, 145816, 145787)","(0, 145816, 145787)","(0, 145816, 145787)",False,True
6379,8748,5,age,0.69921875,False,False,False,False,"(0, 145744, 145787)","(0, 145744, 145787)","(0, 145744, 145787)",False,True
6380,8748,5,age,0.82421875,True,True,True,False,"(0, 145744, 145788)","(0, 145744, 145788)","(0, 145744, 145788)",False,True
6381,8750,5,age,0.13671875,True,True,True,False,"(0, 145816, 145851)","(0, 145816, 145851)","(0, 145816, 145851)",False,True
6382,8750,5,age,0.69921875,False,False,False,False,"(0, 145744, 145851)","(0, 145744, 145851)","(0, 145744, 145851)",False,True
6383,8750,5,age,0.82421875,True,True,True,False,"(0, 145744, 145852)","(0, 145744, 145852)","(0, 145744, 145852)",False,True
6384,8752,5,age,0.07421875,True,True,True,False,"(0, 147440, 147449)","(0, 147440, 147449)","(0, 147440, 147449)",False,True
6385,8752,5,age,0.69921875,False,False,False,False,"(0, 147432, 147449)","(0, 147432, 147449)","(0, 147432, 147449)",False,True
6386,8752,5,age,0.76171875,True,True,True,False,"(0, 147368, 147450)","(0, 147368, 147450)","(0, 147368, 147450)",False,True
6387,8754,5,age,0.13671875,True,True,True,False,"(0, 145816, 145915)","(0, 145816, 145915)","(0, 145816, 145915)",False,True
6388,8754,5,age,0.69921875,False,False,False,False,"(0, 145744, 145915)","(0, 145744, 145915)","(0, 145744, 145915)",False,True
6389,8754,5,age,0.82421875,True,True,True,False,"(0, 145744, 145916)","(0, 145744, 145916)","(0, 145744, 145916)",False,True
6390,8756,5,age,0.07421875,True,True,True,False,"(0, 147440, 147449)","(0, 147440, 147449)","(0, 147440, 147449)",False,True
6391,8756,5,age,0.69921875,False,False,False,False,"(0, 147432, 147449)","(0, 147432, 147449)","(0, 147432, 147449)",False,True
6392,8756,5,age,0.97265625,True,True,True,False,"(0, 147424, 147450)","(0, 147424, 147450)","(0, 147424, 147450)",False,True
6393,8758,5,age,0.13671875,True,True,True,False,"(0, 145816, 145915)","(0, 145816, 145915)","(0, 145816, 145915)",False,True
6394,8758,5,age,0.69921875,False,False,False,False,"(0, 145744, 145915)","(0, 145744, 145915)","(0, 145744, 145915)",False,True
6395,8758,5,age,0.82421875,True,True,True,False,"(0, 145744, 145916)","(0, 145744, 145916)","(0, 145744, 145916)",False,True
6396,8759,5,age,0.12109375,True,True,True,False,"(0, 124712, 124601)","(0, 124712, 124601)","(0, 124712, 124601)",False,True
6397,8759,5,age,0.30078125,True,True,True,False,"(0, 124648, 124600)","(0, 124648, 124600)","(0, 124648, 124600)",False,True
6398,8759,5,age,0.92578125,False,False,False,False,"(0, 124592, 124600)","(0, 124592, 124600)","(0, 124592, 124600)",False,True
6399,8764,5,age,0.13671875,True,True,True,False,"(0, 124696, 124603)","(0, 124696, 124603)","(0, 124696, 124603)",False,True
6400,8764,5,age,0.69921875,False,False,False,False,"(0, 124624, 124603)","(0, 124624, 124603)","(0, 124624, 124603)",False,True
6401,8764,5,age,0.82421875,True,True,True,False,"(0, 124624, 124604)","(0, 124624, 124604)","(0, 124624, 124604)",False,True
6402,8766,5,age,0.13671875,True,True,True,False,"(0, 124696, 124667)","(0, 124696, 124667)","(0, 124696, 124667)",False,True
6403,8766,5,age,0.69921875,False,False,False,False,"(0, 124624, 124667)","(0, 124624, 124667)","(0, 124624, 124667)",False,True
6404,8766,5,age,0.82421875,True,True,True,False,"(0, 124624, 124668)","(0, 124624, 124668)","(0, 124624, 124668)",False,True
6405,8768,5,age,0.13671875,True,True,True,False,"(0, 124696, 124731)","(0, 124696, 124731)","(0, 124696, 124731)",False,True
6406,8768,5,age,0.69921875,False,False,False,False,"(0, 124624, 124731)","(0, 124624, 124731)","(0, 124624, 124731)",False,True
6407,8768,5,age,0.82421875,True,True,True,False,"(0, 124624, 124732)","(0, 124624, 124732)","(0, 124624, 124732)",False,True
6408,8770,5,age,0.07421875,True,True,True,False,"(0, 126320, 126329)","(0, 126320, 126329)","(0, 126320, 126329)",False,True
6409,8770,5,age,0.69921875,False,False,False,False,"(0, 126312, 126329)","(0, 126312, 126329)","(0, 126312, 126329)",False,True
6410,8770,5,age,0.76171875,True,True,True,False,"(0, 126248, 126330)","(0, 126248, 126330)","(0, 126248, 126330)",False,True
6411,8772,5,age,0.13671875,True,True,True,False,"(0, 124696, 124795)","(0, 124696, 124795)","(0, 124696, 124795)",False,True
6412,8772,5,age,0.69921875,False,False,False,False,"(0, 124624, 124795)","(0, 124624, 124795)","(0, 124624, 124795)",False,True
6413,8772,5,age,0.82421875,True,True,True,False,"(0, 124624, 124796)","(0, 124624, 124796)","(0, 124624, 124796)",False,True
6414,8774,5,age,0.07421875,True,True,True,False,"(0, 126320, 126329)","(0, 126320, 126329)","(0, 126320, 126329)",False,True
6415,8774,5,age,0.69921875,False,False,False,False,"(0, 126312, 126329)","(0, 126312, 126329)","(0, 126312, 126329)",False,True
6416,8774,5,age,0.97265625,True,True,True,False,"(0, 126304, 126330)","(0, 126304, 126330)","(0, 126304, 126330)",False,True
6417,8776,5,age,0.13671875,True,True,True,False,"(0, 124696, 124795)","(0, 124696, 124795)","(0, 124696, 124795)",False,True
6418,8776,5,age,0.69921875,False,False,False,False,"(0, 124624, 124795)","(0, 124624, 124795)","(0, 124624, 124795)",False,True
6419,8776,5,age,0.82421875,True,True,True,False,"(0, 124624, 124796)","(0, 124624, 124796)","(0, 124624, 124796)",False,True
6420,8777,5,age,0.12109375,True,True,True,False,"(0, 125096, 124985)","(0, 125096, 124985)","(0, 125096, 124985)",False,True
6421,8777,5,age,0.30078125,True,True,True,False,"(0, 125032, 124984)","(0, 125032, 124984)","(0, 125032, 124984)",False,True
6422,8777,5,age,0.92578125,False,False,False,False,"(0, 124976, 124984)","(0, 124976, 124984)","(0, 124976, 124984)",False,True
6423,8782,5,age,0.13671875,True,True,True,False,"(0, 125080, 124987)","(0, 125080, 124987)","(0, 125080, 124987)",False,True
6424,8782,5,age,0.69921875,False,False,False,False,"(0, 125008, 124987)","(0, 125008, 124987)","(0, 125008, 124987)",False,True
6425,8782,5,age,0.82421875,True,True,True,False,"(0, 125008, 124988)","(0, 125008, 124988)","(0, 125008, 124988)",False,True
6426,8784,5,age,0.13671875,True,True,True,False,"(0, 125080, 125051)","(0, 125080, 125051)","(0, 125080, 125051)",False,True
6427,8784,5,age,0.69921875,False,False,False,False,"(0, 125008, 125051)","(0, 125008, 125051)","(0, 125008, 125051)",False,True
6428,8784,5,age,0.82421875,True,True,True,False,"(0, 125008, 125052)","(0, 125008, 125052)","(0, 125008, 125052)",False,True
6429,8786,5,age,0.13671875,True,True,True,False,"(0, 125080, 125115)","(0, 125080, 125115)","(0, 125080, 125115)",False,True
6430,8786,5,age,0.69921875,False,False,False,False,"(0, 125008, 125115)","(0, 125008, 125115)","(0, 125008, 125115)",False,True
6431,8786,5,age,0.82421875,True,True,True,False,"(0, 125008, 125116)","(0, 125008, 125116)","(0, 125008, 125116)",False,True
6432,8788,5,age,0.07421875,True,True,True,False,"(0, 126704, 126713)","(0, 126704, 126713)","(0, 126704, 126713)",False,True
6433,8788,5,age,0.69921875,False,False,False,False,"(0, 126696, 126713)","(0, 126696, 126713)","(0, 126696, 126713)",False,True
6434,8788,5,age,0.76171875,True,True,True,False,"(0, 126632, 126714)","(0, 126632, 126714)","(0, 126632, 126714)",False,True
6435,8790,5,age,0.13671875,True,True,True,False,"(0, 125080, 125179)","(0, 125080, 125179)","(0, 125080, 125179)",False,True
6436,8790,5,age,0.69921875,False,False,False,False,"(0, 125008, 125179)","(0, 125008, 125179)","(0, 125008, 125179)",False,True
6437,8790,5,age,0.82421875,True,True,True,False,"(0, 125008, 125180)","(0, 125008, 125180)","(0, 125008, 125180)",False,True
6438,8792,5,age,0.07421875,True,True,True,False,"(0, 126704, 126713)","(0, 126704, 126713)","(0, 126704, 126713)",False,True
6439,8792,5,age,0.69921875,False,False,False,False,"(0, 126696, 126713)","(0, 126696, 126713)","(0, 126696, 126713)",False,True
6440,8792,5,age,0.97265625,True,True,True,False,"(0, 126688, 126714)","(0, 126688, 126714)","(0, 126688, 126714)",False,True
6441,8794,5,age,0.13671875,True,True,True,False,"(0, 125080, 125179)","(0, 125080, 125179)","(0, 125080, 125179)",False,True
6442,8794,5,age,0.69921875,False,False,False,False,"(0, 125008, 125179)","(0, 125008, 125179)","(0, 125008, 125179)",False,True
6443,8794,5,age,0.82421875,True,True,True,False,"(0, 125008, 125180)","(0, 125008, 125180)","(0, 125008, 125180)",False,True
6444,8795,5,age,0.12109375,True,True,True,False,"(0, 125096, 124985)","(0, 125096, 124985)","(0, 125096, 124985)",False,True
6445,8795,5,age,0.30078125,True,True,True,False,"(0, 125032, 124984)","(0, 125032, 124984)","(0, 125032, 124984)",False,True
6446,8795,5,age,0.92578125,False,False,False,False,"(0, 124976, 124984)","(0, 124976, 124984)","(0, 124976, 124984)",False,True
6447,8800,5,age,0.13671875,True,True,True,False,"(0, 125080, 124987)","(0, 125080, 124987)","(0, 125080, 124987)",False,True
6448,8800,5,age,0.69921875,False,False,False,False,"(0, 125008, 124987)","(0, 125008, 124987)","(0, 125008, 124987)",False,True
6449,8800,5,age,0.82421875,True,True,True,False,"(0, 125008, 124988)","(0, 125008, 124988)","(0, 125008, 124988)",False,True
6450,8802,5,age,0.13671875,True,True,True,False,"(0, 125080, 125051)","(0, 125080, 125051)","(0, 125080, 125051)",False,True
6451,8802,5,age,0.69921875,False,False,False,False,"(0, 125008, 125051)","(0, 125008, 125051)","(0, 125008, 125051)",False,True
6452,8802,5,age,0.82421875,True,True,True,False,"(0, 125008, 125052)","(0, 125008, 125052)","(0, 125008, 125052)",False,True
6453,8804,5,age,0.13671875,True,True,True,False,"(0, 125080, 125115)","(0, 125080, 125115)","(0, 125080, 125115)",False,True
6454,8804,5,age,0.69921875,False,False,False,False,"(0, 125008, 125115)","(0, 125008, 125115)","(0, 125008, 125115)",False,True
6455,8804,5,age,0.82421875,True,True,True,False,"(0, 125008, 125116)","(0, 125008, 125116)","(0, 125008, 125116)",False,True
6456,8806,5,age,0.07421875,True,True,True,False,"(0, 126704, 126713)","(0, 126704, 126713)","(0, 126704, 126713)",False,True
6457,8806,5,age,0.69921875,False,False,False,False,"(0, 126696, 126713)","(0, 126696, 126713)","(0, 126696, 126713)",False,True
6458,8806,5,age,0.76171875,True,True,True,False,"(0, 126632, 126714)","(0, 126632, 126714)","(0, 126632, 126714)",False,True
6459,8808,5,age,0.13671875,True,True,True,False,"(0, 125080, 125179)","(0, 125080, 125179)","(0, 125080, 125179)",False,True
6460,8808,5,age,0.69921875,False,False,False,False,"(0, 125008, 125179)","(0, 125008, 125179)","(0, 125008, 125179)",False,True
6461,8808,5,age,0.82421875,True,True,True,False,"(0, 125008, 125180)","(0, 125008, 125180)","(0, 125008, 125180)",False,True
6462,8810,5,age,0.07421875,True,True,True,False,"(0, 126704, 126713)","(0, 126704, 126713)","(0, 126704, 126713)",False,True
6463,8810,5,age,0.69921875,False,False,False,False,"(0, 126696, 126713)","(0, 126696, 126713)","(0, 126696, 126713)",False,True
6464,8810,5,age,0.97265625,True,True,True,False,"(0, 126688, 126714)","(0, 126688, 126714)","(0, 126688, 126714)",False,True
6465,8812,5,age,0.13671875,True,True,True,False,"(0, 125080, 125179)","(0, 125080, 125179)","(0, 125080, 125179)",False,True
6466,8812,5,age,0.69921875,False,False,False,False,"(0, 125008, 125179)","(0, 125008, 125179)","(0, 125008, 125179)",False,True
6467,8812,5,age,0.82421875,True,True,True,False,"(0, 125008, 125180)","(0, 125008, 125180)","(0, 125008, 125180)",False,True
6468,8813,5,age,0.12109375,True,True,True,False,"(0, 146984, 146873)","(0, 146984, 146873)","(0, 146984, 146873)",False,True
6469,8813,5,age,0.30078125,True,True,True,False,"(0, 146920, 146872)","(0, 146920, 146872)","(0, 146920, 146872)",False,True
6470,8813,5,age,0.92578125,False,False,False,False,"(0, 146864, 146872)","(0, 146864, 146872)","(0, 146864, 146872)",False,True
6471,8818,5,age,0.13671875,True,True,True,False,"(0, 146968, 146875)","(0, 146968, 146875)","(0, 146968, 146875)",False,True
6472,8818,5,age,0.69921875,False,False,False,False,"(0, 146896, 146875)","(0, 146896, 146875)","(0, 146896, 146875)",False,True
6473,8818,5,age,0.82421875,True,True,True,False,"(0, 146896, 146876)","(0, 146896, 146876)","(0, 146896, 146876)",False,True
6474,8820,5,age,0.13671875,True,True,True,False,"(0, 146968, 146939)","(0, 146968, 146939)","(0, 146968, 146939)",False,True
6475,8820,5,age,0.69921875,False,False,False,False,"(0, 146896, 146939)","(0, 146896, 146939)","(0, 146896, 146939)",False,True
6476,8820,5,age,0.82421875,True,True,True,False,"(0, 146896, 146940)","(0, 146896, 146940)","(0, 146896, 146940)",False,True
6477,8822,5,age,0.13671875,True,True,True,False,"(0, 146968, 147003)","(0, 146968, 147003)","(0, 146968, 147003)",False,True
6478,8822,5,age,0.69921875,False,False,False,False,"(0, 146896, 147003)","(0, 146896, 147003)","(0, 146896, 147003)",False,True
6479,8822,5,age,0.82421875,True,True,True,False,"(0, 146896, 147004)","(0, 146896, 147004)","(0, 146896, 147004)",False,True
6480,8824,5,age,0.07421875,True,True,True,False,"(0, 148592, 148601)","(0, 148592, 148601)","(0, 148592, 148601)",False,True
6481,8824,5,age,0.69921875,False,False,False,False,"(0, 148584, 148601)","(0, 148584, 148601)","(0, 148584, 148601)",False,True
6482,8824,5,age,0.76171875,True,True,True,False,"(0, 148520, 148602)","(0, 148520, 148602)","(0, 148520, 148602)",False,True
6483,8826,5,age,0.13671875,True,True,True,False,"(0, 146968, 147067)","(0, 146968, 147067)","(0, 146968, 147067)",False,True
6484,8826,5,age,0.69921875,False,False,False,False,"(0, 146896, 147067)","(0, 146896, 147067)","(0, 146896, 147067)",False,True
6485,8826,5,age,0.82421875,True,True,True,False,"(0, 146896, 147068)","(0, 146896, 147068)","(0, 146896, 147068)",False,True
6486,8828,5,age,0.07421875,True,True,True,False,"(0, 148592, 148601)","(0, 148592, 148601)","(0, 148592, 148601)",False,True
6487,8828,5,age,0.69921875,False,False,False,False,"(0, 148584, 148601)","(0, 148584, 148601)","(0, 148584, 148601)",False,True
6488,8828,5,age,0.97265625,True,True,True,False,"(0, 148576, 148602)","(0, 148576, 148602)","(0, 148576, 148602)",False,True
6489,8830,5,age,0.13671875,True,True,True,False,"(0, 146968, 147067)","(0, 146968, 147067)","(0, 146968, 147067)",False,True
6490,8830,5,age,0.69921875,False,False,False,False,"(0, 146896, 147067)","(0, 146896, 147067)","(0, 146896, 147067)",False,True
6491,8830,5,age,0.82421875,True,True,True,False,"(0, 146896, 147068)","(0, 146896, 147068)","(0, 146896, 147068)",False,True
6492,8831,5,age,0.12109375,True,True,True,False,"(0, 147368, 147257)","(0, 147368, 147257)","(0, 147368, 147257)",False,True
6493,8831,5,age,0.30078125,True,True,True,False,"(0, 147304, 147256)","(0, 147304, 147256)","(0, 147304, 147256)",False,True
6494,8831,5,age,0.92578125,False,False,False,False,"(0, 147248, 147256)","(0, 147248, 147256)","(0, 147248, 147256)",False,True
6495,8836,5,age,0.13671875,True,True,True,False,"(0, 147352, 147259)","(0, 147352, 147259)","(0, 147352, 147259)",False,True
6496,8836,5,age,0.69921875,False,False,False,False,"(0, 147280, 147259)","(0, 147280, 147259)","(0, 147280, 147259)",False,True
6497,8836,5,age,0.82421875,True,True,True,False,"(0, 147280, 147260)","(0, 147280, 147260)","(0, 147280, 147260)",False,True
6498,8838,5,age,0.13671875,True,True,True,False,"(0, 147352, 147323)","(0, 147352, 147323)","(0, 147352, 147323)",False,True
6499,8838,5,age,0.69921875,False,False,False,False,"(0, 147280, 147323)","(0, 147280, 147323)","(0, 147280, 147323)",False,True
6500,8838,5,age,0.82421875,True,True,True,False,"(0, 147280, 147324)","(0, 147280, 147324)","(0, 147280, 147324)",False,True
6501,8840,5,age,0.13671875,True,True,True,False,"(0, 147352, 147387)","(0, 147352, 147387)","(0, 147352, 147387)",False,True
6502,8840,5,age,0.69921875,False,False,False,False,"(0, 147280, 147387)","(0, 147280, 147387)","(0, 147280, 147387)",False,True
6503,8840,5,age,0.82421875,True,True,True,False,"(0, 147280, 147388)","(0, 147280, 147388)","(0, 147280, 147388)",False,True
6504,8842,5,age,0.07421875,True,True,True,False,"(0, 148976, 148985)","(0, 148976, 148985)","(0, 148976, 148985)",False,True
6505,8842,5,age,0.69921875,False,False,False,False,"(0, 148968, 148985)","(0, 148968, 148985)","(0, 148968, 148985)",False,True
6506,8842,5,age,0.76171875,True,True,True,False,"(0, 148904, 148986)","(0, 148904, 148986)","(0, 148904, 148986)",False,True
6507,8844,5,age,0.13671875,True,True,True,False,"(0, 147352, 147451)","(0, 147352, 147451)","(0, 147352, 147451)",False,True
6508,8844,5,age,0.69921875,False,False,False,False,"(0, 147280, 147451)","(0, 147280, 147451)","(0, 147280, 147451)",False,True
6509,8844,5,age,0.82421875,True,True,True,False,"(0, 147280, 147452)","(0, 147280, 147452)","(0, 147280, 147452)",False,True
6510,8846,5,age,0.07421875,True,True,True,False,"(0, 148976, 148985)","(0, 148976, 148985)","(0, 148976, 148985)",False,True
6511,8846,5,age,0.69921875,False,False,False,False,"(0, 148968, 148985)","(0, 148968, 148985)","(0, 148968, 148985)",False,True
6512,8846,5,age,0.97265625,True,True,True,False,"(0, 148960, 148986)","(0, 148960, 148986)","(0, 148960, 148986)",False,True
6513,8848,5,age,0.13671875,True,True,True,False,"(0, 147352, 147451)","(0, 147352, 147451)","(0, 147352, 147451)",False,True
6514,8848,5,age,0.69921875,False,False,False,False,"(0, 147280, 147451)","(0, 147280, 147451)","(0, 147280, 147451)",False,True
6515,8848,5,age,0.82421875,True,True,True,False,"(0, 147280, 147452)","(0, 147280, 147452)","(0, 147280, 147452)",False,True
