edge_id,axis,axis_name,witness_node,nonwitness_node,subdivisions,diagnostic_fast_transition_count,diagnostic_fast_reentry,diagnostic_fast_transition_t,diagnostic_nominal_transition_count,diagnostic_nominal_reentry,diagnostic_nominal_transition_t,diagnostic_stressed_transition_count,diagnostic_stressed_reentry,diagnostic_stressed_transition_t,profiles_transition_counts_equal,any_profile_reentry,fast_transition_lookup_signature_changed,fast_transition_lookup_signature_same
0,0,v_f,25446,4971,32,1,False,0.828125,1,False,0.828125,1,False,0.828125,True,False,0,1
1,0,v_f,25509,5034,32,1,False,0.828125,1,False,0.828125,1,False,0.828125,True,False,0,1
2,0,v_f,25761,5286,32,1,False,0.859375,1,False,0.859375,1,False,0.859375,True,False,0,1
3,0,v_f,25824,5349,32,1,False,0.828125,1,False,0.828125,1,False,0.828125,True,False,0,1
4,0,v_f,26076,5601,32,1,False,0.859375,1,False,0.859375,1,False,0.859375,True,False,0,1
5,0,v_f,26139,5664,32,1,False,0.859375,1,False,0.859375,1,False,0.859375,True,False,0,1
6,0,v_f,26391,5916,32,1,False,0.890625,1,False,0.890625,1,False,0.890625,True,False,0,1
7,0,v_f,26454,5979,32,1,False,0.859375,1,False,0.859375,1,False,0.859375,True,False,0,1
8,0,v_f,26706,6231,32,1,False,0.890625,1,False,0.890625,1,False,0.890625,True,False,0,1
9,0,v_f,26769,6294,32,1,False,0.890625,1,False,0.890625,1,False,0.890625,True,False,0,1
10,0,v_f,27966,7491,32,1,False,0.015625,1,False,0.015625,1,False,0.015625,True,False,1,0
11,0,v_f,28029,7554,32,1,False,0.015625,1,False,0.015625,1,False,0.015625,True,False,1,0
12,0,v_f,28281,7806,32,1,False,0.046875,1,False,0.046875,1,False,0.046875,True,False,1,0
13,0,v_f,28344,7869,32,1,False,0.046875,1,False,0.046875,1,False,0.046875,True,False,1,0
14,0,v_f,29345,8870,32,1,False,0.015625,1,False,0.015625,1,False,0.015625,True,False,1,0
15,0,v_f,29352,8877,32,1,False,0.015625,1,False,0.015625,1,False,0.015625,True,False,1,0
16,0,v_f,29354,8879,32,1,False,0.015625,1,False,0.015625,1,False,0.015625,True,False,1,0
17,0,v_f,29417,8942,32,1,False,0.015625,1,False,0.015625,1,False,0.015625,True,False,1,0
18,0,v_f,29480,9005,32,1,False,0.015625,1,False,0.015625,1,False,0.015625,True,False,1,0
19,0,v_f,29541,9066,32,1,False,0.015625,1,False,0.015625,1,False,0.015625,True,False,1,0
20,0,v_f,29543,9068,32,1,False,0.015625,1,False,0.015625,1,False,0.015625,True,False,1,0
21,0,v_f,29604,9129,32,1,False,0.015625,1,False,0.015625,1,False,0.015625,True,False,1,0
22,0,v_f,29606,9131,32,1,False,0.015625,1,False,0.015625,1,False,0.015625,True,False,1,0
23,0,v_f,29660,9185,32,1,False,0.046875,1,False,0.046875,1,False,0.046875,True,False,1,0
24,0,v_f,29667,9192,32,1,False,0.046875,1,False,0.046875,1,False,0.046875,True,False,1,0
25,0,v_f,29669,9194,32,1,False,0.046875,1,False,0.046875,1,False,0.046875,True,False,1,0
26,0,v_f,29732,9257,32,1,False,0.046875,1,False,0.046875,1,False,0.046875,True,False,1,0
27,0,v_f,29795,9320,32,1,False,0.046875,1,False,0.046875,1,False,0.046875,True,False,1,0
28,0,v_f,29856,9381,32,1,False,0.046875,1,False,0.046875,1,False,0.046875,True,False,1,0
29,0,v_f,29858,9383,32,1,False,0.046875,1,False,0.046875,1,False,0.046875,True,False,1,0
30,0,v_f,29919,9444,32,1,False,0.046875,1,False,0.046875,1,False,0.046875,True,False,1,0
31,0,v_f,29921,9446,32,1,False,0.046875,1,False,0.046875,1,False,0.046875,True,False,1,0
32,0,v_f,30920,10445,32,1,False,0.015625,1,False,0.015625,1,False,0.015625,True,False,1,0
33,0,v_f,30927,10452,32,1,False,0.015625,1,False,0.015625,1,False,0.015625,True,False,1,0
34,0,v_f,30929,10454,32,1,False,0.015625,1,False,0.015625,1,False,0.015625,True,False,1,0
35,0,v_f,30992,10517,32,1,False,0.015625,1,False,0.015625,1,False,0.015625,True,False,1,0
36,0,v_f,31055,10580,32,1,False,0.015625,1,False,0.015625,1,False,0.015625,True,False,1,0
37,0,v_f,31118,10643,32,1,False,0.015625,1,False,0.015625,1,False,0.015625,True,False,1,0
38,0,v_f,31181,10706,32,1,False,0.015625,1,False,0.015625,1,False,0.015625,True,False,1,0
39,0,v_f,31235,10760,32,1,False,0.046875,1,False,0.046875,1,False,0.046875,True,False,1,0
40,0,v_f,31242,10767,32,1,False,0.046875,1,False,0.046875,1,False,0.046875,True,False,1,0
41,0,v_f,31244,10769,32,1,False,0.046875,1,False,0.046875,1,False,0.046875,True,False,1,0
42,0,v_f,31307,10832,32,1,False,0.046875,1,False,0.046875,1,False,0.046875,True,False,1,0
43,0,v_f,31370,10895,32,1,False,0.046875,1,False,0.046875,1,False,0.046875,True,False,1,0
44,0,v_f,31433,10958,32,1,False,0.046875,1,False,0.046875,1,False,0.046875,True,False,1,0
45,0,v_f,31496,11021,32,1,False,0.046875,1,False,0.046875,1,False,0.046875,True,False,1,0
46,0,v_f,47496,27021,32,1,False,0.890625,1,False,0.890625,1,False,0.890625,True,False,1,0
47,0,v_f,47559,27084,32,1,False,0.890625,1,False,0.890625,1,False,0.890625,True,False,1,0
48,0,v_f,47811,27336,32,1,False,0.953125,1,False,0.953125,1,False,0.953125,True,False,1,0
49,0,v_f,47874,27399,32,1,False,0.953125,1,False,0.953125,1,False,0.953125,True,False,1,0
50,0,v_f,48126,27651,32,1,False,0.984375,1,False,0.984375,1,False,0.984375,True,False,1,0
51,0,v_f,48189,27714,32,1,False,0.984375,1,False,0.984375,1,False,0.984375,True,False,1,0
52,0,v_f,48875,28400,32,1,False,0.890625,1,False,0.890625,1,False,0.890625,True,False,1,0
53,0,v_f,48882,28407,32,1,False,0.890625,1,False,0.890625,1,False,0.890625,True,False,1,0
54,0,v_f,48884,28409,32,1,False,0.890625,1,False,0.890625,1,False,0.890625,True,False,1,0
55,0,v_f,48947,28472,32,1,False,0.890625,1,False,0.890625,1,False,0.890625,True,False,1,0
56,0,v_f,49010,28535,32,1,False,0.890625,1,False,0.890625,1,False,0.890625,True,False,1,0
57,0,v_f,49071,28596,32,1,False,0.890625,1,False,0.890625,1,False,0.890625,True,False,1,0
58,0,v_f,49073,28598,32,1,False,0.890625,1,False,0.890625,1,False,0.890625,True,False,1,0
59,0,v_f,49134,28659,32,1,False,0.890625,1,False,0.890625,1,False,0.890625,True,False,1,0
60,0,v_f,49136,28661,32,1,False,0.890625,1,False,0.890625,1,False,0.890625,True,False,1,0
61,0,v_f,49190,28715,32,1,False,0.953125,1,False,0.953125,1,False,0.953125,True,False,1,0
62,0,v_f,49197,28722,32,1,False,0.953125,1,False,0.953125,1,False,0.953125,True,False,1,0
63,0,v_f,49199,28724,32,1,False,0.953125,1,False,0.953125,1,False,0.953125,True,False,1,0
64,0,v_f,49262,28787,32,1,False,0.953125,1,False,0.953125,1,False,0.953125,True,False,1,0
65,0,v_f,49325,28850,32,1,False,0.953125,1,False,0.953125,1,False,0.953125,True,False,1,0
66,0,v_f,49386,28911,32,1,False,0.953125,1,False,0.953125,1,False,0.953125,True,False,1,0
67,0,v_f,49388,28913,32,1,False,0.953125,1,False,0.953125,1,False,0.953125,True,False,1,0
68,0,v_f,49449,28974,32,1,False,0.953125,1,False,0.953125,1,False,0.953125,True,False,1,0
69,0,v_f,49451,28976,32,1,False,0.953125,1,False,0.953125,1,False,0.953125,True,False,1,0
70,0,v_f,49505,29030,32,1,False,0.984375,1,False,0.984375,1,False,0.984375,True,False,1,0
71,0,v_f,49512,29037,32,1,False,0.984375,1,False,0.984375,1,False,0.984375,True,False,1,0
72,0,v_f,49514,29039,32,1,False,0.984375,1,False,0.984375,1,False,0.984375,True,False,1,0
73,0,v_f,49577,29102,32,1,False,0.984375,1,False,0.984375,1,False,0.984375,True,False,1,0
74,0,v_f,49640,29165,32,1,False,0.984375,1,False,0.984375,1,False,0.984375,True,False,1,0
75,0,v_f,49701,29226,32,1,False,0.984375,1,False,0.984375,1,False,0.984375,True,False,1,0
76,0,v_f,49703,29228,32,1,False,0.984375,1,False,0.984375,1,False,0.984375,True,False,1,0
77,0,v_f,49764,29289,32,1,False,0.984375,1,False,0.984375,1,False,0.984375,True,False,1,0
78,0,v_f,49766,29291,32,1,False,0.984375,1,False,0.984375,1,False,0.984375,True,False,1,0
79,0,v_f,50450,29975,32,1,False,0.890625,1,False,0.890625,1,False,0.890625,True,False,1,0
80,0,v_f,50457,29982,32,1,False,0.890625,1,False,0.890625,1,False,0.890625,True,False,1,0
81,0,v_f,50459,29984,32,1,False,0.890625,1,False,0.890625,1,False,0.890625,True,False,1,0
82,0,v_f,50522,30047,32,1,False,0.890625,1,False,0.890625,1,False,0.890625,True,False,1,0
83,0,v_f,50585,30110,32,1,False,0.890625,1,False,0.890625,1,False,0.890625,True,False,1,0
84,0,v_f,50648,30173,32,1,False,0.890625,1,False,0.890625,1,False,0.890625,True,False,1,0
85,0,v_f,50711,30236,32,1,False,0.890625,1,False,0.890625,1,False,0.890625,True,False,1,0
86,0,v_f,50765,30290,32,1,False,0.953125,1,False,0.953125,1,False,0.953125,True,False,1,0
87,0,v_f,50772,30297,32,1,False,0.953125,1,False,0.953125,1,False,0.953125,True,False,1,0
88,0,v_f,50774,30299,32,1,False,0.953125,1,False,0.953125,1,False,0.953125,True,False,1,0
89,0,v_f,50837,30362,32,1,False,0.953125,1,False,0.953125,1,False,0.953125,True,False,1,0
90,0,v_f,50900,30425,32,1,False,0.953125,1,False,0.953125,1,False,0.953125,True,False,1,0
91,0,v_f,50963,30488,32,1,False,0.953125,1,False,0.953125,1,False,0.953125,True,False,1,0
92,0,v_f,51026,30551,32,1,False,0.953125,1,False,0.953125,1,False,0.953125,True,False,1,0
93,0,v_f,51080,30605,32,1,False,0.984375,1,False,0.984375,1,False,0.984375,True,False,1,0
94,0,v_f,51087,30612,32,1,False,0.984375,1,False,0.984375,1,False,0.984375,True,False,1,0
95,0,v_f,51089,30614,32,1,False,0.984375,1,False,0.984375,1,False,0.984375,True,False,1,0
96,0,v_f,51152,30677,32,1,False,0.984375,1,False,0.984375,1,False,0.984375,True,False,1,0
97,0,v_f,51215,30740,32,1,False,0.984375,1,False,0.984375,1,False,0.984375,True,False,1,0
98,0,v_f,51278,30803,32,1,False,0.984375,1,False,0.984375,1,False,0.984375,True,False,1,0
99,0,v_f,51341,30866,32,1,False,0.984375,1,False,0.984375,1,False,0.984375,True,False,1,0
100,0,v_f,51591,31116,32,1,False,0.015625,1,False,0.015625,1,False,0.015625,True,False,1,0
101,0,v_f,51654,31179,32,1,False,0.015625,1,False,0.015625,1,False,0.015625,True,False,1,0
102,0,v_f,51906,31431,32,1,False,0.046875,1,False,0.046875,1,False,0.046875,True,False,1,0
103,0,v_f,51969,31494,32,1,False,0.046875,1,False,0.046875,1,False,0.046875,True,False,1,0
104,0,v_f,52970,32495,32,1,False,0.015625,1,False,0.015625,1,False,0.015625,True,False,1,0
105,0,v_f,52977,32502,32,1,False,0.015625,1,False,0.015625,1,False,0.015625,True,False,1,0
106,0,v_f,52979,32504,32,1,False,0.015625,1,False,0.015625,1,False,0.015625,True,False,1,0
107,0,v_f,53042,32567,32,1,False,0.015625,1,False,0.015625,1,False,0.015625,True,False,1,0
108,0,v_f,53105,32630,32,1,False,0.015625,1,False,0.015625,1,False,0.015625,True,False,1,0
109,0,v_f,53166,32691,32,1,False,0.015625,1,False,0.015625,1,False,0.015625,True,False,1,0
110,0,v_f,53168,32693,32,1,False,0.015625,1,False,0.015625,1,False,0.015625,True,False,1,0
111,0,v_f,53229,32754,32,1,False,0.015625,1,False,0.015625,1,False,0.015625,True,False,1,0
112,0,v_f,53231,32756,32,1,False,0.015625,1,False,0.015625,1,False,0.015625,True,False,1,0
113,0,v_f,53285,32810,32,1,False,0.046875,1,False,0.046875,1,False,0.046875,True,False,1,0
114,0,v_f,53292,32817,32,1,False,0.046875,1,False,0.046875,1,False,0.046875,True,False,1,0
115,0,v_f,53294,32819,32,1,False,0.046875,1,False,0.046875,1,False,0.046875,True,False,1,0
116,0,v_f,53357,32882,32,1,False,0.046875,1,False,0.046875,1,False,0.046875,True,False,1,0
117,0,v_f,53420,32945,32,1,False,0.046875,1,False,0.046875,1,False,0.046875,True,False,1,0
118,0,v_f,53481,33006,32,1,False,0.046875,1,False,0.046875,1,False,0.046875,True,False,1,0
119,0,v_f,53483,33008,32,1,False,0.046875,1,False,0.046875,1,False,0.046875,True,False,1,0
120,0,v_f,53544,33069,32,1,False,0.046875,1,False,0.046875,1,False,0.046875,True,False,1,0
121,0,v_f,53546,33071,32,1,False,0.046875,1,False,0.046875,1,False,0.046875,True,False,1,0
122,0,v_f,54545,34070,32,1,False,0.015625,1,False,0.015625,1,False,0.015625,True,False,1,0
123,0,v_f,54552,34077,32,1,False,0.015625,1,False,0.015625,1,False,0.015625,True,False,1,0
124,0,v_f,54554,34079,32,1,False,0.015625,1,False,0.015625,1,False,0.015625,True,False,1,0
125,0,v_f,54617,34142,32,1,False,0.015625,1,False,0.015625,1,False,0.015625,True,False,1,0
126,0,v_f,54680,34205,32,1,False,0.015625,1,False,0.015625,1,False,0.015625,True,False,1,0
127,0,v_f,54743,34268,32,1,False,0.015625,1,False,0.015625,1,False,0.015625,True,False,1,0
128,0,v_f,54806,34331,32,1,False,0.015625,1,False,0.015625,1,False,0.015625,True,False,1,0
129,0,v_f,54860,34385,32,1,False,0.046875,1,False,0.046875,1,False,0.046875,True,False,1,0
130,0,v_f,54867,34392,32,1,False,0.046875,1,False,0.046875,1,False,0.046875,True,False,1,0
131,0,v_f,54869,34394,32,1,False,0.046875,1,False,0.046875,1,False,0.046875,True,False,1,0
132,0,v_f,54932,34457,32,1,False,0.046875,1,False,0.046875,1,False,0.046875,True,False,1,0
133,0,v_f,54995,34520,32,1,False,0.046875,1,False,0.046875,1,False,0.046875,True,False,1,0
134,0,v_f,55058,34583,32,1,False,0.046875,1,False,0.046875,1,False,0.046875,True,False,1,0
135,0,v_f,55121,34646,32,1,False,0.046875,1,False,0.046875,1,False,0.046875,True,False,1,0
136,0,v_f,56120,35645,32,1,False,0.015625,1,False,0.015625,1,False,0.015625,True,False,1,0
137,0,v_f,56127,35652,32,1,False,0.015625,1,False,0.015625,1,False,0.015625,True,False,1,0
138,0,v_f,56129,35654,32,1,False,0.015625,1,False,0.015625,1,False,0.015625,True,False,1,0
139,0,v_f,56192,35717,32,1,False,0.015625,1,False,0.015625,1,False,0.015625,True,False,1,0
140,0,v_f,56255,35780,32,1,False,0.015625,1,False,0.015625,1,False,0.015625,True,False,1,0
141,0,v_f,56318,35843,32,1,False,0.015625,1,False,0.015625,1,False,0.015625,True,False,1,0
142,0,v_f,56381,35906,32,1,False,0.015625,1,False,0.015625,1,False,0.015625,True,False,1,0
143,0,v_f,56435,35960,32,1,False,0.046875,1,False,0.046875,1,False,0.046875,True,False,1,0
144,0,v_f,56442,35967,32,1,False,0.046875,1,False,0.046875,1,False,0.046875,True,False,1,0
145,0,v_f,56444,35969,32,1,False,0.046875,1,False,0.046875,1,False,0.046875,True,False,1,0
146,0,v_f,56507,36032,32,1,False,0.046875,1,False,0.046875,1,False,0.046875,True,False,1,0
147,0,v_f,56570,36095,32,1,False,0.046875,1,False,0.046875,1,False,0.046875,True,False,1,0
148,0,v_f,56633,36158,32,1,False,0.046875,1,False,0.046875,1,False,0.046875,True,False,1,0
149,0,v_f,56696,36221,32,1,False,0.046875,1,False,0.046875,1,False,0.046875,True,False,1,0
150,0,v_f,71121,50646,32,1,False,0.890625,1,False,0.890625,1,False,0.890625,True,False,1,0
151,0,v_f,71184,50709,32,1,False,0.890625,1,False,0.890625,1,False,0.890625,True,False,1,0
152,0,v_f,71436,50961,32,1,False,0.953125,1,False,0.953125,1,False,0.953125,True,False,1,0
153,0,v_f,71499,51024,32,1,False,0.953125,1,False,0.953125,1,False,0.953125,True,False,1,0
154,0,v_f,71751,51276,32,1,False,0.984375,1,False,0.984375,1,False,0.984375,True,False,1,0
155,0,v_f,71814,51339,32,1,False,0.984375,1,False,0.984375,1,False,0.984375,True,False,1,0
156,0,v_f,72500,52025,32,1,False,0.890625,1,False,0.890625,1,False,0.890625,True,False,1,0
157,0,v_f,72507,52032,32,1,False,0.890625,1,False,0.890625,1,False,0.890625,True,False,1,0
158,0,v_f,72509,52034,32,1,False,0.890625,1,False,0.890625,1,False,0.890625,True,False,1,0
159,0,v_f,72572,52097,32,1,False,0.890625,1,False,0.890625,1,False,0.890625,True,False,1,0
160,0,v_f,72635,52160,32,1,False,0.890625,1,False,0.890625,1,False,0.890625,True,False,1,0
161,0,v_f,72696,52221,32,1,False,0.890625,1,False,0.890625,1,False,0.890625,True,False,1,0
162,0,v_f,72698,52223,32,1,False,0.890625,1,False,0.890625,1,False,0.890625,True,False,1,0
163,0,v_f,72759,52284,32,1,False,0.890625,1,False,0.890625,1,False,0.890625,True,False,1,0
164,0,v_f,72761,52286,32,1,False,0.890625,1,False,0.890625,1,False,0.890625,True,False,1,0
165,0,v_f,72815,52340,32,1,False,0.953125,1,False,0.953125,1,False,0.953125,True,False,1,0
166,0,v_f,72822,52347,32,1,False,0.953125,1,False,0.953125,1,False,0.953125,True,False,1,0
167,0,v_f,72824,52349,32,1,False,0.953125,1,False,0.953125,1,False,0.953125,True,False,1,0
168,0,v_f,72887,52412,32,1,False,0.953125,1,False,0.953125,1,False,0.953125,True,False,1,0
169,0,v_f,72950,52475,32,1,False,0.953125,1,False,0.953125,1,False,0.953125,True,False,1,0
170,0,v_f,73011,52536,32,1,False,0.953125,1,False,0.953125,1,False,0.953125,True,False,1,0
171,0,v_f,73013,52538,32,1,False,0.953125,1,False,0.953125,1,False,0.953125,True,False,1,0
172,0,v_f,73074,52599,32,1,False,0.953125,1,False,0.953125,1,False,0.953125,True,False,1,0
173,0,v_f,73076,52601,32,1,False,0.953125,1,False,0.953125,1,False,0.953125,True,False,1,0
174,0,v_f,73130,52655,32,1,False,0.984375,1,False,0.984375,1,False,0.984375,True,False,1,0
175,0,v_f,73137,52662,32,1,False,0.984375,1,False,0.984375,1,False,0.984375,True,False,1,0
176,0,v_f,73139,52664,32,1,False,0.984375,1,False,0.984375,1,False,0.984375,True,False,1,0
177,0,v_f,73202,52727,32,1,False,0.984375,1,False,0.984375,1,False,0.984375,True,False,1,0
178,0,v_f,73265,52790,32,1,False,0.984375,1,False,0.984375,1,False,0.984375,True,False,1,0
179,0,v_f,73326,52851,32,1,False,0.984375,1,False,0.984375,1,False,0.984375,True,False,1,0
180,0,v_f,73328,52853,32,1,False,0.984375,1,False,0.984375,1,False,0.984375,True,False,1,0
181,0,v_f,73389,52914,32,1,False,0.984375,1,False,0.984375,1,False,0.984375,True,False,1,0
182,0,v_f,73391,52916,32,1,False,0.984375,1,False,0.984375,1,False,0.984375,True,False,1,0
183,0,v_f,74075,53600,32,1,False,0.890625,1,False,0.890625,1,False,0.890625,True,False,1,0
184,0,v_f,74082,53607,32,1,False,0.890625,1,False,0.890625,1,False,0.890625,True,False,1,0
185,0,v_f,74084,53609,32,1,False,0.890625,1,False,0.890625,1,False,0.890625,True,False,1,0
186,0,v_f,74147,53672,32,1,False,0.890625,1,False,0.890625,1,False,0.890625,True,False,1,0
187,0,v_f,74210,53735,32,1,False,0.890625,1,False,0.890625,1,False,0.890625,True,False,1,0
188,0,v_f,74273,53798,32,1,False,0.890625,1,False,0.890625,1,False,0.890625,True,False,1,0
189,0,v_f,74336,53861,32,1,False,0.890625,1,False,0.890625,1,False,0.890625,True,False,1,0
190,0,v_f,74390,53915,32,1,False,0.953125,1,False,0.953125,1,False,0.953125,True,False,1,0
191,0,v_f,74397,53922,32,1,False,0.953125,1,False,0.953125,1,False,0.953125,True,False,1,0
192,0,v_f,74399,53924,32,1,False,0.953125,1,False,0.953125,1,False,0.953125,True,False,1,0
193,0,v_f,74462,53987,32,1,False,0.953125,1,False,0.953125,1,False,0.953125,True,False,1,0
194,0,v_f,74525,54050,32,1,False,0.953125,1,False,0.953125,1,False,0.953125,True,False,1,0
195,0,v_f,74588,54113,32,1,False,0.953125,1,False,0.953125,1,False,0.953125,True,False,1,0
196,0,v_f,74651,54176,32,1,False,0.953125,1,False,0.953125,1,False,0.953125,True,False,1,0
197,0,v_f,74705,54230,32,1,False,0.984375,1,False,0.984375,1,False,0.984375,True,False,1,0
198,0,v_f,74712,54237,32,1,False,0.984375,1,False,0.984375,1,False,0.984375,True,False,1,0
199,0,v_f,74714,54239,32,1,False,0.984375,1,False,0.984375,1,False,0.984375,True,False,1,0
200,0,v_f,74777,54302,32,1,False,0.984375,1,False,0.984375,1,False,0.984375,True,False,1,0
201,0,v_f,74840,54365,32,1,False,0.984375,1,False,0.984375,1,False,0.984375,True,False,1,0
202,0,v_f,74903,54428,32,1,False,0.984375,1,False,0.984375,1,False,0.984375,True,False,1,0
203,0,v_f,74966,54491,32,1,False,0.984375,1,False,0.984375,1,False,0.984375,True,False,1,0
204,0,v_f,75216,54741,32,1,False,0.015625,1,False,0.015625,1,False,0.015625,True,False,1,0
205,0,v_f,75279,54804,32,1,False,0.015625,1,False,0.015625,1,False,0.015625,True,False,1,0
206,0,v_f,75531,55056,32,1,False,0.046875,1,False,0.046875,1,False,0.046875,True,False,1,0
207,0,v_f,75594,55119,32,1,False,0.046875,1,False,0.046875,1,False,0.046875,True,False,1,0
208,0,v_f,75650,55175,32,1,False,0.890625,1,False,0.890625,1,False,0.890625,True,False,1,0
209,0,v_f,75657,55182,32,1,False,0.890625,1,False,0.890625,1,False,0.890625,True,False,1,0
210,0,v_f,75659,55184,32,1,False,0.890625,1,False,0.890625,1,False,0.890625,True,False,1,0
211,0,v_f,75722,55247,32,1,False,0.890625,1,False,0.890625,1,False,0.890625,True,False,1,0
212,0,v_f,75785,55310,32,1,False,0.890625,1,False,0.890625,1,False,0.890625,True,False,1,0
213,0,v_f,75848,55373,32,1,False,0.890625,1,False,0.890625,1,False,0.890625,True,False,1,0
214,0,v_f,75911,55436,32,1,False,0.890625,1,False,0.890625,1,False,0.890625,True,False,1,0
215,0,v_f,75965,55490,32,1,False,0.953125,1,False,0.953125,1,False,0.953125,True,False,1,0
216,0,v_f,75972,55497,32,1,False,0.953125,1,False,0.953125,1,False,0.953125,True,False,1,0
217,0,v_f,75974,55499,32,1,False,0.953125,1,False,0.953125,1,False,0.953125,True,False,1,0
218,0,v_f,76037,55562,32,1,False,0.953125,1,False,0.953125,1,False,0.953125,True,False,1,0
219,0,v_f,76100,55625,32,1,False,0.953125,1,False,0.953125,1,False,0.953125,True,False,1,0
220,0,v_f,76163,55688,32,1,False,0.953125,1,False,0.953125,1,False,0.953125,True,False,1,0
221,0,v_f,76226,55751,32,1,False,0.953125,1,False,0.953125,1,False,0.953125,True,False,1,0
222,0,v_f,76280,55805,32,1,False,0.984375,1,False,0.984375,1,False,0.984375,True,False,1,0
223,0,v_f,76287,55812,32,1,False,0.984375,1,False,0.984375,1,False,0.984375,True,False,1,0
224,0,v_f,76289,55814,32,1,False,0.984375,1,False,0.984375,1,False,0.984375,True,False,1,0
225,0,v_f,76352,55877,32,1,False,0.984375,1,False,0.984375,1,False,0.984375,True,False,1,0
226,0,v_f,76415,55940,32,1,False,0.984375,1,False,0.984375,1,False,0.984375,True,False,1,0
227,0,v_f,76478,56003,32,1,False,0.984375,1,False,0.984375,1,False,0.984375,True,False,1,0
228,0,v_f,76541,56066,32,1,False,0.984375,1,False,0.984375,1,False,0.984375,True,False,1,0
229,0,v_f,76791,56316,32,1,False,0.015625,1,False,0.015625,1,False,0.015625,True,False,1,0
230,0,v_f,76854,56379,32,1,False,0.015625,1,False,0.015625,1,False,0.015625,True,False,1,0
231,0,v_f,77106,56631,32,1,False,0.046875,1,False,0.046875,1,False,0.046875,True,False,1,0
232,0,v_f,77169,56694,32,1,False,0.046875,1,False,0.046875,1,False,0.046875,True,False,1,0
233,0,v_f,78170,57695,32,1,False,0.015625,1,False,0.015625,1,False,0.015625,True,False,1,0
234,0,v_f,78177,57702,32,1,False,0.015625,1,False,0.015625,1,False,0.015625,True,False,1,0
235,0,v_f,78179,57704,32,1,False,0.015625,1,False,0.015625,1,False,0.015625,True,False,1,0
236,0,v_f,78242,57767,32,1,False,0.015625,1,False,0.015625,1,False,0.015625,True,False,1,0
237,0,v_f,78305,57830,32,1,False,0.015625,1,False,0.015625,1,False,0.015625,True,False,1,0
238,0,v_f,78366,57891,32,1,False,0.015625,1,False,0.015625,1,False,0.015625,True,False,1,0
239,0,v_f,78368,57893,32,1,False,0.015625,1,False,0.015625,1,False,0.015625,True,False,1,0
240,0,v_f,78429,57954,32,1,False,0.015625,1,False,0.015625,1,False,0.015625,True,False,1,0
241,0,v_f,78431,57956,32,1,False,0.015625,1,False,0.015625,1,False,0.015625,True,False,1,0
242,0,v_f,78485,58010,32,1,False,0.046875,1,False,0.046875,1,False,0.046875,True,False,1,0
243,0,v_f,78492,58017,32,1,False,0.046875,1,False,0.046875,1,False,0.046875,True,False,1,0
244,0,v_f,78494,58019,32,1,False,0.046875,1,False,0.046875,1,False,0.046875,True,False,1,0
245,0,v_f,78557,58082,32,1,False,0.046875,1,False,0.046875,1,False,0.046875,True,False,1,0
246,0,v_f,78620,58145,32,1,False,0.046875,1,False,0.046875,1,False,0.046875,True,False,1,0
247,0,v_f,78681,58206,32,1,False,0.046875,1,False,0.046875,1,False,0.046875,True,False,1,0
248,0,v_f,78683,58208,32,1,False,0.046875,1,False,0.046875,1,False,0.046875,True,False,1,0
249,0,v_f,78744,58269,32,1,False,0.046875,1,False,0.046875,1,False,0.046875,True,False,1,0
250,0,v_f,78746,58271,32,1,False,0.046875,1,False,0.046875,1,False,0.046875,True,False,1,0
251,0,v_f,79745,59270,32,1,False,0.015625,1,False,0.015625,1,False,0.015625,True,False,1,0
252,0,v_f,79752,59277,32,1,False,0.015625,1,False,0.015625,1,False,0.015625,True,False,1,0
253,0,v_f,79754,59279,32,1,False,0.015625,1,False,0.015625,1,False,0.015625,True,False,1,0
254,0,v_f,79817,59342,32,1,False,0.015625,1,False,0.015625,1,False,0.015625,True,False,1,0
255,0,v_f,79880,59405,32,1,False,0.015625,1,False,0.015625,1,False,0.015625,True,False,1,0
256,0,v_f,79943,59468,32,1,False,0.015625,1,False,0.015625,1,False,0.015625,True,False,1,0
257,0,v_f,80006,59531,32,1,False,0.015625,1,False,0.015625,1,False,0.015625,True,False,1,0
258,0,v_f,80060,59585,32,1,False,0.046875,1,False,0.046875,1,False,0.046875,True,False,1,0
259,0,v_f,80067,59592,32,1,False,0.046875,1,False,0.046875,1,False,0.046875,True,False,1,0
260,0,v_f,80069,59594,32,1,False,0.046875,1,False,0.046875,1,False,0.046875,True,False,1,0
261,0,v_f,80132,59657,32,1,False,0.046875,1,False,0.046875,1,False,0.046875,True,False,1,0
262,0,v_f,80195,59720,32,1,False,0.046875,1,False,0.046875,1,False,0.046875,True,False,1,0
263,0,v_f,80258,59783,32,1,False,0.046875,1,False,0.046875,1,False,0.046875,True,False,1,0
264,0,v_f,80321,59846,32,1,False,0.046875,1,False,0.046875,1,False,0.046875,True,False,1,0
265,0,v_f,94746,74271,32,1,False,0.890625,1,False,0.890625,1,False,0.890625,True,False,1,0
266,0,v_f,94809,74334,32,1,False,0.890625,1,False,0.890625,1,False,0.890625,True,False,1,0
267,0,v_f,95061,74586,32,1,False,0.953125,1,False,0.953125,1,False,0.953125,True,False,1,0
268,0,v_f,95124,74649,32,1,False,0.953125,1,False,0.953125,1,False,0.953125,True,False,1,0
269,0,v_f,95376,74901,32,1,False,0.984375,1,False,0.984375,1,False,0.984375,True,False,1,0
270,0,v_f,95439,74964,32,1,False,0.984375,1,False,0.984375,1,False,0.984375,True,False,1,0
271,0,v_f,96321,75846,32,1,False,0.890625,1,False,0.890625,1,False,0.890625,True,False,1,0
272,0,v_f,96384,75909,32,1,False,0.890625,1,False,0.890625,1,False,0.890625,True,False,1,0
273,0,v_f,96636,76161,32,1,False,0.953125,1,False,0.953125,1,False,0.953125,True,False,1,0
274,0,v_f,96699,76224,32,1,False,0.953125,1,False,0.953125,1,False,0.953125,True,False,1,0
275,0,v_f,96951,76476,32,1,False,0.984375,1,False,0.984375,1,False,0.984375,True,False,1,0
276,0,v_f,97014,76539,32,1,False,0.984375,1,False,0.984375,1,False,0.984375,True,False,1,0
277,0,v_f,97700,77225,32,1,False,0.890625,1,False,0.890625,1,False,0.890625,True,False,1,0
278,0,v_f,97707,77232,32,1,False,0.890625,1,False,0.890625,1,False,0.890625,True,False,1,0
279,0,v_f,97709,77234,32,1,False,0.890625,1,False,0.890625,1,False,0.890625,True,False,1,0
280,0,v_f,97772,77297,32,1,False,0.890625,1,False,0.890625,1,False,0.890625,True,False,1,0
281,0,v_f,97835,77360,32,1,False,0.890625,1,False,0.890625,1,False,0.890625,True,False,1,0
282,0,v_f,97896,77421,32,1,False,0.890625,1,False,0.890625,1,False,0.890625,True,False,1,0
283,0,v_f,97898,77423,32,1,False,0.890625,1,False,0.890625,1,False,0.890625,True,False,1,0
284,0,v_f,97959,77484,32,1,False,0.890625,1,False,0.890625,1,False,0.890625,True,False,1,0
285,0,v_f,97961,77486,32,1,False,0.890625,1,False,0.890625,1,False,0.890625,True,False,1,0
286,0,v_f,98015,77540,32,1,False,0.953125,1,False,0.953125,1,False,0.953125,True,False,1,0
287,0,v_f,98022,77547,32,1,False,0.953125,1,False,0.953125,1,False,0.953125,True,False,1,0
288,0,v_f,98024,77549,32,1,False,0.953125,1,False,0.953125,1,False,0.953125,True,False,1,0
289,0,v_f,98087,77612,32,1,False,0.953125,1,False,0.953125,1,False,0.953125,True,False,1,0
290,0,v_f,98150,77675,32,1,False,0.953125,1,False,0.953125,1,False,0.953125,True,False,1,0
291,0,v_f,98211,77736,32,1,False,0.953125,1,False,0.953125,1,False,0.953125,True,False,1,0
292,0,v_f,98213,77738,32,1,False,0.953125,1,False,0.953125,1,False,0.953125,True,False,1,0
293,0,v_f,98274,77799,32,1,False,0.953125,1,False,0.953125,1,False,0.953125,True,False,1,0
294,0,v_f,98276,77801,32,1,False,0.953125,1,False,0.953125,1,False,0.953125,True,False,1,0
295,0,v_f,98330,77855,32,1,False,0.984375,1,False,0.984375,1,False,0.984375,True,False,1,0
296,0,v_f,98337,77862,32,1,False,0.984375,1,False,0.984375,1,False,0.984375,True,False,1,0
297,0,v_f,98339,77864,32,1,False,0.984375,1,False,0.984375,1,False,0.984375,True,False,1,0
298,0,v_f,98402,77927,32,1,False,0.984375,1,False,0.984375,1,False,0.984375,True,False,1,0
299,0,v_f,98465,77990,32,1,False,0.984375,1,False,0.984375,1,False,0.984375,True,False,1,0
300,0,v_f,98526,78051,32,1,False,0.984375,1,False,0.984375,1,False,0.984375,True,False,1,0
301,0,v_f,98528,78053,32,1,False,0.984375,1,False,0.984375,1,False,0.984375,True,False,1,0
302,0,v_f,98589,78114,32,1,False,0.984375,1,False,0.984375,1,False,0.984375,True,False,1,0
303,0,v_f,98591,78116,32,1,False,0.984375,1,False,0.984375,1,False,0.984375,True,False,1,0
304,0,v_f,99275,78800,32,1,False,0.890625,1,False,0.890625,1,False,0.890625,True,False,1,0
305,0,v_f,99282,78807,32,1,False,0.890625,1,False,0.890625,1,False,0.890625,True,False,1,0
306,0,v_f,99284,78809,32,1,False,0.890625,1,False,0.890625,1,False,0.890625,True,False,1,0
307,0,v_f,99347,78872,32,1,False,0.890625,1,False,0.890625,1,False,0.890625,True,False,1,0
308,0,v_f,99410,78935,32,1,False,0.890625,1,False,0.890625,1,False,0.890625,True,False,1,0
309,0,v_f,99473,78998,32,1,False,0.890625,1,False,0.890625,1,False,0.890625,True,False,1,0
310,0,v_f,99536,79061,32,1,False,0.890625,1,False,0.890625,1,False,0.890625,True,False,1,0
311,0,v_f,99590,79115,32,1,False,0.953125,1,False,0.953125,1,False,0.953125,True,False,1,0
312,0,v_f,99597,79122,32,1,False,0.953125,1,False,0.953125,1,False,0.953125,True,False,1,0
313,0,v_f,99599,79124,32,1,False,0.953125,1,False,0.953125,1,False,0.953125,True,False,1,0
314,0,v_f,99662,79187,32,1,False,0.953125,1,False,0.953125,1,False,0.953125,True,False,1,0
315,0,v_f,99725,79250,32,1,False,0.953125,1,False,0.953125,1,False,0.953125,True,False,1,0
316,0,v_f,99788,79313,32,1,False,0.953125,1,False,0.953125,1,False,0.953125,True,False,1,0
317,0,v_f,99851,79376,32,1,False,0.953125,1,False,0.953125,1,False,0.953125,True,False,1,0
318,0,v_f,99905,79430,32,1,False,0.984375,1,False,0.984375,1,False,0.984375,True,False,1,0
319,0,v_f,99912,79437,32,1,False,0.984375,1,False,0.984375,1,False,0.984375,True,False,1,0
320,0,v_f,99914,79439,32,1,False,0.984375,1,False,0.984375,1,False,0.984375,True,False,1,0
321,0,v_f,99977,79502,32,1,False,0.984375,1,False,0.984375,1,False,0.984375,True,False,1,0
322,0,v_f,100040,79565,32,1,False,0.984375,1,False,0.984375,1,False,0.984375,True,False,1,0
323,0,v_f,100103,79628,32,1,False,0.984375,1,False,0.984375,1,False,0.984375,True,False,1,0
324,0,v_f,100166,79691,32,1,False,0.984375,1,False,0.984375,1,False,0.984375,True,False,1,0
325,0,v_f,100416,79941,32,1,False,0.015625,1,False,0.015625,1,False,0.015625,True,False,1,0
326,0,v_f,100479,80004,32,1,False,0.015625,1,False,0.015625,1,False,0.015625,True,False,1,0
327,0,v_f,100731,80256,32,1,False,0.046875,1,False,0.046875,1,False,0.046875,True,False,1,0
328,0,v_f,100794,80319,32,1,False,0.046875,1,False,0.046875,1,False,0.046875,True,False,1,0
329,0,v_f,101795,81320,32,1,False,0.015625,1,False,0.015625,1,False,0.015625,True,False,1,0
330,0,v_f,101802,81327,32,1,False,0.015625,1,False,0.015625,1,False,0.015625,True,False,1,0
331,0,v_f,101804,81329,32,1,False,0.015625,1,False,0.015625,1,False,0.015625,True,False,1,0
332,0,v_f,101867,81392,32,1,False,0.015625,1,False,0.015625,1,False,0.015625,True,False,1,0
333,0,v_f,101930,81455,32,1,False,0.015625,1,False,0.015625,1,False,0.015625,True,False,1,0
334,0,v_f,101991,81516,32,1,False,0.015625,1,False,0.015625,1,False,0.015625,True,False,1,0
335,0,v_f,101993,81518,32,1,False,0.015625,1,False,0.015625,1,False,0.015625,True,False,1,0
336,0,v_f,102054,81579,32,1,False,0.015625,1,False,0.015625,1,False,0.015625,True,False,1,0
337,0,v_f,102056,81581,32,1,False,0.015625,1,False,0.015625,1,False,0.015625,True,False,1,0
338,0,v_f,102110,81635,32,1,False,0.046875,1,False,0.046875,1,False,0.046875,True,False,1,0
339,0,v_f,102117,81642,32,1,False,0.046875,1,False,0.046875,1,False,0.046875,True,False,1,0
340,0,v_f,102119,81644,32,1,False,0.046875,1,False,0.046875,1,False,0.046875,True,False,1,0
341,0,v_f,102182,81707,32,1,False,0.046875,1,False,0.046875,1,False,0.046875,True,False,1,0
342,0,v_f,102245,81770,32,1,False,0.046875,1,False,0.046875,1,False,0.046875,True,False,1,0
343,0,v_f,102306,81831,32,1,False,0.046875,1,False,0.046875,1,False,0.046875,True,False,1,0
344,0,v_f,102308,81833,32,1,False,0.046875,1,False,0.046875,1,False,0.046875,True,False,1,0
345,0,v_f,102369,81894,32,1,False,0.046875,1,False,0.046875,1,False,0.046875,True,False,1,0
346,0,v_f,102371,81896,32,1,False,0.046875,1,False,0.046875,1,False,0.046875,True,False,1,0
347,0,v_f,119946,99471,32,1,False,0.890625,1,False,0.890625,1,False,0.890625,True,False,1,0
348,0,v_f,120009,99534,32,1,False,0.890625,1,False,0.890625,1,False,0.890625,True,False,1,0
349,0,v_f,120261,99786,32,1,False,0.953125,1,False,0.953125,1,False,0.953125,True,False,1,0
350,0,v_f,120324,99849,32,1,False,0.953125,1,False,0.953125,1,False,0.953125,True,False,1,0
351,0,v_f,120576,100101,32,1,False,0.984375,1,False,0.984375,1,False,0.984375,True,False,1,0
352,0,v_f,120639,100164,32,1,False,0.984375,1,False,0.984375,1,False,0.984375,True,False,1,0
353,0,v_f,121325,100850,32,1,False,0.890625,1,False,0.890625,1,False,0.890625,True,False,1,0
354,0,v_f,121332,100857,32,1,False,0.890625,1,False,0.890625,1,False,0.890625,True,False,1,0
355,0,v_f,121334,100859,32,1,False,0.890625,1,False,0.890625,1,False,0.890625,True,False,1,0
356,0,v_f,121397,100922,32,1,False,0.890625,1,False,0.890625,1,False,0.890625,True,False,1,0
357,0,v_f,121460,100985,32,1,False,0.890625,1,False,0.890625,1,False,0.890625,True,False,1,0
358,0,v_f,121521,101046,32,1,False,0.890625,1,False,0.890625,1,False,0.890625,True,False,1,0
359,0,v_f,121523,101048,32,1,False,0.890625,1,False,0.890625,1,False,0.890625,True,False,1,0
360,0,v_f,121584,101109,32,1,False,0.890625,1,False,0.890625,1,False,0.890625,True,False,1,0
361,0,v_f,121586,101111,32,1,False,0.890625,1,False,0.890625,1,False,0.890625,True,False,1,0
362,0,v_f,121640,101165,32,1,False,0.953125,1,False,0.953125,1,False,0.953125,True,False,1,0
363,0,v_f,121647,101172,32,1,False,0.953125,1,False,0.953125,1,False,0.953125,True,False,1,0
364,0,v_f,121649,101174,32,1,False,0.953125,1,False,0.953125,1,False,0.953125,True,False,1,0
365,0,v_f,121712,101237,32,1,False,0.953125,1,False,0.953125,1,False,0.953125,True,False,1,0
366,0,v_f,121775,101300,32,1,False,0.953125,1,False,0.953125,1,False,0.953125,True,False,1,0
367,0,v_f,121836,101361,32,1,False,0.953125,1,False,0.953125,1,False,0.953125,True,False,1,0
368,0,v_f,121838,101363,32,1,False,0.953125,1,False,0.953125,1,False,0.953125,True,False,1,0
369,0,v_f,121899,101424,32,1,False,0.953125,1,False,0.953125,1,False,0.953125,True,False,1,0
370,0,v_f,121901,101426,32,1,False,0.953125,1,False,0.953125,1,False,0.953125,True,False,1,0
371,0,v_f,121955,101480,32,1,False,0.984375,1,False,0.984375,1,False,0.984375,True,False,1,0
372,0,v_f,121962,101487,32,1,False,0.984375,1,False,0.984375,1,False,0.984375,True,False,1,0
373,0,v_f,121964,101489,32,1,False,0.984375,1,False,0.984375,1,False,0.984375,True,False,1,0
374,0,v_f,122027,101552,32,1,False,0.984375,1,False,0.984375,1,False,0.984375,True,False,1,0
375,0,v_f,122090,101615,32,1,False,0.984375,1,False,0.984375,1,False,0.984375,True,False,1,0
376,0,v_f,122151,101676,32,1,False,0.984375,1,False,0.984375,1,False,0.984375,True,False,1,0
377,0,v_f,122153,101678,32,1,False,0.984375,1,False,0.984375,1,False,0.984375,True,False,1,0
378,0,v_f,122214,101739,32,1,False,0.984375,1,False,0.984375,1,False,0.984375,True,False,1,0
379,0,v_f,122216,101741,32,1,False,0.984375,1,False,0.984375,1,False,0.984375,True,False,1,0
380,1,v_p,1821,246,32,1,False,0.046875,1,False,0.046875,1,False,0.046875,True,False,1,0
381,1,v_p,1884,309,32,1,False,0.078125,1,False,0.078125,1,False,0.078125,True,False,1,0
382,1,v_p,2136,561,32,1,False,0.046875,1,False,0.046875,1,False,0.046875,True,False,1,0
383,1,v_p,2199,624,32,1,False,0.078125,1,False,0.078125,1,False,0.078125,True,False,1,0
384,1,v_p,2451,876,32,1,False,0.046875,1,False,0.046875,1,False,0.046875,True,False,1,0
385,1,v_p,2514,939,32,1,False,0.078125,1,False,0.078125,1,False,0.078125,True,False,1,0
386,1,v_p,2766,1191,32,1,False,0.046875,1,False,0.046875,1,False,0.046875,True,False,1,0
387,1,v_p,2829,1254,32,1,False,0.078125,1,False,0.078125,1,False,0.078125,True,False,1,0
388,1,v_p,3081,1506,32,1,False,0.046875,1,False,0.046875,1,False,0.046875,True,False,1,0
389,1,v_p,3144,1569,32,1,False,0.078125,1,False,0.078125,1,False,0.078125,True,False,1,0
390,1,v_p,3200,1625,32,1,False,0.921875,1,False,0.921875,1,False,0.921875,True,False,1,0
391,1,v_p,3207,1632,32,1,False,0.953125,1,False,0.953125,1,False,0.953125,True,False,1,0
392,1,v_p,3209,1634,32,1,False,0.921875,1,False,0.921875,1,False,0.921875,True,False,1,0
393,1,v_p,3272,1697,32,1,False,0.953125,1,False,0.953125,1,False,0.953125,True,False,1,0
394,1,v_p,3335,1760,32,1,False,0.953125,1,False,0.953125,1,False,0.953125,True,False,1,0
395,1,v_p,3398,1823,32,1,False,0.953125,1,False,0.953125,1,False,0.953125,True,False,1,0
396,1,v_p,3461,1886,32,1,False,0.953125,1,False,0.953125,1,False,0.953125,True,False,1,0
397,1,v_p,3515,1940,32,1,False,0.921875,1,False,0.921875,1,False,0.921875,True,False,1,0
398,1,v_p,3522,1947,32,1,False,0.953125,1,False,0.953125,1,False,0.953125,True,False,1,0
399,1,v_p,3524,1949,32,1,False,0.921875,1,False,0.921875,1,False,0.921875,True,False,1,0
400,1,v_p,3587,2012,32,1,False,0.953125,1,False,0.953125,1,False,0.953125,True,False,1,0
401,1,v_p,3650,2075,32,1,False,0.953125,1,False,0.953125,1,False,0.953125,True,False,1,0
402,1,v_p,3713,2138,32,1,False,0.953125,1,False,0.953125,1,False,0.953125,True,False,1,0
403,1,v_p,3776,2201,32,1,False,0.953125,1,False,0.953125,1,False,0.953125,True,False,1,0
404,1,v_p,3830,2255,32,1,False,0.921875,1,False,0.921875,1,False,0.921875,True,False,1,0
405,1,v_p,3837,2262,32,1,False,0.953125,1,False,0.953125,1,False,0.953125,True,False,1,0
406,1,v_p,3839,2264,32,1,False,0.921875,1,False,0.921875,1,False,0.921875,True,False,1,0
407,1,v_p,3902,2327,32,1,False,0.953125,1,False,0.953125,1,False,0.953125,True,False,1,0
408,1,v_p,3965,2390,32,1,False,0.953125,1,False,0.953125,1,False,0.953125,True,False,1,0
409,1,v_p,4028,2453,32,1,False,0.953125,1,False,0.953125,1,False,0.953125,True,False,1,0
410,1,v_p,4091,2516,32,1,False,0.953125,1,False,0.953125,1,False,0.953125,True,False,1,0
411,1,v_p,4145,2570,32,1,False,0.921875,1,False,0.921875,1,False,0.921875,True,False,1,0
412,1,v_p,4152,2577,32,1,False,0.953125,1,False,0.953125,1,False,0.953125,True,False,1,0
413,1,v_p,4154,2579,32,1,False,0.921875,1,False,0.921875,1,False,0.921875,True,False,1,0
414,1,v_p,4217,2642,32,1,False,0.953125,1,False,0.953125,1,False,0.953125,True,False,1,0
415,1,v_p,4280,2705,32,1,False,0.953125,1,False,0.953125,1,False,0.953125,True,False,1,0
416,1,v_p,4343,2768,32,1,False,0.953125,1,False,0.953125,1,False,0.953125,True,False,1,0
417,1,v_p,4406,2831,32,1,False,0.953125,1,False,0.953125,1,False,0.953125,True,False,1,0
418,1,v_p,4460,2885,32,1,False,0.921875,1,False,0.921875,1,False,0.921875,True,False,1,0
419,1,v_p,4467,2892,32,1,False,0.953125,1,False,0.953125,1,False,0.953125,True,False,1,0
420,1,v_p,4469,2894,32,1,False,0.921875,1,False,0.921875,1,False,0.921875,True,False,1,0
421,1,v_p,4532,2957,32,1,False,0.953125,1,False,0.953125,1,False,0.953125,True,False,1,0
422,1,v_p,4595,3020,32,1,False,0.953125,1,False,0.953125,1,False,0.953125,True,False,1,0
423,1,v_p,4658,3083,32,1,False,0.953125,1,False,0.953125,1,False,0.953125,True,False,1,0
424,1,v_p,4721,3146,32,1,False,0.953125,1,False,0.953125,1,False,0.953125,True,False,1,0
425,1,v_p,3396,4971,32,1,False,0.953125,1,False,0.953125,1,False,0.953125,True,False,1,0
426,1,v_p,3459,5034,32,1,False,0.921875,1,False,0.921875,1,False,0.921875,True,False,1,0
427,1,v_p,3711,5286,32,1,False,0.953125,1,False,0.953125,1,False,0.953125,True,False,1,0
428,1,v_p,3774,5349,32,1,False,0.921875,1,False,0.921875,1,False,0.921875,True,False,1,0
429,1,v_p,4026,5601,32,1,False,0.953125,1,False,0.953125,1,False,0.953125,True,False,1,0
430,1,v_p,4089,5664,32,1,False,0.921875,1,False,0.921875,1,False,0.921875,True,False,1,0
431,1,v_p,4341,5916,32,1,False,0.953125,1,False,0.953125,1,False,0.953125,True,False,1,0
432,1,v_p,4404,5979,32,1,False,0.921875,1,False,0.921875,1,False,0.921875,True,False,1,0
433,1,v_p,4656,6231,32,1,False,0.953125,1,False,0.953125,1,False,0.953125,True,False,1,0
434,1,v_p,4719,6294,32,1,False,0.921875,1,False,0.921875,1,False,0.921875,True,False,1,0
435,1,v_p,6350,7925,32,1,False,0.078125,1,False,0.078125,1,False,0.078125,True,False,1,0
436,1,v_p,6357,7932,32,1,False,0.046875,1,False,0.046875,1,False,0.046875,True,False,1,0
437,1,v_p,6359,7934,32,1,False,0.078125,1,False,0.078125,1,False,0.078125,True,False,1,0
438,1,v_p,6422,7997,32,1,False,0.046875,1,False,0.046875,1,False,0.046875,True,False,1,0
439,1,v_p,6485,8060,32,1,False,0.046875,1,False,0.046875,1,False,0.046875,True,False,1,0
440,1,v_p,6548,8123,32,1,False,0.046875,1,False,0.046875,1,False,0.046875,True,False,1,0
441,1,v_p,6611,8186,32,1,False,0.046875,1,False,0.046875,1,False,0.046875,True,False,1,0
442,1,v_p,6665,8240,32,1,False,0.078125,1,False,0.078125,1,False,0.078125,True,False,1,0
443,1,v_p,6672,8247,32,1,False,0.046875,1,False,0.046875,1,False,0.046875,True,False,1,0
444,1,v_p,6674,8249,32,1,False,0.078125,1,False,0.078125,1,False,0.078125,True,False,1,0
445,1,v_p,6737,8312,32,1,False,0.046875,1,False,0.046875,1,False,0.046875,True,False,1,0
446,1,v_p,6800,8375,32,1,False,0.046875,1,False,0.046875,1,False,0.046875,True,False,1,0
447,1,v_p,6863,8438,32,1,False,0.046875,1,False,0.046875,1,False,0.046875,True,False,1,0
448,1,v_p,6926,8501,32,1,False,0.046875,1,False,0.046875,1,False,0.046875,True,False,1,0
449,1,v_p,6980,8555,32,1,False,0.078125,1,False,0.078125,1,False,0.078125,True,False,1,0
450,1,v_p,6987,8562,32,1,False,0.046875,1,False,0.046875,1,False,0.046875,True,False,1,0
451,1,v_p,6989,8564,32,1,False,0.078125,1,False,0.078125,1,False,0.078125,True,False,1,0
452,1,v_p,7052,8627,32,1,False,0.046875,1,False,0.046875,1,False,0.046875,True,False,1,0
453,1,v_p,7115,8690,32,1,False,0.046875,1,False,0.046875,1,False,0.046875,True,False,1,0
454,1,v_p,7178,8753,32,1,False,0.046875,1,False,0.046875,1,False,0.046875,True,False,1,0
455,1,v_p,7241,8816,32,1,False,0.046875,1,False,0.046875,1,False,0.046875,True,False,1,0
456,1,v_p,7295,8870,32,1,False,0.078125,1,False,0.078125,1,False,0.078125,True,False,1,0
457,1,v_p,7302,8877,32,1,False,0.046875,1,False,0.046875,1,False,0.046875,True,False,1,0
458,1,v_p,7304,8879,32,1,False,0.078125,1,False,0.078125,1,False,0.078125,True,False,1,0
459,1,v_p,7367,8942,32,1,False,0.046875,1,False,0.046875,1,False,0.046875,True,False,1,0
460,1,v_p,7430,9005,32,1,False,0.046875,1,False,0.046875,1,False,0.046875,True,False,1,0
461,1,v_p,7493,9068,32,1,False,0.046875,1,False,0.046875,1,False,0.046875,True,False,1,0
462,1,v_p,7556,9131,32,1,False,0.046875,1,False,0.046875,1,False,0.046875,True,False,1,0
463,1,v_p,7610,9185,32,1,False,0.078125,1,False,0.078125,1,False,0.078125,True,False,1,0
464,1,v_p,7617,9192,32,1,False,0.046875,1,False,0.046875,1,False,0.046875,True,False,1,0
465,1,v_p,7619,9194,32,1,False,0.078125,1,False,0.078125,1,False,0.078125,True,False,1,0
466,1,v_p,7682,9257,32,1,False,0.046875,1,False,0.046875,1,False,0.046875,True,False,1,0
467,1,v_p,7745,9320,32,1,False,0.046875,1,False,0.046875,1,False,0.046875,True,False,1,0
468,1,v_p,7808,9383,32,1,False,0.046875,1,False,0.046875,1,False,0.046875,True,False,1,0
469,1,v_p,7871,9446,32,1,False,0.046875,1,False,0.046875,1,False,0.046875,True,False,1,0
470,1,v_p,22296,20721,32,1,False,0.046875,1,False,0.046875,1,False,0.046875,True,False,1,0
471,1,v_p,22359,20784,32,1,False,0.078125,1,False,0.078125,1,False,0.078125,True,False,1,0
472,1,v_p,22611,21036,32,1,False,0.046875,1,False,0.046875,1,False,0.046875,True,False,1,0
473,1,v_p,22674,21099,32,1,False,0.078125,1,False,0.078125,1,False,0.078125,True,False,1,0
474,1,v_p,22926,21351,32,1,False,0.046875,1,False,0.046875,1,False,0.046875,True,False,1,0
475,1,v_p,22989,21414,32,1,False,0.078125,1,False,0.078125,1,False,0.078125,True,False,1,0
476,1,v_p,23241,21666,32,1,False,0.046875,1,False,0.046875,1,False,0.046875,True,False,1,0
477,1,v_p,23304,21729,32,1,False,0.078125,1,False,0.078125,1,False,0.078125,True,False,1,0
478,1,v_p,23556,21981,32,1,False,0.046875,1,False,0.046875,1,False,0.046875,True,False,1,0
479,1,v_p,23619,22044,32,1,False,0.078125,1,False,0.078125,1,False,0.078125,True,False,1,0
480,1,v_p,23675,22100,32,1,False,0.921875,1,False,0.921875,1,False,0.921875,True,False,1,0
481,1,v_p,23682,22107,32,1,False,0.953125,1,False,0.953125,1,False,0.953125,True,False,1,0
482,1,v_p,23684,22109,32,1,False,0.921875,1,False,0.921875,1,False,0.921875,True,False,1,0
483,1,v_p,23747,22172,32,1,False,0.953125,1,False,0.953125,1,False,0.953125,True,False,1,0
484,1,v_p,23810,22235,32,1,False,0.953125,1,False,0.953125,1,False,0.953125,True,False,1,0
485,1,v_p,23873,22298,32,1,False,0.953125,1,False,0.953125,1,False,0.953125,True,False,1,0
486,1,v_p,23936,22361,32,1,False,0.953125,1,False,0.953125,1,False,0.953125,True,False,1,0
487,1,v_p,23990,22415,32,1,False,0.921875,1,False,0.921875,1,False,0.921875,True,False,1,0
488,1,v_p,23997,22422,32,1,False,0.953125,1,False,0.953125,1,False,0.953125,True,False,1,0
489,1,v_p,23999,22424,32,1,False,0.921875,1,False,0.921875,1,False,0.921875,True,False,1,0
490,1,v_p,24062,22487,32,1,False,0.953125,1,False,0.953125,1,False,0.953125,True,False,1,0
491,1,v_p,24125,22550,32,1,False,0.953125,1,False,0.953125,1,False,0.953125,True,False,1,0
492,1,v_p,24188,22613,32,1,False,0.953125,1,False,0.953125,1,False,0.953125,True,False,1,0
493,1,v_p,24251,22676,32,1,False,0.953125,1,False,0.953125,1,False,0.953125,True,False,1,0
494,1,v_p,24305,22730,32,1,False,0.921875,1,False,0.921875,1,False,0.921875,True,False,1,0
495,1,v_p,24312,22737,32,1,False,0.953125,1,False,0.953125,1,False,0.953125,True,False,1,0
496,1,v_p,24314,22739,32,1,False,0.921875,1,False,0.921875,1,False,0.921875,True,False,1,0
497,1,v_p,24377,22802,32,1,False,0.953125,1,False,0.953125,1,False,0.953125,True,False,1,0
498,1,v_p,24440,22865,32,1,False,0.953125,1,False,0.953125,1,False,0.953125,True,False,1,0
499,1,v_p,24503,22928,32,1,False,0.953125,1,False,0.953125,1,False,0.953125,True,False,1,0
500,1,v_p,24566,22991,32,1,False,0.953125,1,False,0.953125,1,False,0.953125,True,False,1,0
501,1,v_p,24620,23045,32,1,False,0.921875,1,False,0.921875,1,False,0.921875,True,False,1,0
502,1,v_p,24627,23052,32,1,False,0.953125,1,False,0.953125,1,False,0.953125,True,False,1,0
503,1,v_p,24629,23054,32,1,False,0.921875,1,False,0.921875,1,False,0.921875,True,False,1,0
504,1,v_p,24692,23117,32,1,False,0.953125,1,False,0.953125,1,False,0.953125,True,False,1,0
505,1,v_p,24755,23180,32,1,False,0.953125,1,False,0.953125,1,False,0.953125,True,False,1,0
506,1,v_p,24818,23243,32,1,False,0.953125,1,False,0.953125,1,False,0.953125,True,False,1,0
507,1,v_p,24881,23306,32,1,False,0.953125,1,False,0.953125,1,False,0.953125,True,False,1,0
508,1,v_p,24935,23360,32,1,False,0.921875,1,False,0.921875,1,False,0.921875,True,False,1,0
509,1,v_p,24942,23367,32,1,False,0.953125,1,False,0.953125,1,False,0.953125,True,False,1,0
510,1,v_p,24944,23369,32,1,False,0.921875,1,False,0.921875,1,False,0.921875,True,False,1,0
511,1,v_p,25007,23432,32,1,False,0.953125,1,False,0.953125,1,False,0.953125,True,False,1,0
512,1,v_p,25070,23495,32,1,False,0.953125,1,False,0.953125,1,False,0.953125,True,False,1,0
513,1,v_p,25133,23558,32,1,False,0.953125,1,False,0.953125,1,False,0.953125,True,False,1,0
514,1,v_p,25196,23621,32,1,False,0.953125,1,False,0.953125,1,False,0.953125,True,False,1,0
515,1,v_p,25446,27021,32,1,False,0.953125,1,False,0.953125,1,False,0.953125,True,False,1,0
516,1,v_p,25509,27084,32,1,False,0.921875,1,False,0.921875,1,False,0.921875,True,False,1,0
517,1,v_p,25761,27336,32,1,False,0.953125,1,False,0.953125,1,False,0.953125,True,False,1,0
518,1,v_p,25824,27399,32,1,False,0.921875,1,False,0.921875,1,False,0.921875,True,False,1,0
519,1,v_p,26076,27651,32,1,False,0.953125,1,False,0.953125,1,False,0.953125,True,False,1,0
520,1,v_p,26139,27714,32,1,False,0.921875,1,False,0.921875,1,False,0.921875,True,False,1,0
521,1,v_p,26825,28400,32,1,False,0.078125,1,False,0.078125,1,False,0.078125,True,False,1,0
522,1,v_p,26832,28407,32,1,False,0.046875,1,False,0.046875,1,False,0.046875,True,False,1,0
523,1,v_p,26834,28409,32,1,False,0.078125,1,False,0.078125,1,False,0.078125,True,False,1,0
524,1,v_p,26897,28472,32,1,False,0.046875,1,False,0.046875,1,False,0.046875,True,False,1,0
525,1,v_p,26960,28535,32,1,False,0.046875,1,False,0.046875,1,False,0.046875,True,False,1,0
526,1,v_p,27023,28598,32,1,False,0.046875,1,False,0.046875,1,False,0.046875,True,False,1,0
527,1,v_p,27086,28661,32,1,False,0.046875,1,False,0.046875,1,False,0.046875,True,False,1,0
528,1,v_p,27140,28715,32,1,False,0.078125,1,False,0.078125,1,False,0.078125,True,False,1,0
529,1,v_p,27147,28722,32,1,False,0.046875,1,False,0.046875,1,False,0.046875,True,False,1,0
530,1,v_p,27149,28724,32,1,False,0.078125,1,False,0.078125,1,False,0.078125,True,False,1,0
531,1,v_p,27212,28787,32,1,False,0.046875,1,False,0.046875,1,False,0.046875,True,False,1,0
532,1,v_p,27275,28850,32,1,False,0.046875,1,False,0.046875,1,False,0.046875,True,False,1,0
533,1,v_p,27338,28913,32,1,False,0.046875,1,False,0.046875,1,False,0.046875,True,False,1,0
534,1,v_p,27401,28976,32,1,False,0.046875,1,False,0.046875,1,False,0.046875,True,False,1,0
535,1,v_p,27455,29030,32,1,False,0.078125,1,False,0.078125,1,False,0.078125,True,False,1,0
536,1,v_p,27462,29037,32,1,False,0.046875,1,False,0.046875,1,False,0.046875,True,False,1,0
537,1,v_p,27464,29039,32,1,False,0.078125,1,False,0.078125,1,False,0.078125,True,False,1,0
538,1,v_p,27527,29102,32,1,False,0.046875,1,False,0.046875,1,False,0.046875,True,False,1,0
539,1,v_p,27590,29165,32,1,False,0.046875,1,False,0.046875,1,False,0.046875,True,False,1,0
540,1,v_p,27653,29228,32,1,False,0.046875,1,False,0.046875,1,False,0.046875,True,False,1,0
541,1,v_p,27716,29291,32,1,False,0.046875,1,False,0.046875,1,False,0.046875,True,False,1,0
542,1,v_p,29541,31116,32,1,False,0.953125,1,False,0.953125,1,False,0.953125,True,False,1,0
543,1,v_p,29604,31179,32,1,False,0.921875,1,False,0.921875,1,False,0.921875,True,False,1,0
544,1,v_p,29856,31431,32,1,False,0.953125,1,False,0.953125,1,False,0.953125,True,False,1,0
545,1,v_p,29919,31494,32,1,False,0.921875,1,False,0.921875,1,False,0.921875,True,False,1,0
546,1,v_p,30920,32495,32,1,False,0.078125,1,False,0.078125,1,False,0.078125,True,False,1,0
547,1,v_p,30927,32502,32,1,False,0.046875,1,False,0.046875,1,False,0.046875,True,False,1,0
548,1,v_p,30929,32504,32,1,False,0.078125,1,False,0.078125,1,False,0.078125,True,False,1,0
549,1,v_p,30992,32567,32,1,False,0.046875,1,False,0.046875,1,False,0.046875,True,False,1,0
550,1,v_p,31055,32630,32,1,False,0.046875,1,False,0.046875,1,False,0.046875,True,False,1,0
551,1,v_p,31118,32693,32,1,False,0.046875,1,False,0.046875,1,False,0.046875,True,False,1,0
552,1,v_p,31181,32756,32,1,False,0.046875,1,False,0.046875,1,False,0.046875,True,False,1,0
553,1,v_p,31235,32810,32,1,False,0.078125,1,False,0.078125,1,False,0.078125,True,False,1,0
554,1,v_p,31242,32817,32,1,False,0.046875,1,False,0.046875,1,False,0.046875,True,False,1,0
555,1,v_p,31244,32819,32,1,False,0.078125,1,False,0.078125,1,False,0.078125,True,False,1,0
556,1,v_p,31307,32882,32,1,False,0.046875,1,False,0.046875,1,False,0.046875,True,False,1,0
557,1,v_p,31370,32945,32,1,False,0.046875,1,False,0.046875,1,False,0.046875,True,False,1,0
558,1,v_p,31433,33008,32,1,False,0.046875,1,False,0.046875,1,False,0.046875,True,False,1,0
559,1,v_p,31496,33071,32,1,False,0.046875,1,False,0.046875,1,False,0.046875,True,False,1,0
560,1,v_p,42771,41196,32,1,False,0.046875,1,False,0.046875,1,False,0.046875,True,False,1,0
561,1,v_p,42834,41259,32,1,False,0.078125,1,False,0.078125,1,False,0.078125,True,False,1,0
562,1,v_p,43086,41511,32,1,False,0.046875,1,False,0.046875,1,False,0.046875,True,False,1,0
563,1,v_p,43149,41574,32,1,False,0.078125,1,False,0.078125,1,False,0.078125,True,False,1,0
564,1,v_p,43401,41826,32,1,False,0.046875,1,False,0.046875,1,False,0.046875,True,False,1,0
565,1,v_p,43464,41889,32,1,False,0.078125,1,False,0.078125,1,False,0.078125,True,False,1,0
566,1,v_p,43716,42141,32,1,False,0.046875,1,False,0.046875,1,False,0.046875,True,False,1,0
567,1,v_p,43779,42204,32,1,False,0.078125,1,False,0.078125,1,False,0.078125,True,False,1,0
568,1,v_p,44031,42456,32,1,False,0.046875,1,False,0.046875,1,False,0.046875,True,False,1,0
569,1,v_p,44094,42519,32,1,False,0.078125,1,False,0.078125,1,False,0.078125,True,False,1,0
570,1,v_p,44150,42575,32,1,False,0.921875,1,False,0.921875,1,False,0.921875,True,False,1,0
571,1,v_p,44157,42582,32,1,False,0.953125,1,False,0.953125,1,False,0.953125,True,False,1,0
572,1,v_p,44159,42584,32,1,False,0.921875,1,False,0.921875,1,False,0.921875,True,False,1,0
573,1,v_p,44222,42647,32,1,False,0.953125,1,False,0.953125,1,False,0.953125,True,False,1,0
574,1,v_p,44285,42710,32,1,False,0.953125,1,False,0.953125,1,False,0.953125,True,False,1,0
575,1,v_p,44348,42773,32,1,False,0.953125,1,False,0.953125,1,False,0.953125,True,False,1,0
576,1,v_p,44411,42836,32,1,False,0.953125,1,False,0.953125,1,False,0.953125,True,False,1,0
577,1,v_p,44465,42890,32,1,False,0.921875,1,False,0.921875,1,False,0.921875,True,False,1,0
578,1,v_p,44472,42897,32,1,False,0.953125,1,False,0.953125,1,False,0.953125,True,False,1,0
579,1,v_p,44474,42899,32,1,False,0.921875,1,False,0.921875,1,False,0.921875,True,False,1,0
580,1,v_p,44537,42962,32,1,False,0.953125,1,False,0.953125,1,False,0.953125,True,False,1,0
581,1,v_p,44600,43025,32,1,False,0.953125,1,False,0.953125,1,False,0.953125,True,False,1,0
582,1,v_p,44663,43088,32,1,False,0.953125,1,False,0.953125,1,False,0.953125,True,False,1,0
583,1,v_p,44726,43151,32,1,False,0.953125,1,False,0.953125,1,False,0.953125,True,False,1,0
584,1,v_p,44780,43205,32,1,False,0.921875,1,False,0.921875,1,False,0.921875,True,False,1,0
585,1,v_p,44787,43212,32,1,False,0.953125,1,False,0.953125,1,False,0.953125,True,False,1,0
586,1,v_p,44789,43214,32,1,False,0.921875,1,False,0.921875,1,False,0.921875,True,False,1,0
587,1,v_p,44852,43277,32,1,False,0.953125,1,False,0.953125,1,False,0.953125,True,False,1,0
588,1,v_p,44915,43340,32,1,False,0.953125,1,False,0.953125,1,False,0.953125,True,False,1,0
589,1,v_p,44978,43403,32,1,False,0.953125,1,False,0.953125,1,False,0.953125,True,False,1,0
590,1,v_p,45041,43466,32,1,False,0.953125,1,False,0.953125,1,False,0.953125,True,False,1,0
591,1,v_p,45095,43520,32,1,False,0.921875,1,False,0.921875,1,False,0.921875,True,False,1,0
592,1,v_p,45102,43527,32,1,False,0.953125,1,False,0.953125,1,False,0.953125,True,False,1,0
593,1,v_p,45104,43529,32,1,False,0.921875,1,False,0.921875,1,False,0.921875,True,False,1,0
594,1,v_p,45167,43592,32,1,False,0.953125,1,False,0.953125,1,False,0.953125,True,False,1,0
595,1,v_p,45230,43655,32,1,False,0.953125,1,False,0.953125,1,False,0.953125,True,False,1,0
596,1,v_p,45293,43718,32,1,False,0.953125,1,False,0.953125,1,False,0.953125,True,False,1,0
597,1,v_p,45356,43781,32,1,False,0.953125,1,False,0.953125,1,False,0.953125,True,False,1,0
598,1,v_p,45410,43835,32,1,False,0.921875,1,False,0.921875,1,False,0.921875,True,False,1,0
599,1,v_p,45417,43842,32,1,False,0.953125,1,False,0.953125,1,False,0.953125,True,False,1,0
600,1,v_p,45419,43844,32,1,False,0.921875,1,False,0.921875,1,False,0.921875,True,False,1,0
601,1,v_p,45482,43907,32,1,False,0.953125,1,False,0.953125,1,False,0.953125,True,False,1,0
602,1,v_p,45545,43970,32,1,False,0.953125,1,False,0.953125,1,False,0.953125,True,False,1,0
603,1,v_p,45608,44033,32,1,False,0.953125,1,False,0.953125,1,False,0.953125,True,False,1,0
604,1,v_p,45671,44096,32,1,False,0.953125,1,False,0.953125,1,False,0.953125,True,False,1,0
605,1,v_p,49071,50646,32,1,False,0.953125,1,False,0.953125,1,False,0.953125,True,False,1,0
606,1,v_p,49134,50709,32,1,False,0.921875,1,False,0.921875,1,False,0.921875,True,False,1,0
607,1,v_p,49386,50961,32,1,False,0.953125,1,False,0.953125,1,False,0.953125,True,False,1,0
608,1,v_p,49449,51024,32,1,False,0.921875,1,False,0.921875,1,False,0.921875,True,False,1,0
609,1,v_p,49701,51276,32,1,False,0.953125,1,False,0.953125,1,False,0.953125,True,False,1,0
610,1,v_p,49764,51339,32,1,False,0.921875,1,False,0.921875,1,False,0.921875,True,False,1,0
611,1,v_p,50450,52025,32,1,False,0.078125,1,False,0.078125,1,False,0.078125,True,False,1,0
612,1,v_p,50457,52032,32,1,False,0.046875,1,False,0.046875,1,False,0.046875,True,False,1,0
613,1,v_p,50459,52034,32,1,False,0.078125,1,False,0.078125,1,False,0.078125,True,False,1,0
614,1,v_p,50522,52097,32,1,False,0.046875,1,False,0.046875,1,False,0.046875,True,False,1,0
615,1,v_p,50585,52160,32,1,False,0.046875,1,False,0.046875,1,False,0.046875,True,False,1,0
616,1,v_p,50648,52223,32,1,False,0.046875,1,False,0.046875,1,False,0.046875,True,False,1,0
617,1,v_p,50711,52286,32,1,False,0.046875,1,False,0.046875,1,False,0.046875,True,False,1,0
618,1,v_p,50765,52340,32,1,False,0.078125,1,False,0.078125,1,False,0.078125,True,False,1,0
619,1,v_p,50772,52347,32,1,False,0.046875,1,False,0.046875,1,False,0.046875,True,False,1,0
620,1,v_p,50774,52349,32,1,False,0.078125,1,False,0.078125,1,False,0.078125,True,False,1,0
621,1,v_p,50837,52412,32,1,False,0.046875,1,False,0.046875,1,False,0.046875,True,False,1,0
622,1,v_p,50900,52475,32,1,False,0.046875,1,False,0.046875,1,False,0.046875,True,False,1,0
623,1,v_p,50963,52538,32,1,False,0.046875,1,False,0.046875,1,False,0.046875,True,False,1,0
624,1,v_p,51026,52601,32,1,False,0.046875,1,False,0.046875,1,False,0.046875,True,False,1,0
625,1,v_p,51080,52655,32,1,False,0.078125,1,False,0.078125,1,False,0.078125,True,False,1,0
626,1,v_p,51087,52662,32,1,False,0.046875,1,False,0.046875,1,False,0.046875,True,False,1,0
627,1,v_p,51089,52664,32,1,False,0.078125,1,False,0.078125,1,False,0.078125,True,False,1,0
628,1,v_p,51152,52727,32,1,False,0.046875,1,False,0.046875,1,False,0.046875,True,False,1,0
629,1,v_p,51215,52790,32,1,False,0.046875,1,False,0.046875,1,False,0.046875,True,False,1,0
630,1,v_p,51278,52853,32,1,False,0.046875,1,False,0.046875,1,False,0.046875,True,False,1,0
631,1,v_p,51341,52916,32,1,False,0.046875,1,False,0.046875,1,False,0.046875,True,False,1,0
632,1,v_p,53166,54741,32,1,False,0.953125,1,False,0.953125,1,False,0.953125,True,False,1,0
633,1,v_p,53229,54804,32,1,False,0.921875,1,False,0.921875,1,False,0.921875,True,False,1,0
634,1,v_p,53481,55056,32,1,False,0.953125,1,False,0.953125,1,False,0.953125,True,False,1,0
635,1,v_p,53544,55119,32,1,False,0.921875,1,False,0.921875,1,False,0.921875,True,False,1,0
636,1,v_p,56120,57695,32,1,False,0.078125,1,False,0.078125,1,False,0.078125,True,False,1,0
637,1,v_p,56127,57702,32,1,False,0.046875,1,False,0.046875,1,False,0.046875,True,False,1,0
638,1,v_p,56129,57704,32,1,False,0.078125,1,False,0.078125,1,False,0.078125,True,False,1,0
639,1,v_p,56192,57767,32,1,False,0.046875,1,False,0.046875,1,False,0.046875,True,False,1,0
640,1,v_p,56255,57830,32,1,False,0.046875,1,False,0.046875,1,False,0.046875,True,False,1,0
641,1,v_p,56318,57893,32,1,False,0.046875,1,False,0.046875,1,False,0.046875,True,False,1,0
642,1,v_p,56381,57956,32,1,False,0.046875,1,False,0.046875,1,False,0.046875,True,False,1,0
643,1,v_p,56435,58010,32,1,False,0.078125,1,False,0.078125,1,False,0.078125,True,False,1,0
644,1,v_p,56442,58017,32,1,False,0.046875,1,False,0.046875,1,False,0.046875,True,False,1,0
645,1,v_p,56444,58019,32,1,False,0.078125,1,False,0.078125,1,False,0.078125,True,False,1,0
646,1,v_p,56507,58082,32,1,False,0.046875,1,False,0.046875,1,False,0.046875,True,False,1,0
647,1,v_p,56570,58145,32,1,False,0.046875,1,False,0.046875,1,False,0.046875,True,False,1,0
648,1,v_p,56633,58208,32,1,False,0.046875,1,False,0.046875,1,False,0.046875,True,False,1,0
649,1,v_p,56696,58271,32,1,False,0.046875,1,False,0.046875,1,False,0.046875,True,False,1,0
650,1,v_p,63246,61671,32,1,False,0.046875,1,False,0.046875,1,False,0.046875,True,False,1,0
651,1,v_p,63309,61734,32,1,False,0.078125,1,False,0.078125,1,False,0.078125,True,False,1,0
652,1,v_p,63561,61986,32,1,False,0.046875,1,False,0.046875,1,False,0.046875,True,False,1,0
653,1,v_p,63624,62049,32,1,False,0.078125,1,False,0.078125,1,False,0.078125,True,False,1,0
654,1,v_p,63876,62301,32,1,False,0.046875,1,False,0.046875,1,False,0.046875,True,False,1,0
655,1,v_p,63939,62364,32,1,False,0.078125,1,False,0.078125,1,False,0.078125,True,False,1,0
656,1,v_p,64191,62616,32,1,False,0.046875,1,False,0.046875,1,False,0.046875,True,False,1,0
657,1,v_p,64254,62679,32,1,False,0.078125,1,False,0.078125,1,False,0.078125,True,False,1,0
658,1,v_p,64506,62931,32,1,False,0.046875,1,False,0.046875,1,False,0.046875,True,False,1,0
659,1,v_p,64569,62994,32,1,False,0.078125,1,False,0.078125,1,False,0.078125,True,False,1,0
660,1,v_p,64625,63050,32,1,False,0.921875,1,False,0.921875,1,False,0.921875,True,False,1,0
661,1,v_p,64632,63057,32,1,False,0.953125,1,False,0.953125,1,False,0.953125,True,False,1,0
662,1,v_p,64634,63059,32,1,False,0.921875,1,False,0.921875,1,False,0.921875,True,False,1,0
663,1,v_p,64697,63122,32,1,False,0.953125,1,False,0.953125,1,False,0.953125,True,False,1,0
664,1,v_p,64760,63185,32,1,False,0.953125,1,False,0.953125,1,False,0.953125,True,False,1,0
665,1,v_p,64823,63248,32,1,False,0.953125,1,False,0.953125,1,False,0.953125,True,False,1,0
666,1,v_p,64886,63311,32,1,False,0.953125,1,False,0.953125,1,False,0.953125,True,False,1,0
667,1,v_p,64940,63365,32,1,False,0.921875,1,False,0.921875,1,False,0.921875,True,False,1,0
668,1,v_p,64947,63372,32,1,False,0.953125,1,False,0.953125,1,False,0.953125,True,False,1,0
669,1,v_p,64949,63374,32,1,False,0.921875,1,False,0.921875,1,False,0.921875,True,False,1,0
670,1,v_p,65012,63437,32,1,False,0.953125,1,False,0.953125,1,False,0.953125,True,False,1,0
671,1,v_p,65075,63500,32,1,False,0.953125,1,False,0.953125,1,False,0.953125,True,False,1,0
672,1,v_p,65138,63563,32,1,False,0.953125,1,False,0.953125,1,False,0.953125,True,False,1,0
673,1,v_p,65201,63626,32,1,False,0.953125,1,False,0.953125,1,False,0.953125,True,False,1,0
674,1,v_p,65255,63680,32,1,False,0.921875,1,False,0.921875,1,False,0.921875,True,False,1,0
675,1,v_p,65262,63687,32,1,False,0.953125,1,False,0.953125,1,False,0.953125,True,False,1,0
676,1,v_p,65264,63689,32,1,False,0.921875,1,False,0.921875,1,False,0.921875,True,False,1,0
677,1,v_p,65327,63752,32,1,False,0.953125,1,False,0.953125,1,False,0.953125,True,False,1,0
678,1,v_p,65390,63815,32,1,False,0.953125,1,False,0.953125,1,False,0.953125,True,False,1,0
679,1,v_p,65453,63878,32,1,False,0.953125,1,False,0.953125,1,False,0.953125,True,False,1,0
680,1,v_p,65516,63941,32,1,False,0.953125,1,False,0.953125,1,False,0.953125,True,False,1,0
681,1,v_p,65570,63995,32,1,False,0.921875,1,False,0.921875,1,False,0.921875,True,False,1,0
682,1,v_p,65577,64002,32,1,False,0.953125,1,False,0.953125,1,False,0.953125,True,False,1,0
683,1,v_p,65579,64004,32,1,False,0.921875,1,False,0.921875,1,False,0.921875,True,False,1,0
684,1,v_p,65642,64067,32,1,False,0.953125,1,False,0.953125,1,False,0.953125,True,False,1,0
685,1,v_p,65705,64130,32,1,False,0.953125,1,False,0.953125,1,False,0.953125,True,False,1,0
686,1,v_p,65768,64193,32,1,False,0.953125,1,False,0.953125,1,False,0.953125,True,False,1,0
687,1,v_p,65831,64256,32,1,False,0.953125,1,False,0.953125,1,False,0.953125,True,False,1,0
688,1,v_p,65885,64310,32,1,False,0.921875,1,False,0.921875,1,False,0.921875,True,False,1,0
689,1,v_p,65892,64317,32,1,False,0.953125,1,False,0.953125,1,False,0.953125,True,False,1,0
690,1,v_p,65894,64319,32,1,False,0.921875,1,False,0.921875,1,False,0.921875,True,False,1,0
691,1,v_p,65957,64382,32,1,False,0.953125,1,False,0.953125,1,False,0.953125,True,False,1,0
692,1,v_p,66020,64445,32,1,False,0.953125,1,False,0.953125,1,False,0.953125,True,False,1,0
693,1,v_p,66083,64508,32,1,False,0.953125,1,False,0.953125,1,False,0.953125,True,False,1,0
694,1,v_p,66146,64571,32,1,False,0.953125,1,False,0.953125,1,False,0.953125,True,False,1,0
695,1,v_p,72696,74271,32,1,False,0.953125,1,False,0.953125,1,False,0.953125,True,False,1,0
696,1,v_p,72759,74334,32,1,False,0.921875,1,False,0.921875,1,False,0.921875,True,False,1,0
697,1,v_p,73011,74586,32,1,False,0.953125,1,False,0.953125,1,False,0.953125,True,False,1,0
698,1,v_p,73074,74649,32,1,False,0.921875,1,False,0.921875,1,False,0.921875,True,False,1,0
699,1,v_p,73326,74901,32,1,False,0.953125,1,False,0.953125,1,False,0.953125,True,False,1,0
700,1,v_p,73389,74964,32,1,False,0.921875,1,False,0.921875,1,False,0.921875,True,False,1,0
701,1,v_p,75650,77225,32,1,False,0.078125,1,False,0.078125,1,False,0.078125,True,False,1,0
702,1,v_p,75657,77232,32,1,False,0.046875,1,False,0.046875,1,False,0.046875,True,False,1,0
703,1,v_p,75659,77234,32,1,False,0.078125,1,False,0.078125,1,False,0.078125,True,False,1,0
704,1,v_p,75722,77297,32,1,False,0.046875,1,False,0.046875,1,False,0.046875,True,False,1,0
705,1,v_p,75785,77360,32,1,False,0.046875,1,False,0.046875,1,False,0.046875,True,False,1,0
706,1,v_p,75848,77423,32,1,False,0.046875,1,False,0.046875,1,False,0.046875,True,False,1,0
707,1,v_p,75911,77486,32,1,False,0.046875,1,False,0.046875,1,False,0.046875,True,False,1,0
708,1,v_p,75965,77540,32,1,False,0.078125,1,False,0.078125,1,False,0.078125,True,False,1,0
709,1,v_p,75972,77547,32,1,False,0.046875,1,False,0.046875,1,False,0.046875,True,False,1,0
710,1,v_p,75974,77549,32,1,False,0.078125,1,False,0.078125,1,False,0.078125,True,False,1,0
711,1,v_p,76037,77612,32,1,False,0.046875,1,False,0.046875,1,False,0.046875,True,False,1,0
712,1,v_p,76100,77675,32,1,False,0.046875,1,False,0.046875,1,False,0.046875,True,False,1,0
713,1,v_p,76163,77738,32,1,False,0.046875,1,False,0.046875,1,False,0.046875,True,False,1,0
714,1,v_p,76226,77801,32,1,False,0.046875,1,False,0.046875,1,False,0.046875,True,False,1,0
715,1,v_p,76280,77855,32,1,False,0.078125,1,False,0.078125,1,False,0.078125,True,False,1,0
716,1,v_p,76287,77862,32,1,False,0.046875,1,False,0.046875,1,False,0.046875,True,False,1,0
717,1,v_p,76289,77864,32,1,False,0.078125,1,False,0.078125,1,False,0.078125,True,False,1,0
718,1,v_p,76352,77927,32,1,False,0.046875,1,False,0.046875,1,False,0.046875,True,False,1,0
719,1,v_p,76415,77990,32,1,False,0.046875,1,False,0.046875,1,False,0.046875,True,False,1,0
720,1,v_p,76478,78053,32,1,False,0.046875,1,False,0.046875,1,False,0.046875,True,False,1,0
721,1,v_p,76541,78116,32,1,False,0.046875,1,False,0.046875,1,False,0.046875,True,False,1,0
722,1,v_p,78366,79941,32,1,False,0.953125,1,False,0.953125,1,False,0.953125,True,False,1,0
723,1,v_p,78429,80004,32,1,False,0.921875,1,False,0.921875,1,False,0.921875,True,False,1,0
724,1,v_p,78681,80256,32,1,False,0.953125,1,False,0.953125,1,False,0.953125,True,False,1,0
725,1,v_p,78744,80319,32,1,False,0.921875,1,False,0.921875,1,False,0.921875,True,False,1,0
726,1,v_p,79745,81320,32,1,False,0.078125,1,False,0.078125,1,False,0.078125,True,False,1,0
727,1,v_p,79752,81327,32,1,False,0.046875,1,False,0.046875,1,False,0.046875,True,False,1,0
728,1,v_p,79754,81329,32,1,False,0.078125,1,False,0.078125,1,False,0.078125,True,False,1,0
729,1,v_p,79817,81392,32,1,False,0.046875,1,False,0.046875,1,False,0.046875,True,False,1,0
730,1,v_p,79880,81455,32,1,False,0.046875,1,False,0.046875,1,False,0.046875,True,False,1,0
731,1,v_p,79943,81518,32,1,False,0.046875,1,False,0.046875,1,False,0.046875,True,False,1,0
732,1,v_p,80006,81581,32,1,False,0.046875,1,False,0.046875,1,False,0.046875,True,False,1,0
733,1,v_p,80060,81635,32,1,False,0.078125,1,False,0.078125,1,False,0.078125,True,False,1,0
734,1,v_p,80067,81642,32,1,False,0.046875,1,False,0.046875,1,False,0.046875,True,False,1,0
735,1,v_p,80069,81644,32,1,False,0.078125,1,False,0.078125,1,False,0.078125,True,False,1,0
736,1,v_p,80132,81707,32,1,False,0.046875,1,False,0.046875,1,False,0.046875,True,False,1,0
737,1,v_p,80195,81770,32,1,False,0.046875,1,False,0.046875,1,False,0.046875,True,False,1,0
738,1,v_p,80258,81833,32,1,False,0.046875,1,False,0.046875,1,False,0.046875,True,False,1,0
739,1,v_p,80321,81896,32,1,False,0.046875,1,False,0.046875,1,False,0.046875,True,False,1,0
740,1,v_p,83721,82146,32,1,False,0.046875,1,False,0.046875,1,False,0.046875,True,False,1,0
741,1,v_p,83784,82209,32,1,False,0.078125,1,False,0.078125,1,False,0.078125,True,False,1,0
742,1,v_p,84036,82461,32,1,False,0.046875,1,False,0.046875,1,False,0.046875,True,False,1,0
743,1,v_p,84099,82524,32,1,False,0.078125,1,False,0.078125,1,False,0.078125,True,False,1,0
744,1,v_p,84351,82776,32,1,False,0.046875,1,False,0.046875,1,False,0.046875,True,False,1,0
745,1,v_p,84414,82839,32,1,False,0.078125,1,False,0.078125,1,False,0.078125,True,False,1,0
746,1,v_p,84666,83091,32,1,False,0.046875,1,False,0.046875,1,False,0.046875,True,False,1,0
747,1,v_p,84729,83154,32,1,False,0.078125,1,False,0.078125,1,False,0.078125,True,False,1,0
748,1,v_p,84981,83406,32,1,False,0.046875,1,False,0.046875,1,False,0.046875,True,False,1,0
749,1,v_p,85044,83469,32,1,False,0.078125,1,False,0.078125,1,False,0.078125,True,False,1,0
750,1,v_p,85100,83525,32,1,False,0.921875,1,False,0.921875,1,False,0.921875,True,False,1,0
751,1,v_p,85107,83532,32,1,False,0.953125,1,False,0.953125,1,False,0.953125,True,False,1,0
752,1,v_p,85109,83534,32,1,False,0.921875,1,False,0.921875,1,False,0.921875,True,False,1,0
753,1,v_p,85172,83597,32,1,False,0.953125,1,False,0.953125,1,False,0.953125,True,False,1,0
754,1,v_p,85235,83660,32,1,False,0.953125,1,False,0.953125,1,False,0.953125,True,False,1,0
755,1,v_p,85298,83723,32,1,False,0.953125,1,False,0.953125,1,False,0.953125,True,False,1,0
756,1,v_p,85361,83786,32,1,False,0.953125,1,False,0.953125,1,False,0.953125,True,False,1,0
757,1,v_p,85415,83840,32,1,False,0.921875,1,False,0.921875,1,False,0.921875,True,False,1,0
758,1,v_p,85422,83847,32,1,False,0.953125,1,False,0.953125,1,False,0.953125,True,False,1,0
759,1,v_p,85424,83849,32,1,False,0.921875,1,False,0.921875,1,False,0.921875,True,False,1,0
760,1,v_p,85487,83912,32,1,False,0.953125,1,False,0.953125,1,False,0.953125,True,False,1,0
761,1,v_p,85550,83975,32,1,False,0.953125,1,False,0.953125,1,False,0.953125,True,False,1,0
762,1,v_p,85613,84038,32,1,False,0.953125,1,False,0.953125,1,False,0.953125,True,False,1,0
763,1,v_p,85676,84101,32,1,False,0.953125,1,False,0.953125,1,False,0.953125,True,False,1,0
764,1,v_p,85730,84155,32,1,False,0.921875,1,False,0.921875,1,False,0.921875,True,False,1,0
765,1,v_p,85737,84162,32,1,False,0.953125,1,False,0.953125,1,False,0.953125,True,False,1,0
766,1,v_p,85739,84164,32,1,False,0.921875,1,False,0.921875,1,False,0.921875,True,False,1,0
767,1,v_p,85802,84227,32,1,False,0.953125,1,False,0.953125,1,False,0.953125,True,False,1,0
768,1,v_p,85865,84290,32,1,False,0.953125,1,False,0.953125,1,False,0.953125,True,False,1,0
769,1,v_p,85928,84353,32,1,False,0.953125,1,False,0.953125,1,False,0.953125,True,False,1,0
770,1,v_p,85991,84416,32,1,False,0.953125,1,False,0.953125,1,False,0.953125,True,False,1,0
771,1,v_p,86045,84470,32,1,False,0.921875,1,False,0.921875,1,False,0.921875,True,False,1,0
772,1,v_p,86052,84477,32,1,False,0.953125,1,False,0.953125,1,False,0.953125,True,False,1,0
773,1,v_p,86054,84479,32,1,False,0.921875,1,False,0.921875,1,False,0.921875,True,False,1,0
774,1,v_p,86117,84542,32,1,False,0.953125,1,False,0.953125,1,False,0.953125,True,False,1,0
775,1,v_p,86180,84605,32,1,False,0.953125,1,False,0.953125,1,False,0.953125,True,False,1,0
776,1,v_p,86243,84668,32,1,False,0.953125,1,False,0.953125,1,False,0.953125,True,False,1,0
777,1,v_p,86306,84731,32,1,False,0.953125,1,False,0.953125,1,False,0.953125,True,False,1,0
778,1,v_p,86360,84785,32,1,False,0.921875,1,False,0.921875,1,False,0.921875,True,False,1,0
779,1,v_p,86367,84792,32,1,False,0.953125,1,False,0.953125,1,False,0.953125,True,False,1,0
780,1,v_p,86369,84794,32,1,False,0.921875,1,False,0.921875,1,False,0.921875,True,False,1,0
781,1,v_p,86432,84857,32,1,False,0.953125,1,False,0.953125,1,False,0.953125,True,False,1,0
782,1,v_p,86495,84920,32,1,False,0.953125,1,False,0.953125,1,False,0.953125,True,False,1,0
783,1,v_p,86558,84983,32,1,False,0.953125,1,False,0.953125,1,False,0.953125,True,False,1,0
784,1,v_p,86621,85046,32,1,False,0.953125,1,False,0.953125,1,False,0.953125,True,False,1,0
785,1,v_p,97896,99471,32,1,False,0.953125,1,False,0.953125,1,False,0.953125,True,False,1,0
786,1,v_p,97959,99534,32,1,False,0.921875,1,False,0.921875,1,False,0.921875,True,False,1,0
787,1,v_p,98211,99786,32,1,False,0.953125,1,False,0.953125,1,False,0.953125,True,False,1,0
788,1,v_p,98274,99849,32,1,False,0.921875,1,False,0.921875,1,False,0.921875,True,False,1,0
789,1,v_p,98526,100101,32,1,False,0.953125,1,False,0.953125,1,False,0.953125,True,False,1,0
790,1,v_p,98589,100164,32,1,False,0.921875,1,False,0.921875,1,False,0.921875,True,False,1,0
791,1,v_p,99275,100850,32,1,False,0.078125,1,False,0.078125,1,False,0.078125,True,False,1,0
792,1,v_p,99282,100857,32,1,False,0.046875,1,False,0.046875,1,False,0.046875,True,False,1,0
793,1,v_p,99284,100859,32,1,False,0.078125,1,False,0.078125,1,False,0.078125,True,False,1,0
794,1,v_p,99347,100922,32,1,False,0.046875,1,False,0.046875,1,False,0.046875,True,False,1,0
795,1,v_p,99410,100985,32,1,False,0.046875,1,False,0.046875,1,False,0.046875,True,False,1,0
796,1,v_p,99473,101048,32,1,False,0.046875,1,False,0.046875,1,False,0.046875,True,False,1,0
797,1,v_p,99536,101111,32,1,False,0.046875,1,False,0.046875,1,False,0.046875,True,False,1,0
798,1,v_p,99590,101165,32,1,False,0.078125,1,False,0.078125,1,False,0.078125,True,False,1,0
799,1,v_p,99597,101172,32,1,False,0.046875,1,False,0.046875,1,False,0.046875,True,False,1,0
800,1,v_p,99599,101174,32,1,False,0.078125,1,False,0.078125,1,False,0.078125,True,False,1,0
801,1,v_p,99662,101237,32,1,False,0.046875,1,False,0.046875,1,False,0.046875,True,False,1,0
802,1,v_p,99725,101300,32,1,False,0.046875,1,False,0.046875,1,False,0.046875,True,False,1,0
803,1,v_p,99788,101363,32,1,False,0.046875,1,False,0.046875,1,False,0.046875,True,False,1,0
804,1,v_p,99851,101426,32,1,False,0.046875,1,False,0.046875,1,False,0.046875,True,False,1,0
805,1,v_p,99905,101480,32,1,False,0.078125,1,False,0.078125,1,False,0.078125,True,False,1,0
806,1,v_p,99912,101487,32,1,False,0.046875,1,False,0.046875,1,False,0.046875,True,False,1,0
807,1,v_p,99914,101489,32,1,False,0.078125,1,False,0.078125,1,False,0.078125,True,False,1,0
808,1,v_p,99977,101552,32,1,False,0.046875,1,False,0.046875,1,False,0.046875,True,False,1,0
809,1,v_p,100040,101615,32,1,False,0.046875,1,False,0.046875,1,False,0.046875,True,False,1,0
810,1,v_p,100103,101678,32,1,False,0.046875,1,False,0.046875,1,False,0.046875,True,False,1,0
811,1,v_p,100166,101741,32,1,False,0.046875,1,False,0.046875,1,False,0.046875,True,False,1,0
812,1,v_p,104196,102621,32,1,False,0.046875,1,False,0.046875,1,False,0.046875,True,False,1,0
813,1,v_p,104259,102684,32,1,False,0.078125,1,False,0.078125,1,False,0.078125,True,False,1,0
814,1,v_p,104511,102936,32,1,False,0.046875,1,False,0.046875,1,False,0.046875,True,False,1,0
815,1,v_p,104574,102999,32,1,False,0.078125,1,False,0.078125,1,False,0.078125,True,False,1,0
816,1,v_p,104826,103251,32,1,False,0.046875,1,False,0.046875,1,False,0.046875,True,False,1,0
817,1,v_p,104889,103314,32,1,False,0.078125,1,False,0.078125,1,False,0.078125,True,False,1,0
818,1,v_p,105141,103566,32,1,False,0.046875,1,False,0.046875,1,False,0.046875,True,False,1,0
819,1,v_p,105204,103629,32,1,False,0.078125,1,False,0.078125,1,False,0.078125,True,False,1,0
820,1,v_p,105456,103881,32,1,False,0.046875,1,False,0.046875,1,False,0.046875,True,False,1,0
821,1,v_p,105519,103944,32,1,False,0.078125,1,False,0.078125,1,False,0.078125,True,False,1,0
822,1,v_p,105575,104000,32,1,False,0.921875,1,False,0.921875,1,False,0.921875,True,False,1,0
823,1,v_p,105582,104007,32,1,False,0.953125,1,False,0.953125,1,False,0.953125,True,False,1,0
824,1,v_p,105584,104009,32,1,False,0.921875,1,False,0.921875,1,False,0.921875,True,False,1,0
825,1,v_p,105647,104072,32,1,False,0.953125,1,False,0.953125,1,False,0.953125,True,False,1,0
826,1,v_p,105710,104135,32,1,False,0.953125,1,False,0.953125,1,False,0.953125,True,False,1,0
827,1,v_p,105773,104198,32,1,False,0.953125,1,False,0.953125,1,False,0.953125,True,False,1,0
828,1,v_p,105836,104261,32,1,False,0.953125,1,False,0.953125,1,False,0.953125,True,False,1,0
829,1,v_p,105890,104315,32,1,False,0.921875,1,False,0.921875,1,False,0.921875,True,False,1,0
830,1,v_p,105897,104322,32,1,False,0.953125,1,False,0.953125,1,False,0.953125,True,False,1,0
831,1,v_p,105899,104324,32,1,False,0.921875,1,False,0.921875,1,False,0.921875,True,False,1,0
832,1,v_p,105962,104387,32,1,False,0.953125,1,False,0.953125,1,False,0.953125,True,False,1,0
833,1,v_p,106025,104450,32,1,False,0.953125,1,False,0.953125,1,False,0.953125,True,False,1,0
834,1,v_p,106088,104513,32,1,False,0.953125,1,False,0.953125,1,False,0.953125,True,False,1,0
835,1,v_p,106151,104576,32,1,False,0.953125,1,False,0.953125,1,False,0.953125,True,False,1,0
836,1,v_p,106205,104630,32,1,False,0.921875,1,False,0.921875,1,False,0.921875,True,False,1,0
837,1,v_p,106212,104637,32,1,False,0.953125,1,False,0.953125,1,False,0.953125,True,False,1,0
838,1,v_p,106214,104639,32,1,False,0.921875,1,False,0.921875,1,False,0.921875,True,False,1,0
839,1,v_p,106277,104702,32,1,False,0.953125,1,False,0.953125,1,False,0.953125,True,False,1,0
840,1,v_p,106340,104765,32,1,False,0.953125,1,False,0.953125,1,False,0.953125,True,False,1,0
841,1,v_p,106403,104828,32,1,False,0.953125,1,False,0.953125,1,False,0.953125,True,False,1,0
842,1,v_p,106466,104891,32,1,False,0.953125,1,False,0.953125,1,False,0.953125,True,False,1,0
843,1,v_p,106520,104945,32,1,False,0.921875,1,False,0.921875,1,False,0.921875,True,False,1,0
844,1,v_p,106527,104952,32,1,False,0.953125,1,False,0.953125,1,False,0.953125,True,False,1,0
845,1,v_p,106529,104954,32,1,False,0.921875,1,False,0.921875,1,False,0.921875,True,False,1,0
846,1,v_p,106592,105017,32,1,False,0.953125,1,False,0.953125,1,False,0.953125,True,False,1,0
847,1,v_p,106655,105080,32,1,False,0.953125,1,False,0.953125,1,False,0.953125,True,False,1,0
848,1,v_p,106718,105143,32,1,False,0.953125,1,False,0.953125,1,False,0.953125,True,False,1,0
849,1,v_p,106781,105206,32,1,False,0.953125,1,False,0.953125,1,False,0.953125,True,False,1,0
850,1,v_p,106835,105260,32,1,False,0.921875,1,False,0.921875,1,False,0.921875,True,False,1,0
851,1,v_p,106842,105267,32,1,False,0.953125,1,False,0.953125,1,False,0.953125,True,False,1,0
852,1,v_p,106844,105269,32,1,False,0.921875,1,False,0.921875,1,False,0.921875,True,False,1,0
853,1,v_p,106907,105332,32,1,False,0.953125,1,False,0.953125,1,False,0.953125,True,False,1,0
854,1,v_p,106970,105395,32,1,False,0.953125,1,False,0.953125,1,False,0.953125,True,False,1,0
855,1,v_p,107033,105458,32,1,False,0.953125,1,False,0.953125,1,False,0.953125,True,False,1,0
856,1,v_p,107096,105521,32,1,False,0.953125,1,False,0.953125,1,False,0.953125,True,False,1,0
857,1,v_p,124671,123096,32,1,False,0.046875,1,False,0.046875,1,False,0.046875,True,False,1,0
858,1,v_p,124734,123159,32,1,False,0.078125,1,False,0.078125,1,False,0.078125,True,False,1,0
859,1,v_p,124986,123411,32,1,False,0.046875,1,False,0.046875,1,False,0.046875,True,False,1,0
860,1,v_p,125049,123474,32,1,False,0.078125,1,False,0.078125,1,False,0.078125,True,False,1,0
861,1,v_p,125301,123726,32,1,False,0.046875,1,False,0.046875,1,False,0.046875,True,False,1,0
862,1,v_p,125364,123789,32,1,False,0.078125,1,False,0.078125,1,False,0.078125,True,False,1,0
863,1,v_p,125616,124041,32,1,False,0.046875,1,False,0.046875,1,False,0.046875,True,False,1,0
864,1,v_p,125679,124104,32,1,False,0.078125,1,False,0.078125,1,False,0.078125,True,False,1,0
865,1,v_p,125931,124356,32,1,False,0.046875,1,False,0.046875,1,False,0.046875,True,False,1,0
866,1,v_p,125994,124419,32,1,False,0.078125,1,False,0.078125,1,False,0.078125,True,False,1,0
867,1,v_p,126050,124475,32,1,False,0.921875,1,False,0.921875,1,False,0.921875,True,False,1,0
868,1,v_p,126057,124482,32,1,False,0.953125,1,False,0.953125,1,False,0.953125,True,False,1,0
869,1,v_p,126059,124484,32,1,False,0.921875,1,False,0.921875,1,False,0.921875,True,False,1,0
870,1,v_p,126122,124547,32,1,False,0.953125,1,False,0.953125,1,False,0.953125,True,False,1,0
871,1,v_p,126185,124610,32,1,False,0.953125,1,False,0.953125,1,False,0.953125,True,False,1,0
872,1,v_p,126248,124673,32,1,False,0.953125,1,False,0.953125,1,False,0.953125,True,False,1,0
873,1,v_p,126311,124736,32,1,False,0.953125,1,False,0.953125,1,False,0.953125,True,False,1,0
874,1,v_p,126365,124790,32,1,False,0.921875,1,False,0.921875,1,False,0.921875,True,False,1,0
875,1,v_p,126372,124797,32,1,False,0.953125,1,False,0.953125,1,False,0.953125,True,False,1,0
876,1,v_p,126374,124799,32,1,False,0.921875,1,False,0.921875,1,False,0.921875,True,False,1,0
877,1,v_p,126437,124862,32,1,False,0.953125,1,False,0.953125,1,False,0.953125,True,False,1,0
878,1,v_p,126500,124925,32,1,False,0.953125,1,False,0.953125,1,False,0.953125,True,False,1,0
879,1,v_p,126563,124988,32,1,False,0.953125,1,False,0.953125,1,False,0.953125,True,False,1,0
880,1,v_p,126626,125051,32,1,False,0.953125,1,False,0.953125,1,False,0.953125,True,False,1,0
881,1,v_p,126680,125105,32,1,False,0.921875,1,False,0.921875,1,False,0.921875,True,False,1,0
882,1,v_p,126687,125112,32,1,False,0.953125,1,False,0.953125,1,False,0.953125,True,False,1,0
883,1,v_p,126689,125114,32,1,False,0.921875,1,False,0.921875,1,False,0.921875,True,False,1,0
884,1,v_p,126752,125177,32,1,False,0.953125,1,False,0.953125,1,False,0.953125,True,False,1,0
885,1,v_p,126815,125240,32,1,False,0.953125,1,False,0.953125,1,False,0.953125,True,False,1,0
886,1,v_p,126878,125303,32,1,False,0.953125,1,False,0.953125,1,False,0.953125,True,False,1,0
887,1,v_p,126941,125366,32,1,False,0.953125,1,False,0.953125,1,False,0.953125,True,False,1,0
888,1,v_p,126995,125420,32,1,False,0.921875,1,False,0.921875,1,False,0.921875,True,False,1,0
889,1,v_p,127002,125427,32,1,False,0.953125,1,False,0.953125,1,False,0.953125,True,False,1,0
890,1,v_p,127004,125429,32,1,False,0.921875,1,False,0.921875,1,False,0.921875,True,False,1,0
891,1,v_p,127067,125492,32,1,False,0.953125,1,False,0.953125,1,False,0.953125,True,False,1,0
892,1,v_p,127130,125555,32,1,False,0.953125,1,False,0.953125,1,False,0.953125,True,False,1,0
893,1,v_p,127193,125618,32,1,False,0.953125,1,False,0.953125,1,False,0.953125,True,False,1,0
894,1,v_p,127256,125681,32,1,False,0.953125,1,False,0.953125,1,False,0.953125,True,False,1,0
895,1,v_p,127310,125735,32,1,False,0.921875,1,False,0.921875,1,False,0.921875,True,False,1,0
896,1,v_p,127317,125742,32,1,False,0.953125,1,False,0.953125,1,False,0.953125,True,False,1,0
897,1,v_p,127319,125744,32,1,False,0.921875,1,False,0.921875,1,False,0.921875,True,False,1,0
898,1,v_p,127382,125807,32,1,False,0.953125,1,False,0.953125,1,False,0.953125,True,False,1,0
899,1,v_p,127445,125870,32,1,False,0.953125,1,False,0.953125,1,False,0.953125,True,False,1,0
900,1,v_p,127508,125933,32,1,False,0.953125,1,False,0.953125,1,False,0.953125,True,False,1,0
901,1,v_p,127571,125996,32,1,False,0.953125,1,False,0.953125,1,False,0.953125,True,False,1,0
902,2,a_f,27966,27651,32,1,False,0.140625,1,False,0.140625,1,False,0.140625,True,False,1,0
903,2,a_f,28029,27714,32,1,False,0.140625,1,False,0.140625,1,False,0.140625,True,False,1,0
904,2,a_f,29345,29030,32,1,False,0.140625,1,False,0.140625,1,False,0.140625,True,False,1,0
905,2,a_f,29352,29037,32,1,False,0.140625,1,False,0.140625,1,False,0.140625,True,False,1,0
906,2,a_f,29354,29039,32,1,False,0.140625,1,False,0.140625,1,False,0.140625,True,False,1,0
907,2,a_f,29417,29102,32,1,False,0.140625,1,False,0.140625,1,False,0.140625,True,False,1,0
908,2,a_f,29480,29165,32,1,False,0.140625,1,False,0.140625,1,False,0.140625,True,False,1,0
909,2,a_f,29541,29226,32,1,False,0.140625,1,False,0.140625,1,False,0.140625,True,False,1,0
910,2,a_f,29543,29228,32,1,False,0.140625,1,False,0.140625,1,False,0.140625,True,False,1,0
911,2,a_f,29604,29289,32,1,False,0.140625,1,False,0.140625,1,False,0.140625,True,False,1,0
912,2,a_f,29606,29291,32,1,False,0.140625,1,False,0.140625,1,False,0.140625,True,False,1,0
913,2,a_f,30920,30605,32,1,False,0.140625,1,False,0.140625,1,False,0.140625,True,False,1,0
914,2,a_f,30927,30612,32,1,False,0.140625,1,False,0.140625,1,False,0.140625,True,False,1,0
915,2,a_f,30929,30614,32,1,False,0.140625,1,False,0.140625,1,False,0.140625,True,False,1,0
916,2,a_f,30992,30677,32,1,False,0.140625,1,False,0.140625,1,False,0.140625,True,False,1,0
917,2,a_f,31055,30740,32,1,False,0.140625,1,False,0.140625,1,False,0.140625,True,False,1,0
918,2,a_f,31118,30803,32,1,False,0.140625,1,False,0.140625,1,False,0.140625,True,False,1,0
919,2,a_f,31181,30866,32,1,False,0.140625,1,False,0.140625,1,False,0.140625,True,False,1,0
920,2,a_f,51591,51276,32,1,False,0.140625,1,False,0.140625,1,False,0.140625,True,False,1,0
921,2,a_f,51654,51339,32,1,False,0.140625,1,False,0.140625,1,False,0.140625,True,False,1,0
922,2,a_f,52970,52655,32,1,False,0.140625,1,False,0.140625,1,False,0.140625,True,False,1,0
923,2,a_f,52977,52662,32,1,False,0.140625,1,False,0.140625,1,False,0.140625,True,False,1,0
924,2,a_f,52979,52664,32,1,False,0.140625,1,False,0.140625,1,False,0.140625,True,False,1,0
925,2,a_f,53042,52727,32,1,False,0.140625,1,False,0.140625,1,False,0.140625,True,False,1,0
926,2,a_f,53105,52790,32,1,False,0.140625,1,False,0.140625,1,False,0.140625,True,False,1,0
927,2,a_f,53166,52851,32,1,False,0.140625,1,False,0.140625,1,False,0.140625,True,False,1,0
928,2,a_f,53168,52853,32,1,False,0.140625,1,False,0.140625,1,False,0.140625,True,False,1,0
929,2,a_f,53229,52914,32,1,False,0.140625,1,False,0.140625,1,False,0.140625,True,False,1,0
930,2,a_f,53231,52916,32,1,False,0.140625,1,False,0.140625,1,False,0.140625,True,False,1,0
931,2,a_f,54545,54230,32,1,False,0.140625,1,False,0.140625,1,False,0.140625,True,False,1,0
932,2,a_f,54552,54237,32,1,False,0.140625,1,False,0.140625,1,False,0.140625,True,False,1,0
933,2,a_f,54554,54239,32,1,False,0.140625,1,False,0.140625,1,False,0.140625,True,False,1,0
934,2,a_f,54617,54302,32,1,False,0.140625,1,False,0.140625,1,False,0.140625,True,False,1,0
935,2,a_f,54680,54365,32,1,False,0.140625,1,False,0.140625,1,False,0.140625,True,False,1,0
936,2,a_f,54743,54428,32,1,False,0.140625,1,False,0.140625,1,False,0.140625,True,False,1,0
937,2,a_f,54806,54491,32,1,False,0.140625,1,False,0.140625,1,False,0.140625,True,False,1,0
938,2,a_f,56120,55805,32,1,False,0.140625,1,False,0.140625,1,False,0.140625,True,False,1,0
939,2,a_f,56127,55812,32,1,False,0.140625,1,False,0.140625,1,False,0.140625,True,False,1,0
940,2,a_f,56129,55814,32,1,False,0.140625,1,False,0.140625,1,False,0.140625,True,False,1,0
941,2,a_f,56192,55877,32,1,False,0.140625,1,False,0.140625,1,False,0.140625,True,False,1,0
942,2,a_f,56255,55940,32,1,False,0.140625,1,False,0.140625,1,False,0.140625,True,False,1,0
943,2,a_f,56318,56003,32,1,False,0.140625,1,False,0.140625,1,False,0.140625,True,False,1,0
944,2,a_f,56381,56066,32,1,False,0.140625,1,False,0.140625,1,False,0.140625,True,False,1,0
945,2,a_f,75216,74901,32,1,False,0.140625,1,False,0.140625,1,False,0.140625,True,False,1,0
946,2,a_f,75279,74964,32,1,False,0.140625,1,False,0.140625,1,False,0.140625,True,False,1,0
947,2,a_f,76791,76476,32,1,False,0.140625,1,False,0.140625,1,False,0.140625,True,False,1,0
948,2,a_f,76854,76539,32,1,False,0.140625,1,False,0.140625,1,False,0.140625,True,False,1,0
949,2,a_f,78170,77855,32,1,False,0.140625,1,False,0.140625,1,False,0.140625,True,False,1,0
950,2,a_f,78177,77862,32,1,False,0.140625,1,False,0.140625,1,False,0.140625,True,False,1,0
951,2,a_f,78179,77864,32,1,False,0.140625,1,False,0.140625,1,False,0.140625,True,False,1,0
952,2,a_f,78242,77927,32,1,False,0.140625,1,False,0.140625,1,False,0.140625,True,False,1,0
953,2,a_f,78305,77990,32,1,False,0.140625,1,False,0.140625,1,False,0.140625,True,False,1,0
954,2,a_f,78366,78051,32,1,False,0.140625,1,False,0.140625,1,False,0.140625,True,False,1,0
955,2,a_f,78368,78053,32,1,False,0.140625,1,False,0.140625,1,False,0.140625,True,False,1,0
956,2,a_f,78429,78114,32,1,False,0.140625,1,False,0.140625,1,False,0.140625,True,False,1,0
957,2,a_f,78431,78116,32,1,False,0.140625,1,False,0.140625,1,False,0.140625,True,False,1,0
958,2,a_f,79745,79430,32,1,False,0.140625,1,False,0.140625,1,False,0.140625,True,False,1,0
959,2,a_f,79752,79437,32,1,False,0.140625,1,False,0.140625,1,False,0.140625,True,False,1,0
960,2,a_f,79754,79439,32,1,False,0.140625,1,False,0.140625,1,False,0.140625,True,False,1,0
961,2,a_f,79817,79502,32,1,False,0.140625,1,False,0.140625,1,False,0.140625,True,False,1,0
962,2,a_f,79880,79565,32,1,False,0.140625,1,False,0.140625,1,False,0.140625,True,False,1,0
963,2,a_f,79943,79628,32,1,False,0.140625,1,False,0.140625,1,False,0.140625,True,False,1,0
964,2,a_f,80006,79691,32,1,False,0.140625,1,False,0.140625,1,False,0.140625,True,False,1,0
965,2,a_f,100416,100101,32,1,False,0.140625,1,False,0.140625,1,False,0.140625,True,False,1,0
966,2,a_f,100479,100164,32,1,False,0.140625,1,False,0.140625,1,False,0.140625,True,False,1,0
967,2,a_f,101795,101480,32,1,False,0.140625,1,False,0.140625,1,False,0.140625,True,False,1,0
968,2,a_f,101802,101487,32,1,False,0.140625,1,False,0.140625,1,False,0.140625,True,False,1,0
969,2,a_f,101804,101489,32,1,False,0.140625,1,False,0.140625,1,False,0.140625,True,False,1,0
970,2,a_f,101867,101552,32,1,False,0.140625,1,False,0.140625,1,False,0.140625,True,False,1,0
971,2,a_f,101930,101615,32,1,False,0.140625,1,False,0.140625,1,False,0.140625,True,False,1,0
972,2,a_f,101991,101676,32,1,False,0.140625,1,False,0.140625,1,False,0.140625,True,False,1,0
973,2,a_f,101993,101678,32,1,False,0.140625,1,False,0.140625,1,False,0.140625,True,False,1,0
974,2,a_f,102054,101739,32,1,False,0.140625,1,False,0.140625,1,False,0.140625,True,False,1,0
975,2,a_f,102056,101741,32,1,False,0.140625,1,False,0.140625,1,False,0.140625,True,False,1,0
976,3,bar_a,1821,1758,32,1,False,0.984375,1,False,0.984375,1,False,0.984375,True,False,1,0
977,3,bar_a,2136,2073,32,1,False,0.984375,1,False,0.984375,1,False,0.984375,True,False,1,0
978,3,bar_a,2451,2388,32,1,False,0.984375,1,False,0.984375,1,False,0.984375,True,False,1,0
979,3,bar_a,2766,2703,32,1,False,0.984375,1,False,0.984375,1,False,0.984375,True,False,1,0
980,3,bar_a,3081,3018,32,1,False,0.984375,1,False,0.984375,1,False,0.984375,True,False,1,0
981,3,bar_a,3200,3263,32,1,False,0.984375,1,False,0.984375,1,False,0.984375,True,False,1,0
982,3,bar_a,3207,3270,32,1,False,0.984375,1,False,0.984375,1,False,0.984375,True,False,1,0
983,3,bar_a,3396,3333,32,1,False,0.984375,1,False,0.984375,1,False,0.984375,True,False,1,0
984,3,bar_a,3515,3578,32,1,False,0.984375,1,False,0.984375,1,False,0.984375,True,False,1,0
985,3,bar_a,3522,3585,32,1,False,0.984375,1,False,0.984375,1,False,0.984375,True,False,1,0
986,3,bar_a,3711,3648,32,1,False,0.984375,1,False,0.984375,1,False,0.984375,True,False,1,0
987,3,bar_a,3830,3893,32,1,False,0.984375,1,False,0.984375,1,False,0.984375,True,False,1,0
988,3,bar_a,3837,3900,32,1,False,0.984375,1,False,0.984375,1,False,0.984375,True,False,1,0
989,3,bar_a,4026,3963,32,1,False,0.984375,1,False,0.984375,1,False,0.984375,True,False,1,0
990,3,bar_a,4145,4208,32,1,False,0.984375,1,False,0.984375,1,False,0.984375,True,False,1,0
991,3,bar_a,4152,4215,32,1,False,0.984375,1,False,0.984375,1,False,0.984375,True,False,1,0
992,3,bar_a,4341,4278,32,1,False,0.984375,1,False,0.984375,1,False,0.984375,True,False,1,0
993,3,bar_a,4460,4523,32,1,False,0.984375,1,False,0.984375,1,False,0.984375,True,False,1,0
994,3,bar_a,4467,4530,32,1,False,0.984375,1,False,0.984375,1,False,0.984375,True,False,1,0
995,3,bar_a,4656,4593,32,1,False,0.984375,1,False,0.984375,1,False,0.984375,True,False,1,0
996,3,bar_a,4775,4838,32,1,False,0.984375,1,False,0.984375,1,False,0.984375,True,False,1,0
997,3,bar_a,4782,4845,32,1,False,0.984375,1,False,0.984375,1,False,0.984375,True,False,1,0
998,3,bar_a,5090,5153,32,1,False,0.984375,1,False,0.984375,1,False,0.984375,True,False,1,0
999,3,bar_a,5097,5160,32,1,False,0.984375,1,False,0.984375,1,False,0.984375,True,False,1,0
1000,3,bar_a,5405,5468,32,1,False,0.984375,1,False,0.984375,1,False,0.984375,True,False,1,0
1001,3,bar_a,5412,5475,32,1,False,0.984375,1,False,0.984375,1,False,0.984375,True,False,1,0
1002,3,bar_a,5720,5783,32,1,False,0.984375,1,False,0.984375,1,False,0.984375,True,False,1,0
1003,3,bar_a,5727,5790,32,1,False,0.984375,1,False,0.984375,1,False,0.984375,True,False,1,0
1004,3,bar_a,6035,6098,32,1,False,0.984375,1,False,0.984375,1,False,0.984375,True,False,1,0
1005,3,bar_a,6042,6105,32,1,False,0.984375,1,False,0.984375,1,False,0.984375,True,False,1,0
1006,3,bar_a,6350,6413,32,1,False,0.984375,1,False,0.984375,1,False,0.984375,True,False,1,0
1007,3,bar_a,6357,6420,32,1,False,0.984375,1,False,0.984375,1,False,0.984375,True,False,1,0
1008,3,bar_a,6665,6728,32,1,False,0.984375,1,False,0.984375,1,False,0.984375,True,False,1,0
1009,3,bar_a,6672,6735,32,1,False,0.984375,1,False,0.984375,1,False,0.984375,True,False,1,0
1010,3,bar_a,6980,7043,32,1,False,0.984375,1,False,0.984375,1,False,0.984375,True,False,1,0
1011,3,bar_a,6987,7050,32,1,False,0.984375,1,False,0.984375,1,False,0.984375,True,False,1,0
1012,3,bar_a,7295,7358,32,1,False,0.984375,1,False,0.984375,1,False,0.984375,True,False,1,0
1013,3,bar_a,7302,7365,32,1,False,0.984375,1,False,0.984375,1,False,0.984375,True,False,1,0
1014,3,bar_a,7610,7673,32,1,False,0.984375,1,False,0.984375,1,False,0.984375,True,False,1,0
1015,3,bar_a,7617,7680,32,1,False,0.984375,1,False,0.984375,1,False,0.984375,True,False,1,0
1016,3,bar_a,22296,22233,32,1,False,0.984375,1,False,0.984375,1,False,0.984375,True,False,1,0
1017,3,bar_a,22611,22548,32,1,False,0.984375,1,False,0.984375,1,False,0.984375,True,False,1,0
1018,3,bar_a,22926,22863,32,1,False,0.984375,1,False,0.984375,1,False,0.984375,True,False,1,0
1019,3,bar_a,23241,23178,32,1,False,0.984375,1,False,0.984375,1,False,0.984375,True,False,1,0
1020,3,bar_a,23556,23493,32,1,False,0.984375,1,False,0.984375,1,False,0.984375,True,False,1,0
1021,3,bar_a,23675,23738,32,1,False,0.984375,1,False,0.984375,1,False,0.984375,True,False,1,0
1022,3,bar_a,23682,23745,32,1,False,0.984375,1,False,0.984375,1,False,0.984375,True,False,1,0
1023,3,bar_a,23871,23808,32,1,False,0.984375,1,False,0.984375,1,False,0.984375,True,False,1,0
1024,3,bar_a,23990,24053,32,1,False,0.984375,1,False,0.984375,1,False,0.984375,True,False,1,0
1025,3,bar_a,23997,24060,32,1,False,0.984375,1,False,0.984375,1,False,0.984375,True,False,1,0
1026,3,bar_a,24186,24123,32,1,False,0.984375,1,False,0.984375,1,False,0.984375,True,False,1,0
1027,3,bar_a,24305,24368,32,1,False,0.984375,1,False,0.984375,1,False,0.984375,True,False,1,0
1028,3,bar_a,24312,24375,32,1,False,0.984375,1,False,0.984375,1,False,0.984375,True,False,1,0
1029,3,bar_a,24501,24438,32,1,False,0.984375,1,False,0.984375,1,False,0.984375,True,False,1,0
1030,3,bar_a,24620,24683,32,1,False,0.984375,1,False,0.984375,1,False,0.984375,True,False,1,0
1031,3,bar_a,24627,24690,32,1,False,0.984375,1,False,0.984375,1,False,0.984375,True,False,1,0
1032,3,bar_a,24816,24753,32,1,False,0.984375,1,False,0.984375,1,False,0.984375,True,False,1,0
1033,3,bar_a,24935,24998,32,1,False,0.984375,1,False,0.984375,1,False,0.984375,True,False,1,0
1034,3,bar_a,24942,25005,32,1,False,0.984375,1,False,0.984375,1,False,0.984375,True,False,1,0
1035,3,bar_a,25131,25068,32,1,False,0.984375,1,False,0.984375,1,False,0.984375,True,False,1,0
1036,3,bar_a,25250,25313,32,1,False,0.984375,1,False,0.984375,1,False,0.984375,True,False,1,0
1037,3,bar_a,25257,25320,32,1,False,0.984375,1,False,0.984375,1,False,0.984375,True,False,1,0
1038,3,bar_a,25446,25383,32,1,False,0.984375,1,False,0.984375,1,False,0.984375,True,False,1,0
1039,3,bar_a,25565,25628,32,1,False,0.984375,1,False,0.984375,1,False,0.984375,True,False,1,0
1040,3,bar_a,25572,25635,32,1,False,0.984375,1,False,0.984375,1,False,0.984375,True,False,1,0
1041,3,bar_a,25761,25698,32,1,False,0.984375,1,False,0.984375,1,False,0.984375,True,False,1,0
1042,3,bar_a,25880,25943,32,1,False,0.984375,1,False,0.984375,1,False,0.984375,True,False,1,0
1043,3,bar_a,25887,25950,32,1,False,0.984375,1,False,0.984375,1,False,0.984375,True,False,1,0
1044,3,bar_a,26076,26013,32,1,False,0.984375,1,False,0.984375,1,False,0.984375,True,False,1,0
1045,3,bar_a,26195,26258,32,1,False,0.984375,1,False,0.984375,1,False,0.984375,True,False,1,0
1046,3,bar_a,26202,26265,32,1,False,0.984375,1,False,0.984375,1,False,0.984375,True,False,1,0
1047,3,bar_a,26391,26328,32,1,False,0.984375,1,False,0.984375,1,False,0.984375,True,False,1,0
1048,3,bar_a,26510,26573,32,1,False,0.984375,1,False,0.984375,1,False,0.984375,True,False,1,0
1049,3,bar_a,26517,26580,32,1,False,0.984375,1,False,0.984375,1,False,0.984375,True,False,1,0
1050,3,bar_a,26706,26643,32,1,False,0.984375,1,False,0.984375,1,False,0.984375,True,False,1,0
1051,3,bar_a,26825,26888,32,1,False,0.984375,1,False,0.984375,1,False,0.984375,True,False,1,0
1052,3,bar_a,26832,26895,32,1,False,0.984375,1,False,0.984375,1,False,0.984375,True,False,1,0
1053,3,bar_a,27140,27203,32,1,False,0.984375,1,False,0.984375,1,False,0.984375,True,False,1,0
1054,3,bar_a,27147,27210,32,1,False,0.984375,1,False,0.984375,1,False,0.984375,True,False,1,0
1055,3,bar_a,27455,27518,32,1,False,0.984375,1,False,0.984375,1,False,0.984375,True,False,1,0
1056,3,bar_a,27462,27525,32,1,False,0.984375,1,False,0.984375,1,False,0.984375,True,False,1,0
1057,3,bar_a,27770,27833,32,1,False,0.984375,1,False,0.984375,1,False,0.984375,True,False,1,0
1058,3,bar_a,27777,27840,32,1,False,0.984375,1,False,0.984375,1,False,0.984375,True,False,1,0
1059,3,bar_a,27966,27903,32,1,False,0.984375,1,False,0.984375,1,False,0.984375,True,False,1,0
1060,3,bar_a,28085,28148,32,1,False,0.984375,1,False,0.984375,1,False,0.984375,True,False,1,0
1061,3,bar_a,28092,28155,32,1,False,0.984375,1,False,0.984375,1,False,0.984375,True,False,1,0
1062,3,bar_a,28281,28218,32,1,False,0.984375,1,False,0.984375,1,False,0.984375,True,False,1,0
1063,3,bar_a,29345,29408,32,1,False,0.984375,1,False,0.984375,1,False,0.984375,True,False,1,0
1064,3,bar_a,29352,29415,32,1,False,0.984375,1,False,0.984375,1,False,0.984375,True,False,1,0
1065,3,bar_a,29541,29478,32,1,False,0.984375,1,False,0.984375,1,False,0.984375,True,False,1,0
1066,3,bar_a,29660,29723,32,1,False,0.984375,1,False,0.984375,1,False,0.984375,True,False,1,0
1067,3,bar_a,29667,29730,32,1,False,0.984375,1,False,0.984375,1,False,0.984375,True,False,1,0
1068,3,bar_a,29856,29793,32,1,False,0.984375,1,False,0.984375,1,False,0.984375,True,False,1,0
1069,3,bar_a,30920,30983,32,1,False,0.984375,1,False,0.984375,1,False,0.984375,True,False,1,0
1070,3,bar_a,30927,30990,32,1,False,0.984375,1,False,0.984375,1,False,0.984375,True,False,1,0
1071,3,bar_a,31235,31298,32,1,False,0.984375,1,False,0.984375,1,False,0.984375,True,False,1,0
1072,3,bar_a,31242,31305,32,1,False,0.984375,1,False,0.984375,1,False,0.984375,True,False,1,0
1073,3,bar_a,42771,42708,32,1,False,0.984375,1,False,0.984375,1,False,0.984375,True,False,1,0
1074,3,bar_a,43086,43023,32,1,False,0.984375,1,False,0.984375,1,False,0.984375,True,False,1,0
1075,3,bar_a,43401,43338,32,1,False,0.984375,1,False,0.984375,1,False,0.984375,True,False,1,0
1076,3,bar_a,43716,43653,32,1,False,0.984375,1,False,0.984375,1,False,0.984375,True,False,1,0
1077,3,bar_a,44031,43968,32,1,False,0.984375,1,False,0.984375,1,False,0.984375,True,False,1,0
1078,3,bar_a,44150,44213,32,1,False,0.984375,1,False,0.984375,1,False,0.984375,True,False,1,0
1079,3,bar_a,44157,44220,32,1,False,0.984375,1,False,0.984375,1,False,0.984375,True,False,1,0
1080,3,bar_a,44346,44283,32,1,False,0.984375,1,False,0.984375,1,False,0.984375,True,False,1,0
1081,3,bar_a,44465,44528,32,1,False,0.984375,1,False,0.984375,1,False,0.984375,True,False,1,0
1082,3,bar_a,44472,44535,32,1,False,0.984375,1,False,0.984375,1,False,0.984375,True,False,1,0
1083,3,bar_a,44661,44598,32,1,False,0.984375,1,False,0.984375,1,False,0.984375,True,False,1,0
1084,3,bar_a,44780,44843,32,1,False,0.984375,1,False,0.984375,1,False,0.984375,True,False,1,0
1085,3,bar_a,44787,44850,32,1,False,0.984375,1,False,0.984375,1,False,0.984375,True,False,1,0
1086,3,bar_a,44976,44913,32,1,False,0.984375,1,False,0.984375,1,False,0.984375,True,False,1,0
1087,3,bar_a,45095,45158,32,1,False,0.984375,1,False,0.984375,1,False,0.984375,True,False,1,0
1088,3,bar_a,45102,45165,32,1,False,0.984375,1,False,0.984375,1,False,0.984375,True,False,1,0
1089,3,bar_a,45291,45228,32,1,False,0.984375,1,False,0.984375,1,False,0.984375,True,False,1,0
1090,3,bar_a,45410,45473,32,1,False,0.984375,1,False,0.984375,1,False,0.984375,True,False,1,0
1091,3,bar_a,45417,45480,32,1,False,0.984375,1,False,0.984375,1,False,0.984375,True,False,1,0
1092,3,bar_a,45606,45543,32,1,False,0.984375,1,False,0.984375,1,False,0.984375,True,False,1,0
1093,3,bar_a,45725,45788,32,1,False,0.984375,1,False,0.984375,1,False,0.984375,True,False,1,0
1094,3,bar_a,45732,45795,32,1,False,0.984375,1,False,0.984375,1,False,0.984375,True,False,1,0
1095,3,bar_a,45921,45858,32,1,False,0.984375,1,False,0.984375,1,False,0.984375,True,False,1,0
1096,3,bar_a,46040,46103,32,1,False,0.984375,1,False,0.984375,1,False,0.984375,True,False,1,0
1097,3,bar_a,46047,46110,32,1,False,0.984375,1,False,0.984375,1,False,0.984375,True,False,1,0
1098,3,bar_a,46236,46173,32,1,False,0.984375,1,False,0.984375,1,False,0.984375,True,False,1,0
1099,3,bar_a,46355,46418,32,1,False,0.984375,1,False,0.984375,1,False,0.984375,True,False,1,0
1100,3,bar_a,46362,46425,32,1,False,0.984375,1,False,0.984375,1,False,0.984375,True,False,1,0
1101,3,bar_a,46551,46488,32,1,False,0.984375,1,False,0.984375,1,False,0.984375,True,False,1,0
1102,3,bar_a,46670,46733,32,1,False,0.984375,1,False,0.984375,1,False,0.984375,True,False,1,0
1103,3,bar_a,46677,46740,32,1,False,0.984375,1,False,0.984375,1,False,0.984375,True,False,1,0
1104,3,bar_a,46866,46803,32,1,False,0.984375,1,False,0.984375,1,False,0.984375,True,False,1,0
1105,3,bar_a,46985,47048,32,1,False,0.984375,1,False,0.984375,1,False,0.984375,True,False,1,0
1106,3,bar_a,46992,47055,32,1,False,0.984375,1,False,0.984375,1,False,0.984375,True,False,1,0
1107,3,bar_a,47181,47118,32,1,False,0.984375,1,False,0.984375,1,False,0.984375,True,False,1,0
1108,3,bar_a,47300,47363,32,1,False,0.984375,1,False,0.984375,1,False,0.984375,True,False,1,0
1109,3,bar_a,47307,47370,32,1,False,0.984375,1,False,0.984375,1,False,0.984375,True,False,1,0
1110,3,bar_a,47496,47433,32,1,False,0.984375,1,False,0.984375,1,False,0.984375,True,False,1,0
1111,3,bar_a,47615,47678,32,1,False,0.984375,1,False,0.984375,1,False,0.984375,True,False,1,0
1112,3,bar_a,47622,47685,32,1,False,0.984375,1,False,0.984375,1,False,0.984375,True,False,1,0
1113,3,bar_a,47811,47748,32,1,False,0.984375,1,False,0.984375,1,False,0.984375,True,False,1,0
1114,3,bar_a,47930,47993,32,1,False,0.984375,1,False,0.984375,1,False,0.984375,True,False,1,0
1115,3,bar_a,47937,48000,32,1,False,0.984375,1,False,0.984375,1,False,0.984375,True,False,1,0
1116,3,bar_a,48126,48063,32,1,False,0.984375,1,False,0.984375,1,False,0.984375,True,False,1,0
1117,3,bar_a,48245,48308,32,1,False,0.984375,1,False,0.984375,1,False,0.984375,True,False,1,0
1118,3,bar_a,48252,48315,32,1,False,0.984375,1,False,0.984375,1,False,0.984375,True,False,1,0
1119,3,bar_a,48441,48378,32,1,False,0.984375,1,False,0.984375,1,False,0.984375,True,False,1,0
1120,3,bar_a,48560,48623,32,1,False,0.984375,1,False,0.984375,1,False,0.984375,True,False,1,0
1121,3,bar_a,48567,48630,32,1,False,0.984375,1,False,0.984375,1,False,0.984375,True,False,1,0
1122,3,bar_a,48756,48693,32,1,False,0.984375,1,False,0.984375,1,False,0.984375,True,False,1,0
1123,3,bar_a,48875,48938,32,1,False,0.984375,1,False,0.984375,1,False,0.984375,True,False,1,0
1124,3,bar_a,48882,48945,32,1,False,0.984375,1,False,0.984375,1,False,0.984375,True,False,1,0
1125,3,bar_a,49071,49008,32,1,False,0.984375,1,False,0.984375,1,False,0.984375,True,False,1,0
1126,3,bar_a,49190,49253,32,1,False,0.984375,1,False,0.984375,1,False,0.984375,True,False,1,0
1127,3,bar_a,49197,49260,32,1,False,0.984375,1,False,0.984375,1,False,0.984375,True,False,1,0
1128,3,bar_a,49386,49323,32,1,False,0.984375,1,False,0.984375,1,False,0.984375,True,False,1,0
1129,3,bar_a,49505,49568,32,1,False,0.984375,1,False,0.984375,1,False,0.984375,True,False,1,0
1130,3,bar_a,49512,49575,32,1,False,0.984375,1,False,0.984375,1,False,0.984375,True,False,1,0
1131,3,bar_a,49701,49638,32,1,False,0.984375,1,False,0.984375,1,False,0.984375,True,False,1,0
1132,3,bar_a,49820,49883,32,1,False,0.984375,1,False,0.984375,1,False,0.984375,True,False,1,0
1133,3,bar_a,49827,49890,32,1,False,0.984375,1,False,0.984375,1,False,0.984375,True,False,1,0
1134,3,bar_a,50016,49953,32,1,False,0.984375,1,False,0.984375,1,False,0.984375,True,False,1,0
1135,3,bar_a,50135,50198,32,1,False,0.984375,1,False,0.984375,1,False,0.984375,True,False,1,0
1136,3,bar_a,50142,50205,32,1,False,0.984375,1,False,0.984375,1,False,0.984375,True,False,1,0
1137,3,bar_a,50331,50268,32,1,False,0.984375,1,False,0.984375,1,False,0.984375,True,False,1,0
1138,3,bar_a,50450,50513,32,1,False,0.984375,1,False,0.984375,1,False,0.984375,True,False,1,0
1139,3,bar_a,50457,50520,32,1,False,0.984375,1,False,0.984375,1,False,0.984375,True,False,1,0
1140,3,bar_a,50765,50828,32,1,False,0.984375,1,False,0.984375,1,False,0.984375,True,False,1,0
1141,3,bar_a,50772,50835,32,1,False,0.984375,1,False,0.984375,1,False,0.984375,True,False,1,0
1142,3,bar_a,51080,51143,32,1,False,0.984375,1,False,0.984375,1,False,0.984375,True,False,1,0
1143,3,bar_a,51087,51150,32,1,False,0.984375,1,False,0.984375,1,False,0.984375,True,False,1,0
1144,3,bar_a,51395,51458,32,1,False,0.984375,1,False,0.984375,1,False,0.984375,True,False,1,0
1145,3,bar_a,51402,51465,32,1,False,0.984375,1,False,0.984375,1,False,0.984375,True,False,1,0
1146,3,bar_a,51591,51528,32,1,False,0.984375,1,False,0.984375,1,False,0.984375,True,False,1,0
1147,3,bar_a,51710,51773,32,1,False,0.984375,1,False,0.984375,1,False,0.984375,True,False,1,0
1148,3,bar_a,51717,51780,32,1,False,0.984375,1,False,0.984375,1,False,0.984375,True,False,1,0
1149,3,bar_a,51906,51843,32,1,False,0.984375,1,False,0.984375,1,False,0.984375,True,False,1,0
1150,3,bar_a,52970,53033,32,1,False,0.984375,1,False,0.984375,1,False,0.984375,True,False,1,0
1151,3,bar_a,52977,53040,32,1,False,0.984375,1,False,0.984375,1,False,0.984375,True,False,1,0
1152,3,bar_a,53166,53103,32,1,False,0.984375,1,False,0.984375,1,False,0.984375,True,False,1,0
1153,3,bar_a,53285,53348,32,1,False,0.984375,1,False,0.984375,1,False,0.984375,True,False,1,0
1154,3,bar_a,53292,53355,32,1,False,0.984375,1,False,0.984375,1,False,0.984375,True,False,1,0
1155,3,bar_a,53481,53418,32,1,False,0.984375,1,False,0.984375,1,False,0.984375,True,False,1,0
1156,3,bar_a,54545,54608,32,1,False,0.984375,1,False,0.984375,1,False,0.984375,True,False,1,0
1157,3,bar_a,54552,54615,32,1,False,0.984375,1,False,0.984375,1,False,0.984375,True,False,1,0
1158,3,bar_a,54860,54923,32,1,False,0.984375,1,False,0.984375,1,False,0.984375,True,False,1,0
1159,3,bar_a,54867,54930,32,1,False,0.984375,1,False,0.984375,1,False,0.984375,True,False,1,0
1160,3,bar_a,56120,56183,32,1,False,0.984375,1,False,0.984375,1,False,0.984375,True,False,1,0
1161,3,bar_a,56127,56190,32,1,False,0.984375,1,False,0.984375,1,False,0.984375,True,False,1,0
1162,3,bar_a,56435,56498,32,1,False,0.984375,1,False,0.984375,1,False,0.984375,True,False,1,0
1163,3,bar_a,56442,56505,32,1,False,0.984375,1,False,0.984375,1,False,0.984375,True,False,1,0
1164,3,bar_a,63246,63183,32,1,False,0.984375,1,False,0.984375,1,False,0.984375,True,False,1,0
1165,3,bar_a,63561,63498,32,1,False,0.984375,1,False,0.984375,1,False,0.984375,True,False,1,0
1166,3,bar_a,63876,63813,32,1,False,0.984375,1,False,0.984375,1,False,0.984375,True,False,1,0
1167,3,bar_a,64191,64128,32,1,False,0.984375,1,False,0.984375,1,False,0.984375,True,False,1,0
1168,3,bar_a,64506,64443,32,1,False,0.984375,1,False,0.984375,1,False,0.984375,True,False,1,0
1169,3,bar_a,64625,64688,32,1,False,0.984375,1,False,0.984375,1,False,0.984375,True,False,1,0
1170,3,bar_a,64632,64695,32,1,False,0.984375,1,False,0.984375,1,False,0.984375,True,False,1,0
1171,3,bar_a,64821,64758,32,1,False,0.984375,1,False,0.984375,1,False,0.984375,True,False,1,0
1172,3,bar_a,64940,65003,32,1,False,0.984375,1,False,0.984375,1,False,0.984375,True,False,1,0
1173,3,bar_a,64947,65010,32,1,False,0.984375,1,False,0.984375,1,False,0.984375,True,False,1,0
1174,3,bar_a,65136,65073,32,1,False,0.984375,1,False,0.984375,1,False,0.984375,True,False,1,0
1175,3,bar_a,65255,65318,32,1,False,0.984375,1,False,0.984375,1,False,0.984375,True,False,1,0
1176,3,bar_a,65262,65325,32,1,False,0.984375,1,False,0.984375,1,False,0.984375,True,False,1,0
1177,3,bar_a,65451,65388,32,1,False,0.984375,1,False,0.984375,1,False,0.984375,True,False,1,0
1178,3,bar_a,65570,65633,32,1,False,0.984375,1,False,0.984375,1,False,0.984375,True,False,1,0
1179,3,bar_a,65577,65640,32,1,False,0.984375,1,False,0.984375,1,False,0.984375,True,False,1,0
1180,3,bar_a,65766,65703,32,1,False,0.984375,1,False,0.984375,1,False,0.984375,True,False,1,0
1181,3,bar_a,65885,65948,32,1,False,0.984375,1,False,0.984375,1,False,0.984375,True,False,1,0
1182,3,bar_a,65892,65955,32,1,False,0.984375,1,False,0.984375,1,False,0.984375,True,False,1,0
1183,3,bar_a,66081,66018,32,1,False,0.984375,1,False,0.984375,1,False,0.984375,True,False,1,0
1184,3,bar_a,66200,66263,32,1,False,0.984375,1,False,0.984375,1,False,0.984375,True,False,1,0
1185,3,bar_a,66207,66270,32,1,False,0.984375,1,False,0.984375,1,False,0.984375,True,False,1,0
1186,3,bar_a,66396,66333,32,1,False,0.984375,1,False,0.984375,1,False,0.984375,True,False,1,0
1187,3,bar_a,66515,66578,32,1,False,0.984375,1,False,0.984375,1,False,0.984375,True,False,1,0
1188,3,bar_a,66522,66585,32,1,False,0.984375,1,False,0.984375,1,False,0.984375,True,False,1,0
1189,3,bar_a,66711,66648,32,1,False,0.984375,1,False,0.984375,1,False,0.984375,True,False,1,0
1190,3,bar_a,66830,66893,32,1,False,0.984375,1,False,0.984375,1,False,0.984375,True,False,1,0
1191,3,bar_a,66837,66900,32,1,False,0.984375,1,False,0.984375,1,False,0.984375,True,False,1,0
1192,3,bar_a,67026,66963,32,1,False,0.984375,1,False,0.984375,1,False,0.984375,True,False,1,0
1193,3,bar_a,67145,67208,32,1,False,0.984375,1,False,0.984375,1,False,0.984375,True,False,1,0
1194,3,bar_a,67152,67215,32,1,False,0.984375,1,False,0.984375,1,False,0.984375,True,False,1,0
1195,3,bar_a,67341,67278,32,1,False,0.984375,1,False,0.984375,1,False,0.984375,True,False,1,0
1196,3,bar_a,67460,67523,32,1,False,0.984375,1,False,0.984375,1,False,0.984375,True,False,1,0
1197,3,bar_a,67467,67530,32,1,False,0.984375,1,False,0.984375,1,False,0.984375,True,False,1,0
1198,3,bar_a,67656,67593,32,1,False,0.984375,1,False,0.984375,1,False,0.984375,True,False,1,0
1199,3,bar_a,67775,67838,32,1,False,0.984375,1,False,0.984375,1,False,0.984375,True,False,1,0
1200,3,bar_a,67782,67845,32,1,False,0.984375,1,False,0.984375,1,False,0.984375,True,False,1,0
1201,3,bar_a,67971,67908,32,1,False,0.984375,1,False,0.984375,1,False,0.984375,True,False,1,0
1202,3,bar_a,68090,68153,32,1,False,0.984375,1,False,0.984375,1,False,0.984375,True,False,1,0
1203,3,bar_a,68097,68160,32,1,False,0.984375,1,False,0.984375,1,False,0.984375,True,False,1,0
1204,3,bar_a,68286,68223,32,1,False,0.984375,1,False,0.984375,1,False,0.984375,True,False,1,0
1205,3,bar_a,68405,68468,32,1,False,0.984375,1,False,0.984375,1,False,0.984375,True,False,1,0
1206,3,bar_a,68412,68475,32,1,False,0.984375,1,False,0.984375,1,False,0.984375,True,False,1,0
1207,3,bar_a,68601,68538,32,1,False,0.984375,1,False,0.984375,1,False,0.984375,True,False,1,0
1208,3,bar_a,68720,68783,32,1,False,0.984375,1,False,0.984375,1,False,0.984375,True,False,1,0
1209,3,bar_a,68727,68790,32,1,False,0.984375,1,False,0.984375,1,False,0.984375,True,False,1,0
1210,3,bar_a,68916,68853,32,1,False,0.984375,1,False,0.984375,1,False,0.984375,True,False,1,0
1211,3,bar_a,69035,69098,32,1,False,0.984375,1,False,0.984375,1,False,0.984375,True,False,1,0
1212,3,bar_a,69042,69105,32,1,False,0.984375,1,False,0.984375,1,False,0.984375,True,False,1,0
1213,3,bar_a,69231,69168,32,1,False,0.984375,1,False,0.984375,1,False,0.984375,True,False,1,0
1214,3,bar_a,69350,69413,32,1,False,0.984375,1,False,0.984375,1,False,0.984375,True,False,1,0
1215,3,bar_a,69357,69420,32,1,False,0.984375,1,False,0.984375,1,False,0.984375,True,False,1,0
1216,3,bar_a,69546,69483,32,1,False,0.984375,1,False,0.984375,1,False,0.984375,True,False,1,0
1217,3,bar_a,69665,69728,32,1,False,0.984375,1,False,0.984375,1,False,0.984375,True,False,1,0
1218,3,bar_a,69672,69735,32,1,False,0.984375,1,False,0.984375,1,False,0.984375,True,False,1,0
1219,3,bar_a,69861,69798,32,1,False,0.984375,1,False,0.984375,1,False,0.984375,True,False,1,0
1220,3,bar_a,69980,70043,32,1,False,0.984375,1,False,0.984375,1,False,0.984375,True,False,1,0
1221,3,bar_a,69987,70050,32,1,False,0.984375,1,False,0.984375,1,False,0.984375,True,False,1,0
1222,3,bar_a,70176,70113,32,1,False,0.984375,1,False,0.984375,1,False,0.984375,True,False,1,0
1223,3,bar_a,70295,70358,32,1,False,0.984375,1,False,0.984375,1,False,0.984375,True,False,1,0
1224,3,bar_a,70302,70365,32,1,False,0.984375,1,False,0.984375,1,False,0.984375,True,False,1,0
1225,3,bar_a,70491,70428,32,1,False,0.984375,1,False,0.984375,1,False,0.984375,True,False,1,0
1226,3,bar_a,70610,70673,32,1,False,0.984375,1,False,0.984375,1,False,0.984375,True,False,1,0
1227,3,bar_a,70617,70680,32,1,False,0.984375,1,False,0.984375,1,False,0.984375,True,False,1,0
1228,3,bar_a,70806,70743,32,1,False,0.984375,1,False,0.984375,1,False,0.984375,True,False,1,0
1229,3,bar_a,70925,70988,32,1,False,0.984375,1,False,0.984375,1,False,0.984375,True,False,1,0
1230,3,bar_a,70932,70995,32,1,False,0.984375,1,False,0.984375,1,False,0.984375,True,False,1,0
1231,3,bar_a,71121,71058,32,1,False,0.984375,1,False,0.984375,1,False,0.984375,True,False,1,0
1232,3,bar_a,71240,71303,32,1,False,0.984375,1,False,0.984375,1,False,0.984375,True,False,1,0
1233,3,bar_a,71247,71310,32,1,False,0.984375,1,False,0.984375,1,False,0.984375,True,False,1,0
1234,3,bar_a,71436,71373,32,1,False,0.984375,1,False,0.984375,1,False,0.984375,True,False,1,0
1235,3,bar_a,71555,71618,32,1,False,0.984375,1,False,0.984375,1,False,0.984375,True,False,1,0
1236,3,bar_a,71562,71625,32,1,False,0.984375,1,False,0.984375,1,False,0.984375,True,False,1,0
1237,3,bar_a,71751,71688,32,1,False,0.984375,1,False,0.984375,1,False,0.984375,True,False,1,0
1238,3,bar_a,71870,71933,32,1,False,0.984375,1,False,0.984375,1,False,0.984375,True,False,1,0
1239,3,bar_a,71877,71940,32,1,False,0.984375,1,False,0.984375,1,False,0.984375,True,False,1,0
1240,3,bar_a,72066,72003,32,1,False,0.984375,1,False,0.984375,1,False,0.984375,True,False,1,0
1241,3,bar_a,72185,72248,32,1,False,0.984375,1,False,0.984375,1,False,0.984375,True,False,1,0
1242,3,bar_a,72192,72255,32,1,False,0.984375,1,False,0.984375,1,False,0.984375,True,False,1,0
1243,3,bar_a,72381,72318,32,1,False,0.984375,1,False,0.984375,1,False,0.984375,True,False,1,0
1244,3,bar_a,72500,72563,32,1,False,0.984375,1,False,0.984375,1,False,0.984375,True,False,1,0
1245,3,bar_a,72507,72570,32,1,False,0.984375,1,False,0.984375,1,False,0.984375,True,False,1,0
1246,3,bar_a,72696,72633,32,1,False,0.984375,1,False,0.984375,1,False,0.984375,True,False,1,0
1247,3,bar_a,72815,72878,32,1,False,0.984375,1,False,0.984375,1,False,0.984375,True,False,1,0
1248,3,bar_a,72822,72885,32,1,False,0.984375,1,False,0.984375,1,False,0.984375,True,False,1,0
1249,3,bar_a,73011,72948,32,1,False,0.984375,1,False,0.984375,1,False,0.984375,True,False,1,0
1250,3,bar_a,73130,73193,32,1,False,0.984375,1,False,0.984375,1,False,0.984375,True,False,1,0
1251,3,bar_a,73137,73200,32,1,False,0.984375,1,False,0.984375,1,False,0.984375,True,False,1,0
1252,3,bar_a,73326,73263,32,1,False,0.984375,1,False,0.984375,1,False,0.984375,True,False,1,0
1253,3,bar_a,73445,73508,32,1,False,0.984375,1,False,0.984375,1,False,0.984375,True,False,1,0
1254,3,bar_a,73452,73515,32,1,False,0.984375,1,False,0.984375,1,False,0.984375,True,False,1,0
1255,3,bar_a,73641,73578,32,1,False,0.984375,1,False,0.984375,1,False,0.984375,True,False,1,0
1256,3,bar_a,73760,73823,32,1,False,0.984375,1,False,0.984375,1,False,0.984375,True,False,1,0
1257,3,bar_a,73767,73830,32,1,False,0.984375,1,False,0.984375,1,False,0.984375,True,False,1,0
1258,3,bar_a,73956,73893,32,1,False,0.984375,1,False,0.984375,1,False,0.984375,True,False,1,0
1259,3,bar_a,74075,74138,32,1,False,0.984375,1,False,0.984375,1,False,0.984375,True,False,1,0
1260,3,bar_a,74082,74145,32,1,False,0.984375,1,False,0.984375,1,False,0.984375,True,False,1,0
1261,3,bar_a,74390,74453,32,1,False,0.984375,1,False,0.984375,1,False,0.984375,True,False,1,0
1262,3,bar_a,74397,74460,32,1,False,0.984375,1,False,0.984375,1,False,0.984375,True,False,1,0
1263,3,bar_a,74705,74768,32,1,False,0.984375,1,False,0.984375,1,False,0.984375,True,False,1,0
1264,3,bar_a,74712,74775,32,1,False,0.984375,1,False,0.984375,1,False,0.984375,True,False,1,0
1265,3,bar_a,75020,75083,32,1,False,0.984375,1,False,0.984375,1,False,0.984375,True,False,1,0
1266,3,bar_a,75027,75090,32,1,False,0.984375,1,False,0.984375,1,False,0.984375,True,False,1,0
1267,3,bar_a,75216,75153,32,1,False,0.984375,1,False,0.984375,1,False,0.984375,True,False,1,0
1268,3,bar_a,75335,75398,32,1,False,0.984375,1,False,0.984375,1,False,0.984375,True,False,1,0
1269,3,bar_a,75342,75405,32,1,False,0.984375,1,False,0.984375,1,False,0.984375,True,False,1,0
1270,3,bar_a,75531,75468,32,1,False,0.984375,1,False,0.984375,1,False,0.984375,True,False,1,0
1271,3,bar_a,75650,75713,32,1,False,0.984375,1,False,0.984375,1,False,0.984375,True,False,1,0
1272,3,bar_a,75657,75720,32,1,False,0.984375,1,False,0.984375,1,False,0.984375,True,False,1,0
1273,3,bar_a,75965,76028,32,1,False,0.984375,1,False,0.984375,1,False,0.984375,True,False,1,0
1274,3,bar_a,75972,76035,32,1,False,0.984375,1,False,0.984375,1,False,0.984375,True,False,1,0
1275,3,bar_a,76280,76343,32,1,False,0.984375,1,False,0.984375,1,False,0.984375,True,False,1,0
1276,3,bar_a,76287,76350,32,1,False,0.984375,1,False,0.984375,1,False,0.984375,True,False,1,0
1277,3,bar_a,76595,76658,32,1,False,0.984375,1,False,0.984375,1,False,0.984375,True,False,1,0
1278,3,bar_a,76602,76665,32,1,False,0.984375,1,False,0.984375,1,False,0.984375,True,False,1,0
1279,3,bar_a,76791,76728,32,1,False,0.984375,1,False,0.984375,1,False,0.984375,True,False,1,0
1280,3,bar_a,76910,76973,32,1,False,0.984375,1,False,0.984375,1,False,0.984375,True,False,1,0
1281,3,bar_a,76917,76980,32,1,False,0.984375,1,False,0.984375,1,False,0.984375,True,False,1,0
1282,3,bar_a,77106,77043,32,1,False,0.984375,1,False,0.984375,1,False,0.984375,True,False,1,0
1283,3,bar_a,78170,78233,32,1,False,0.984375,1,False,0.984375,1,False,0.984375,True,False,1,0
1284,3,bar_a,78177,78240,32,1,False,0.984375,1,False,0.984375,1,False,0.984375,True,False,1,0
1285,3,bar_a,78366,78303,32,1,False,0.984375,1,False,0.984375,1,False,0.984375,True,False,1,0
1286,3,bar_a,78485,78548,32,1,False,0.984375,1,False,0.984375,1,False,0.984375,True,False,1,0
1287,3,bar_a,78492,78555,32,1,False,0.984375,1,False,0.984375,1,False,0.984375,True,False,1,0
1288,3,bar_a,78681,78618,32,1,False,0.984375,1,False,0.984375,1,False,0.984375,True,False,1,0
1289,3,bar_a,79745,79808,32,1,False,0.984375,1,False,0.984375,1,False,0.984375,True,False,1,0
1290,3,bar_a,79752,79815,32,1,False,0.984375,1,False,0.984375,1,False,0.984375,True,False,1,0
1291,3,bar_a,80060,80123,32,1,False,0.984375,1,False,0.984375,1,False,0.984375,True,False,1,0
1292,3,bar_a,80067,80130,32,1,False,0.984375,1,False,0.984375,1,False,0.984375,True,False,1,0
1293,3,bar_a,83721,83658,32,1,False,0.984375,1,False,0.984375,1,False,0.984375,True,False,1,0
1294,3,bar_a,84036,83973,32,1,False,0.984375,1,False,0.984375,1,False,0.984375,True,False,1,0
1295,3,bar_a,84351,84288,32,1,False,0.984375,1,False,0.984375,1,False,0.984375,True,False,1,0
1296,3,bar_a,84666,84603,32,1,False,0.984375,1,False,0.984375,1,False,0.984375,True,False,1,0
1297,3,bar_a,84981,84918,32,1,False,0.984375,1,False,0.984375,1,False,0.984375,True,False,1,0
1298,3,bar_a,85100,85163,32,1,False,0.984375,1,False,0.984375,1,False,0.984375,True,False,1,0
1299,3,bar_a,85107,85170,32,1,False,0.984375,1,False,0.984375,1,False,0.984375,True,False,1,0
1300,3,bar_a,85296,85233,32,1,False,0.984375,1,False,0.984375,1,False,0.984375,True,False,1,0
1301,3,bar_a,85415,85478,32,1,False,0.984375,1,False,0.984375,1,False,0.984375,True,False,1,0
1302,3,bar_a,85422,85485,32,1,False,0.984375,1,False,0.984375,1,False,0.984375,True,False,1,0
1303,3,bar_a,85611,85548,32,1,False,0.984375,1,False,0.984375,1,False,0.984375,True,False,1,0
1304,3,bar_a,85730,85793,32,1,False,0.984375,1,False,0.984375,1,False,0.984375,True,False,1,0
1305,3,bar_a,85737,85800,32,1,False,0.984375,1,False,0.984375,1,False,0.984375,True,False,1,0
1306,3,bar_a,85926,85863,32,1,False,0.984375,1,False,0.984375,1,False,0.984375,True,False,1,0
1307,3,bar_a,86045,86108,32,1,False,0.984375,1,False,0.984375,1,False,0.984375,True,False,1,0
1308,3,bar_a,86052,86115,32,1,False,0.984375,1,False,0.984375,1,False,0.984375,True,False,1,0
1309,3,bar_a,86241,86178,32,1,False,0.984375,1,False,0.984375,1,False,0.984375,True,False,1,0
1310,3,bar_a,86360,86423,32,1,False,0.984375,1,False,0.984375,1,False,0.984375,True,False,1,0
1311,3,bar_a,86367,86430,32,1,False,0.984375,1,False,0.984375,1,False,0.984375,True,False,1,0
1312,3,bar_a,86556,86493,32,1,False,0.984375,1,False,0.984375,1,False,0.984375,True,False,1,0
1313,3,bar_a,86675,86738,32,1,False,0.984375,1,False,0.984375,1,False,0.984375,True,False,1,0
1314,3,bar_a,86682,86745,32,1,False,0.984375,1,False,0.984375,1,False,0.984375,True,False,1,0
1315,3,bar_a,86871,86808,32,1,False,0.984375,1,False,0.984375,1,False,0.984375,True,False,1,0
1316,3,bar_a,86990,87053,32,1,False,0.984375,1,False,0.984375,1,False,0.984375,True,False,1,0
1317,3,bar_a,86997,87060,32,1,False,0.984375,1,False,0.984375,1,False,0.984375,True,False,1,0
1318,3,bar_a,87186,87123,32,1,False,0.984375,1,False,0.984375,1,False,0.984375,True,False,1,0
1319,3,bar_a,87305,87368,32,1,False,0.984375,1,False,0.984375,1,False,0.984375,True,False,1,0
1320,3,bar_a,87312,87375,32,1,False,0.984375,1,False,0.984375,1,False,0.984375,True,False,1,0
1321,3,bar_a,87501,87438,32,1,False,0.984375,1,False,0.984375,1,False,0.984375,True,False,1,0
1322,3,bar_a,87620,87683,32,1,False,0.984375,1,False,0.984375,1,False,0.984375,True,False,1,0
1323,3,bar_a,87627,87690,32,1,False,0.984375,1,False,0.984375,1,False,0.984375,True,False,1,0
1324,3,bar_a,87816,87753,32,1,False,0.984375,1,False,0.984375,1,False,0.984375,True,False,1,0
1325,3,bar_a,87935,87998,32,1,False,0.984375,1,False,0.984375,1,False,0.984375,True,False,1,0
1326,3,bar_a,87942,88005,32,1,False,0.984375,1,False,0.984375,1,False,0.984375,True,False,1,0
1327,3,bar_a,88131,88068,32,1,False,0.984375,1,False,0.984375,1,False,0.984375,True,False,1,0
1328,3,bar_a,88250,88313,32,1,False,0.984375,1,False,0.984375,1,False,0.984375,True,False,1,0
1329,3,bar_a,88257,88320,32,1,False,0.984375,1,False,0.984375,1,False,0.984375,True,False,1,0
1330,3,bar_a,88446,88383,32,1,False,0.984375,1,False,0.984375,1,False,0.984375,True,False,1,0
1331,3,bar_a,88565,88628,32,1,False,0.984375,1,False,0.984375,1,False,0.984375,True,False,1,0
1332,3,bar_a,88572,88635,32,1,False,0.984375,1,False,0.984375,1,False,0.984375,True,False,1,0
1333,3,bar_a,88761,88698,32,1,False,0.984375,1,False,0.984375,1,False,0.984375,True,False,1,0
1334,3,bar_a,88880,88943,32,1,False,0.984375,1,False,0.984375,1,False,0.984375,True,False,1,0
1335,3,bar_a,88887,88950,32,1,False,0.984375,1,False,0.984375,1,False,0.984375,True,False,1,0
1336,3,bar_a,89076,89013,32,1,False,0.984375,1,False,0.984375,1,False,0.984375,True,False,1,0
1337,3,bar_a,89195,89258,32,1,False,0.984375,1,False,0.984375,1,False,0.984375,True,False,1,0
1338,3,bar_a,89202,89265,32,1,False,0.984375,1,False,0.984375,1,False,0.984375,True,False,1,0
1339,3,bar_a,89391,89328,32,1,False,0.984375,1,False,0.984375,1,False,0.984375,True,False,1,0
1340,3,bar_a,89510,89573,32,1,False,0.984375,1,False,0.984375,1,False,0.984375,True,False,1,0
1341,3,bar_a,89517,89580,32,1,False,0.984375,1,False,0.984375,1,False,0.984375,True,False,1,0
1342,3,bar_a,89706,89643,32,1,False,0.984375,1,False,0.984375,1,False,0.984375,True,False,1,0
1343,3,bar_a,89825,89888,32,1,False,0.984375,1,False,0.984375,1,False,0.984375,True,False,1,0
1344,3,bar_a,89832,89895,32,1,False,0.984375,1,False,0.984375,1,False,0.984375,True,False,1,0
1345,3,bar_a,90021,89958,32,1,False,0.984375,1,False,0.984375,1,False,0.984375,True,False,1,0
1346,3,bar_a,90140,90203,32,1,False,0.984375,1,False,0.984375,1,False,0.984375,True,False,1,0
1347,3,bar_a,90147,90210,32,1,False,0.984375,1,False,0.984375,1,False,0.984375,True,False,1,0
1348,3,bar_a,90336,90273,32,1,False,0.984375,1,False,0.984375,1,False,0.984375,True,False,1,0
1349,3,bar_a,90455,90518,32,1,False,0.984375,1,False,0.984375,1,False,0.984375,True,False,1,0
1350,3,bar_a,90462,90525,32,1,False,0.984375,1,False,0.984375,1,False,0.984375,True,False,1,0
1351,3,bar_a,90651,90588,32,1,False,0.984375,1,False,0.984375,1,False,0.984375,True,False,1,0
1352,3,bar_a,90770,90833,32,1,False,0.984375,1,False,0.984375,1,False,0.984375,True,False,1,0
1353,3,bar_a,90777,90840,32,1,False,0.984375,1,False,0.984375,1,False,0.984375,True,False,1,0
1354,3,bar_a,90966,90903,32,1,False,0.984375,1,False,0.984375,1,False,0.984375,True,False,1,0
1355,3,bar_a,91085,91148,32,1,False,0.984375,1,False,0.984375,1,False,0.984375,True,False,1,0
1356,3,bar_a,91092,91155,32,1,False,0.984375,1,False,0.984375,1,False,0.984375,True,False,1,0
1357,3,bar_a,91281,91218,32,1,False,0.984375,1,False,0.984375,1,False,0.984375,True,False,1,0
1358,3,bar_a,91400,91463,32,1,False,0.984375,1,False,0.984375,1,False,0.984375,True,False,1,0
1359,3,bar_a,91407,91470,32,1,False,0.984375,1,False,0.984375,1,False,0.984375,True,False,1,0
1360,3,bar_a,91596,91533,32,1,False,0.984375,1,False,0.984375,1,False,0.984375,True,False,1,0
1361,3,bar_a,91715,91778,32,1,False,0.984375,1,False,0.984375,1,False,0.984375,True,False,1,0
1362,3,bar_a,91722,91785,32,1,False,0.984375,1,False,0.984375,1,False,0.984375,True,False,1,0
1363,3,bar_a,91911,91848,32,1,False,0.984375,1,False,0.984375,1,False,0.984375,True,False,1,0
1364,3,bar_a,92030,92093,32,1,False,0.984375,1,False,0.984375,1,False,0.984375,True,False,1,0
1365,3,bar_a,92037,92100,32,1,False,0.984375,1,False,0.984375,1,False,0.984375,True,False,1,0
1366,3,bar_a,92226,92163,32,1,False,0.984375,1,False,0.984375,1,False,0.984375,True,False,1,0
1367,3,bar_a,92345,92408,32,1,False,0.984375,1,False,0.984375,1,False,0.984375,True,False,1,0
1368,3,bar_a,92352,92415,32,1,False,0.984375,1,False,0.984375,1,False,0.984375,True,False,1,0
1369,3,bar_a,92541,92478,32,1,False,0.984375,1,False,0.984375,1,False,0.984375,True,False,1,0
1370,3,bar_a,92660,92723,32,1,False,0.984375,1,False,0.984375,1,False,0.984375,True,False,1,0
1371,3,bar_a,92667,92730,32,1,False,0.984375,1,False,0.984375,1,False,0.984375,True,False,1,0
1372,3,bar_a,92856,92793,32,1,False,0.984375,1,False,0.984375,1,False,0.984375,True,False,1,0
1373,3,bar_a,92975,93038,32,1,False,0.984375,1,False,0.984375,1,False,0.984375,True,False,1,0
1374,3,bar_a,92982,93045,32,1,False,0.984375,1,False,0.984375,1,False,0.984375,True,False,1,0
1375,3,bar_a,93171,93108,32,1,False,0.984375,1,False,0.984375,1,False,0.984375,True,False,1,0
1376,3,bar_a,93290,93353,32,1,False,0.984375,1,False,0.984375,1,False,0.984375,True,False,1,0
1377,3,bar_a,93297,93360,32,1,False,0.984375,1,False,0.984375,1,False,0.984375,True,False,1,0
1378,3,bar_a,93486,93423,32,1,False,0.984375,1,False,0.984375,1,False,0.984375,True,False,1,0
1379,3,bar_a,93605,93668,32,1,False,0.984375,1,False,0.984375,1,False,0.984375,True,False,1,0
1380,3,bar_a,93612,93675,32,1,False,0.984375,1,False,0.984375,1,False,0.984375,True,False,1,0
1381,3,bar_a,93801,93738,32,1,False,0.984375,1,False,0.984375,1,False,0.984375,True,False,1,0
1382,3,bar_a,93920,93983,32,1,False,0.984375,1,False,0.984375,1,False,0.984375,True,False,1,0
1383,3,bar_a,93927,93990,32,1,False,0.984375,1,False,0.984375,1,False,0.984375,True,False,1,0
1384,3,bar_a,94116,94053,32,1,False,0.984375,1,False,0.984375,1,False,0.984375,True,False,1,0
1385,3,bar_a,94235,94298,32,1,False,0.984375,1,False,0.984375,1,False,0.984375,True,False,1,0
1386,3,bar_a,94242,94305,32,1,False,0.984375,1,False,0.984375,1,False,0.984375,True,False,1,0
1387,3,bar_a,94431,94368,32,1,False,0.984375,1,False,0.984375,1,False,0.984375,True,False,1,0
1388,3,bar_a,94550,94613,32,1,False,0.984375,1,False,0.984375,1,False,0.984375,True,False,1,0
1389,3,bar_a,94557,94620,32,1,False,0.984375,1,False,0.984375,1,False,0.984375,True,False,1,0
1390,3,bar_a,94746,94683,32,1,False,0.984375,1,False,0.984375,1,False,0.984375,True,False,1,0
1391,3,bar_a,94865,94928,32,1,False,0.984375,1,False,0.984375,1,False,0.984375,True,False,1,0
1392,3,bar_a,94872,94935,32,1,False,0.984375,1,False,0.984375,1,False,0.984375,True,False,1,0
1393,3,bar_a,95061,94998,32,1,False,0.984375,1,False,0.984375,1,False,0.984375,True,False,1,0
1394,3,bar_a,95180,95243,32,1,False,0.984375,1,False,0.984375,1,False,0.984375,True,False,1,0
1395,3,bar_a,95187,95250,32,1,False,0.984375,1,False,0.984375,1,False,0.984375,True,False,1,0
1396,3,bar_a,95376,95313,32,1,False,0.984375,1,False,0.984375,1,False,0.984375,True,False,1,0
1397,3,bar_a,95495,95558,32,1,False,0.984375,1,False,0.984375,1,False,0.984375,True,False,1,0
1398,3,bar_a,95502,95565,32,1,False,0.984375,1,False,0.984375,1,False,0.984375,True,False,1,0
1399,3,bar_a,95691,95628,32,1,False,0.984375,1,False,0.984375,1,False,0.984375,True,False,1,0
1400,3,bar_a,95810,95873,32,1,False,0.984375,1,False,0.984375,1,False,0.984375,True,False,1,0
1401,3,bar_a,95817,95880,32,1,False,0.984375,1,False,0.984375,1,False,0.984375,True,False,1,0
1402,3,bar_a,96006,95943,32,1,False,0.984375,1,False,0.984375,1,False,0.984375,True,False,1,0
1403,3,bar_a,96125,96188,32,1,False,0.984375,1,False,0.984375,1,False,0.984375,True,False,1,0
1404,3,bar_a,96132,96195,32,1,False,0.984375,1,False,0.984375,1,False,0.984375,True,False,1,0
1405,3,bar_a,96321,96258,32,1,False,0.984375,1,False,0.984375,1,False,0.984375,True,False,1,0
1406,3,bar_a,96440,96503,32,1,False,0.984375,1,False,0.984375,1,False,0.984375,True,False,1,0
1407,3,bar_a,96447,96510,32,1,False,0.984375,1,False,0.984375,1,False,0.984375,True,False,1,0
1408,3,bar_a,96636,96573,32,1,False,0.984375,1,False,0.984375,1,False,0.984375,True,False,1,0
1409,3,bar_a,96755,96818,32,1,False,0.984375,1,False,0.984375,1,False,0.984375,True,False,1,0
1410,3,bar_a,96762,96825,32,1,False,0.984375,1,False,0.984375,1,False,0.984375,True,False,1,0
1411,3,bar_a,96951,96888,32,1,False,0.984375,1,False,0.984375,1,False,0.984375,True,False,1,0
1412,3,bar_a,97070,97133,32,1,False,0.984375,1,False,0.984375,1,False,0.984375,True,False,1,0
1413,3,bar_a,97077,97140,32,1,False,0.984375,1,False,0.984375,1,False,0.984375,True,False,1,0
1414,3,bar_a,97266,97203,32,1,False,0.984375,1,False,0.984375,1,False,0.984375,True,False,1,0
1415,3,bar_a,97385,97448,32,1,False,0.984375,1,False,0.984375,1,False,0.984375,True,False,1,0
1416,3,bar_a,97392,97455,32,1,False,0.984375,1,False,0.984375,1,False,0.984375,True,False,1,0
1417,3,bar_a,97581,97518,32,1,False,0.984375,1,False,0.984375,1,False,0.984375,True,False,1,0
1418,3,bar_a,97700,97763,32,1,False,0.984375,1,False,0.984375,1,False,0.984375,True,False,1,0
1419,3,bar_a,97707,97770,32,1,False,0.984375,1,False,0.984375,1,False,0.984375,True,False,1,0
1420,3,bar_a,97896,97833,32,1,False,0.984375,1,False,0.984375,1,False,0.984375,True,False,1,0
1421,3,bar_a,98015,98078,32,1,False,0.984375,1,False,0.984375,1,False,0.984375,True,False,1,0
1422,3,bar_a,98022,98085,32,1,False,0.984375,1,False,0.984375,1,False,0.984375,True,False,1,0
1423,3,bar_a,98211,98148,32,1,False,0.984375,1,False,0.984375,1,False,0.984375,True,False,1,0
1424,3,bar_a,98330,98393,32,1,False,0.984375,1,False,0.984375,1,False,0.984375,True,False,1,0
1425,3,bar_a,98337,98400,32,1,False,0.984375,1,False,0.984375,1,False,0.984375,True,False,1,0
1426,3,bar_a,98526,98463,32,1,False,0.984375,1,False,0.984375,1,False,0.984375,True,False,1,0
1427,3,bar_a,98645,98708,32,1,False,0.984375,1,False,0.984375,1,False,0.984375,True,False,1,0
1428,3,bar_a,98652,98715,32,1,False,0.984375,1,False,0.984375,1,False,0.984375,True,False,1,0
1429,3,bar_a,98841,98778,32,1,False,0.984375,1,False,0.984375,1,False,0.984375,True,False,1,0
1430,3,bar_a,98960,99023,32,1,False,0.984375,1,False,0.984375,1,False,0.984375,True,False,1,0
1431,3,bar_a,98967,99030,32,1,False,0.984375,1,False,0.984375,1,False,0.984375,True,False,1,0
1432,3,bar_a,99156,99093,32,1,False,0.984375,1,False,0.984375,1,False,0.984375,True,False,1,0
1433,3,bar_a,99275,99338,32,1,False,0.984375,1,False,0.984375,1,False,0.984375,True,False,1,0
1434,3,bar_a,99282,99345,32,1,False,0.984375,1,False,0.984375,1,False,0.984375,True,False,1,0
1435,3,bar_a,99590,99653,32,1,False,0.984375,1,False,0.984375,1,False,0.984375,True,False,1,0
1436,3,bar_a,99597,99660,32,1,False,0.984375,1,False,0.984375,1,False,0.984375,True,False,1,0
1437,3,bar_a,99905,99968,32,1,False,0.984375,1,False,0.984375,1,False,0.984375,True,False,1,0
1438,3,bar_a,99912,99975,32,1,False,0.984375,1,False,0.984375,1,False,0.984375,True,False,1,0
1439,3,bar_a,100220,100283,32,1,False,0.984375,1,False,0.984375,1,False,0.984375,True,False,1,0
1440,3,bar_a,100227,100290,32,1,False,0.984375,1,False,0.984375,1,False,0.984375,True,False,1,0
1441,3,bar_a,100416,100353,32,1,False,0.984375,1,False,0.984375,1,False,0.984375,True,False,1,0
1442,3,bar_a,100535,100598,32,1,False,0.984375,1,False,0.984375,1,False,0.984375,True,False,1,0
1443,3,bar_a,100542,100605,32,1,False,0.984375,1,False,0.984375,1,False,0.984375,True,False,1,0
1444,3,bar_a,100731,100668,32,1,False,0.984375,1,False,0.984375,1,False,0.984375,True,False,1,0
1445,3,bar_a,101795,101858,32,1,False,0.984375,1,False,0.984375,1,False,0.984375,True,False,1,0
1446,3,bar_a,101802,101865,32,1,False,0.984375,1,False,0.984375,1,False,0.984375,True,False,1,0
1447,3,bar_a,101991,101928,32,1,False,0.984375,1,False,0.984375,1,False,0.984375,True,False,1,0
1448,3,bar_a,102110,102173,32,1,False,0.984375,1,False,0.984375,1,False,0.984375,True,False,1,0
1449,3,bar_a,102117,102180,32,1,False,0.984375,1,False,0.984375,1,False,0.984375,True,False,1,0
1450,3,bar_a,102306,102243,32,1,False,0.984375,1,False,0.984375,1,False,0.984375,True,False,1,0
1451,3,bar_a,104196,104133,32,1,False,0.984375,1,False,0.984375,1,False,0.984375,True,False,1,0
1452,3,bar_a,104511,104448,32,1,False,0.984375,1,False,0.984375,1,False,0.984375,True,False,1,0
1453,3,bar_a,104826,104763,32,1,False,0.984375,1,False,0.984375,1,False,0.984375,True,False,1,0
1454,3,bar_a,105141,105078,32,1,False,0.984375,1,False,0.984375,1,False,0.984375,True,False,1,0
1455,3,bar_a,105456,105393,32,1,False,0.984375,1,False,0.984375,1,False,0.984375,True,False,1,0
1456,3,bar_a,105575,105638,32,1,False,0.984375,1,False,0.984375,1,False,0.984375,True,False,1,0
1457,3,bar_a,105582,105645,32,1,False,0.984375,1,False,0.984375,1,False,0.984375,True,False,1,0
1458,3,bar_a,105771,105708,32,1,False,0.984375,1,False,0.984375,1,False,0.984375,True,False,1,0
1459,3,bar_a,105890,105953,32,1,False,0.984375,1,False,0.984375,1,False,0.984375,True,False,1,0
1460,3,bar_a,105897,105960,32,1,False,0.984375,1,False,0.984375,1,False,0.984375,True,False,1,0
1461,3,bar_a,106086,106023,32,1,False,0.984375,1,False,0.984375,1,False,0.984375,True,False,1,0
1462,3,bar_a,106205,106268,32,1,False,0.984375,1,False,0.984375,1,False,0.984375,True,False,1,0
1463,3,bar_a,106212,106275,32,1,False,0.984375,1,False,0.984375,1,False,0.984375,True,False,1,0
1464,3,bar_a,106401,106338,32,1,False,0.984375,1,False,0.984375,1,False,0.984375,True,False,1,0
1465,3,bar_a,106520,106583,32,1,False,0.984375,1,False,0.984375,1,False,0.984375,True,False,1,0
1466,3,bar_a,106527,106590,32,1,False,0.984375,1,False,0.984375,1,False,0.984375,True,False,1,0
1467,3,bar_a,106716,106653,32,1,False,0.984375,1,False,0.984375,1,False,0.984375,True,False,1,0
1468,3,bar_a,106835,106898,32,1,False,0.984375,1,False,0.984375,1,False,0.984375,True,False,1,0
1469,3,bar_a,106842,106905,32,1,False,0.984375,1,False,0.984375,1,False,0.984375,True,False,1,0
1470,3,bar_a,107031,106968,32,1,False,0.984375,1,False,0.984375,1,False,0.984375,True,False,1,0
1471,3,bar_a,107150,107213,32,1,False,0.984375,1,False,0.984375,1,False,0.984375,True,False,1,0
1472,3,bar_a,107157,107220,32,1,False,0.984375,1,False,0.984375,1,False,0.984375,True,False,1,0
1473,3,bar_a,107346,107283,32,1,False,0.984375,1,False,0.984375,1,False,0.984375,True,False,1,0
1474,3,bar_a,107465,107528,32,1,False,0.984375,1,False,0.984375,1,False,0.984375,True,False,1,0
1475,3,bar_a,107472,107535,32,1,False,0.984375,1,False,0.984375,1,False,0.984375,True,False,1,0
1476,3,bar_a,107661,107598,32,1,False,0.984375,1,False,0.984375,1,False,0.984375,True,False,1,0
1477,3,bar_a,107780,107843,32,1,False,0.984375,1,False,0.984375,1,False,0.984375,True,False,1,0
1478,3,bar_a,107787,107850,32,1,False,0.984375,1,False,0.984375,1,False,0.984375,True,False,1,0
1479,3,bar_a,107976,107913,32,1,False,0.984375,1,False,0.984375,1,False,0.984375,True,False,1,0
1480,3,bar_a,108095,108158,32,1,False,0.984375,1,False,0.984375,1,False,0.984375,True,False,1,0
1481,3,bar_a,108102,108165,32,1,False,0.984375,1,False,0.984375,1,False,0.984375,True,False,1,0
1482,3,bar_a,108291,108228,32,1,False,0.984375,1,False,0.984375,1,False,0.984375,True,False,1,0
1483,3,bar_a,108410,108473,32,1,False,0.984375,1,False,0.984375,1,False,0.984375,True,False,1,0
1484,3,bar_a,108417,108480,32,1,False,0.984375,1,False,0.984375,1,False,0.984375,True,False,1,0
1485,3,bar_a,108606,108543,32,1,False,0.984375,1,False,0.984375,1,False,0.984375,True,False,1,0
1486,3,bar_a,108725,108788,32,1,False,0.984375,1,False,0.984375,1,False,0.984375,True,False,1,0
1487,3,bar_a,108732,108795,32,1,False,0.984375,1,False,0.984375,1,False,0.984375,True,False,1,0
1488,3,bar_a,108921,108858,32,1,False,0.984375,1,False,0.984375,1,False,0.984375,True,False,1,0
1489,3,bar_a,109040,109103,32,1,False,0.984375,1,False,0.984375,1,False,0.984375,True,False,1,0
1490,3,bar_a,109047,109110,32,1,False,0.984375,1,False,0.984375,1,False,0.984375,True,False,1,0
1491,3,bar_a,109236,109173,32,1,False,0.984375,1,False,0.984375,1,False,0.984375,True,False,1,0
1492,3,bar_a,109355,109418,32,1,False,0.984375,1,False,0.984375,1,False,0.984375,True,False,1,0
1493,3,bar_a,109362,109425,32,1,False,0.984375,1,False,0.984375,1,False,0.984375,True,False,1,0
1494,3,bar_a,109551,109488,32,1,False,0.984375,1,False,0.984375,1,False,0.984375,True,False,1,0
1495,3,bar_a,109670,109733,32,1,False,0.984375,1,False,0.984375,1,False,0.984375,True,False,1,0
1496,3,bar_a,109677,109740,32,1,False,0.984375,1,False,0.984375,1,False,0.984375,True,False,1,0
1497,3,bar_a,109866,109803,32,1,False,0.984375,1,False,0.984375,1,False,0.984375,True,False,1,0
1498,3,bar_a,109985,110048,32,1,False,0.984375,1,False,0.984375,1,False,0.984375,True,False,1,0
1499,3,bar_a,109992,110055,32,1,False,0.984375,1,False,0.984375,1,False,0.984375,True,False,1,0
1500,3,bar_a,110181,110118,32,1,False,0.984375,1,False,0.984375,1,False,0.984375,True,False,1,0
1501,3,bar_a,110300,110363,32,1,False,0.984375,1,False,0.984375,1,False,0.984375,True,False,1,0
1502,3,bar_a,110307,110370,32,1,False,0.984375,1,False,0.984375,1,False,0.984375,True,False,1,0
1503,3,bar_a,110496,110433,32,1,False,0.984375,1,False,0.984375,1,False,0.984375,True,False,1,0
1504,3,bar_a,110615,110678,32,1,False,0.984375,1,False,0.984375,1,False,0.984375,True,False,1,0
1505,3,bar_a,110622,110685,32,1,False,0.984375,1,False,0.984375,1,False,0.984375,True,False,1,0
1506,3,bar_a,110811,110748,32,1,False,0.984375,1,False,0.984375,1,False,0.984375,True,False,1,0
1507,3,bar_a,110930,110993,32,1,False,0.984375,1,False,0.984375,1,False,0.984375,True,False,1,0
1508,3,bar_a,110937,111000,32,1,False,0.984375,1,False,0.984375,1,False,0.984375,True,False,1,0
1509,3,bar_a,111126,111063,32,1,False,0.984375,1,False,0.984375,1,False,0.984375,True,False,1,0
1510,3,bar_a,111245,111308,32,1,False,0.984375,1,False,0.984375,1,False,0.984375,True,False,1,0
1511,3,bar_a,111252,111315,32,1,False,0.984375,1,False,0.984375,1,False,0.984375,True,False,1,0
1512,3,bar_a,111441,111378,32,1,False,0.984375,1,False,0.984375,1,False,0.984375,True,False,1,0
1513,3,bar_a,111560,111623,32,1,False,0.984375,1,False,0.984375,1,False,0.984375,True,False,1,0
1514,3,bar_a,111567,111630,32,1,False,0.984375,1,False,0.984375,1,False,0.984375,True,False,1,0
1515,3,bar_a,111756,111693,32,1,False,0.984375,1,False,0.984375,1,False,0.984375,True,False,1,0
1516,3,bar_a,111875,111938,32,1,False,0.984375,1,False,0.984375,1,False,0.984375,True,False,1,0
1517,3,bar_a,111882,111945,32,1,False,0.984375,1,False,0.984375,1,False,0.984375,True,False,1,0
1518,3,bar_a,112071,112008,32,1,False,0.984375,1,False,0.984375,1,False,0.984375,True,False,1,0
1519,3,bar_a,112190,112253,32,1,False,0.984375,1,False,0.984375,1,False,0.984375,True,False,1,0
1520,3,bar_a,112197,112260,32,1,False,0.984375,1,False,0.984375,1,False,0.984375,True,False,1,0
1521,3,bar_a,112386,112323,32,1,False,0.984375,1,False,0.984375,1,False,0.984375,True,False,1,0
1522,3,bar_a,112505,112568,32,1,False,0.984375,1,False,0.984375,1,False,0.984375,True,False,1,0
1523,3,bar_a,112512,112575,32,1,False,0.984375,1,False,0.984375,1,False,0.984375,True,False,1,0
1524,3,bar_a,112701,112638,32,1,False,0.984375,1,False,0.984375,1,False,0.984375,True,False,1,0
1525,3,bar_a,112820,112883,32,1,False,0.984375,1,False,0.984375,1,False,0.984375,True,False,1,0
1526,3,bar_a,112827,112890,32,1,False,0.984375,1,False,0.984375,1,False,0.984375,True,False,1,0
1527,3,bar_a,113016,112953,32,1,False,0.984375,1,False,0.984375,1,False,0.984375,True,False,1,0
1528,3,bar_a,113135,113198,32,1,False,0.984375,1,False,0.984375,1,False,0.984375,True,False,1,0
1529,3,bar_a,113142,113205,32,1,False,0.984375,1,False,0.984375,1,False,0.984375,True,False,1,0
1530,3,bar_a,113331,113268,32,1,False,0.984375,1,False,0.984375,1,False,0.984375,True,False,1,0
1531,3,bar_a,113450,113513,32,1,False,0.984375,1,False,0.984375,1,False,0.984375,True,False,1,0
1532,3,bar_a,113457,113520,32,1,False,0.984375,1,False,0.984375,1,False,0.984375,True,False,1,0
1533,3,bar_a,113646,113583,32,1,False,0.984375,1,False,0.984375,1,False,0.984375,True,False,1,0
1534,3,bar_a,113765,113828,32,1,False,0.984375,1,False,0.984375,1,False,0.984375,True,False,1,0
1535,3,bar_a,113772,113835,32,1,False,0.984375,1,False,0.984375,1,False,0.984375,True,False,1,0
1536,3,bar_a,113961,113898,32,1,False,0.984375,1,False,0.984375,1,False,0.984375,True,False,1,0
1537,3,bar_a,114080,114143,32,1,False,0.984375,1,False,0.984375,1,False,0.984375,True,False,1,0
1538,3,bar_a,114087,114150,32,1,False,0.984375,1,False,0.984375,1,False,0.984375,True,False,1,0
1539,3,bar_a,114276,114213,32,1,False,0.984375,1,False,0.984375,1,False,0.984375,True,False,1,0
1540,3,bar_a,114395,114458,32,1,False,0.984375,1,False,0.984375,1,False,0.984375,True,False,1,0
1541,3,bar_a,114402,114465,32,1,False,0.984375,1,False,0.984375,1,False,0.984375,True,False,1,0
1542,3,bar_a,114591,114528,32,1,False,0.984375,1,False,0.984375,1,False,0.984375,True,False,1,0
1543,3,bar_a,114710,114773,32,1,False,0.984375,1,False,0.984375,1,False,0.984375,True,False,1,0
1544,3,bar_a,114717,114780,32,1,False,0.984375,1,False,0.984375,1,False,0.984375,True,False,1,0
1545,3,bar_a,114906,114843,32,1,False,0.984375,1,False,0.984375,1,False,0.984375,True,False,1,0
1546,3,bar_a,115025,115088,32,1,False,0.984375,1,False,0.984375,1,False,0.984375,True,False,1,0
1547,3,bar_a,115032,115095,32,1,False,0.984375,1,False,0.984375,1,False,0.984375,True,False,1,0
1548,3,bar_a,115221,115158,32,1,False,0.984375,1,False,0.984375,1,False,0.984375,True,False,1,0
1549,3,bar_a,115340,115403,32,1,False,0.984375,1,False,0.984375,1,False,0.984375,True,False,1,0
1550,3,bar_a,115347,115410,32,1,False,0.984375,1,False,0.984375,1,False,0.984375,True,False,1,0
1551,3,bar_a,115536,115473,32,1,False,0.984375,1,False,0.984375,1,False,0.984375,True,False,1,0
1552,3,bar_a,115655,115718,32,1,False,0.984375,1,False,0.984375,1,False,0.984375,True,False,1,0
1553,3,bar_a,115662,115725,32,1,False,0.984375,1,False,0.984375,1,False,0.984375,True,False,1,0
1554,3,bar_a,115851,115788,32,1,False,0.984375,1,False,0.984375,1,False,0.984375,True,False,1,0
1555,3,bar_a,115970,116033,32,1,False,0.984375,1,False,0.984375,1,False,0.984375,True,False,1,0
1556,3,bar_a,115977,116040,32,1,False,0.984375,1,False,0.984375,1,False,0.984375,True,False,1,0
1557,3,bar_a,116166,116103,32,1,False,0.984375,1,False,0.984375,1,False,0.984375,True,False,1,0
1558,3,bar_a,116285,116348,32,1,False,0.984375,1,False,0.984375,1,False,0.984375,True,False,1,0
1559,3,bar_a,116292,116355,32,1,False,0.984375,1,False,0.984375,1,False,0.984375,True,False,1,0
1560,3,bar_a,116481,116418,32,1,False,0.984375,1,False,0.984375,1,False,0.984375,True,False,1,0
1561,3,bar_a,116600,116663,32,1,False,0.984375,1,False,0.984375,1,False,0.984375,True,False,1,0
1562,3,bar_a,116607,116670,32,1,False,0.984375,1,False,0.984375,1,False,0.984375,True,False,1,0
1563,3,bar_a,116796,116733,32,1,False,0.984375,1,False,0.984375,1,False,0.984375,True,False,1,0
1564,3,bar_a,116915,116978,32,1,False,0.984375,1,False,0.984375,1,False,0.984375,True,False,1,0
1565,3,bar_a,116922,116985,32,1,False,0.984375,1,False,0.984375,1,False,0.984375,True,False,1,0
1566,3,bar_a,117111,117048,32,1,False,0.984375,1,False,0.984375,1,False,0.984375,True,False,1,0
1567,3,bar_a,117230,117293,32,1,False,0.984375,1,False,0.984375,1,False,0.984375,True,False,1,0
1568,3,bar_a,117237,117300,32,1,False,0.984375,1,False,0.984375,1,False,0.984375,True,False,1,0
1569,3,bar_a,117426,117363,32,1,False,0.984375,1,False,0.984375,1,False,0.984375,True,False,1,0
1570,3,bar_a,117545,117608,32,1,False,0.984375,1,False,0.984375,1,False,0.984375,True,False,1,0
1571,3,bar_a,117552,117615,32,1,False,0.984375,1,False,0.984375,1,False,0.984375,True,False,1,0
1572,3,bar_a,117741,117678,32,1,False,0.984375,1,False,0.984375,1,False,0.984375,True,False,1,0
1573,3,bar_a,117860,117923,32,1,False,0.984375,1,False,0.984375,1,False,0.984375,True,False,1,0
1574,3,bar_a,117867,117930,32,1,False,0.984375,1,False,0.984375,1,False,0.984375,True,False,1,0
1575,3,bar_a,118056,117993,32,1,False,0.984375,1,False,0.984375,1,False,0.984375,True,False,1,0
1576,3,bar_a,118175,118238,32,1,False,0.984375,1,False,0.984375,1,False,0.984375,True,False,1,0
1577,3,bar_a,118182,118245,32,1,False,0.984375,1,False,0.984375,1,False,0.984375,True,False,1,0
1578,3,bar_a,118371,118308,32,1,False,0.984375,1,False,0.984375,1,False,0.984375,True,False,1,0
1579,3,bar_a,118490,118553,32,1,False,0.984375,1,False,0.984375,1,False,0.984375,True,False,1,0
1580,3,bar_a,118497,118560,32,1,False,0.984375,1,False,0.984375,1,False,0.984375,True,False,1,0
1581,3,bar_a,118686,118623,32,1,False,0.984375,1,False,0.984375,1,False,0.984375,True,False,1,0
1582,3,bar_a,118805,118868,32,1,False,0.984375,1,False,0.984375,1,False,0.984375,True,False,1,0
1583,3,bar_a,118812,118875,32,1,False,0.984375,1,False,0.984375,1,False,0.984375,True,False,1,0
1584,3,bar_a,119001,118938,32,1,False,0.984375,1,False,0.984375,1,False,0.984375,True,False,1,0
1585,3,bar_a,119120,119183,32,1,False,0.984375,1,False,0.984375,1,False,0.984375,True,False,1,0
1586,3,bar_a,119127,119190,32,1,False,0.984375,1,False,0.984375,1,False,0.984375,True,False,1,0
1587,3,bar_a,119316,119253,32,1,False,0.984375,1,False,0.984375,1,False,0.984375,True,False,1,0
1588,3,bar_a,119435,119498,32,1,False,0.984375,1,False,0.984375,1,False,0.984375,True,False,1,0
1589,3,bar_a,119442,119505,32,1,False,0.984375,1,False,0.984375,1,False,0.984375,True,False,1,0
1590,3,bar_a,119631,119568,32,1,False,0.984375,1,False,0.984375,1,False,0.984375,True,False,1,0
1591,3,bar_a,119750,119813,32,1,False,0.984375,1,False,0.984375,1,False,0.984375,True,False,1,0
1592,3,bar_a,119757,119820,32,1,False,0.984375,1,False,0.984375,1,False,0.984375,True,False,1,0
1593,3,bar_a,119946,119883,32,1,False,0.984375,1,False,0.984375,1,False,0.984375,True,False,1,0
1594,3,bar_a,120065,120128,32,1,False,0.984375,1,False,0.984375,1,False,0.984375,True,False,1,0
1595,3,bar_a,120072,120135,32,1,False,0.984375,1,False,0.984375,1,False,0.984375,True,False,1,0
1596,3,bar_a,120261,120198,32,1,False,0.984375,1,False,0.984375,1,False,0.984375,True,False,1,0
1597,3,bar_a,120380,120443,32,1,False,0.984375,1,False,0.984375,1,False,0.984375,True,False,1,0
1598,3,bar_a,120387,120450,32,1,False,0.984375,1,False,0.984375,1,False,0.984375,True,False,1,0
1599,3,bar_a,120576,120513,32,1,False,0.984375,1,False,0.984375,1,False,0.984375,True,False,1,0
1600,3,bar_a,120695,120758,32,1,False,0.984375,1,False,0.984375,1,False,0.984375,True,False,1,0
1601,3,bar_a,120702,120765,32,1,False,0.984375,1,False,0.984375,1,False,0.984375,True,False,1,0
1602,3,bar_a,120891,120828,32,1,False,0.984375,1,False,0.984375,1,False,0.984375,True,False,1,0
1603,3,bar_a,121010,121073,32,1,False,0.984375,1,False,0.984375,1,False,0.984375,True,False,1,0
1604,3,bar_a,121017,121080,32,1,False,0.984375,1,False,0.984375,1,False,0.984375,True,False,1,0
1605,3,bar_a,121206,121143,32,1,False,0.984375,1,False,0.984375,1,False,0.984375,True,False,1,0
1606,3,bar_a,121325,121388,32,1,False,0.984375,1,False,0.984375,1,False,0.984375,True,False,1,0
1607,3,bar_a,121332,121395,32,1,False,0.984375,1,False,0.984375,1,False,0.984375,True,False,1,0
1608,3,bar_a,121521,121458,32,1,False,0.984375,1,False,0.984375,1,False,0.984375,True,False,1,0
1609,3,bar_a,121640,121703,32,1,False,0.984375,1,False,0.984375,1,False,0.984375,True,False,1,0
1610,3,bar_a,121647,121710,32,1,False,0.984375,1,False,0.984375,1,False,0.984375,True,False,1,0
1611,3,bar_a,121836,121773,32,1,False,0.984375,1,False,0.984375,1,False,0.984375,True,False,1,0
1612,3,bar_a,121955,122018,32,1,False,0.984375,1,False,0.984375,1,False,0.984375,True,False,1,0
1613,3,bar_a,121962,122025,32,1,False,0.984375,1,False,0.984375,1,False,0.984375,True,False,1,0
1614,3,bar_a,122151,122088,32,1,False,0.984375,1,False,0.984375,1,False,0.984375,True,False,1,0
1615,3,bar_a,122270,122333,32,1,False,0.984375,1,False,0.984375,1,False,0.984375,True,False,1,0
1616,3,bar_a,122277,122340,32,1,False,0.984375,1,False,0.984375,1,False,0.984375,True,False,1,0
1617,3,bar_a,122466,122403,32,1,False,0.984375,1,False,0.984375,1,False,0.984375,True,False,1,0
1618,3,bar_a,122585,122648,32,1,False,0.984375,1,False,0.984375,1,False,0.984375,True,False,1,0
1619,3,bar_a,122592,122655,32,1,False,0.984375,1,False,0.984375,1,False,0.984375,True,False,1,0
1620,3,bar_a,122781,122718,32,1,False,0.984375,1,False,0.984375,1,False,0.984375,True,False,1,0
1621,3,bar_a,124671,124608,32,1,False,0.984375,1,False,0.984375,1,False,0.984375,True,False,1,0
1622,3,bar_a,124986,124923,32,1,False,0.984375,1,False,0.984375,1,False,0.984375,True,False,1,0
1623,3,bar_a,125301,125238,32,1,False,0.984375,1,False,0.984375,1,False,0.984375,True,False,1,0
1624,3,bar_a,125616,125553,32,1,False,0.984375,1,False,0.984375,1,False,0.984375,True,False,1,0
1625,3,bar_a,125931,125868,32,1,False,0.984375,1,False,0.984375,1,False,0.984375,True,False,1,0
1626,3,bar_a,126050,126113,32,1,False,0.984375,1,False,0.984375,1,False,0.984375,True,False,1,0
1627,3,bar_a,126057,126120,32,1,False,0.984375,1,False,0.984375,1,False,0.984375,True,False,1,0
1628,3,bar_a,126246,126183,32,1,False,0.984375,1,False,0.984375,1,False,0.984375,True,False,1,0
1629,3,bar_a,126365,126428,32,1,False,0.984375,1,False,0.984375,1,False,0.984375,True,False,1,0
1630,3,bar_a,126372,126435,32,1,False,0.984375,1,False,0.984375,1,False,0.984375,True,False,1,0
1631,3,bar_a,126561,126498,32,1,False,0.984375,1,False,0.984375,1,False,0.984375,True,False,1,0
1632,3,bar_a,126680,126743,32,1,False,0.984375,1,False,0.984375,1,False,0.984375,True,False,1,0
1633,3,bar_a,126687,126750,32,1,False,0.984375,1,False,0.984375,1,False,0.984375,True,False,1,0
1634,3,bar_a,126876,126813,32,1,False,0.984375,1,False,0.984375,1,False,0.984375,True,False,1,0
1635,3,bar_a,126995,127058,32,1,False,0.984375,1,False,0.984375,1,False,0.984375,True,False,1,0
1636,3,bar_a,127002,127065,32,1,False,0.984375,1,False,0.984375,1,False,0.984375,True,False,1,0
1637,3,bar_a,127191,127128,32,1,False,0.984375,1,False,0.984375,1,False,0.984375,True,False,1,0
1638,3,bar_a,127310,127373,32,1,False,0.984375,1,False,0.984375,1,False,0.984375,True,False,1,0
1639,3,bar_a,127317,127380,32,1,False,0.984375,1,False,0.984375,1,False,0.984375,True,False,1,0
1640,3,bar_a,127506,127443,32,1,False,0.984375,1,False,0.984375,1,False,0.984375,True,False,1,0
1641,3,bar_a,127625,127688,32,1,False,0.984375,1,False,0.984375,1,False,0.984375,True,False,1,0
1642,3,bar_a,127632,127695,32,1,False,0.984375,1,False,0.984375,1,False,0.984375,True,False,1,0
1643,3,bar_a,127821,127758,32,1,False,0.984375,1,False,0.984375,1,False,0.984375,True,False,1,0
1644,3,bar_a,127940,128003,32,1,False,0.984375,1,False,0.984375,1,False,0.984375,True,False,1,0
1645,3,bar_a,127947,128010,32,1,False,0.984375,1,False,0.984375,1,False,0.984375,True,False,1,0
1646,3,bar_a,128136,128073,32,1,False,0.984375,1,False,0.984375,1,False,0.984375,True,False,1,0
1647,3,bar_a,128255,128318,32,1,False,0.984375,1,False,0.984375,1,False,0.984375,True,False,1,0
1648,3,bar_a,128262,128325,32,1,False,0.984375,1,False,0.984375,1,False,0.984375,True,False,1,0
1649,3,bar_a,128451,128388,32,1,False,0.984375,1,False,0.984375,1,False,0.984375,True,False,1,0
1650,3,bar_a,128570,128633,32,1,False,0.984375,1,False,0.984375,1,False,0.984375,True,False,1,0
1651,3,bar_a,128577,128640,32,1,False,0.984375,1,False,0.984375,1,False,0.984375,True,False,1,0
1652,3,bar_a,128766,128703,32,1,False,0.984375,1,False,0.984375,1,False,0.984375,True,False,1,0
1653,3,bar_a,128885,128948,32,1,False,0.984375,1,False,0.984375,1,False,0.984375,True,False,1,0
1654,3,bar_a,128892,128955,32,1,False,0.984375,1,False,0.984375,1,False,0.984375,True,False,1,0
1655,3,bar_a,129081,129018,32,1,False,0.984375,1,False,0.984375,1,False,0.984375,True,False,1,0
1656,3,bar_a,129200,129263,32,1,False,0.984375,1,False,0.984375,1,False,0.984375,True,False,1,0
1657,3,bar_a,129207,129270,32,1,False,0.984375,1,False,0.984375,1,False,0.984375,True,False,1,0
1658,3,bar_a,129396,129333,32,1,False,0.984375,1,False,0.984375,1,False,0.984375,True,False,1,0
1659,3,bar_a,129515,129578,32,1,False,0.984375,1,False,0.984375,1,False,0.984375,True,False,1,0
1660,3,bar_a,129522,129585,32,1,False,0.984375,1,False,0.984375,1,False,0.984375,True,False,1,0
1661,3,bar_a,129711,129648,32,1,False,0.984375,1,False,0.984375,1,False,0.984375,True,False,1,0
1662,3,bar_a,129830,129893,32,1,False,0.984375,1,False,0.984375,1,False,0.984375,True,False,1,0
1663,3,bar_a,129837,129900,32,1,False,0.984375,1,False,0.984375,1,False,0.984375,True,False,1,0
1664,3,bar_a,130026,129963,32,1,False,0.984375,1,False,0.984375,1,False,0.984375,True,False,1,0
1665,3,bar_a,130145,130208,32,1,False,0.984375,1,False,0.984375,1,False,0.984375,True,False,1,0
1666,3,bar_a,130152,130215,32,1,False,0.984375,1,False,0.984375,1,False,0.984375,True,False,1,0
1667,3,bar_a,130341,130278,32,1,False,0.984375,1,False,0.984375,1,False,0.984375,True,False,1,0
1668,3,bar_a,130460,130523,32,1,False,0.984375,1,False,0.984375,1,False,0.984375,True,False,1,0
1669,3,bar_a,130467,130530,32,1,False,0.984375,1,False,0.984375,1,False,0.984375,True,False,1,0
1670,3,bar_a,130656,130593,32,1,False,0.984375,1,False,0.984375,1,False,0.984375,True,False,1,0
1671,3,bar_a,130775,130838,32,1,False,0.984375,1,False,0.984375,1,False,0.984375,True,False,1,0
1672,3,bar_a,130782,130845,32,1,False,0.984375,1,False,0.984375,1,False,0.984375,True,False,1,0
1673,3,bar_a,130971,130908,32,1,False,0.984375,1,False,0.984375,1,False,0.984375,True,False,1,0
1674,3,bar_a,131090,131153,32,1,False,0.984375,1,False,0.984375,1,False,0.984375,True,False,1,0
1675,3,bar_a,131097,131160,32,1,False,0.984375,1,False,0.984375,1,False,0.984375,True,False,1,0
1676,3,bar_a,131286,131223,32,1,False,0.984375,1,False,0.984375,1,False,0.984375,True,False,1,0
1677,3,bar_a,131405,131468,32,1,False,0.984375,1,False,0.984375,1,False,0.984375,True,False,1,0
1678,3,bar_a,131412,131475,32,1,False,0.984375,1,False,0.984375,1,False,0.984375,True,False,1,0
1679,3,bar_a,131601,131538,32,1,False,0.984375,1,False,0.984375,1,False,0.984375,True,False,1,0
1680,3,bar_a,131720,131783,32,1,False,0.984375,1,False,0.984375,1,False,0.984375,True,False,1,0
1681,3,bar_a,131727,131790,32,1,False,0.984375,1,False,0.984375,1,False,0.984375,True,False,1,0
1682,3,bar_a,131916,131853,32,1,False,0.984375,1,False,0.984375,1,False,0.984375,True,False,1,0
1683,3,bar_a,132035,132098,32,1,False,0.984375,1,False,0.984375,1,False,0.984375,True,False,1,0
1684,3,bar_a,132042,132105,32,1,False,0.984375,1,False,0.984375,1,False,0.984375,True,False,1,0
1685,3,bar_a,132231,132168,32,1,False,0.984375,1,False,0.984375,1,False,0.984375,True,False,1,0
1686,3,bar_a,132350,132413,32,1,False,0.984375,1,False,0.984375,1,False,0.984375,True,False,1,0
1687,3,bar_a,132357,132420,32,1,False,0.984375,1,False,0.984375,1,False,0.984375,True,False,1,0
1688,3,bar_a,132546,132483,32,1,False,0.984375,1,False,0.984375,1,False,0.984375,True,False,1,0
1689,3,bar_a,132665,132728,32,1,False,0.984375,1,False,0.984375,1,False,0.984375,True,False,1,0
1690,3,bar_a,132672,132735,32,1,False,0.984375,1,False,0.984375,1,False,0.984375,True,False,1,0
1691,3,bar_a,132861,132798,32,1,False,0.984375,1,False,0.984375,1,False,0.984375,True,False,1,0
1692,3,bar_a,132980,133043,32,1,False,0.984375,1,False,0.984375,1,False,0.984375,True,False,1,0
1693,3,bar_a,132987,133050,32,1,False,0.984375,1,False,0.984375,1,False,0.984375,True,False,1,0
1694,3,bar_a,133176,133113,32,1,False,0.984375,1,False,0.984375,1,False,0.984375,True,False,1,0
1695,3,bar_a,133295,133358,32,1,False,0.984375,1,False,0.984375,1,False,0.984375,True,False,1,0
1696,3,bar_a,133302,133365,32,1,False,0.984375,1,False,0.984375,1,False,0.984375,True,False,1,0
1697,3,bar_a,133491,133428,32,1,False,0.984375,1,False,0.984375,1,False,0.984375,True,False,1,0
1698,3,bar_a,133610,133673,32,1,False,0.984375,1,False,0.984375,1,False,0.984375,True,False,1,0
1699,3,bar_a,133617,133680,32,1,False,0.984375,1,False,0.984375,1,False,0.984375,True,False,1,0
1700,3,bar_a,133806,133743,32,1,False,0.984375,1,False,0.984375,1,False,0.984375,True,False,1,0
1701,3,bar_a,133925,133988,32,1,False,0.984375,1,False,0.984375,1,False,0.984375,True,False,1,0
1702,3,bar_a,133932,133995,32,1,False,0.984375,1,False,0.984375,1,False,0.984375,True,False,1,0
1703,3,bar_a,134121,134058,32,1,False,0.984375,1,False,0.984375,1,False,0.984375,True,False,1,0
1704,3,bar_a,134240,134303,32,1,False,0.984375,1,False,0.984375,1,False,0.984375,True,False,1,0
1705,3,bar_a,134247,134310,32,1,False,0.984375,1,False,0.984375,1,False,0.984375,True,False,1,0
1706,3,bar_a,134436,134373,32,1,False,0.984375,1,False,0.984375,1,False,0.984375,True,False,1,0
1707,3,bar_a,134555,134618,32,1,False,0.984375,1,False,0.984375,1,False,0.984375,True,False,1,0
1708,3,bar_a,134562,134625,32,1,False,0.984375,1,False,0.984375,1,False,0.984375,True,False,1,0
1709,3,bar_a,134751,134688,32,1,False,0.984375,1,False,0.984375,1,False,0.984375,True,False,1,0
1710,3,bar_a,134870,134933,32,1,False,0.984375,1,False,0.984375,1,False,0.984375,True,False,1,0
1711,3,bar_a,134877,134940,32,1,False,0.984375,1,False,0.984375,1,False,0.984375,True,False,1,0
1712,3,bar_a,135066,135003,32,1,False,0.984375,1,False,0.984375,1,False,0.984375,True,False,1,0
1713,3,bar_a,135185,135248,32,1,False,0.984375,1,False,0.984375,1,False,0.984375,True,False,1,0
1714,3,bar_a,135192,135255,32,1,False,0.984375,1,False,0.984375,1,False,0.984375,True,False,1,0
1715,3,bar_a,135381,135318,32,1,False,0.984375,1,False,0.984375,1,False,0.984375,True,False,1,0
1716,3,bar_a,135500,135563,32,1,False,0.984375,1,False,0.984375,1,False,0.984375,True,False,1,0
1717,3,bar_a,135507,135570,32,1,False,0.984375,1,False,0.984375,1,False,0.984375,True,False,1,0
1718,3,bar_a,135696,135633,32,1,False,0.984375,1,False,0.984375,1,False,0.984375,True,False,1,0
1719,3,bar_a,135815,135878,32,1,False,0.984375,1,False,0.984375,1,False,0.984375,True,False,1,0
1720,3,bar_a,135822,135885,32,1,False,0.984375,1,False,0.984375,1,False,0.984375,True,False,1,0
1721,3,bar_a,136011,135948,32,1,False,0.984375,1,False,0.984375,1,False,0.984375,True,False,1,0
1722,3,bar_a,136130,136193,32,1,False,0.984375,1,False,0.984375,1,False,0.984375,True,False,1,0
1723,3,bar_a,136137,136200,32,1,False,0.984375,1,False,0.984375,1,False,0.984375,True,False,1,0
1724,3,bar_a,136326,136263,32,1,False,0.984375,1,False,0.984375,1,False,0.984375,True,False,1,0
1725,3,bar_a,136445,136508,32,1,False,0.984375,1,False,0.984375,1,False,0.984375,True,False,1,0
1726,3,bar_a,136452,136515,32,1,False,0.984375,1,False,0.984375,1,False,0.984375,True,False,1,0
1727,3,bar_a,136641,136578,32,1,False,0.984375,1,False,0.984375,1,False,0.984375,True,False,1,0
1728,3,bar_a,136760,136823,32,1,False,0.984375,1,False,0.984375,1,False,0.984375,True,False,1,0
1729,3,bar_a,136767,136830,32,1,False,0.984375,1,False,0.984375,1,False,0.984375,True,False,1,0
1730,3,bar_a,136956,136893,32,1,False,0.984375,1,False,0.984375,1,False,0.984375,True,False,1,0
1731,3,bar_a,137075,137138,32,1,False,0.984375,1,False,0.984375,1,False,0.984375,True,False,1,0
1732,3,bar_a,137082,137145,32,1,False,0.984375,1,False,0.984375,1,False,0.984375,True,False,1,0
1733,3,bar_a,137271,137208,32,1,False,0.984375,1,False,0.984375,1,False,0.984375,True,False,1,0
1734,3,bar_a,137390,137453,32,1,False,0.984375,1,False,0.984375,1,False,0.984375,True,False,1,0
1735,3,bar_a,137397,137460,32,1,False,0.984375,1,False,0.984375,1,False,0.984375,True,False,1,0
1736,3,bar_a,137586,137523,32,1,False,0.984375,1,False,0.984375,1,False,0.984375,True,False,1,0
1737,3,bar_a,137705,137768,32,1,False,0.984375,1,False,0.984375,1,False,0.984375,True,False,1,0
1738,3,bar_a,137712,137775,32,1,False,0.984375,1,False,0.984375,1,False,0.984375,True,False,1,0
1739,3,bar_a,137901,137838,32,1,False,0.984375,1,False,0.984375,1,False,0.984375,True,False,1,0
1740,3,bar_a,138020,138083,32,1,False,0.984375,1,False,0.984375,1,False,0.984375,True,False,1,0
1741,3,bar_a,138027,138090,32,1,False,0.984375,1,False,0.984375,1,False,0.984375,True,False,1,0
1742,3,bar_a,138216,138153,32,1,False,0.984375,1,False,0.984375,1,False,0.984375,True,False,1,0
1743,3,bar_a,138335,138398,32,1,False,0.984375,1,False,0.984375,1,False,0.984375,True,False,1,0
1744,3,bar_a,138342,138405,32,1,False,0.984375,1,False,0.984375,1,False,0.984375,True,False,1,0
1745,3,bar_a,138531,138468,32,1,False,0.984375,1,False,0.984375,1,False,0.984375,True,False,1,0
1746,3,bar_a,138650,138713,32,1,False,0.984375,1,False,0.984375,1,False,0.984375,True,False,1,0
1747,3,bar_a,138657,138720,32,1,False,0.984375,1,False,0.984375,1,False,0.984375,True,False,1,0
1748,3,bar_a,138846,138783,32,1,False,0.984375,1,False,0.984375,1,False,0.984375,True,False,1,0
1749,3,bar_a,138965,139028,32,1,False,0.984375,1,False,0.984375,1,False,0.984375,True,False,1,0
1750,3,bar_a,138972,139035,32,1,False,0.984375,1,False,0.984375,1,False,0.984375,True,False,1,0
1751,3,bar_a,139161,139098,32,1,False,0.984375,1,False,0.984375,1,False,0.984375,True,False,1,0
1752,3,bar_a,139280,139343,32,1,False,0.984375,1,False,0.984375,1,False,0.984375,True,False,1,0
1753,3,bar_a,139287,139350,32,1,False,0.984375,1,False,0.984375,1,False,0.984375,True,False,1,0
1754,3,bar_a,139476,139413,32,1,False,0.984375,1,False,0.984375,1,False,0.984375,True,False,1,0
1755,3,bar_a,139595,139658,32,1,False,0.984375,1,False,0.984375,1,False,0.984375,True,False,1,0
1756,3,bar_a,139602,139665,32,1,False,0.984375,1,False,0.984375,1,False,0.984375,True,False,1,0
1757,3,bar_a,139791,139728,32,1,False,0.984375,1,False,0.984375,1,False,0.984375,True,False,1,0
1758,3,bar_a,139910,139973,32,1,False,0.984375,1,False,0.984375,1,False,0.984375,True,False,1,0
1759,3,bar_a,139917,139980,32,1,False,0.984375,1,False,0.984375,1,False,0.984375,True,False,1,0
1760,3,bar_a,140106,140043,32,1,False,0.984375,1,False,0.984375,1,False,0.984375,True,False,1,0
1761,3,bar_a,140225,140288,32,1,False,0.984375,1,False,0.984375,1,False,0.984375,True,False,1,0
1762,3,bar_a,140232,140295,32,1,False,0.984375,1,False,0.984375,1,False,0.984375,True,False,1,0
1763,3,bar_a,140421,140358,32,1,False,0.984375,1,False,0.984375,1,False,0.984375,True,False,1,0
1764,3,bar_a,140540,140603,32,1,False,0.984375,1,False,0.984375,1,False,0.984375,True,False,1,0
1765,3,bar_a,140547,140610,32,1,False,0.984375,1,False,0.984375,1,False,0.984375,True,False,1,0
1766,3,bar_a,140736,140673,32,1,False,0.984375,1,False,0.984375,1,False,0.984375,True,False,1,0
1767,3,bar_a,140855,140918,32,1,False,0.984375,1,False,0.984375,1,False,0.984375,True,False,1,0
1768,3,bar_a,140862,140925,32,1,False,0.984375,1,False,0.984375,1,False,0.984375,True,False,1,0
1769,3,bar_a,141051,140988,32,1,False,0.984375,1,False,0.984375,1,False,0.984375,True,False,1,0
1770,3,bar_a,141170,141233,32,1,False,0.984375,1,False,0.984375,1,False,0.984375,True,False,1,0
1771,3,bar_a,141177,141240,32,1,False,0.984375,1,False,0.984375,1,False,0.984375,True,False,1,0
1772,3,bar_a,141366,141303,32,1,False,0.984375,1,False,0.984375,1,False,0.984375,True,False,1,0
1773,3,bar_a,141485,141548,32,1,False,0.984375,1,False,0.984375,1,False,0.984375,True,False,1,0
1774,3,bar_a,141492,141555,32,1,False,0.984375,1,False,0.984375,1,False,0.984375,True,False,1,0
1775,3,bar_a,141681,141618,32,1,False,0.984375,1,False,0.984375,1,False,0.984375,True,False,1,0
1776,3,bar_a,141800,141863,32,1,False,0.984375,1,False,0.984375,1,False,0.984375,True,False,1,0
1777,3,bar_a,141807,141870,32,1,False,0.984375,1,False,0.984375,1,False,0.984375,True,False,1,0
1778,3,bar_a,141996,141933,32,1,False,0.984375,1,False,0.984375,1,False,0.984375,True,False,1,0
1779,3,bar_a,142115,142178,32,1,False,0.984375,1,False,0.984375,1,False,0.984375,True,False,1,0
1780,3,bar_a,142122,142185,32,1,False,0.984375,1,False,0.984375,1,False,0.984375,True,False,1,0
1781,3,bar_a,142311,142248,32,1,False,0.984375,1,False,0.984375,1,False,0.984375,True,False,1,0
1782,3,bar_a,142430,142493,32,1,False,0.984375,1,False,0.984375,1,False,0.984375,True,False,1,0
1783,3,bar_a,142437,142500,32,1,False,0.984375,1,False,0.984375,1,False,0.984375,True,False,1,0
1784,3,bar_a,142626,142563,32,1,False,0.984375,1,False,0.984375,1,False,0.984375,True,False,1,0
1785,3,bar_a,142745,142808,32,1,False,0.984375,1,False,0.984375,1,False,0.984375,True,False,1,0
1786,3,bar_a,142752,142815,32,1,False,0.984375,1,False,0.984375,1,False,0.984375,True,False,1,0
1787,3,bar_a,142941,142878,32,1,False,0.984375,1,False,0.984375,1,False,0.984375,True,False,1,0
1788,3,bar_a,143060,143123,32,1,False,0.984375,1,False,0.984375,1,False,0.984375,True,False,1,0
1789,3,bar_a,143067,143130,32,1,False,0.984375,1,False,0.984375,1,False,0.984375,True,False,1,0
1790,3,bar_a,143256,143193,32,1,False,0.984375,1,False,0.984375,1,False,0.984375,True,False,1,0
1791,4,bar_u,1821,1814,32,1,False,0.109375,1,False,0.109375,1,False,0.109375,True,False,1,0
1792,4,bar_u,1884,1877,32,1,False,0.109375,1,False,0.109375,1,False,0.109375,True,False,1,0
1793,4,bar_u,2136,2129,32,1,False,0.109375,1,False,0.109375,1,False,0.109375,True,False,1,0
1794,4,bar_u,2199,2192,32,1,False,0.109375,1,False,0.109375,1,False,0.109375,True,False,1,0
1795,4,bar_u,2451,2444,32,1,False,0.109375,1,False,0.109375,1,False,0.109375,True,False,1,0
1796,4,bar_u,2514,2507,32,1,False,0.109375,1,False,0.109375,1,False,0.109375,True,False,1,0
1797,4,bar_u,2766,2759,32,1,False,0.109375,1,False,0.109375,1,False,0.109375,True,False,1,0
1798,4,bar_u,2829,2822,32,1,False,0.109375,1,False,0.109375,1,False,0.109375,True,False,1,0
1799,4,bar_u,3081,3074,32,1,False,0.109375,1,False,0.109375,1,False,0.109375,True,False,1,0
1800,4,bar_u,3144,3137,32,1,False,0.109375,1,False,0.109375,1,False,0.109375,True,False,1,0
1801,4,bar_u,3200,3193,32,1,False,0.171875,1,False,0.171875,1,False,0.171875,True,False,1,0
1802,4,bar_u,3209,3202,32,1,False,0.203125,1,False,0.203125,1,False,0.203125,True,False,1,0
1803,4,bar_u,3272,3265,32,1,False,0.203125,1,False,0.203125,1,False,0.203125,True,False,1,0
1804,4,bar_u,3335,3328,32,1,False,0.203125,1,False,0.203125,1,False,0.203125,True,False,1,0
1805,4,bar_u,3396,3389,32,1,False,0.109375,1,False,0.109375,1,False,0.109375,True,False,1,0
1806,4,bar_u,3398,3391,32,1,False,0.203125,1,False,0.203125,1,False,0.203125,True,False,1,0
1807,4,bar_u,3459,3452,32,1,False,0.109375,1,False,0.109375,1,False,0.109375,True,False,1,0
1808,4,bar_u,3461,3454,32,1,False,0.203125,1,False,0.203125,1,False,0.203125,True,False,1,0
1809,4,bar_u,3515,3508,32,1,False,0.171875,1,False,0.171875,1,False,0.171875,True,False,1,0
1810,4,bar_u,3524,3517,32,1,False,0.203125,1,False,0.203125,1,False,0.203125,True,False,1,0
1811,4,bar_u,3587,3580,32,1,False,0.203125,1,False,0.203125,1,False,0.203125,True,False,1,0
1812,4,bar_u,3650,3643,32,1,False,0.203125,1,False,0.203125,1,False,0.203125,True,False,1,0
1813,4,bar_u,3711,3704,32,1,False,0.109375,1,False,0.109375,1,False,0.109375,True,False,1,0
1814,4,bar_u,3713,3706,32,1,False,0.203125,1,False,0.203125,1,False,0.203125,True,False,1,0
1815,4,bar_u,3774,3767,32,1,False,0.109375,1,False,0.109375,1,False,0.109375,True,False,1,0
1816,4,bar_u,3776,3769,32,1,False,0.203125,1,False,0.203125,1,False,0.203125,True,False,1,0
1817,4,bar_u,3830,3823,32,1,False,0.171875,1,False,0.171875,1,False,0.171875,True,False,1,0
1818,4,bar_u,3839,3832,32,1,False,0.203125,1,False,0.203125,1,False,0.203125,True,False,1,0
1819,4,bar_u,3902,3895,32,1,False,0.203125,1,False,0.203125,1,False,0.203125,True,False,1,0
1820,4,bar_u,3965,3958,32,1,False,0.203125,1,False,0.203125,1,False,0.203125,True,False,1,0
1821,4,bar_u,4026,4019,32,1,False,0.109375,1,False,0.109375,1,False,0.109375,True,False,1,0
1822,4,bar_u,4028,4021,32,1,False,0.203125,1,False,0.203125,1,False,0.203125,True,False,1,0
1823,4,bar_u,4089,4082,32,1,False,0.109375,1,False,0.109375,1,False,0.109375,True,False,1,0
1824,4,bar_u,4091,4084,32,1,False,0.203125,1,False,0.203125,1,False,0.203125,True,False,1,0
1825,4,bar_u,4145,4138,32,1,False,0.171875,1,False,0.171875,1,False,0.171875,True,False,1,0
1826,4,bar_u,4154,4147,32,1,False,0.203125,1,False,0.203125,1,False,0.203125,True,False,1,0
1827,4,bar_u,4217,4210,32,1,False,0.203125,1,False,0.203125,1,False,0.203125,True,False,1,0
1828,4,bar_u,4280,4273,32,1,False,0.203125,1,False,0.203125,1,False,0.203125,True,False,1,0
1829,4,bar_u,4341,4334,32,1,False,0.109375,1,False,0.109375,1,False,0.109375,True,False,1,0
1830,4,bar_u,4343,4336,32,1,False,0.203125,1,False,0.203125,1,False,0.203125,True,False,1,0
1831,4,bar_u,4404,4397,32,1,False,0.109375,1,False,0.109375,1,False,0.109375,True,False,1,0
1832,4,bar_u,4406,4399,32,1,False,0.203125,1,False,0.203125,1,False,0.203125,True,False,1,0
1833,4,bar_u,4460,4453,32,1,False,0.171875,1,False,0.171875,1,False,0.171875,True,False,1,0
1834,4,bar_u,4469,4462,32,1,False,0.203125,1,False,0.203125,1,False,0.203125,True,False,1,0
1835,4,bar_u,4532,4525,32,1,False,0.203125,1,False,0.203125,1,False,0.203125,True,False,1,0
1836,4,bar_u,4595,4588,32,1,False,0.203125,1,False,0.203125,1,False,0.203125,True,False,1,0
1837,4,bar_u,4656,4649,32,1,False,0.109375,1,False,0.109375,1,False,0.109375,True,False,1,0
1838,4,bar_u,4658,4651,32,1,False,0.203125,1,False,0.203125,1,False,0.203125,True,False,1,0
1839,4,bar_u,4719,4712,32,1,False,0.109375,1,False,0.109375,1,False,0.109375,True,False,1,0
1840,4,bar_u,4721,4714,32,1,False,0.203125,1,False,0.203125,1,False,0.203125,True,False,1,0
1841,4,bar_u,4775,4768,32,1,False,0.171875,1,False,0.171875,1,False,0.171875,True,False,1,0
1842,4,bar_u,4784,4777,32,1,False,0.203125,1,False,0.203125,1,False,0.203125,True,False,1,0
1843,4,bar_u,4847,4840,32,1,False,0.203125,1,False,0.203125,1,False,0.203125,True,False,1,0
1844,4,bar_u,4910,4903,32,1,False,0.203125,1,False,0.203125,1,False,0.203125,True,False,1,0
1845,4,bar_u,4973,4966,32,1,False,0.203125,1,False,0.203125,1,False,0.203125,True,False,1,0
1846,4,bar_u,5036,5029,32,1,False,0.203125,1,False,0.203125,1,False,0.203125,True,False,1,0
1847,4,bar_u,5090,5083,32,1,False,0.171875,1,False,0.171875,1,False,0.171875,True,False,1,0
1848,4,bar_u,5099,5092,32,1,False,0.203125,1,False,0.203125,1,False,0.203125,True,False,1,0
1849,4,bar_u,5162,5155,32,1,False,0.203125,1,False,0.203125,1,False,0.203125,True,False,1,0
1850,4,bar_u,5225,5218,32,1,False,0.203125,1,False,0.203125,1,False,0.203125,True,False,1,0
1851,4,bar_u,5288,5281,32,1,False,0.203125,1,False,0.203125,1,False,0.203125,True,False,1,0
1852,4,bar_u,5351,5344,32,1,False,0.203125,1,False,0.203125,1,False,0.203125,True,False,1,0
1853,4,bar_u,5405,5398,32,1,False,0.171875,1,False,0.171875,1,False,0.171875,True,False,1,0
1854,4,bar_u,5414,5407,32,1,False,0.203125,1,False,0.203125,1,False,0.203125,True,False,1,0
1855,4,bar_u,5477,5470,32,1,False,0.203125,1,False,0.203125,1,False,0.203125,True,False,1,0
1856,4,bar_u,5540,5533,32,1,False,0.203125,1,False,0.203125,1,False,0.203125,True,False,1,0
1857,4,bar_u,5603,5596,32,1,False,0.203125,1,False,0.203125,1,False,0.203125,True,False,1,0
1858,4,bar_u,5666,5659,32,1,False,0.203125,1,False,0.203125,1,False,0.203125,True,False,1,0
1859,4,bar_u,5720,5713,32,1,False,0.171875,1,False,0.171875,1,False,0.171875,True,False,1,0
1860,4,bar_u,5729,5722,32,1,False,0.203125,1,False,0.203125,1,False,0.203125,True,False,1,0
1861,4,bar_u,5792,5785,32,1,False,0.203125,1,False,0.203125,1,False,0.203125,True,False,1,0
1862,4,bar_u,5855,5848,32,1,False,0.203125,1,False,0.203125,1,False,0.203125,True,False,1,0
1863,4,bar_u,5918,5911,32,1,False,0.203125,1,False,0.203125,1,False,0.203125,True,False,1,0
1864,4,bar_u,5981,5974,32,1,False,0.203125,1,False,0.203125,1,False,0.203125,True,False,1,0
1865,4,bar_u,6035,6028,32,1,False,0.171875,1,False,0.171875,1,False,0.171875,True,False,1,0
1866,4,bar_u,6044,6037,32,1,False,0.203125,1,False,0.203125,1,False,0.203125,True,False,1,0
1867,4,bar_u,6107,6100,32,1,False,0.203125,1,False,0.203125,1,False,0.203125,True,False,1,0
1868,4,bar_u,6170,6163,32,1,False,0.203125,1,False,0.203125,1,False,0.203125,True,False,1,0
1869,4,bar_u,6233,6226,32,1,False,0.203125,1,False,0.203125,1,False,0.203125,True,False,1,0
1870,4,bar_u,6296,6289,32,1,False,0.203125,1,False,0.203125,1,False,0.203125,True,False,1,0
1871,4,bar_u,6350,6343,32,1,False,0.171875,1,False,0.171875,1,False,0.171875,True,False,1,0
1872,4,bar_u,6359,6352,32,1,False,0.203125,1,False,0.203125,1,False,0.203125,True,False,1,0
1873,4,bar_u,6422,6415,32,1,False,0.203125,1,False,0.203125,1,False,0.203125,True,False,1,0
1874,4,bar_u,6485,6478,32,1,False,0.203125,1,False,0.203125,1,False,0.203125,True,False,1,0
1875,4,bar_u,6548,6541,32,1,False,0.203125,1,False,0.203125,1,False,0.203125,True,False,1,0
1876,4,bar_u,6611,6604,32,1,False,0.203125,1,False,0.203125,1,False,0.203125,True,False,1,0
1877,4,bar_u,6665,6658,32,1,False,0.171875,1,False,0.171875,1,False,0.171875,True,False,1,0
1878,4,bar_u,6674,6667,32,1,False,0.203125,1,False,0.203125,1,False,0.203125,True,False,1,0
1879,4,bar_u,6737,6730,32,1,False,0.203125,1,False,0.203125,1,False,0.203125,True,False,1,0
1880,4,bar_u,6800,6793,32,1,False,0.203125,1,False,0.203125,1,False,0.203125,True,False,1,0
1881,4,bar_u,6863,6856,32,1,False,0.203125,1,False,0.203125,1,False,0.203125,True,False,1,0
1882,4,bar_u,6926,6919,32,1,False,0.203125,1,False,0.203125,1,False,0.203125,True,False,1,0
1883,4,bar_u,6980,6973,32,1,False,0.171875,1,False,0.171875,1,False,0.171875,True,False,1,0
1884,4,bar_u,6989,6982,32,1,False,0.203125,1,False,0.203125,1,False,0.203125,True,False,1,0
1885,4,bar_u,7052,7045,32,1,False,0.203125,1,False,0.203125,1,False,0.203125,True,False,1,0
1886,4,bar_u,7115,7108,32,1,False,0.203125,1,False,0.203125,1,False,0.203125,True,False,1,0
1887,4,bar_u,7178,7171,32,1,False,0.203125,1,False,0.203125,1,False,0.203125,True,False,1,0
1888,4,bar_u,7241,7234,32,1,False,0.203125,1,False,0.203125,1,False,0.203125,True,False,1,0
1889,4,bar_u,7295,7288,32,1,False,0.171875,1,False,0.171875,1,False,0.171875,True,False,1,0
1890,4,bar_u,7304,7297,32,1,False,0.203125,1,False,0.203125,1,False,0.203125,True,False,1,0
1891,4,bar_u,7367,7360,32,1,False,0.203125,1,False,0.203125,1,False,0.203125,True,False,1,0
1892,4,bar_u,7430,7423,32,1,False,0.203125,1,False,0.203125,1,False,0.203125,True,False,1,0
1893,4,bar_u,7493,7486,32,1,False,0.203125,1,False,0.203125,1,False,0.203125,True,False,1,0
1894,4,bar_u,7556,7549,32,1,False,0.203125,1,False,0.203125,1,False,0.203125,True,False,1,0
1895,4,bar_u,7610,7603,32,1,False,0.171875,1,False,0.171875,1,False,0.171875,True,False,1,0
1896,4,bar_u,7619,7612,32,1,False,0.203125,1,False,0.203125,1,False,0.203125,True,False,1,0
1897,4,bar_u,7682,7675,32,1,False,0.203125,1,False,0.203125,1,False,0.203125,True,False,1,0
1898,4,bar_u,7745,7738,32,1,False,0.203125,1,False,0.203125,1,False,0.203125,True,False,1,0
1899,4,bar_u,7808,7801,32,1,False,0.203125,1,False,0.203125,1,False,0.203125,True,False,1,0
1900,4,bar_u,7871,7864,32,1,False,0.203125,1,False,0.203125,1,False,0.203125,True,False,1,0
1901,4,bar_u,22296,22289,32,1,False,0.109375,1,False,0.109375,1,False,0.109375,True,False,1,0
1902,4,bar_u,22359,22352,32,1,False,0.109375,1,False,0.109375,1,False,0.109375,True,False,1,0
1903,4,bar_u,22611,22604,32,1,False,0.109375,1,False,0.109375,1,False,0.109375,True,False,1,0
1904,4,bar_u,22674,22667,32,1,False,0.109375,1,False,0.109375,1,False,0.109375,True,False,1,0
1905,4,bar_u,22926,22919,32,1,False,0.109375,1,False,0.109375,1,False,0.109375,True,False,1,0
1906,4,bar_u,22989,22982,32,1,False,0.109375,1,False,0.109375,1,False,0.109375,True,False,1,0
1907,4,bar_u,23241,23234,32,1,False,0.109375,1,False,0.109375,1,False,0.109375,True,False,1,0
1908,4,bar_u,23304,23297,32,1,False,0.109375,1,False,0.109375,1,False,0.109375,True,False,1,0
1909,4,bar_u,23556,23549,32,1,False,0.109375,1,False,0.109375,1,False,0.109375,True,False,1,0
1910,4,bar_u,23619,23612,32,1,False,0.109375,1,False,0.109375,1,False,0.109375,True,False,1,0
1911,4,bar_u,23675,23668,32,1,False,0.171875,1,False,0.171875,1,False,0.171875,True,False,1,0
1912,4,bar_u,23684,23677,32,1,False,0.203125,1,False,0.203125,1,False,0.203125,True,False,1,0
1913,4,bar_u,23747,23740,32,1,False,0.203125,1,False,0.203125,1,False,0.203125,True,False,1,0
1914,4,bar_u,23810,23803,32,1,False,0.203125,1,False,0.203125,1,False,0.203125,True,False,1,0
1915,4,bar_u,23871,23864,32,1,False,0.109375,1,False,0.109375,1,False,0.109375,True,False,1,0
1916,4,bar_u,23873,23866,32,1,False,0.203125,1,False,0.203125,1,False,0.203125,True,False,1,0
1917,4,bar_u,23934,23927,32,1,False,0.109375,1,False,0.109375,1,False,0.109375,True,False,1,0
1918,4,bar_u,23936,23929,32,1,False,0.203125,1,False,0.203125,1,False,0.203125,True,False,1,0
1919,4,bar_u,23990,23983,32,1,False,0.171875,1,False,0.171875,1,False,0.171875,True,False,1,0
1920,4,bar_u,23999,23992,32,1,False,0.203125,1,False,0.203125,1,False,0.203125,True,False,1,0
1921,4,bar_u,24062,24055,32,1,False,0.203125,1,False,0.203125,1,False,0.203125,True,False,1,0
1922,4,bar_u,24125,24118,32,1,False,0.203125,1,False,0.203125,1,False,0.203125,True,False,1,0
1923,4,bar_u,24186,24179,32,1,False,0.109375,1,False,0.109375,1,False,0.109375,True,False,1,0
1924,4,bar_u,24188,24181,32,1,False,0.203125,1,False,0.203125,1,False,0.203125,True,False,1,0
1925,4,bar_u,24249,24242,32,1,False,0.109375,1,False,0.109375,1,False,0.109375,True,False,1,0
1926,4,bar_u,24251,24244,32,1,False,0.203125,1,False,0.203125,1,False,0.203125,True,False,1,0
1927,4,bar_u,24305,24298,32,1,False,0.171875,1,False,0.171875,1,False,0.171875,True,False,1,0
1928,4,bar_u,24314,24307,32,1,False,0.203125,1,False,0.203125,1,False,0.203125,True,False,1,0
1929,4,bar_u,24377,24370,32,1,False,0.203125,1,False,0.203125,1,False,0.203125,True,False,1,0
1930,4,bar_u,24440,24433,32,1,False,0.203125,1,False,0.203125,1,False,0.203125,True,False,1,0
1931,4,bar_u,24501,24494,32,1,False,0.109375,1,False,0.109375,1,False,0.109375,True,False,1,0
1932,4,bar_u,24503,24496,32,1,False,0.203125,1,False,0.203125,1,False,0.203125,True,False,1,0
1933,4,bar_u,24564,24557,32,1,False,0.109375,1,False,0.109375,1,False,0.109375,True,False,1,0
1934,4,bar_u,24566,24559,32,1,False,0.203125,1,False,0.203125,1,False,0.203125,True,False,1,0
1935,4,bar_u,24620,24613,32,1,False,0.171875,1,False,0.171875,1,False,0.171875,True,False,1,0
1936,4,bar_u,24629,24622,32,1,False,0.203125,1,False,0.203125,1,False,0.203125,True,False,1,0
1937,4,bar_u,24692,24685,32,1,False,0.203125,1,False,0.203125,1,False,0.203125,True,False,1,0
1938,4,bar_u,24755,24748,32,1,False,0.203125,1,False,0.203125,1,False,0.203125,True,False,1,0
1939,4,bar_u,24816,24809,32,1,False,0.109375,1,False,0.109375,1,False,0.109375,True,False,1,0
1940,4,bar_u,24818,24811,32,1,False,0.203125,1,False,0.203125,1,False,0.203125,True,False,1,0
1941,4,bar_u,24879,24872,32,1,False,0.109375,1,False,0.109375,1,False,0.109375,True,False,1,0
1942,4,bar_u,24881,24874,32,1,False,0.203125,1,False,0.203125,1,False,0.203125,True,False,1,0
1943,4,bar_u,24935,24928,32,1,False,0.171875,1,False,0.171875,1,False,0.171875,True,False,1,0
1944,4,bar_u,24944,24937,32,1,False,0.203125,1,False,0.203125,1,False,0.203125,True,False,1,0
1945,4,bar_u,25007,25000,32,1,False,0.203125,1,False,0.203125,1,False,0.203125,True,False,1,0
1946,4,bar_u,25070,25063,32,1,False,0.203125,1,False,0.203125,1,False,0.203125,True,False,1,0
1947,4,bar_u,25131,25124,32,1,False,0.109375,1,False,0.109375,1,False,0.109375,True,False,1,0
1948,4,bar_u,25133,25126,32,1,False,0.203125,1,False,0.203125,1,False,0.203125,True,False,1,0
1949,4,bar_u,25194,25187,32,1,False,0.109375,1,False,0.109375,1,False,0.109375,True,False,1,0
1950,4,bar_u,25196,25189,32,1,False,0.203125,1,False,0.203125,1,False,0.203125,True,False,1,0
1951,4,bar_u,25250,25243,32,1,False,0.171875,1,False,0.171875,1,False,0.171875,True,False,1,0
1952,4,bar_u,25259,25252,32,1,False,0.203125,1,False,0.203125,1,False,0.203125,True,False,1,0
1953,4,bar_u,25322,25315,32,1,False,0.203125,1,False,0.203125,1,False,0.203125,True,False,1,0
1954,4,bar_u,25385,25378,32,1,False,0.203125,1,False,0.203125,1,False,0.203125,True,False,1,0
1955,4,bar_u,25446,25439,32,1,False,0.109375,1,False,0.109375,1,False,0.109375,True,False,1,0
1956,4,bar_u,25448,25441,32,1,False,0.203125,1,False,0.203125,1,False,0.203125,True,False,1,0
1957,4,bar_u,25509,25502,32,1,False,0.109375,1,False,0.109375,1,False,0.109375,True,False,1,0
1958,4,bar_u,25511,25504,32,1,False,0.203125,1,False,0.203125,1,False,0.203125,True,False,1,0
1959,4,bar_u,25565,25558,32,1,False,0.171875,1,False,0.171875,1,False,0.171875,True,False,1,0
1960,4,bar_u,25574,25567,32,1,False,0.203125,1,False,0.203125,1,False,0.203125,True,False,1,0
1961,4,bar_u,25637,25630,32,1,False,0.203125,1,False,0.203125,1,False,0.203125,True,False,1,0
1962,4,bar_u,25700,25693,32,1,False,0.203125,1,False,0.203125,1,False,0.203125,True,False,1,0
1963,4,bar_u,25761,25754,32,1,False,0.109375,1,False,0.109375,1,False,0.109375,True,False,1,0
1964,4,bar_u,25763,25756,32,1,False,0.203125,1,False,0.203125,1,False,0.203125,True,False,1,0
1965,4,bar_u,25824,25817,32,1,False,0.109375,1,False,0.109375,1,False,0.109375,True,False,1,0
1966,4,bar_u,25826,25819,32,1,False,0.203125,1,False,0.203125,1,False,0.203125,True,False,1,0
1967,4,bar_u,25880,25873,32,1,False,0.171875,1,False,0.171875,1,False,0.171875,True,False,1,0
1968,4,bar_u,25889,25882,32,1,False,0.203125,1,False,0.203125,1,False,0.203125,True,False,1,0
1969,4,bar_u,25952,25945,32,1,False,0.203125,1,False,0.203125,1,False,0.203125,True,False,1,0
1970,4,bar_u,26015,26008,32,1,False,0.203125,1,False,0.203125,1,False,0.203125,True,False,1,0
1971,4,bar_u,26076,26069,32,1,False,0.109375,1,False,0.109375,1,False,0.109375,True,False,1,0
1972,4,bar_u,26078,26071,32,1,False,0.203125,1,False,0.203125,1,False,0.203125,True,False,1,0
1973,4,bar_u,26139,26132,32,1,False,0.109375,1,False,0.109375,1,False,0.109375,True,False,1,0
1974,4,bar_u,26141,26134,32,1,False,0.203125,1,False,0.203125,1,False,0.203125,True,False,1,0
1975,4,bar_u,26195,26188,32,1,False,0.171875,1,False,0.171875,1,False,0.171875,True,False,1,0
1976,4,bar_u,26204,26197,32,1,False,0.203125,1,False,0.203125,1,False,0.203125,True,False,1,0
1977,4,bar_u,26267,26260,32,1,False,0.203125,1,False,0.203125,1,False,0.203125,True,False,1,0
1978,4,bar_u,26330,26323,32,1,False,0.203125,1,False,0.203125,1,False,0.203125,True,False,1,0
1979,4,bar_u,26391,26384,32,1,False,0.109375,1,False,0.109375,1,False,0.109375,True,False,1,0
1980,4,bar_u,26393,26386,32,1,False,0.203125,1,False,0.203125,1,False,0.203125,True,False,1,0
1981,4,bar_u,26454,26447,32,1,False,0.109375,1,False,0.109375,1,False,0.109375,True,False,1,0
1982,4,bar_u,26456,26449,32,1,False,0.203125,1,False,0.203125,1,False,0.203125,True,False,1,0
1983,4,bar_u,26510,26503,32,1,False,0.171875,1,False,0.171875,1,False,0.171875,True,False,1,0
1984,4,bar_u,26519,26512,32,1,False,0.203125,1,False,0.203125,1,False,0.203125,True,False,1,0
1985,4,bar_u,26582,26575,32,1,False,0.203125,1,False,0.203125,1,False,0.203125,True,False,1,0
1986,4,bar_u,26645,26638,32,1,False,0.203125,1,False,0.203125,1,False,0.203125,True,False,1,0
1987,4,bar_u,26706,26699,32,1,False,0.109375,1,False,0.109375,1,False,0.109375,True,False,1,0
1988,4,bar_u,26708,26701,32,1,False,0.203125,1,False,0.203125,1,False,0.203125,True,False,1,0
1989,4,bar_u,26769,26762,32,1,False,0.109375,1,False,0.109375,1,False,0.109375,True,False,1,0
1990,4,bar_u,26771,26764,32,1,False,0.203125,1,False,0.203125,1,False,0.203125,True,False,1,0
1991,4,bar_u,26825,26818,32,1,False,0.171875,1,False,0.171875,1,False,0.171875,True,False,1,0
1992,4,bar_u,26834,26827,32,1,False,0.203125,1,False,0.203125,1,False,0.203125,True,False,1,0
1993,4,bar_u,26897,26890,32,1,False,0.203125,1,False,0.203125,1,False,0.203125,True,False,1,0
1994,4,bar_u,26960,26953,32,1,False,0.203125,1,False,0.203125,1,False,0.203125,True,False,1,0
1995,4,bar_u,27023,27016,32,1,False,0.203125,1,False,0.203125,1,False,0.203125,True,False,1,0
1996,4,bar_u,27086,27079,32,1,False,0.203125,1,False,0.203125,1,False,0.203125,True,False,1,0
1997,4,bar_u,27140,27133,32,1,False,0.171875,1,False,0.171875,1,False,0.171875,True,False,1,0
1998,4,bar_u,27149,27142,32,1,False,0.203125,1,False,0.203125,1,False,0.203125,True,False,1,0
1999,4,bar_u,27212,27205,32,1,False,0.203125,1,False,0.203125,1,False,0.203125,True,False,1,0
2000,4,bar_u,27275,27268,32,1,False,0.203125,1,False,0.203125,1,False,0.203125,True,False,1,0
2001,4,bar_u,27338,27331,32,1,False,0.203125,1,False,0.203125,1,False,0.203125,True,False,1,0
2002,4,bar_u,27401,27394,32,1,False,0.203125,1,False,0.203125,1,False,0.203125,True,False,1,0
2003,4,bar_u,27455,27448,32,1,False,0.171875,1,False,0.171875,1,False,0.171875,True,False,1,0
2004,4,bar_u,27464,27457,32,1,False,0.203125,1,False,0.203125,1,False,0.203125,True,False,1,0
2005,4,bar_u,27527,27520,32,1,False,0.203125,1,False,0.203125,1,False,0.203125,True,False,1,0
2006,4,bar_u,27590,27583,32,1,False,0.203125,1,False,0.203125,1,False,0.203125,True,False,1,0
2007,4,bar_u,27653,27646,32,1,False,0.203125,1,False,0.203125,1,False,0.203125,True,False,1,0
2008,4,bar_u,27716,27709,32,1,False,0.203125,1,False,0.203125,1,False,0.203125,True,False,1,0
2009,4,bar_u,27770,27763,32,1,False,0.171875,1,False,0.171875,1,False,0.171875,True,False,1,0
2010,4,bar_u,27779,27772,32,1,False,0.203125,1,False,0.203125,1,False,0.203125,True,False,1,0
2011,4,bar_u,27842,27835,32,1,False,0.203125,1,False,0.203125,1,False,0.203125,True,False,1,0
2012,4,bar_u,27905,27898,32,1,False,0.203125,1,False,0.203125,1,False,0.203125,True,False,1,0
2013,4,bar_u,27966,27959,32,1,False,0.109375,1,False,0.109375,1,False,0.109375,True,False,1,0
2014,4,bar_u,27968,27961,32,1,False,0.203125,1,False,0.203125,1,False,0.203125,True,False,1,0
2015,4,bar_u,28029,28022,32,1,False,0.109375,1,False,0.109375,1,False,0.109375,True,False,1,0
2016,4,bar_u,28031,28024,32,1,False,0.203125,1,False,0.203125,1,False,0.203125,True,False,1,0
2017,4,bar_u,28085,28078,32,1,False,0.171875,1,False,0.171875,1,False,0.171875,True,False,1,0
2018,4,bar_u,28094,28087,32,1,False,0.203125,1,False,0.203125,1,False,0.203125,True,False,1,0
2019,4,bar_u,28157,28150,32,1,False,0.203125,1,False,0.203125,1,False,0.203125,True,False,1,0
2020,4,bar_u,28220,28213,32,1,False,0.203125,1,False,0.203125,1,False,0.203125,True,False,1,0
2021,4,bar_u,28281,28274,32,1,False,0.109375,1,False,0.109375,1,False,0.109375,True,False,1,0
2022,4,bar_u,28283,28276,32,1,False,0.203125,1,False,0.203125,1,False,0.203125,True,False,1,0
2023,4,bar_u,28344,28337,32,1,False,0.109375,1,False,0.109375,1,False,0.109375,True,False,1,0
2024,4,bar_u,28346,28339,32,1,False,0.203125,1,False,0.203125,1,False,0.203125,True,False,1,0
2025,4,bar_u,29345,29338,32,1,False,0.171875,1,False,0.171875,1,False,0.171875,True,False,1,0
2026,4,bar_u,29354,29347,32,1,False,0.203125,1,False,0.203125,1,False,0.203125,True,False,1,0
2027,4,bar_u,29417,29410,32,1,False,0.203125,1,False,0.203125,1,False,0.203125,True,False,1,0
2028,4,bar_u,29480,29473,32,1,False,0.203125,1,False,0.203125,1,False,0.203125,True,False,1,0
2029,4,bar_u,29541,29534,32,1,False,0.109375,1,False,0.109375,1,False,0.109375,True,False,1,0
2030,4,bar_u,29543,29536,32,1,False,0.203125,1,False,0.203125,1,False,0.203125,True,False,1,0
2031,4,bar_u,29604,29597,32,1,False,0.109375,1,False,0.109375,1,False,0.109375,True,False,1,0
2032,4,bar_u,29606,29599,32,1,False,0.203125,1,False,0.203125,1,False,0.203125,True,False,1,0
2033,4,bar_u,29660,29653,32,1,False,0.171875,1,False,0.171875,1,False,0.171875,True,False,1,0
2034,4,bar_u,29669,29662,32,1,False,0.203125,1,False,0.203125,1,False,0.203125,True,False,1,0
2035,4,bar_u,29732,29725,32,1,False,0.203125,1,False,0.203125,1,False,0.203125,True,False,1,0
2036,4,bar_u,29795,29788,32,1,False,0.203125,1,False,0.203125,1,False,0.203125,True,False,1,0
2037,4,bar_u,29856,29849,32,1,False,0.109375,1,False,0.109375,1,False,0.109375,True,False,1,0
2038,4,bar_u,29858,29851,32,1,False,0.203125,1,False,0.203125,1,False,0.203125,True,False,1,0
2039,4,bar_u,29919,29912,32,1,False,0.109375,1,False,0.109375,1,False,0.109375,True,False,1,0
2040,4,bar_u,29921,29914,32,1,False,0.203125,1,False,0.203125,1,False,0.203125,True,False,1,0
2041,4,bar_u,30920,30913,32,1,False,0.171875,1,False,0.171875,1,False,0.171875,True,False,1,0
2042,4,bar_u,30929,30922,32,1,False,0.203125,1,False,0.203125,1,False,0.203125,True,False,1,0
2043,4,bar_u,30992,30985,32,1,False,0.203125,1,False,0.203125,1,False,0.203125,True,False,1,0
2044,4,bar_u,31055,31048,32,1,False,0.203125,1,False,0.203125,1,False,0.203125,True,False,1,0
2045,4,bar_u,31118,31111,32,1,False,0.203125,1,False,0.203125,1,False,0.203125,True,False,1,0
2046,4,bar_u,31181,31174,32,1,False,0.203125,1,False,0.203125,1,False,0.203125,True,False,1,0
2047,4,bar_u,31235,31228,32,1,False,0.171875,1,False,0.171875,1,False,0.171875,True,False,1,0
2048,4,bar_u,31244,31237,32,1,False,0.203125,1,False,0.203125,1,False,0.203125,True,False,1,0
2049,4,bar_u,31307,31300,32,1,False,0.203125,1,False,0.203125,1,False,0.203125,True,False,1,0
2050,4,bar_u,31370,31363,32,1,False,0.203125,1,False,0.203125,1,False,0.203125,True,False,1,0
2051,4,bar_u,31433,31426,32,1,False,0.203125,1,False,0.203125,1,False,0.203125,True,False,1,0
2052,4,bar_u,31496,31489,32,1,False,0.203125,1,False,0.203125,1,False,0.203125,True,False,1,0
2053,4,bar_u,42771,42764,32,1,False,0.109375,1,False,0.109375,1,False,0.109375,True,False,1,0
2054,4,bar_u,42834,42827,32,1,False,0.109375,1,False,0.109375,1,False,0.109375,True,False,1,0
2055,4,bar_u,43086,43079,32,1,False,0.109375,1,False,0.109375,1,False,0.109375,True,False,1,0
2056,4,bar_u,43149,43142,32,1,False,0.109375,1,False,0.109375,1,False,0.109375,True,False,1,0
2057,4,bar_u,43401,43394,32,1,False,0.109375,1,False,0.109375,1,False,0.109375,True,False,1,0
2058,4,bar_u,43464,43457,32,1,False,0.109375,1,False,0.109375,1,False,0.109375,True,False,1,0
2059,4,bar_u,43716,43709,32,1,False,0.109375,1,False,0.109375,1,False,0.109375,True,False,1,0
2060,4,bar_u,43779,43772,32,1,False,0.109375,1,False,0.109375,1,False,0.109375,True,False,1,0
2061,4,bar_u,44031,44024,32,1,False,0.109375,1,False,0.109375,1,False,0.109375,True,False,1,0
2062,4,bar_u,44094,44087,32,1,False,0.109375,1,False,0.109375,1,False,0.109375,True,False,1,0
2063,4,bar_u,44150,44143,32,1,False,0.171875,1,False,0.171875,1,False,0.171875,True,False,1,0
2064,4,bar_u,44159,44152,32,1,False,0.203125,1,False,0.203125,1,False,0.203125,True,False,1,0
2065,4,bar_u,44222,44215,32,1,False,0.203125,1,False,0.203125,1,False,0.203125,True,False,1,0
2066,4,bar_u,44285,44278,32,1,False,0.203125,1,False,0.203125,1,False,0.203125,True,False,1,0
2067,4,bar_u,44346,44339,32,1,False,0.109375,1,False,0.109375,1,False,0.109375,True,False,1,0
2068,4,bar_u,44348,44341,32,1,False,0.203125,1,False,0.203125,1,False,0.203125,True,False,1,0
2069,4,bar_u,44409,44402,32,1,False,0.109375,1,False,0.109375,1,False,0.109375,True,False,1,0
2070,4,bar_u,44411,44404,32,1,False,0.203125,1,False,0.203125,1,False,0.203125,True,False,1,0
2071,4,bar_u,44465,44458,32,1,False,0.171875,1,False,0.171875,1,False,0.171875,True,False,1,0
2072,4,bar_u,44474,44467,32,1,False,0.203125,1,False,0.203125,1,False,0.203125,True,False,1,0
2073,4,bar_u,44537,44530,32,1,False,0.203125,1,False,0.203125,1,False,0.203125,True,False,1,0
2074,4,bar_u,44600,44593,32,1,False,0.203125,1,False,0.203125,1,False,0.203125,True,False,1,0
2075,4,bar_u,44661,44654,32,1,False,0.109375,1,False,0.109375,1,False,0.109375,True,False,1,0
2076,4,bar_u,44663,44656,32,1,False,0.203125,1,False,0.203125,1,False,0.203125,True,False,1,0
2077,4,bar_u,44724,44717,32,1,False,0.109375,1,False,0.109375,1,False,0.109375,True,False,1,0
2078,4,bar_u,44726,44719,32,1,False,0.203125,1,False,0.203125,1,False,0.203125,True,False,1,0
2079,4,bar_u,44780,44773,32,1,False,0.171875,1,False,0.171875,1,False,0.171875,True,False,1,0
2080,4,bar_u,44789,44782,32,1,False,0.203125,1,False,0.203125,1,False,0.203125,True,False,1,0
2081,4,bar_u,44852,44845,32,1,False,0.203125,1,False,0.203125,1,False,0.203125,True,False,1,0
2082,4,bar_u,44915,44908,32,1,False,0.203125,1,False,0.203125,1,False,0.203125,True,False,1,0
2083,4,bar_u,44976,44969,32,1,False,0.109375,1,False,0.109375,1,False,0.109375,True,False,1,0
2084,4,bar_u,44978,44971,32,1,False,0.203125,1,False,0.203125,1,False,0.203125,True,False,1,0
2085,4,bar_u,45039,45032,32,1,False,0.109375,1,False,0.109375,1,False,0.109375,True,False,1,0
2086,4,bar_u,45041,45034,32,1,False,0.203125,1,False,0.203125,1,False,0.203125,True,False,1,0
2087,4,bar_u,45095,45088,32,1,False,0.171875,1,False,0.171875,1,False,0.171875,True,False,1,0
2088,4,bar_u,45104,45097,32,1,False,0.203125,1,False,0.203125,1,False,0.203125,True,False,1,0
2089,4,bar_u,45167,45160,32,1,False,0.203125,1,False,0.203125,1,False,0.203125,True,False,1,0
2090,4,bar_u,45230,45223,32,1,False,0.203125,1,False,0.203125,1,False,0.203125,True,False,1,0
2091,4,bar_u,45291,45284,32,1,False,0.109375,1,False,0.109375,1,False,0.109375,True,False,1,0
2092,4,bar_u,45293,45286,32,1,False,0.203125,1,False,0.203125,1,False,0.203125,True,False,1,0
2093,4,bar_u,45354,45347,32,1,False,0.109375,1,False,0.109375,1,False,0.109375,True,False,1,0
2094,4,bar_u,45356,45349,32,1,False,0.203125,1,False,0.203125,1,False,0.203125,True,False,1,0
2095,4,bar_u,45410,45403,32,1,False,0.171875,1,False,0.171875,1,False,0.171875,True,False,1,0
2096,4,bar_u,45419,45412,32,1,False,0.203125,1,False,0.203125,1,False,0.203125,True,False,1,0
2097,4,bar_u,45482,45475,32,1,False,0.203125,1,False,0.203125,1,False,0.203125,True,False,1,0
2098,4,bar_u,45545,45538,32,1,False,0.203125,1,False,0.203125,1,False,0.203125,True,False,1,0
2099,4,bar_u,45606,45599,32,1,False,0.109375,1,False,0.109375,1,False,0.109375,True,False,1,0
2100,4,bar_u,45608,45601,32,1,False,0.203125,1,False,0.203125,1,False,0.203125,True,False,1,0
2101,4,bar_u,45669,45662,32,1,False,0.109375,1,False,0.109375,1,False,0.109375,True,False,1,0
2102,4,bar_u,45671,45664,32,1,False,0.203125,1,False,0.203125,1,False,0.203125,True,False,1,0
2103,4,bar_u,45725,45718,32,1,False,0.171875,1,False,0.171875,1,False,0.171875,True,False,1,0
2104,4,bar_u,45734,45727,32,1,False,0.203125,1,False,0.203125,1,False,0.203125,True,False,1,0
2105,4,bar_u,45797,45790,32,1,False,0.203125,1,False,0.203125,1,False,0.203125,True,False,1,0
2106,4,bar_u,45860,45853,32,1,False,0.203125,1,False,0.203125,1,False,0.203125,True,False,1,0
2107,4,bar_u,45921,45914,32,1,False,0.109375,1,False,0.109375,1,False,0.109375,True,False,1,0
2108,4,bar_u,45923,45916,32,1,False,0.203125,1,False,0.203125,1,False,0.203125,True,False,1,0
2109,4,bar_u,45984,45977,32,1,False,0.109375,1,False,0.109375,1,False,0.109375,True,False,1,0
2110,4,bar_u,45986,45979,32,1,False,0.203125,1,False,0.203125,1,False,0.203125,True,False,1,0
2111,4,bar_u,46040,46033,32,1,False,0.171875,1,False,0.171875,1,False,0.171875,True,False,1,0
2112,4,bar_u,46049,46042,32,1,False,0.203125,1,False,0.203125,1,False,0.203125,True,False,1,0
2113,4,bar_u,46112,46105,32,1,False,0.203125,1,False,0.203125,1,False,0.203125,True,False,1,0
2114,4,bar_u,46175,46168,32,1,False,0.203125,1,False,0.203125,1,False,0.203125,True,False,1,0
2115,4,bar_u,46236,46229,32,1,False,0.109375,1,False,0.109375,1,False,0.109375,True,False,1,0
2116,4,bar_u,46238,46231,32,1,False,0.203125,1,False,0.203125,1,False,0.203125,True,False,1,0
2117,4,bar_u,46299,46292,32,1,False,0.109375,1,False,0.109375,1,False,0.109375,True,False,1,0
2118,4,bar_u,46301,46294,32,1,False,0.203125,1,False,0.203125,1,False,0.203125,True,False,1,0
2119,4,bar_u,46355,46348,32,1,False,0.171875,1,False,0.171875,1,False,0.171875,True,False,1,0
2120,4,bar_u,46364,46357,32,1,False,0.203125,1,False,0.203125,1,False,0.203125,True,False,1,0
2121,4,bar_u,46427,46420,32,1,False,0.203125,1,False,0.203125,1,False,0.203125,True,False,1,0
2122,4,bar_u,46490,46483,32,1,False,0.203125,1,False,0.203125,1,False,0.203125,True,False,1,0
2123,4,bar_u,46551,46544,32,1,False,0.109375,1,False,0.109375,1,False,0.109375,True,False,1,0
2124,4,bar_u,46553,46546,32,1,False,0.203125,1,False,0.203125,1,False,0.203125,True,False,1,0
2125,4,bar_u,46614,46607,32,1,False,0.109375,1,False,0.109375,1,False,0.109375,True,False,1,0
2126,4,bar_u,46616,46609,32,1,False,0.203125,1,False,0.203125,1,False,0.203125,True,False,1,0
2127,4,bar_u,46670,46663,32,1,False,0.171875,1,False,0.171875,1,False,0.171875,True,False,1,0
2128,4,bar_u,46679,46672,32,1,False,0.203125,1,False,0.203125,1,False,0.203125,True,False,1,0
2129,4,bar_u,46742,46735,32,1,False,0.203125,1,False,0.203125,1,False,0.203125,True,False,1,0
2130,4,bar_u,46805,46798,32,1,False,0.203125,1,False,0.203125,1,False,0.203125,True,False,1,0
2131,4,bar_u,46866,46859,32,1,False,0.109375,1,False,0.109375,1,False,0.109375,True,False,1,0
2132,4,bar_u,46868,46861,32,1,False,0.203125,1,False,0.203125,1,False,0.203125,True,False,1,0
2133,4,bar_u,46929,46922,32,1,False,0.109375,1,False,0.109375,1,False,0.109375,True,False,1,0
2134,4,bar_u,46931,46924,32,1,False,0.203125,1,False,0.203125,1,False,0.203125,True,False,1,0
2135,4,bar_u,46985,46978,32,1,False,0.171875,1,False,0.171875,1,False,0.171875,True,False,1,0
2136,4,bar_u,46994,46987,32,1,False,0.203125,1,False,0.203125,1,False,0.203125,True,False,1,0
2137,4,bar_u,47057,47050,32,1,False,0.203125,1,False,0.203125,1,False,0.203125,True,False,1,0
2138,4,bar_u,47120,47113,32,1,False,0.203125,1,False,0.203125,1,False,0.203125,True,False,1,0
2139,4,bar_u,47181,47174,32,1,False,0.109375,1,False,0.109375,1,False,0.109375,True,False,1,0
2140,4,bar_u,47183,47176,32,1,False,0.203125,1,False,0.203125,1,False,0.203125,True,False,1,0
2141,4,bar_u,47244,47237,32,1,False,0.109375,1,False,0.109375,1,False,0.109375,True,False,1,0
2142,4,bar_u,47246,47239,32,1,False,0.203125,1,False,0.203125,1,False,0.203125,True,False,1,0
2143,4,bar_u,47300,47293,32,1,False,0.171875,1,False,0.171875,1,False,0.171875,True,False,1,0
2144,4,bar_u,47309,47302,32,1,False,0.203125,1,False,0.203125,1,False,0.203125,True,False,1,0
2145,4,bar_u,47372,47365,32,1,False,0.203125,1,False,0.203125,1,False,0.203125,True,False,1,0
2146,4,bar_u,47435,47428,32,1,False,0.203125,1,False,0.203125,1,False,0.203125,True,False,1,0
2147,4,bar_u,47496,47489,32,1,False,0.109375,1,False,0.109375,1,False,0.109375,True,False,1,0
2148,4,bar_u,47498,47491,32,1,False,0.203125,1,False,0.203125,1,False,0.203125,True,False,1,0
2149,4,bar_u,47559,47552,32,1,False,0.109375,1,False,0.109375,1,False,0.109375,True,False,1,0
2150,4,bar_u,47561,47554,32,1,False,0.203125,1,False,0.203125,1,False,0.203125,True,False,1,0
2151,4,bar_u,47615,47608,32,1,False,0.171875,1,False,0.171875,1,False,0.171875,True,False,1,0
2152,4,bar_u,47624,47617,32,1,False,0.203125,1,False,0.203125,1,False,0.203125,True,False,1,0
2153,4,bar_u,47687,47680,32,1,False,0.203125,1,False,0.203125,1,False,0.203125,True,False,1,0
2154,4,bar_u,47750,47743,32,1,False,0.203125,1,False,0.203125,1,False,0.203125,True,False,1,0
2155,4,bar_u,47811,47804,32,1,False,0.109375,1,False,0.109375,1,False,0.109375,True,False,1,0
2156,4,bar_u,47813,47806,32,1,False,0.203125,1,False,0.203125,1,False,0.203125,True,False,1,0
2157,4,bar_u,47874,47867,32,1,False,0.109375,1,False,0.109375,1,False,0.109375,True,False,1,0
2158,4,bar_u,47876,47869,32,1,False,0.203125,1,False,0.203125,1,False,0.203125,True,False,1,0
2159,4,bar_u,47930,47923,32,1,False,0.171875,1,False,0.171875,1,False,0.171875,True,False,1,0
2160,4,bar_u,47939,47932,32,1,False,0.203125,1,False,0.203125,1,False,0.203125,True,False,1,0
2161,4,bar_u,48002,47995,32,1,False,0.203125,1,False,0.203125,1,False,0.203125,True,False,1,0
2162,4,bar_u,48065,48058,32,1,False,0.203125,1,False,0.203125,1,False,0.203125,True,False,1,0
2163,4,bar_u,48126,48119,32,1,False,0.109375,1,False,0.109375,1,False,0.109375,True,False,1,0
2164,4,bar_u,48128,48121,32,1,False,0.203125,1,False,0.203125,1,False,0.203125,True,False,1,0
2165,4,bar_u,48189,48182,32,1,False,0.109375,1,False,0.109375,1,False,0.109375,True,False,1,0
2166,4,bar_u,48191,48184,32,1,False,0.203125,1,False,0.203125,1,False,0.203125,True,False,1,0
2167,4,bar_u,48245,48238,32,1,False,0.171875,1,False,0.171875,1,False,0.171875,True,False,1,0
2168,4,bar_u,48254,48247,32,1,False,0.203125,1,False,0.203125,1,False,0.203125,True,False,1,0
2169,4,bar_u,48317,48310,32,1,False,0.203125,1,False,0.203125,1,False,0.203125,True,False,1,0
2170,4,bar_u,48380,48373,32,1,False,0.203125,1,False,0.203125,1,False,0.203125,True,False,1,0
2171,4,bar_u,48441,48434,32,1,False,0.109375,1,False,0.109375,1,False,0.109375,True,False,1,0
2172,4,bar_u,48443,48436,32,1,False,0.203125,1,False,0.203125,1,False,0.203125,True,False,1,0
2173,4,bar_u,48504,48497,32,1,False,0.109375,1,False,0.109375,1,False,0.109375,True,False,1,0
2174,4,bar_u,48506,48499,32,1,False,0.203125,1,False,0.203125,1,False,0.203125,True,False,1,0
2175,4,bar_u,48560,48553,32,1,False,0.171875,1,False,0.171875,1,False,0.171875,True,False,1,0
2176,4,bar_u,48569,48562,32,1,False,0.203125,1,False,0.203125,1,False,0.203125,True,False,1,0
2177,4,bar_u,48632,48625,32,1,False,0.203125,1,False,0.203125,1,False,0.203125,True,False,1,0
2178,4,bar_u,48695,48688,32,1,False,0.203125,1,False,0.203125,1,False,0.203125,True,False,1,0
2179,4,bar_u,48756,48749,32,1,False,0.109375,1,False,0.109375,1,False,0.109375,True,False,1,0
2180,4,bar_u,48758,48751,32,1,False,0.203125,1,False,0.203125,1,False,0.203125,True,False,1,0
2181,4,bar_u,48819,48812,32,1,False,0.109375,1,False,0.109375,1,False,0.109375,True,False,1,0
2182,4,bar_u,48821,48814,32,1,False,0.203125,1,False,0.203125,1,False,0.203125,True,False,1,0
2183,4,bar_u,48875,48868,32,1,False,0.171875,1,False,0.171875,1,False,0.171875,True,False,1,0
2184,4,bar_u,48884,48877,32,1,False,0.203125,1,False,0.203125,1,False,0.203125,True,False,1,0
2185,4,bar_u,48947,48940,32,1,False,0.203125,1,False,0.203125,1,False,0.203125,True,False,1,0
2186,4,bar_u,49010,49003,32,1,False,0.203125,1,False,0.203125,1,False,0.203125,True,False,1,0
2187,4,bar_u,49071,49064,32,1,False,0.109375,1,False,0.109375,1,False,0.109375,True,False,1,0
2188,4,bar_u,49073,49066,32,1,False,0.203125,1,False,0.203125,1,False,0.203125,True,False,1,0
2189,4,bar_u,49134,49127,32,1,False,0.109375,1,False,0.109375,1,False,0.109375,True,False,1,0
2190,4,bar_u,49136,49129,32,1,False,0.203125,1,False,0.203125,1,False,0.203125,True,False,1,0
2191,4,bar_u,49190,49183,32,1,False,0.171875,1,False,0.171875,1,False,0.171875,True,False,1,0
2192,4,bar_u,49199,49192,32,1,False,0.203125,1,False,0.203125,1,False,0.203125,True,False,1,0
2193,4,bar_u,49262,49255,32,1,False,0.203125,1,False,0.203125,1,False,0.203125,True,False,1,0
2194,4,bar_u,49325,49318,32,1,False,0.203125,1,False,0.203125,1,False,0.203125,True,False,1,0
2195,4,bar_u,49386,49379,32,1,False,0.109375,1,False,0.109375,1,False,0.109375,True,False,1,0
2196,4,bar_u,49388,49381,32,1,False,0.203125,1,False,0.203125,1,False,0.203125,True,False,1,0
2197,4,bar_u,49449,49442,32,1,False,0.109375,1,False,0.109375,1,False,0.109375,True,False,1,0
2198,4,bar_u,49451,49444,32,1,False,0.203125,1,False,0.203125,1,False,0.203125,True,False,1,0
2199,4,bar_u,49505,49498,32,1,False,0.171875,1,False,0.171875,1,False,0.171875,True,False,1,0
2200,4,bar_u,49514,49507,32,1,False,0.203125,1,False,0.203125,1,False,0.203125,True,False,1,0
2201,4,bar_u,49577,49570,32,1,False,0.203125,1,False,0.203125,1,False,0.203125,True,False,1,0
2202,4,bar_u,49640,49633,32,1,False,0.203125,1,False,0.203125,1,False,0.203125,True,False,1,0
2203,4,bar_u,49701,49694,32,1,False,0.109375,1,False,0.109375,1,False,0.109375,True,False,1,0
2204,4,bar_u,49703,49696,32,1,False,0.203125,1,False,0.203125,1,False,0.203125,True,False,1,0
2205,4,bar_u,49764,49757,32,1,False,0.109375,1,False,0.109375,1,False,0.109375,True,False,1,0
2206,4,bar_u,49766,49759,32,1,False,0.203125,1,False,0.203125,1,False,0.203125,True,False,1,0
2207,4,bar_u,49820,49813,32,1,False,0.171875,1,False,0.171875,1,False,0.171875,True,False,1,0
2208,4,bar_u,49829,49822,32,1,False,0.203125,1,False,0.203125,1,False,0.203125,True,False,1,0
2209,4,bar_u,49892,49885,32,1,False,0.203125,1,False,0.203125,1,False,0.203125,True,False,1,0
2210,4,bar_u,49955,49948,32,1,False,0.203125,1,False,0.203125,1,False,0.203125,True,False,1,0
2211,4,bar_u,50016,50009,32,1,False,0.109375,1,False,0.109375,1,False,0.109375,True,False,1,0
2212,4,bar_u,50018,50011,32,1,False,0.203125,1,False,0.203125,1,False,0.203125,True,False,1,0
2213,4,bar_u,50079,50072,32,1,False,0.109375,1,False,0.109375,1,False,0.109375,True,False,1,0
2214,4,bar_u,50081,50074,32,1,False,0.203125,1,False,0.203125,1,False,0.203125,True,False,1,0
2215,4,bar_u,50135,50128,32,1,False,0.171875,1,False,0.171875,1,False,0.171875,True,False,1,0
2216,4,bar_u,50144,50137,32,1,False,0.203125,1,False,0.203125,1,False,0.203125,True,False,1,0
2217,4,bar_u,50207,50200,32,1,False,0.203125,1,False,0.203125,1,False,0.203125,True,False,1,0
2218,4,bar_u,50270,50263,32,1,False,0.203125,1,False,0.203125,1,False,0.203125,True,False,1,0
2219,4,bar_u,50331,50324,32,1,False,0.109375,1,False,0.109375,1,False,0.109375,True,False,1,0
2220,4,bar_u,50333,50326,32,1,False,0.203125,1,False,0.203125,1,False,0.203125,True,False,1,0
2221,4,bar_u,50394,50387,32,1,False,0.109375,1,False,0.109375,1,False,0.109375,True,False,1,0
2222,4,bar_u,50396,50389,32,1,False,0.203125,1,False,0.203125,1,False,0.203125,True,False,1,0
2223,4,bar_u,50450,50443,32,1,False,0.171875,1,False,0.171875,1,False,0.171875,True,False,1,0
2224,4,bar_u,50459,50452,32,1,False,0.203125,1,False,0.203125,1,False,0.203125,True,False,1,0
2225,4,bar_u,50522,50515,32,1,False,0.203125,1,False,0.203125,1,False,0.203125,True,False,1,0
2226,4,bar_u,50585,50578,32,1,False,0.203125,1,False,0.203125,1,False,0.203125,True,False,1,0
2227,4,bar_u,50648,50641,32,1,False,0.203125,1,False,0.203125,1,False,0.203125,True,False,1,0
2228,4,bar_u,50711,50704,32,1,False,0.203125,1,False,0.203125,1,False,0.203125,True,False,1,0
2229,4,bar_u,50765,50758,32,1,False,0.171875,1,False,0.171875,1,False,0.171875,True,False,1,0
2230,4,bar_u,50774,50767,32,1,False,0.203125,1,False,0.203125,1,False,0.203125,True,False,1,0
2231,4,bar_u,50837,50830,32,1,False,0.203125,1,False,0.203125,1,False,0.203125,True,False,1,0
2232,4,bar_u,50900,50893,32,1,False,0.203125,1,False,0.203125,1,False,0.203125,True,False,1,0
2233,4,bar_u,50963,50956,32,1,False,0.203125,1,False,0.203125,1,False,0.203125,True,False,1,0
2234,4,bar_u,51026,51019,32,1,False,0.203125,1,False,0.203125,1,False,0.203125,True,False,1,0
2235,4,bar_u,51080,51073,32,1,False,0.171875,1,False,0.171875,1,False,0.171875,True,False,1,0
2236,4,bar_u,51089,51082,32,1,False,0.203125,1,False,0.203125,1,False,0.203125,True,False,1,0
2237,4,bar_u,51152,51145,32,1,False,0.203125,1,False,0.203125,1,False,0.203125,True,False,1,0
2238,4,bar_u,51215,51208,32,1,False,0.203125,1,False,0.203125,1,False,0.203125,True,False,1,0
2239,4,bar_u,51278,51271,32,1,False,0.203125,1,False,0.203125,1,False,0.203125,True,False,1,0
2240,4,bar_u,51341,51334,32,1,False,0.203125,1,False,0.203125,1,False,0.203125,True,False,1,0
2241,4,bar_u,51395,51388,32,1,False,0.171875,1,False,0.171875,1,False,0.171875,True,False,1,0
2242,4,bar_u,51404,51397,32,1,False,0.203125,1,False,0.203125,1,False,0.203125,True,False,1,0
2243,4,bar_u,51467,51460,32,1,False,0.203125,1,False,0.203125,1,False,0.203125,True,False,1,0
2244,4,bar_u,51530,51523,32,1,False,0.203125,1,False,0.203125,1,False,0.203125,True,False,1,0
2245,4,bar_u,51591,51584,32,1,False,0.109375,1,False,0.109375,1,False,0.109375,True,False,1,0
2246,4,bar_u,51593,51586,32,1,False,0.203125,1,False,0.203125,1,False,0.203125,True,False,1,0
2247,4,bar_u,51654,51647,32,1,False,0.109375,1,False,0.109375,1,False,0.109375,True,False,1,0
2248,4,bar_u,51656,51649,32,1,False,0.203125,1,False,0.203125,1,False,0.203125,True,False,1,0
2249,4,bar_u,51710,51703,32,1,False,0.171875,1,False,0.171875,1,False,0.171875,True,False,1,0
2250,4,bar_u,51719,51712,32,1,False,0.203125,1,False,0.203125,1,False,0.203125,True,False,1,0
2251,4,bar_u,51782,51775,32,1,False,0.203125,1,False,0.203125,1,False,0.203125,True,False,1,0
2252,4,bar_u,51845,51838,32,1,False,0.203125,1,False,0.203125,1,False,0.203125,True,False,1,0
2253,4,bar_u,51906,51899,32,1,False,0.109375,1,False,0.109375,1,False,0.109375,True,False,1,0
2254,4,bar_u,51908,51901,32,1,False,0.203125,1,False,0.203125,1,False,0.203125,True,False,1,0
2255,4,bar_u,51969,51962,32,1,False,0.109375,1,False,0.109375,1,False,0.109375,True,False,1,0
2256,4,bar_u,51971,51964,32,1,False,0.203125,1,False,0.203125,1,False,0.203125,True,False,1,0
2257,4,bar_u,52970,52963,32,1,False,0.171875,1,False,0.171875,1,False,0.171875,True,False,1,0
2258,4,bar_u,52979,52972,32,1,False,0.203125,1,False,0.203125,1,False,0.203125,True,False,1,0
2259,4,bar_u,53042,53035,32,1,False,0.203125,1,False,0.203125,1,False,0.203125,True,False,1,0
2260,4,bar_u,53105,53098,32,1,False,0.203125,1,False,0.203125,1,False,0.203125,True,False,1,0
2261,4,bar_u,53166,53159,32,1,False,0.109375,1,False,0.109375,1,False,0.109375,True,False,1,0
2262,4,bar_u,53168,53161,32,1,False,0.203125,1,False,0.203125,1,False,0.203125,True,False,1,0
2263,4,bar_u,53229,53222,32,1,False,0.109375,1,False,0.109375,1,False,0.109375,True,False,1,0
2264,4,bar_u,53231,53224,32,1,False,0.203125,1,False,0.203125,1,False,0.203125,True,False,1,0
2265,4,bar_u,53285,53278,32,1,False,0.171875,1,False,0.171875,1,False,0.171875,True,False,1,0
2266,4,bar_u,53294,53287,32,1,False,0.203125,1,False,0.203125,1,False,0.203125,True,False,1,0
2267,4,bar_u,53357,53350,32,1,False,0.203125,1,False,0.203125,1,False,0.203125,True,False,1,0
2268,4,bar_u,53420,53413,32,1,False,0.203125,1,False,0.203125,1,False,0.203125,True,False,1,0
2269,4,bar_u,53481,53474,32,1,False,0.109375,1,False,0.109375,1,False,0.109375,True,False,1,0
2270,4,bar_u,53483,53476,32,1,False,0.203125,1,False,0.203125,1,False,0.203125,True,False,1,0
2271,4,bar_u,53544,53537,32,1,False,0.109375,1,False,0.109375,1,False,0.109375,True,False,1,0
2272,4,bar_u,53546,53539,32,1,False,0.203125,1,False,0.203125,1,False,0.203125,True,False,1,0
2273,4,bar_u,54545,54538,32,1,False,0.171875,1,False,0.171875,1,False,0.171875,True,False,1,0
2274,4,bar_u,54554,54547,32,1,False,0.203125,1,False,0.203125,1,False,0.203125,True,False,1,0
2275,4,bar_u,54617,54610,32,1,False,0.203125,1,False,0.203125,1,False,0.203125,True,False,1,0
2276,4,bar_u,54680,54673,32,1,False,0.203125,1,False,0.203125,1,False,0.203125,True,False,1,0
2277,4,bar_u,54743,54736,32,1,False,0.203125,1,False,0.203125,1,False,0.203125,True,False,1,0
2278,4,bar_u,54806,54799,32,1,False,0.203125,1,False,0.203125,1,False,0.203125,True,False,1,0
2279,4,bar_u,54860,54853,32,1,False,0.171875,1,False,0.171875,1,False,0.171875,True,False,1,0
2280,4,bar_u,54869,54862,32,1,False,0.203125,1,False,0.203125,1,False,0.203125,True,False,1,0
2281,4,bar_u,54932,54925,32,1,False,0.203125,1,False,0.203125,1,False,0.203125,True,False,1,0
2282,4,bar_u,54995,54988,32,1,False,0.203125,1,False,0.203125,1,False,0.203125,True,False,1,0
2283,4,bar_u,55058,55051,32,1,False,0.203125,1,False,0.203125,1,False,0.203125,True,False,1,0
2284,4,bar_u,55121,55114,32,1,False,0.203125,1,False,0.203125,1,False,0.203125,True,False,1,0
2285,4,bar_u,56120,56113,32,1,False,0.171875,1,False,0.171875,1,False,0.171875,True,False,1,0
2286,4,bar_u,56129,56122,32,1,False,0.203125,1,False,0.203125,1,False,0.203125,True,False,1,0
2287,4,bar_u,56192,56185,32,1,False,0.203125,1,False,0.203125,1,False,0.203125,True,False,1,0
2288,4,bar_u,56255,56248,32,1,False,0.203125,1,False,0.203125,1,False,0.203125,True,False,1,0
2289,4,bar_u,56318,56311,32,1,False,0.203125,1,False,0.203125,1,False,0.203125,True,False,1,0
2290,4,bar_u,56381,56374,32,1,False,0.203125,1,False,0.203125,1,False,0.203125,True,False,1,0
2291,4,bar_u,56435,56428,32,1,False,0.171875,1,False,0.171875,1,False,0.171875,True,False,1,0
2292,4,bar_u,56444,56437,32,1,False,0.203125,1,False,0.203125,1,False,0.203125,True,False,1,0
2293,4,bar_u,56507,56500,32,1,False,0.203125,1,False,0.203125,1,False,0.203125,True,False,1,0
2294,4,bar_u,56570,56563,32,1,False,0.203125,1,False,0.203125,1,False,0.203125,True,False,1,0
2295,4,bar_u,56633,56626,32,1,False,0.203125,1,False,0.203125,1,False,0.203125,True,False,1,0
2296,4,bar_u,56696,56689,32,1,False,0.203125,1,False,0.203125,1,False,0.203125,True,False,1,0
2297,4,bar_u,63246,63239,32,1,False,0.109375,1,False,0.109375,1,False,0.109375,True,False,1,0
2298,4,bar_u,63309,63302,32,1,False,0.109375,1,False,0.109375,1,False,0.109375,True,False,1,0
2299,4,bar_u,63561,63554,32,1,False,0.109375,1,False,0.109375,1,False,0.109375,True,False,1,0
2300,4,bar_u,63624,63617,32,1,False,0.109375,1,False,0.109375,1,False,0.109375,True,False,1,0
2301,4,bar_u,63876,63869,32,1,False,0.109375,1,False,0.109375,1,False,0.109375,True,False,1,0
2302,4,bar_u,63939,63932,32,1,False,0.109375,1,False,0.109375,1,False,0.109375,True,False,1,0
2303,4,bar_u,64191,64184,32,1,False,0.109375,1,False,0.109375,1,False,0.109375,True,False,1,0
2304,4,bar_u,64254,64247,32,1,False,0.109375,1,False,0.109375,1,False,0.109375,True,False,1,0
2305,4,bar_u,64506,64499,32,1,False,0.109375,1,False,0.109375,1,False,0.109375,True,False,1,0
2306,4,bar_u,64569,64562,32,1,False,0.109375,1,False,0.109375,1,False,0.109375,True,False,1,0
2307,4,bar_u,64625,64618,32,1,False,0.171875,1,False,0.171875,1,False,0.171875,True,False,1,0
2308,4,bar_u,64634,64627,32,1,False,0.203125,1,False,0.203125,1,False,0.203125,True,False,1,0
2309,4,bar_u,64697,64690,32,1,False,0.203125,1,False,0.203125,1,False,0.203125,True,False,1,0
2310,4,bar_u,64760,64753,32,1,False,0.203125,1,False,0.203125,1,False,0.203125,True,False,1,0
2311,4,bar_u,64821,64814,32,1,False,0.109375,1,False,0.109375,1,False,0.109375,True,False,1,0
2312,4,bar_u,64823,64816,32,1,False,0.203125,1,False,0.203125,1,False,0.203125,True,False,1,0
2313,4,bar_u,64884,64877,32,1,False,0.109375,1,False,0.109375,1,False,0.109375,True,False,1,0
2314,4,bar_u,64886,64879,32,1,False,0.203125,1,False,0.203125,1,False,0.203125,True,False,1,0
2315,4,bar_u,64940,64933,32,1,False,0.171875,1,False,0.171875,1,False,0.171875,True,False,1,0
2316,4,bar_u,64949,64942,32,1,False,0.203125,1,False,0.203125,1,False,0.203125,True,False,1,0
2317,4,bar_u,65012,65005,32,1,False,0.203125,1,False,0.203125,1,False,0.203125,True,False,1,0
2318,4,bar_u,65075,65068,32,1,False,0.203125,1,False,0.203125,1,False,0.203125,True,False,1,0
2319,4,bar_u,65136,65129,32,1,False,0.109375,1,False,0.109375,1,False,0.109375,True,False,1,0
2320,4,bar_u,65138,65131,32,1,False,0.203125,1,False,0.203125,1,False,0.203125,True,False,1,0
2321,4,bar_u,65199,65192,32,1,False,0.109375,1,False,0.109375,1,False,0.109375,True,False,1,0
2322,4,bar_u,65201,65194,32,1,False,0.203125,1,False,0.203125,1,False,0.203125,True,False,1,0
2323,4,bar_u,65255,65248,32,1,False,0.171875,1,False,0.171875,1,False,0.171875,True,False,1,0
2324,4,bar_u,65264,65257,32,1,False,0.203125,1,False,0.203125,1,False,0.203125,True,False,1,0
2325,4,bar_u,65327,65320,32,1,False,0.203125,1,False,0.203125,1,False,0.203125,True,False,1,0
2326,4,bar_u,65390,65383,32,1,False,0.203125,1,False,0.203125,1,False,0.203125,True,False,1,0
2327,4,bar_u,65451,65444,32,1,False,0.109375,1,False,0.109375,1,False,0.109375,True,False,1,0
2328,4,bar_u,65453,65446,32,1,False,0.203125,1,False,0.203125,1,False,0.203125,True,False,1,0
2329,4,bar_u,65514,65507,32,1,False,0.109375,1,False,0.109375,1,False,0.109375,True,False,1,0
2330,4,bar_u,65516,65509,32,1,False,0.203125,1,False,0.203125,1,False,0.203125,True,False,1,0
2331,4,bar_u,65570,65563,32,1,False,0.171875,1,False,0.171875,1,False,0.171875,True,False,1,0
2332,4,bar_u,65579,65572,32,1,False,0.203125,1,False,0.203125,1,False,0.203125,True,False,1,0
2333,4,bar_u,65642,65635,32,1,False,0.203125,1,False,0.203125,1,False,0.203125,True,False,1,0
2334,4,bar_u,65705,65698,32,1,False,0.203125,1,False,0.203125,1,False,0.203125,True,False,1,0
2335,4,bar_u,65766,65759,32,1,False,0.109375,1,False,0.109375,1,False,0.109375,True,False,1,0
2336,4,bar_u,65768,65761,32,1,False,0.203125,1,False,0.203125,1,False,0.203125,True,False,1,0
2337,4,bar_u,65829,65822,32,1,False,0.109375,1,False,0.109375,1,False,0.109375,True,False,1,0
2338,4,bar_u,65831,65824,32,1,False,0.203125,1,False,0.203125,1,False,0.203125,True,False,1,0
2339,4,bar_u,65885,65878,32,1,False,0.171875,1,False,0.171875,1,False,0.171875,True,False,1,0
2340,4,bar_u,65894,65887,32,1,False,0.203125,1,False,0.203125,1,False,0.203125,True,False,1,0
2341,4,bar_u,65957,65950,32,1,False,0.203125,1,False,0.203125,1,False,0.203125,True,False,1,0
2342,4,bar_u,66020,66013,32,1,False,0.203125,1,False,0.203125,1,False,0.203125,True,False,1,0
2343,4,bar_u,66081,66074,32,1,False,0.109375,1,False,0.109375,1,False,0.109375,True,False,1,0
2344,4,bar_u,66083,66076,32,1,False,0.203125,1,False,0.203125,1,False,0.203125,True,False,1,0
2345,4,bar_u,66144,66137,32,1,False,0.109375,1,False,0.109375,1,False,0.109375,True,False,1,0
2346,4,bar_u,66146,66139,32,1,False,0.203125,1,False,0.203125,1,False,0.203125,True,False,1,0
2347,4,bar_u,66200,66193,32,1,False,0.171875,1,False,0.171875,1,False,0.171875,True,False,1,0
2348,4,bar_u,66209,66202,32,1,False,0.203125,1,False,0.203125,1,False,0.203125,True,False,1,0
2349,4,bar_u,66272,66265,32,1,False,0.203125,1,False,0.203125,1,False,0.203125,True,False,1,0
2350,4,bar_u,66335,66328,32,1,False,0.203125,1,False,0.203125,1,False,0.203125,True,False,1,0
2351,4,bar_u,66396,66389,32,1,False,0.109375,1,False,0.109375,1,False,0.109375,True,False,1,0
2352,4,bar_u,66398,66391,32,1,False,0.203125,1,False,0.203125,1,False,0.203125,True,False,1,0
2353,4,bar_u,66459,66452,32,1,False,0.109375,1,False,0.109375,1,False,0.109375,True,False,1,0
2354,4,bar_u,66461,66454,32,1,False,0.203125,1,False,0.203125,1,False,0.203125,True,False,1,0
2355,4,bar_u,66515,66508,32,1,False,0.171875,1,False,0.171875,1,False,0.171875,True,False,1,0
2356,4,bar_u,66524,66517,32,1,False,0.203125,1,False,0.203125,1,False,0.203125,True,False,1,0
2357,4,bar_u,66587,66580,32,1,False,0.203125,1,False,0.203125,1,False,0.203125,True,False,1,0
2358,4,bar_u,66650,66643,32,1,False,0.203125,1,False,0.203125,1,False,0.203125,True,False,1,0
2359,4,bar_u,66711,66704,32,1,False,0.109375,1,False,0.109375,1,False,0.109375,True,False,1,0
2360,4,bar_u,66713,66706,32,1,False,0.203125,1,False,0.203125,1,False,0.203125,True,False,1,0
2361,4,bar_u,66774,66767,32,1,False,0.109375,1,False,0.109375,1,False,0.109375,True,False,1,0
2362,4,bar_u,66776,66769,32,1,False,0.203125,1,False,0.203125,1,False,0.203125,True,False,1,0
2363,4,bar_u,66830,66823,32,1,False,0.171875,1,False,0.171875,1,False,0.171875,True,False,1,0
2364,4,bar_u,66839,66832,32,1,False,0.203125,1,False,0.203125,1,False,0.203125,True,False,1,0
2365,4,bar_u,66902,66895,32,1,False,0.203125,1,False,0.203125,1,False,0.203125,True,False,1,0
2366,4,bar_u,66965,66958,32,1,False,0.203125,1,False,0.203125,1,False,0.203125,True,False,1,0
2367,4,bar_u,67026,67019,32,1,False,0.109375,1,False,0.109375,1,False,0.109375,True,False,1,0
2368,4,bar_u,67028,67021,32,1,False,0.203125,1,False,0.203125,1,False,0.203125,True,False,1,0
2369,4,bar_u,67089,67082,32,1,False,0.109375,1,False,0.109375,1,False,0.109375,True,False,1,0
2370,4,bar_u,67091,67084,32,1,False,0.203125,1,False,0.203125,1,False,0.203125,True,False,1,0
2371,4,bar_u,67145,67138,32,1,False,0.171875,1,False,0.171875,1,False,0.171875,True,False,1,0
2372,4,bar_u,67154,67147,32,1,False,0.203125,1,False,0.203125,1,False,0.203125,True,False,1,0
2373,4,bar_u,67217,67210,32,1,False,0.203125,1,False,0.203125,1,False,0.203125,True,False,1,0
2374,4,bar_u,67280,67273,32,1,False,0.203125,1,False,0.203125,1,False,0.203125,True,False,1,0
2375,4,bar_u,67341,67334,32,1,False,0.109375,1,False,0.109375,1,False,0.109375,True,False,1,0
2376,4,bar_u,67343,67336,32,1,False,0.203125,1,False,0.203125,1,False,0.203125,True,False,1,0
2377,4,bar_u,67404,67397,32,1,False,0.109375,1,False,0.109375,1,False,0.109375,True,False,1,0
2378,4,bar_u,67406,67399,32,1,False,0.203125,1,False,0.203125,1,False,0.203125,True,False,1,0
2379,4,bar_u,67460,67453,32,1,False,0.171875,1,False,0.171875,1,False,0.171875,True,False,1,0
2380,4,bar_u,67469,67462,32,1,False,0.203125,1,False,0.203125,1,False,0.203125,True,False,1,0
2381,4,bar_u,67532,67525,32,1,False,0.203125,1,False,0.203125,1,False,0.203125,True,False,1,0
2382,4,bar_u,67595,67588,32,1,False,0.203125,1,False,0.203125,1,False,0.203125,True,False,1,0
2383,4,bar_u,67656,67649,32,1,False,0.109375,1,False,0.109375,1,False,0.109375,True,False,1,0
2384,4,bar_u,67658,67651,32,1,False,0.203125,1,False,0.203125,1,False,0.203125,True,False,1,0
2385,4,bar_u,67719,67712,32,1,False,0.109375,1,False,0.109375,1,False,0.109375,True,False,1,0
2386,4,bar_u,67721,67714,32,1,False,0.203125,1,False,0.203125,1,False,0.203125,True,False,1,0
2387,4,bar_u,67775,67768,32,1,False,0.171875,1,False,0.171875,1,False,0.171875,True,False,1,0
2388,4,bar_u,67784,67777,32,1,False,0.203125,1,False,0.203125,1,False,0.203125,True,False,1,0
2389,4,bar_u,67847,67840,32,1,False,0.203125,1,False,0.203125,1,False,0.203125,True,False,1,0
2390,4,bar_u,67910,67903,32,1,False,0.203125,1,False,0.203125,1,False,0.203125,True,False,1,0
2391,4,bar_u,67971,67964,32,1,False,0.109375,1,False,0.109375,1,False,0.109375,True,False,1,0
2392,4,bar_u,67973,67966,32,1,False,0.203125,1,False,0.203125,1,False,0.203125,True,False,1,0
2393,4,bar_u,68034,68027,32,1,False,0.109375,1,False,0.109375,1,False,0.109375,True,False,1,0
2394,4,bar_u,68036,68029,32,1,False,0.203125,1,False,0.203125,1,False,0.203125,True,False,1,0
2395,4,bar_u,68090,68083,32,1,False,0.171875,1,False,0.171875,1,False,0.171875,True,False,1,0
2396,4,bar_u,68099,68092,32,1,False,0.203125,1,False,0.203125,1,False,0.203125,True,False,1,0
2397,4,bar_u,68162,68155,32,1,False,0.203125,1,False,0.203125,1,False,0.203125,True,False,1,0
2398,4,bar_u,68225,68218,32,1,False,0.203125,1,False,0.203125,1,False,0.203125,True,False,1,0
2399,4,bar_u,68286,68279,32,1,False,0.109375,1,False,0.109375,1,False,0.109375,True,False,1,0
2400,4,bar_u,68288,68281,32,1,False,0.203125,1,False,0.203125,1,False,0.203125,True,False,1,0
2401,4,bar_u,68349,68342,32,1,False,0.109375,1,False,0.109375,1,False,0.109375,True,False,1,0
2402,4,bar_u,68351,68344,32,1,False,0.203125,1,False,0.203125,1,False,0.203125,True,False,1,0
2403,4,bar_u,68405,68398,32,1,False,0.171875,1,False,0.171875,1,False,0.171875,True,False,1,0
2404,4,bar_u,68414,68407,32,1,False,0.203125,1,False,0.203125,1,False,0.203125,True,False,1,0
2405,4,bar_u,68477,68470,32,1,False,0.203125,1,False,0.203125,1,False,0.203125,True,False,1,0
2406,4,bar_u,68540,68533,32,1,False,0.203125,1,False,0.203125,1,False,0.203125,True,False,1,0
2407,4,bar_u,68601,68594,32,1,False,0.109375,1,False,0.109375,1,False,0.109375,True,False,1,0
2408,4,bar_u,68603,68596,32,1,False,0.203125,1,False,0.203125,1,False,0.203125,True,False,1,0
2409,4,bar_u,68664,68657,32,1,False,0.109375,1,False,0.109375,1,False,0.109375,True,False,1,0
2410,4,bar_u,68666,68659,32,1,False,0.203125,1,False,0.203125,1,False,0.203125,True,False,1,0
2411,4,bar_u,68720,68713,32,1,False,0.171875,1,False,0.171875,1,False,0.171875,True,False,1,0
2412,4,bar_u,68729,68722,32,1,False,0.203125,1,False,0.203125,1,False,0.203125,True,False,1,0
2413,4,bar_u,68792,68785,32,1,False,0.203125,1,False,0.203125,1,False,0.203125,True,False,1,0
2414,4,bar_u,68855,68848,32,1,False,0.203125,1,False,0.203125,1,False,0.203125,True,False,1,0
2415,4,bar_u,68916,68909,32,1,False,0.109375,1,False,0.109375,1,False,0.109375,True,False,1,0
2416,4,bar_u,68918,68911,32,1,False,0.203125,1,False,0.203125,1,False,0.203125,True,False,1,0
2417,4,bar_u,68979,68972,32,1,False,0.109375,1,False,0.109375,1,False,0.109375,True,False,1,0
2418,4,bar_u,68981,68974,32,1,False,0.203125,1,False,0.203125,1,False,0.203125,True,False,1,0
2419,4,bar_u,69035,69028,32,1,False,0.171875,1,False,0.171875,1,False,0.171875,True,False,1,0
2420,4,bar_u,69044,69037,32,1,False,0.203125,1,False,0.203125,1,False,0.203125,True,False,1,0
2421,4,bar_u,69107,69100,32,1,False,0.203125,1,False,0.203125,1,False,0.203125,True,False,1,0
2422,4,bar_u,69170,69163,32,1,False,0.203125,1,False,0.203125,1,False,0.203125,True,False,1,0
2423,4,bar_u,69231,69224,32,1,False,0.109375,1,False,0.109375,1,False,0.109375,True,False,1,0
2424,4,bar_u,69233,69226,32,1,False,0.203125,1,False,0.203125,1,False,0.203125,True,False,1,0
2425,4,bar_u,69294,69287,32,1,False,0.109375,1,False,0.109375,1,False,0.109375,True,False,1,0
2426,4,bar_u,69296,69289,32,1,False,0.203125,1,False,0.203125,1,False,0.203125,True,False,1,0
2427,4,bar_u,69350,69343,32,1,False,0.171875,1,False,0.171875,1,False,0.171875,True,False,1,0
2428,4,bar_u,69359,69352,32,1,False,0.203125,1,False,0.203125,1,False,0.203125,True,False,1,0
2429,4,bar_u,69422,69415,32,1,False,0.203125,1,False,0.203125,1,False,0.203125,True,False,1,0
2430,4,bar_u,69485,69478,32,1,False,0.203125,1,False,0.203125,1,False,0.203125,True,False,1,0
2431,4,bar_u,69546,69539,32,1,False,0.109375,1,False,0.109375,1,False,0.109375,True,False,1,0
2432,4,bar_u,69548,69541,32,1,False,0.203125,1,False,0.203125,1,False,0.203125,True,False,1,0
2433,4,bar_u,69609,69602,32,1,False,0.109375,1,False,0.109375,1,False,0.109375,True,False,1,0
2434,4,bar_u,69611,69604,32,1,False,0.203125,1,False,0.203125,1,False,0.203125,True,False,1,0
2435,4,bar_u,69665,69658,32,1,False,0.171875,1,False,0.171875,1,False,0.171875,True,False,1,0
2436,4,bar_u,69674,69667,32,1,False,0.203125,1,False,0.203125,1,False,0.203125,True,False,1,0
2437,4,bar_u,69737,69730,32,1,False,0.203125,1,False,0.203125,1,False,0.203125,True,False,1,0
2438,4,bar_u,69800,69793,32,1,False,0.203125,1,False,0.203125,1,False,0.203125,True,False,1,0
2439,4,bar_u,69861,69854,32,1,False,0.109375,1,False,0.109375,1,False,0.109375,True,False,1,0
2440,4,bar_u,69863,69856,32,1,False,0.203125,1,False,0.203125,1,False,0.203125,True,False,1,0
2441,4,bar_u,69924,69917,32,1,False,0.109375,1,False,0.109375,1,False,0.109375,True,False,1,0
2442,4,bar_u,69926,69919,32,1,False,0.203125,1,False,0.203125,1,False,0.203125,True,False,1,0
2443,4,bar_u,69980,69973,32,1,False,0.171875,1,False,0.171875,1,False,0.171875,True,False,1,0
2444,4,bar_u,69989,69982,32,1,False,0.203125,1,False,0.203125,1,False,0.203125,True,False,1,0
2445,4,bar_u,70052,70045,32,1,False,0.203125,1,False,0.203125,1,False,0.203125,True,False,1,0
2446,4,bar_u,70115,70108,32,1,False,0.203125,1,False,0.203125,1,False,0.203125,True,False,1,0
2447,4,bar_u,70176,70169,32,1,False,0.109375,1,False,0.109375,1,False,0.109375,True,False,1,0
2448,4,bar_u,70178,70171,32,1,False,0.203125,1,False,0.203125,1,False,0.203125,True,False,1,0
2449,4,bar_u,70239,70232,32,1,False,0.109375,1,False,0.109375,1,False,0.109375,True,False,1,0
2450,4,bar_u,70241,70234,32,1,False,0.203125,1,False,0.203125,1,False,0.203125,True,False,1,0
2451,4,bar_u,70295,70288,32,1,False,0.171875,1,False,0.171875,1,False,0.171875,True,False,1,0
2452,4,bar_u,70304,70297,32,1,False,0.203125,1,False,0.203125,1,False,0.203125,True,False,1,0
2453,4,bar_u,70367,70360,32,1,False,0.203125,1,False,0.203125,1,False,0.203125,True,False,1,0
2454,4,bar_u,70430,70423,32,1,False,0.203125,1,False,0.203125,1,False,0.203125,True,False,1,0
2455,4,bar_u,70491,70484,32,1,False,0.109375,1,False,0.109375,1,False,0.109375,True,False,1,0
2456,4,bar_u,70493,70486,32,1,False,0.203125,1,False,0.203125,1,False,0.203125,True,False,1,0
2457,4,bar_u,70554,70547,32,1,False,0.109375,1,False,0.109375,1,False,0.109375,True,False,1,0
2458,4,bar_u,70556,70549,32,1,False,0.203125,1,False,0.203125,1,False,0.203125,True,False,1,0
2459,4,bar_u,70610,70603,32,1,False,0.171875,1,False,0.171875,1,False,0.171875,True,False,1,0
2460,4,bar_u,70619,70612,32,1,False,0.203125,1,False,0.203125,1,False,0.203125,True,False,1,0
2461,4,bar_u,70682,70675,32,1,False,0.203125,1,False,0.203125,1,False,0.203125,True,False,1,0
2462,4,bar_u,70745,70738,32,1,False,0.203125,1,False,0.203125,1,False,0.203125,True,False,1,0
2463,4,bar_u,70806,70799,32,1,False,0.109375,1,False,0.109375,1,False,0.109375,True,False,1,0
2464,4,bar_u,70808,70801,32,1,False,0.203125,1,False,0.203125,1,False,0.203125,True,False,1,0
2465,4,bar_u,70869,70862,32,1,False,0.109375,1,False,0.109375,1,False,0.109375,True,False,1,0
2466,4,bar_u,70871,70864,32,1,False,0.203125,1,False,0.203125,1,False,0.203125,True,False,1,0
2467,4,bar_u,70925,70918,32,1,False,0.171875,1,False,0.171875,1,False,0.171875,True,False,1,0
2468,4,bar_u,70934,70927,32,1,False,0.203125,1,False,0.203125,1,False,0.203125,True,False,1,0
2469,4,bar_u,70997,70990,32,1,False,0.203125,1,False,0.203125,1,False,0.203125,True,False,1,0
2470,4,bar_u,71060,71053,32,1,False,0.203125,1,False,0.203125,1,False,0.203125,True,False,1,0
2471,4,bar_u,71121,71114,32,1,False,0.109375,1,False,0.109375,1,False,0.109375,True,False,1,0
2472,4,bar_u,71123,71116,32,1,False,0.203125,1,False,0.203125,1,False,0.203125,True,False,1,0
2473,4,bar_u,71184,71177,32,1,False,0.109375,1,False,0.109375,1,False,0.109375,True,False,1,0
2474,4,bar_u,71186,71179,32,1,False,0.203125,1,False,0.203125,1,False,0.203125,True,False,1,0
2475,4,bar_u,71240,71233,32,1,False,0.171875,1,False,0.171875,1,False,0.171875,True,False,1,0
2476,4,bar_u,71249,71242,32,1,False,0.203125,1,False,0.203125,1,False,0.203125,True,False,1,0
2477,4,bar_u,71312,71305,32,1,False,0.203125,1,False,0.203125,1,False,0.203125,True,False,1,0
2478,4,bar_u,71375,71368,32,1,False,0.203125,1,False,0.203125,1,False,0.203125,True,False,1,0
2479,4,bar_u,71436,71429,32,1,False,0.109375,1,False,0.109375,1,False,0.109375,True,False,1,0
2480,4,bar_u,71438,71431,32,1,False,0.203125,1,False,0.203125,1,False,0.203125,True,False,1,0
2481,4,bar_u,71499,71492,32,1,False,0.109375,1,False,0.109375,1,False,0.109375,True,False,1,0
2482,4,bar_u,71501,71494,32,1,False,0.203125,1,False,0.203125,1,False,0.203125,True,False,1,0
2483,4,bar_u,71555,71548,32,1,False,0.171875,1,False,0.171875,1,False,0.171875,True,False,1,0
2484,4,bar_u,71564,71557,32,1,False,0.203125,1,False,0.203125,1,False,0.203125,True,False,1,0
2485,4,bar_u,71627,71620,32,1,False,0.203125,1,False,0.203125,1,False,0.203125,True,False,1,0
2486,4,bar_u,71690,71683,32,1,False,0.203125,1,False,0.203125,1,False,0.203125,True,False,1,0
2487,4,bar_u,71751,71744,32,1,False,0.109375,1,False,0.109375,1,False,0.109375,True,False,1,0
2488,4,bar_u,71753,71746,32,1,False,0.203125,1,False,0.203125,1,False,0.203125,True,False,1,0
2489,4,bar_u,71814,71807,32,1,False,0.109375,1,False,0.109375,1,False,0.109375,True,False,1,0
2490,4,bar_u,71816,71809,32,1,False,0.203125,1,False,0.203125,1,False,0.203125,True,False,1,0
2491,4,bar_u,71870,71863,32,1,False,0.171875,1,False,0.171875,1,False,0.171875,True,False,1,0
2492,4,bar_u,71879,71872,32,1,False,0.203125,1,False,0.203125,1,False,0.203125,True,False,1,0
2493,4,bar_u,71942,71935,32,1,False,0.203125,1,False,0.203125,1,False,0.203125,True,False,1,0
2494,4,bar_u,72005,71998,32,1,False,0.203125,1,False,0.203125,1,False,0.203125,True,False,1,0
2495,4,bar_u,72066,72059,32,1,False,0.109375,1,False,0.109375,1,False,0.109375,True,False,1,0
2496,4,bar_u,72068,72061,32,1,False,0.203125,1,False,0.203125,1,False,0.203125,True,False,1,0
2497,4,bar_u,72129,72122,32,1,False,0.109375,1,False,0.109375,1,False,0.109375,True,False,1,0
2498,4,bar_u,72131,72124,32,1,False,0.203125,1,False,0.203125,1,False,0.203125,True,False,1,0
2499,4,bar_u,72185,72178,32,1,False,0.171875,1,False,0.171875,1,False,0.171875,True,False,1,0
2500,4,bar_u,72194,72187,32,1,False,0.203125,1,False,0.203125,1,False,0.203125,True,False,1,0
2501,4,bar_u,72257,72250,32,1,False,0.203125,1,False,0.203125,1,False,0.203125,True,False,1,0
2502,4,bar_u,72320,72313,32,1,False,0.203125,1,False,0.203125,1,False,0.203125,True,False,1,0
2503,4,bar_u,72381,72374,32,1,False,0.109375,1,False,0.109375,1,False,0.109375,True,False,1,0
2504,4,bar_u,72383,72376,32,1,False,0.203125,1,False,0.203125,1,False,0.203125,True,False,1,0
2505,4,bar_u,72444,72437,32,1,False,0.109375,1,False,0.109375,1,False,0.109375,True,False,1,0
2506,4,bar_u,72446,72439,32,1,False,0.203125,1,False,0.203125,1,False,0.203125,True,False,1,0
2507,4,bar_u,72500,72493,32,1,False,0.171875,1,False,0.171875,1,False,0.171875,True,False,1,0
2508,4,bar_u,72509,72502,32,1,False,0.203125,1,False,0.203125,1,False,0.203125,True,False,1,0
2509,4,bar_u,72572,72565,32,1,False,0.203125,1,False,0.203125,1,False,0.203125,True,False,1,0
2510,4,bar_u,72635,72628,32,1,False,0.203125,1,False,0.203125,1,False,0.203125,True,False,1,0
2511,4,bar_u,72696,72689,32,1,False,0.109375,1,False,0.109375,1,False,0.109375,True,False,1,0
2512,4,bar_u,72698,72691,32,1,False,0.203125,1,False,0.203125,1,False,0.203125,True,False,1,0
2513,4,bar_u,72759,72752,32,1,False,0.109375,1,False,0.109375,1,False,0.109375,True,False,1,0
2514,4,bar_u,72761,72754,32,1,False,0.203125,1,False,0.203125,1,False,0.203125,True,False,1,0
2515,4,bar_u,72815,72808,32,1,False,0.171875,1,False,0.171875,1,False,0.171875,True,False,1,0
2516,4,bar_u,72824,72817,32,1,False,0.203125,1,False,0.203125,1,False,0.203125,True,False,1,0
2517,4,bar_u,72887,72880,32,1,False,0.203125,1,False,0.203125,1,False,0.203125,True,False,1,0
2518,4,bar_u,72950,72943,32,1,False,0.203125,1,False,0.203125,1,False,0.203125,True,False,1,0
2519,4,bar_u,73011,73004,32,1,False,0.109375,1,False,0.109375,1,False,0.109375,True,False,1,0
2520,4,bar_u,73013,73006,32,1,False,0.203125,1,False,0.203125,1,False,0.203125,True,False,1,0
2521,4,bar_u,73074,73067,32,1,False,0.109375,1,False,0.109375,1,False,0.109375,True,False,1,0
2522,4,bar_u,73076,73069,32,1,False,0.203125,1,False,0.203125,1,False,0.203125,True,False,1,0
2523,4,bar_u,73130,73123,32,1,False,0.171875,1,False,0.171875,1,False,0.171875,True,False,1,0
2524,4,bar_u,73139,73132,32,1,False,0.203125,1,False,0.203125,1,False,0.203125,True,False,1,0
2525,4,bar_u,73202,73195,32,1,False,0.203125,1,False,0.203125,1,False,0.203125,True,False,1,0
2526,4,bar_u,73265,73258,32,1,False,0.203125,1,False,0.203125,1,False,0.203125,True,False,1,0
2527,4,bar_u,73326,73319,32,1,False,0.109375,1,False,0.109375,1,False,0.109375,True,False,1,0
2528,4,bar_u,73328,73321,32,1,False,0.203125,1,False,0.203125,1,False,0.203125,True,False,1,0
2529,4,bar_u,73389,73382,32,1,False,0.109375,1,False,0.109375,1,False,0.109375,True,False,1,0
2530,4,bar_u,73391,73384,32,1,False,0.203125,1,False,0.203125,1,False,0.203125,True,False,1,0
2531,4,bar_u,73445,73438,32,1,False,0.171875,1,False,0.171875,1,False,0.171875,True,False,1,0
2532,4,bar_u,73454,73447,32,1,False,0.203125,1,False,0.203125,1,False,0.203125,True,False,1,0
2533,4,bar_u,73517,73510,32,1,False,0.203125,1,False,0.203125,1,False,0.203125,True,False,1,0
2534,4,bar_u,73580,73573,32,1,False,0.203125,1,False,0.203125,1,False,0.203125,True,False,1,0
2535,4,bar_u,73641,73634,32,1,False,0.109375,1,False,0.109375,1,False,0.109375,True,False,1,0
2536,4,bar_u,73643,73636,32,1,False,0.203125,1,False,0.203125,1,False,0.203125,True,False,1,0
2537,4,bar_u,73704,73697,32,1,False,0.109375,1,False,0.109375,1,False,0.109375,True,False,1,0
2538,4,bar_u,73706,73699,32,1,False,0.203125,1,False,0.203125,1,False,0.203125,True,False,1,0
2539,4,bar_u,73760,73753,32,1,False,0.171875,1,False,0.171875,1,False,0.171875,True,False,1,0
2540,4,bar_u,73769,73762,32,1,False,0.203125,1,False,0.203125,1,False,0.203125,True,False,1,0
2541,4,bar_u,73832,73825,32,1,False,0.203125,1,False,0.203125,1,False,0.203125,True,False,1,0
2542,4,bar_u,73895,73888,32,1,False,0.203125,1,False,0.203125,1,False,0.203125,True,False,1,0
2543,4,bar_u,73956,73949,32,1,False,0.109375,1,False,0.109375,1,False,0.109375,True,False,1,0
2544,4,bar_u,73958,73951,32,1,False,0.203125,1,False,0.203125,1,False,0.203125,True,False,1,0
2545,4,bar_u,74019,74012,32,1,False,0.109375,1,False,0.109375,1,False,0.109375,True,False,1,0
2546,4,bar_u,74021,74014,32,1,False,0.203125,1,False,0.203125,1,False,0.203125,True,False,1,0
2547,4,bar_u,74075,74068,32,1,False,0.171875,1,False,0.171875,1,False,0.171875,True,False,1,0
2548,4,bar_u,74084,74077,32,1,False,0.203125,1,False,0.203125,1,False,0.203125,True,False,1,0
2549,4,bar_u,74147,74140,32,1,False,0.203125,1,False,0.203125,1,False,0.203125,True,False,1,0
2550,4,bar_u,74210,74203,32,1,False,0.203125,1,False,0.203125,1,False,0.203125,True,False,1,0
2551,4,bar_u,74273,74266,32,1,False,0.203125,1,False,0.203125,1,False,0.203125,True,False,1,0
2552,4,bar_u,74336,74329,32,1,False,0.203125,1,False,0.203125,1,False,0.203125,True,False,1,0
2553,4,bar_u,74390,74383,32,1,False,0.171875,1,False,0.171875,1,False,0.171875,True,False,1,0
2554,4,bar_u,74399,74392,32,1,False,0.203125,1,False,0.203125,1,False,0.203125,True,False,1,0
2555,4,bar_u,74462,74455,32,1,False,0.203125,1,False,0.203125,1,False,0.203125,True,False,1,0
2556,4,bar_u,74525,74518,32,1,False,0.203125,1,False,0.203125,1,False,0.203125,True,False,1,0
2557,4,bar_u,74588,74581,32,1,False,0.203125,1,False,0.203125,1,False,0.203125,True,False,1,0
2558,4,bar_u,74651,74644,32,1,False,0.203125,1,False,0.203125,1,False,0.203125,True,False,1,0
2559,4,bar_u,74705,74698,32,1,False,0.171875,1,False,0.171875,1,False,0.171875,True,False,1,0
2560,4,bar_u,74714,74707,32,1,False,0.203125,1,False,0.203125,1,False,0.203125,True,False,1,0
2561,4,bar_u,74777,74770,32,1,False,0.203125,1,False,0.203125,1,False,0.203125,True,False,1,0
2562,4,bar_u,74840,74833,32,1,False,0.203125,1,False,0.203125,1,False,0.203125,True,False,1,0
2563,4,bar_u,74903,74896,32,1,False,0.203125,1,False,0.203125,1,False,0.203125,True,False,1,0
2564,4,bar_u,74966,74959,32,1,False,0.203125,1,False,0.203125,1,False,0.203125,True,False,1,0
2565,4,bar_u,75020,75013,32,1,False,0.171875,1,False,0.171875,1,False,0.171875,True,False,1,0
2566,4,bar_u,75029,75022,32,1,False,0.203125,1,False,0.203125,1,False,0.203125,True,False,1,0
2567,4,bar_u,75092,75085,32,1,False,0.203125,1,False,0.203125,1,False,0.203125,True,False,1,0
2568,4,bar_u,75155,75148,32,1,False,0.203125,1,False,0.203125,1,False,0.203125,True,False,1,0
2569,4,bar_u,75216,75209,32,1,False,0.109375,1,False,0.109375,1,False,0.109375,True,False,1,0
2570,4,bar_u,75218,75211,32,1,False,0.203125,1,False,0.203125,1,False,0.203125,True,False,1,0
2571,4,bar_u,75279,75272,32,1,False,0.109375,1,False,0.109375,1,False,0.109375,True,False,1,0
2572,4,bar_u,75281,75274,32,1,False,0.203125,1,False,0.203125,1,False,0.203125,True,False,1,0
2573,4,bar_u,75335,75328,32,1,False,0.171875,1,False,0.171875,1,False,0.171875,True,False,1,0
2574,4,bar_u,75344,75337,32,1,False,0.203125,1,False,0.203125,1,False,0.203125,True,False,1,0
2575,4,bar_u,75407,75400,32,1,False,0.203125,1,False,0.203125,1,False,0.203125,True,False,1,0
2576,4,bar_u,75470,75463,32,1,False,0.203125,1,False,0.203125,1,False,0.203125,True,False,1,0
2577,4,bar_u,75531,75524,32,1,False,0.109375,1,False,0.109375,1,False,0.109375,True,False,1,0
2578,4,bar_u,75533,75526,32,1,False,0.203125,1,False,0.203125,1,False,0.203125,True,False,1,0
2579,4,bar_u,75594,75587,32,1,False,0.109375,1,False,0.109375,1,False,0.109375,True,False,1,0
2580,4,bar_u,75596,75589,32,1,False,0.203125,1,False,0.203125,1,False,0.203125,True,False,1,0
2581,4,bar_u,75650,75643,32,1,False,0.171875,1,False,0.171875,1,False,0.171875,True,False,1,0
2582,4,bar_u,75659,75652,32,1,False,0.203125,1,False,0.203125,1,False,0.203125,True,False,1,0
2583,4,bar_u,75722,75715,32,1,False,0.203125,1,False,0.203125,1,False,0.203125,True,False,1,0
2584,4,bar_u,75785,75778,32,1,False,0.203125,1,False,0.203125,1,False,0.203125,True,False,1,0
2585,4,bar_u,75848,75841,32,1,False,0.203125,1,False,0.203125,1,False,0.203125,True,False,1,0
2586,4,bar_u,75911,75904,32,1,False,0.203125,1,False,0.203125,1,False,0.203125,True,False,1,0
2587,4,bar_u,75965,75958,32,1,False,0.171875,1,False,0.171875,1,False,0.171875,True,False,1,0
2588,4,bar_u,75974,75967,32,1,False,0.203125,1,False,0.203125,1,False,0.203125,True,False,1,0
2589,4,bar_u,76037,76030,32,1,False,0.203125,1,False,0.203125,1,False,0.203125,True,False,1,0
2590,4,bar_u,76100,76093,32,1,False,0.203125,1,False,0.203125,1,False,0.203125,True,False,1,0
2591,4,bar_u,76163,76156,32,1,False,0.203125,1,False,0.203125,1,False,0.203125,True,False,1,0
2592,4,bar_u,76226,76219,32,1,False,0.203125,1,False,0.203125,1,False,0.203125,True,False,1,0
2593,4,bar_u,76280,76273,32,1,False,0.171875,1,False,0.171875,1,False,0.171875,True,False,1,0
2594,4,bar_u,76289,76282,32,1,False,0.203125,1,False,0.203125,1,False,0.203125,True,False,1,0
2595,4,bar_u,76352,76345,32,1,False,0.203125,1,False,0.203125,1,False,0.203125,True,False,1,0
2596,4,bar_u,76415,76408,32,1,False,0.203125,1,False,0.203125,1,False,0.203125,True,False,1,0
2597,4,bar_u,76478,76471,32,1,False,0.203125,1,False,0.203125,1,False,0.203125,True,False,1,0
2598,4,bar_u,76541,76534,32,1,False,0.203125,1,False,0.203125,1,False,0.203125,True,False,1,0
2599,4,bar_u,76595,76588,32,1,False,0.171875,1,False,0.171875,1,False,0.171875,True,False,1,0
2600,4,bar_u,76604,76597,32,1,False,0.203125,1,False,0.203125,1,False,0.203125,True,False,1,0
2601,4,bar_u,76667,76660,32,1,False,0.203125,1,False,0.203125,1,False,0.203125,True,False,1,0
2602,4,bar_u,76730,76723,32,1,False,0.203125,1,False,0.203125,1,False,0.203125,True,False,1,0
2603,4,bar_u,76791,76784,32,1,False,0.109375,1,False,0.109375,1,False,0.109375,True,False,1,0
2604,4,bar_u,76793,76786,32,1,False,0.203125,1,False,0.203125,1,False,0.203125,True,False,1,0
2605,4,bar_u,76854,76847,32,1,False,0.109375,1,False,0.109375,1,False,0.109375,True,False,1,0
2606,4,bar_u,76856,76849,32,1,False,0.203125,1,False,0.203125,1,False,0.203125,True,False,1,0
2607,4,bar_u,76910,76903,32,1,False,0.171875,1,False,0.171875,1,False,0.171875,True,False,1,0
2608,4,bar_u,76919,76912,32,1,False,0.203125,1,False,0.203125,1,False,0.203125,True,False,1,0
2609,4,bar_u,76982,76975,32,1,False,0.203125,1,False,0.203125,1,False,0.203125,True,False,1,0
2610,4,bar_u,77045,77038,32,1,False,0.203125,1,False,0.203125,1,False,0.203125,True,False,1,0
2611,4,bar_u,77106,77099,32,1,False,0.109375,1,False,0.109375,1,False,0.109375,True,False,1,0
2612,4,bar_u,77108,77101,32,1,False,0.203125,1,False,0.203125,1,False,0.203125,True,False,1,0
2613,4,bar_u,77169,77162,32,1,False,0.109375,1,False,0.109375,1,False,0.109375,True,False,1,0
2614,4,bar_u,77171,77164,32,1,False,0.203125,1,False,0.203125,1,False,0.203125,True,False,1,0
2615,4,bar_u,78170,78163,32,1,False,0.171875,1,False,0.171875,1,False,0.171875,True,False,1,0
2616,4,bar_u,78179,78172,32,1,False,0.203125,1,False,0.203125,1,False,0.203125,True,False,1,0
2617,4,bar_u,78242,78235,32,1,False,0.203125,1,False,0.203125,1,False,0.203125,True,False,1,0
2618,4,bar_u,78305,78298,32,1,False,0.203125,1,False,0.203125,1,False,0.203125,True,False,1,0
2619,4,bar_u,78366,78359,32,1,False,0.109375,1,False,0.109375,1,False,0.109375,True,False,1,0
2620,4,bar_u,78368,78361,32,1,False,0.203125,1,False,0.203125,1,False,0.203125,True,False,1,0
2621,4,bar_u,78429,78422,32,1,False,0.109375,1,False,0.109375,1,False,0.109375,True,False,1,0
2622,4,bar_u,78431,78424,32,1,False,0.203125,1,False,0.203125,1,False,0.203125,True,False,1,0
2623,4,bar_u,78485,78478,32,1,False,0.171875,1,False,0.171875,1,False,0.171875,True,False,1,0
2624,4,bar_u,78494,78487,32,1,False,0.203125,1,False,0.203125,1,False,0.203125,True,False,1,0
2625,4,bar_u,78557,78550,32,1,False,0.203125,1,False,0.203125,1,False,0.203125,True,False,1,0
2626,4,bar_u,78620,78613,32,1,False,0.203125,1,False,0.203125,1,False,0.203125,True,False,1,0
2627,4,bar_u,78681,78674,32,1,False,0.109375,1,False,0.109375,1,False,0.109375,True,False,1,0
2628,4,bar_u,78683,78676,32,1,False,0.203125,1,False,0.203125,1,False,0.203125,True,False,1,0
2629,4,bar_u,78744,78737,32,1,False,0.109375,1,False,0.109375,1,False,0.109375,True,False,1,0
2630,4,bar_u,78746,78739,32,1,False,0.203125,1,False,0.203125,1,False,0.203125,True,False,1,0
2631,4,bar_u,79745,79738,32,1,False,0.171875,1,False,0.171875,1,False,0.171875,True,False,1,0
2632,4,bar_u,79754,79747,32,1,False,0.203125,1,False,0.203125,1,False,0.203125,True,False,1,0
2633,4,bar_u,79817,79810,32,1,False,0.203125,1,False,0.203125,1,False,0.203125,True,False,1,0
2634,4,bar_u,79880,79873,32,1,False,0.203125,1,False,0.203125,1,False,0.203125,True,False,1,0
2635,4,bar_u,79943,79936,32,1,False,0.203125,1,False,0.203125,1,False,0.203125,True,False,1,0
2636,4,bar_u,80006,79999,32,1,False,0.203125,1,False,0.203125,1,False,0.203125,True,False,1,0
2637,4,bar_u,80060,80053,32,1,False,0.171875,1,False,0.171875,1,False,0.171875,True,False,1,0
2638,4,bar_u,80069,80062,32,1,False,0.203125,1,False,0.203125,1,False,0.203125,True,False,1,0
2639,4,bar_u,80132,80125,32,1,False,0.203125,1,False,0.203125,1,False,0.203125,True,False,1,0
2640,4,bar_u,80195,80188,32,1,False,0.203125,1,False,0.203125,1,False,0.203125,True,False,1,0
2641,4,bar_u,80258,80251,32,1,False,0.203125,1,False,0.203125,1,False,0.203125,True,False,1,0
2642,4,bar_u,80321,80314,32,1,False,0.203125,1,False,0.203125,1,False,0.203125,True,False,1,0
2643,4,bar_u,83721,83714,32,1,False,0.109375,1,False,0.109375,1,False,0.109375,True,False,1,0
2644,4,bar_u,83784,83777,32,1,False,0.109375,1,False,0.109375,1,False,0.109375,True,False,1,0
2645,4,bar_u,84036,84029,32,1,False,0.109375,1,False,0.109375,1,False,0.109375,True,False,1,0
2646,4,bar_u,84099,84092,32,1,False,0.109375,1,False,0.109375,1,False,0.109375,True,False,1,0
2647,4,bar_u,84351,84344,32,1,False,0.109375,1,False,0.109375,1,False,0.109375,True,False,1,0
2648,4,bar_u,84414,84407,32,1,False,0.109375,1,False,0.109375,1,False,0.109375,True,False,1,0
2649,4,bar_u,84666,84659,32,1,False,0.109375,1,False,0.109375,1,False,0.109375,True,False,1,0
2650,4,bar_u,84729,84722,32,1,False,0.109375,1,False,0.109375,1,False,0.109375,True,False,1,0
2651,4,bar_u,84981,84974,32,1,False,0.109375,1,False,0.109375,1,False,0.109375,True,False,1,0
2652,4,bar_u,85044,85037,32,1,False,0.109375,1,False,0.109375,1,False,0.109375,True,False,1,0
2653,4,bar_u,85100,85093,32,1,False,0.171875,1,False,0.171875,1,False,0.171875,True,False,1,0
2654,4,bar_u,85109,85102,32,1,False,0.203125,1,False,0.203125,1,False,0.203125,True,False,1,0
2655,4,bar_u,85172,85165,32,1,False,0.203125,1,False,0.203125,1,False,0.203125,True,False,1,0
2656,4,bar_u,85235,85228,32,1,False,0.203125,1,False,0.203125,1,False,0.203125,True,False,1,0
2657,4,bar_u,85296,85289,32,1,False,0.109375,1,False,0.109375,1,False,0.109375,True,False,1,0
2658,4,bar_u,85298,85291,32,1,False,0.203125,1,False,0.203125,1,False,0.203125,True,False,1,0
2659,4,bar_u,85359,85352,32,1,False,0.109375,1,False,0.109375,1,False,0.109375,True,False,1,0
2660,4,bar_u,85361,85354,32,1,False,0.203125,1,False,0.203125,1,False,0.203125,True,False,1,0
2661,4,bar_u,85415,85408,32,1,False,0.171875,1,False,0.171875,1,False,0.171875,True,False,1,0
2662,4,bar_u,85424,85417,32,1,False,0.203125,1,False,0.203125,1,False,0.203125,True,False,1,0
2663,4,bar_u,85487,85480,32,1,False,0.203125,1,False,0.203125,1,False,0.203125,True,False,1,0
2664,4,bar_u,85550,85543,32,1,False,0.203125,1,False,0.203125,1,False,0.203125,True,False,1,0
2665,4,bar_u,85611,85604,32,1,False,0.109375,1,False,0.109375,1,False,0.109375,True,False,1,0
2666,4,bar_u,85613,85606,32,1,False,0.203125,1,False,0.203125,1,False,0.203125,True,False,1,0
2667,4,bar_u,85674,85667,32,1,False,0.109375,1,False,0.109375,1,False,0.109375,True,False,1,0
2668,4,bar_u,85676,85669,32,1,False,0.203125,1,False,0.203125,1,False,0.203125,True,False,1,0
2669,4,bar_u,85730,85723,32,1,False,0.171875,1,False,0.171875,1,False,0.171875,True,False,1,0
2670,4,bar_u,85739,85732,32,1,False,0.203125,1,False,0.203125,1,False,0.203125,True,False,1,0
2671,4,bar_u,85802,85795,32,1,False,0.203125,1,False,0.203125,1,False,0.203125,True,False,1,0
2672,4,bar_u,85865,85858,32,1,False,0.203125,1,False,0.203125,1,False,0.203125,True,False,1,0
2673,4,bar_u,85926,85919,32,1,False,0.109375,1,False,0.109375,1,False,0.109375,True,False,1,0
2674,4,bar_u,85928,85921,32,1,False,0.203125,1,False,0.203125,1,False,0.203125,True,False,1,0
2675,4,bar_u,85989,85982,32,1,False,0.109375,1,False,0.109375,1,False,0.109375,True,False,1,0
2676,4,bar_u,85991,85984,32,1,False,0.203125,1,False,0.203125,1,False,0.203125,True,False,1,0
2677,4,bar_u,86045,86038,32,1,False,0.171875,1,False,0.171875,1,False,0.171875,True,False,1,0
2678,4,bar_u,86054,86047,32,1,False,0.203125,1,False,0.203125,1,False,0.203125,True,False,1,0
2679,4,bar_u,86117,86110,32,1,False,0.203125,1,False,0.203125,1,False,0.203125,True,False,1,0
2680,4,bar_u,86180,86173,32,1,False,0.203125,1,False,0.203125,1,False,0.203125,True,False,1,0
2681,4,bar_u,86241,86234,32,1,False,0.109375,1,False,0.109375,1,False,0.109375,True,False,1,0
2682,4,bar_u,86243,86236,32,1,False,0.203125,1,False,0.203125,1,False,0.203125,True,False,1,0
2683,4,bar_u,86304,86297,32,1,False,0.109375,1,False,0.109375,1,False,0.109375,True,False,1,0
2684,4,bar_u,86306,86299,32,1,False,0.203125,1,False,0.203125,1,False,0.203125,True,False,1,0
2685,4,bar_u,86360,86353,32,1,False,0.171875,1,False,0.171875,1,False,0.171875,True,False,1,0
2686,4,bar_u,86369,86362,32,1,False,0.203125,1,False,0.203125,1,False,0.203125,True,False,1,0
2687,4,bar_u,86432,86425,32,1,False,0.203125,1,False,0.203125,1,False,0.203125,True,False,1,0
2688,4,bar_u,86495,86488,32,1,False,0.203125,1,False,0.203125,1,False,0.203125,True,False,1,0
2689,4,bar_u,86556,86549,32,1,False,0.109375,1,False,0.109375,1,False,0.109375,True,False,1,0
2690,4,bar_u,86558,86551,32,1,False,0.203125,1,False,0.203125,1,False,0.203125,True,False,1,0
2691,4,bar_u,86619,86612,32,1,False,0.109375,1,False,0.109375,1,False,0.109375,True,False,1,0
2692,4,bar_u,86621,86614,32,1,False,0.203125,1,False,0.203125,1,False,0.203125,True,False,1,0
2693,4,bar_u,86675,86668,32,1,False,0.171875,1,False,0.171875,1,False,0.171875,True,False,1,0
2694,4,bar_u,86684,86677,32,1,False,0.203125,1,False,0.203125,1,False,0.203125,True,False,1,0
2695,4,bar_u,86747,86740,32,1,False,0.203125,1,False,0.203125,1,False,0.203125,True,False,1,0
2696,4,bar_u,86810,86803,32,1,False,0.203125,1,False,0.203125,1,False,0.203125,True,False,1,0
2697,4,bar_u,86871,86864,32,1,False,0.109375,1,False,0.109375,1,False,0.109375,True,False,1,0
2698,4,bar_u,86873,86866,32,1,False,0.203125,1,False,0.203125,1,False,0.203125,True,False,1,0
2699,4,bar_u,86934,86927,32,1,False,0.109375,1,False,0.109375,1,False,0.109375,True,False,1,0
2700,4,bar_u,86936,86929,32,1,False,0.203125,1,False,0.203125,1,False,0.203125,True,False,1,0
2701,4,bar_u,86990,86983,32,1,False,0.171875,1,False,0.171875,1,False,0.171875,True,False,1,0
2702,4,bar_u,86999,86992,32,1,False,0.203125,1,False,0.203125,1,False,0.203125,True,False,1,0
2703,4,bar_u,87062,87055,32,1,False,0.203125,1,False,0.203125,1,False,0.203125,True,False,1,0
2704,4,bar_u,87125,87118,32,1,False,0.203125,1,False,0.203125,1,False,0.203125,True,False,1,0
2705,4,bar_u,87186,87179,32,1,False,0.109375,1,False,0.109375,1,False,0.109375,True,False,1,0
2706,4,bar_u,87188,87181,32,1,False,0.203125,1,False,0.203125,1,False,0.203125,True,False,1,0
2707,4,bar_u,87249,87242,32,1,False,0.109375,1,False,0.109375,1,False,0.109375,True,False,1,0
2708,4,bar_u,87251,87244,32,1,False,0.203125,1,False,0.203125,1,False,0.203125,True,False,1,0
2709,4,bar_u,87305,87298,32,1,False,0.171875,1,False,0.171875,1,False,0.171875,True,False,1,0
2710,4,bar_u,87314,87307,32,1,False,0.203125,1,False,0.203125,1,False,0.203125,True,False,1,0
2711,4,bar_u,87377,87370,32,1,False,0.203125,1,False,0.203125,1,False,0.203125,True,False,1,0
2712,4,bar_u,87440,87433,32,1,False,0.203125,1,False,0.203125,1,False,0.203125,True,False,1,0
2713,4,bar_u,87501,87494,32,1,False,0.109375,1,False,0.109375,1,False,0.109375,True,False,1,0
2714,4,bar_u,87503,87496,32,1,False,0.203125,1,False,0.203125,1,False,0.203125,True,False,1,0
2715,4,bar_u,87564,87557,32,1,False,0.109375,1,False,0.109375,1,False,0.109375,True,False,1,0
2716,4,bar_u,87566,87559,32,1,False,0.203125,1,False,0.203125,1,False,0.203125,True,False,1,0
2717,4,bar_u,87620,87613,32,1,False,0.171875,1,False,0.171875,1,False,0.171875,True,False,1,0
2718,4,bar_u,87629,87622,32,1,False,0.203125,1,False,0.203125,1,False,0.203125,True,False,1,0
2719,4,bar_u,87692,87685,32,1,False,0.203125,1,False,0.203125,1,False,0.203125,True,False,1,0
2720,4,bar_u,87755,87748,32,1,False,0.203125,1,False,0.203125,1,False,0.203125,True,False,1,0
2721,4,bar_u,87816,87809,32,1,False,0.109375,1,False,0.109375,1,False,0.109375,True,False,1,0
2722,4,bar_u,87818,87811,32,1,False,0.203125,1,False,0.203125,1,False,0.203125,True,False,1,0
2723,4,bar_u,87879,87872,32,1,False,0.109375,1,False,0.109375,1,False,0.109375,True,False,1,0
2724,4,bar_u,87881,87874,32,1,False,0.203125,1,False,0.203125,1,False,0.203125,True,False,1,0
2725,4,bar_u,87935,87928,32,1,False,0.171875,1,False,0.171875,1,False,0.171875,True,False,1,0
2726,4,bar_u,87944,87937,32,1,False,0.203125,1,False,0.203125,1,False,0.203125,True,False,1,0
2727,4,bar_u,88007,88000,32,1,False,0.203125,1,False,0.203125,1,False,0.203125,True,False,1,0
2728,4,bar_u,88070,88063,32,1,False,0.203125,1,False,0.203125,1,False,0.203125,True,False,1,0
2729,4,bar_u,88131,88124,32,1,False,0.109375,1,False,0.109375,1,False,0.109375,True,False,1,0
2730,4,bar_u,88133,88126,32,1,False,0.203125,1,False,0.203125,1,False,0.203125,True,False,1,0
2731,4,bar_u,88194,88187,32,1,False,0.109375,1,False,0.109375,1,False,0.109375,True,False,1,0
2732,4,bar_u,88196,88189,32,1,False,0.203125,1,False,0.203125,1,False,0.203125,True,False,1,0
2733,4,bar_u,88250,88243,32,1,False,0.171875,1,False,0.171875,1,False,0.171875,True,False,1,0
2734,4,bar_u,88259,88252,32,1,False,0.203125,1,False,0.203125,1,False,0.203125,True,False,1,0
2735,4,bar_u,88322,88315,32,1,False,0.203125,1,False,0.203125,1,False,0.203125,True,False,1,0
2736,4,bar_u,88385,88378,32,1,False,0.203125,1,False,0.203125,1,False,0.203125,True,False,1,0
2737,4,bar_u,88446,88439,32,1,False,0.109375,1,False,0.109375,1,False,0.109375,True,False,1,0
2738,4,bar_u,88448,88441,32,1,False,0.203125,1,False,0.203125,1,False,0.203125,True,False,1,0
2739,4,bar_u,88509,88502,32,1,False,0.109375,1,False,0.109375,1,False,0.109375,True,False,1,0
2740,4,bar_u,88511,88504,32,1,False,0.203125,1,False,0.203125,1,False,0.203125,True,False,1,0
2741,4,bar_u,88565,88558,32,1,False,0.171875,1,False,0.171875,1,False,0.171875,True,False,1,0
2742,4,bar_u,88574,88567,32,1,False,0.203125,1,False,0.203125,1,False,0.203125,True,False,1,0
2743,4,bar_u,88637,88630,32,1,False,0.203125,1,False,0.203125,1,False,0.203125,True,False,1,0
2744,4,bar_u,88700,88693,32,1,False,0.203125,1,False,0.203125,1,False,0.203125,True,False,1,0
2745,4,bar_u,88761,88754,32,1,False,0.109375,1,False,0.109375,1,False,0.109375,True,False,1,0
2746,4,bar_u,88763,88756,32,1,False,0.203125,1,False,0.203125,1,False,0.203125,True,False,1,0
2747,4,bar_u,88824,88817,32,1,False,0.109375,1,False,0.109375,1,False,0.109375,True,False,1,0
2748,4,bar_u,88826,88819,32,1,False,0.203125,1,False,0.203125,1,False,0.203125,True,False,1,0
2749,4,bar_u,88880,88873,32,1,False,0.171875,1,False,0.171875,1,False,0.171875,True,False,1,0
2750,4,bar_u,88889,88882,32,1,False,0.203125,1,False,0.203125,1,False,0.203125,True,False,1,0
2751,4,bar_u,88952,88945,32,1,False,0.203125,1,False,0.203125,1,False,0.203125,True,False,1,0
2752,4,bar_u,89015,89008,32,1,False,0.203125,1,False,0.203125,1,False,0.203125,True,False,1,0
2753,4,bar_u,89076,89069,32,1,False,0.109375,1,False,0.109375,1,False,0.109375,True,False,1,0
2754,4,bar_u,89078,89071,32,1,False,0.203125,1,False,0.203125,1,False,0.203125,True,False,1,0
2755,4,bar_u,89139,89132,32,1,False,0.109375,1,False,0.109375,1,False,0.109375,True,False,1,0
2756,4,bar_u,89141,89134,32,1,False,0.203125,1,False,0.203125,1,False,0.203125,True,False,1,0
2757,4,bar_u,89195,89188,32,1,False,0.171875,1,False,0.171875,1,False,0.171875,True,False,1,0
2758,4,bar_u,89204,89197,32,1,False,0.203125,1,False,0.203125,1,False,0.203125,True,False,1,0
2759,4,bar_u,89267,89260,32,1,False,0.203125,1,False,0.203125,1,False,0.203125,True,False,1,0
2760,4,bar_u,89330,89323,32,1,False,0.203125,1,False,0.203125,1,False,0.203125,True,False,1,0
2761,4,bar_u,89391,89384,32,1,False,0.109375,1,False,0.109375,1,False,0.109375,True,False,1,0
2762,4,bar_u,89393,89386,32,1,False,0.203125,1,False,0.203125,1,False,0.203125,True,False,1,0
2763,4,bar_u,89454,89447,32,1,False,0.109375,1,False,0.109375,1,False,0.109375,True,False,1,0
2764,4,bar_u,89456,89449,32,1,False,0.203125,1,False,0.203125,1,False,0.203125,True,False,1,0
2765,4,bar_u,89510,89503,32,1,False,0.171875,1,False,0.171875,1,False,0.171875,True,False,1,0
2766,4,bar_u,89519,89512,32,1,False,0.203125,1,False,0.203125,1,False,0.203125,True,False,1,0
2767,4,bar_u,89582,89575,32,1,False,0.203125,1,False,0.203125,1,False,0.203125,True,False,1,0
2768,4,bar_u,89645,89638,32,1,False,0.203125,1,False,0.203125,1,False,0.203125,True,False,1,0
2769,4,bar_u,89706,89699,32,1,False,0.109375,1,False,0.109375,1,False,0.109375,True,False,1,0
2770,4,bar_u,89708,89701,32,1,False,0.203125,1,False,0.203125,1,False,0.203125,True,False,1,0
2771,4,bar_u,89769,89762,32,1,False,0.109375,1,False,0.109375,1,False,0.109375,True,False,1,0
2772,4,bar_u,89771,89764,32,1,False,0.203125,1,False,0.203125,1,False,0.203125,True,False,1,0
2773,4,bar_u,89825,89818,32,1,False,0.171875,1,False,0.171875,1,False,0.171875,True,False,1,0
2774,4,bar_u,89834,89827,32,1,False,0.203125,1,False,0.203125,1,False,0.203125,True,False,1,0
2775,4,bar_u,89897,89890,32,1,False,0.203125,1,False,0.203125,1,False,0.203125,True,False,1,0
2776,4,bar_u,89960,89953,32,1,False,0.203125,1,False,0.203125,1,False,0.203125,True,False,1,0
2777,4,bar_u,90021,90014,32,1,False,0.109375,1,False,0.109375,1,False,0.109375,True,False,1,0
2778,4,bar_u,90023,90016,32,1,False,0.203125,1,False,0.203125,1,False,0.203125,True,False,1,0
2779,4,bar_u,90084,90077,32,1,False,0.109375,1,False,0.109375,1,False,0.109375,True,False,1,0
2780,4,bar_u,90086,90079,32,1,False,0.203125,1,False,0.203125,1,False,0.203125,True,False,1,0
2781,4,bar_u,90140,90133,32,1,False,0.171875,1,False,0.171875,1,False,0.171875,True,False,1,0
2782,4,bar_u,90149,90142,32,1,False,0.203125,1,False,0.203125,1,False,0.203125,True,False,1,0
2783,4,bar_u,90212,90205,32,1,False,0.203125,1,False,0.203125,1,False,0.203125,True,False,1,0
2784,4,bar_u,90275,90268,32,1,False,0.203125,1,False,0.203125,1,False,0.203125,True,False,1,0
2785,4,bar_u,90336,90329,32,1,False,0.109375,1,False,0.109375,1,False,0.109375,True,False,1,0
2786,4,bar_u,90338,90331,32,1,False,0.203125,1,False,0.203125,1,False,0.203125,True,False,1,0
2787,4,bar_u,90399,90392,32,1,False,0.109375,1,False,0.109375,1,False,0.109375,True,False,1,0
2788,4,bar_u,90401,90394,32,1,False,0.203125,1,False,0.203125,1,False,0.203125,True,False,1,0
2789,4,bar_u,90455,90448,32,1,False,0.171875,1,False,0.171875,1,False,0.171875,True,False,1,0
2790,4,bar_u,90464,90457,32,1,False,0.203125,1,False,0.203125,1,False,0.203125,True,False,1,0
2791,4,bar_u,90527,90520,32,1,False,0.203125,1,False,0.203125,1,False,0.203125,True,False,1,0
2792,4,bar_u,90590,90583,32,1,False,0.203125,1,False,0.203125,1,False,0.203125,True,False,1,0
2793,4,bar_u,90651,90644,32,1,False,0.109375,1,False,0.109375,1,False,0.109375,True,False,1,0
2794,4,bar_u,90653,90646,32,1,False,0.203125,1,False,0.203125,1,False,0.203125,True,False,1,0
2795,4,bar_u,90714,90707,32,1,False,0.109375,1,False,0.109375,1,False,0.109375,True,False,1,0
2796,4,bar_u,90716,90709,32,1,False,0.203125,1,False,0.203125,1,False,0.203125,True,False,1,0
2797,4,bar_u,90770,90763,32,1,False,0.171875,1,False,0.171875,1,False,0.171875,True,False,1,0
2798,4,bar_u,90779,90772,32,1,False,0.203125,1,False,0.203125,1,False,0.203125,True,False,1,0
2799,4,bar_u,90842,90835,32,1,False,0.203125,1,False,0.203125,1,False,0.203125,True,False,1,0
2800,4,bar_u,90905,90898,32,1,False,0.203125,1,False,0.203125,1,False,0.203125,True,False,1,0
2801,4,bar_u,90966,90959,32,1,False,0.109375,1,False,0.109375,1,False,0.109375,True,False,1,0
2802,4,bar_u,90968,90961,32,1,False,0.203125,1,False,0.203125,1,False,0.203125,True,False,1,0
2803,4,bar_u,91029,91022,32,1,False,0.109375,1,False,0.109375,1,False,0.109375,True,False,1,0
2804,4,bar_u,91031,91024,32,1,False,0.203125,1,False,0.203125,1,False,0.203125,True,False,1,0
2805,4,bar_u,91085,91078,32,1,False,0.171875,1,False,0.171875,1,False,0.171875,True,False,1,0
2806,4,bar_u,91094,91087,32,1,False,0.203125,1,False,0.203125,1,False,0.203125,True,False,1,0
2807,4,bar_u,91157,91150,32,1,False,0.203125,1,False,0.203125,1,False,0.203125,True,False,1,0
2808,4,bar_u,91220,91213,32,1,False,0.203125,1,False,0.203125,1,False,0.203125,True,False,1,0
2809,4,bar_u,91281,91274,32,1,False,0.109375,1,False,0.109375,1,False,0.109375,True,False,1,0
2810,4,bar_u,91283,91276,32,1,False,0.203125,1,False,0.203125,1,False,0.203125,True,False,1,0
2811,4,bar_u,91344,91337,32,1,False,0.109375,1,False,0.109375,1,False,0.109375,True,False,1,0
2812,4,bar_u,91346,91339,32,1,False,0.203125,1,False,0.203125,1,False,0.203125,True,False,1,0
2813,4,bar_u,91400,91393,32,1,False,0.171875,1,False,0.171875,1,False,0.171875,True,False,1,0
2814,4,bar_u,91409,91402,32,1,False,0.203125,1,False,0.203125,1,False,0.203125,True,False,1,0
2815,4,bar_u,91472,91465,32,1,False,0.203125,1,False,0.203125,1,False,0.203125,True,False,1,0
2816,4,bar_u,91535,91528,32,1,False,0.203125,1,False,0.203125,1,False,0.203125,True,False,1,0
2817,4,bar_u,91596,91589,32,1,False,0.109375,1,False,0.109375,1,False,0.109375,True,False,1,0
2818,4,bar_u,91598,91591,32,1,False,0.203125,1,False,0.203125,1,False,0.203125,True,False,1,0
2819,4,bar_u,91659,91652,32,1,False,0.109375,1,False,0.109375,1,False,0.109375,True,False,1,0
2820,4,bar_u,91661,91654,32,1,False,0.203125,1,False,0.203125,1,False,0.203125,True,False,1,0
2821,4,bar_u,91715,91708,32,1,False,0.171875,1,False,0.171875,1,False,0.171875,True,False,1,0
2822,4,bar_u,91724,91717,32,1,False,0.203125,1,False,0.203125,1,False,0.203125,True,False,1,0
2823,4,bar_u,91787,91780,32,1,False,0.203125,1,False,0.203125,1,False,0.203125,True,False,1,0
2824,4,bar_u,91850,91843,32,1,False,0.203125,1,False,0.203125,1,False,0.203125,True,False,1,0
2825,4,bar_u,91911,91904,32,1,False,0.109375,1,False,0.109375,1,False,0.109375,True,False,1,0
2826,4,bar_u,91913,91906,32,1,False,0.203125,1,False,0.203125,1,False,0.203125,True,False,1,0
2827,4,bar_u,91974,91967,32,1,False,0.109375,1,False,0.109375,1,False,0.109375,True,False,1,0
2828,4,bar_u,91976,91969,32,1,False,0.203125,1,False,0.203125,1,False,0.203125,True,False,1,0
2829,4,bar_u,92030,92023,32,1,False,0.171875,1,False,0.171875,1,False,0.171875,True,False,1,0
2830,4,bar_u,92039,92032,32,1,False,0.203125,1,False,0.203125,1,False,0.203125,True,False,1,0
2831,4,bar_u,92102,92095,32,1,False,0.203125,1,False,0.203125,1,False,0.203125,True,False,1,0
2832,4,bar_u,92165,92158,32,1,False,0.203125,1,False,0.203125,1,False,0.203125,True,False,1,0
2833,4,bar_u,92226,92219,32,1,False,0.109375,1,False,0.109375,1,False,0.109375,True,False,1,0
2834,4,bar_u,92228,92221,32,1,False,0.203125,1,False,0.203125,1,False,0.203125,True,False,1,0
2835,4,bar_u,92289,92282,32,1,False,0.109375,1,False,0.109375,1,False,0.109375,True,False,1,0
2836,4,bar_u,92291,92284,32,1,False,0.203125,1,False,0.203125,1,False,0.203125,True,False,1,0
2837,4,bar_u,92345,92338,32,1,False,0.171875,1,False,0.171875,1,False,0.171875,True,False,1,0
2838,4,bar_u,92354,92347,32,1,False,0.203125,1,False,0.203125,1,False,0.203125,True,False,1,0
2839,4,bar_u,92417,92410,32,1,False,0.203125,1,False,0.203125,1,False,0.203125,True,False,1,0
2840,4,bar_u,92480,92473,32,1,False,0.203125,1,False,0.203125,1,False,0.203125,True,False,1,0
2841,4,bar_u,92541,92534,32,1,False,0.109375,1,False,0.109375,1,False,0.109375,True,False,1,0
2842,4,bar_u,92543,92536,32,1,False,0.203125,1,False,0.203125,1,False,0.203125,True,False,1,0
2843,4,bar_u,92604,92597,32,1,False,0.109375,1,False,0.109375,1,False,0.109375,True,False,1,0
2844,4,bar_u,92606,92599,32,1,False,0.203125,1,False,0.203125,1,False,0.203125,True,False,1,0
2845,4,bar_u,92660,92653,32,1,False,0.171875,1,False,0.171875,1,False,0.171875,True,False,1,0
2846,4,bar_u,92669,92662,32,1,False,0.203125,1,False,0.203125,1,False,0.203125,True,False,1,0
2847,4,bar_u,92732,92725,32,1,False,0.203125,1,False,0.203125,1,False,0.203125,True,False,1,0
2848,4,bar_u,92795,92788,32,1,False,0.203125,1,False,0.203125,1,False,0.203125,True,False,1,0
2849,4,bar_u,92856,92849,32,1,False,0.109375,1,False,0.109375,1,False,0.109375,True,False,1,0
2850,4,bar_u,92858,92851,32,1,False,0.203125,1,False,0.203125,1,False,0.203125,True,False,1,0
2851,4,bar_u,92919,92912,32,1,False,0.109375,1,False,0.109375,1,False,0.109375,True,False,1,0
2852,4,bar_u,92921,92914,32,1,False,0.203125,1,False,0.203125,1,False,0.203125,True,False,1,0
2853,4,bar_u,92975,92968,32,1,False,0.171875,1,False,0.171875,1,False,0.171875,True,False,1,0
2854,4,bar_u,92984,92977,32,1,False,0.203125,1,False,0.203125,1,False,0.203125,True,False,1,0
2855,4,bar_u,93047,93040,32,1,False,0.203125,1,False,0.203125,1,False,0.203125,True,False,1,0
2856,4,bar_u,93110,93103,32,1,False,0.203125,1,False,0.203125,1,False,0.203125,True,False,1,0
2857,4,bar_u,93171,93164,32,1,False,0.109375,1,False,0.109375,1,False,0.109375,True,False,1,0
2858,4,bar_u,93173,93166,32,1,False,0.203125,1,False,0.203125,1,False,0.203125,True,False,1,0
2859,4,bar_u,93234,93227,32,1,False,0.109375,1,False,0.109375,1,False,0.109375,True,False,1,0
2860,4,bar_u,93236,93229,32,1,False,0.203125,1,False,0.203125,1,False,0.203125,True,False,1,0
2861,4,bar_u,93290,93283,32,1,False,0.171875,1,False,0.171875,1,False,0.171875,True,False,1,0
2862,4,bar_u,93299,93292,32,1,False,0.203125,1,False,0.203125,1,False,0.203125,True,False,1,0
2863,4,bar_u,93362,93355,32,1,False,0.203125,1,False,0.203125,1,False,0.203125,True,False,1,0
2864,4,bar_u,93425,93418,32,1,False,0.203125,1,False,0.203125,1,False,0.203125,True,False,1,0
2865,4,bar_u,93486,93479,32,1,False,0.109375,1,False,0.109375,1,False,0.109375,True,False,1,0
2866,4,bar_u,93488,93481,32,1,False,0.203125,1,False,0.203125,1,False,0.203125,True,False,1,0
2867,4,bar_u,93549,93542,32,1,False,0.109375,1,False,0.109375,1,False,0.109375,True,False,1,0
2868,4,bar_u,93551,93544,32,1,False,0.203125,1,False,0.203125,1,False,0.203125,True,False,1,0
2869,4,bar_u,93605,93598,32,1,False,0.171875,1,False,0.171875,1,False,0.171875,True,False,1,0
2870,4,bar_u,93614,93607,32,1,False,0.203125,1,False,0.203125,1,False,0.203125,True,False,1,0
2871,4,bar_u,93677,93670,32,1,False,0.203125,1,False,0.203125,1,False,0.203125,True,False,1,0
2872,4,bar_u,93740,93733,32,1,False,0.203125,1,False,0.203125,1,False,0.203125,True,False,1,0
2873,4,bar_u,93801,93794,32,1,False,0.109375,1,False,0.109375,1,False,0.109375,True,False,1,0
2874,4,bar_u,93803,93796,32,1,False,0.203125,1,False,0.203125,1,False,0.203125,True,False,1,0
2875,4,bar_u,93864,93857,32,1,False,0.109375,1,False,0.109375,1,False,0.109375,True,False,1,0
2876,4,bar_u,93866,93859,32,1,False,0.203125,1,False,0.203125,1,False,0.203125,True,False,1,0
2877,4,bar_u,93920,93913,32,1,False,0.171875,1,False,0.171875,1,False,0.171875,True,False,1,0
2878,4,bar_u,93929,93922,32,1,False,0.203125,1,False,0.203125,1,False,0.203125,True,False,1,0
2879,4,bar_u,93992,93985,32,1,False,0.203125,1,False,0.203125,1,False,0.203125,True,False,1,0
2880,4,bar_u,94055,94048,32,1,False,0.203125,1,False,0.203125,1,False,0.203125,True,False,1,0
2881,4,bar_u,94116,94109,32,1,False,0.109375,1,False,0.109375,1,False,0.109375,True,False,1,0
2882,4,bar_u,94118,94111,32,1,False,0.203125,1,False,0.203125,1,False,0.203125,True,False,1,0
2883,4,bar_u,94179,94172,32,1,False,0.109375,1,False,0.109375,1,False,0.109375,True,False,1,0
2884,4,bar_u,94181,94174,32,1,False,0.203125,1,False,0.203125,1,False,0.203125,True,False,1,0
2885,4,bar_u,94235,94228,32,1,False,0.171875,1,False,0.171875,1,False,0.171875,True,False,1,0
2886,4,bar_u,94244,94237,32,1,False,0.203125,1,False,0.203125,1,False,0.203125,True,False,1,0
2887,4,bar_u,94307,94300,32,1,False,0.203125,1,False,0.203125,1,False,0.203125,True,False,1,0
2888,4,bar_u,94370,94363,32,1,False,0.203125,1,False,0.203125,1,False,0.203125,True,False,1,0
2889,4,bar_u,94431,94424,32,1,False,0.109375,1,False,0.109375,1,False,0.109375,True,False,1,0
2890,4,bar_u,94433,94426,32,1,False,0.203125,1,False,0.203125,1,False,0.203125,True,False,1,0
2891,4,bar_u,94494,94487,32,1,False,0.109375,1,False,0.109375,1,False,0.109375,True,False,1,0
2892,4,bar_u,94496,94489,32,1,False,0.203125,1,False,0.203125,1,False,0.203125,True,False,1,0
2893,4,bar_u,94550,94543,32,1,False,0.171875,1,False,0.171875,1,False,0.171875,True,False,1,0
2894,4,bar_u,94559,94552,32,1,False,0.203125,1,False,0.203125,1,False,0.203125,True,False,1,0
2895,4,bar_u,94622,94615,32,1,False,0.203125,1,False,0.203125,1,False,0.203125,True,False,1,0
2896,4,bar_u,94685,94678,32,1,False,0.203125,1,False,0.203125,1,False,0.203125,True,False,1,0
2897,4,bar_u,94746,94739,32,1,False,0.109375,1,False,0.109375,1,False,0.109375,True,False,1,0
2898,4,bar_u,94748,94741,32,1,False,0.203125,1,False,0.203125,1,False,0.203125,True,False,1,0
2899,4,bar_u,94809,94802,32,1,False,0.109375,1,False,0.109375,1,False,0.109375,True,False,1,0
2900,4,bar_u,94811,94804,32,1,False,0.203125,1,False,0.203125,1,False,0.203125,True,False,1,0
2901,4,bar_u,94865,94858,32,1,False,0.171875,1,False,0.171875,1,False,0.171875,True,False,1,0
2902,4,bar_u,94874,94867,32,1,False,0.203125,1,False,0.203125,1,False,0.203125,True,False,1,0
2903,4,bar_u,94937,94930,32,1,False,0.203125,1,False,0.203125,1,False,0.203125,True,False,1,0
2904,4,bar_u,95000,94993,32,1,False,0.203125,1,False,0.203125,1,False,0.203125,True,False,1,0
2905,4,bar_u,95061,95054,32,1,False,0.109375,1,False,0.109375,1,False,0.109375,True,False,1,0
2906,4,bar_u,95063,95056,32,1,False,0.203125,1,False,0.203125,1,False,0.203125,True,False,1,0
2907,4,bar_u,95124,95117,32,1,False,0.109375,1,False,0.109375,1,False,0.109375,True,False,1,0
2908,4,bar_u,95126,95119,32,1,False,0.203125,1,False,0.203125,1,False,0.203125,True,False,1,0
2909,4,bar_u,95180,95173,32,1,False,0.171875,1,False,0.171875,1,False,0.171875,True,False,1,0
2910,4,bar_u,95189,95182,32,1,False,0.203125,1,False,0.203125,1,False,0.203125,True,False,1,0
2911,4,bar_u,95252,95245,32,1,False,0.203125,1,False,0.203125,1,False,0.203125,True,False,1,0
2912,4,bar_u,95315,95308,32,1,False,0.203125,1,False,0.203125,1,False,0.203125,True,False,1,0
2913,4,bar_u,95376,95369,32,1,False,0.109375,1,False,0.109375,1,False,0.109375,True,False,1,0
2914,4,bar_u,95378,95371,32,1,False,0.203125,1,False,0.203125,1,False,0.203125,True,False,1,0
2915,4,bar_u,95439,95432,32,1,False,0.109375,1,False,0.109375,1,False,0.109375,True,False,1,0
2916,4,bar_u,95441,95434,32,1,False,0.203125,1,False,0.203125,1,False,0.203125,True,False,1,0
2917,4,bar_u,95495,95488,32,1,False,0.171875,1,False,0.171875,1,False,0.171875,True,False,1,0
2918,4,bar_u,95504,95497,32,1,False,0.203125,1,False,0.203125,1,False,0.203125,True,False,1,0
2919,4,bar_u,95567,95560,32,1,False,0.203125,1,False,0.203125,1,False,0.203125,True,False,1,0
2920,4,bar_u,95630,95623,32,1,False,0.203125,1,False,0.203125,1,False,0.203125,True,False,1,0
2921,4,bar_u,95691,95684,32,1,False,0.109375,1,False,0.109375,1,False,0.109375,True,False,1,0
2922,4,bar_u,95693,95686,32,1,False,0.203125,1,False,0.203125,1,False,0.203125,True,False,1,0
2923,4,bar_u,95754,95747,32,1,False,0.109375,1,False,0.109375,1,False,0.109375,True,False,1,0
2924,4,bar_u,95756,95749,32,1,False,0.203125,1,False,0.203125,1,False,0.203125,True,False,1,0
2925,4,bar_u,95810,95803,32,1,False,0.171875,1,False,0.171875,1,False,0.171875,True,False,1,0
2926,4,bar_u,95819,95812,32,1,False,0.203125,1,False,0.203125,1,False,0.203125,True,False,1,0
2927,4,bar_u,95882,95875,32,1,False,0.203125,1,False,0.203125,1,False,0.203125,True,False,1,0
2928,4,bar_u,95945,95938,32,1,False,0.203125,1,False,0.203125,1,False,0.203125,True,False,1,0
2929,4,bar_u,96006,95999,32,1,False,0.109375,1,False,0.109375,1,False,0.109375,True,False,1,0
2930,4,bar_u,96008,96001,32,1,False,0.203125,1,False,0.203125,1,False,0.203125,True,False,1,0
2931,4,bar_u,96069,96062,32,1,False,0.109375,1,False,0.109375,1,False,0.109375,True,False,1,0
2932,4,bar_u,96071,96064,32,1,False,0.203125,1,False,0.203125,1,False,0.203125,True,False,1,0
2933,4,bar_u,96125,96118,32,1,False,0.171875,1,False,0.171875,1,False,0.171875,True,False,1,0
2934,4,bar_u,96134,96127,32,1,False,0.203125,1,False,0.203125,1,False,0.203125,True,False,1,0
2935,4,bar_u,96197,96190,32,1,False,0.203125,1,False,0.203125,1,False,0.203125,True,False,1,0
2936,4,bar_u,96260,96253,32,1,False,0.203125,1,False,0.203125,1,False,0.203125,True,False,1,0
2937,4,bar_u,96321,96314,32,1,False,0.109375,1,False,0.109375,1,False,0.109375,True,False,1,0
2938,4,bar_u,96323,96316,32,1,False,0.203125,1,False,0.203125,1,False,0.203125,True,False,1,0
2939,4,bar_u,96384,96377,32,1,False,0.109375,1,False,0.109375,1,False,0.109375,True,False,1,0
2940,4,bar_u,96386,96379,32,1,False,0.203125,1,False,0.203125,1,False,0.203125,True,False,1,0
2941,4,bar_u,96440,96433,32,1,False,0.171875,1,False,0.171875,1,False,0.171875,True,False,1,0
2942,4,bar_u,96449,96442,32,1,False,0.203125,1,False,0.203125,1,False,0.203125,True,False,1,0
2943,4,bar_u,96512,96505,32,1,False,0.203125,1,False,0.203125,1,False,0.203125,True,False,1,0
2944,4,bar_u,96575,96568,32,1,False,0.203125,1,False,0.203125,1,False,0.203125,True,False,1,0
2945,4,bar_u,96636,96629,32,1,False,0.109375,1,False,0.109375,1,False,0.109375,True,False,1,0
2946,4,bar_u,96638,96631,32,1,False,0.203125,1,False,0.203125,1,False,0.203125,True,False,1,0
2947,4,bar_u,96699,96692,32,1,False,0.109375,1,False,0.109375,1,False,0.109375,True,False,1,0
2948,4,bar_u,96701,96694,32,1,False,0.203125,1,False,0.203125,1,False,0.203125,True,False,1,0
2949,4,bar_u,96755,96748,32,1,False,0.171875,1,False,0.171875,1,False,0.171875,True,False,1,0
2950,4,bar_u,96764,96757,32,1,False,0.203125,1,False,0.203125,1,False,0.203125,True,False,1,0
2951,4,bar_u,96827,96820,32,1,False,0.203125,1,False,0.203125,1,False,0.203125,True,False,1,0
2952,4,bar_u,96890,96883,32,1,False,0.203125,1,False,0.203125,1,False,0.203125,True,False,1,0
2953,4,bar_u,96951,96944,32,1,False,0.109375,1,False,0.109375,1,False,0.109375,True,False,1,0
2954,4,bar_u,96953,96946,32,1,False,0.203125,1,False,0.203125,1,False,0.203125,True,False,1,0
2955,4,bar_u,97014,97007,32,1,False,0.109375,1,False,0.109375,1,False,0.109375,True,False,1,0
2956,4,bar_u,97016,97009,32,1,False,0.203125,1,False,0.203125,1,False,0.203125,True,False,1,0
2957,4,bar_u,97070,97063,32,1,False,0.171875,1,False,0.171875,1,False,0.171875,True,False,1,0
2958,4,bar_u,97079,97072,32,1,False,0.203125,1,False,0.203125,1,False,0.203125,True,False,1,0
2959,4,bar_u,97142,97135,32,1,False,0.203125,1,False,0.203125,1,False,0.203125,True,False,1,0
2960,4,bar_u,97205,97198,32,1,False,0.203125,1,False,0.203125,1,False,0.203125,True,False,1,0
2961,4,bar_u,97266,97259,32,1,False,0.109375,1,False,0.109375,1,False,0.109375,True,False,1,0
2962,4,bar_u,97268,97261,32,1,False,0.203125,1,False,0.203125,1,False,0.203125,True,False,1,0
2963,4,bar_u,97329,97322,32,1,False,0.109375,1,False,0.109375,1,False,0.109375,True,False,1,0
2964,4,bar_u,97331,97324,32,1,False,0.203125,1,False,0.203125,1,False,0.203125,True,False,1,0
2965,4,bar_u,97385,97378,32,1,False,0.171875,1,False,0.171875,1,False,0.171875,True,False,1,0
2966,4,bar_u,97394,97387,32,1,False,0.203125,1,False,0.203125,1,False,0.203125,True,False,1,0
2967,4,bar_u,97457,97450,32,1,False,0.203125,1,False,0.203125,1,False,0.203125,True,False,1,0
2968,4,bar_u,97520,97513,32,1,False,0.203125,1,False,0.203125,1,False,0.203125,True,False,1,0
2969,4,bar_u,97581,97574,32,1,False,0.109375,1,False,0.109375,1,False,0.109375,True,False,1,0
2970,4,bar_u,97583,97576,32,1,False,0.203125,1,False,0.203125,1,False,0.203125,True,False,1,0
2971,4,bar_u,97644,97637,32,1,False,0.109375,1,False,0.109375,1,False,0.109375,True,False,1,0
2972,4,bar_u,97646,97639,32,1,False,0.203125,1,False,0.203125,1,False,0.203125,True,False,1,0
2973,4,bar_u,97700,97693,32,1,False,0.171875,1,False,0.171875,1,False,0.171875,True,False,1,0
2974,4,bar_u,97709,97702,32,1,False,0.203125,1,False,0.203125,1,False,0.203125,True,False,1,0
2975,4,bar_u,97772,97765,32,1,False,0.203125,1,False,0.203125,1,False,0.203125,True,False,1,0
2976,4,bar_u,97835,97828,32,1,False,0.203125,1,False,0.203125,1,False,0.203125,True,False,1,0
2977,4,bar_u,97896,97889,32,1,False,0.109375,1,False,0.109375,1,False,0.109375,True,False,1,0
2978,4,bar_u,97898,97891,32,1,False,0.203125,1,False,0.203125,1,False,0.203125,True,False,1,0
2979,4,bar_u,97959,97952,32,1,False,0.109375,1,False,0.109375,1,False,0.109375,True,False,1,0
2980,4,bar_u,97961,97954,32,1,False,0.203125,1,False,0.203125,1,False,0.203125,True,False,1,0
2981,4,bar_u,98015,98008,32,1,False,0.171875,1,False,0.171875,1,False,0.171875,True,False,1,0
2982,4,bar_u,98024,98017,32,1,False,0.203125,1,False,0.203125,1,False,0.203125,True,False,1,0
2983,4,bar_u,98087,98080,32,1,False,0.203125,1,False,0.203125,1,False,0.203125,True,False,1,0
2984,4,bar_u,98150,98143,32,1,False,0.203125,1,False,0.203125,1,False,0.203125,True,False,1,0
2985,4,bar_u,98211,98204,32,1,False,0.109375,1,False,0.109375,1,False,0.109375,True,False,1,0
2986,4,bar_u,98213,98206,32,1,False,0.203125,1,False,0.203125,1,False,0.203125,True,False,1,0
2987,4,bar_u,98274,98267,32,1,False,0.109375,1,False,0.109375,1,False,0.109375,True,False,1,0
2988,4,bar_u,98276,98269,32,1,False,0.203125,1,False,0.203125,1,False,0.203125,True,False,1,0
2989,4,bar_u,98330,98323,32,1,False,0.171875,1,False,0.171875,1,False,0.171875,True,False,1,0
2990,4,bar_u,98339,98332,32,1,False,0.203125,1,False,0.203125,1,False,0.203125,True,False,1,0
2991,4,bar_u,98402,98395,32,1,False,0.203125,1,False,0.203125,1,False,0.203125,True,False,1,0
2992,4,bar_u,98465,98458,32,1,False,0.203125,1,False,0.203125,1,False,0.203125,True,False,1,0
2993,4,bar_u,98526,98519,32,1,False,0.109375,1,False,0.109375,1,False,0.109375,True,False,1,0
2994,4,bar_u,98528,98521,32,1,False,0.203125,1,False,0.203125,1,False,0.203125,True,False,1,0
2995,4,bar_u,98589,98582,32,1,False,0.109375,1,False,0.109375,1,False,0.109375,True,False,1,0
2996,4,bar_u,98591,98584,32,1,False,0.203125,1,False,0.203125,1,False,0.203125,True,False,1,0
2997,4,bar_u,98645,98638,32,1,False,0.171875,1,False,0.171875,1,False,0.171875,True,False,1,0
2998,4,bar_u,98654,98647,32,1,False,0.203125,1,False,0.203125,1,False,0.203125,True,False,1,0
2999,4,bar_u,98717,98710,32,1,False,0.203125,1,False,0.203125,1,False,0.203125,True,False,1,0
3000,4,bar_u,98780,98773,32,1,False,0.203125,1,False,0.203125,1,False,0.203125,True,False,1,0
3001,4,bar_u,98841,98834,32,1,False,0.109375,1,False,0.109375,1,False,0.109375,True,False,1,0
3002,4,bar_u,98843,98836,32,1,False,0.203125,1,False,0.203125,1,False,0.203125,True,False,1,0
3003,4,bar_u,98904,98897,32,1,False,0.109375,1,False,0.109375,1,False,0.109375,True,False,1,0
3004,4,bar_u,98906,98899,32,1,False,0.203125,1,False,0.203125,1,False,0.203125,True,False,1,0
3005,4,bar_u,98960,98953,32,1,False,0.171875,1,False,0.171875,1,False,0.171875,True,False,1,0
3006,4,bar_u,98969,98962,32,1,False,0.203125,1,False,0.203125,1,False,0.203125,True,False,1,0
3007,4,bar_u,99032,99025,32,1,False,0.203125,1,False,0.203125,1,False,0.203125,True,False,1,0
3008,4,bar_u,99095,99088,32,1,False,0.203125,1,False,0.203125,1,False,0.203125,True,False,1,0
3009,4,bar_u,99156,99149,32,1,False,0.109375,1,False,0.109375,1,False,0.109375,True,False,1,0
3010,4,bar_u,99158,99151,32,1,False,0.203125,1,False,0.203125,1,False,0.203125,True,False,1,0
3011,4,bar_u,99219,99212,32,1,False,0.109375,1,False,0.109375,1,False,0.109375,True,False,1,0
3012,4,bar_u,99221,99214,32,1,False,0.203125,1,False,0.203125,1,False,0.203125,True,False,1,0
3013,4,bar_u,99275,99268,32,1,False,0.171875,1,False,0.171875,1,False,0.171875,True,False,1,0
3014,4,bar_u,99284,99277,32,1,False,0.203125,1,False,0.203125,1,False,0.203125,True,False,1,0
3015,4,bar_u,99347,99340,32,1,False,0.203125,1,False,0.203125,1,False,0.203125,True,False,1,0
3016,4,bar_u,99410,99403,32,1,False,0.203125,1,False,0.203125,1,False,0.203125,True,False,1,0
3017,4,bar_u,99473,99466,32,1,False,0.203125,1,False,0.203125,1,False,0.203125,True,False,1,0
3018,4,bar_u,99536,99529,32,1,False,0.203125,1,False,0.203125,1,False,0.203125,True,False,1,0
3019,4,bar_u,99590,99583,32,1,False,0.171875,1,False,0.171875,1,False,0.171875,True,False,1,0
3020,4,bar_u,99599,99592,32,1,False,0.203125,1,False,0.203125,1,False,0.203125,True,False,1,0
3021,4,bar_u,99662,99655,32,1,False,0.203125,1,False,0.203125,1,False,0.203125,True,False,1,0
3022,4,bar_u,99725,99718,32,1,False,0.203125,1,False,0.203125,1,False,0.203125,True,False,1,0
3023,4,bar_u,99788,99781,32,1,False,0.203125,1,False,0.203125,1,False,0.203125,True,False,1,0
3024,4,bar_u,99851,99844,32,1,False,0.203125,1,False,0.203125,1,False,0.203125,True,False,1,0
3025,4,bar_u,99905,99898,32,1,False,0.171875,1,False,0.171875,1,False,0.171875,True,False,1,0
3026,4,bar_u,99914,99907,32,1,False,0.203125,1,False,0.203125,1,False,0.203125,True,False,1,0
3027,4,bar_u,99977,99970,32,1,False,0.203125,1,False,0.203125,1,False,0.203125,True,False,1,0
3028,4,bar_u,100040,100033,32,1,False,0.203125,1,False,0.203125,1,False,0.203125,True,False,1,0
3029,4,bar_u,100103,100096,32,1,False,0.203125,1,False,0.203125,1,False,0.203125,True,False,1,0
3030,4,bar_u,100166,100159,32,1,False,0.203125,1,False,0.203125,1,False,0.203125,True,False,1,0
3031,4,bar_u,100220,100213,32,1,False,0.171875,1,False,0.171875,1,False,0.171875,True,False,1,0
3032,4,bar_u,100229,100222,32,1,False,0.203125,1,False,0.203125,1,False,0.203125,True,False,1,0
3033,4,bar_u,100292,100285,32,1,False,0.203125,1,False,0.203125,1,False,0.203125,True,False,1,0
3034,4,bar_u,100355,100348,32,1,False,0.203125,1,False,0.203125,1,False,0.203125,True,False,1,0
3035,4,bar_u,100416,100409,32,1,False,0.109375,1,False,0.109375,1,False,0.109375,True,False,1,0
3036,4,bar_u,100418,100411,32,1,False,0.203125,1,False,0.203125,1,False,0.203125,True,False,1,0
3037,4,bar_u,100479,100472,32,1,False,0.109375,1,False,0.109375,1,False,0.109375,True,False,1,0
3038,4,bar_u,100481,100474,32,1,False,0.203125,1,False,0.203125,1,False,0.203125,True,False,1,0
3039,4,bar_u,100535,100528,32,1,False,0.171875,1,False,0.171875,1,False,0.171875,True,False,1,0
3040,4,bar_u,100544,100537,32,1,False,0.203125,1,False,0.203125,1,False,0.203125,True,False,1,0
3041,4,bar_u,100607,100600,32,1,False,0.203125,1,False,0.203125,1,False,0.203125,True,False,1,0
3042,4,bar_u,100670,100663,32,1,False,0.203125,1,False,0.203125,1,False,0.203125,True,False,1,0
3043,4,bar_u,100731,100724,32,1,False,0.109375,1,False,0.109375,1,False,0.109375,True,False,1,0
3044,4,bar_u,100733,100726,32,1,False,0.203125,1,False,0.203125,1,False,0.203125,True,False,1,0
3045,4,bar_u,100794,100787,32,1,False,0.109375,1,False,0.109375,1,False,0.109375,True,False,1,0
3046,4,bar_u,100796,100789,32,1,False,0.203125,1,False,0.203125,1,False,0.203125,True,False,1,0
3047,4,bar_u,101795,101788,32,1,False,0.171875,1,False,0.171875,1,False,0.171875,True,False,1,0
3048,4,bar_u,101804,101797,32,1,False,0.203125,1,False,0.203125,1,False,0.203125,True,False,1,0
3049,4,bar_u,101867,101860,32,1,False,0.203125,1,False,0.203125,1,False,0.203125,True,False,1,0
3050,4,bar_u,101930,101923,32,1,False,0.203125,1,False,0.203125,1,False,0.203125,True,False,1,0
3051,4,bar_u,101991,101984,32,1,False,0.109375,1,False,0.109375,1,False,0.109375,True,False,1,0
3052,4,bar_u,101993,101986,32,1,False,0.203125,1,False,0.203125,1,False,0.203125,True,False,1,0
3053,4,bar_u,102054,102047,32,1,False,0.109375,1,False,0.109375,1,False,0.109375,True,False,1,0
3054,4,bar_u,102056,102049,32,1,False,0.203125,1,False,0.203125,1,False,0.203125,True,False,1,0
3055,4,bar_u,102110,102103,32,1,False,0.171875,1,False,0.171875,1,False,0.171875,True,False,1,0
3056,4,bar_u,102119,102112,32,1,False,0.203125,1,False,0.203125,1,False,0.203125,True,False,1,0
3057,4,bar_u,102182,102175,32,1,False,0.203125,1,False,0.203125,1,False,0.203125,True,False,1,0
3058,4,bar_u,102245,102238,32,1,False,0.203125,1,False,0.203125,1,False,0.203125,True,False,1,0
3059,4,bar_u,102306,102299,32,1,False,0.109375,1,False,0.109375,1,False,0.109375,True,False,1,0
3060,4,bar_u,102308,102301,32,1,False,0.203125,1,False,0.203125,1,False,0.203125,True,False,1,0
3061,4,bar_u,102369,102362,32,1,False,0.109375,1,False,0.109375,1,False,0.109375,True,False,1,0
3062,4,bar_u,102371,102364,32,1,False,0.203125,1,False,0.203125,1,False,0.203125,True,False,1,0
3063,4,bar_u,104196,104189,32,1,False,0.109375,1,False,0.109375,1,False,0.109375,True,False,1,0
3064,4,bar_u,104259,104252,32,1,False,0.109375,1,False,0.109375,1,False,0.109375,True,False,1,0
3065,4,bar_u,104511,104504,32,1,False,0.109375,1,False,0.109375,1,False,0.109375,True,False,1,0
3066,4,bar_u,104574,104567,32,1,False,0.109375,1,False,0.109375,1,False,0.109375,True,False,1,0
3067,4,bar_u,104826,104819,32,1,False,0.109375,1,False,0.109375,1,False,0.109375,True,False,1,0
3068,4,bar_u,104889,104882,32,1,False,0.109375,1,False,0.109375,1,False,0.109375,True,False,1,0
3069,4,bar_u,105141,105134,32,1,False,0.109375,1,False,0.109375,1,False,0.109375,True,False,1,0
3070,4,bar_u,105204,105197,32,1,False,0.109375,1,False,0.109375,1,False,0.109375,True,False,1,0
3071,4,bar_u,105456,105449,32,1,False,0.109375,1,False,0.109375,1,False,0.109375,True,False,1,0
3072,4,bar_u,105519,105512,32,1,False,0.109375,1,False,0.109375,1,False,0.109375,True,False,1,0
3073,4,bar_u,105575,105568,32,1,False,0.171875,1,False,0.171875,1,False,0.171875,True,False,1,0
3074,4,bar_u,105584,105577,32,1,False,0.203125,1,False,0.203125,1,False,0.203125,True,False,1,0
3075,4,bar_u,105647,105640,32,1,False,0.203125,1,False,0.203125,1,False,0.203125,True,False,1,0
3076,4,bar_u,105710,105703,32,1,False,0.203125,1,False,0.203125,1,False,0.203125,True,False,1,0
3077,4,bar_u,105771,105764,32,1,False,0.109375,1,False,0.109375,1,False,0.109375,True,False,1,0
3078,4,bar_u,105773,105766,32,1,False,0.203125,1,False,0.203125,1,False,0.203125,True,False,1,0
3079,4,bar_u,105834,105827,32,1,False,0.109375,1,False,0.109375,1,False,0.109375,True,False,1,0
3080,4,bar_u,105836,105829,32,1,False,0.203125,1,False,0.203125,1,False,0.203125,True,False,1,0
3081,4,bar_u,105890,105883,32,1,False,0.171875,1,False,0.171875,1,False,0.171875,True,False,1,0
3082,4,bar_u,105899,105892,32,1,False,0.203125,1,False,0.203125,1,False,0.203125,True,False,1,0
3083,4,bar_u,105962,105955,32,1,False,0.203125,1,False,0.203125,1,False,0.203125,True,False,1,0
3084,4,bar_u,106025,106018,32,1,False,0.203125,1,False,0.203125,1,False,0.203125,True,False,1,0
3085,4,bar_u,106086,106079,32,1,False,0.109375,1,False,0.109375,1,False,0.109375,True,False,1,0
3086,4,bar_u,106088,106081,32,1,False,0.203125,1,False,0.203125,1,False,0.203125,True,False,1,0
3087,4,bar_u,106149,106142,32,1,False,0.109375,1,False,0.109375,1,False,0.109375,True,False,1,0
3088,4,bar_u,106151,106144,32,1,False,0.203125,1,False,0.203125,1,False,0.203125,True,False,1,0
3089,4,bar_u,106205,106198,32,1,False,0.171875,1,False,0.171875,1,False,0.171875,True,False,1,0
3090,4,bar_u,106214,106207,32,1,False,0.203125,1,False,0.203125,1,False,0.203125,True,False,1,0
3091,4,bar_u,106277,106270,32,1,False,0.203125,1,False,0.203125,1,False,0.203125,True,False,1,0
3092,4,bar_u,106340,106333,32,1,False,0.203125,1,False,0.203125,1,False,0.203125,True,False,1,0
3093,4,bar_u,106401,106394,32,1,False,0.109375,1,False,0.109375,1,False,0.109375,True,False,1,0
3094,4,bar_u,106403,106396,32,1,False,0.203125,1,False,0.203125,1,False,0.203125,True,False,1,0
3095,4,bar_u,106464,106457,32,1,False,0.109375,1,False,0.109375,1,False,0.109375,True,False,1,0
3096,4,bar_u,106466,106459,32,1,False,0.203125,1,False,0.203125,1,False,0.203125,True,False,1,0
3097,4,bar_u,106520,106513,32,1,False,0.171875,1,False,0.171875,1,False,0.171875,True,False,1,0
3098,4,bar_u,106529,106522,32,1,False,0.203125,1,False,0.203125,1,False,0.203125,True,False,1,0
3099,4,bar_u,106592,106585,32,1,False,0.203125,1,False,0.203125,1,False,0.203125,True,False,1,0
3100,4,bar_u,106655,106648,32,1,False,0.203125,1,False,0.203125,1,False,0.203125,True,False,1,0
3101,4,bar_u,106716,106709,32,1,False,0.109375,1,False,0.109375,1,False,0.109375,True,False,1,0
3102,4,bar_u,106718,106711,32,1,False,0.203125,1,False,0.203125,1,False,0.203125,True,False,1,0
3103,4,bar_u,106779,106772,32,1,False,0.109375,1,False,0.109375,1,False,0.109375,True,False,1,0
3104,4,bar_u,106781,106774,32,1,False,0.203125,1,False,0.203125,1,False,0.203125,True,False,1,0
3105,4,bar_u,106835,106828,32,1,False,0.171875,1,False,0.171875,1,False,0.171875,True,False,1,0
3106,4,bar_u,106844,106837,32,1,False,0.203125,1,False,0.203125,1,False,0.203125,True,False,1,0
3107,4,bar_u,106907,106900,32,1,False,0.203125,1,False,0.203125,1,False,0.203125,True,False,1,0
3108,4,bar_u,106970,106963,32,1,False,0.203125,1,False,0.203125,1,False,0.203125,True,False,1,0
3109,4,bar_u,107031,107024,32,1,False,0.109375,1,False,0.109375,1,False,0.109375,True,False,1,0
3110,4,bar_u,107033,107026,32,1,False,0.203125,1,False,0.203125,1,False,0.203125,True,False,1,0
3111,4,bar_u,107094,107087,32,1,False,0.109375,1,False,0.109375,1,False,0.109375,True,False,1,0
3112,4,bar_u,107096,107089,32,1,False,0.203125,1,False,0.203125,1,False,0.203125,True,False,1,0
3113,4,bar_u,107150,107143,32,1,False,0.171875,1,False,0.171875,1,False,0.171875,True,False,1,0
3114,4,bar_u,107159,107152,32,1,False,0.203125,1,False,0.203125,1,False,0.203125,True,False,1,0
3115,4,bar_u,107222,107215,32,1,False,0.203125,1,False,0.203125,1,False,0.203125,True,False,1,0
3116,4,bar_u,107285,107278,32,1,False,0.203125,1,False,0.203125,1,False,0.203125,True,False,1,0
3117,4,bar_u,107346,107339,32,1,False,0.109375,1,False,0.109375,1,False,0.109375,True,False,1,0
3118,4,bar_u,107348,107341,32,1,False,0.203125,1,False,0.203125,1,False,0.203125,True,False,1,0
3119,4,bar_u,107409,107402,32,1,False,0.109375,1,False,0.109375,1,False,0.109375,True,False,1,0
3120,4,bar_u,107411,107404,32,1,False,0.203125,1,False,0.203125,1,False,0.203125,True,False,1,0
3121,4,bar_u,107465,107458,32,1,False,0.171875,1,False,0.171875,1,False,0.171875,True,False,1,0
3122,4,bar_u,107474,107467,32,1,False,0.203125,1,False,0.203125,1,False,0.203125,True,False,1,0
3123,4,bar_u,107537,107530,32,1,False,0.203125,1,False,0.203125,1,False,0.203125,True,False,1,0
3124,4,bar_u,107600,107593,32,1,False,0.203125,1,False,0.203125,1,False,0.203125,True,False,1,0
3125,4,bar_u,107661,107654,32,1,False,0.109375,1,False,0.109375,1,False,0.109375,True,False,1,0
3126,4,bar_u,107663,107656,32,1,False,0.203125,1,False,0.203125,1,False,0.203125,True,False,1,0
3127,4,bar_u,107724,107717,32,1,False,0.109375,1,False,0.109375,1,False,0.109375,True,False,1,0
3128,4,bar_u,107726,107719,32,1,False,0.203125,1,False,0.203125,1,False,0.203125,True,False,1,0
3129,4,bar_u,107780,107773,32,1,False,0.171875,1,False,0.171875,1,False,0.171875,True,False,1,0
3130,4,bar_u,107789,107782,32,1,False,0.203125,1,False,0.203125,1,False,0.203125,True,False,1,0
3131,4,bar_u,107852,107845,32,1,False,0.203125,1,False,0.203125,1,False,0.203125,True,False,1,0
3132,4,bar_u,107915,107908,32,1,False,0.203125,1,False,0.203125,1,False,0.203125,True,False,1,0
3133,4,bar_u,107976,107969,32,1,False,0.109375,1,False,0.109375,1,False,0.109375,True,False,1,0
3134,4,bar_u,107978,107971,32,1,False,0.203125,1,False,0.203125,1,False,0.203125,True,False,1,0
3135,4,bar_u,108039,108032,32,1,False,0.109375,1,False,0.109375,1,False,0.109375,True,False,1,0
3136,4,bar_u,108041,108034,32,1,False,0.203125,1,False,0.203125,1,False,0.203125,True,False,1,0
3137,4,bar_u,108095,108088,32,1,False,0.171875,1,False,0.171875,1,False,0.171875,True,False,1,0
3138,4,bar_u,108104,108097,32,1,False,0.203125,1,False,0.203125,1,False,0.203125,True,False,1,0
3139,4,bar_u,108167,108160,32,1,False,0.203125,1,False,0.203125,1,False,0.203125,True,False,1,0
3140,4,bar_u,108230,108223,32,1,False,0.203125,1,False,0.203125,1,False,0.203125,True,False,1,0
3141,4,bar_u,108291,108284,32,1,False,0.109375,1,False,0.109375,1,False,0.109375,True,False,1,0
3142,4,bar_u,108293,108286,32,1,False,0.203125,1,False,0.203125,1,False,0.203125,True,False,1,0
3143,4,bar_u,108354,108347,32,1,False,0.109375,1,False,0.109375,1,False,0.109375,True,False,1,0
3144,4,bar_u,108356,108349,32,1,False,0.203125,1,False,0.203125,1,False,0.203125,True,False,1,0
3145,4,bar_u,108410,108403,32,1,False,0.171875,1,False,0.171875,1,False,0.171875,True,False,1,0
3146,4,bar_u,108419,108412,32,1,False,0.203125,1,False,0.203125,1,False,0.203125,True,False,1,0
3147,4,bar_u,108482,108475,32,1,False,0.203125,1,False,0.203125,1,False,0.203125,True,False,1,0
3148,4,bar_u,108545,108538,32,1,False,0.203125,1,False,0.203125,1,False,0.203125,True,False,1,0
3149,4,bar_u,108606,108599,32,1,False,0.109375,1,False,0.109375,1,False,0.109375,True,False,1,0
3150,4,bar_u,108608,108601,32,1,False,0.203125,1,False,0.203125,1,False,0.203125,True,False,1,0
3151,4,bar_u,108669,108662,32,1,False,0.109375,1,False,0.109375,1,False,0.109375,True,False,1,0
3152,4,bar_u,108671,108664,32,1,False,0.203125,1,False,0.203125,1,False,0.203125,True,False,1,0
3153,4,bar_u,108725,108718,32,1,False,0.171875,1,False,0.171875,1,False,0.171875,True,False,1,0
3154,4,bar_u,108734,108727,32,1,False,0.203125,1,False,0.203125,1,False,0.203125,True,False,1,0
3155,4,bar_u,108797,108790,32,1,False,0.203125,1,False,0.203125,1,False,0.203125,True,False,1,0
3156,4,bar_u,108860,108853,32,1,False,0.203125,1,False,0.203125,1,False,0.203125,True,False,1,0
3157,4,bar_u,108921,108914,32,1,False,0.109375,1,False,0.109375,1,False,0.109375,True,False,1,0
3158,4,bar_u,108923,108916,32,1,False,0.203125,1,False,0.203125,1,False,0.203125,True,False,1,0
3159,4,bar_u,108984,108977,32,1,False,0.109375,1,False,0.109375,1,False,0.109375,True,False,1,0
3160,4,bar_u,108986,108979,32,1,False,0.203125,1,False,0.203125,1,False,0.203125,True,False,1,0
3161,4,bar_u,109040,109033,32,1,False,0.171875,1,False,0.171875,1,False,0.171875,True,False,1,0
3162,4,bar_u,109049,109042,32,1,False,0.203125,1,False,0.203125,1,False,0.203125,True,False,1,0
3163,4,bar_u,109112,109105,32,1,False,0.203125,1,False,0.203125,1,False,0.203125,True,False,1,0
3164,4,bar_u,109175,109168,32,1,False,0.203125,1,False,0.203125,1,False,0.203125,True,False,1,0
3165,4,bar_u,109236,109229,32,1,False,0.109375,1,False,0.109375,1,False,0.109375,True,False,1,0
3166,4,bar_u,109238,109231,32,1,False,0.203125,1,False,0.203125,1,False,0.203125,True,False,1,0
3167,4,bar_u,109299,109292,32,1,False,0.109375,1,False,0.109375,1,False,0.109375,True,False,1,0
3168,4,bar_u,109301,109294,32,1,False,0.203125,1,False,0.203125,1,False,0.203125,True,False,1,0
3169,4,bar_u,109355,109348,32,1,False,0.171875,1,False,0.171875,1,False,0.171875,True,False,1,0
3170,4,bar_u,109364,109357,32,1,False,0.203125,1,False,0.203125,1,False,0.203125,True,False,1,0
3171,4,bar_u,109427,109420,32,1,False,0.203125,1,False,0.203125,1,False,0.203125,True,False,1,0
3172,4,bar_u,109490,109483,32,1,False,0.203125,1,False,0.203125,1,False,0.203125,True,False,1,0
3173,4,bar_u,109551,109544,32,1,False,0.109375,1,False,0.109375,1,False,0.109375,True,False,1,0
3174,4,bar_u,109553,109546,32,1,False,0.203125,1,False,0.203125,1,False,0.203125,True,False,1,0
3175,4,bar_u,109614,109607,32,1,False,0.109375,1,False,0.109375,1,False,0.109375,True,False,1,0
3176,4,bar_u,109616,109609,32,1,False,0.203125,1,False,0.203125,1,False,0.203125,True,False,1,0
3177,4,bar_u,109670,109663,32,1,False,0.171875,1,False,0.171875,1,False,0.171875,True,False,1,0
3178,4,bar_u,109679,109672,32,1,False,0.203125,1,False,0.203125,1,False,0.203125,True,False,1,0
3179,4,bar_u,109742,109735,32,1,False,0.203125,1,False,0.203125,1,False,0.203125,True,False,1,0
3180,4,bar_u,109805,109798,32,1,False,0.203125,1,False,0.203125,1,False,0.203125,True,False,1,0
3181,4,bar_u,109866,109859,32,1,False,0.109375,1,False,0.109375,1,False,0.109375,True,False,1,0
3182,4,bar_u,109868,109861,32,1,False,0.203125,1,False,0.203125,1,False,0.203125,True,False,1,0
3183,4,bar_u,109929,109922,32,1,False,0.109375,1,False,0.109375,1,False,0.109375,True,False,1,0
3184,4,bar_u,109931,109924,32,1,False,0.203125,1,False,0.203125,1,False,0.203125,True,False,1,0
3185,4,bar_u,109985,109978,32,1,False,0.171875,1,False,0.171875,1,False,0.171875,True,False,1,0
3186,4,bar_u,109994,109987,32,1,False,0.203125,1,False,0.203125,1,False,0.203125,True,False,1,0
3187,4,bar_u,110057,110050,32,1,False,0.203125,1,False,0.203125,1,False,0.203125,True,False,1,0
3188,4,bar_u,110120,110113,32,1,False,0.203125,1,False,0.203125,1,False,0.203125,True,False,1,0
3189,4,bar_u,110181,110174,32,1,False,0.109375,1,False,0.109375,1,False,0.109375,True,False,1,0
3190,4,bar_u,110183,110176,32,1,False,0.203125,1,False,0.203125,1,False,0.203125,True,False,1,0
3191,4,bar_u,110244,110237,32,1,False,0.109375,1,False,0.109375,1,False,0.109375,True,False,1,0
3192,4,bar_u,110246,110239,32,1,False,0.203125,1,False,0.203125,1,False,0.203125,True,False,1,0
3193,4,bar_u,110300,110293,32,1,False,0.171875,1,False,0.171875,1,False,0.171875,True,False,1,0
3194,4,bar_u,110309,110302,32,1,False,0.203125,1,False,0.203125,1,False,0.203125,True,False,1,0
3195,4,bar_u,110372,110365,32,1,False,0.203125,1,False,0.203125,1,False,0.203125,True,False,1,0
3196,4,bar_u,110435,110428,32,1,False,0.203125,1,False,0.203125,1,False,0.203125,True,False,1,0
3197,4,bar_u,110496,110489,32,1,False,0.109375,1,False,0.109375,1,False,0.109375,True,False,1,0
3198,4,bar_u,110498,110491,32,1,False,0.203125,1,False,0.203125,1,False,0.203125,True,False,1,0
3199,4,bar_u,110559,110552,32,1,False,0.109375,1,False,0.109375,1,False,0.109375,True,False,1,0
3200,4,bar_u,110561,110554,32,1,False,0.203125,1,False,0.203125,1,False,0.203125,True,False,1,0
3201,4,bar_u,110615,110608,32,1,False,0.171875,1,False,0.171875,1,False,0.171875,True,False,1,0
3202,4,bar_u,110624,110617,32,1,False,0.203125,1,False,0.203125,1,False,0.203125,True,False,1,0
3203,4,bar_u,110687,110680,32,1,False,0.203125,1,False,0.203125,1,False,0.203125,True,False,1,0
3204,4,bar_u,110750,110743,32,1,False,0.203125,1,False,0.203125,1,False,0.203125,True,False,1,0
3205,4,bar_u,110811,110804,32,1,False,0.109375,1,False,0.109375,1,False,0.109375,True,False,1,0
3206,4,bar_u,110813,110806,32,1,False,0.203125,1,False,0.203125,1,False,0.203125,True,False,1,0
3207,4,bar_u,110874,110867,32,1,False,0.109375,1,False,0.109375,1,False,0.109375,True,False,1,0
3208,4,bar_u,110876,110869,32,1,False,0.203125,1,False,0.203125,1,False,0.203125,True,False,1,0
3209,4,bar_u,110930,110923,32,1,False,0.171875,1,False,0.171875,1,False,0.171875,True,False,1,0
3210,4,bar_u,110939,110932,32,1,False,0.203125,1,False,0.203125,1,False,0.203125,True,False,1,0
3211,4,bar_u,111002,110995,32,1,False,0.203125,1,False,0.203125,1,False,0.203125,True,False,1,0
3212,4,bar_u,111065,111058,32,1,False,0.203125,1,False,0.203125,1,False,0.203125,True,False,1,0
3213,4,bar_u,111126,111119,32,1,False,0.109375,1,False,0.109375,1,False,0.109375,True,False,1,0
3214,4,bar_u,111128,111121,32,1,False,0.203125,1,False,0.203125,1,False,0.203125,True,False,1,0
3215,4,bar_u,111189,111182,32,1,False,0.109375,1,False,0.109375,1,False,0.109375,True,False,1,0
3216,4,bar_u,111191,111184,32,1,False,0.203125,1,False,0.203125,1,False,0.203125,True,False,1,0
3217,4,bar_u,111245,111238,32,1,False,0.171875,1,False,0.171875,1,False,0.171875,True,False,1,0
3218,4,bar_u,111254,111247,32,1,False,0.203125,1,False,0.203125,1,False,0.203125,True,False,1,0
3219,4,bar_u,111317,111310,32,1,False,0.203125,1,False,0.203125,1,False,0.203125,True,False,1,0
3220,4,bar_u,111380,111373,32,1,False,0.203125,1,False,0.203125,1,False,0.203125,True,False,1,0
3221,4,bar_u,111441,111434,32,1,False,0.109375,1,False,0.109375,1,False,0.109375,True,False,1,0
3222,4,bar_u,111443,111436,32,1,False,0.203125,1,False,0.203125,1,False,0.203125,True,False,1,0
3223,4,bar_u,111504,111497,32,1,False,0.109375,1,False,0.109375,1,False,0.109375,True,False,1,0
3224,4,bar_u,111506,111499,32,1,False,0.203125,1,False,0.203125,1,False,0.203125,True,False,1,0
3225,4,bar_u,111560,111553,32,1,False,0.171875,1,False,0.171875,1,False,0.171875,True,False,1,0
3226,4,bar_u,111569,111562,32,1,False,0.203125,1,False,0.203125,1,False,0.203125,True,False,1,0
3227,4,bar_u,111632,111625,32,1,False,0.203125,1,False,0.203125,1,False,0.203125,True,False,1,0
3228,4,bar_u,111695,111688,32,1,False,0.203125,1,False,0.203125,1,False,0.203125,True,False,1,0
3229,4,bar_u,111756,111749,32,1,False,0.109375,1,False,0.109375,1,False,0.109375,True,False,1,0
3230,4,bar_u,111758,111751,32,1,False,0.203125,1,False,0.203125,1,False,0.203125,True,False,1,0
3231,4,bar_u,111819,111812,32,1,False,0.109375,1,False,0.109375,1,False,0.109375,True,False,1,0
3232,4,bar_u,111821,111814,32,1,False,0.203125,1,False,0.203125,1,False,0.203125,True,False,1,0
3233,4,bar_u,111875,111868,32,1,False,0.171875,1,False,0.171875,1,False,0.171875,True,False,1,0
3234,4,bar_u,111884,111877,32,1,False,0.203125,1,False,0.203125,1,False,0.203125,True,False,1,0
3235,4,bar_u,111947,111940,32,1,False,0.203125,1,False,0.203125,1,False,0.203125,True,False,1,0
3236,4,bar_u,112010,112003,32,1,False,0.203125,1,False,0.203125,1,False,0.203125,True,False,1,0
3237,4,bar_u,112071,112064,32,1,False,0.109375,1,False,0.109375,1,False,0.109375,True,False,1,0
3238,4,bar_u,112073,112066,32,1,False,0.203125,1,False,0.203125,1,False,0.203125,True,False,1,0
3239,4,bar_u,112134,112127,32,1,False,0.109375,1,False,0.109375,1,False,0.109375,True,False,1,0
3240,4,bar_u,112136,112129,32,1,False,0.203125,1,False,0.203125,1,False,0.203125,True,False,1,0
3241,4,bar_u,112190,112183,32,1,False,0.171875,1,False,0.171875,1,False,0.171875,True,False,1,0
3242,4,bar_u,112199,112192,32,1,False,0.203125,1,False,0.203125,1,False,0.203125,True,False,1,0
3243,4,bar_u,112262,112255,32,1,False,0.203125,1,False,0.203125,1,False,0.203125,True,False,1,0
3244,4,bar_u,112325,112318,32,1,False,0.203125,1,False,0.203125,1,False,0.203125,True,False,1,0
3245,4,bar_u,112386,112379,32,1,False,0.109375,1,False,0.109375,1,False,0.109375,True,False,1,0
3246,4,bar_u,112388,112381,32,1,False,0.203125,1,False,0.203125,1,False,0.203125,True,False,1,0
3247,4,bar_u,112449,112442,32,1,False,0.109375,1,False,0.109375,1,False,0.109375,True,False,1,0
3248,4,bar_u,112451,112444,32,1,False,0.203125,1,False,0.203125,1,False,0.203125,True,False,1,0
3249,4,bar_u,112505,112498,32,1,False,0.171875,1,False,0.171875,1,False,0.171875,True,False,1,0
3250,4,bar_u,112514,112507,32,1,False,0.203125,1,False,0.203125,1,False,0.203125,True,False,1,0
3251,4,bar_u,112577,112570,32,1,False,0.203125,1,False,0.203125,1,False,0.203125,True,False,1,0
3252,4,bar_u,112640,112633,32,1,False,0.203125,1,False,0.203125,1,False,0.203125,True,False,1,0
3253,4,bar_u,112701,112694,32,1,False,0.109375,1,False,0.109375,1,False,0.109375,True,False,1,0
3254,4,bar_u,112703,112696,32,1,False,0.203125,1,False,0.203125,1,False,0.203125,True,False,1,0
3255,4,bar_u,112764,112757,32,1,False,0.109375,1,False,0.109375,1,False,0.109375,True,False,1,0
3256,4,bar_u,112766,112759,32,1,False,0.203125,1,False,0.203125,1,False,0.203125,True,False,1,0
3257,4,bar_u,112820,112813,32,1,False,0.171875,1,False,0.171875,1,False,0.171875,True,False,1,0
3258,4,bar_u,112829,112822,32,1,False,0.203125,1,False,0.203125,1,False,0.203125,True,False,1,0
3259,4,bar_u,112892,112885,32,1,False,0.203125,1,False,0.203125,1,False,0.203125,True,False,1,0
3260,4,bar_u,112955,112948,32,1,False,0.203125,1,False,0.203125,1,False,0.203125,True,False,1,0
3261,4,bar_u,113016,113009,32,1,False,0.109375,1,False,0.109375,1,False,0.109375,True,False,1,0
3262,4,bar_u,113018,113011,32,1,False,0.203125,1,False,0.203125,1,False,0.203125,True,False,1,0
3263,4,bar_u,113079,113072,32,1,False,0.109375,1,False,0.109375,1,False,0.109375,True,False,1,0
3264,4,bar_u,113081,113074,32,1,False,0.203125,1,False,0.203125,1,False,0.203125,True,False,1,0
3265,4,bar_u,113135,113128,32,1,False,0.171875,1,False,0.171875,1,False,0.171875,True,False,1,0
3266,4,bar_u,113144,113137,32,1,False,0.203125,1,False,0.203125,1,False,0.203125,True,False,1,0
3267,4,bar_u,113207,113200,32,1,False,0.203125,1,False,0.203125,1,False,0.203125,True,False,1,0
3268,4,bar_u,113270,113263,32,1,False,0.203125,1,False,0.203125,1,False,0.203125,True,False,1,0
3269,4,bar_u,113331,113324,32,1,False,0.109375,1,False,0.109375,1,False,0.109375,True,False,1,0
3270,4,bar_u,113333,113326,32,1,False,0.203125,1,False,0.203125,1,False,0.203125,True,False,1,0
3271,4,bar_u,113394,113387,32,1,False,0.109375,1,False,0.109375,1,False,0.109375,True,False,1,0
3272,4,bar_u,113396,113389,32,1,False,0.203125,1,False,0.203125,1,False,0.203125,True,False,1,0
3273,4,bar_u,113450,113443,32,1,False,0.171875,1,False,0.171875,1,False,0.171875,True,False,1,0
3274,4,bar_u,113459,113452,32,1,False,0.203125,1,False,0.203125,1,False,0.203125,True,False,1,0
3275,4,bar_u,113522,113515,32,1,False,0.203125,1,False,0.203125,1,False,0.203125,True,False,1,0
3276,4,bar_u,113585,113578,32,1,False,0.203125,1,False,0.203125,1,False,0.203125,True,False,1,0
3277,4,bar_u,113646,113639,32,1,False,0.109375,1,False,0.109375,1,False,0.109375,True,False,1,0
3278,4,bar_u,113648,113641,32,1,False,0.203125,1,False,0.203125,1,False,0.203125,True,False,1,0
3279,4,bar_u,113709,113702,32,1,False,0.109375,1,False,0.109375,1,False,0.109375,True,False,1,0
3280,4,bar_u,113711,113704,32,1,False,0.203125,1,False,0.203125,1,False,0.203125,True,False,1,0
3281,4,bar_u,113765,113758,32,1,False,0.171875,1,False,0.171875,1,False,0.171875,True,False,1,0
3282,4,bar_u,113774,113767,32,1,False,0.203125,1,False,0.203125,1,False,0.203125,True,False,1,0
3283,4,bar_u,113837,113830,32,1,False,0.203125,1,False,0.203125,1,False,0.203125,True,False,1,0
3284,4,bar_u,113900,113893,32,1,False,0.203125,1,False,0.203125,1,False,0.203125,True,False,1,0
3285,4,bar_u,113961,113954,32,1,False,0.109375,1,False,0.109375,1,False,0.109375,True,False,1,0
3286,4,bar_u,113963,113956,32,1,False,0.203125,1,False,0.203125,1,False,0.203125,True,False,1,0
3287,4,bar_u,114024,114017,32,1,False,0.109375,1,False,0.109375,1,False,0.109375,True,False,1,0
3288,4,bar_u,114026,114019,32,1,False,0.203125,1,False,0.203125,1,False,0.203125,True,False,1,0
3289,4,bar_u,114080,114073,32,1,False,0.171875,1,False,0.171875,1,False,0.171875,True,False,1,0
3290,4,bar_u,114089,114082,32,1,False,0.203125,1,False,0.203125,1,False,0.203125,True,False,1,0
3291,4,bar_u,114152,114145,32,1,False,0.203125,1,False,0.203125,1,False,0.203125,True,False,1,0
3292,4,bar_u,114215,114208,32,1,False,0.203125,1,False,0.203125,1,False,0.203125,True,False,1,0
3293,4,bar_u,114276,114269,32,1,False,0.109375,1,False,0.109375,1,False,0.109375,True,False,1,0
3294,4,bar_u,114278,114271,32,1,False,0.203125,1,False,0.203125,1,False,0.203125,True,False,1,0
3295,4,bar_u,114339,114332,32,1,False,0.109375,1,False,0.109375,1,False,0.109375,True,False,1,0
3296,4,bar_u,114341,114334,32,1,False,0.203125,1,False,0.203125,1,False,0.203125,True,False,1,0
3297,4,bar_u,114395,114388,32,1,False,0.171875,1,False,0.171875,1,False,0.171875,True,False,1,0
3298,4,bar_u,114404,114397,32,1,False,0.203125,1,False,0.203125,1,False,0.203125,True,False,1,0
3299,4,bar_u,114467,114460,32,1,False,0.203125,1,False,0.203125,1,False,0.203125,True,False,1,0
3300,4,bar_u,114530,114523,32,1,False,0.203125,1,False,0.203125,1,False,0.203125,True,False,1,0
3301,4,bar_u,114591,114584,32,1,False,0.109375,1,False,0.109375,1,False,0.109375,True,False,1,0
3302,4,bar_u,114593,114586,32,1,False,0.203125,1,False,0.203125,1,False,0.203125,True,False,1,0
3303,4,bar_u,114654,114647,32,1,False,0.109375,1,False,0.109375,1,False,0.109375,True,False,1,0
3304,4,bar_u,114656,114649,32,1,False,0.203125,1,False,0.203125,1,False,0.203125,True,False,1,0
3305,4,bar_u,114710,114703,32,1,False,0.171875,1,False,0.171875,1,False,0.171875,True,False,1,0
3306,4,bar_u,114719,114712,32,1,False,0.203125,1,False,0.203125,1,False,0.203125,True,False,1,0
3307,4,bar_u,114782,114775,32,1,False,0.203125,1,False,0.203125,1,False,0.203125,True,False,1,0
3308,4,bar_u,114845,114838,32,1,False,0.203125,1,False,0.203125,1,False,0.203125,True,False,1,0
3309,4,bar_u,114906,114899,32,1,False,0.109375,1,False,0.109375,1,False,0.109375,True,False,1,0
3310,4,bar_u,114908,114901,32,1,False,0.203125,1,False,0.203125,1,False,0.203125,True,False,1,0
3311,4,bar_u,114969,114962,32,1,False,0.109375,1,False,0.109375,1,False,0.109375,True,False,1,0
3312,4,bar_u,114971,114964,32,1,False,0.203125,1,False,0.203125,1,False,0.203125,True,False,1,0
3313,4,bar_u,115025,115018,32,1,False,0.171875,1,False,0.171875,1,False,0.171875,True,False,1,0
3314,4,bar_u,115034,115027,32,1,False,0.203125,1,False,0.203125,1,False,0.203125,True,False,1,0
3315,4,bar_u,115097,115090,32,1,False,0.203125,1,False,0.203125,1,False,0.203125,True,False,1,0
3316,4,bar_u,115160,115153,32,1,False,0.203125,1,False,0.203125,1,False,0.203125,True,False,1,0
3317,4,bar_u,115221,115214,32,1,False,0.109375,1,False,0.109375,1,False,0.109375,True,False,1,0
3318,4,bar_u,115223,115216,32,1,False,0.203125,1,False,0.203125,1,False,0.203125,True,False,1,0
3319,4,bar_u,115284,115277,32,1,False,0.109375,1,False,0.109375,1,False,0.109375,True,False,1,0
3320,4,bar_u,115286,115279,32,1,False,0.203125,1,False,0.203125,1,False,0.203125,True,False,1,0
3321,4,bar_u,115340,115333,32,1,False,0.171875,1,False,0.171875,1,False,0.171875,True,False,1,0
3322,4,bar_u,115349,115342,32,1,False,0.203125,1,False,0.203125,1,False,0.203125,True,False,1,0
3323,4,bar_u,115412,115405,32,1,False,0.203125,1,False,0.203125,1,False,0.203125,True,False,1,0
3324,4,bar_u,115475,115468,32,1,False,0.203125,1,False,0.203125,1,False,0.203125,True,False,1,0
3325,4,bar_u,115536,115529,32,1,False,0.109375,1,False,0.109375,1,False,0.109375,True,False,1,0
3326,4,bar_u,115538,115531,32,1,False,0.203125,1,False,0.203125,1,False,0.203125,True,False,1,0
3327,4,bar_u,115599,115592,32,1,False,0.109375,1,False,0.109375,1,False,0.109375,True,False,1,0
3328,4,bar_u,115601,115594,32,1,False,0.203125,1,False,0.203125,1,False,0.203125,True,False,1,0
3329,4,bar_u,115655,115648,32,1,False,0.171875,1,False,0.171875,1,False,0.171875,True,False,1,0
3330,4,bar_u,115664,115657,32,1,False,0.203125,1,False,0.203125,1,False,0.203125,True,False,1,0
3331,4,bar_u,115727,115720,32,1,False,0.203125,1,False,0.203125,1,False,0.203125,True,False,1,0
3332,4,bar_u,115790,115783,32,1,False,0.203125,1,False,0.203125,1,False,0.203125,True,False,1,0
3333,4,bar_u,115851,115844,32,1,False,0.109375,1,False,0.109375,1,False,0.109375,True,False,1,0
3334,4,bar_u,115853,115846,32,1,False,0.203125,1,False,0.203125,1,False,0.203125,True,False,1,0
3335,4,bar_u,115914,115907,32,1,False,0.109375,1,False,0.109375,1,False,0.109375,True,False,1,0
3336,4,bar_u,115916,115909,32,1,False,0.203125,1,False,0.203125,1,False,0.203125,True,False,1,0
3337,4,bar_u,115970,115963,32,1,False,0.171875,1,False,0.171875,1,False,0.171875,True,False,1,0
3338,4,bar_u,115979,115972,32,1,False,0.203125,1,False,0.203125,1,False,0.203125,True,False,1,0
3339,4,bar_u,116042,116035,32,1,False,0.203125,1,False,0.203125,1,False,0.203125,True,False,1,0
3340,4,bar_u,116105,116098,32,1,False,0.203125,1,False,0.203125,1,False,0.203125,True,False,1,0
3341,4,bar_u,116166,116159,32,1,False,0.109375,1,False,0.109375,1,False,0.109375,True,False,1,0
3342,4,bar_u,116168,116161,32,1,False,0.203125,1,False,0.203125,1,False,0.203125,True,False,1,0
3343,4,bar_u,116229,116222,32,1,False,0.109375,1,False,0.109375,1,False,0.109375,True,False,1,0
3344,4,bar_u,116231,116224,32,1,False,0.203125,1,False,0.203125,1,False,0.203125,True,False,1,0
3345,4,bar_u,116285,116278,32,1,False,0.171875,1,False,0.171875,1,False,0.171875,True,False,1,0
3346,4,bar_u,116294,116287,32,1,False,0.203125,1,False,0.203125,1,False,0.203125,True,False,1,0
3347,4,bar_u,116357,116350,32,1,False,0.203125,1,False,0.203125,1,False,0.203125,True,False,1,0
3348,4,bar_u,116420,116413,32,1,False,0.203125,1,False,0.203125,1,False,0.203125,True,False,1,0
3349,4,bar_u,116481,116474,32,1,False,0.109375,1,False,0.109375,1,False,0.109375,True,False,1,0
3350,4,bar_u,116483,116476,32,1,False,0.203125,1,False,0.203125,1,False,0.203125,True,False,1,0
3351,4,bar_u,116544,116537,32,1,False,0.109375,1,False,0.109375,1,False,0.109375,True,False,1,0
3352,4,bar_u,116546,116539,32,1,False,0.203125,1,False,0.203125,1,False,0.203125,True,False,1,0
3353,4,bar_u,116600,116593,32,1,False,0.171875,1,False,0.171875,1,False,0.171875,True,False,1,0
3354,4,bar_u,116609,116602,32,1,False,0.203125,1,False,0.203125,1,False,0.203125,True,False,1,0
3355,4,bar_u,116672,116665,32,1,False,0.203125,1,False,0.203125,1,False,0.203125,True,False,1,0
3356,4,bar_u,116735,116728,32,1,False,0.203125,1,False,0.203125,1,False,0.203125,True,False,1,0
3357,4,bar_u,116796,116789,32,1,False,0.109375,1,False,0.109375,1,False,0.109375,True,False,1,0
3358,4,bar_u,116798,116791,32,1,False,0.203125,1,False,0.203125,1,False,0.203125,True,False,1,0
3359,4,bar_u,116859,116852,32,1,False,0.109375,1,False,0.109375,1,False,0.109375,True,False,1,0
3360,4,bar_u,116861,116854,32,1,False,0.203125,1,False,0.203125,1,False,0.203125,True,False,1,0
3361,4,bar_u,116915,116908,32,1,False,0.171875,1,False,0.171875,1,False,0.171875,True,False,1,0
3362,4,bar_u,116924,116917,32,1,False,0.203125,1,False,0.203125,1,False,0.203125,True,False,1,0
3363,4,bar_u,116987,116980,32,1,False,0.203125,1,False,0.203125,1,False,0.203125,True,False,1,0
3364,4,bar_u,117050,117043,32,1,False,0.203125,1,False,0.203125,1,False,0.203125,True,False,1,0
3365,4,bar_u,117111,117104,32,1,False,0.109375,1,False,0.109375,1,False,0.109375,True,False,1,0
3366,4,bar_u,117113,117106,32,1,False,0.203125,1,False,0.203125,1,False,0.203125,True,False,1,0
3367,4,bar_u,117174,117167,32,1,False,0.109375,1,False,0.109375,1,False,0.109375,True,False,1,0
3368,4,bar_u,117176,117169,32,1,False,0.203125,1,False,0.203125,1,False,0.203125,True,False,1,0
3369,4,bar_u,117230,117223,32,1,False,0.171875,1,False,0.171875,1,False,0.171875,True,False,1,0
3370,4,bar_u,117239,117232,32,1,False,0.203125,1,False,0.203125,1,False,0.203125,True,False,1,0
3371,4,bar_u,117302,117295,32,1,False,0.203125,1,False,0.203125,1,False,0.203125,True,False,1,0
3372,4,bar_u,117365,117358,32,1,False,0.203125,1,False,0.203125,1,False,0.203125,True,False,1,0
3373,4,bar_u,117426,117419,32,1,False,0.109375,1,False,0.109375,1,False,0.109375,True,False,1,0
3374,4,bar_u,117428,117421,32,1,False,0.203125,1,False,0.203125,1,False,0.203125,True,False,1,0
3375,4,bar_u,117489,117482,32,1,False,0.109375,1,False,0.109375,1,False,0.109375,True,False,1,0
3376,4,bar_u,117491,117484,32,1,False,0.203125,1,False,0.203125,1,False,0.203125,True,False,1,0
3377,4,bar_u,117545,117538,32,1,False,0.171875,1,False,0.171875,1,False,0.171875,True,False,1,0
3378,4,bar_u,117554,117547,32,1,False,0.203125,1,False,0.203125,1,False,0.203125,True,False,1,0
3379,4,bar_u,117617,117610,32,1,False,0.203125,1,False,0.203125,1,False,0.203125,True,False,1,0
3380,4,bar_u,117680,117673,32,1,False,0.203125,1,False,0.203125,1,False,0.203125,True,False,1,0
3381,4,bar_u,117741,117734,32,1,False,0.109375,1,False,0.109375,1,False,0.109375,True,False,1,0
3382,4,bar_u,117743,117736,32,1,False,0.203125,1,False,0.203125,1,False,0.203125,True,False,1,0
3383,4,bar_u,117804,117797,32,1,False,0.109375,1,False,0.109375,1,False,0.109375,True,False,1,0
3384,4,bar_u,117806,117799,32,1,False,0.203125,1,False,0.203125,1,False,0.203125,True,False,1,0
3385,4,bar_u,117860,117853,32,1,False,0.171875,1,False,0.171875,1,False,0.171875,True,False,1,0
3386,4,bar_u,117869,117862,32,1,False,0.203125,1,False,0.203125,1,False,0.203125,True,False,1,0
3387,4,bar_u,117932,117925,32,1,False,0.203125,1,False,0.203125,1,False,0.203125,True,False,1,0
3388,4,bar_u,117995,117988,32,1,False,0.203125,1,False,0.203125,1,False,0.203125,True,False,1,0
3389,4,bar_u,118056,118049,32,1,False,0.109375,1,False,0.109375,1,False,0.109375,True,False,1,0
3390,4,bar_u,118058,118051,32,1,False,0.203125,1,False,0.203125,1,False,0.203125,True,False,1,0
3391,4,bar_u,118119,118112,32,1,False,0.109375,1,False,0.109375,1,False,0.109375,True,False,1,0
3392,4,bar_u,118121,118114,32,1,False,0.203125,1,False,0.203125,1,False,0.203125,True,False,1,0
3393,4,bar_u,118175,118168,32,1,False,0.171875,1,False,0.171875,1,False,0.171875,True,False,1,0
3394,4,bar_u,118184,118177,32,1,False,0.203125,1,False,0.203125,1,False,0.203125,True,False,1,0
3395,4,bar_u,118247,118240,32,1,False,0.203125,1,False,0.203125,1,False,0.203125,True,False,1,0
3396,4,bar_u,118310,118303,32,1,False,0.203125,1,False,0.203125,1,False,0.203125,True,False,1,0
3397,4,bar_u,118371,118364,32,1,False,0.109375,1,False,0.109375,1,False,0.109375,True,False,1,0
3398,4,bar_u,118373,118366,32,1,False,0.203125,1,False,0.203125,1,False,0.203125,True,False,1,0
3399,4,bar_u,118434,118427,32,1,False,0.109375,1,False,0.109375,1,False,0.109375,True,False,1,0
3400,4,bar_u,118436,118429,32,1,False,0.203125,1,False,0.203125,1,False,0.203125,True,False,1,0
3401,4,bar_u,118490,118483,32,1,False,0.171875,1,False,0.171875,1,False,0.171875,True,False,1,0
3402,4,bar_u,118499,118492,32,1,False,0.203125,1,False,0.203125,1,False,0.203125,True,False,1,0
3403,4,bar_u,118562,118555,32,1,False,0.203125,1,False,0.203125,1,False,0.203125,True,False,1,0
3404,4,bar_u,118625,118618,32,1,False,0.203125,1,False,0.203125,1,False,0.203125,True,False,1,0
3405,4,bar_u,118686,118679,32,1,False,0.109375,1,False,0.109375,1,False,0.109375,True,False,1,0
3406,4,bar_u,118688,118681,32,1,False,0.203125,1,False,0.203125,1,False,0.203125,True,False,1,0
3407,4,bar_u,118749,118742,32,1,False,0.109375,1,False,0.109375,1,False,0.109375,True,False,1,0
3408,4,bar_u,118751,118744,32,1,False,0.203125,1,False,0.203125,1,False,0.203125,True,False,1,0
3409,4,bar_u,118805,118798,32,1,False,0.171875,1,False,0.171875,1,False,0.171875,True,False,1,0
3410,4,bar_u,118814,118807,32,1,False,0.203125,1,False,0.203125,1,False,0.203125,True,False,1,0
3411,4,bar_u,118877,118870,32,1,False,0.203125,1,False,0.203125,1,False,0.203125,True,False,1,0
3412,4,bar_u,118940,118933,32,1,False,0.203125,1,False,0.203125,1,False,0.203125,True,False,1,0
3413,4,bar_u,119001,118994,32,1,False,0.109375,1,False,0.109375,1,False,0.109375,True,False,1,0
3414,4,bar_u,119003,118996,32,1,False,0.203125,1,False,0.203125,1,False,0.203125,True,False,1,0
3415,4,bar_u,119064,119057,32,1,False,0.109375,1,False,0.109375,1,False,0.109375,True,False,1,0
3416,4,bar_u,119066,119059,32,1,False,0.203125,1,False,0.203125,1,False,0.203125,True,False,1,0
3417,4,bar_u,119120,119113,32,1,False,0.171875,1,False,0.171875,1,False,0.171875,True,False,1,0
3418,4,bar_u,119129,119122,32,1,False,0.203125,1,False,0.203125,1,False,0.203125,True,False,1,0
3419,4,bar_u,119192,119185,32,1,False,0.203125,1,False,0.203125,1,False,0.203125,True,False,1,0
3420,4,bar_u,119255,119248,32,1,False,0.203125,1,False,0.203125,1,False,0.203125,True,False,1,0
3421,4,bar_u,119316,119309,32,1,False,0.109375,1,False,0.109375,1,False,0.109375,True,False,1,0
3422,4,bar_u,119318,119311,32,1,False,0.203125,1,False,0.203125,1,False,0.203125,True,False,1,0
3423,4,bar_u,119379,119372,32,1,False,0.109375,1,False,0.109375,1,False,0.109375,True,False,1,0
3424,4,bar_u,119381,119374,32,1,False,0.203125,1,False,0.203125,1,False,0.203125,True,False,1,0
3425,4,bar_u,119435,119428,32,1,False,0.171875,1,False,0.171875,1,False,0.171875,True,False,1,0
3426,4,bar_u,119444,119437,32,1,False,0.203125,1,False,0.203125,1,False,0.203125,True,False,1,0
3427,4,bar_u,119507,119500,32,1,False,0.203125,1,False,0.203125,1,False,0.203125,True,False,1,0
3428,4,bar_u,119570,119563,32,1,False,0.203125,1,False,0.203125,1,False,0.203125,True,False,1,0
3429,4,bar_u,119631,119624,32,1,False,0.109375,1,False,0.109375,1,False,0.109375,True,False,1,0
3430,4,bar_u,119633,119626,32,1,False,0.203125,1,False,0.203125,1,False,0.203125,True,False,1,0
3431,4,bar_u,119694,119687,32,1,False,0.109375,1,False,0.109375,1,False,0.109375,True,False,1,0
3432,4,bar_u,119696,119689,32,1,False,0.203125,1,False,0.203125,1,False,0.203125,True,False,1,0
3433,4,bar_u,119750,119743,32,1,False,0.171875,1,False,0.171875,1,False,0.171875,True,False,1,0
3434,4,bar_u,119759,119752,32,1,False,0.203125,1,False,0.203125,1,False,0.203125,True,False,1,0
3435,4,bar_u,119822,119815,32,1,False,0.203125,1,False,0.203125,1,False,0.203125,True,False,1,0
3436,4,bar_u,119885,119878,32,1,False,0.203125,1,False,0.203125,1,False,0.203125,True,False,1,0
3437,4,bar_u,119946,119939,32,1,False,0.109375,1,False,0.109375,1,False,0.109375,True,False,1,0
3438,4,bar_u,119948,119941,32,1,False,0.203125,1,False,0.203125,1,False,0.203125,True,False,1,0
3439,4,bar_u,120009,120002,32,1,False,0.109375,1,False,0.109375,1,False,0.109375,True,False,1,0
3440,4,bar_u,120011,120004,32,1,False,0.203125,1,False,0.203125,1,False,0.203125,True,False,1,0
3441,4,bar_u,120065,120058,32,1,False,0.171875,1,False,0.171875,1,False,0.171875,True,False,1,0
3442,4,bar_u,120074,120067,32,1,False,0.203125,1,False,0.203125,1,False,0.203125,True,False,1,0
3443,4,bar_u,120137,120130,32,1,False,0.203125,1,False,0.203125,1,False,0.203125,True,False,1,0
3444,4,bar_u,120200,120193,32,1,False,0.203125,1,False,0.203125,1,False,0.203125,True,False,1,0
3445,4,bar_u,120261,120254,32,1,False,0.109375,1,False,0.109375,1,False,0.109375,True,False,1,0
3446,4,bar_u,120263,120256,32,1,False,0.203125,1,False,0.203125,1,False,0.203125,True,False,1,0
3447,4,bar_u,120324,120317,32,1,False,0.109375,1,False,0.109375,1,False,0.109375,True,False,1,0
3448,4,bar_u,120326,120319,32,1,False,0.203125,1,False,0.203125,1,False,0.203125,True,False,1,0
3449,4,bar_u,120380,120373,32,1,False,0.171875,1,False,0.171875,1,False,0.171875,True,False,1,0
3450,4,bar_u,120389,120382,32,1,False,0.203125,1,False,0.203125,1,False,0.203125,True,False,1,0
3451,4,bar_u,120452,120445,32,1,False,0.203125,1,False,0.203125,1,False,0.203125,True,False,1,0
3452,4,bar_u,120515,120508,32,1,False,0.203125,1,False,0.203125,1,False,0.203125,True,False,1,0
3453,4,bar_u,120576,120569,32,1,False,0.109375,1,False,0.109375,1,False,0.109375,True,False,1,0
3454,4,bar_u,120578,120571,32,1,False,0.203125,1,False,0.203125,1,False,0.203125,True,False,1,0
3455,4,bar_u,120639,120632,32,1,False,0.109375,1,False,0.109375,1,False,0.109375,True,False,1,0
3456,4,bar_u,120641,120634,32,1,False,0.203125,1,False,0.203125,1,False,0.203125,True,False,1,0
3457,4,bar_u,120695,120688,32,1,False,0.171875,1,False,0.171875,1,False,0.171875,True,False,1,0
3458,4,bar_u,120704,120697,32,1,False,0.203125,1,False,0.203125,1,False,0.203125,True,False,1,0
3459,4,bar_u,120767,120760,32,1,False,0.203125,1,False,0.203125,1,False,0.203125,True,False,1,0
3460,4,bar_u,120830,120823,32,1,False,0.203125,1,False,0.203125,1,False,0.203125,True,False,1,0
3461,4,bar_u,120891,120884,32,1,False,0.109375,1,False,0.109375,1,False,0.109375,True,False,1,0
3462,4,bar_u,120893,120886,32,1,False,0.203125,1,False,0.203125,1,False,0.203125,True,False,1,0
3463,4,bar_u,120954,120947,32,1,False,0.109375,1,False,0.109375,1,False,0.109375,True,False,1,0
3464,4,bar_u,120956,120949,32,1,False,0.203125,1,False,0.203125,1,False,0.203125,True,False,1,0
3465,4,bar_u,121010,121003,32,1,False,0.171875,1,False,0.171875,1,False,0.171875,True,False,1,0
3466,4,bar_u,121019,121012,32,1,False,0.203125,1,False,0.203125,1,False,0.203125,True,False,1,0
3467,4,bar_u,121082,121075,32,1,False,0.203125,1,False,0.203125,1,False,0.203125,True,False,1,0
3468,4,bar_u,121145,121138,32,1,False,0.203125,1,False,0.203125,1,False,0.203125,True,False,1,0
3469,4,bar_u,121206,121199,32,1,False,0.109375,1,False,0.109375,1,False,0.109375,True,False,1,0
3470,4,bar_u,121208,121201,32,1,False,0.203125,1,False,0.203125,1,False,0.203125,True,False,1,0
3471,4,bar_u,121269,121262,32,1,False,0.109375,1,False,0.109375,1,False,0.109375,True,False,1,0
3472,4,bar_u,121271,121264,32,1,False,0.203125,1,False,0.203125,1,False,0.203125,True,False,1,0
3473,4,bar_u,121325,121318,32,1,False,0.171875,1,False,0.171875,1,False,0.171875,True,False,1,0
3474,4,bar_u,121334,121327,32,1,False,0.203125,1,False,0.203125,1,False,0.203125,True,False,1,0
3475,4,bar_u,121397,121390,32,1,False,0.203125,1,False,0.203125,1,False,0.203125,True,False,1,0
3476,4,bar_u,121460,121453,32,1,False,0.203125,1,False,0.203125,1,False,0.203125,True,False,1,0
3477,4,bar_u,121521,121514,32,1,False,0.109375,1,False,0.109375,1,False,0.109375,True,False,1,0
3478,4,bar_u,121523,121516,32,1,False,0.203125,1,False,0.203125,1,False,0.203125,True,False,1,0
3479,4,bar_u,121584,121577,32,1,False,0.109375,1,False,0.109375,1,False,0.109375,True,False,1,0
3480,4,bar_u,121586,121579,32,1,False,0.203125,1,False,0.203125,1,False,0.203125,True,False,1,0
3481,4,bar_u,121640,121633,32,1,False,0.171875,1,False,0.171875,1,False,0.171875,True,False,1,0
3482,4,bar_u,121649,121642,32,1,False,0.203125,1,False,0.203125,1,False,0.203125,True,False,1,0
3483,4,bar_u,121712,121705,32,1,False,0.203125,1,False,0.203125,1,False,0.203125,True,False,1,0
3484,4,bar_u,121775,121768,32,1,False,0.203125,1,False,0.203125,1,False,0.203125,True,False,1,0
3485,4,bar_u,121836,121829,32,1,False,0.109375,1,False,0.109375,1,False,0.109375,True,False,1,0
3486,4,bar_u,121838,121831,32,1,False,0.203125,1,False,0.203125,1,False,0.203125,True,False,1,0
3487,4,bar_u,121899,121892,32,1,False,0.109375,1,False,0.109375,1,False,0.109375,True,False,1,0
3488,4,bar_u,121901,121894,32,1,False,0.203125,1,False,0.203125,1,False,0.203125,True,False,1,0
3489,4,bar_u,121955,121948,32,1,False,0.171875,1,False,0.171875,1,False,0.171875,True,False,1,0
3490,4,bar_u,121964,121957,32,1,False,0.203125,1,False,0.203125,1,False,0.203125,True,False,1,0
3491,4,bar_u,122027,122020,32,1,False,0.203125,1,False,0.203125,1,False,0.203125,True,False,1,0
3492,4,bar_u,122090,122083,32,1,False,0.203125,1,False,0.203125,1,False,0.203125,True,False,1,0
3493,4,bar_u,122151,122144,32,1,False,0.109375,1,False,0.109375,1,False,0.109375,True,False,1,0
3494,4,bar_u,122153,122146,32,1,False,0.203125,1,False,0.203125,1,False,0.203125,True,False,1,0
3495,4,bar_u,122214,122207,32,1,False,0.109375,1,False,0.109375,1,False,0.109375,True,False,1,0
3496,4,bar_u,122216,122209,32,1,False,0.203125,1,False,0.203125,1,False,0.203125,True,False,1,0
3497,4,bar_u,122270,122263,32,1,False,0.171875,1,False,0.171875,1,False,0.171875,True,False,1,0
3498,4,bar_u,122279,122272,32,1,False,0.203125,1,False,0.203125,1,False,0.203125,True,False,1,0
3499,4,bar_u,122342,122335,32,1,False,0.203125,1,False,0.203125,1,False,0.203125,True,False,1,0
3500,4,bar_u,122405,122398,32,1,False,0.203125,1,False,0.203125,1,False,0.203125,True,False,1,0
3501,4,bar_u,122466,122459,32,1,False,0.109375,1,False,0.109375,1,False,0.109375,True,False,1,0
3502,4,bar_u,122468,122461,32,1,False,0.203125,1,False,0.203125,1,False,0.203125,True,False,1,0
3503,4,bar_u,122529,122522,32,1,False,0.109375,1,False,0.109375,1,False,0.109375,True,False,1,0
3504,4,bar_u,122531,122524,32,1,False,0.203125,1,False,0.203125,1,False,0.203125,True,False,1,0
3505,4,bar_u,122585,122578,32,1,False,0.171875,1,False,0.171875,1,False,0.171875,True,False,1,0
3506,4,bar_u,122594,122587,32,1,False,0.203125,1,False,0.203125,1,False,0.203125,True,False,1,0
3507,4,bar_u,122657,122650,32,1,False,0.203125,1,False,0.203125,1,False,0.203125,True,False,1,0
3508,4,bar_u,122720,122713,32,1,False,0.203125,1,False,0.203125,1,False,0.203125,True,False,1,0
3509,4,bar_u,122781,122774,32,1,False,0.109375,1,False,0.109375,1,False,0.109375,True,False,1,0
3510,4,bar_u,122783,122776,32,1,False,0.203125,1,False,0.203125,1,False,0.203125,True,False,1,0
3511,4,bar_u,122844,122837,32,1,False,0.109375,1,False,0.109375,1,False,0.109375,True,False,1,0
3512,4,bar_u,122846,122839,32,1,False,0.203125,1,False,0.203125,1,False,0.203125,True,False,1,0
3513,4,bar_u,124671,124664,32,1,False,0.109375,1,False,0.109375,1,False,0.109375,True,False,1,0
3514,4,bar_u,124734,124727,32,1,False,0.109375,1,False,0.109375,1,False,0.109375,True,False,1,0
3515,4,bar_u,124986,124979,32,1,False,0.109375,1,False,0.109375,1,False,0.109375,True,False,1,0
3516,4,bar_u,125049,125042,32,1,False,0.109375,1,False,0.109375,1,False,0.109375,True,False,1,0
3517,4,bar_u,125301,125294,32,1,False,0.109375,1,False,0.109375,1,False,0.109375,True,False,1,0
3518,4,bar_u,125364,125357,32,1,False,0.109375,1,False,0.109375,1,False,0.109375,True,False,1,0
3519,4,bar_u,125616,125609,32,1,False,0.109375,1,False,0.109375,1,False,0.109375,True,False,1,0
3520,4,bar_u,125679,125672,32,1,False,0.109375,1,False,0.109375,1,False,0.109375,True,False,1,0
3521,4,bar_u,125931,125924,32,1,False,0.109375,1,False,0.109375,1,False,0.109375,True,False,1,0
3522,4,bar_u,125994,125987,32,1,False,0.109375,1,False,0.109375,1,False,0.109375,True,False,1,0
3523,4,bar_u,126050,126043,32,1,False,0.171875,1,False,0.171875,1,False,0.171875,True,False,1,0
3524,4,bar_u,126059,126052,32,1,False,0.203125,1,False,0.203125,1,False,0.203125,True,False,1,0
3525,4,bar_u,126122,126115,32,1,False,0.203125,1,False,0.203125,1,False,0.203125,True,False,1,0
3526,4,bar_u,126185,126178,32,1,False,0.203125,1,False,0.203125,1,False,0.203125,True,False,1,0
3527,4,bar_u,126246,126239,32,1,False,0.109375,1,False,0.109375,1,False,0.109375,True,False,1,0
3528,4,bar_u,126248,126241,32,1,False,0.203125,1,False,0.203125,1,False,0.203125,True,False,1,0
3529,4,bar_u,126309,126302,32,1,False,0.109375,1,False,0.109375,1,False,0.109375,True,False,1,0
3530,4,bar_u,126311,126304,32,1,False,0.203125,1,False,0.203125,1,False,0.203125,True,False,1,0
3531,4,bar_u,126365,126358,32,1,False,0.171875,1,False,0.171875,1,False,0.171875,True,False,1,0
3532,4,bar_u,126374,126367,32,1,False,0.203125,1,False,0.203125,1,False,0.203125,True,False,1,0
3533,4,bar_u,126437,126430,32,1,False,0.203125,1,False,0.203125,1,False,0.203125,True,False,1,0
3534,4,bar_u,126500,126493,32,1,False,0.203125,1,False,0.203125,1,False,0.203125,True,False,1,0
3535,4,bar_u,126561,126554,32,1,False,0.109375,1,False,0.109375,1,False,0.109375,True,False,1,0
3536,4,bar_u,126563,126556,32,1,False,0.203125,1,False,0.203125,1,False,0.203125,True,False,1,0
3537,4,bar_u,126624,126617,32,1,False,0.109375,1,False,0.109375,1,False,0.109375,True,False,1,0
3538,4,bar_u,126626,126619,32,1,False,0.203125,1,False,0.203125,1,False,0.203125,True,False,1,0
3539,4,bar_u,126680,126673,32,1,False,0.171875,1,False,0.171875,1,False,0.171875,True,False,1,0
3540,4,bar_u,126689,126682,32,1,False,0.203125,1,False,0.203125,1,False,0.203125,True,False,1,0
3541,4,bar_u,126752,126745,32,1,False,0.203125,1,False,0.203125,1,False,0.203125,True,False,1,0
3542,4,bar_u,126815,126808,32,1,False,0.203125,1,False,0.203125,1,False,0.203125,True,False,1,0
3543,4,bar_u,126876,126869,32,1,False,0.109375,1,False,0.109375,1,False,0.109375,True,False,1,0
3544,4,bar_u,126878,126871,32,1,False,0.203125,1,False,0.203125,1,False,0.203125,True,False,1,0
3545,4,bar_u,126939,126932,32,1,False,0.109375,1,False,0.109375,1,False,0.109375,True,False,1,0
3546,4,bar_u,126941,126934,32,1,False,0.203125,1,False,0.203125,1,False,0.203125,True,False,1,0
3547,4,bar_u,126995,126988,32,1,False,0.171875,1,False,0.171875,1,False,0.171875,True,False,1,0
3548,4,bar_u,127004,126997,32,1,False,0.203125,1,False,0.203125,1,False,0.203125,True,False,1,0
3549,4,bar_u,127067,127060,32,1,False,0.203125,1,False,0.203125,1,False,0.203125,True,False,1,0
3550,4,bar_u,127130,127123,32,1,False,0.203125,1,False,0.203125,1,False,0.203125,True,False,1,0
3551,4,bar_u,127191,127184,32,1,False,0.109375,1,False,0.109375,1,False,0.109375,True,False,1,0
3552,4,bar_u,127193,127186,32,1,False,0.203125,1,False,0.203125,1,False,0.203125,True,False,1,0
3553,4,bar_u,127254,127247,32,1,False,0.109375,1,False,0.109375,1,False,0.109375,True,False,1,0
3554,4,bar_u,127256,127249,32,1,False,0.203125,1,False,0.203125,1,False,0.203125,True,False,1,0
3555,4,bar_u,127310,127303,32,1,False,0.171875,1,False,0.171875,1,False,0.171875,True,False,1,0
3556,4,bar_u,127319,127312,32,1,False,0.203125,1,False,0.203125,1,False,0.203125,True,False,1,0
3557,4,bar_u,127382,127375,32,1,False,0.203125,1,False,0.203125,1,False,0.203125,True,False,1,0
3558,4,bar_u,127445,127438,32,1,False,0.203125,1,False,0.203125,1,False,0.203125,True,False,1,0
3559,4,bar_u,127506,127499,32,1,False,0.109375,1,False,0.109375,1,False,0.109375,True,False,1,0
3560,4,bar_u,127508,127501,32,1,False,0.203125,1,False,0.203125,1,False,0.203125,True,False,1,0
3561,4,bar_u,127569,127562,32,1,False,0.109375,1,False,0.109375,1,False,0.109375,True,False,1,0
3562,4,bar_u,127571,127564,32,1,False,0.203125,1,False,0.203125,1,False,0.203125,True,False,1,0
3563,4,bar_u,127625,127618,32,1,False,0.171875,1,False,0.171875,1,False,0.171875,True,False,1,0
3564,4,bar_u,127634,127627,32,1,False,0.203125,1,False,0.203125,1,False,0.203125,True,False,1,0
3565,4,bar_u,127697,127690,32,1,False,0.203125,1,False,0.203125,1,False,0.203125,True,False,1,0
3566,4,bar_u,127760,127753,32,1,False,0.203125,1,False,0.203125,1,False,0.203125,True,False,1,0
3567,4,bar_u,127821,127814,32,1,False,0.109375,1,False,0.109375,1,False,0.109375,True,False,1,0
3568,4,bar_u,127823,127816,32,1,False,0.203125,1,False,0.203125,1,False,0.203125,True,False,1,0
3569,4,bar_u,127884,127877,32,1,False,0.109375,1,False,0.109375,1,False,0.109375,True,False,1,0
3570,4,bar_u,127886,127879,32,1,False,0.203125,1,False,0.203125,1,False,0.203125,True,False,1,0
3571,4,bar_u,127940,127933,32,1,False,0.171875,1,False,0.171875,1,False,0.171875,True,False,1,0
3572,4,bar_u,127949,127942,32,1,False,0.203125,1,False,0.203125,1,False,0.203125,True,False,1,0
3573,4,bar_u,128012,128005,32,1,False,0.203125,1,False,0.203125,1,False,0.203125,True,False,1,0
3574,4,bar_u,128075,128068,32,1,False,0.203125,1,False,0.203125,1,False,0.203125,True,False,1,0
3575,4,bar_u,128136,128129,32,1,False,0.109375,1,False,0.109375,1,False,0.109375,True,False,1,0
3576,4,bar_u,128138,128131,32,1,False,0.203125,1,False,0.203125,1,False,0.203125,True,False,1,0
3577,4,bar_u,128199,128192,32,1,False,0.109375,1,False,0.109375,1,False,0.109375,True,False,1,0
3578,4,bar_u,128201,128194,32,1,False,0.203125,1,False,0.203125,1,False,0.203125,True,False,1,0
3579,4,bar_u,128255,128248,32,1,False,0.171875,1,False,0.171875,1,False,0.171875,True,False,1,0
3580,4,bar_u,128264,128257,32,1,False,0.203125,1,False,0.203125,1,False,0.203125,True,False,1,0
3581,4,bar_u,128327,128320,32,1,False,0.203125,1,False,0.203125,1,False,0.203125,True,False,1,0
3582,4,bar_u,128390,128383,32,1,False,0.203125,1,False,0.203125,1,False,0.203125,True,False,1,0
3583,4,bar_u,128451,128444,32,1,False,0.109375,1,False,0.109375,1,False,0.109375,True,False,1,0
3584,4,bar_u,128453,128446,32,1,False,0.203125,1,False,0.203125,1,False,0.203125,True,False,1,0
3585,4,bar_u,128514,128507,32,1,False,0.109375,1,False,0.109375,1,False,0.109375,True,False,1,0
3586,4,bar_u,128516,128509,32,1,False,0.203125,1,False,0.203125,1,False,0.203125,True,False,1,0
3587,4,bar_u,128570,128563,32,1,False,0.171875,1,False,0.171875,1,False,0.171875,True,False,1,0
3588,4,bar_u,128579,128572,32,1,False,0.203125,1,False,0.203125,1,False,0.203125,True,False,1,0
3589,4,bar_u,128642,128635,32,1,False,0.203125,1,False,0.203125,1,False,0.203125,True,False,1,0
3590,4,bar_u,128705,128698,32,1,False,0.203125,1,False,0.203125,1,False,0.203125,True,False,1,0
3591,4,bar_u,128766,128759,32,1,False,0.109375,1,False,0.109375,1,False,0.109375,True,False,1,0
3592,4,bar_u,128768,128761,32,1,False,0.203125,1,False,0.203125,1,False,0.203125,True,False,1,0
3593,4,bar_u,128829,128822,32,1,False,0.109375,1,False,0.109375,1,False,0.109375,True,False,1,0
3594,4,bar_u,128831,128824,32,1,False,0.203125,1,False,0.203125,1,False,0.203125,True,False,1,0
3595,4,bar_u,128885,128878,32,1,False,0.171875,1,False,0.171875,1,False,0.171875,True,False,1,0
3596,4,bar_u,128894,128887,32,1,False,0.203125,1,False,0.203125,1,False,0.203125,True,False,1,0
3597,4,bar_u,128957,128950,32,1,False,0.203125,1,False,0.203125,1,False,0.203125,True,False,1,0
3598,4,bar_u,129020,129013,32,1,False,0.203125,1,False,0.203125,1,False,0.203125,True,False,1,0
3599,4,bar_u,129081,129074,32,1,False,0.109375,1,False,0.109375,1,False,0.109375,True,False,1,0
3600,4,bar_u,129083,129076,32,1,False,0.203125,1,False,0.203125,1,False,0.203125,True,False,1,0
3601,4,bar_u,129144,129137,32,1,False,0.109375,1,False,0.109375,1,False,0.109375,True,False,1,0
3602,4,bar_u,129146,129139,32,1,False,0.203125,1,False,0.203125,1,False,0.203125,True,False,1,0
3603,4,bar_u,129200,129193,32,1,False,0.171875,1,False,0.171875,1,False,0.171875,True,False,1,0
3604,4,bar_u,129209,129202,32,1,False,0.203125,1,False,0.203125,1,False,0.203125,True,False,1,0
3605,4,bar_u,129272,129265,32,1,False,0.203125,1,False,0.203125,1,False,0.203125,True,False,1,0
3606,4,bar_u,129335,129328,32,1,False,0.203125,1,False,0.203125,1,False,0.203125,True,False,1,0
3607,4,bar_u,129396,129389,32,1,False,0.109375,1,False,0.109375,1,False,0.109375,True,False,1,0
3608,4,bar_u,129398,129391,32,1,False,0.203125,1,False,0.203125,1,False,0.203125,True,False,1,0
3609,4,bar_u,129459,129452,32,1,False,0.109375,1,False,0.109375,1,False,0.109375,True,False,1,0
3610,4,bar_u,129461,129454,32,1,False,0.203125,1,False,0.203125,1,False,0.203125,True,False,1,0
3611,4,bar_u,129515,129508,32,1,False,0.171875,1,False,0.171875,1,False,0.171875,True,False,1,0
3612,4,bar_u,129524,129517,32,1,False,0.203125,1,False,0.203125,1,False,0.203125,True,False,1,0
3613,4,bar_u,129587,129580,32,1,False,0.203125,1,False,0.203125,1,False,0.203125,True,False,1,0
3614,4,bar_u,129650,129643,32,1,False,0.203125,1,False,0.203125,1,False,0.203125,True,False,1,0
3615,4,bar_u,129711,129704,32,1,False,0.109375,1,False,0.109375,1,False,0.109375,True,False,1,0
3616,4,bar_u,129713,129706,32,1,False,0.203125,1,False,0.203125,1,False,0.203125,True,False,1,0
3617,4,bar_u,129774,129767,32,1,False,0.109375,1,False,0.109375,1,False,0.109375,True,False,1,0
3618,4,bar_u,129776,129769,32,1,False,0.203125,1,False,0.203125,1,False,0.203125,True,False,1,0
3619,4,bar_u,129830,129823,32,1,False,0.171875,1,False,0.171875,1,False,0.171875,True,False,1,0
3620,4,bar_u,129839,129832,32,1,False,0.203125,1,False,0.203125,1,False,0.203125,True,False,1,0
3621,4,bar_u,129902,129895,32,1,False,0.203125,1,False,0.203125,1,False,0.203125,True,False,1,0
3622,4,bar_u,129965,129958,32,1,False,0.203125,1,False,0.203125,1,False,0.203125,True,False,1,0
3623,4,bar_u,130026,130019,32,1,False,0.109375,1,False,0.109375,1,False,0.109375,True,False,1,0
3624,4,bar_u,130028,130021,32,1,False,0.203125,1,False,0.203125,1,False,0.203125,True,False,1,0
3625,4,bar_u,130089,130082,32,1,False,0.109375,1,False,0.109375,1,False,0.109375,True,False,1,0
3626,4,bar_u,130091,130084,32,1,False,0.203125,1,False,0.203125,1,False,0.203125,True,False,1,0
3627,4,bar_u,130145,130138,32,1,False,0.171875,1,False,0.171875,1,False,0.171875,True,False,1,0
3628,4,bar_u,130154,130147,32,1,False,0.203125,1,False,0.203125,1,False,0.203125,True,False,1,0
3629,4,bar_u,130217,130210,32,1,False,0.203125,1,False,0.203125,1,False,0.203125,True,False,1,0
3630,4,bar_u,130280,130273,32,1,False,0.203125,1,False,0.203125,1,False,0.203125,True,False,1,0
3631,4,bar_u,130341,130334,32,1,False,0.109375,1,False,0.109375,1,False,0.109375,True,False,1,0
3632,4,bar_u,130343,130336,32,1,False,0.203125,1,False,0.203125,1,False,0.203125,True,False,1,0
3633,4,bar_u,130404,130397,32,1,False,0.109375,1,False,0.109375,1,False,0.109375,True,False,1,0
3634,4,bar_u,130406,130399,32,1,False,0.203125,1,False,0.203125,1,False,0.203125,True,False,1,0
3635,4,bar_u,130460,130453,32,1,False,0.171875,1,False,0.171875,1,False,0.171875,True,False,1,0
3636,4,bar_u,130469,130462,32,1,False,0.203125,1,False,0.203125,1,False,0.203125,True,False,1,0
3637,4,bar_u,130532,130525,32,1,False,0.203125,1,False,0.203125,1,False,0.203125,True,False,1,0
3638,4,bar_u,130595,130588,32,1,False,0.203125,1,False,0.203125,1,False,0.203125,True,False,1,0
3639,4,bar_u,130656,130649,32,1,False,0.109375,1,False,0.109375,1,False,0.109375,True,False,1,0
3640,4,bar_u,130658,130651,32,1,False,0.203125,1,False,0.203125,1,False,0.203125,True,False,1,0
3641,4,bar_u,130719,130712,32,1,False,0.109375,1,False,0.109375,1,False,0.109375,True,False,1,0
3642,4,bar_u,130721,130714,32,1,False,0.203125,1,False,0.203125,1,False,0.203125,True,False,1,0
3643,4,bar_u,130775,130768,32,1,False,0.171875,1,False,0.171875,1,False,0.171875,True,False,1,0
3644,4,bar_u,130784,130777,32,1,False,0.203125,1,False,0.203125,1,False,0.203125,True,False,1,0
3645,4,bar_u,130847,130840,32,1,False,0.203125,1,False,0.203125,1,False,0.203125,True,False,1,0
3646,4,bar_u,130910,130903,32,1,False,0.203125,1,False,0.203125,1,False,0.203125,True,False,1,0
3647,4,bar_u,130971,130964,32,1,False,0.109375,1,False,0.109375,1,False,0.109375,True,False,1,0
3648,4,bar_u,130973,130966,32,1,False,0.203125,1,False,0.203125,1,False,0.203125,True,False,1,0
3649,4,bar_u,131034,131027,32,1,False,0.109375,1,False,0.109375,1,False,0.109375,True,False,1,0
3650,4,bar_u,131036,131029,32,1,False,0.203125,1,False,0.203125,1,False,0.203125,True,False,1,0
3651,4,bar_u,131090,131083,32,1,False,0.171875,1,False,0.171875,1,False,0.171875,True,False,1,0
3652,4,bar_u,131099,131092,32,1,False,0.203125,1,False,0.203125,1,False,0.203125,True,False,1,0
3653,4,bar_u,131162,131155,32,1,False,0.203125,1,False,0.203125,1,False,0.203125,True,False,1,0
3654,4,bar_u,131225,131218,32,1,False,0.203125,1,False,0.203125,1,False,0.203125,True,False,1,0
3655,4,bar_u,131286,131279,32,1,False,0.109375,1,False,0.109375,1,False,0.109375,True,False,1,0
3656,4,bar_u,131288,131281,32,1,False,0.203125,1,False,0.203125,1,False,0.203125,True,False,1,0
3657,4,bar_u,131349,131342,32,1,False,0.109375,1,False,0.109375,1,False,0.109375,True,False,1,0
3658,4,bar_u,131351,131344,32,1,False,0.203125,1,False,0.203125,1,False,0.203125,True,False,1,0
3659,4,bar_u,131405,131398,32,1,False,0.171875,1,False,0.171875,1,False,0.171875,True,False,1,0
3660,4,bar_u,131414,131407,32,1,False,0.203125,1,False,0.203125,1,False,0.203125,True,False,1,0
3661,4,bar_u,131477,131470,32,1,False,0.203125,1,False,0.203125,1,False,0.203125,True,False,1,0
3662,4,bar_u,131540,131533,32,1,False,0.203125,1,False,0.203125,1,False,0.203125,True,False,1,0
3663,4,bar_u,131601,131594,32,1,False,0.109375,1,False,0.109375,1,False,0.109375,True,False,1,0
3664,4,bar_u,131603,131596,32,1,False,0.203125,1,False,0.203125,1,False,0.203125,True,False,1,0
3665,4,bar_u,131664,131657,32,1,False,0.109375,1,False,0.109375,1,False,0.109375,True,False,1,0
3666,4,bar_u,131666,131659,32,1,False,0.203125,1,False,0.203125,1,False,0.203125,True,False,1,0
3667,4,bar_u,131720,131713,32,1,False,0.171875,1,False,0.171875,1,False,0.171875,True,False,1,0
3668,4,bar_u,131729,131722,32,1,False,0.203125,1,False,0.203125,1,False,0.203125,True,False,1,0
3669,4,bar_u,131792,131785,32,1,False,0.203125,1,False,0.203125,1,False,0.203125,True,False,1,0
3670,4,bar_u,131855,131848,32,1,False,0.203125,1,False,0.203125,1,False,0.203125,True,False,1,0
3671,4,bar_u,131916,131909,32,1,False,0.109375,1,False,0.109375,1,False,0.109375,True,False,1,0
3672,4,bar_u,131918,131911,32,1,False,0.203125,1,False,0.203125,1,False,0.203125,True,False,1,0
3673,4,bar_u,131979,131972,32,1,False,0.109375,1,False,0.109375,1,False,0.109375,True,False,1,0
3674,4,bar_u,131981,131974,32,1,False,0.203125,1,False,0.203125,1,False,0.203125,True,False,1,0
3675,4,bar_u,132035,132028,32,1,False,0.171875,1,False,0.171875,1,False,0.171875,True,False,1,0
3676,4,bar_u,132044,132037,32,1,False,0.203125,1,False,0.203125,1,False,0.203125,True,False,1,0
3677,4,bar_u,132107,132100,32,1,False,0.203125,1,False,0.203125,1,False,0.203125,True,False,1,0
3678,4,bar_u,132170,132163,32,1,False,0.203125,1,False,0.203125,1,False,0.203125,True,False,1,0
3679,4,bar_u,132231,132224,32,1,False,0.109375,1,False,0.109375,1,False,0.109375,True,False,1,0
3680,4,bar_u,132233,132226,32,1,False,0.203125,1,False,0.203125,1,False,0.203125,True,False,1,0
3681,4,bar_u,132294,132287,32,1,False,0.109375,1,False,0.109375,1,False,0.109375,True,False,1,0
3682,4,bar_u,132296,132289,32,1,False,0.203125,1,False,0.203125,1,False,0.203125,True,False,1,0
3683,4,bar_u,132350,132343,32,1,False,0.171875,1,False,0.171875,1,False,0.171875,True,False,1,0
3684,4,bar_u,132359,132352,32,1,False,0.203125,1,False,0.203125,1,False,0.203125,True,False,1,0
3685,4,bar_u,132422,132415,32,1,False,0.203125,1,False,0.203125,1,False,0.203125,True,False,1,0
3686,4,bar_u,132485,132478,32,1,False,0.203125,1,False,0.203125,1,False,0.203125,True,False,1,0
3687,4,bar_u,132546,132539,32,1,False,0.109375,1,False,0.109375,1,False,0.109375,True,False,1,0
3688,4,bar_u,132548,132541,32,1,False,0.203125,1,False,0.203125,1,False,0.203125,True,False,1,0
3689,4,bar_u,132609,132602,32,1,False,0.109375,1,False,0.109375,1,False,0.109375,True,False,1,0
3690,4,bar_u,132611,132604,32,1,False,0.203125,1,False,0.203125,1,False,0.203125,True,False,1,0
3691,4,bar_u,132665,132658,32,1,False,0.171875,1,False,0.171875,1,False,0.171875,True,False,1,0
3692,4,bar_u,132674,132667,32,1,False,0.203125,1,False,0.203125,1,False,0.203125,True,False,1,0
3693,4,bar_u,132737,132730,32,1,False,0.203125,1,False,0.203125,1,False,0.203125,True,False,1,0
3694,4,bar_u,132800,132793,32,1,False,0.203125,1,False,0.203125,1,False,0.203125,True,False,1,0
3695,4,bar_u,132861,132854,32,1,False,0.109375,1,False,0.109375,1,False,0.109375,True,False,1,0
3696,4,bar_u,132863,132856,32,1,False,0.203125,1,False,0.203125,1,False,0.203125,True,False,1,0
3697,4,bar_u,132924,132917,32,1,False,0.109375,1,False,0.109375,1,False,0.109375,True,False,1,0
3698,4,bar_u,132926,132919,32,1,False,0.203125,1,False,0.203125,1,False,0.203125,True,False,1,0
3699,4,bar_u,132980,132973,32,1,False,0.171875,1,False,0.171875,1,False,0.171875,True,False,1,0
3700,4,bar_u,132989,132982,32,1,False,0.203125,1,False,0.203125,1,False,0.203125,True,False,1,0
3701,4,bar_u,133052,133045,32,1,False,0.203125,1,False,0.203125,1,False,0.203125,True,False,1,0
3702,4,bar_u,133115,133108,32,1,False,0.203125,1,False,0.203125,1,False,0.203125,True,False,1,0
3703,4,bar_u,133176,133169,32,1,False,0.109375,1,False,0.109375,1,False,0.109375,True,False,1,0
3704,4,bar_u,133178,133171,32,1,False,0.203125,1,False,0.203125,1,False,0.203125,True,False,1,0
3705,4,bar_u,133239,133232,32,1,False,0.109375,1,False,0.109375,1,False,0.109375,True,False,1,0
3706,4,bar_u,133241,133234,32,1,False,0.203125,1,False,0.203125,1,False,0.203125,True,False,1,0
3707,4,bar_u,133295,133288,32,1,False,0.171875,1,False,0.171875,1,False,0.171875,True,False,1,0
3708,4,bar_u,133304,133297,32,1,False,0.203125,1,False,0.203125,1,False,0.203125,True,False,1,0
3709,4,bar_u,133367,133360,32,1,False,0.203125,1,False,0.203125,1,False,0.203125,True,False,1,0
3710,4,bar_u,133430,133423,32,1,False,0.203125,1,False,0.203125,1,False,0.203125,True,False,1,0
3711,4,bar_u,133491,133484,32,1,False,0.109375,1,False,0.109375,1,False,0.109375,True,False,1,0
3712,4,bar_u,133493,133486,32,1,False,0.203125,1,False,0.203125,1,False,0.203125,True,False,1,0
3713,4,bar_u,133554,133547,32,1,False,0.109375,1,False,0.109375,1,False,0.109375,True,False,1,0
3714,4,bar_u,133556,133549,32,1,False,0.203125,1,False,0.203125,1,False,0.203125,True,False,1,0
3715,4,bar_u,133610,133603,32,1,False,0.171875,1,False,0.171875,1,False,0.171875,True,False,1,0
3716,4,bar_u,133619,133612,32,1,False,0.203125,1,False,0.203125,1,False,0.203125,True,False,1,0
3717,4,bar_u,133682,133675,32,1,False,0.203125,1,False,0.203125,1,False,0.203125,True,False,1,0
3718,4,bar_u,133745,133738,32,1,False,0.203125,1,False,0.203125,1,False,0.203125,True,False,1,0
3719,4,bar_u,133806,133799,32,1,False,0.109375,1,False,0.109375,1,False,0.109375,True,False,1,0
3720,4,bar_u,133808,133801,32,1,False,0.203125,1,False,0.203125,1,False,0.203125,True,False,1,0
3721,4,bar_u,133869,133862,32,1,False,0.109375,1,False,0.109375,1,False,0.109375,True,False,1,0
3722,4,bar_u,133871,133864,32,1,False,0.203125,1,False,0.203125,1,False,0.203125,True,False,1,0
3723,4,bar_u,133925,133918,32,1,False,0.171875,1,False,0.171875,1,False,0.171875,True,False,1,0
3724,4,bar_u,133934,133927,32,1,False,0.203125,1,False,0.203125,1,False,0.203125,True,False,1,0
3725,4,bar_u,133997,133990,32,1,False,0.203125,1,False,0.203125,1,False,0.203125,True,False,1,0
3726,4,bar_u,134060,134053,32,1,False,0.203125,1,False,0.203125,1,False,0.203125,True,False,1,0
3727,4,bar_u,134121,134114,32,1,False,0.109375,1,False,0.109375,1,False,0.109375,True,False,1,0
3728,4,bar_u,134123,134116,32,1,False,0.203125,1,False,0.203125,1,False,0.203125,True,False,1,0
3729,4,bar_u,134184,134177,32,1,False,0.109375,1,False,0.109375,1,False,0.109375,True,False,1,0
3730,4,bar_u,134186,134179,32,1,False,0.203125,1,False,0.203125,1,False,0.203125,True,False,1,0
3731,4,bar_u,134240,134233,32,1,False,0.171875,1,False,0.171875,1,False,0.171875,True,False,1,0
3732,4,bar_u,134249,134242,32,1,False,0.203125,1,False,0.203125,1,False,0.203125,True,False,1,0
3733,4,bar_u,134312,134305,32,1,False,0.203125,1,False,0.203125,1,False,0.203125,True,False,1,0
3734,4,bar_u,134375,134368,32,1,False,0.203125,1,False,0.203125,1,False,0.203125,True,False,1,0
3735,4,bar_u,134436,134429,32,1,False,0.109375,1,False,0.109375,1,False,0.109375,True,False,1,0
3736,4,bar_u,134438,134431,32,1,False,0.203125,1,False,0.203125,1,False,0.203125,True,False,1,0
3737,4,bar_u,134499,134492,32,1,False,0.109375,1,False,0.109375,1,False,0.109375,True,False,1,0
3738,4,bar_u,134501,134494,32,1,False,0.203125,1,False,0.203125,1,False,0.203125,True,False,1,0
3739,4,bar_u,134555,134548,32,1,False,0.171875,1,False,0.171875,1,False,0.171875,True,False,1,0
3740,4,bar_u,134564,134557,32,1,False,0.203125,1,False,0.203125,1,False,0.203125,True,False,1,0
3741,4,bar_u,134627,134620,32,1,False,0.203125,1,False,0.203125,1,False,0.203125,True,False,1,0
3742,4,bar_u,134690,134683,32,1,False,0.203125,1,False,0.203125,1,False,0.203125,True,False,1,0
3743,4,bar_u,134751,134744,32,1,False,0.109375,1,False,0.109375,1,False,0.109375,True,False,1,0
3744,4,bar_u,134753,134746,32,1,False,0.203125,1,False,0.203125,1,False,0.203125,True,False,1,0
3745,4,bar_u,134814,134807,32,1,False,0.109375,1,False,0.109375,1,False,0.109375,True,False,1,0
3746,4,bar_u,134816,134809,32,1,False,0.203125,1,False,0.203125,1,False,0.203125,True,False,1,0
3747,4,bar_u,134870,134863,32,1,False,0.171875,1,False,0.171875,1,False,0.171875,True,False,1,0
3748,4,bar_u,134879,134872,32,1,False,0.203125,1,False,0.203125,1,False,0.203125,True,False,1,0
3749,4,bar_u,134942,134935,32,1,False,0.203125,1,False,0.203125,1,False,0.203125,True,False,1,0
3750,4,bar_u,135005,134998,32,1,False,0.203125,1,False,0.203125,1,False,0.203125,True,False,1,0
3751,4,bar_u,135066,135059,32,1,False,0.109375,1,False,0.109375,1,False,0.109375,True,False,1,0
3752,4,bar_u,135068,135061,32,1,False,0.203125,1,False,0.203125,1,False,0.203125,True,False,1,0
3753,4,bar_u,135129,135122,32,1,False,0.109375,1,False,0.109375,1,False,0.109375,True,False,1,0
3754,4,bar_u,135131,135124,32,1,False,0.203125,1,False,0.203125,1,False,0.203125,True,False,1,0
3755,4,bar_u,135185,135178,32,1,False,0.171875,1,False,0.171875,1,False,0.171875,True,False,1,0
3756,4,bar_u,135194,135187,32,1,False,0.203125,1,False,0.203125,1,False,0.203125,True,False,1,0
3757,4,bar_u,135257,135250,32,1,False,0.203125,1,False,0.203125,1,False,0.203125,True,False,1,0
3758,4,bar_u,135320,135313,32,1,False,0.203125,1,False,0.203125,1,False,0.203125,True,False,1,0
3759,4,bar_u,135381,135374,32,1,False,0.109375,1,False,0.109375,1,False,0.109375,True,False,1,0
3760,4,bar_u,135383,135376,32,1,False,0.203125,1,False,0.203125,1,False,0.203125,True,False,1,0
3761,4,bar_u,135444,135437,32,1,False,0.109375,1,False,0.109375,1,False,0.109375,True,False,1,0
3762,4,bar_u,135446,135439,32,1,False,0.203125,1,False,0.203125,1,False,0.203125,True,False,1,0
3763,4,bar_u,135500,135493,32,1,False,0.171875,1,False,0.171875,1,False,0.171875,True,False,1,0
3764,4,bar_u,135509,135502,32,1,False,0.203125,1,False,0.203125,1,False,0.203125,True,False,1,0
3765,4,bar_u,135572,135565,32,1,False,0.203125,1,False,0.203125,1,False,0.203125,True,False,1,0
3766,4,bar_u,135635,135628,32,1,False,0.203125,1,False,0.203125,1,False,0.203125,True,False,1,0
3767,4,bar_u,135696,135689,32,1,False,0.109375,1,False,0.109375,1,False,0.109375,True,False,1,0
3768,4,bar_u,135698,135691,32,1,False,0.203125,1,False,0.203125,1,False,0.203125,True,False,1,0
3769,4,bar_u,135759,135752,32,1,False,0.109375,1,False,0.109375,1,False,0.109375,True,False,1,0
3770,4,bar_u,135761,135754,32,1,False,0.203125,1,False,0.203125,1,False,0.203125,True,False,1,0
3771,4,bar_u,135815,135808,32,1,False,0.171875,1,False,0.171875,1,False,0.171875,True,False,1,0
3772,4,bar_u,135824,135817,32,1,False,0.203125,1,False,0.203125,1,False,0.203125,True,False,1,0
3773,4,bar_u,135887,135880,32,1,False,0.203125,1,False,0.203125,1,False,0.203125,True,False,1,0
3774,4,bar_u,135950,135943,32,1,False,0.203125,1,False,0.203125,1,False,0.203125,True,False,1,0
3775,4,bar_u,136011,136004,32,1,False,0.109375,1,False,0.109375,1,False,0.109375,True,False,1,0
3776,4,bar_u,136013,136006,32,1,False,0.203125,1,False,0.203125,1,False,0.203125,True,False,1,0
3777,4,bar_u,136074,136067,32,1,False,0.109375,1,False,0.109375,1,False,0.109375,True,False,1,0
3778,4,bar_u,136076,136069,32,1,False,0.203125,1,False,0.203125,1,False,0.203125,True,False,1,0
3779,4,bar_u,136130,136123,32,1,False,0.171875,1,False,0.171875,1,False,0.171875,True,False,1,0
3780,4,bar_u,136139,136132,32,1,False,0.203125,1,False,0.203125,1,False,0.203125,True,False,1,0
3781,4,bar_u,136202,136195,32,1,False,0.203125,1,False,0.203125,1,False,0.203125,True,False,1,0
3782,4,bar_u,136265,136258,32,1,False,0.203125,1,False,0.203125,1,False,0.203125,True,False,1,0
3783,4,bar_u,136326,136319,32,1,False,0.109375,1,False,0.109375,1,False,0.109375,True,False,1,0
3784,4,bar_u,136328,136321,32,1,False,0.203125,1,False,0.203125,1,False,0.203125,True,False,1,0
3785,4,bar_u,136389,136382,32,1,False,0.109375,1,False,0.109375,1,False,0.109375,True,False,1,0
3786,4,bar_u,136391,136384,32,1,False,0.203125,1,False,0.203125,1,False,0.203125,True,False,1,0
3787,4,bar_u,136445,136438,32,1,False,0.171875,1,False,0.171875,1,False,0.171875,True,False,1,0
3788,4,bar_u,136454,136447,32,1,False,0.203125,1,False,0.203125,1,False,0.203125,True,False,1,0
3789,4,bar_u,136517,136510,32,1,False,0.203125,1,False,0.203125,1,False,0.203125,True,False,1,0
3790,4,bar_u,136580,136573,32,1,False,0.203125,1,False,0.203125,1,False,0.203125,True,False,1,0
3791,4,bar_u,136641,136634,32,1,False,0.109375,1,False,0.109375,1,False,0.109375,True,False,1,0
3792,4,bar_u,136643,136636,32,1,False,0.203125,1,False,0.203125,1,False,0.203125,True,False,1,0
3793,4,bar_u,136704,136697,32,1,False,0.109375,1,False,0.109375,1,False,0.109375,True,False,1,0
3794,4,bar_u,136706,136699,32,1,False,0.203125,1,False,0.203125,1,False,0.203125,True,False,1,0
3795,4,bar_u,136760,136753,32,1,False,0.171875,1,False,0.171875,1,False,0.171875,True,False,1,0
3796,4,bar_u,136769,136762,32,1,False,0.203125,1,False,0.203125,1,False,0.203125,True,False,1,0
3797,4,bar_u,136832,136825,32,1,False,0.203125,1,False,0.203125,1,False,0.203125,True,False,1,0
3798,4,bar_u,136895,136888,32,1,False,0.203125,1,False,0.203125,1,False,0.203125,True,False,1,0
3799,4,bar_u,136956,136949,32,1,False,0.109375,1,False,0.109375,1,False,0.109375,True,False,1,0
3800,4,bar_u,136958,136951,32,1,False,0.203125,1,False,0.203125,1,False,0.203125,True,False,1,0
3801,4,bar_u,137019,137012,32,1,False,0.109375,1,False,0.109375,1,False,0.109375,True,False,1,0
3802,4,bar_u,137021,137014,32,1,False,0.203125,1,False,0.203125,1,False,0.203125,True,False,1,0
3803,4,bar_u,137075,137068,32,1,False,0.171875,1,False,0.171875,1,False,0.171875,True,False,1,0
3804,4,bar_u,137084,137077,32,1,False,0.203125,1,False,0.203125,1,False,0.203125,True,False,1,0
3805,4,bar_u,137147,137140,32,1,False,0.203125,1,False,0.203125,1,False,0.203125,True,False,1,0
3806,4,bar_u,137210,137203,32,1,False,0.203125,1,False,0.203125,1,False,0.203125,True,False,1,0
3807,4,bar_u,137271,137264,32,1,False,0.109375,1,False,0.109375,1,False,0.109375,True,False,1,0
3808,4,bar_u,137273,137266,32,1,False,0.203125,1,False,0.203125,1,False,0.203125,True,False,1,0
3809,4,bar_u,137334,137327,32,1,False,0.109375,1,False,0.109375,1,False,0.109375,True,False,1,0
3810,4,bar_u,137336,137329,32,1,False,0.203125,1,False,0.203125,1,False,0.203125,True,False,1,0
3811,4,bar_u,137390,137383,32,1,False,0.171875,1,False,0.171875,1,False,0.171875,True,False,1,0
3812,4,bar_u,137399,137392,32,1,False,0.203125,1,False,0.203125,1,False,0.203125,True,False,1,0
3813,4,bar_u,137462,137455,32,1,False,0.203125,1,False,0.203125,1,False,0.203125,True,False,1,0
3814,4,bar_u,137525,137518,32,1,False,0.203125,1,False,0.203125,1,False,0.203125,True,False,1,0
3815,4,bar_u,137586,137579,32,1,False,0.109375,1,False,0.109375,1,False,0.109375,True,False,1,0
3816,4,bar_u,137588,137581,32,1,False,0.203125,1,False,0.203125,1,False,0.203125,True,False,1,0
3817,4,bar_u,137649,137642,32,1,False,0.109375,1,False,0.109375,1,False,0.109375,True,False,1,0
3818,4,bar_u,137651,137644,32,1,False,0.203125,1,False,0.203125,1,False,0.203125,True,False,1,0
3819,4,bar_u,137705,137698,32,1,False,0.171875,1,False,0.171875,1,False,0.171875,True,False,1,0
3820,4,bar_u,137714,137707,32,1,False,0.203125,1,False,0.203125,1,False,0.203125,True,False,1,0
3821,4,bar_u,137777,137770,32,1,False,0.203125,1,False,0.203125,1,False,0.203125,True,False,1,0
3822,4,bar_u,137840,137833,32,1,False,0.203125,1,False,0.203125,1,False,0.203125,True,False,1,0
3823,4,bar_u,137901,137894,32,1,False,0.109375,1,False,0.109375,1,False,0.109375,True,False,1,0
3824,4,bar_u,137903,137896,32,1,False,0.203125,1,False,0.203125,1,False,0.203125,True,False,1,0
3825,4,bar_u,137964,137957,32,1,False,0.109375,1,False,0.109375,1,False,0.109375,True,False,1,0
3826,4,bar_u,137966,137959,32,1,False,0.203125,1,False,0.203125,1,False,0.203125,True,False,1,0
3827,4,bar_u,138020,138013,32,1,False,0.171875,1,False,0.171875,1,False,0.171875,True,False,1,0
3828,4,bar_u,138029,138022,32,1,False,0.203125,1,False,0.203125,1,False,0.203125,True,False,1,0
3829,4,bar_u,138092,138085,32,1,False,0.203125,1,False,0.203125,1,False,0.203125,True,False,1,0
3830,4,bar_u,138155,138148,32,1,False,0.203125,1,False,0.203125,1,False,0.203125,True,False,1,0
3831,4,bar_u,138216,138209,32,1,False,0.109375,1,False,0.109375,1,False,0.109375,True,False,1,0
3832,4,bar_u,138218,138211,32,1,False,0.203125,1,False,0.203125,1,False,0.203125,True,False,1,0
3833,4,bar_u,138279,138272,32,1,False,0.109375,1,False,0.109375,1,False,0.109375,True,False,1,0
3834,4,bar_u,138281,138274,32,1,False,0.203125,1,False,0.203125,1,False,0.203125,True,False,1,0
3835,4,bar_u,138335,138328,32,1,False,0.171875,1,False,0.171875,1,False,0.171875,True,False,1,0
3836,4,bar_u,138344,138337,32,1,False,0.203125,1,False,0.203125,1,False,0.203125,True,False,1,0
3837,4,bar_u,138407,138400,32,1,False,0.203125,1,False,0.203125,1,False,0.203125,True,False,1,0
3838,4,bar_u,138470,138463,32,1,False,0.203125,1,False,0.203125,1,False,0.203125,True,False,1,0
3839,4,bar_u,138531,138524,32,1,False,0.109375,1,False,0.109375,1,False,0.109375,True,False,1,0
3840,4,bar_u,138533,138526,32,1,False,0.203125,1,False,0.203125,1,False,0.203125,True,False,1,0
3841,4,bar_u,138594,138587,32,1,False,0.109375,1,False,0.109375,1,False,0.109375,True,False,1,0
3842,4,bar_u,138596,138589,32,1,False,0.203125,1,False,0.203125,1,False,0.203125,True,False,1,0
3843,4,bar_u,138650,138643,32,1,False,0.171875,1,False,0.171875,1,False,0.171875,True,False,1,0
3844,4,bar_u,138659,138652,32,1,False,0.203125,1,False,0.203125,1,False,0.203125,True,False,1,0
3845,4,bar_u,138722,138715,32,1,False,0.203125,1,False,0.203125,1,False,0.203125,True,False,1,0
3846,4,bar_u,138785,138778,32,1,False,0.203125,1,False,0.203125,1,False,0.203125,True,False,1,0
3847,4,bar_u,138846,138839,32,1,False,0.109375,1,False,0.109375,1,False,0.109375,True,False,1,0
3848,4,bar_u,138848,138841,32,1,False,0.203125,1,False,0.203125,1,False,0.203125,True,False,1,0
3849,4,bar_u,138909,138902,32,1,False,0.109375,1,False,0.109375,1,False,0.109375,True,False,1,0
3850,4,bar_u,138911,138904,32,1,False,0.203125,1,False,0.203125,1,False,0.203125,True,False,1,0
3851,4,bar_u,138965,138958,32,1,False,0.171875,1,False,0.171875,1,False,0.171875,True,False,1,0
3852,4,bar_u,138974,138967,32,1,False,0.203125,1,False,0.203125,1,False,0.203125,True,False,1,0
3853,4,bar_u,139037,139030,32,1,False,0.203125,1,False,0.203125,1,False,0.203125,True,False,1,0
3854,4,bar_u,139100,139093,32,1,False,0.203125,1,False,0.203125,1,False,0.203125,True,False,1,0
3855,4,bar_u,139161,139154,32,1,False,0.109375,1,False,0.109375,1,False,0.109375,True,False,1,0
3856,4,bar_u,139163,139156,32,1,False,0.203125,1,False,0.203125,1,False,0.203125,True,False,1,0
3857,4,bar_u,139224,139217,32,1,False,0.109375,1,False,0.109375,1,False,0.109375,True,False,1,0
3858,4,bar_u,139226,139219,32,1,False,0.203125,1,False,0.203125,1,False,0.203125,True,False,1,0
3859,4,bar_u,139280,139273,32,1,False,0.171875,1,False,0.171875,1,False,0.171875,True,False,1,0
3860,4,bar_u,139289,139282,32,1,False,0.203125,1,False,0.203125,1,False,0.203125,True,False,1,0
3861,4,bar_u,139352,139345,32,1,False,0.203125,1,False,0.203125,1,False,0.203125,True,False,1,0
3862,4,bar_u,139415,139408,32,1,False,0.203125,1,False,0.203125,1,False,0.203125,True,False,1,0
3863,4,bar_u,139476,139469,32,1,False,0.109375,1,False,0.109375,1,False,0.109375,True,False,1,0
3864,4,bar_u,139478,139471,32,1,False,0.203125,1,False,0.203125,1,False,0.203125,True,False,1,0
3865,4,bar_u,139539,139532,32,1,False,0.109375,1,False,0.109375,1,False,0.109375,True,False,1,0
3866,4,bar_u,139541,139534,32,1,False,0.203125,1,False,0.203125,1,False,0.203125,True,False,1,0
3867,4,bar_u,139595,139588,32,1,False,0.171875,1,False,0.171875,1,False,0.171875,True,False,1,0
3868,4,bar_u,139604,139597,32,1,False,0.203125,1,False,0.203125,1,False,0.203125,True,False,1,0
3869,4,bar_u,139667,139660,32,1,False,0.203125,1,False,0.203125,1,False,0.203125,True,False,1,0
3870,4,bar_u,139730,139723,32,1,False,0.203125,1,False,0.203125,1,False,0.203125,True,False,1,0
3871,4,bar_u,139791,139784,32,1,False,0.109375,1,False,0.109375,1,False,0.109375,True,False,1,0
3872,4,bar_u,139793,139786,32,1,False,0.203125,1,False,0.203125,1,False,0.203125,True,False,1,0
3873,4,bar_u,139854,139847,32,1,False,0.109375,1,False,0.109375,1,False,0.109375,True,False,1,0
3874,4,bar_u,139856,139849,32,1,False,0.203125,1,False,0.203125,1,False,0.203125,True,False,1,0
3875,4,bar_u,139910,139903,32,1,False,0.171875,1,False,0.171875,1,False,0.171875,True,False,1,0
3876,4,bar_u,139919,139912,32,1,False,0.203125,1,False,0.203125,1,False,0.203125,True,False,1,0
3877,4,bar_u,139982,139975,32,1,False,0.203125,1,False,0.203125,1,False,0.203125,True,False,1,0
3878,4,bar_u,140045,140038,32,1,False,0.203125,1,False,0.203125,1,False,0.203125,True,False,1,0
3879,4,bar_u,140106,140099,32,1,False,0.109375,1,False,0.109375,1,False,0.109375,True,False,1,0
3880,4,bar_u,140108,140101,32,1,False,0.203125,1,False,0.203125,1,False,0.203125,True,False,1,0
3881,4,bar_u,140169,140162,32,1,False,0.109375,1,False,0.109375,1,False,0.109375,True,False,1,0
3882,4,bar_u,140171,140164,32,1,False,0.203125,1,False,0.203125,1,False,0.203125,True,False,1,0
3883,4,bar_u,140225,140218,32,1,False,0.171875,1,False,0.171875,1,False,0.171875,True,False,1,0
3884,4,bar_u,140234,140227,32,1,False,0.203125,1,False,0.203125,1,False,0.203125,True,False,1,0
3885,4,bar_u,140297,140290,32,1,False,0.203125,1,False,0.203125,1,False,0.203125,True,False,1,0
3886,4,bar_u,140360,140353,32,1,False,0.203125,1,False,0.203125,1,False,0.203125,True,False,1,0
3887,4,bar_u,140421,140414,32,1,False,0.109375,1,False,0.109375,1,False,0.109375,True,False,1,0
3888,4,bar_u,140423,140416,32,1,False,0.203125,1,False,0.203125,1,False,0.203125,True,False,1,0
3889,4,bar_u,140484,140477,32,1,False,0.109375,1,False,0.109375,1,False,0.109375,True,False,1,0
3890,4,bar_u,140486,140479,32,1,False,0.203125,1,False,0.203125,1,False,0.203125,True,False,1,0
3891,4,bar_u,140540,140533,32,1,False,0.171875,1,False,0.171875,1,False,0.171875,True,False,1,0
3892,4,bar_u,140549,140542,32,1,False,0.203125,1,False,0.203125,1,False,0.203125,True,False,1,0
3893,4,bar_u,140612,140605,32,1,False,0.203125,1,False,0.203125,1,False,0.203125,True,False,1,0
3894,4,bar_u,140675,140668,32,1,False,0.203125,1,False,0.203125,1,False,0.203125,True,False,1,0
3895,4,bar_u,140736,140729,32,1,False,0.109375,1,False,0.109375,1,False,0.109375,True,False,1,0
3896,4,bar_u,140738,140731,32,1,False,0.203125,1,False,0.203125,1,False,0.203125,True,False,1,0
3897,4,bar_u,140799,140792,32,1,False,0.109375,1,False,0.109375,1,False,0.109375,True,False,1,0
3898,4,bar_u,140801,140794,32,1,False,0.203125,1,False,0.203125,1,False,0.203125,True,False,1,0
3899,4,bar_u,140855,140848,32,1,False,0.171875,1,False,0.171875,1,False,0.171875,True,False,1,0
3900,4,bar_u,140864,140857,32,1,False,0.203125,1,False,0.203125,1,False,0.203125,True,False,1,0
3901,4,bar_u,140927,140920,32,1,False,0.203125,1,False,0.203125,1,False,0.203125,True,False,1,0
3902,4,bar_u,140990,140983,32,1,False,0.203125,1,False,0.203125,1,False,0.203125,True,False,1,0
3903,4,bar_u,141051,141044,32,1,False,0.109375,1,False,0.109375,1,False,0.109375,True,False,1,0
3904,4,bar_u,141053,141046,32,1,False,0.203125,1,False,0.203125,1,False,0.203125,True,False,1,0
3905,4,bar_u,141114,141107,32,1,False,0.109375,1,False,0.109375,1,False,0.109375,True,False,1,0
3906,4,bar_u,141116,141109,32,1,False,0.203125,1,False,0.203125,1,False,0.203125,True,False,1,0
3907,4,bar_u,141170,141163,32,1,False,0.171875,1,False,0.171875,1,False,0.171875,True,False,1,0
3908,4,bar_u,141179,141172,32,1,False,0.203125,1,False,0.203125,1,False,0.203125,True,False,1,0
3909,4,bar_u,141242,141235,32,1,False,0.203125,1,False,0.203125,1,False,0.203125,True,False,1,0
3910,4,bar_u,141305,141298,32,1,False,0.203125,1,False,0.203125,1,False,0.203125,True,False,1,0
3911,4,bar_u,141366,141359,32,1,False,0.109375,1,False,0.109375,1,False,0.109375,True,False,1,0
3912,4,bar_u,141368,141361,32,1,False,0.203125,1,False,0.203125,1,False,0.203125,True,False,1,0
3913,4,bar_u,141429,141422,32,1,False,0.109375,1,False,0.109375,1,False,0.109375,True,False,1,0
3914,4,bar_u,141431,141424,32,1,False,0.203125,1,False,0.203125,1,False,0.203125,True,False,1,0
3915,4,bar_u,141485,141478,32,1,False,0.171875,1,False,0.171875,1,False,0.171875,True,False,1,0
3916,4,bar_u,141494,141487,32,1,False,0.203125,1,False,0.203125,1,False,0.203125,True,False,1,0
3917,4,bar_u,141557,141550,32,1,False,0.203125,1,False,0.203125,1,False,0.203125,True,False,1,0
3918,4,bar_u,141620,141613,32,1,False,0.203125,1,False,0.203125,1,False,0.203125,True,False,1,0
3919,4,bar_u,141681,141674,32,1,False,0.109375,1,False,0.109375,1,False,0.109375,True,False,1,0
3920,4,bar_u,141683,141676,32,1,False,0.203125,1,False,0.203125,1,False,0.203125,True,False,1,0
3921,4,bar_u,141744,141737,32,1,False,0.109375,1,False,0.109375,1,False,0.109375,True,False,1,0
3922,4,bar_u,141746,141739,32,1,False,0.203125,1,False,0.203125,1,False,0.203125,True,False,1,0
3923,4,bar_u,141800,141793,32,1,False,0.171875,1,False,0.171875,1,False,0.171875,True,False,1,0
3924,4,bar_u,141809,141802,32,1,False,0.203125,1,False,0.203125,1,False,0.203125,True,False,1,0
3925,4,bar_u,141872,141865,32,1,False,0.203125,1,False,0.203125,1,False,0.203125,True,False,1,0
3926,4,bar_u,141935,141928,32,1,False,0.203125,1,False,0.203125,1,False,0.203125,True,False,1,0
3927,4,bar_u,141996,141989,32,1,False,0.109375,1,False,0.109375,1,False,0.109375,True,False,1,0
3928,4,bar_u,141998,141991,32,1,False,0.203125,1,False,0.203125,1,False,0.203125,True,False,1,0
3929,4,bar_u,142059,142052,32,1,False,0.109375,1,False,0.109375,1,False,0.109375,True,False,1,0
3930,4,bar_u,142061,142054,32,1,False,0.203125,1,False,0.203125,1,False,0.203125,True,False,1,0
3931,4,bar_u,142115,142108,32,1,False,0.171875,1,False,0.171875,1,False,0.171875,True,False,1,0
3932,4,bar_u,142124,142117,32,1,False,0.203125,1,False,0.203125,1,False,0.203125,True,False,1,0
3933,4,bar_u,142187,142180,32,1,False,0.203125,1,False,0.203125,1,False,0.203125,True,False,1,0
3934,4,bar_u,142250,142243,32,1,False,0.203125,1,False,0.203125,1,False,0.203125,True,False,1,0
3935,4,bar_u,142311,142304,32,1,False,0.109375,1,False,0.109375,1,False,0.109375,True,False,1,0
3936,4,bar_u,142313,142306,32,1,False,0.203125,1,False,0.203125,1,False,0.203125,True,False,1,0
3937,4,bar_u,142374,142367,32,1,False,0.109375,1,False,0.109375,1,False,0.109375,True,False,1,0
3938,4,bar_u,142376,142369,32,1,False,0.203125,1,False,0.203125,1,False,0.203125,True,False,1,0
3939,4,bar_u,142430,142423,32,1,False,0.171875,1,False,0.171875,1,False,0.171875,True,False,1,0
3940,4,bar_u,142439,142432,32,1,False,0.203125,1,False,0.203125,1,False,0.203125,True,False,1,0
3941,4,bar_u,142502,142495,32,1,False,0.203125,1,False,0.203125,1,False,0.203125,True,False,1,0
3942,4,bar_u,142565,142558,32,1,False,0.203125,1,False,0.203125,1,False,0.203125,True,False,1,0
3943,4,bar_u,142626,142619,32,1,False,0.109375,1,False,0.109375,1,False,0.109375,True,False,1,0
3944,4,bar_u,142628,142621,32,1,False,0.203125,1,False,0.203125,1,False,0.203125,True,False,1,0
3945,4,bar_u,142689,142682,32,1,False,0.109375,1,False,0.109375,1,False,0.109375,True,False,1,0
3946,4,bar_u,142691,142684,32,1,False,0.203125,1,False,0.203125,1,False,0.203125,True,False,1,0
3947,4,bar_u,142745,142738,32,1,False,0.171875,1,False,0.171875,1,False,0.171875,True,False,1,0
3948,4,bar_u,142754,142747,32,1,False,0.203125,1,False,0.203125,1,False,0.203125,True,False,1,0
3949,4,bar_u,142817,142810,32,1,False,0.203125,1,False,0.203125,1,False,0.203125,True,False,1,0
3950,4,bar_u,142880,142873,32,1,False,0.203125,1,False,0.203125,1,False,0.203125,True,False,1,0
3951,4,bar_u,142941,142934,32,1,False,0.109375,1,False,0.109375,1,False,0.109375,True,False,1,0
3952,4,bar_u,142943,142936,32,1,False,0.203125,1,False,0.203125,1,False,0.203125,True,False,1,0
3953,4,bar_u,143004,142997,32,1,False,0.109375,1,False,0.109375,1,False,0.109375,True,False,1,0
3954,4,bar_u,143006,142999,32,1,False,0.203125,1,False,0.203125,1,False,0.203125,True,False,1,0
3955,4,bar_u,143060,143053,32,1,False,0.171875,1,False,0.171875,1,False,0.171875,True,False,1,0
3956,4,bar_u,143069,143062,32,1,False,0.203125,1,False,0.203125,1,False,0.203125,True,False,1,0
3957,4,bar_u,143132,143125,32,1,False,0.203125,1,False,0.203125,1,False,0.203125,True,False,1,0
3958,4,bar_u,143195,143188,32,1,False,0.203125,1,False,0.203125,1,False,0.203125,True,False,1,0
3959,4,bar_u,143256,143249,32,1,False,0.109375,1,False,0.109375,1,False,0.109375,True,False,1,0
3960,4,bar_u,143258,143251,32,1,False,0.203125,1,False,0.203125,1,False,0.203125,True,False,1,0
3961,4,bar_u,143319,143312,32,1,False,0.109375,1,False,0.109375,1,False,0.109375,True,False,1,0
3962,4,bar_u,143321,143314,32,1,False,0.203125,1,False,0.203125,1,False,0.203125,True,False,1,0
3963,5,age,1821,1820,32,1,False,0.296875,1,False,0.296875,1,False,0.296875,True,False,1,0
3964,5,age,1821,1822,32,3,True,0.078125;0.703125;0.765625,3,True,0.078125;0.703125;0.765625,3,True,0.078125;0.703125;0.765625,True,True,3,0
3965,5,age,1884,1883,32,1,False,0.296875,1,False,0.296875,1,False,0.296875,True,False,1,0
3966,5,age,1884,1885,32,3,True,0.078125;0.703125;0.984375,3,True,0.078125;0.703125;0.984375,3,True,0.078125;0.703125;0.984375,True,True,3,0
3967,5,age,2136,2135,32,1,False,0.296875,1,False,0.296875,1,False,0.296875,True,False,1,0
3968,5,age,2136,2137,32,3,True,0.078125;0.703125;0.765625,3,True,0.078125;0.703125;0.765625,3,True,0.078125;0.703125;0.765625,True,True,3,0
3969,5,age,2199,2198,32,1,False,0.296875,1,False,0.296875,1,False,0.296875,True,False,1,0
3970,5,age,2199,2200,32,3,True,0.078125;0.703125;0.984375,3,True,0.078125;0.703125;0.984375,3,True,0.078125;0.703125;0.984375,True,True,3,0
3971,5,age,2451,2450,32,1,False,0.296875,1,False,0.296875,1,False,0.296875,True,False,1,0
3972,5,age,2451,2452,32,3,True,0.078125;0.703125;0.765625,3,True,0.078125;0.703125;0.765625,3,True,0.078125;0.703125;0.765625,True,True,3,0
3973,5,age,2514,2513,32,1,False,0.296875,1,False,0.296875,1,False,0.296875,True,False,1,0
3974,5,age,2514,2515,32,3,True,0.078125;0.703125;0.984375,3,True,0.078125;0.703125;0.984375,3,True,0.078125;0.703125;0.984375,True,True,3,0
3975,5,age,2766,2765,32,1,False,0.296875,1,False,0.296875,1,False,0.296875,True,False,1,0
3976,5,age,2766,2767,32,3,True,0.078125;0.703125;0.765625,3,True,0.078125;0.703125;0.765625,3,True,0.078125;0.703125;0.765625,True,True,3,0
3977,5,age,2829,2828,32,1,False,0.296875,1,False,0.296875,1,False,0.296875,True,False,1,0
3978,5,age,2829,2830,32,3,True,0.078125;0.703125;0.984375,3,True,0.078125;0.703125;0.984375,3,True,0.078125;0.703125;0.984375,True,True,3,0
3979,5,age,3081,3080,32,1,False,0.296875,1,False,0.296875,1,False,0.296875,True,False,1,0
3980,5,age,3081,3082,32,3,True,0.078125;0.703125;0.765625,3,True,0.078125;0.703125;0.765625,3,True,0.078125;0.703125;0.765625,True,True,3,0
3981,5,age,3144,3143,32,1,False,0.296875,1,False,0.296875,1,False,0.296875,True,False,1,0
3982,5,age,3144,3145,32,3,True,0.078125;0.703125;0.984375,3,True,0.078125;0.703125;0.984375,3,True,0.078125;0.703125;0.984375,True,True,3,0
3983,5,age,3200,3199,32,3,True,0.109375;0.296875;0.921875,3,True,0.109375;0.296875;0.921875,3,True,0.109375;0.296875;0.921875,True,True,3,0
3984,5,age,3200,3201,32,1,False,0.078125,1,False,0.078125,1,False,0.078125,True,False,1,0
3985,5,age,3207,3206,32,1,False,0.984375,1,False,0.984375,1,False,0.984375,True,False,1,0
3986,5,age,3207,3208,32,1,False,0.765625,1,False,0.765625,1,False,0.765625,True,False,1,0
3987,5,age,3209,3208,32,1,False,0.296875,1,False,0.296875,1,False,0.296875,True,False,1,0
3988,5,age,3209,3210,32,3,True,0.140625;0.703125;0.828125,3,True,0.140625;0.703125;0.828125,3,True,0.140625;0.703125;0.828125,True,True,3,0
3989,5,age,3272,3271,32,1,False,0.296875,1,False,0.296875,1,False,0.296875,True,False,1,0
3990,5,age,3272,3273,32,3,True,0.140625;0.703125;0.828125,3,True,0.140625;0.703125;0.828125,3,True,0.140625;0.703125;0.828125,True,True,3,0
3991,5,age,3335,3334,32,1,False,0.296875,1,False,0.296875,1,False,0.296875,True,False,1,0
3992,5,age,3335,3336,32,3,True,0.140625;0.703125;0.828125,3,True,0.140625;0.703125;0.828125,3,True,0.140625;0.703125;0.828125,True,True,3,0
3993,5,age,3396,3395,32,1,False,0.296875,1,False,0.296875,1,False,0.296875,True,False,1,0
3994,5,age,3396,3397,32,3,True,0.078125;0.703125;0.765625,3,True,0.078125;0.703125;0.765625,3,True,0.078125;0.703125;0.765625,True,True,3,0
3995,5,age,3398,3397,32,1,False,0.296875,1,False,0.296875,1,False,0.296875,True,False,1,0
3996,5,age,3398,3399,32,3,True,0.140625;0.703125;0.828125,3,True,0.140625;0.703125;0.828125,3,True,0.140625;0.703125;0.828125,True,True,3,0
3997,5,age,3459,3458,32,1,False,0.296875,1,False,0.296875,1,False,0.296875,True,False,1,0
3998,5,age,3459,3460,32,3,True,0.078125;0.703125;0.984375,3,True,0.078125;0.703125;0.984375,3,True,0.078125;0.703125;0.984375,True,True,3,0
3999,5,age,3461,3460,32,1,False,0.296875,1,False,0.296875,1,False,0.296875,True,False,1,0
4000,5,age,3461,3462,32,3,True,0.140625;0.703125;0.828125,3,True,0.140625;0.703125;0.828125,3,True,0.140625;0.703125;0.828125,True,True,3,0
4001,5,age,3515,3514,32,3,True,0.109375;0.296875;0.921875,3,True,0.109375;0.296875;0.921875,3,True,0.109375;0.296875;0.921875,True,True,3,0
4002,5,age,3515,3516,32,1,False,0.078125,1,False,0.078125,1,False,0.078125,True,False,1,0
4003,5,age,3522,3521,32,1,False,0.984375,1,False,0.984375,1,False,0.984375,True,False,1,0
4004,5,age,3522,3523,32,1,False,0.765625,1,False,0.765625,1,False,0.765625,True,False,1,0
4005,5,age,3524,3523,32,1,False,0.296875,1,False,0.296875,1,False,0.296875,True,False,1,0
4006,5,age,3524,3525,32,3,True,0.140625;0.703125;0.828125,3,True,0.140625;0.703125;0.828125,3,True,0.140625;0.703125;0.828125,True,True,3,0
4007,5,age,3587,3586,32,1,False,0.296875,1,False,0.296875,1,False,0.296875,True,False,1,0
4008,5,age,3587,3588,32,3,True,0.140625;0.703125;0.828125,3,True,0.140625;0.703125;0.828125,3,True,0.140625;0.703125;0.828125,True,True,3,0
4009,5,age,3650,3649,32,1,False,0.296875,1,False,0.296875,1,False,0.296875,True,False,1,0
4010,5,age,3650,3651,32,3,True,0.140625;0.703125;0.828125,3,True,0.140625;0.703125;0.828125,3,True,0.140625;0.703125;0.828125,True,True,3,0
4011,5,age,3711,3710,32,1,False,0.296875,1,False,0.296875,1,False,0.296875,True,False,1,0
4012,5,age,3711,3712,32,3,True,0.078125;0.703125;0.765625,3,True,0.078125;0.703125;0.765625,3,True,0.078125;0.703125;0.765625,True,True,3,0
4013,5,age,3713,3712,32,1,False,0.296875,1,False,0.296875,1,False,0.296875,True,False,1,0
4014,5,age,3713,3714,32,3,True,0.140625;0.703125;0.828125,3,True,0.140625;0.703125;0.828125,3,True,0.140625;0.703125;0.828125,True,True,3,0
4015,5,age,3774,3773,32,1,False,0.296875,1,False,0.296875,1,False,0.296875,True,False,1,0
4016,5,age,3774,3775,32,3,True,0.078125;0.703125;0.984375,3,True,0.078125;0.703125;0.984375,3,True,0.078125;0.703125;0.984375,True,True,3,0
4017,5,age,3776,3775,32,1,False,0.296875,1,False,0.296875,1,False,0.296875,True,False,1,0
4018,5,age,3776,3777,32,3,True,0.140625;0.703125;0.828125,3,True,0.140625;0.703125;0.828125,3,True,0.140625;0.703125;0.828125,True,True,3,0
4019,5,age,3830,3829,32,3,True,0.109375;0.296875;0.921875,3,True,0.109375;0.296875;0.921875,3,True,0.109375;0.296875;0.921875,True,True,3,0
4020,5,age,3830,3831,32,1,False,0.078125,1,False,0.078125,1,False,0.078125,True,False,1,0
4021,5,age,3837,3836,32,1,False,0.984375,1,False,0.984375,1,False,0.984375,True,False,1,0
4022,5,age,3837,3838,32,1,False,0.765625,1,False,0.765625,1,False,0.765625,True,False,1,0
4023,5,age,3839,3838,32,1,False,0.296875,1,False,0.296875,1,False,0.296875,True,False,1,0
4024,5,age,3839,3840,32,3,True,0.140625;0.703125;0.828125,3,True,0.140625;0.703125;0.828125,3,True,0.140625;0.703125;0.828125,True,True,3,0
4025,5,age,3902,3901,32,1,False,0.296875,1,False,0.296875,1,False,0.296875,True,False,1,0
4026,5,age,3902,3903,32,3,True,0.140625;0.703125;0.828125,3,True,0.140625;0.703125;0.828125,3,True,0.140625;0.703125;0.828125,True,True,3,0
4027,5,age,3965,3964,32,1,False,0.296875,1,False,0.296875,1,False,0.296875,True,False,1,0
4028,5,age,3965,3966,32,3,True,0.140625;0.703125;0.828125,3,True,0.140625;0.703125;0.828125,3,True,0.140625;0.703125;0.828125,True,True,3,0
4029,5,age,4026,4025,32,1,False,0.296875,1,False,0.296875,1,False,0.296875,True,False,1,0
4030,5,age,4026,4027,32,3,True,0.078125;0.703125;0.765625,3,True,0.078125;0.703125;0.765625,3,True,0.078125;0.703125;0.765625,True,True,3,0
4031,5,age,4028,4027,32,1,False,0.296875,1,False,0.296875,1,False,0.296875,True,False,1,0
4032,5,age,4028,4029,32,3,True,0.140625;0.703125;0.828125,3,True,0.140625;0.703125;0.828125,3,True,0.140625;0.703125;0.828125,True,True,3,0
4033,5,age,4089,4088,32,1,False,0.296875,1,False,0.296875,1,False,0.296875,True,False,1,0
4034,5,age,4089,4090,32,3,True,0.078125;0.703125;0.984375,3,True,0.078125;0.703125;0.984375,3,True,0.078125;0.703125;0.984375,True,True,3,0
4035,5,age,4091,4090,32,1,False,0.296875,1,False,0.296875,1,False,0.296875,True,False,1,0
4036,5,age,4091,4092,32,3,True,0.140625;0.703125;0.828125,3,True,0.140625;0.703125;0.828125,3,True,0.140625;0.703125;0.828125,True,True,3,0
4037,5,age,4145,4144,32,3,True,0.109375;0.296875;0.921875,3,True,0.109375;0.296875;0.921875,3,True,0.109375;0.296875;0.921875,True,True,3,0
4038,5,age,4145,4146,32,1,False,0.078125,1,False,0.078125,1,False,0.078125,True,False,1,0
4039,5,age,4152,4151,32,1,False,0.984375,1,False,0.984375,1,False,0.984375,True,False,1,0
4040,5,age,4152,4153,32,1,False,0.765625,1,False,0.765625,1,False,0.765625,True,False,1,0
4041,5,age,4154,4153,32,1,False,0.296875,1,False,0.296875,1,False,0.296875,True,False,1,0
4042,5,age,4154,4155,32,3,True,0.140625;0.703125;0.828125,3,True,0.140625;0.703125;0.828125,3,True,0.140625;0.703125;0.828125,True,True,3,0
4043,5,age,4217,4216,32,1,False,0.296875,1,False,0.296875,1,False,0.296875,True,False,1,0
4044,5,age,4217,4218,32,3,True,0.140625;0.703125;0.828125,3,True,0.140625;0.703125;0.828125,3,True,0.140625;0.703125;0.828125,True,True,3,0
4045,5,age,4280,4279,32,1,False,0.296875,1,False,0.296875,1,False,0.296875,True,False,1,0
4046,5,age,4280,4281,32,3,True,0.140625;0.703125;0.828125,3,True,0.140625;0.703125;0.828125,3,True,0.140625;0.703125;0.828125,True,True,3,0
4047,5,age,4341,4340,32,1,False,0.296875,1,False,0.296875,1,False,0.296875,True,False,1,0
4048,5,age,4341,4342,32,3,True,0.078125;0.703125;0.765625,3,True,0.078125;0.703125;0.765625,3,True,0.078125;0.703125;0.765625,True,True,3,0
4049,5,age,4343,4342,32,1,False,0.296875,1,False,0.296875,1,False,0.296875,True,False,1,0
4050,5,age,4343,4344,32,3,True,0.140625;0.703125;0.828125,3,True,0.140625;0.703125;0.828125,3,True,0.140625;0.703125;0.828125,True,True,3,0
4051,5,age,4404,4403,32,1,False,0.296875,1,False,0.296875,1,False,0.296875,True,False,1,0
4052,5,age,4404,4405,32,3,True,0.078125;0.703125;0.984375,3,True,0.078125;0.703125;0.984375,3,True,0.078125;0.703125;0.984375,True,True,3,0
4053,5,age,4406,4405,32,1,False,0.296875,1,False,0.296875,1,False,0.296875,True,False,1,0
4054,5,age,4406,4407,32,3,True,0.140625;0.703125;0.828125,3,True,0.140625;0.703125;0.828125,3,True,0.140625;0.703125;0.828125,True,True,3,0
4055,5,age,4460,4459,32,3,True,0.109375;0.296875;0.921875,3,True,0.109375;0.296875;0.921875,3,True,0.109375;0.296875;0.921875,True,True,3,0
4056,5,age,4460,4461,32,1,False,0.078125,1,False,0.078125,1,False,0.078125,True,False,1,0
4057,5,age,4467,4466,32,1,False,0.984375,1,False,0.984375,1,False,0.984375,True,False,1,0
4058,5,age,4467,4468,32,1,False,0.765625,1,False,0.765625,1,False,0.765625,True,False,1,0
4059,5,age,4469,4468,32,1,False,0.296875,1,False,0.296875,1,False,0.296875,True,False,1,0
4060,5,age,4469,4470,32,3,True,0.140625;0.703125;0.828125,3,True,0.140625;0.703125;0.828125,3,True,0.140625;0.703125;0.828125,True,True,3,0
4061,5,age,4532,4531,32,1,False,0.296875,1,False,0.296875,1,False,0.296875,True,False,1,0
4062,5,age,4532,4533,32,3,True,0.140625;0.703125;0.828125,3,True,0.140625;0.703125;0.828125,3,True,0.140625;0.703125;0.828125,True,True,3,0
4063,5,age,4595,4594,32,1,False,0.296875,1,False,0.296875,1,False,0.296875,True,False,1,0
4064,5,age,4595,4596,32,3,True,0.140625;0.703125;0.828125,3,True,0.140625;0.703125;0.828125,3,True,0.140625;0.703125;0.828125,True,True,3,0
4065,5,age,4656,4655,32,1,False,0.296875,1,False,0.296875,1,False,0.296875,True,False,1,0
4066,5,age,4656,4657,32,3,True,0.078125;0.703125;0.765625,3,True,0.078125;0.703125;0.765625,3,True,0.078125;0.703125;0.765625,True,True,3,0
4067,5,age,4658,4657,32,1,False,0.296875,1,False,0.296875,1,False,0.296875,True,False,1,0
4068,5,age,4658,4659,32,3,True,0.140625;0.703125;0.828125,3,True,0.140625;0.703125;0.828125,3,True,0.140625;0.703125;0.828125,True,True,3,0
4069,5,age,4719,4718,32,1,False,0.296875,1,False,0.296875,1,False,0.296875,True,False,1,0
4070,5,age,4719,4720,32,3,True,0.078125;0.703125;0.984375,3,True,0.078125;0.703125;0.984375,3,True,0.078125;0.703125;0.984375,True,True,3,0
4071,5,age,4721,4720,32,1,False,0.296875,1,False,0.296875,1,False,0.296875,True,False,1,0
4072,5,age,4721,4722,32,3,True,0.140625;0.703125;0.828125,3,True,0.140625;0.703125;0.828125,3,True,0.140625;0.703125;0.828125,True,True,3,0
4073,5,age,4775,4774,32,3,True,0.109375;0.296875;0.921875,3,True,0.109375;0.296875;0.921875,3,True,0.109375;0.296875;0.921875,True,True,3,0
4074,5,age,4775,4776,32,1,False,0.078125,1,False,0.078125,1,False,0.078125,True,False,1,0
4075,5,age,4782,4781,32,1,False,0.984375,1,False,0.984375,1,False,0.984375,True,False,1,0
4076,5,age,4782,4783,32,1,False,0.765625,1,False,0.765625,1,False,0.765625,True,False,1,0
4077,5,age,4784,4783,32,1,False,0.296875,1,False,0.296875,1,False,0.296875,True,False,1,0
4078,5,age,4784,4785,32,3,True,0.140625;0.703125;0.828125,3,True,0.140625;0.703125;0.828125,3,True,0.140625;0.703125;0.828125,True,True,3,0
4079,5,age,4847,4846,32,1,False,0.296875,1,False,0.296875,1,False,0.296875,True,False,1,0
4080,5,age,4847,4848,32,3,True,0.140625;0.703125;0.828125,3,True,0.140625;0.703125;0.828125,3,True,0.140625;0.703125;0.828125,True,True,3,0
4081,5,age,4910,4909,32,1,False,0.296875,1,False,0.296875,1,False,0.296875,True,False,1,0
4082,5,age,4910,4911,32,3,True,0.140625;0.703125;0.828125,3,True,0.140625;0.703125;0.828125,3,True,0.140625;0.703125;0.828125,True,True,3,0
4083,5,age,4973,4972,32,1,False,0.296875,1,False,0.296875,1,False,0.296875,True,False,1,0
4084,5,age,4973,4974,32,3,True,0.140625;0.703125;0.828125,3,True,0.140625;0.703125;0.828125,3,True,0.140625;0.703125;0.828125,True,True,3,0
4085,5,age,5036,5035,32,1,False,0.296875,1,False,0.296875,1,False,0.296875,True,False,1,0
4086,5,age,5036,5037,32,3,True,0.140625;0.703125;0.828125,3,True,0.140625;0.703125;0.828125,3,True,0.140625;0.703125;0.828125,True,True,3,0
4087,5,age,5090,5089,32,3,True,0.109375;0.296875;0.921875,3,True,0.109375;0.296875;0.921875,3,True,0.109375;0.296875;0.921875,True,True,3,0
4088,5,age,5090,5091,32,1,False,0.078125,1,False,0.078125,1,False,0.078125,True,False,1,0
4089,5,age,5097,5096,32,1,False,0.984375,1,False,0.984375,1,False,0.984375,True,False,1,0
4090,5,age,5097,5098,32,1,False,0.765625,1,False,0.765625,1,False,0.765625,True,False,1,0
4091,5,age,5099,5098,32,1,False,0.296875,1,False,0.296875,1,False,0.296875,True,False,1,0
4092,5,age,5099,5100,32,3,True,0.140625;0.703125;0.828125,3,True,0.140625;0.703125;0.828125,3,True,0.140625;0.703125;0.828125,True,True,3,0
4093,5,age,5162,5161,32,1,False,0.296875,1,False,0.296875,1,False,0.296875,True,False,1,0
4094,5,age,5162,5163,32,3,True,0.140625;0.703125;0.828125,3,True,0.140625;0.703125;0.828125,3,True,0.140625;0.703125;0.828125,True,True,3,0
4095,5,age,5225,5224,32,1,False,0.296875,1,False,0.296875,1,False,0.296875,True,False,1,0
4096,5,age,5225,5226,32,3,True,0.140625;0.703125;0.828125,3,True,0.140625;0.703125;0.828125,3,True,0.140625;0.703125;0.828125,True,True,3,0
4097,5,age,5288,5287,32,1,False,0.296875,1,False,0.296875,1,False,0.296875,True,False,1,0
4098,5,age,5288,5289,32,3,True,0.140625;0.703125;0.828125,3,True,0.140625;0.703125;0.828125,3,True,0.140625;0.703125;0.828125,True,True,3,0
4099,5,age,5351,5350,32,1,False,0.296875,1,False,0.296875,1,False,0.296875,True,False,1,0
4100,5,age,5351,5352,32,3,True,0.140625;0.703125;0.828125,3,True,0.140625;0.703125;0.828125,3,True,0.140625;0.703125;0.828125,True,True,3,0
4101,5,age,5405,5404,32,3,True,0.109375;0.296875;0.921875,3,True,0.109375;0.296875;0.921875,3,True,0.109375;0.296875;0.921875,True,True,3,0
4102,5,age,5405,5406,32,1,False,0.078125,1,False,0.078125,1,False,0.078125,True,False,1,0
4103,5,age,5412,5411,32,1,False,0.984375,1,False,0.984375,1,False,0.984375,True,False,1,0
4104,5,age,5412,5413,32,1,False,0.765625,1,False,0.765625,1,False,0.765625,True,False,1,0
4105,5,age,5414,5413,32,1,False,0.296875,1,False,0.296875,1,False,0.296875,True,False,1,0
4106,5,age,5414,5415,32,3,True,0.140625;0.703125;0.828125,3,True,0.140625;0.703125;0.828125,3,True,0.140625;0.703125;0.828125,True,True,3,0
4107,5,age,5477,5476,32,1,False,0.296875,1,False,0.296875,1,False,0.296875,True,False,1,0
4108,5,age,5477,5478,32,3,True,0.140625;0.703125;0.828125,3,True,0.140625;0.703125;0.828125,3,True,0.140625;0.703125;0.828125,True,True,3,0
4109,5,age,5540,5539,32,1,False,0.296875,1,False,0.296875,1,False,0.296875,True,False,1,0
4110,5,age,5540,5541,32,3,True,0.140625;0.703125;0.828125,3,True,0.140625;0.703125;0.828125,3,True,0.140625;0.703125;0.828125,True,True,3,0
4111,5,age,5603,5602,32,1,False,0.296875,1,False,0.296875,1,False,0.296875,True,False,1,0
4112,5,age,5603,5604,32,3,True,0.140625;0.703125;0.828125,3,True,0.140625;0.703125;0.828125,3,True,0.140625;0.703125;0.828125,True,True,3,0
4113,5,age,5666,5665,32,1,False,0.296875,1,False,0.296875,1,False,0.296875,True,False,1,0
4114,5,age,5666,5667,32,3,True,0.140625;0.703125;0.828125,3,True,0.140625;0.703125;0.828125,3,True,0.140625;0.703125;0.828125,True,True,3,0
4115,5,age,5720,5719,32,3,True,0.109375;0.296875;0.921875,3,True,0.109375;0.296875;0.921875,3,True,0.109375;0.296875;0.921875,True,True,3,0
4116,5,age,5720,5721,32,1,False,0.078125,1,False,0.078125,1,False,0.078125,True,False,1,0
4117,5,age,5727,5726,32,1,False,0.984375,1,False,0.984375,1,False,0.984375,True,False,1,0
4118,5,age,5727,5728,32,1,False,0.765625,1,False,0.765625,1,False,0.765625,True,False,1,0
4119,5,age,5729,5728,32,1,False,0.296875,1,False,0.296875,1,False,0.296875,True,False,1,0
4120,5,age,5729,5730,32,3,True,0.140625;0.703125;0.828125,3,True,0.140625;0.703125;0.828125,3,True,0.140625;0.703125;0.828125,True,True,3,0
4121,5,age,5792,5791,32,1,False,0.296875,1,False,0.296875,1,False,0.296875,True,False,1,0
4122,5,age,5792,5793,32,3,True,0.140625;0.703125;0.828125,3,True,0.140625;0.703125;0.828125,3,True,0.140625;0.703125;0.828125,True,True,3,0
4123,5,age,5855,5854,32,1,False,0.296875,1,False,0.296875,1,False,0.296875,True,False,1,0
4124,5,age,5855,5856,32,3,True,0.140625;0.703125;0.828125,3,True,0.140625;0.703125;0.828125,3,True,0.140625;0.703125;0.828125,True,True,3,0
4125,5,age,5918,5917,32,1,False,0.296875,1,False,0.296875,1,False,0.296875,True,False,1,0
4126,5,age,5918,5919,32,3,True,0.140625;0.703125;0.828125,3,True,0.140625;0.703125;0.828125,3,True,0.140625;0.703125;0.828125,True,True,3,0
4127,5,age,5981,5980,32,1,False,0.296875,1,False,0.296875,1,False,0.296875,True,False,1,0
4128,5,age,5981,5982,32,3,True,0.140625;0.703125;0.828125,3,True,0.140625;0.703125;0.828125,3,True,0.140625;0.703125;0.828125,True,True,3,0
4129,5,age,6035,6034,32,3,True,0.109375;0.296875;0.921875,3,True,0.109375;0.296875;0.921875,3,True,0.109375;0.296875;0.921875,True,True,3,0
4130,5,age,6035,6036,32,1,False,0.078125,1,False,0.078125,1,False,0.078125,True,False,1,0
4131,5,age,6042,6041,32,1,False,0.984375,1,False,0.984375,1,False,0.984375,True,False,1,0
4132,5,age,6042,6043,32,1,False,0.765625,1,False,0.765625,1,False,0.765625,True,False,1,0
4133,5,age,6044,6043,32,1,False,0.296875,1,False,0.296875,1,False,0.296875,True,False,1,0
4134,5,age,6044,6045,32,3,True,0.140625;0.703125;0.828125,3,True,0.140625;0.703125;0.828125,3,True,0.140625;0.703125;0.828125,True,True,3,0
4135,5,age,6107,6106,32,1,False,0.296875,1,False,0.296875,1,False,0.296875,True,False,1,0
4136,5,age,6107,6108,32,3,True,0.140625;0.703125;0.828125,3,True,0.140625;0.703125;0.828125,3,True,0.140625;0.703125;0.828125,True,True,3,0
4137,5,age,6170,6169,32,1,False,0.296875,1,False,0.296875,1,False,0.296875,True,False,1,0
4138,5,age,6170,6171,32,3,True,0.140625;0.703125;0.828125,3,True,0.140625;0.703125;0.828125,3,True,0.140625;0.703125;0.828125,True,True,3,0
4139,5,age,6233,6232,32,1,False,0.296875,1,False,0.296875,1,False,0.296875,True,False,1,0
4140,5,age,6233,6234,32,3,True,0.140625;0.703125;0.828125,3,True,0.140625;0.703125;0.828125,3,True,0.140625;0.703125;0.828125,True,True,3,0
4141,5,age,6296,6295,32,1,False,0.296875,1,False,0.296875,1,False,0.296875,True,False,1,0
4142,5,age,6296,6297,32,3,True,0.140625;0.703125;0.828125,3,True,0.140625;0.703125;0.828125,3,True,0.140625;0.703125;0.828125,True,True,3,0
4143,5,age,6350,6349,32,3,True,0.109375;0.296875;0.921875,3,True,0.109375;0.296875;0.921875,3,True,0.109375;0.296875;0.921875,True,True,3,0
4144,5,age,6350,6351,32,1,False,0.078125,1,False,0.078125,1,False,0.078125,True,False,1,0
4145,5,age,6357,6356,32,1,False,0.984375,1,False,0.984375,1,False,0.984375,True,False,1,0
4146,5,age,6357,6358,32,1,False,0.765625,1,False,0.765625,1,False,0.765625,True,False,1,0
4147,5,age,6359,6358,32,1,False,0.296875,1,False,0.296875,1,False,0.296875,True,False,1,0
4148,5,age,6359,6360,32,3,True,0.140625;0.703125;0.828125,3,True,0.140625;0.703125;0.828125,3,True,0.140625;0.703125;0.828125,True,True,3,0
4149,5,age,6422,6421,32,1,False,0.296875,1,False,0.296875,1,False,0.296875,True,False,1,0
4150,5,age,6422,6423,32,3,True,0.140625;0.703125;0.828125,3,True,0.140625;0.703125;0.828125,3,True,0.140625;0.703125;0.828125,True,True,3,0
4151,5,age,6485,6484,32,1,False,0.296875,1,False,0.296875,1,False,0.296875,True,False,1,0
4152,5,age,6485,6486,32,3,True,0.140625;0.703125;0.828125,3,True,0.140625;0.703125;0.828125,3,True,0.140625;0.703125;0.828125,True,True,3,0
4153,5,age,6548,6547,32,1,False,0.296875,1,False,0.296875,1,False,0.296875,True,False,1,0
4154,5,age,6548,6549,32,3,True,0.140625;0.703125;0.828125,3,True,0.140625;0.703125;0.828125,3,True,0.140625;0.703125;0.828125,True,True,3,0
4155,5,age,6611,6610,32,1,False,0.296875,1,False,0.296875,1,False,0.296875,True,False,1,0
4156,5,age,6611,6612,32,3,True,0.140625;0.703125;0.828125,3,True,0.140625;0.703125;0.828125,3,True,0.140625;0.703125;0.828125,True,True,3,0
4157,5,age,6665,6664,32,3,True,0.109375;0.296875;0.921875,3,True,0.109375;0.296875;0.921875,3,True,0.109375;0.296875;0.921875,True,True,3,0
4158,5,age,6665,6666,32,1,False,0.078125,1,False,0.078125,1,False,0.078125,True,False,1,0
4159,5,age,6672,6671,32,1,False,0.984375,1,False,0.984375,1,False,0.984375,True,False,1,0
4160,5,age,6672,6673,32,1,False,0.765625,1,False,0.765625,1,False,0.765625,True,False,1,0
4161,5,age,6674,6673,32,1,False,0.296875,1,False,0.296875,1,False,0.296875,True,False,1,0
4162,5,age,6674,6675,32,3,True,0.140625;0.703125;0.828125,3,True,0.140625;0.703125;0.828125,3,True,0.140625;0.703125;0.828125,True,True,3,0
4163,5,age,6737,6736,32,1,False,0.296875,1,False,0.296875,1,False,0.296875,True,False,1,0
4164,5,age,6737,6738,32,3,True,0.140625;0.703125;0.828125,3,True,0.140625;0.703125;0.828125,3,True,0.140625;0.703125;0.828125,True,True,3,0
4165,5,age,6800,6799,32,1,False,0.296875,1,False,0.296875,1,False,0.296875,True,False,1,0
4166,5,age,6800,6801,32,3,True,0.140625;0.703125;0.828125,3,True,0.140625;0.703125;0.828125,3,True,0.140625;0.703125;0.828125,True,True,3,0
4167,5,age,6863,6862,32,1,False,0.296875,1,False,0.296875,1,False,0.296875,True,False,1,0
4168,5,age,6863,6864,32,3,True,0.140625;0.703125;0.828125,3,True,0.140625;0.703125;0.828125,3,True,0.140625;0.703125;0.828125,True,True,3,0
4169,5,age,6926,6925,32,1,False,0.296875,1,False,0.296875,1,False,0.296875,True,False,1,0
4170,5,age,6926,6927,32,3,True,0.140625;0.703125;0.828125,3,True,0.140625;0.703125;0.828125,3,True,0.140625;0.703125;0.828125,True,True,3,0
4171,5,age,6980,6979,32,3,True,0.109375;0.296875;0.921875,3,True,0.109375;0.296875;0.921875,3,True,0.109375;0.296875;0.921875,True,True,3,0
4172,5,age,6980,6981,32,1,False,0.078125,1,False,0.078125,1,False,0.078125,True,False,1,0
4173,5,age,6987,6986,32,1,False,0.984375,1,False,0.984375,1,False,0.984375,True,False,1,0
4174,5,age,6987,6988,32,1,False,0.765625,1,False,0.765625,1,False,0.765625,True,False,1,0
4175,5,age,6989,6988,32,1,False,0.296875,1,False,0.296875,1,False,0.296875,True,False,1,0
4176,5,age,6989,6990,32,3,True,0.140625;0.703125;0.828125,3,True,0.140625;0.703125;0.828125,3,True,0.140625;0.703125;0.828125,True,True,3,0
4177,5,age,7052,7051,32,1,False,0.296875,1,False,0.296875,1,False,0.296875,True,False,1,0
4178,5,age,7052,7053,32,3,True,0.140625;0.703125;0.828125,3,True,0.140625;0.703125;0.828125,3,True,0.140625;0.703125;0.828125,True,True,3,0
4179,5,age,7115,7114,32,1,False,0.296875,1,False,0.296875,1,False,0.296875,True,False,1,0
4180,5,age,7115,7116,32,3,True,0.140625;0.703125;0.828125,3,True,0.140625;0.703125;0.828125,3,True,0.140625;0.703125;0.828125,True,True,3,0
4181,5,age,7178,7177,32,1,False,0.296875,1,False,0.296875,1,False,0.296875,True,False,1,0
4182,5,age,7178,7179,32,3,True,0.140625;0.703125;0.828125,3,True,0.140625;0.703125;0.828125,3,True,0.140625;0.703125;0.828125,True,True,3,0
4183,5,age,7241,7240,32,1,False,0.296875,1,False,0.296875,1,False,0.296875,True,False,1,0
4184,5,age,7241,7242,32,3,True,0.140625;0.703125;0.828125,3,True,0.140625;0.703125;0.828125,3,True,0.140625;0.703125;0.828125,True,True,3,0
4185,5,age,7295,7294,32,3,True,0.109375;0.296875;0.921875,3,True,0.109375;0.296875;0.921875,3,True,0.109375;0.296875;0.921875,True,True,3,0
4186,5,age,7295,7296,32,1,False,0.078125,1,False,0.078125,1,False,0.078125,True,False,1,0
4187,5,age,7302,7301,32,1,False,0.984375,1,False,0.984375,1,False,0.984375,True,False,1,0
4188,5,age,7302,7303,32,1,False,0.765625,1,False,0.765625,1,False,0.765625,True,False,1,0
4189,5,age,7304,7303,32,1,False,0.296875,1,False,0.296875,1,False,0.296875,True,False,1,0
4190,5,age,7304,7305,32,3,True,0.140625;0.703125;0.828125,3,True,0.140625;0.703125;0.828125,3,True,0.140625;0.703125;0.828125,True,True,3,0
4191,5,age,7367,7366,32,1,False,0.296875,1,False,0.296875,1,False,0.296875,True,False,1,0
4192,5,age,7367,7368,32,3,True,0.140625;0.703125;0.828125,3,True,0.140625;0.703125;0.828125,3,True,0.140625;0.703125;0.828125,True,True,3,0
4193,5,age,7430,7429,32,1,False,0.296875,1,False,0.296875,1,False,0.296875,True,False,1,0
4194,5,age,7430,7431,32,3,True,0.140625;0.703125;0.828125,3,True,0.140625;0.703125;0.828125,3,True,0.140625;0.703125;0.828125,True,True,3,0
4195,5,age,7493,7492,32,1,False,0.296875,1,False,0.296875,1,False,0.296875,True,False,1,0
4196,5,age,7493,7494,32,3,True,0.140625;0.703125;0.828125,3,True,0.140625;0.703125;0.828125,3,True,0.140625;0.703125;0.828125,True,True,3,0
4197,5,age,7556,7555,32,1,False,0.296875,1,False,0.296875,1,False,0.296875,True,False,1,0
4198,5,age,7556,7557,32,3,True,0.140625;0.703125;0.828125,3,True,0.140625;0.703125;0.828125,3,True,0.140625;0.703125;0.828125,True,True,3,0
4199,5,age,7610,7609,32,3,True,0.109375;0.296875;0.921875,3,True,0.109375;0.296875;0.921875,3,True,0.109375;0.296875;0.921875,True,True,3,0
4200,5,age,7610,7611,32,1,False,0.078125,1,False,0.078125,1,False,0.078125,True,False,1,0
4201,5,age,7617,7616,32,1,False,0.984375,1,False,0.984375,1,False,0.984375,True,False,1,0
4202,5,age,7617,7618,32,1,False,0.765625,1,False,0.765625,1,False,0.765625,True,False,1,0
4203,5,age,7619,7618,32,1,False,0.296875,1,False,0.296875,1,False,0.296875,True,False,1,0
4204,5,age,7619,7620,32,3,True,0.140625;0.703125;0.828125,3,True,0.140625;0.703125;0.828125,3,True,0.140625;0.703125;0.828125,True,True,3,0
4205,5,age,7682,7681,32,1,False,0.296875,1,False,0.296875,1,False,0.296875,True,False,1,0
4206,5,age,7682,7683,32,3,True,0.140625;0.703125;0.828125,3,True,0.140625;0.703125;0.828125,3,True,0.140625;0.703125;0.828125,True,True,3,0
4207,5,age,7745,7744,32,1,False,0.296875,1,False,0.296875,1,False,0.296875,True,False,1,0
4208,5,age,7745,7746,32,3,True,0.140625;0.703125;0.828125,3,True,0.140625;0.703125;0.828125,3,True,0.140625;0.703125;0.828125,True,True,3,0
4209,5,age,7808,7807,32,1,False,0.296875,1,False,0.296875,1,False,0.296875,True,False,1,0
4210,5,age,7808,7809,32,3,True,0.140625;0.703125;0.828125,3,True,0.140625;0.703125;0.828125,3,True,0.140625;0.703125;0.828125,True,True,3,0
4211,5,age,7871,7870,32,1,False,0.296875,1,False,0.296875,1,False,0.296875,True,False,1,0
4212,5,age,7871,7872,32,3,True,0.140625;0.703125;0.828125,3,True,0.140625;0.703125;0.828125,3,True,0.140625;0.703125;0.828125,True,True,3,0
4213,5,age,22296,22295,32,1,False,0.296875,1,False,0.296875,1,False,0.296875,True,False,1,0
4214,5,age,22296,22297,32,3,True,0.078125;0.703125;0.765625,3,True,0.078125;0.703125;0.765625,3,True,0.078125;0.703125;0.765625,True,True,3,0
4215,5,age,22359,22358,32,1,False,0.296875,1,False,0.296875,1,False,0.296875,True,False,1,0
4216,5,age,22359,22360,32,3,True,0.078125;0.703125;0.984375,3,True,0.078125;0.703125;0.984375,3,True,0.078125;0.703125;0.984375,True,True,3,0
4217,5,age,22611,22610,32,1,False,0.296875,1,False,0.296875,1,False,0.296875,True,False,1,0
4218,5,age,22611,22612,32,3,True,0.078125;0.703125;0.765625,3,True,0.078125;0.703125;0.765625,3,True,0.078125;0.703125;0.765625,True,True,3,0
4219,5,age,22674,22673,32,1,False,0.296875,1,False,0.296875,1,False,0.296875,True,False,1,0
4220,5,age,22674,22675,32,3,True,0.078125;0.703125;0.984375,3,True,0.078125;0.703125;0.984375,3,True,0.078125;0.703125;0.984375,True,True,3,0
4221,5,age,22926,22925,32,1,False,0.296875,1,False,0.296875,1,False,0.296875,True,False,1,0
4222,5,age,22926,22927,32,3,True,0.078125;0.703125;0.765625,3,True,0.078125;0.703125;0.765625,3,True,0.078125;0.703125;0.765625,True,True,3,0
4223,5,age,22989,22988,32,1,False,0.296875,1,False,0.296875,1,False,0.296875,True,False,1,0
4224,5,age,22989,22990,32,3,True,0.078125;0.703125;0.984375,3,True,0.078125;0.703125;0.984375,3,True,0.078125;0.703125;0.984375,True,True,3,0
4225,5,age,23241,23240,32,1,False,0.296875,1,False,0.296875,1,False,0.296875,True,False,1,0
4226,5,age,23241,23242,32,3,True,0.078125;0.703125;0.765625,3,True,0.078125;0.703125;0.765625,3,True,0.078125;0.703125;0.765625,True,True,3,0
4227,5,age,23304,23303,32,1,False,0.296875,1,False,0.296875,1,False,0.296875,True,False,1,0
4228,5,age,23304,23305,32,3,True,0.078125;0.703125;0.984375,3,True,0.078125;0.703125;0.984375,3,True,0.078125;0.703125;0.984375,True,True,3,0
4229,5,age,23556,23555,32,1,False,0.296875,1,False,0.296875,1,False,0.296875,True,False,1,0
4230,5,age,23556,23557,32,3,True,0.078125;0.703125;0.765625,3,True,0.078125;0.703125;0.765625,3,True,0.078125;0.703125;0.765625,True,True,3,0
4231,5,age,23619,23618,32,1,False,0.296875,1,False,0.296875,1,False,0.296875,True,False,1,0
4232,5,age,23619,23620,32,3,True,0.078125;0.703125;0.984375,3,True,0.078125;0.703125;0.984375,3,True,0.078125;0.703125;0.984375,True,True,3,0
4233,5,age,23675,23674,32,3,True,0.109375;0.296875;0.921875,3,True,0.109375;0.296875;0.921875,3,True,0.109375;0.296875;0.921875,True,True,3,0
4234,5,age,23675,23676,32,1,False,0.078125,1,False,0.078125,1,False,0.078125,True,False,1,0
4235,5,age,23682,23681,32,1,False,0.984375,1,False,0.984375,1,False,0.984375,True,False,1,0
4236,5,age,23682,23683,32,1,False,0.765625,1,False,0.765625,1,False,0.765625,True,False,1,0
4237,5,age,23684,23683,32,1,False,0.296875,1,False,0.296875,1,False,0.296875,True,False,1,0
4238,5,age,23684,23685,32,3,True,0.140625;0.703125;0.828125,3,True,0.140625;0.703125;0.828125,3,True,0.140625;0.703125;0.828125,True,True,3,0
4239,5,age,23747,23746,32,1,False,0.296875,1,False,0.296875,1,False,0.296875,True,False,1,0
4240,5,age,23747,23748,32,3,True,0.140625;0.703125;0.828125,3,True,0.140625;0.703125;0.828125,3,True,0.140625;0.703125;0.828125,True,True,3,0
4241,5,age,23810,23809,32,1,False,0.296875,1,False,0.296875,1,False,0.296875,True,False,1,0
4242,5,age,23810,23811,32,3,True,0.140625;0.703125;0.828125,3,True,0.140625;0.703125;0.828125,3,True,0.140625;0.703125;0.828125,True,True,3,0
4243,5,age,23871,23870,32,1,False,0.296875,1,False,0.296875,1,False,0.296875,True,False,1,0
4244,5,age,23871,23872,32,3,True,0.078125;0.703125;0.765625,3,True,0.078125;0.703125;0.765625,3,True,0.078125;0.703125;0.765625,True,True,3,0
4245,5,age,23873,23872,32,1,False,0.296875,1,False,0.296875,1,False,0.296875,True,False,1,0
4246,5,age,23873,23874,32,3,True,0.140625;0.703125;0.828125,3,True,0.140625;0.703125;0.828125,3,True,0.140625;0.703125;0.828125,True,True,3,0
4247,5,age,23934,23933,32,1,False,0.296875,1,False,0.296875,1,False,0.296875,True,False,1,0
4248,5,age,23934,23935,32,3,True,0.078125;0.703125;0.984375,3,True,0.078125;0.703125;0.984375,3,True,0.078125;0.703125;0.984375,True,True,3,0
4249,5,age,23936,23935,32,1,False,0.296875,1,False,0.296875,1,False,0.296875,True,False,1,0
4250,5,age,23936,23937,32,3,True,0.140625;0.703125;0.828125,3,True,0.140625;0.703125;0.828125,3,True,0.140625;0.703125;0.828125,True,True,3,0
4251,5,age,23990,23989,32,3,True,0.109375;0.296875;0.921875,3,True,0.109375;0.296875;0.921875,3,True,0.109375;0.296875;0.921875,True,True,3,0
4252,5,age,23990,23991,32,1,False,0.078125,1,False,0.078125,1,False,0.078125,True,False,1,0
4253,5,age,23997,23996,32,1,False,0.984375,1,False,0.984375,1,False,0.984375,True,False,1,0
4254,5,age,23997,23998,32,1,False,0.765625,1,False,0.765625,1,False,0.765625,True,False,1,0
4255,5,age,23999,23998,32,1,False,0.296875,1,False,0.296875,1,False,0.296875,True,False,1,0
4256,5,age,23999,24000,32,3,True,0.140625;0.703125;0.828125,3,True,0.140625;0.703125;0.828125,3,True,0.140625;0.703125;0.828125,True,True,3,0
4257,5,age,24062,24061,32,1,False,0.296875,1,False,0.296875,1,False,0.296875,True,False,1,0
4258,5,age,24062,24063,32,3,True,0.140625;0.703125;0.828125,3,True,0.140625;0.703125;0.828125,3,True,0.140625;0.703125;0.828125,True,True,3,0
4259,5,age,24125,24124,32,1,False,0.296875,1,False,0.296875,1,False,0.296875,True,False,1,0
4260,5,age,24125,24126,32,3,True,0.140625;0.703125;0.828125,3,True,0.140625;0.703125;0.828125,3,True,0.140625;0.703125;0.828125,True,True,3,0
4261,5,age,24186,24185,32,1,False,0.296875,1,False,0.296875,1,False,0.296875,True,False,1,0
4262,5,age,24186,24187,32,3,True,0.078125;0.703125;0.765625,3,True,0.078125;0.703125;0.765625,3,True,0.078125;0.703125;0.765625,True,True,3,0
4263,5,age,24188,24187,32,1,False,0.296875,1,False,0.296875,1,False,0.296875,True,False,1,0
4264,5,age,24188,24189,32,3,True,0.140625;0.703125;0.828125,3,True,0.140625;0.703125;0.828125,3,True,0.140625;0.703125;0.828125,True,True,3,0
4265,5,age,24249,24248,32,1,False,0.296875,1,False,0.296875,1,False,0.296875,True,False,1,0
4266,5,age,24249,24250,32,3,True,0.078125;0.703125;0.984375,3,True,0.078125;0.703125;0.984375,3,True,0.078125;0.703125;0.984375,True,True,3,0
4267,5,age,24251,24250,32,1,False,0.296875,1,False,0.296875,1,False,0.296875,True,False,1,0
4268,5,age,24251,24252,32,3,True,0.140625;0.703125;0.828125,3,True,0.140625;0.703125;0.828125,3,True,0.140625;0.703125;0.828125,True,True,3,0
4269,5,age,24305,24304,32,3,True,0.109375;0.296875;0.921875,3,True,0.109375;0.296875;0.921875,3,True,0.109375;0.296875;0.921875,True,True,3,0
4270,5,age,24305,24306,32,1,False,0.078125,1,False,0.078125,1,False,0.078125,True,False,1,0
4271,5,age,24312,24311,32,1,False,0.984375,1,False,0.984375,1,False,0.984375,True,False,1,0
4272,5,age,24312,24313,32,1,False,0.765625,1,False,0.765625,1,False,0.765625,True,False,1,0
4273,5,age,24314,24313,32,1,False,0.296875,1,False,0.296875,1,False,0.296875,True,False,1,0
4274,5,age,24314,24315,32,3,True,0.140625;0.703125;0.828125,3,True,0.140625;0.703125;0.828125,3,True,0.140625;0.703125;0.828125,True,True,3,0
4275,5,age,24377,24376,32,1,False,0.296875,1,False,0.296875,1,False,0.296875,True,False,1,0
4276,5,age,24377,24378,32,3,True,0.140625;0.703125;0.828125,3,True,0.140625;0.703125;0.828125,3,True,0.140625;0.703125;0.828125,True,True,3,0
4277,5,age,24440,24439,32,1,False,0.296875,1,False,0.296875,1,False,0.296875,True,False,1,0
4278,5,age,24440,24441,32,3,True,0.140625;0.703125;0.828125,3,True,0.140625;0.703125;0.828125,3,True,0.140625;0.703125;0.828125,True,True,3,0
4279,5,age,24501,24500,32,1,False,0.296875,1,False,0.296875,1,False,0.296875,True,False,1,0
4280,5,age,24501,24502,32,3,True,0.078125;0.703125;0.765625,3,True,0.078125;0.703125;0.765625,3,True,0.078125;0.703125;0.765625,True,True,3,0
4281,5,age,24503,24502,32,1,False,0.296875,1,False,0.296875,1,False,0.296875,True,False,1,0
4282,5,age,24503,24504,32,3,True,0.140625;0.703125;0.828125,3,True,0.140625;0.703125;0.828125,3,True,0.140625;0.703125;0.828125,True,True,3,0
4283,5,age,24564,24563,32,1,False,0.296875,1,False,0.296875,1,False,0.296875,True,False,1,0
4284,5,age,24564,24565,32,3,True,0.078125;0.703125;0.984375,3,True,0.078125;0.703125;0.984375,3,True,0.078125;0.703125;0.984375,True,True,3,0
4285,5,age,24566,24565,32,1,False,0.296875,1,False,0.296875,1,False,0.296875,True,False,1,0
4286,5,age,24566,24567,32,3,True,0.140625;0.703125;0.828125,3,True,0.140625;0.703125;0.828125,3,True,0.140625;0.703125;0.828125,True,True,3,0
4287,5,age,24620,24619,32,3,True,0.109375;0.296875;0.921875,3,True,0.109375;0.296875;0.921875,3,True,0.109375;0.296875;0.921875,True,True,3,0
4288,5,age,24620,24621,32,1,False,0.078125,1,False,0.078125,1,False,0.078125,True,False,1,0
4289,5,age,24627,24626,32,1,False,0.984375,1,False,0.984375,1,False,0.984375,True,False,1,0
4290,5,age,24627,24628,32,1,False,0.765625,1,False,0.765625,1,False,0.765625,True,False,1,0
4291,5,age,24629,24628,32,1,False,0.296875,1,False,0.296875,1,False,0.296875,True,False,1,0
4292,5,age,24629,24630,32,3,True,0.140625;0.703125;0.828125,3,True,0.140625;0.703125;0.828125,3,True,0.140625;0.703125;0.828125,True,True,3,0
4293,5,age,24692,24691,32,1,False,0.296875,1,False,0.296875,1,False,0.296875,True,False,1,0
4294,5,age,24692,24693,32,3,True,0.140625;0.703125;0.828125,3,True,0.140625;0.703125;0.828125,3,True,0.140625;0.703125;0.828125,True,True,3,0
4295,5,age,24755,24754,32,1,False,0.296875,1,False,0.296875,1,False,0.296875,True,False,1,0
4296,5,age,24755,24756,32,3,True,0.140625;0.703125;0.828125,3,True,0.140625;0.703125;0.828125,3,True,0.140625;0.703125;0.828125,True,True,3,0
4297,5,age,24816,24815,32,1,False,0.296875,1,False,0.296875,1,False,0.296875,True,False,1,0
4298,5,age,24816,24817,32,3,True,0.078125;0.703125;0.765625,3,True,0.078125;0.703125;0.765625,3,True,0.078125;0.703125;0.765625,True,True,3,0
4299,5,age,24818,24817,32,1,False,0.296875,1,False,0.296875,1,False,0.296875,True,False,1,0
4300,5,age,24818,24819,32,3,True,0.140625;0.703125;0.828125,3,True,0.140625;0.703125;0.828125,3,True,0.140625;0.703125;0.828125,True,True,3,0
4301,5,age,24879,24878,32,1,False,0.296875,1,False,0.296875,1,False,0.296875,True,False,1,0
4302,5,age,24879,24880,32,3,True,0.078125;0.703125;0.984375,3,True,0.078125;0.703125;0.984375,3,True,0.078125;0.703125;0.984375,True,True,3,0
4303,5,age,24881,24880,32,1,False,0.296875,1,False,0.296875,1,False,0.296875,True,False,1,0
4304,5,age,24881,24882,32,3,True,0.140625;0.703125;0.828125,3,True,0.140625;0.703125;0.828125,3,True,0.140625;0.703125;0.828125,True,True,3,0
4305,5,age,24935,24934,32,3,True,0.109375;0.296875;0.921875,3,True,0.109375;0.296875;0.921875,3,True,0.109375;0.296875;0.921875,True,True,3,0
4306,5,age,24935,24936,32,1,False,0.078125,1,False,0.078125,1,False,0.078125,True,False,1,0
4307,5,age,24942,24941,32,1,False,0.984375,1,False,0.984375,1,False,0.984375,True,False,1,0
4308,5,age,24942,24943,32,1,False,0.765625,1,False,0.765625,1,False,0.765625,True,False,1,0
4309,5,age,24944,24943,32,1,False,0.296875,1,False,0.296875,1,False,0.296875,True,False,1,0
4310,5,age,24944,24945,32,3,True,0.140625;0.703125;0.828125,3,True,0.140625;0.703125;0.828125,3,True,0.140625;0.703125;0.828125,True,True,3,0
4311,5,age,25007,25006,32,1,False,0.296875,1,False,0.296875,1,False,0.296875,True,False,1,0
4312,5,age,25007,25008,32,3,True,0.140625;0.703125;0.828125,3,True,0.140625;0.703125;0.828125,3,True,0.140625;0.703125;0.828125,True,True,3,0
4313,5,age,25070,25069,32,1,False,0.296875,1,False,0.296875,1,False,0.296875,True,False,1,0
4314,5,age,25070,25071,32,3,True,0.140625;0.703125;0.828125,3,True,0.140625;0.703125;0.828125,3,True,0.140625;0.703125;0.828125,True,True,3,0
4315,5,age,25131,25130,32,1,False,0.296875,1,False,0.296875,1,False,0.296875,True,False,1,0
4316,5,age,25131,25132,32,3,True,0.078125;0.703125;0.765625,3,True,0.078125;0.703125;0.765625,3,True,0.078125;0.703125;0.765625,True,True,3,0
4317,5,age,25133,25132,32,1,False,0.296875,1,False,0.296875,1,False,0.296875,True,False,1,0
4318,5,age,25133,25134,32,3,True,0.140625;0.703125;0.828125,3,True,0.140625;0.703125;0.828125,3,True,0.140625;0.703125;0.828125,True,True,3,0
4319,5,age,25194,25193,32,1,False,0.296875,1,False,0.296875,1,False,0.296875,True,False,1,0
4320,5,age,25194,25195,32,3,True,0.078125;0.703125;0.984375,3,True,0.078125;0.703125;0.984375,3,True,0.078125;0.703125;0.984375,True,True,3,0
4321,5,age,25196,25195,32,1,False,0.296875,1,False,0.296875,1,False,0.296875,True,False,1,0
4322,5,age,25196,25197,32,3,True,0.140625;0.703125;0.828125,3,True,0.140625;0.703125;0.828125,3,True,0.140625;0.703125;0.828125,True,True,3,0
4323,5,age,25250,25249,32,3,True,0.109375;0.296875;0.921875,3,True,0.109375;0.296875;0.921875,3,True,0.109375;0.296875;0.921875,True,True,3,0
4324,5,age,25250,25251,32,1,False,0.078125,1,False,0.078125,1,False,0.078125,True,False,1,0
4325,5,age,25257,25256,32,1,False,0.984375,1,False,0.984375,1,False,0.984375,True,False,1,0
4326,5,age,25257,25258,32,1,False,0.765625,1,False,0.765625,1,False,0.765625,True,False,1,0
4327,5,age,25259,25258,32,1,False,0.296875,1,False,0.296875,1,False,0.296875,True,False,1,0
4328,5,age,25259,25260,32,3,True,0.140625;0.703125;0.828125,3,True,0.140625;0.703125;0.828125,3,True,0.140625;0.703125;0.828125,True,True,3,0
4329,5,age,25322,25321,32,1,False,0.296875,1,False,0.296875,1,False,0.296875,True,False,1,0
4330,5,age,25322,25323,32,3,True,0.140625;0.703125;0.828125,3,True,0.140625;0.703125;0.828125,3,True,0.140625;0.703125;0.828125,True,True,3,0
4331,5,age,25385,25384,32,1,False,0.296875,1,False,0.296875,1,False,0.296875,True,False,1,0
4332,5,age,25385,25386,32,3,True,0.140625;0.703125;0.828125,3,True,0.140625;0.703125;0.828125,3,True,0.140625;0.703125;0.828125,True,True,3,0
4333,5,age,25446,25445,32,1,False,0.296875,1,False,0.296875,1,False,0.296875,True,False,1,0
4334,5,age,25446,25447,32,3,True,0.078125;0.703125;0.765625,3,True,0.078125;0.703125;0.765625,3,True,0.078125;0.703125;0.765625,True,True,3,0
4335,5,age,25448,25447,32,1,False,0.296875,1,False,0.296875,1,False,0.296875,True,False,1,0
4336,5,age,25448,25449,32,3,True,0.140625;0.703125;0.828125,3,True,0.140625;0.703125;0.828125,3,True,0.140625;0.703125;0.828125,True,True,3,0
4337,5,age,25509,25508,32,1,False,0.296875,1,False,0.296875,1,False,0.296875,True,False,1,0
4338,5,age,25509,25510,32,3,True,0.078125;0.703125;0.984375,3,True,0.078125;0.703125;0.984375,3,True,0.078125;0.703125;0.984375,True,True,3,0
4339,5,age,25511,25510,32,1,False,0.296875,1,False,0.296875,1,False,0.296875,True,False,1,0
4340,5,age,25511,25512,32,3,True,0.140625;0.703125;0.828125,3,True,0.140625;0.703125;0.828125,3,True,0.140625;0.703125;0.828125,True,True,3,0
4341,5,age,25565,25564,32,3,True,0.109375;0.296875;0.921875,3,True,0.109375;0.296875;0.921875,3,True,0.109375;0.296875;0.921875,True,True,3,0
4342,5,age,25565,25566,32,1,False,0.078125,1,False,0.078125,1,False,0.078125,True,False,1,0
4343,5,age,25572,25571,32,1,False,0.984375,1,False,0.984375,1,False,0.984375,True,False,1,0
4344,5,age,25572,25573,32,1,False,0.765625,1,False,0.765625,1,False,0.765625,True,False,1,0
4345,5,age,25574,25573,32,1,False,0.296875,1,False,0.296875,1,False,0.296875,True,False,1,0
4346,5,age,25574,25575,32,3,True,0.140625;0.703125;0.828125,3,True,0.140625;0.703125;0.828125,3,True,0.140625;0.703125;0.828125,True,True,3,0
4347,5,age,25637,25636,32,1,False,0.296875,1,False,0.296875,1,False,0.296875,True,False,1,0
4348,5,age,25637,25638,32,3,True,0.140625;0.703125;0.828125,3,True,0.140625;0.703125;0.828125,3,True,0.140625;0.703125;0.828125,True,True,3,0
4349,5,age,25700,25699,32,1,False,0.296875,1,False,0.296875,1,False,0.296875,True,False,1,0
4350,5,age,25700,25701,32,3,True,0.140625;0.703125;0.828125,3,True,0.140625;0.703125;0.828125,3,True,0.140625;0.703125;0.828125,True,True,3,0
4351,5,age,25761,25760,32,1,False,0.296875,1,False,0.296875,1,False,0.296875,True,False,1,0
4352,5,age,25761,25762,32,3,True,0.078125;0.703125;0.765625,3,True,0.078125;0.703125;0.765625,3,True,0.078125;0.703125;0.765625,True,True,3,0
4353,5,age,25763,25762,32,1,False,0.296875,1,False,0.296875,1,False,0.296875,True,False,1,0
4354,5,age,25763,25764,32,3,True,0.140625;0.703125;0.828125,3,True,0.140625;0.703125;0.828125,3,True,0.140625;0.703125;0.828125,True,True,3,0
4355,5,age,25824,25823,32,1,False,0.296875,1,False,0.296875,1,False,0.296875,True,False,1,0
4356,5,age,25824,25825,32,3,True,0.078125;0.703125;0.984375,3,True,0.078125;0.703125;0.984375,3,True,0.078125;0.703125;0.984375,True,True,3,0
4357,5,age,25826,25825,32,1,False,0.296875,1,False,0.296875,1,False,0.296875,True,False,1,0
4358,5,age,25826,25827,32,3,True,0.140625;0.703125;0.828125,3,True,0.140625;0.703125;0.828125,3,True,0.140625;0.703125;0.828125,True,True,3,0
4359,5,age,25880,25879,32,3,True,0.109375;0.296875;0.921875,3,True,0.109375;0.296875;0.921875,3,True,0.109375;0.296875;0.921875,True,True,3,0
4360,5,age,25880,25881,32,1,False,0.078125,1,False,0.078125,1,False,0.078125,True,False,1,0
4361,5,age,25887,25886,32,1,False,0.984375,1,False,0.984375,1,False,0.984375,True,False,1,0
4362,5,age,25887,25888,32,1,False,0.765625,1,False,0.765625,1,False,0.765625,True,False,1,0
4363,5,age,25889,25888,32,1,False,0.296875,1,False,0.296875,1,False,0.296875,True,False,1,0
4364,5,age,25889,25890,32,3,True,0.140625;0.703125;0.828125,3,True,0.140625;0.703125;0.828125,3,True,0.140625;0.703125;0.828125,True,True,3,0
4365,5,age,25952,25951,32,1,False,0.296875,1,False,0.296875,1,False,0.296875,True,False,1,0
4366,5,age,25952,25953,32,3,True,0.140625;0.703125;0.828125,3,True,0.140625;0.703125;0.828125,3,True,0.140625;0.703125;0.828125,True,True,3,0
4367,5,age,26015,26014,32,1,False,0.296875,1,False,0.296875,1,False,0.296875,True,False,1,0
4368,5,age,26015,26016,32,3,True,0.140625;0.703125;0.828125,3,True,0.140625;0.703125;0.828125,3,True,0.140625;0.703125;0.828125,True,True,3,0
4369,5,age,26076,26075,32,1,False,0.296875,1,False,0.296875,1,False,0.296875,True,False,1,0
4370,5,age,26076,26077,32,3,True,0.078125;0.703125;0.765625,3,True,0.078125;0.703125;0.765625,3,True,0.078125;0.703125;0.765625,True,True,3,0
4371,5,age,26078,26077,32,1,False,0.296875,1,False,0.296875,1,False,0.296875,True,False,1,0
4372,5,age,26078,26079,32,3,True,0.140625;0.703125;0.828125,3,True,0.140625;0.703125;0.828125,3,True,0.140625;0.703125;0.828125,True,True,3,0
4373,5,age,26139,26138,32,1,False,0.296875,1,False,0.296875,1,False,0.296875,True,False,1,0
4374,5,age,26139,26140,32,3,True,0.078125;0.703125;0.984375,3,True,0.078125;0.703125;0.984375,3,True,0.078125;0.703125;0.984375,True,True,3,0
4375,5,age,26141,26140,32,1,False,0.296875,1,False,0.296875,1,False,0.296875,True,False,1,0
4376,5,age,26141,26142,32,3,True,0.140625;0.703125;0.828125,3,True,0.140625;0.703125;0.828125,3,True,0.140625;0.703125;0.828125,True,True,3,0
4377,5,age,26195,26194,32,3,True,0.109375;0.296875;0.921875,3,True,0.109375;0.296875;0.921875,3,True,0.109375;0.296875;0.921875,True,True,3,0
4378,5,age,26195,26196,32,1,False,0.078125,1,False,0.078125,1,False,0.078125,True,False,1,0
4379,5,age,26202,26201,32,1,False,0.984375,1,False,0.984375,1,False,0.984375,True,False,1,0
4380,5,age,26202,26203,32,1,False,0.765625,1,False,0.765625,1,False,0.765625,True,False,1,0
4381,5,age,26204,26203,32,1,False,0.296875,1,False,0.296875,1,False,0.296875,True,False,1,0
4382,5,age,26204,26205,32,3,True,0.140625;0.703125;0.828125,3,True,0.140625;0.703125;0.828125,3,True,0.140625;0.703125;0.828125,True,True,3,0
4383,5,age,26267,26266,32,1,False,0.296875,1,False,0.296875,1,False,0.296875,True,False,1,0
4384,5,age,26267,26268,32,3,True,0.140625;0.703125;0.828125,3,True,0.140625;0.703125;0.828125,3,True,0.140625;0.703125;0.828125,True,True,3,0
4385,5,age,26330,26329,32,1,False,0.296875,1,False,0.296875,1,False,0.296875,True,False,1,0
4386,5,age,26330,26331,32,3,True,0.140625;0.703125;0.828125,3,True,0.140625;0.703125;0.828125,3,True,0.140625;0.703125;0.828125,True,True,3,0
4387,5,age,26391,26390,32,1,False,0.296875,1,False,0.296875,1,False,0.296875,True,False,1,0
4388,5,age,26391,26392,32,3,True,0.078125;0.703125;0.765625,3,True,0.078125;0.703125;0.765625,3,True,0.078125;0.703125;0.765625,True,True,3,0
4389,5,age,26393,26392,32,1,False,0.296875,1,False,0.296875,1,False,0.296875,True,False,1,0
4390,5,age,26393,26394,32,3,True,0.140625;0.703125;0.828125,3,True,0.140625;0.703125;0.828125,3,True,0.140625;0.703125;0.828125,True,True,3,0
4391,5,age,26454,26453,32,1,False,0.296875,1,False,0.296875,1,False,0.296875,True,False,1,0
4392,5,age,26454,26455,32,3,True,0.078125;0.703125;0.984375,3,True,0.078125;0.703125;0.984375,3,True,0.078125;0.703125;0.984375,True,True,3,0
4393,5,age,26456,26455,32,1,False,0.296875,1,False,0.296875,1,False,0.296875,True,False,1,0
4394,5,age,26456,26457,32,3,True,0.140625;0.703125;0.828125,3,True,0.140625;0.703125;0.828125,3,True,0.140625;0.703125;0.828125,True,True,3,0
4395,5,age,26510,26509,32,3,True,0.109375;0.296875;0.921875,3,True,0.109375;0.296875;0.921875,3,True,0.109375;0.296875;0.921875,True,True,3,0
4396,5,age,26510,26511,32,1,False,0.078125,1,False,0.078125,1,False,0.078125,True,False,1,0
4397,5,age,26517,26516,32,1,False,0.984375,1,False,0.984375,1,False,0.984375,True,False,1,0
4398,5,age,26517,26518,32,1,False,0.765625,1,False,0.765625,1,False,0.765625,True,False,1,0
4399,5,age,26519,26518,32,1,False,0.296875,1,False,0.296875,1,False,0.296875,True,False,1,0
4400,5,age,26519,26520,32,3,True,0.140625;0.703125;0.828125,3,True,0.140625;0.703125;0.828125,3,True,0.140625;0.703125;0.828125,True,True,3,0
4401,5,age,26582,26581,32,1,False,0.296875,1,False,0.296875,1,False,0.296875,True,False,1,0
4402,5,age,26582,26583,32,3,True,0.140625;0.703125;0.828125,3,True,0.140625;0.703125;0.828125,3,True,0.140625;0.703125;0.828125,True,True,3,0
4403,5,age,26645,26644,32,1,False,0.296875,1,False,0.296875,1,False,0.296875,True,False,1,0
4404,5,age,26645,26646,32,3,True,0.140625;0.703125;0.828125,3,True,0.140625;0.703125;0.828125,3,True,0.140625;0.703125;0.828125,True,True,3,0
4405,5,age,26706,26705,32,1,False,0.296875,1,False,0.296875,1,False,0.296875,True,False,1,0
4406,5,age,26706,26707,32,3,True,0.078125;0.703125;0.765625,3,True,0.078125;0.703125;0.765625,3,True,0.078125;0.703125;0.765625,True,True,3,0
4407,5,age,26708,26707,32,1,False,0.296875,1,False,0.296875,1,False,0.296875,True,False,1,0
4408,5,age,26708,26709,32,3,True,0.140625;0.703125;0.828125,3,True,0.140625;0.703125;0.828125,3,True,0.140625;0.703125;0.828125,True,True,3,0
4409,5,age,26769,26768,32,1,False,0.296875,1,False,0.296875,1,False,0.296875,True,False,1,0
4410,5,age,26769,26770,32,3,True,0.078125;0.703125;0.984375,3,True,0.078125;0.703125;0.984375,3,True,0.078125;0.703125;0.984375,True,True,3,0
4411,5,age,26771,26770,32,1,False,0.296875,1,False,0.296875,1,False,0.296875,True,False,1,0
4412,5,age,26771,26772,32,3,True,0.140625;0.703125;0.828125,3,True,0.140625;0.703125;0.828125,3,True,0.140625;0.703125;0.828125,True,True,3,0
4413,5,age,26825,26824,32,3,True,0.109375;0.296875;0.921875,3,True,0.109375;0.296875;0.921875,3,True,0.109375;0.296875;0.921875,True,True,3,0
4414,5,age,26825,26826,32,1,False,0.078125,1,False,0.078125,1,False,0.078125,True,False,1,0
4415,5,age,26832,26831,32,1,False,0.984375,1,False,0.984375,1,False,0.984375,True,False,1,0
4416,5,age,26832,26833,32,1,False,0.765625,1,False,0.765625,1,False,0.765625,True,False,1,0
4417,5,age,26834,26833,32,1,False,0.296875,1,False,0.296875,1,False,0.296875,True,False,1,0
4418,5,age,26834,26835,32,3,True,0.140625;0.703125;0.828125,3,True,0.140625;0.703125;0.828125,3,True,0.140625;0.703125;0.828125,True,True,3,0
4419,5,age,26897,26896,32,1,False,0.296875,1,False,0.296875,1,False,0.296875,True,False,1,0
4420,5,age,26897,26898,32,3,True,0.140625;0.703125;0.828125,3,True,0.140625;0.703125;0.828125,3,True,0.140625;0.703125;0.828125,True,True,3,0
4421,5,age,26960,26959,32,1,False,0.296875,1,False,0.296875,1,False,0.296875,True,False,1,0
4422,5,age,26960,26961,32,3,True,0.140625;0.703125;0.828125,3,True,0.140625;0.703125;0.828125,3,True,0.140625;0.703125;0.828125,True,True,3,0
4423,5,age,27023,27022,32,1,False,0.296875,1,False,0.296875,1,False,0.296875,True,False,1,0
4424,5,age,27023,27024,32,3,True,0.140625;0.703125;0.828125,3,True,0.140625;0.703125;0.828125,3,True,0.140625;0.703125;0.828125,True,True,3,0
4425,5,age,27086,27085,32,1,False,0.296875,1,False,0.296875,1,False,0.296875,True,False,1,0
4426,5,age,27086,27087,32,3,True,0.140625;0.703125;0.828125,3,True,0.140625;0.703125;0.828125,3,True,0.140625;0.703125;0.828125,True,True,3,0
4427,5,age,27140,27139,32,3,True,0.109375;0.296875;0.921875,3,True,0.109375;0.296875;0.921875,3,True,0.109375;0.296875;0.921875,True,True,3,0
4428,5,age,27140,27141,32,1,False,0.078125,1,False,0.078125,1,False,0.078125,True,False,1,0
4429,5,age,27147,27146,32,1,False,0.984375,1,False,0.984375,1,False,0.984375,True,False,1,0
4430,5,age,27147,27148,32,1,False,0.765625,1,False,0.765625,1,False,0.765625,True,False,1,0
4431,5,age,27149,27148,32,1,False,0.296875,1,False,0.296875,1,False,0.296875,True,False,1,0
4432,5,age,27149,27150,32,3,True,0.140625;0.703125;0.828125,3,True,0.140625;0.703125;0.828125,3,True,0.140625;0.703125;0.828125,True,True,3,0
4433,5,age,27212,27211,32,1,False,0.296875,1,False,0.296875,1,False,0.296875,True,False,1,0
4434,5,age,27212,27213,32,3,True,0.140625;0.703125;0.828125,3,True,0.140625;0.703125;0.828125,3,True,0.140625;0.703125;0.828125,True,True,3,0
4435,5,age,27275,27274,32,1,False,0.296875,1,False,0.296875,1,False,0.296875,True,False,1,0
4436,5,age,27275,27276,32,3,True,0.140625;0.703125;0.828125,3,True,0.140625;0.703125;0.828125,3,True,0.140625;0.703125;0.828125,True,True,3,0
4437,5,age,27338,27337,32,1,False,0.296875,1,False,0.296875,1,False,0.296875,True,False,1,0
4438,5,age,27338,27339,32,3,True,0.140625;0.703125;0.828125,3,True,0.140625;0.703125;0.828125,3,True,0.140625;0.703125;0.828125,True,True,3,0
4439,5,age,27401,27400,32,1,False,0.296875,1,False,0.296875,1,False,0.296875,True,False,1,0
4440,5,age,27401,27402,32,3,True,0.140625;0.703125;0.828125,3,True,0.140625;0.703125;0.828125,3,True,0.140625;0.703125;0.828125,True,True,3,0
4441,5,age,27455,27454,32,3,True,0.109375;0.296875;0.921875,3,True,0.109375;0.296875;0.921875,3,True,0.109375;0.296875;0.921875,True,True,3,0
4442,5,age,27455,27456,32,1,False,0.078125,1,False,0.078125,1,False,0.078125,True,False,1,0
4443,5,age,27462,27461,32,1,False,0.984375,1,False,0.984375,1,False,0.984375,True,False,1,0
4444,5,age,27462,27463,32,1,False,0.765625,1,False,0.765625,1,False,0.765625,True,False,1,0
4445,5,age,27464,27463,32,1,False,0.296875,1,False,0.296875,1,False,0.296875,True,False,1,0
4446,5,age,27464,27465,32,3,True,0.140625;0.703125;0.828125,3,True,0.140625;0.703125;0.828125,3,True,0.140625;0.703125;0.828125,True,True,3,0
4447,5,age,27527,27526,32,1,False,0.296875,1,False,0.296875,1,False,0.296875,True,False,1,0
4448,5,age,27527,27528,32,3,True,0.140625;0.703125;0.828125,3,True,0.140625;0.703125;0.828125,3,True,0.140625;0.703125;0.828125,True,True,3,0
4449,5,age,27590,27589,32,1,False,0.296875,1,False,0.296875,1,False,0.296875,True,False,1,0
4450,5,age,27590,27591,32,3,True,0.140625;0.703125;0.828125,3,True,0.140625;0.703125;0.828125,3,True,0.140625;0.703125;0.828125,True,True,3,0
4451,5,age,27653,27652,32,1,False,0.296875,1,False,0.296875,1,False,0.296875,True,False,1,0
4452,5,age,27653,27654,32,3,True,0.140625;0.703125;0.828125,3,True,0.140625;0.703125;0.828125,3,True,0.140625;0.703125;0.828125,True,True,3,0
4453,5,age,27716,27715,32,1,False,0.296875,1,False,0.296875,1,False,0.296875,True,False,1,0
4454,5,age,27716,27717,32,3,True,0.140625;0.703125;0.828125,3,True,0.140625;0.703125;0.828125,3,True,0.140625;0.703125;0.828125,True,True,3,0
4455,5,age,27770,27769,32,3,True,0.109375;0.296875;0.921875,3,True,0.109375;0.296875;0.921875,3,True,0.109375;0.296875;0.921875,True,True,3,0
4456,5,age,27770,27771,32,1,False,0.078125,1,False,0.078125,1,False,0.078125,True,False,1,0
4457,5,age,27777,27776,32,1,False,0.984375,1,False,0.984375,1,False,0.984375,True,False,1,0
4458,5,age,27777,27778,32,1,False,0.765625,1,False,0.765625,1,False,0.765625,True,False,1,0
4459,5,age,27779,27778,32,1,False,0.296875,1,False,0.296875,1,False,0.296875,True,False,1,0
4460,5,age,27779,27780,32,3,True,0.140625;0.703125;0.828125,3,True,0.140625;0.703125;0.828125,3,True,0.140625;0.703125;0.828125,True,True,3,0
4461,5,age,27842,27841,32,1,False,0.296875,1,False,0.296875,1,False,0.296875,True,False,1,0
4462,5,age,27842,27843,32,3,True,0.140625;0.703125;0.828125,3,True,0.140625;0.703125;0.828125,3,True,0.140625;0.703125;0.828125,True,True,3,0
4463,5,age,27905,27904,32,1,False,0.296875,1,False,0.296875,1,False,0.296875,True,False,1,0
4464,5,age,27905,27906,32,3,True,0.140625;0.703125;0.828125,3,True,0.140625;0.703125;0.828125,3,True,0.140625;0.703125;0.828125,True,True,3,0
4465,5,age,27966,27965,32,1,False,0.296875,1,False,0.296875,1,False,0.296875,True,False,1,0
4466,5,age,27966,27967,32,3,True,0.078125;0.703125;0.765625,3,True,0.078125;0.703125;0.765625,3,True,0.078125;0.703125;0.765625,True,True,3,0
4467,5,age,27968,27967,32,1,False,0.296875,1,False,0.296875,1,False,0.296875,True,False,1,0
4468,5,age,27968,27969,32,3,True,0.140625;0.703125;0.828125,3,True,0.140625;0.703125;0.828125,3,True,0.140625;0.703125;0.828125,True,True,3,0
4469,5,age,28029,28028,32,1,False,0.296875,1,False,0.296875,1,False,0.296875,True,False,1,0
4470,5,age,28029,28030,32,3,True,0.078125;0.703125;0.984375,3,True,0.078125;0.703125;0.984375,3,True,0.078125;0.703125;0.984375,True,True,3,0
4471,5,age,28031,28030,32,1,False,0.296875,1,False,0.296875,1,False,0.296875,True,False,1,0
4472,5,age,28031,28032,32,3,True,0.140625;0.703125;0.828125,3,True,0.140625;0.703125;0.828125,3,True,0.140625;0.703125;0.828125,True,True,3,0
4473,5,age,28085,28084,32,3,True,0.109375;0.296875;0.921875,3,True,0.109375;0.296875;0.921875,3,True,0.109375;0.296875;0.921875,True,True,3,0
4474,5,age,28085,28086,32,1,False,0.078125,1,False,0.078125,1,False,0.078125,True,False,1,0
4475,5,age,28092,28091,32,1,False,0.984375,1,False,0.984375,1,False,0.984375,True,False,1,0
4476,5,age,28092,28093,32,1,False,0.765625,1,False,0.765625,1,False,0.765625,True,False,1,0
4477,5,age,28094,28093,32,1,False,0.296875,1,False,0.296875,1,False,0.296875,True,False,1,0
4478,5,age,28094,28095,32,3,True,0.140625;0.703125;0.828125,3,True,0.140625;0.703125;0.828125,3,True,0.140625;0.703125;0.828125,True,True,3,0
4479,5,age,28157,28156,32,1,False,0.296875,1,False,0.296875,1,False,0.296875,True,False,1,0
4480,5,age,28157,28158,32,3,True,0.140625;0.703125;0.828125,3,True,0.140625;0.703125;0.828125,3,True,0.140625;0.703125;0.828125,True,True,3,0
4481,5,age,28220,28219,32,1,False,0.296875,1,False,0.296875,1,False,0.296875,True,False,1,0
4482,5,age,28220,28221,32,3,True,0.140625;0.703125;0.828125,3,True,0.140625;0.703125;0.828125,3,True,0.140625;0.703125;0.828125,True,True,3,0
4483,5,age,28281,28280,32,1,False,0.296875,1,False,0.296875,1,False,0.296875,True,False,1,0
4484,5,age,28281,28282,32,3,True,0.078125;0.703125;0.765625,3,True,0.078125;0.703125;0.765625,3,True,0.078125;0.703125;0.765625,True,True,3,0
4485,5,age,28283,28282,32,1,False,0.296875,1,False,0.296875,1,False,0.296875,True,False,1,0
4486,5,age,28283,28284,32,3,True,0.140625;0.703125;0.828125,3,True,0.140625;0.703125;0.828125,3,True,0.140625;0.703125;0.828125,True,True,3,0
4487,5,age,28344,28343,32,1,False,0.296875,1,False,0.296875,1,False,0.296875,True,False,1,0
4488,5,age,28344,28345,32,3,True,0.078125;0.703125;0.984375,3,True,0.078125;0.703125;0.984375,3,True,0.078125;0.703125;0.984375,True,True,3,0
4489,5,age,28346,28345,32,1,False,0.296875,1,False,0.296875,1,False,0.296875,True,False,1,0
4490,5,age,28346,28347,32,3,True,0.140625;0.703125;0.828125,3,True,0.140625;0.703125;0.828125,3,True,0.140625;0.703125;0.828125,True,True,3,0
4491,5,age,29345,29344,32,3,True,0.109375;0.296875;0.921875,3,True,0.109375;0.296875;0.921875,3,True,0.109375;0.296875;0.921875,True,True,3,0
4492,5,age,29345,29346,32,1,False,0.078125,1,False,0.078125,1,False,0.078125,True,False,1,0
4493,5,age,29352,29351,32,1,False,0.984375,1,False,0.984375,1,False,0.984375,True,False,1,0
4494,5,age,29352,29353,32,1,False,0.765625,1,False,0.765625,1,False,0.765625,True,False,1,0
4495,5,age,29354,29353,32,1,False,0.296875,1,False,0.296875,1,False,0.296875,True,False,1,0
4496,5,age,29354,29355,32,3,True,0.140625;0.703125;0.828125,3,True,0.140625;0.703125;0.828125,3,True,0.140625;0.703125;0.828125,True,True,3,0
4497,5,age,29417,29416,32,1,False,0.296875,1,False,0.296875,1,False,0.296875,True,False,1,0
4498,5,age,29417,29418,32,3,True,0.140625;0.703125;0.828125,3,True,0.140625;0.703125;0.828125,3,True,0.140625;0.703125;0.828125,True,True,3,0
4499,5,age,29480,29479,32,1,False,0.296875,1,False,0.296875,1,False,0.296875,True,False,1,0
4500,5,age,29480,29481,32,3,True,0.140625;0.703125;0.828125,3,True,0.140625;0.703125;0.828125,3,True,0.140625;0.703125;0.828125,True,True,3,0
4501,5,age,29541,29540,32,1,False,0.296875,1,False,0.296875,1,False,0.296875,True,False,1,0
4502,5,age,29541,29542,32,3,True,0.078125;0.703125;0.765625,3,True,0.078125;0.703125;0.765625,3,True,0.078125;0.703125;0.765625,True,True,3,0
4503,5,age,29543,29542,32,1,False,0.296875,1,False,0.296875,1,False,0.296875,True,False,1,0
4504,5,age,29543,29544,32,3,True,0.140625;0.703125;0.828125,3,True,0.140625;0.703125;0.828125,3,True,0.140625;0.703125;0.828125,True,True,3,0
4505,5,age,29604,29603,32,1,False,0.296875,1,False,0.296875,1,False,0.296875,True,False,1,0
4506,5,age,29604,29605,32,3,True,0.078125;0.703125;0.984375,3,True,0.078125;0.703125;0.984375,3,True,0.078125;0.703125;0.984375,True,True,3,0
4507,5,age,29606,29605,32,1,False,0.296875,1,False,0.296875,1,False,0.296875,True,False,1,0
4508,5,age,29606,29607,32,3,True,0.140625;0.703125;0.828125,3,True,0.140625;0.703125;0.828125,3,True,0.140625;0.703125;0.828125,True,True,3,0
4509,5,age,29660,29659,32,3,True,0.109375;0.296875;0.921875,3,True,0.109375;0.296875;0.921875,3,True,0.109375;0.296875;0.921875,True,True,3,0
4510,5,age,29660,29661,32,1,False,0.078125,1,False,0.078125,1,False,0.078125,True,False,1,0
4511,5,age,29667,29666,32,1,False,0.984375,1,False,0.984375,1,False,0.984375,True,False,1,0
4512,5,age,29667,29668,32,1,False,0.765625,1,False,0.765625,1,False,0.765625,True,False,1,0
4513,5,age,29669,29668,32,1,False,0.296875,1,False,0.296875,1,False,0.296875,True,False,1,0
4514,5,age,29669,29670,32,3,True,0.140625;0.703125;0.828125,3,True,0.140625;0.703125;0.828125,3,True,0.140625;0.703125;0.828125,True,True,3,0
4515,5,age,29732,29731,32,1,False,0.296875,1,False,0.296875,1,False,0.296875,True,False,1,0
4516,5,age,29732,29733,32,3,True,0.140625;0.703125;0.828125,3,True,0.140625;0.703125;0.828125,3,True,0.140625;0.703125;0.828125,True,True,3,0
4517,5,age,29795,29794,32,1,False,0.296875,1,False,0.296875,1,False,0.296875,True,False,1,0
4518,5,age,29795,29796,32,3,True,0.140625;0.703125;0.828125,3,True,0.140625;0.703125;0.828125,3,True,0.140625;0.703125;0.828125,True,True,3,0
4519,5,age,29856,29855,32,1,False,0.296875,1,False,0.296875,1,False,0.296875,True,False,1,0
4520,5,age,29856,29857,32,3,True,0.078125;0.703125;0.765625,3,True,0.078125;0.703125;0.765625,3,True,0.078125;0.703125;0.765625,True,True,3,0
4521,5,age,29858,29857,32,1,False,0.296875,1,False,0.296875,1,False,0.296875,True,False,1,0
4522,5,age,29858,29859,32,3,True,0.140625;0.703125;0.828125,3,True,0.140625;0.703125;0.828125,3,True,0.140625;0.703125;0.828125,True,True,3,0
4523,5,age,29919,29918,32,1,False,0.296875,1,False,0.296875,1,False,0.296875,True,False,1,0
4524,5,age,29919,29920,32,3,True,0.078125;0.703125;0.984375,3,True,0.078125;0.703125;0.984375,3,True,0.078125;0.703125;0.984375,True,True,3,0
4525,5,age,29921,29920,32,1,False,0.296875,1,False,0.296875,1,False,0.296875,True,False,1,0
4526,5,age,29921,29922,32,3,True,0.140625;0.703125;0.828125,3,True,0.140625;0.703125;0.828125,3,True,0.140625;0.703125;0.828125,True,True,3,0
4527,5,age,30920,30919,32,3,True,0.109375;0.296875;0.921875,3,True,0.109375;0.296875;0.921875,3,True,0.109375;0.296875;0.921875,True,True,3,0
4528,5,age,30920,30921,32,1,False,0.078125,1,False,0.078125,1,False,0.078125,True,False,1,0
4529,5,age,30927,30926,32,1,False,0.984375,1,False,0.984375,1,False,0.984375,True,False,1,0
4530,5,age,30927,30928,32,1,False,0.765625,1,False,0.765625,1,False,0.765625,True,False,1,0
4531,5,age,30929,30928,32,1,False,0.296875,1,False,0.296875,1,False,0.296875,True,False,1,0
4532,5,age,30929,30930,32,3,True,0.140625;0.703125;0.828125,3,True,0.140625;0.703125;0.828125,3,True,0.140625;0.703125;0.828125,True,True,3,0
4533,5,age,30992,30991,32,1,False,0.296875,1,False,0.296875,1,False,0.296875,True,False,1,0
4534,5,age,30992,30993,32,3,True,0.140625;0.703125;0.828125,3,True,0.140625;0.703125;0.828125,3,True,0.140625;0.703125;0.828125,True,True,3,0
4535,5,age,31055,31054,32,1,False,0.296875,1,False,0.296875,1,False,0.296875,True,False,1,0
4536,5,age,31055,31056,32,3,True,0.140625;0.703125;0.828125,3,True,0.140625;0.703125;0.828125,3,True,0.140625;0.703125;0.828125,True,True,3,0
4537,5,age,31118,31117,32,1,False,0.296875,1,False,0.296875,1,False,0.296875,True,False,1,0
4538,5,age,31118,31119,32,3,True,0.140625;0.703125;0.828125,3,True,0.140625;0.703125;0.828125,3,True,0.140625;0.703125;0.828125,True,True,3,0
4539,5,age,31181,31180,32,1,False,0.296875,1,False,0.296875,1,False,0.296875,True,False,1,0
4540,5,age,31181,31182,32,3,True,0.140625;0.703125;0.828125,3,True,0.140625;0.703125;0.828125,3,True,0.140625;0.703125;0.828125,True,True,3,0
4541,5,age,31235,31234,32,3,True,0.109375;0.296875;0.921875,3,True,0.109375;0.296875;0.921875,3,True,0.109375;0.296875;0.921875,True,True,3,0
4542,5,age,31235,31236,32,1,False,0.078125,1,False,0.078125,1,False,0.078125,True,False,1,0
4543,5,age,31242,31241,32,1,False,0.984375,1,False,0.984375,1,False,0.984375,True,False,1,0
4544,5,age,31242,31243,32,1,False,0.765625,1,False,0.765625,1,False,0.765625,True,False,1,0
4545,5,age,31244,31243,32,1,False,0.296875,1,False,0.296875,1,False,0.296875,True,False,1,0
4546,5,age,31244,31245,32,3,True,0.140625;0.703125;0.828125,3,True,0.140625;0.703125;0.828125,3,True,0.140625;0.703125;0.828125,True,True,3,0
4547,5,age,31307,31306,32,1,False,0.296875,1,False,0.296875,1,False,0.296875,True,False,1,0
4548,5,age,31307,31308,32,3,True,0.140625;0.703125;0.828125,3,True,0.140625;0.703125;0.828125,3,True,0.140625;0.703125;0.828125,True,True,3,0
4549,5,age,31370,31369,32,1,False,0.296875,1,False,0.296875,1,False,0.296875,True,False,1,0
4550,5,age,31370,31371,32,3,True,0.140625;0.703125;0.828125,3,True,0.140625;0.703125;0.828125,3,True,0.140625;0.703125;0.828125,True,True,3,0
4551,5,age,31433,31432,32,1,False,0.296875,1,False,0.296875,1,False,0.296875,True,False,1,0
4552,5,age,31433,31434,32,3,True,0.140625;0.703125;0.828125,3,True,0.140625;0.703125;0.828125,3,True,0.140625;0.703125;0.828125,True,True,3,0
4553,5,age,31496,31495,32,1,False,0.296875,1,False,0.296875,1,False,0.296875,True,False,1,0
4554,5,age,31496,31497,32,3,True,0.140625;0.703125;0.828125,3,True,0.140625;0.703125;0.828125,3,True,0.140625;0.703125;0.828125,True,True,3,0
4555,5,age,42771,42770,32,1,False,0.296875,1,False,0.296875,1,False,0.296875,True,False,1,0
4556,5,age,42771,42772,32,3,True,0.078125;0.703125;0.765625,3,True,0.078125;0.703125;0.765625,3,True,0.078125;0.703125;0.765625,True,True,3,0
4557,5,age,42834,42833,32,1,False,0.296875,1,False,0.296875,1,False,0.296875,True,False,1,0
4558,5,age,42834,42835,32,3,True,0.078125;0.703125;0.984375,3,True,0.078125;0.703125;0.984375,3,True,0.078125;0.703125;0.984375,True,True,3,0
4559,5,age,43086,43085,32,1,False,0.296875,1,False,0.296875,1,False,0.296875,True,False,1,0
4560,5,age,43086,43087,32,3,True,0.078125;0.703125;0.765625,3,True,0.078125;0.703125;0.765625,3,True,0.078125;0.703125;0.765625,True,True,3,0
4561,5,age,43149,43148,32,1,False,0.296875,1,False,0.296875,1,False,0.296875,True,False,1,0
4562,5,age,43149,43150,32,3,True,0.078125;0.703125;0.984375,3,True,0.078125;0.703125;0.984375,3,True,0.078125;0.703125;0.984375,True,True,3,0
4563,5,age,43401,43400,32,1,False,0.296875,1,False,0.296875,1,False,0.296875,True,False,1,0
4564,5,age,43401,43402,32,3,True,0.078125;0.703125;0.765625,3,True,0.078125;0.703125;0.765625,3,True,0.078125;0.703125;0.765625,True,True,3,0
4565,5,age,43464,43463,32,1,False,0.296875,1,False,0.296875,1,False,0.296875,True,False,1,0
4566,5,age,43464,43465,32,3,True,0.078125;0.703125;0.984375,3,True,0.078125;0.703125;0.984375,3,True,0.078125;0.703125;0.984375,True,True,3,0
4567,5,age,43716,43715,32,1,False,0.296875,1,False,0.296875,1,False,0.296875,True,False,1,0
4568,5,age,43716,43717,32,3,True,0.078125;0.703125;0.765625,3,True,0.078125;0.703125;0.765625,3,True,0.078125;0.703125;0.765625,True,True,3,0
4569,5,age,43779,43778,32,1,False,0.296875,1,False,0.296875,1,False,0.296875,True,False,1,0
4570,5,age,43779,43780,32,3,True,0.078125;0.703125;0.984375,3,True,0.078125;0.703125;0.984375,3,True,0.078125;0.703125;0.984375,True,True,3,0
4571,5,age,44031,44030,32,1,False,0.296875,1,False,0.296875,1,False,0.296875,True,False,1,0
4572,5,age,44031,44032,32,3,True,0.078125;0.703125;0.765625,3,True,0.078125;0.703125;0.765625,3,True,0.078125;0.703125;0.765625,True,True,3,0
4573,5,age,44094,44093,32,1,False,0.296875,1,False,0.296875,1,False,0.296875,True,False,1,0
4574,5,age,44094,44095,32,3,True,0.078125;0.703125;0.984375,3,True,0.078125;0.703125;0.984375,3,True,0.078125;0.703125;0.984375,True,True,3,0
4575,5,age,44150,44149,32,3,True,0.109375;0.296875;0.921875,3,True,0.109375;0.296875;0.921875,3,True,0.109375;0.296875;0.921875,True,True,3,0
4576,5,age,44150,44151,32,1,False,0.078125,1,False,0.078125,1,False,0.078125,True,False,1,0
4577,5,age,44157,44156,32,1,False,0.984375,1,False,0.984375,1,False,0.984375,True,False,1,0
4578,5,age,44157,44158,32,1,False,0.765625,1,False,0.765625,1,False,0.765625,True,False,1,0
4579,5,age,44159,44158,32,1,False,0.296875,1,False,0.296875,1,False,0.296875,True,False,1,0
4580,5,age,44159,44160,32,3,True,0.140625;0.703125;0.828125,3,True,0.140625;0.703125;0.828125,3,True,0.140625;0.703125;0.828125,True,True,3,0
4581,5,age,44222,44221,32,1,False,0.296875,1,False,0.296875,1,False,0.296875,True,False,1,0
4582,5,age,44222,44223,32,3,True,0.140625;0.703125;0.828125,3,True,0.140625;0.703125;0.828125,3,True,0.140625;0.703125;0.828125,True,True,3,0
4583,5,age,44285,44284,32,1,False,0.296875,1,False,0.296875,1,False,0.296875,True,False,1,0
4584,5,age,44285,44286,32,3,True,0.140625;0.703125;0.828125,3,True,0.140625;0.703125;0.828125,3,True,0.140625;0.703125;0.828125,True,True,3,0
4585,5,age,44346,44345,32,1,False,0.296875,1,False,0.296875,1,False,0.296875,True,False,1,0
4586,5,age,44346,44347,32,3,True,0.078125;0.703125;0.765625,3,True,0.078125;0.703125;0.765625,3,True,0.078125;0.703125;0.765625,True,True,3,0
4587,5,age,44348,44347,32,1,False,0.296875,1,False,0.296875,1,False,0.296875,True,False,1,0
4588,5,age,44348,44349,32,3,True,0.140625;0.703125;0.828125,3,True,0.140625;0.703125;0.828125,3,True,0.140625;0.703125;0.828125,True,True,3,0
4589,5,age,44409,44408,32,1,False,0.296875,1,False,0.296875,1,False,0.296875,True,False,1,0
4590,5,age,44409,44410,32,3,True,0.078125;0.703125;0.984375,3,True,0.078125;0.703125;0.984375,3,True,0.078125;0.703125;0.984375,True,True,3,0
4591,5,age,44411,44410,32,1,False,0.296875,1,False,0.296875,1,False,0.296875,True,False,1,0
4592,5,age,44411,44412,32,3,True,0.140625;0.703125;0.828125,3,True,0.140625;0.703125;0.828125,3,True,0.140625;0.703125;0.828125,True,True,3,0
4593,5,age,44465,44464,32,3,True,0.109375;0.296875;0.921875,3,True,0.109375;0.296875;0.921875,3,True,0.109375;0.296875;0.921875,True,True,3,0
4594,5,age,44465,44466,32,1,False,0.078125,1,False,0.078125,1,False,0.078125,True,False,1,0
4595,5,age,44472,44471,32,1,False,0.984375,1,False,0.984375,1,False,0.984375,True,False,1,0
4596,5,age,44472,44473,32,1,False,0.765625,1,False,0.765625,1,False,0.765625,True,False,1,0
4597,5,age,44474,44473,32,1,False,0.296875,1,False,0.296875,1,False,0.296875,True,False,1,0
4598,5,age,44474,44475,32,3,True,0.140625;0.703125;0.828125,3,True,0.140625;0.703125;0.828125,3,True,0.140625;0.703125;0.828125,True,True,3,0
4599,5,age,44537,44536,32,1,False,0.296875,1,False,0.296875,1,False,0.296875,True,False,1,0
4600,5,age,44537,44538,32,3,True,0.140625;0.703125;0.828125,3,True,0.140625;0.703125;0.828125,3,True,0.140625;0.703125;0.828125,True,True,3,0
4601,5,age,44600,44599,32,1,False,0.296875,1,False,0.296875,1,False,0.296875,True,False,1,0
4602,5,age,44600,44601,32,3,True,0.140625;0.703125;0.828125,3,True,0.140625;0.703125;0.828125,3,True,0.140625;0.703125;0.828125,True,True,3,0
4603,5,age,44661,44660,32,1,False,0.296875,1,False,0.296875,1,False,0.296875,True,False,1,0
4604,5,age,44661,44662,32,3,True,0.078125;0.703125;0.765625,3,True,0.078125;0.703125;0.765625,3,True,0.078125;0.703125;0.765625,True,True,3,0
4605,5,age,44663,44662,32,1,False,0.296875,1,False,0.296875,1,False,0.296875,True,False,1,0
4606,5,age,44663,44664,32,3,True,0.140625;0.703125;0.828125,3,True,0.140625;0.703125;0.828125,3,True,0.140625;0.703125;0.828125,True,True,3,0
4607,5,age,44724,44723,32,1,False,0.296875,1,False,0.296875,1,False,0.296875,True,False,1,0
4608,5,age,44724,44725,32,3,True,0.078125;0.703125;0.984375,3,True,0.078125;0.703125;0.984375,3,True,0.078125;0.703125;0.984375,True,True,3,0
4609,5,age,44726,44725,32,1,False,0.296875,1,False,0.296875,1,False,0.296875,True,False,1,0
4610,5,age,44726,44727,32,3,True,0.140625;0.703125;0.828125,3,True,0.140625;0.703125;0.828125,3,True,0.140625;0.703125;0.828125,True,True,3,0
4611,5,age,44780,44779,32,3,True,0.109375;0.296875;0.921875,3,True,0.109375;0.296875;0.921875,3,True,0.109375;0.296875;0.921875,True,True,3,0
4612,5,age,44780,44781,32,1,False,0.078125,1,False,0.078125,1,False,0.078125,True,False,1,0
4613,5,age,44787,44786,32,1,False,0.984375,1,False,0.984375,1,False,0.984375,True,False,1,0
4614,5,age,44787,44788,32,1,False,0.765625,1,False,0.765625,1,False,0.765625,True,False,1,0
4615,5,age,44789,44788,32,1,False,0.296875,1,False,0.296875,1,False,0.296875,True,False,1,0
4616,5,age,44789,44790,32,3,True,0.140625;0.703125;0.828125,3,True,0.140625;0.703125;0.828125,3,True,0.140625;0.703125;0.828125,True,True,3,0
4617,5,age,44852,44851,32,1,False,0.296875,1,False,0.296875,1,False,0.296875,True,False,1,0
4618,5,age,44852,44853,32,3,True,0.140625;0.703125;0.828125,3,True,0.140625;0.703125;0.828125,3,True,0.140625;0.703125;0.828125,True,True,3,0
4619,5,age,44915,44914,32,1,False,0.296875,1,False,0.296875,1,False,0.296875,True,False,1,0
4620,5,age,44915,44916,32,3,True,0.140625;0.703125;0.828125,3,True,0.140625;0.703125;0.828125,3,True,0.140625;0.703125;0.828125,True,True,3,0
4621,5,age,44976,44975,32,1,False,0.296875,1,False,0.296875,1,False,0.296875,True,False,1,0
4622,5,age,44976,44977,32,3,True,0.078125;0.703125;0.765625,3,True,0.078125;0.703125;0.765625,3,True,0.078125;0.703125;0.765625,True,True,3,0
4623,5,age,44978,44977,32,1,False,0.296875,1,False,0.296875,1,False,0.296875,True,False,1,0
4624,5,age,44978,44979,32,3,True,0.140625;0.703125;0.828125,3,True,0.140625;0.703125;0.828125,3,True,0.140625;0.703125;0.828125,True,True,3,0
4625,5,age,45039,45038,32,1,False,0.296875,1,False,0.296875,1,False,0.296875,True,False,1,0
4626,5,age,45039,45040,32,3,True,0.078125;0.703125;0.984375,3,True,0.078125;0.703125;0.984375,3,True,0.078125;0.703125;0.984375,True,True,3,0
4627,5,age,45041,45040,32,1,False,0.296875,1,False,0.296875,1,False,0.296875,True,False,1,0
4628,5,age,45041,45042,32,3,True,0.140625;0.703125;0.828125,3,True,0.140625;0.703125;0.828125,3,True,0.140625;0.703125;0.828125,True,True,3,0
4629,5,age,45095,45094,32,3,True,0.109375;0.296875;0.921875,3,True,0.109375;0.296875;0.921875,3,True,0.109375;0.296875;0.921875,True,True,3,0
4630,5,age,45095,45096,32,1,False,0.078125,1,False,0.078125,1,False,0.078125,True,False,1,0
4631,5,age,45102,45101,32,1,False,0.984375,1,False,0.984375,1,False,0.984375,True,False,1,0
4632,5,age,45102,45103,32,1,False,0.765625,1,False,0.765625,1,False,0.765625,True,False,1,0
4633,5,age,45104,45103,32,1,False,0.296875,1,False,0.296875,1,False,0.296875,True,False,1,0
4634,5,age,45104,45105,32,3,True,0.140625;0.703125;0.828125,3,True,0.140625;0.703125;0.828125,3,True,0.140625;0.703125;0.828125,True,True,3,0
4635,5,age,45167,45166,32,1,False,0.296875,1,False,0.296875,1,False,0.296875,True,False,1,0
4636,5,age,45167,45168,32,3,True,0.140625;0.703125;0.828125,3,True,0.140625;0.703125;0.828125,3,True,0.140625;0.703125;0.828125,True,True,3,0
4637,5,age,45230,45229,32,1,False,0.296875,1,False,0.296875,1,False,0.296875,True,False,1,0
4638,5,age,45230,45231,32,3,True,0.140625;0.703125;0.828125,3,True,0.140625;0.703125;0.828125,3,True,0.140625;0.703125;0.828125,True,True,3,0
4639,5,age,45291,45290,32,1,False,0.296875,1,False,0.296875,1,False,0.296875,True,False,1,0
4640,5,age,45291,45292,32,3,True,0.078125;0.703125;0.765625,3,True,0.078125;0.703125;0.765625,3,True,0.078125;0.703125;0.765625,True,True,3,0
4641,5,age,45293,45292,32,1,False,0.296875,1,False,0.296875,1,False,0.296875,True,False,1,0
4642,5,age,45293,45294,32,3,True,0.140625;0.703125;0.828125,3,True,0.140625;0.703125;0.828125,3,True,0.140625;0.703125;0.828125,True,True,3,0
4643,5,age,45354,45353,32,1,False,0.296875,1,False,0.296875,1,False,0.296875,True,False,1,0
4644,5,age,45354,45355,32,3,True,0.078125;0.703125;0.984375,3,True,0.078125;0.703125;0.984375,3,True,0.078125;0.703125;0.984375,True,True,3,0
4645,5,age,45356,45355,32,1,False,0.296875,1,False,0.296875,1,False,0.296875,True,False,1,0
4646,5,age,45356,45357,32,3,True,0.140625;0.703125;0.828125,3,True,0.140625;0.703125;0.828125,3,True,0.140625;0.703125;0.828125,True,True,3,0
4647,5,age,45410,45409,32,3,True,0.109375;0.296875;0.921875,3,True,0.109375;0.296875;0.921875,3,True,0.109375;0.296875;0.921875,True,True,3,0
4648,5,age,45410,45411,32,1,False,0.078125,1,False,0.078125,1,False,0.078125,True,False,1,0
4649,5,age,45417,45416,32,1,False,0.984375,1,False,0.984375,1,False,0.984375,True,False,1,0
4650,5,age,45417,45418,32,1,False,0.765625,1,False,0.765625,1,False,0.765625,True,False,1,0
4651,5,age,45419,45418,32,1,False,0.296875,1,False,0.296875,1,False,0.296875,True,False,1,0
4652,5,age,45419,45420,32,3,True,0.140625;0.703125;0.828125,3,True,0.140625;0.703125;0.828125,3,True,0.140625;0.703125;0.828125,True,True,3,0
4653,5,age,45482,45481,32,1,False,0.296875,1,False,0.296875,1,False,0.296875,True,False,1,0
4654,5,age,45482,45483,32,3,True,0.140625;0.703125;0.828125,3,True,0.140625;0.703125;0.828125,3,True,0.140625;0.703125;0.828125,True,True,3,0
4655,5,age,45545,45544,32,1,False,0.296875,1,False,0.296875,1,False,0.296875,True,False,1,0
4656,5,age,45545,45546,32,3,True,0.140625;0.703125;0.828125,3,True,0.140625;0.703125;0.828125,3,True,0.140625;0.703125;0.828125,True,True,3,0
4657,5,age,45606,45605,32,1,False,0.296875,1,False,0.296875,1,False,0.296875,True,False,1,0
4658,5,age,45606,45607,32,3,True,0.078125;0.703125;0.765625,3,True,0.078125;0.703125;0.765625,3,True,0.078125;0.703125;0.765625,True,True,3,0
4659,5,age,45608,45607,32,1,False,0.296875,1,False,0.296875,1,False,0.296875,True,False,1,0
4660,5,age,45608,45609,32,3,True,0.140625;0.703125;0.828125,3,True,0.140625;0.703125;0.828125,3,True,0.140625;0.703125;0.828125,True,True,3,0
4661,5,age,45669,45668,32,1,False,0.296875,1,False,0.296875,1,False,0.296875,True,False,1,0
4662,5,age,45669,45670,32,3,True,0.078125;0.703125;0.984375,3,True,0.078125;0.703125;0.984375,3,True,0.078125;0.703125;0.984375,True,True,3,0
4663,5,age,45671,45670,32,1,False,0.296875,1,False,0.296875,1,False,0.296875,True,False,1,0
4664,5,age,45671,45672,32,3,True,0.140625;0.703125;0.828125,3,True,0.140625;0.703125;0.828125,3,True,0.140625;0.703125;0.828125,True,True,3,0
4665,5,age,45725,45724,32,3,True,0.109375;0.296875;0.921875,3,True,0.109375;0.296875;0.921875,3,True,0.109375;0.296875;0.921875,True,True,3,0
4666,5,age,45725,45726,32,1,False,0.078125,1,False,0.078125,1,False,0.078125,True,False,1,0
4667,5,age,45732,45731,32,1,False,0.984375,1,False,0.984375,1,False,0.984375,True,False,1,0
4668,5,age,45732,45733,32,1,False,0.765625,1,False,0.765625,1,False,0.765625,True,False,1,0
4669,5,age,45734,45733,32,1,False,0.296875,1,False,0.296875,1,False,0.296875,True,False,1,0
4670,5,age,45734,45735,32,3,True,0.140625;0.703125;0.828125,3,True,0.140625;0.703125;0.828125,3,True,0.140625;0.703125;0.828125,True,True,3,0
4671,5,age,45797,45796,32,1,False,0.296875,1,False,0.296875,1,False,0.296875,True,False,1,0
4672,5,age,45797,45798,32,3,True,0.140625;0.703125;0.828125,3,True,0.140625;0.703125;0.828125,3,True,0.140625;0.703125;0.828125,True,True,3,0
4673,5,age,45860,45859,32,1,False,0.296875,1,False,0.296875,1,False,0.296875,True,False,1,0
4674,5,age,45860,45861,32,3,True,0.140625;0.703125;0.828125,3,True,0.140625;0.703125;0.828125,3,True,0.140625;0.703125;0.828125,True,True,3,0
4675,5,age,45921,45920,32,1,False,0.296875,1,False,0.296875,1,False,0.296875,True,False,1,0
4676,5,age,45921,45922,32,3,True,0.078125;0.703125;0.765625,3,True,0.078125;0.703125;0.765625,3,True,0.078125;0.703125;0.765625,True,True,3,0
4677,5,age,45923,45922,32,1,False,0.296875,1,False,0.296875,1,False,0.296875,True,False,1,0
4678,5,age,45923,45924,32,3,True,0.140625;0.703125;0.828125,3,True,0.140625;0.703125;0.828125,3,True,0.140625;0.703125;0.828125,True,True,3,0
4679,5,age,45984,45983,32,1,False,0.296875,1,False,0.296875,1,False,0.296875,True,False,1,0
4680,5,age,45984,45985,32,3,True,0.078125;0.703125;0.984375,3,True,0.078125;0.703125;0.984375,3,True,0.078125;0.703125;0.984375,True,True,3,0
4681,5,age,45986,45985,32,1,False,0.296875,1,False,0.296875,1,False,0.296875,True,False,1,0
4682,5,age,45986,45987,32,3,True,0.140625;0.703125;0.828125,3,True,0.140625;0.703125;0.828125,3,True,0.140625;0.703125;0.828125,True,True,3,0
4683,5,age,46040,46039,32,3,True,0.109375;0.296875;0.921875,3,True,0.109375;0.296875;0.921875,3,True,0.109375;0.296875;0.921875,True,True,3,0
4684,5,age,46040,46041,32,1,False,0.078125,1,False,0.078125,1,False,0.078125,True,False,1,0
4685,5,age,46047,46046,32,1,False,0.984375,1,False,0.984375,1,False,0.984375,True,False,1,0
4686,5,age,46047,46048,32,1,False,0.765625,1,False,0.765625,1,False,0.765625,True,False,1,0
4687,5,age,46049,46048,32,1,False,0.296875,1,False,0.296875,1,False,0.296875,True,False,1,0
4688,5,age,46049,46050,32,3,True,0.140625;0.703125;0.828125,3,True,0.140625;0.703125;0.828125,3,True,0.140625;0.703125;0.828125,True,True,3,0
4689,5,age,46112,46111,32,1,False,0.296875,1,False,0.296875,1,False,0.296875,True,False,1,0
4690,5,age,46112,46113,32,3,True,0.140625;0.703125;0.828125,3,True,0.140625;0.703125;0.828125,3,True,0.140625;0.703125;0.828125,True,True,3,0
4691,5,age,46175,46174,32,1,False,0.296875,1,False,0.296875,1,False,0.296875,True,False,1,0
4692,5,age,46175,46176,32,3,True,0.140625;0.703125;0.828125,3,True,0.140625;0.703125;0.828125,3,True,0.140625;0.703125;0.828125,True,True,3,0
4693,5,age,46236,46235,32,1,False,0.296875,1,False,0.296875,1,False,0.296875,True,False,1,0
4694,5,age,46236,46237,32,3,True,0.078125;0.703125;0.765625,3,True,0.078125;0.703125;0.765625,3,True,0.078125;0.703125;0.765625,True,True,3,0
4695,5,age,46238,46237,32,1,False,0.296875,1,False,0.296875,1,False,0.296875,True,False,1,0
4696,5,age,46238,46239,32,3,True,0.140625;0.703125;0.828125,3,True,0.140625;0.703125;0.828125,3,True,0.140625;0.703125;0.828125,True,True,3,0
4697,5,age,46299,46298,32,1,False,0.296875,1,False,0.296875,1,False,0.296875,True,False,1,0
4698,5,age,46299,46300,32,3,True,0.078125;0.703125;0.984375,3,True,0.078125;0.703125;0.984375,3,True,0.078125;0.703125;0.984375,True,True,3,0
4699,5,age,46301,46300,32,1,False,0.296875,1,False,0.296875,1,False,0.296875,True,False,1,0
4700,5,age,46301,46302,32,3,True,0.140625;0.703125;0.828125,3,True,0.140625;0.703125;0.828125,3,True,0.140625;0.703125;0.828125,True,True,3,0
4701,5,age,46355,46354,32,3,True,0.109375;0.296875;0.921875,3,True,0.109375;0.296875;0.921875,3,True,0.109375;0.296875;0.921875,True,True,3,0
4702,5,age,46355,46356,32,1,False,0.078125,1,False,0.078125,1,False,0.078125,True,False,1,0
4703,5,age,46362,46361,32,1,False,0.984375,1,False,0.984375,1,False,0.984375,True,False,1,0
4704,5,age,46362,46363,32,1,False,0.765625,1,False,0.765625,1,False,0.765625,True,False,1,0
4705,5,age,46364,46363,32,1,False,0.296875,1,False,0.296875,1,False,0.296875,True,False,1,0
4706,5,age,46364,46365,32,3,True,0.140625;0.703125;0.828125,3,True,0.140625;0.703125;0.828125,3,True,0.140625;0.703125;0.828125,True,True,3,0
4707,5,age,46427,46426,32,1,False,0.296875,1,False,0.296875,1,False,0.296875,True,False,1,0
4708,5,age,46427,46428,32,3,True,0.140625;0.703125;0.828125,3,True,0.140625;0.703125;0.828125,3,True,0.140625;0.703125;0.828125,True,True,3,0
4709,5,age,46490,46489,32,1,False,0.296875,1,False,0.296875,1,False,0.296875,True,False,1,0
4710,5,age,46490,46491,32,3,True,0.140625;0.703125;0.828125,3,True,0.140625;0.703125;0.828125,3,True,0.140625;0.703125;0.828125,True,True,3,0
4711,5,age,46551,46550,32,1,False,0.296875,1,False,0.296875,1,False,0.296875,True,False,1,0
4712,5,age,46551,46552,32,3,True,0.078125;0.703125;0.765625,3,True,0.078125;0.703125;0.765625,3,True,0.078125;0.703125;0.765625,True,True,3,0
4713,5,age,46553,46552,32,1,False,0.296875,1,False,0.296875,1,False,0.296875,True,False,1,0
4714,5,age,46553,46554,32,3,True,0.140625;0.703125;0.828125,3,True,0.140625;0.703125;0.828125,3,True,0.140625;0.703125;0.828125,True,True,3,0
4715,5,age,46614,46613,32,1,False,0.296875,1,False,0.296875,1,False,0.296875,True,False,1,0
4716,5,age,46614,46615,32,3,True,0.078125;0.703125;0.984375,3,True,0.078125;0.703125;0.984375,3,True,0.078125;0.703125;0.984375,True,True,3,0
4717,5,age,46616,46615,32,1,False,0.296875,1,False,0.296875,1,False,0.296875,True,False,1,0
4718,5,age,46616,46617,32,3,True,0.140625;0.703125;0.828125,3,True,0.140625;0.703125;0.828125,3,True,0.140625;0.703125;0.828125,True,True,3,0
4719,5,age,46670,46669,32,3,True,0.109375;0.296875;0.921875,3,True,0.109375;0.296875;0.921875,3,True,0.109375;0.296875;0.921875,True,True,3,0
4720,5,age,46670,46671,32,1,False,0.078125,1,False,0.078125,1,False,0.078125,True,False,1,0
4721,5,age,46677,46676,32,1,False,0.984375,1,False,0.984375,1,False,0.984375,True,False,1,0
4722,5,age,46677,46678,32,1,False,0.765625,1,False,0.765625,1,False,0.765625,True,False,1,0
4723,5,age,46679,46678,32,1,False,0.296875,1,False,0.296875,1,False,0.296875,True,False,1,0
4724,5,age,46679,46680,32,3,True,0.140625;0.703125;0.828125,3,True,0.140625;0.703125;0.828125,3,True,0.140625;0.703125;0.828125,True,True,3,0
4725,5,age,46742,46741,32,1,False,0.296875,1,False,0.296875,1,False,0.296875,True,False,1,0
4726,5,age,46742,46743,32,3,True,0.140625;0.703125;0.828125,3,True,0.140625;0.703125;0.828125,3,True,0.140625;0.703125;0.828125,True,True,3,0
4727,5,age,46805,46804,32,1,False,0.296875,1,False,0.296875,1,False,0.296875,True,False,1,0
4728,5,age,46805,46806,32,3,True,0.140625;0.703125;0.828125,3,True,0.140625;0.703125;0.828125,3,True,0.140625;0.703125;0.828125,True,True,3,0
4729,5,age,46866,46865,32,1,False,0.296875,1,False,0.296875,1,False,0.296875,True,False,1,0
4730,5,age,46866,46867,32,3,True,0.078125;0.703125;0.765625,3,True,0.078125;0.703125;0.765625,3,True,0.078125;0.703125;0.765625,True,True,3,0
4731,5,age,46868,46867,32,1,False,0.296875,1,False,0.296875,1,False,0.296875,True,False,1,0
4732,5,age,46868,46869,32,3,True,0.140625;0.703125;0.828125,3,True,0.140625;0.703125;0.828125,3,True,0.140625;0.703125;0.828125,True,True,3,0
4733,5,age,46929,46928,32,1,False,0.296875,1,False,0.296875,1,False,0.296875,True,False,1,0
4734,5,age,46929,46930,32,3,True,0.078125;0.703125;0.984375,3,True,0.078125;0.703125;0.984375,3,True,0.078125;0.703125;0.984375,True,True,3,0
4735,5,age,46931,46930,32,1,False,0.296875,1,False,0.296875,1,False,0.296875,True,False,1,0
4736,5,age,46931,46932,32,3,True,0.140625;0.703125;0.828125,3,True,0.140625;0.703125;0.828125,3,True,0.140625;0.703125;0.828125,True,True,3,0
4737,5,age,46985,46984,32,3,True,0.109375;0.296875;0.921875,3,True,0.109375;0.296875;0.921875,3,True,0.109375;0.296875;0.921875,True,True,3,0
4738,5,age,46985,46986,32,1,False,0.078125,1,False,0.078125,1,False,0.078125,True,False,1,0
4739,5,age,46992,46991,32,1,False,0.984375,1,False,0.984375,1,False,0.984375,True,False,1,0
4740,5,age,46992,46993,32,1,False,0.765625,1,False,0.765625,1,False,0.765625,True,False,1,0
4741,5,age,46994,46993,32,1,False,0.296875,1,False,0.296875,1,False,0.296875,True,False,1,0
4742,5,age,46994,46995,32,3,True,0.140625;0.703125;0.828125,3,True,0.140625;0.703125;0.828125,3,True,0.140625;0.703125;0.828125,True,True,3,0
4743,5,age,47057,47056,32,1,False,0.296875,1,False,0.296875,1,False,0.296875,True,False,1,0
4744,5,age,47057,47058,32,3,True,0.140625;0.703125;0.828125,3,True,0.140625;0.703125;0.828125,3,True,0.140625;0.703125;0.828125,True,True,3,0
4745,5,age,47120,47119,32,1,False,0.296875,1,False,0.296875,1,False,0.296875,True,False,1,0
4746,5,age,47120,47121,32,3,True,0.140625;0.703125;0.828125,3,True,0.140625;0.703125;0.828125,3,True,0.140625;0.703125;0.828125,True,True,3,0
4747,5,age,47181,47180,32,1,False,0.296875,1,False,0.296875,1,False,0.296875,True,False,1,0
4748,5,age,47181,47182,32,3,True,0.078125;0.703125;0.765625,3,True,0.078125;0.703125;0.765625,3,True,0.078125;0.703125;0.765625,True,True,3,0
4749,5,age,47183,47182,32,1,False,0.296875,1,False,0.296875,1,False,0.296875,True,False,1,0
4750,5,age,47183,47184,32,3,True,0.140625;0.703125;0.828125,3,True,0.140625;0.703125;0.828125,3,True,0.140625;0.703125;0.828125,True,True,3,0
4751,5,age,47244,47243,32,1,False,0.296875,1,False,0.296875,1,False,0.296875,True,False,1,0
4752,5,age,47244,47245,32,3,True,0.078125;0.703125;0.984375,3,True,0.078125;0.703125;0.984375,3,True,0.078125;0.703125;0.984375,True,True,3,0
4753,5,age,47246,47245,32,1,False,0.296875,1,False,0.296875,1,False,0.296875,True,False,1,0
4754,5,age,47246,47247,32,3,True,0.140625;0.703125;0.828125,3,True,0.140625;0.703125;0.828125,3,True,0.140625;0.703125;0.828125,True,True,3,0
4755,5,age,47300,47299,32,3,True,0.109375;0.296875;0.921875,3,True,0.109375;0.296875;0.921875,3,True,0.109375;0.296875;0.921875,True,True,3,0
4756,5,age,47300,47301,32,1,False,0.078125,1,False,0.078125,1,False,0.078125,True,False,1,0
4757,5,age,47307,47306,32,1,False,0.984375,1,False,0.984375,1,False,0.984375,True,False,1,0
4758,5,age,47307,47308,32,1,False,0.765625,1,False,0.765625,1,False,0.765625,True,False,1,0
4759,5,age,47309,47308,32,1,False,0.296875,1,False,0.296875,1,False,0.296875,True,False,1,0
4760,5,age,47309,47310,32,3,True,0.140625;0.703125;0.828125,3,True,0.140625;0.703125;0.828125,3,True,0.140625;0.703125;0.828125,True,True,3,0
4761,5,age,47372,47371,32,1,False,0.296875,1,False,0.296875,1,False,0.296875,True,False,1,0
4762,5,age,47372,47373,32,3,True,0.140625;0.703125;0.828125,3,True,0.140625;0.703125;0.828125,3,True,0.140625;0.703125;0.828125,True,True,3,0
4763,5,age,47435,47434,32,1,False,0.296875,1,False,0.296875,1,False,0.296875,True,False,1,0
4764,5,age,47435,47436,32,3,True,0.140625;0.703125;0.828125,3,True,0.140625;0.703125;0.828125,3,True,0.140625;0.703125;0.828125,True,True,3,0
4765,5,age,47496,47495,32,1,False,0.296875,1,False,0.296875,1,False,0.296875,True,False,1,0
4766,5,age,47496,47497,32,3,True,0.078125;0.703125;0.765625,3,True,0.078125;0.703125;0.765625,3,True,0.078125;0.703125;0.765625,True,True,3,0
4767,5,age,47498,47497,32,1,False,0.296875,1,False,0.296875,1,False,0.296875,True,False,1,0
4768,5,age,47498,47499,32,3,True,0.140625;0.703125;0.828125,3,True,0.140625;0.703125;0.828125,3,True,0.140625;0.703125;0.828125,True,True,3,0
4769,5,age,47559,47558,32,1,False,0.296875,1,False,0.296875,1,False,0.296875,True,False,1,0
4770,5,age,47559,47560,32,3,True,0.078125;0.703125;0.984375,3,True,0.078125;0.703125;0.984375,3,True,0.078125;0.703125;0.984375,True,True,3,0
4771,5,age,47561,47560,32,1,False,0.296875,1,False,0.296875,1,False,0.296875,True,False,1,0
4772,5,age,47561,47562,32,3,True,0.140625;0.703125;0.828125,3,True,0.140625;0.703125;0.828125,3,True,0.140625;0.703125;0.828125,True,True,3,0
4773,5,age,47615,47614,32,3,True,0.109375;0.296875;0.921875,3,True,0.109375;0.296875;0.921875,3,True,0.109375;0.296875;0.921875,True,True,3,0
4774,5,age,47615,47616,32,1,False,0.078125,1,False,0.078125,1,False,0.078125,True,False,1,0
4775,5,age,47622,47621,32,1,False,0.984375,1,False,0.984375,1,False,0.984375,True,False,1,0
4776,5,age,47622,47623,32,1,False,0.765625,1,False,0.765625,1,False,0.765625,True,False,1,0
4777,5,age,47624,47623,32,1,False,0.296875,1,False,0.296875,1,False,0.296875,True,False,1,0
4778,5,age,47624,47625,32,3,True,0.140625;0.703125;0.828125,3,True,0.140625;0.703125;0.828125,3,True,0.140625;0.703125;0.828125,True,True,3,0
4779,5,age,47687,47686,32,1,False,0.296875,1,False,0.296875,1,False,0.296875,True,False,1,0
4780,5,age,47687,47688,32,3,True,0.140625;0.703125;0.828125,3,True,0.140625;0.703125;0.828125,3,True,0.140625;0.703125;0.828125,True,True,3,0
4781,5,age,47750,47749,32,1,False,0.296875,1,False,0.296875,1,False,0.296875,True,False,1,0
4782,5,age,47750,47751,32,3,True,0.140625;0.703125;0.828125,3,True,0.140625;0.703125;0.828125,3,True,0.140625;0.703125;0.828125,True,True,3,0
4783,5,age,47811,47810,32,1,False,0.296875,1,False,0.296875,1,False,0.296875,True,False,1,0
4784,5,age,47811,47812,32,3,True,0.078125;0.703125;0.765625,3,True,0.078125;0.703125;0.765625,3,True,0.078125;0.703125;0.765625,True,True,3,0
4785,5,age,47813,47812,32,1,False,0.296875,1,False,0.296875,1,False,0.296875,True,False,1,0
4786,5,age,47813,47814,32,3,True,0.140625;0.703125;0.828125,3,True,0.140625;0.703125;0.828125,3,True,0.140625;0.703125;0.828125,True,True,3,0
4787,5,age,47874,47873,32,1,False,0.296875,1,False,0.296875,1,False,0.296875,True,False,1,0
4788,5,age,47874,47875,32,3,True,0.078125;0.703125;0.984375,3,True,0.078125;0.703125;0.984375,3,True,0.078125;0.703125;0.984375,True,True,3,0
4789,5,age,47876,47875,32,1,False,0.296875,1,False,0.296875,1,False,0.296875,True,False,1,0
4790,5,age,47876,47877,32,3,True,0.140625;0.703125;0.828125,3,True,0.140625;0.703125;0.828125,3,True,0.140625;0.703125;0.828125,True,True,3,0
4791,5,age,47930,47929,32,3,True,0.109375;0.296875;0.921875,3,True,0.109375;0.296875;0.921875,3,True,0.109375;0.296875;0.921875,True,True,3,0
4792,5,age,47930,47931,32,1,False,0.078125,1,False,0.078125,1,False,0.078125,True,False,1,0
4793,5,age,47937,47936,32,1,False,0.984375,1,False,0.984375,1,False,0.984375,True,False,1,0
4794,5,age,47937,47938,32,1,False,0.765625,1,False,0.765625,1,False,0.765625,True,False,1,0
4795,5,age,47939,47938,32,1,False,0.296875,1,False,0.296875,1,False,0.296875,True,False,1,0
4796,5,age,47939,47940,32,3,True,0.140625;0.703125;0.828125,3,True,0.140625;0.703125;0.828125,3,True,0.140625;0.703125;0.828125,True,True,3,0
4797,5,age,48002,48001,32,1,False,0.296875,1,False,0.296875,1,False,0.296875,True,False,1,0
4798,5,age,48002,48003,32,3,True,0.140625;0.703125;0.828125,3,True,0.140625;0.703125;0.828125,3,True,0.140625;0.703125;0.828125,True,True,3,0
4799,5,age,48065,48064,32,1,False,0.296875,1,False,0.296875,1,False,0.296875,True,False,1,0
4800,5,age,48065,48066,32,3,True,0.140625;0.703125;0.828125,3,True,0.140625;0.703125;0.828125,3,True,0.140625;0.703125;0.828125,True,True,3,0
4801,5,age,48126,48125,32,1,False,0.296875,1,False,0.296875,1,False,0.296875,True,False,1,0
4802,5,age,48126,48127,32,3,True,0.078125;0.703125;0.765625,3,True,0.078125;0.703125;0.765625,3,True,0.078125;0.703125;0.765625,True,True,3,0
4803,5,age,48128,48127,32,1,False,0.296875,1,False,0.296875,1,False,0.296875,True,False,1,0
4804,5,age,48128,48129,32,3,True,0.140625;0.703125;0.828125,3,True,0.140625;0.703125;0.828125,3,True,0.140625;0.703125;0.828125,True,True,3,0
4805,5,age,48189,48188,32,1,False,0.296875,1,False,0.296875,1,False,0.296875,True,False,1,0
4806,5,age,48189,48190,32,3,True,0.078125;0.703125;0.984375,3,True,0.078125;0.703125;0.984375,3,True,0.078125;0.703125;0.984375,True,True,3,0
4807,5,age,48191,48190,32,1,False,0.296875,1,False,0.296875,1,False,0.296875,True,False,1,0
4808,5,age,48191,48192,32,3,True,0.140625;0.703125;0.828125,3,True,0.140625;0.703125;0.828125,3,True,0.140625;0.703125;0.828125,True,True,3,0
4809,5,age,48245,48244,32,3,True,0.109375;0.296875;0.921875,3,True,0.109375;0.296875;0.921875,3,True,0.109375;0.296875;0.921875,True,True,3,0
4810,5,age,48245,48246,32,1,False,0.078125,1,False,0.078125,1,False,0.078125,True,False,1,0
4811,5,age,48252,48251,32,1,False,0.984375,1,False,0.984375,1,False,0.984375,True,False,1,0
4812,5,age,48252,48253,32,1,False,0.765625,1,False,0.765625,1,False,0.765625,True,False,1,0
4813,5,age,48254,48253,32,1,False,0.296875,1,False,0.296875,1,False,0.296875,True,False,1,0
4814,5,age,48254,48255,32,3,True,0.140625;0.703125;0.828125,3,True,0.140625;0.703125;0.828125,3,True,0.140625;0.703125;0.828125,True,True,3,0
4815,5,age,48317,48316,32,1,False,0.296875,1,False,0.296875,1,False,0.296875,True,False,1,0
4816,5,age,48317,48318,32,3,True,0.140625;0.703125;0.828125,3,True,0.140625;0.703125;0.828125,3,True,0.140625;0.703125;0.828125,True,True,3,0
4817,5,age,48380,48379,32,1,False,0.296875,1,False,0.296875,1,False,0.296875,True,False,1,0
4818,5,age,48380,48381,32,3,True,0.140625;0.703125;0.828125,3,True,0.140625;0.703125;0.828125,3,True,0.140625;0.703125;0.828125,True,True,3,0
4819,5,age,48441,48440,32,1,False,0.296875,1,False,0.296875,1,False,0.296875,True,False,1,0
4820,5,age,48441,48442,32,3,True,0.078125;0.703125;0.765625,3,True,0.078125;0.703125;0.765625,3,True,0.078125;0.703125;0.765625,True,True,3,0
4821,5,age,48443,48442,32,1,False,0.296875,1,False,0.296875,1,False,0.296875,True,False,1,0
4822,5,age,48443,48444,32,3,True,0.140625;0.703125;0.828125,3,True,0.140625;0.703125;0.828125,3,True,0.140625;0.703125;0.828125,True,True,3,0
4823,5,age,48504,48503,32,1,False,0.296875,1,False,0.296875,1,False,0.296875,True,False,1,0
4824,5,age,48504,48505,32,3,True,0.078125;0.703125;0.984375,3,True,0.078125;0.703125;0.984375,3,True,0.078125;0.703125;0.984375,True,True,3,0
4825,5,age,48506,48505,32,1,False,0.296875,1,False,0.296875,1,False,0.296875,True,False,1,0
4826,5,age,48506,48507,32,3,True,0.140625;0.703125;0.828125,3,True,0.140625;0.703125;0.828125,3,True,0.140625;0.703125;0.828125,True,True,3,0
4827,5,age,48560,48559,32,3,True,0.109375;0.296875;0.921875,3,True,0.109375;0.296875;0.921875,3,True,0.109375;0.296875;0.921875,True,True,3,0
4828,5,age,48560,48561,32,1,False,0.078125,1,False,0.078125,1,False,0.078125,True,False,1,0
4829,5,age,48567,48566,32,1,False,0.984375,1,False,0.984375,1,False,0.984375,True,False,1,0
4830,5,age,48567,48568,32,1,False,0.765625,1,False,0.765625,1,False,0.765625,True,False,1,0
4831,5,age,48569,48568,32,1,False,0.296875,1,False,0.296875,1,False,0.296875,True,False,1,0
4832,5,age,48569,48570,32,3,True,0.140625;0.703125;0.828125,3,True,0.140625;0.703125;0.828125,3,True,0.140625;0.703125;0.828125,True,True,3,0
4833,5,age,48632,48631,32,1,False,0.296875,1,False,0.296875,1,False,0.296875,True,False,1,0
4834,5,age,48632,48633,32,3,True,0.140625;0.703125;0.828125,3,True,0.140625;0.703125;0.828125,3,True,0.140625;0.703125;0.828125,True,True,3,0
4835,5,age,48695,48694,32,1,False,0.296875,1,False,0.296875,1,False,0.296875,True,False,1,0
4836,5,age,48695,48696,32,3,True,0.140625;0.703125;0.828125,3,True,0.140625;0.703125;0.828125,3,True,0.140625;0.703125;0.828125,True,True,3,0
4837,5,age,48756,48755,32,1,False,0.296875,1,False,0.296875,1,False,0.296875,True,False,1,0
4838,5,age,48756,48757,32,3,True,0.078125;0.703125;0.765625,3,True,0.078125;0.703125;0.765625,3,True,0.078125;0.703125;0.765625,True,True,3,0
4839,5,age,48758,48757,32,1,False,0.296875,1,False,0.296875,1,False,0.296875,True,False,1,0
4840,5,age,48758,48759,32,3,True,0.140625;0.703125;0.828125,3,True,0.140625;0.703125;0.828125,3,True,0.140625;0.703125;0.828125,True,True,3,0
4841,5,age,48819,48818,32,1,False,0.296875,1,False,0.296875,1,False,0.296875,True,False,1,0
4842,5,age,48819,48820,32,3,True,0.078125;0.703125;0.984375,3,True,0.078125;0.703125;0.984375,3,True,0.078125;0.703125;0.984375,True,True,3,0
4843,5,age,48821,48820,32,1,False,0.296875,1,False,0.296875,1,False,0.296875,True,False,1,0
4844,5,age,48821,48822,32,3,True,0.140625;0.703125;0.828125,3,True,0.140625;0.703125;0.828125,3,True,0.140625;0.703125;0.828125,True,True,3,0
4845,5,age,48875,48874,32,3,True,0.109375;0.296875;0.921875,3,True,0.109375;0.296875;0.921875,3,True,0.109375;0.296875;0.921875,True,True,3,0
4846,5,age,48875,48876,32,1,False,0.078125,1,False,0.078125,1,False,0.078125,True,False,1,0
4847,5,age,48882,48881,32,1,False,0.984375,1,False,0.984375,1,False,0.984375,True,False,1,0
4848,5,age,48882,48883,32,1,False,0.765625,1,False,0.765625,1,False,0.765625,True,False,1,0
4849,5,age,48884,48883,32,1,False,0.296875,1,False,0.296875,1,False,0.296875,True,False,1,0
4850,5,age,48884,48885,32,3,True,0.140625;0.703125;0.828125,3,True,0.140625;0.703125;0.828125,3,True,0.140625;0.703125;0.828125,True,True,3,0
4851,5,age,48947,48946,32,1,False,0.296875,1,False,0.296875,1,False,0.296875,True,False,1,0
4852,5,age,48947,48948,32,3,True,0.140625;0.703125;0.828125,3,True,0.140625;0.703125;0.828125,3,True,0.140625;0.703125;0.828125,True,True,3,0
4853,5,age,49010,49009,32,1,False,0.296875,1,False,0.296875,1,False,0.296875,True,False,1,0
4854,5,age,49010,49011,32,3,True,0.140625;0.703125;0.828125,3,True,0.140625;0.703125;0.828125,3,True,0.140625;0.703125;0.828125,True,True,3,0
4855,5,age,49071,49070,32,1,False,0.296875,1,False,0.296875,1,False,0.296875,True,False,1,0
4856,5,age,49071,49072,32,3,True,0.078125;0.703125;0.765625,3,True,0.078125;0.703125;0.765625,3,True,0.078125;0.703125;0.765625,True,True,3,0
4857,5,age,49073,49072,32,1,False,0.296875,1,False,0.296875,1,False,0.296875,True,False,1,0
4858,5,age,49073,49074,32,3,True,0.140625;0.703125;0.828125,3,True,0.140625;0.703125;0.828125,3,True,0.140625;0.703125;0.828125,True,True,3,0
4859,5,age,49134,49133,32,1,False,0.296875,1,False,0.296875,1,False,0.296875,True,False,1,0
4860,5,age,49134,49135,32,3,True,0.078125;0.703125;0.984375,3,True,0.078125;0.703125;0.984375,3,True,0.078125;0.703125;0.984375,True,True,3,0
4861,5,age,49136,49135,32,1,False,0.296875,1,False,0.296875,1,False,0.296875,True,False,1,0
4862,5,age,49136,49137,32,3,True,0.140625;0.703125;0.828125,3,True,0.140625;0.703125;0.828125,3,True,0.140625;0.703125;0.828125,True,True,3,0
4863,5,age,49190,49189,32,3,True,0.109375;0.296875;0.921875,3,True,0.109375;0.296875;0.921875,3,True,0.109375;0.296875;0.921875,True,True,3,0
4864,5,age,49190,49191,32,1,False,0.078125,1,False,0.078125,1,False,0.078125,True,False,1,0
4865,5,age,49197,49196,32,1,False,0.984375,1,False,0.984375,1,False,0.984375,True,False,1,0
4866,5,age,49197,49198,32,1,False,0.765625,1,False,0.765625,1,False,0.765625,True,False,1,0
4867,5,age,49199,49198,32,1,False,0.296875,1,False,0.296875,1,False,0.296875,True,False,1,0
4868,5,age,49199,49200,32,3,True,0.140625;0.703125;0.828125,3,True,0.140625;0.703125;0.828125,3,True,0.140625;0.703125;0.828125,True,True,3,0
4869,5,age,49262,49261,32,1,False,0.296875,1,False,0.296875,1,False,0.296875,True,False,1,0
4870,5,age,49262,49263,32,3,True,0.140625;0.703125;0.828125,3,True,0.140625;0.703125;0.828125,3,True,0.140625;0.703125;0.828125,True,True,3,0
4871,5,age,49325,49324,32,1,False,0.296875,1,False,0.296875,1,False,0.296875,True,False,1,0
4872,5,age,49325,49326,32,3,True,0.140625;0.703125;0.828125,3,True,0.140625;0.703125;0.828125,3,True,0.140625;0.703125;0.828125,True,True,3,0
4873,5,age,49386,49385,32,1,False,0.296875,1,False,0.296875,1,False,0.296875,True,False,1,0
4874,5,age,49386,49387,32,3,True,0.078125;0.703125;0.765625,3,True,0.078125;0.703125;0.765625,3,True,0.078125;0.703125;0.765625,True,True,3,0
4875,5,age,49388,49387,32,1,False,0.296875,1,False,0.296875,1,False,0.296875,True,False,1,0
4876,5,age,49388,49389,32,3,True,0.140625;0.703125;0.828125,3,True,0.140625;0.703125;0.828125,3,True,0.140625;0.703125;0.828125,True,True,3,0
4877,5,age,49449,49448,32,1,False,0.296875,1,False,0.296875,1,False,0.296875,True,False,1,0
4878,5,age,49449,49450,32,3,True,0.078125;0.703125;0.984375,3,True,0.078125;0.703125;0.984375,3,True,0.078125;0.703125;0.984375,True,True,3,0
4879,5,age,49451,49450,32,1,False,0.296875,1,False,0.296875,1,False,0.296875,True,False,1,0
4880,5,age,49451,49452,32,3,True,0.140625;0.703125;0.828125,3,True,0.140625;0.703125;0.828125,3,True,0.140625;0.703125;0.828125,True,True,3,0
4881,5,age,49505,49504,32,3,True,0.109375;0.296875;0.921875,3,True,0.109375;0.296875;0.921875,3,True,0.109375;0.296875;0.921875,True,True,3,0
4882,5,age,49505,49506,32,1,False,0.078125,1,False,0.078125,1,False,0.078125,True,False,1,0
4883,5,age,49512,49511,32,1,False,0.984375,1,False,0.984375,1,False,0.984375,True,False,1,0
4884,5,age,49512,49513,32,1,False,0.765625,1,False,0.765625,1,False,0.765625,True,False,1,0
4885,5,age,49514,49513,32,1,False,0.296875,1,False,0.296875,1,False,0.296875,True,False,1,0
4886,5,age,49514,49515,32,3,True,0.140625;0.703125;0.828125,3,True,0.140625;0.703125;0.828125,3,True,0.140625;0.703125;0.828125,True,True,3,0
4887,5,age,49577,49576,32,1,False,0.296875,1,False,0.296875,1,False,0.296875,True,False,1,0
4888,5,age,49577,49578,32,3,True,0.140625;0.703125;0.828125,3,True,0.140625;0.703125;0.828125,3,True,0.140625;0.703125;0.828125,True,True,3,0
4889,5,age,49640,49639,32,1,False,0.296875,1,False,0.296875,1,False,0.296875,True,False,1,0
4890,5,age,49640,49641,32,3,True,0.140625;0.703125;0.828125,3,True,0.140625;0.703125;0.828125,3,True,0.140625;0.703125;0.828125,True,True,3,0
4891,5,age,49701,49700,32,1,False,0.296875,1,False,0.296875,1,False,0.296875,True,False,1,0
4892,5,age,49701,49702,32,3,True,0.078125;0.703125;0.765625,3,True,0.078125;0.703125;0.765625,3,True,0.078125;0.703125;0.765625,True,True,3,0
4893,5,age,49703,49702,32,1,False,0.296875,1,False,0.296875,1,False,0.296875,True,False,1,0
4894,5,age,49703,49704,32,3,True,0.140625;0.703125;0.828125,3,True,0.140625;0.703125;0.828125,3,True,0.140625;0.703125;0.828125,True,True,3,0
4895,5,age,49764,49763,32,1,False,0.296875,1,False,0.296875,1,False,0.296875,True,False,1,0
4896,5,age,49764,49765,32,3,True,0.078125;0.703125;0.984375,3,True,0.078125;0.703125;0.984375,3,True,0.078125;0.703125;0.984375,True,True,3,0
4897,5,age,49766,49765,32,1,False,0.296875,1,False,0.296875,1,False,0.296875,True,False,1,0
4898,5,age,49766,49767,32,3,True,0.140625;0.703125;0.828125,3,True,0.140625;0.703125;0.828125,3,True,0.140625;0.703125;0.828125,True,True,3,0
4899,5,age,49820,49819,32,3,True,0.109375;0.296875;0.921875,3,True,0.109375;0.296875;0.921875,3,True,0.109375;0.296875;0.921875,True,True,3,0
4900,5,age,49820,49821,32,1,False,0.078125,1,False,0.078125,1,False,0.078125,True,False,1,0
4901,5,age,49827,49826,32,1,False,0.984375,1,False,0.984375,1,False,0.984375,True,False,1,0
4902,5,age,49827,49828,32,1,False,0.765625,1,False,0.765625,1,False,0.765625,True,False,1,0
4903,5,age,49829,49828,32,1,False,0.296875,1,False,0.296875,1,False,0.296875,True,False,1,0
4904,5,age,49829,49830,32,3,True,0.140625;0.703125;0.828125,3,True,0.140625;0.703125;0.828125,3,True,0.140625;0.703125;0.828125,True,True,3,0
4905,5,age,49892,49891,32,1,False,0.296875,1,False,0.296875,1,False,0.296875,True,False,1,0
4906,5,age,49892,49893,32,3,True,0.140625;0.703125;0.828125,3,True,0.140625;0.703125;0.828125,3,True,0.140625;0.703125;0.828125,True,True,3,0
4907,5,age,49955,49954,32,1,False,0.296875,1,False,0.296875,1,False,0.296875,True,False,1,0
4908,5,age,49955,49956,32,3,True,0.140625;0.703125;0.828125,3,True,0.140625;0.703125;0.828125,3,True,0.140625;0.703125;0.828125,True,True,3,0
4909,5,age,50016,50015,32,1,False,0.296875,1,False,0.296875,1,False,0.296875,True,False,1,0
4910,5,age,50016,50017,32,3,True,0.078125;0.703125;0.765625,3,True,0.078125;0.703125;0.765625,3,True,0.078125;0.703125;0.765625,True,True,3,0
4911,5,age,50018,50017,32,1,False,0.296875,1,False,0.296875,1,False,0.296875,True,False,1,0
4912,5,age,50018,50019,32,3,True,0.140625;0.703125;0.828125,3,True,0.140625;0.703125;0.828125,3,True,0.140625;0.703125;0.828125,True,True,3,0
4913,5,age,50079,50078,32,1,False,0.296875,1,False,0.296875,1,False,0.296875,True,False,1,0
4914,5,age,50079,50080,32,3,True,0.078125;0.703125;0.984375,3,True,0.078125;0.703125;0.984375,3,True,0.078125;0.703125;0.984375,True,True,3,0
4915,5,age,50081,50080,32,1,False,0.296875,1,False,0.296875,1,False,0.296875,True,False,1,0
4916,5,age,50081,50082,32,3,True,0.140625;0.703125;0.828125,3,True,0.140625;0.703125;0.828125,3,True,0.140625;0.703125;0.828125,True,True,3,0
4917,5,age,50135,50134,32,3,True,0.109375;0.296875;0.921875,3,True,0.109375;0.296875;0.921875,3,True,0.109375;0.296875;0.921875,True,True,3,0
4918,5,age,50135,50136,32,1,False,0.078125,1,False,0.078125,1,False,0.078125,True,False,1,0
4919,5,age,50142,50141,32,1,False,0.984375,1,False,0.984375,1,False,0.984375,True,False,1,0
4920,5,age,50142,50143,32,1,False,0.765625,1,False,0.765625,1,False,0.765625,True,False,1,0
4921,5,age,50144,50143,32,1,False,0.296875,1,False,0.296875,1,False,0.296875,True,False,1,0
4922,5,age,50144,50145,32,3,True,0.140625;0.703125;0.828125,3,True,0.140625;0.703125;0.828125,3,True,0.140625;0.703125;0.828125,True,True,3,0
4923,5,age,50207,50206,32,1,False,0.296875,1,False,0.296875,1,False,0.296875,True,False,1,0
4924,5,age,50207,50208,32,3,True,0.140625;0.703125;0.828125,3,True,0.140625;0.703125;0.828125,3,True,0.140625;0.703125;0.828125,True,True,3,0
4925,5,age,50270,50269,32,1,False,0.296875,1,False,0.296875,1,False,0.296875,True,False,1,0
4926,5,age,50270,50271,32,3,True,0.140625;0.703125;0.828125,3,True,0.140625;0.703125;0.828125,3,True,0.140625;0.703125;0.828125,True,True,3,0
4927,5,age,50331,50330,32,1,False,0.296875,1,False,0.296875,1,False,0.296875,True,False,1,0
4928,5,age,50331,50332,32,3,True,0.078125;0.703125;0.765625,3,True,0.078125;0.703125;0.765625,3,True,0.078125;0.703125;0.765625,True,True,3,0
4929,5,age,50333,50332,32,1,False,0.296875,1,False,0.296875,1,False,0.296875,True,False,1,0
4930,5,age,50333,50334,32,3,True,0.140625;0.703125;0.828125,3,True,0.140625;0.703125;0.828125,3,True,0.140625;0.703125;0.828125,True,True,3,0
4931,5,age,50394,50393,32,1,False,0.296875,1,False,0.296875,1,False,0.296875,True,False,1,0
4932,5,age,50394,50395,32,3,True,0.078125;0.703125;0.984375,3,True,0.078125;0.703125;0.984375,3,True,0.078125;0.703125;0.984375,True,True,3,0
4933,5,age,50396,50395,32,1,False,0.296875,1,False,0.296875,1,False,0.296875,True,False,1,0
4934,5,age,50396,50397,32,3,True,0.140625;0.703125;0.828125,3,True,0.140625;0.703125;0.828125,3,True,0.140625;0.703125;0.828125,True,True,3,0
4935,5,age,50450,50449,32,3,True,0.109375;0.296875;0.921875,3,True,0.109375;0.296875;0.921875,3,True,0.109375;0.296875;0.921875,True,True,3,0
4936,5,age,50450,50451,32,1,False,0.078125,1,False,0.078125,1,False,0.078125,True,False,1,0
4937,5,age,50457,50456,32,1,False,0.984375,1,False,0.984375,1,False,0.984375,True,False,1,0
4938,5,age,50457,50458,32,1,False,0.765625,1,False,0.765625,1,False,0.765625,True,False,1,0
4939,5,age,50459,50458,32,1,False,0.296875,1,False,0.296875,1,False,0.296875,True,False,1,0
4940,5,age,50459,50460,32,3,True,0.140625;0.703125;0.828125,3,True,0.140625;0.703125;0.828125,3,True,0.140625;0.703125;0.828125,True,True,3,0
4941,5,age,50522,50521,32,1,False,0.296875,1,False,0.296875,1,False,0.296875,True,False,1,0
4942,5,age,50522,50523,32,3,True,0.140625;0.703125;0.828125,3,True,0.140625;0.703125;0.828125,3,True,0.140625;0.703125;0.828125,True,True,3,0
4943,5,age,50585,50584,32,1,False,0.296875,1,False,0.296875,1,False,0.296875,True,False,1,0
4944,5,age,50585,50586,32,3,True,0.140625;0.703125;0.828125,3,True,0.140625;0.703125;0.828125,3,True,0.140625;0.703125;0.828125,True,True,3,0
4945,5,age,50648,50647,32,1,False,0.296875,1,False,0.296875,1,False,0.296875,True,False,1,0
4946,5,age,50648,50649,32,3,True,0.140625;0.703125;0.828125,3,True,0.140625;0.703125;0.828125,3,True,0.140625;0.703125;0.828125,True,True,3,0
4947,5,age,50711,50710,32,1,False,0.296875,1,False,0.296875,1,False,0.296875,True,False,1,0
4948,5,age,50711,50712,32,3,True,0.140625;0.703125;0.828125,3,True,0.140625;0.703125;0.828125,3,True,0.140625;0.703125;0.828125,True,True,3,0
4949,5,age,50765,50764,32,3,True,0.109375;0.296875;0.921875,3,True,0.109375;0.296875;0.921875,3,True,0.109375;0.296875;0.921875,True,True,3,0
4950,5,age,50765,50766,32,1,False,0.078125,1,False,0.078125,1,False,0.078125,True,False,1,0
4951,5,age,50772,50771,32,1,False,0.984375,1,False,0.984375,1,False,0.984375,True,False,1,0
4952,5,age,50772,50773,32,1,False,0.765625,1,False,0.765625,1,False,0.765625,True,False,1,0
4953,5,age,50774,50773,32,1,False,0.296875,1,False,0.296875,1,False,0.296875,True,False,1,0
4954,5,age,50774,50775,32,3,True,0.140625;0.703125;0.828125,3,True,0.140625;0.703125;0.828125,3,True,0.140625;0.703125;0.828125,True,True,3,0
4955,5,age,50837,50836,32,1,False,0.296875,1,False,0.296875,1,False,0.296875,True,False,1,0
4956,5,age,50837,50838,32,3,True,0.140625;0.703125;0.828125,3,True,0.140625;0.703125;0.828125,3,True,0.140625;0.703125;0.828125,True,True,3,0
4957,5,age,50900,50899,32,1,False,0.296875,1,False,0.296875,1,False,0.296875,True,False,1,0
4958,5,age,50900,50901,32,3,True,0.140625;0.703125;0.828125,3,True,0.140625;0.703125;0.828125,3,True,0.140625;0.703125;0.828125,True,True,3,0
4959,5,age,50963,50962,32,1,False,0.296875,1,False,0.296875,1,False,0.296875,True,False,1,0
4960,5,age,50963,50964,32,3,True,0.140625;0.703125;0.828125,3,True,0.140625;0.703125;0.828125,3,True,0.140625;0.703125;0.828125,True,True,3,0
4961,5,age,51026,51025,32,1,False,0.296875,1,False,0.296875,1,False,0.296875,True,False,1,0
4962,5,age,51026,51027,32,3,True,0.140625;0.703125;0.828125,3,True,0.140625;0.703125;0.828125,3,True,0.140625;0.703125;0.828125,True,True,3,0
4963,5,age,51080,51079,32,3,True,0.109375;0.296875;0.921875,3,True,0.109375;0.296875;0.921875,3,True,0.109375;0.296875;0.921875,True,True,3,0
4964,5,age,51080,51081,32,1,False,0.078125,1,False,0.078125,1,False,0.078125,True,False,1,0
4965,5,age,51087,51086,32,1,False,0.984375,1,False,0.984375,1,False,0.984375,True,False,1,0
4966,5,age,51087,51088,32,1,False,0.765625,1,False,0.765625,1,False,0.765625,True,False,1,0
4967,5,age,51089,51088,32,1,False,0.296875,1,False,0.296875,1,False,0.296875,True,False,1,0
4968,5,age,51089,51090,32,3,True,0.140625;0.703125;0.828125,3,True,0.140625;0.703125;0.828125,3,True,0.140625;0.703125;0.828125,True,True,3,0
4969,5,age,51152,51151,32,1,False,0.296875,1,False,0.296875,1,False,0.296875,True,False,1,0
4970,5,age,51152,51153,32,3,True,0.140625;0.703125;0.828125,3,True,0.140625;0.703125;0.828125,3,True,0.140625;0.703125;0.828125,True,True,3,0
4971,5,age,51215,51214,32,1,False,0.296875,1,False,0.296875,1,False,0.296875,True,False,1,0
4972,5,age,51215,51216,32,3,True,0.140625;0.703125;0.828125,3,True,0.140625;0.703125;0.828125,3,True,0.140625;0.703125;0.828125,True,True,3,0
4973,5,age,51278,51277,32,1,False,0.296875,1,False,0.296875,1,False,0.296875,True,False,1,0
4974,5,age,51278,51279,32,3,True,0.140625;0.703125;0.828125,3,True,0.140625;0.703125;0.828125,3,True,0.140625;0.703125;0.828125,True,True,3,0
4975,5,age,51341,51340,32,1,False,0.296875,1,False,0.296875,1,False,0.296875,True,False,1,0
4976,5,age,51341,51342,32,3,True,0.140625;0.703125;0.828125,3,True,0.140625;0.703125;0.828125,3,True,0.140625;0.703125;0.828125,True,True,3,0
4977,5,age,51395,51394,32,3,True,0.109375;0.296875;0.921875,3,True,0.109375;0.296875;0.921875,3,True,0.109375;0.296875;0.921875,True,True,3,0
4978,5,age,51395,51396,32,1,False,0.078125,1,False,0.078125,1,False,0.078125,True,False,1,0
4979,5,age,51402,51401,32,1,False,0.984375,1,False,0.984375,1,False,0.984375,True,False,1,0
4980,5,age,51402,51403,32,1,False,0.765625,1,False,0.765625,1,False,0.765625,True,False,1,0
4981,5,age,51404,51403,32,1,False,0.296875,1,False,0.296875,1,False,0.296875,True,False,1,0
4982,5,age,51404,51405,32,3,True,0.140625;0.703125;0.828125,3,True,0.140625;0.703125;0.828125,3,True,0.140625;0.703125;0.828125,True,True,3,0
4983,5,age,51467,51466,32,1,False,0.296875,1,False,0.296875,1,False,0.296875,True,False,1,0
4984,5,age,51467,51468,32,3,True,0.140625;0.703125;0.828125,3,True,0.140625;0.703125;0.828125,3,True,0.140625;0.703125;0.828125,True,True,3,0
4985,5,age,51530,51529,32,1,False,0.296875,1,False,0.296875,1,False,0.296875,True,False,1,0
4986,5,age,51530,51531,32,3,True,0.140625;0.703125;0.828125,3,True,0.140625;0.703125;0.828125,3,True,0.140625;0.703125;0.828125,True,True,3,0
4987,5,age,51591,51590,32,1,False,0.296875,1,False,0.296875,1,False,0.296875,True,False,1,0
4988,5,age,51591,51592,32,3,True,0.078125;0.703125;0.765625,3,True,0.078125;0.703125;0.765625,3,True,0.078125;0.703125;0.765625,True,True,3,0
4989,5,age,51593,51592,32,1,False,0.296875,1,False,0.296875,1,False,0.296875,True,False,1,0
4990,5,age,51593,51594,32,3,True,0.140625;0.703125;0.828125,3,True,0.140625;0.703125;0.828125,3,True,0.140625;0.703125;0.828125,True,True,3,0
4991,5,age,51654,51653,32,1,False,0.296875,1,False,0.296875,1,False,0.296875,True,False,1,0
4992,5,age,51654,51655,32,3,True,0.078125;0.703125;0.984375,3,True,0.078125;0.703125;0.984375,3,True,0.078125;0.703125;0.984375,True,True,3,0
4993,5,age,51656,51655,32,1,False,0.296875,1,False,0.296875,1,False,0.296875,True,False,1,0
4994,5,age,51656,51657,32,3,True,0.140625;0.703125;0.828125,3,True,0.140625;0.703125;0.828125,3,True,0.140625;0.703125;0.828125,True,True,3,0
4995,5,age,51710,51709,32,3,True,0.109375;0.296875;0.921875,3,True,0.109375;0.296875;0.921875,3,True,0.109375;0.296875;0.921875,True,True,3,0
4996,5,age,51710,51711,32,1,False,0.078125,1,False,0.078125,1,False,0.078125,True,False,1,0
4997,5,age,51717,51716,32,1,False,0.984375,1,False,0.984375,1,False,0.984375,True,False,1,0
4998,5,age,51717,51718,32,1,False,0.765625,1,False,0.765625,1,False,0.765625,True,False,1,0
4999,5,age,51719,51718,32,1,False,0.296875,1,False,0.296875,1,False,0.296875,True,False,1,0
5000,5,age,51719,51720,32,3,True,0.140625;0.703125;0.828125,3,True,0.140625;0.703125;0.828125,3,True,0.140625;0.703125;0.828125,True,True,3,0
5001,5,age,51782,51781,32,1,False,0.296875,1,False,0.296875,1,False,0.296875,True,False,1,0
5002,5,age,51782,51783,32,3,True,0.140625;0.703125;0.828125,3,True,0.140625;0.703125;0.828125,3,True,0.140625;0.703125;0.828125,True,True,3,0
5003,5,age,51845,51844,32,1,False,0.296875,1,False,0.296875,1,False,0.296875,True,False,1,0
5004,5,age,51845,51846,32,3,True,0.140625;0.703125;0.828125,3,True,0.140625;0.703125;0.828125,3,True,0.140625;0.703125;0.828125,True,True,3,0
5005,5,age,51906,51905,32,1,False,0.296875,1,False,0.296875,1,False,0.296875,True,False,1,0
5006,5,age,51906,51907,32,3,True,0.078125;0.703125;0.765625,3,True,0.078125;0.703125;0.765625,3,True,0.078125;0.703125;0.765625,True,True,3,0
5007,5,age,51908,51907,32,1,False,0.296875,1,False,0.296875,1,False,0.296875,True,False,1,0
5008,5,age,51908,51909,32,3,True,0.140625;0.703125;0.828125,3,True,0.140625;0.703125;0.828125,3,True,0.140625;0.703125;0.828125,True,True,3,0
5009,5,age,51969,51968,32,1,False,0.296875,1,False,0.296875,1,False,0.296875,True,False,1,0
5010,5,age,51969,51970,32,3,True,0.078125;0.703125;0.984375,3,True,0.078125;0.703125;0.984375,3,True,0.078125;0.703125;0.984375,True,True,3,0
5011,5,age,51971,51970,32,1,False,0.296875,1,False,0.296875,1,False,0.296875,True,False,1,0
5012,5,age,51971,51972,32,3,True,0.140625;0.703125;0.828125,3,True,0.140625;0.703125;0.828125,3,True,0.140625;0.703125;0.828125,True,True,3,0
5013,5,age,52970,52969,32,3,True,0.109375;0.296875;0.921875,3,True,0.109375;0.296875;0.921875,3,True,0.109375;0.296875;0.921875,True,True,3,0
5014,5,age,52970,52971,32,1,False,0.078125,1,False,0.078125,1,False,0.078125,True,False,1,0
5015,5,age,52977,52976,32,1,False,0.984375,1,False,0.984375,1,False,0.984375,True,False,1,0
5016,5,age,52977,52978,32,1,False,0.765625,1,False,0.765625,1,False,0.765625,True,False,1,0
5017,5,age,52979,52978,32,1,False,0.296875,1,False,0.296875,1,False,0.296875,True,False,1,0
5018,5,age,52979,52980,32,3,True,0.140625;0.703125;0.828125,3,True,0.140625;0.703125;0.828125,3,True,0.140625;0.703125;0.828125,True,True,3,0
5019,5,age,53042,53041,32,1,False,0.296875,1,False,0.296875,1,False,0.296875,True,False,1,0
5020,5,age,53042,53043,32,3,True,0.140625;0.703125;0.828125,3,True,0.140625;0.703125;0.828125,3,True,0.140625;0.703125;0.828125,True,True,3,0
5021,5,age,53105,53104,32,1,False,0.296875,1,False,0.296875,1,False,0.296875,True,False,1,0
5022,5,age,53105,53106,32,3,True,0.140625;0.703125;0.828125,3,True,0.140625;0.703125;0.828125,3,True,0.140625;0.703125;0.828125,True,True,3,0
5023,5,age,53166,53165,32,1,False,0.296875,1,False,0.296875,1,False,0.296875,True,False,1,0
5024,5,age,53166,53167,32,3,True,0.078125;0.703125;0.765625,3,True,0.078125;0.703125;0.765625,3,True,0.078125;0.703125;0.765625,True,True,3,0
5025,5,age,53168,53167,32,1,False,0.296875,1,False,0.296875,1,False,0.296875,True,False,1,0
5026,5,age,53168,53169,32,3,True,0.140625;0.703125;0.828125,3,True,0.140625;0.703125;0.828125,3,True,0.140625;0.703125;0.828125,True,True,3,0
5027,5,age,53229,53228,32,1,False,0.296875,1,False,0.296875,1,False,0.296875,True,False,1,0
5028,5,age,53229,53230,32,3,True,0.078125;0.703125;0.984375,3,True,0.078125;0.703125;0.984375,3,True,0.078125;0.703125;0.984375,True,True,3,0
5029,5,age,53231,53230,32,1,False,0.296875,1,False,0.296875,1,False,0.296875,True,False,1,0
5030,5,age,53231,53232,32,3,True,0.140625;0.703125;0.828125,3,True,0.140625;0.703125;0.828125,3,True,0.140625;0.703125;0.828125,True,True,3,0
5031,5,age,53285,53284,32,3,True,0.109375;0.296875;0.921875,3,True,0.109375;0.296875;0.921875,3,True,0.109375;0.296875;0.921875,True,True,3,0
5032,5,age,53285,53286,32,1,False,0.078125,1,False,0.078125,1,False,0.078125,True,False,1,0
5033,5,age,53292,53291,32,1,False,0.984375,1,False,0.984375,1,False,0.984375,True,False,1,0
5034,5,age,53292,53293,32,1,False,0.765625,1,False,0.765625,1,False,0.765625,True,False,1,0
5035,5,age,53294,53293,32,1,False,0.296875,1,False,0.296875,1,False,0.296875,True,False,1,0
5036,5,age,53294,53295,32,3,True,0.140625;0.703125;0.828125,3,True,0.140625;0.703125;0.828125,3,True,0.140625;0.703125;0.828125,True,True,3,0
5037,5,age,53357,53356,32,1,False,0.296875,1,False,0.296875,1,False,0.296875,True,False,1,0
5038,5,age,53357,53358,32,3,True,0.140625;0.703125;0.828125,3,True,0.140625;0.703125;0.828125,3,True,0.140625;0.703125;0.828125,True,True,3,0
5039,5,age,53420,53419,32,1,False,0.296875,1,False,0.296875,1,False,0.296875,True,False,1,0
5040,5,age,53420,53421,32,3,True,0.140625;0.703125;0.828125,3,True,0.140625;0.703125;0.828125,3,True,0.140625;0.703125;0.828125,True,True,3,0
5041,5,age,53481,53480,32,1,False,0.296875,1,False,0.296875,1,False,0.296875,True,False,1,0
5042,5,age,53481,53482,32,3,True,0.078125;0.703125;0.765625,3,True,0.078125;0.703125;0.765625,3,True,0.078125;0.703125;0.765625,True,True,3,0
5043,5,age,53483,53482,32,1,False,0.296875,1,False,0.296875,1,False,0.296875,True,False,1,0
5044,5,age,53483,53484,32,3,True,0.140625;0.703125;0.828125,3,True,0.140625;0.703125;0.828125,3,True,0.140625;0.703125;0.828125,True,True,3,0
5045,5,age,53544,53543,32,1,False,0.296875,1,False,0.296875,1,False,0.296875,True,False,1,0
5046,5,age,53544,53545,32,3,True,0.078125;0.703125;0.984375,3,True,0.078125;0.703125;0.984375,3,True,0.078125;0.703125;0.984375,True,True,3,0
5047,5,age,53546,53545,32,1,False,0.296875,1,False,0.296875,1,False,0.296875,True,False,1,0
5048,5,age,53546,53547,32,3,True,0.140625;0.703125;0.828125,3,True,0.140625;0.703125;0.828125,3,True,0.140625;0.703125;0.828125,True,True,3,0
5049,5,age,54545,54544,32,3,True,0.109375;0.296875;0.921875,3,True,0.109375;0.296875;0.921875,3,True,0.109375;0.296875;0.921875,True,True,3,0
5050,5,age,54545,54546,32,1,False,0.078125,1,False,0.078125,1,False,0.078125,True,False,1,0
5051,5,age,54552,54551,32,1,False,0.984375,1,False,0.984375,1,False,0.984375,True,False,1,0
5052,5,age,54552,54553,32,1,False,0.765625,1,False,0.765625,1,False,0.765625,True,False,1,0
5053,5,age,54554,54553,32,1,False,0.296875,1,False,0.296875,1,False,0.296875,True,False,1,0
5054,5,age,54554,54555,32,3,True,0.140625;0.703125;0.828125,3,True,0.140625;0.703125;0.828125,3,True,0.140625;0.703125;0.828125,True,True,3,0
5055,5,age,54617,54616,32,1,False,0.296875,1,False,0.296875,1,False,0.296875,True,False,1,0
5056,5,age,54617,54618,32,3,True,0.140625;0.703125;0.828125,3,True,0.140625;0.703125;0.828125,3,True,0.140625;0.703125;0.828125,True,True,3,0
5057,5,age,54680,54679,32,1,False,0.296875,1,False,0.296875,1,False,0.296875,True,False,1,0
5058,5,age,54680,54681,32,3,True,0.140625;0.703125;0.828125,3,True,0.140625;0.703125;0.828125,3,True,0.140625;0.703125;0.828125,True,True,3,0
5059,5,age,54743,54742,32,1,False,0.296875,1,False,0.296875,1,False,0.296875,True,False,1,0
5060,5,age,54743,54744,32,3,True,0.140625;0.703125;0.828125,3,True,0.140625;0.703125;0.828125,3,True,0.140625;0.703125;0.828125,True,True,3,0
5061,5,age,54806,54805,32,1,False,0.296875,1,False,0.296875,1,False,0.296875,True,False,1,0
5062,5,age,54806,54807,32,3,True,0.140625;0.703125;0.828125,3,True,0.140625;0.703125;0.828125,3,True,0.140625;0.703125;0.828125,True,True,3,0
5063,5,age,54860,54859,32,3,True,0.109375;0.296875;0.921875,3,True,0.109375;0.296875;0.921875,3,True,0.109375;0.296875;0.921875,True,True,3,0
5064,5,age,54860,54861,32,1,False,0.078125,1,False,0.078125,1,False,0.078125,True,False,1,0
5065,5,age,54867,54866,32,1,False,0.984375,1,False,0.984375,1,False,0.984375,True,False,1,0
5066,5,age,54867,54868,32,1,False,0.765625,1,False,0.765625,1,False,0.765625,True,False,1,0
5067,5,age,54869,54868,32,1,False,0.296875,1,False,0.296875,1,False,0.296875,True,False,1,0
5068,5,age,54869,54870,32,3,True,0.140625;0.703125;0.828125,3,True,0.140625;0.703125;0.828125,3,True,0.140625;0.703125;0.828125,True,True,3,0
5069,5,age,54932,54931,32,1,False,0.296875,1,False,0.296875,1,False,0.296875,True,False,1,0
5070,5,age,54932,54933,32,3,True,0.140625;0.703125;0.828125,3,True,0.140625;0.703125;0.828125,3,True,0.140625;0.703125;0.828125,True,True,3,0
5071,5,age,54995,54994,32,1,False,0.296875,1,False,0.296875,1,False,0.296875,True,False,1,0
5072,5,age,54995,54996,32,3,True,0.140625;0.703125;0.828125,3,True,0.140625;0.703125;0.828125,3,True,0.140625;0.703125;0.828125,True,True,3,0
5073,5,age,55058,55057,32,1,False,0.296875,1,False,0.296875,1,False,0.296875,True,False,1,0
5074,5,age,55058,55059,32,3,True,0.140625;0.703125;0.828125,3,True,0.140625;0.703125;0.828125,3,True,0.140625;0.703125;0.828125,True,True,3,0
5075,5,age,55121,55120,32,1,False,0.296875,1,False,0.296875,1,False,0.296875,True,False,1,0
5076,5,age,55121,55122,32,3,True,0.140625;0.703125;0.828125,3,True,0.140625;0.703125;0.828125,3,True,0.140625;0.703125;0.828125,True,True,3,0
5077,5,age,56120,56119,32,3,True,0.109375;0.296875;0.921875,3,True,0.109375;0.296875;0.921875,3,True,0.109375;0.296875;0.921875,True,True,3,0
5078,5,age,56120,56121,32,1,False,0.078125,1,False,0.078125,1,False,0.078125,True,False,1,0
5079,5,age,56127,56126,32,1,False,0.984375,1,False,0.984375,1,False,0.984375,True,False,1,0
5080,5,age,56127,56128,32,1,False,0.765625,1,False,0.765625,1,False,0.765625,True,False,1,0
5081,5,age,56129,56128,32,1,False,0.296875,1,False,0.296875,1,False,0.296875,True,False,1,0
5082,5,age,56129,56130,32,3,True,0.140625;0.703125;0.828125,3,True,0.140625;0.703125;0.828125,3,True,0.140625;0.703125;0.828125,True,True,3,0
5083,5,age,56192,56191,32,1,False,0.296875,1,False,0.296875,1,False,0.296875,True,False,1,0
5084,5,age,56192,56193,32,3,True,0.140625;0.703125;0.828125,3,True,0.140625;0.703125;0.828125,3,True,0.140625;0.703125;0.828125,True,True,3,0
5085,5,age,56255,56254,32,1,False,0.296875,1,False,0.296875,1,False,0.296875,True,False,1,0
5086,5,age,56255,56256,32,3,True,0.140625;0.703125;0.828125,3,True,0.140625;0.703125;0.828125,3,True,0.140625;0.703125;0.828125,True,True,3,0
5087,5,age,56318,56317,32,1,False,0.296875,1,False,0.296875,1,False,0.296875,True,False,1,0
5088,5,age,56318,56319,32,3,True,0.140625;0.703125;0.828125,3,True,0.140625;0.703125;0.828125,3,True,0.140625;0.703125;0.828125,True,True,3,0
5089,5,age,56381,56380,32,1,False,0.296875,1,False,0.296875,1,False,0.296875,True,False,1,0
5090,5,age,56381,56382,32,3,True,0.140625;0.703125;0.828125,3,True,0.140625;0.703125;0.828125,3,True,0.140625;0.703125;0.828125,True,True,3,0
5091,5,age,56435,56434,32,3,True,0.109375;0.296875;0.921875,3,True,0.109375;0.296875;0.921875,3,True,0.109375;0.296875;0.921875,True,True,3,0
5092,5,age,56435,56436,32,1,False,0.078125,1,False,0.078125,1,False,0.078125,True,False,1,0
5093,5,age,56442,56441,32,1,False,0.984375,1,False,0.984375,1,False,0.984375,True,False,1,0
5094,5,age,56442,56443,32,1,False,0.765625,1,False,0.765625,1,False,0.765625,True,False,1,0
5095,5,age,56444,56443,32,1,False,0.296875,1,False,0.296875,1,False,0.296875,True,False,1,0
5096,5,age,56444,56445,32,3,True,0.140625;0.703125;0.828125,3,True,0.140625;0.703125;0.828125,3,True,0.140625;0.703125;0.828125,True,True,3,0
5097,5,age,56507,56506,32,1,False,0.296875,1,False,0.296875,1,False,0.296875,True,False,1,0
5098,5,age,56507,56508,32,3,True,0.140625;0.703125;0.828125,3,True,0.140625;0.703125;0.828125,3,True,0.140625;0.703125;0.828125,True,True,3,0
5099,5,age,56570,56569,32,1,False,0.296875,1,False,0.296875,1,False,0.296875,True,False,1,0
5100,5,age,56570,56571,32,3,True,0.140625;0.703125;0.828125,3,True,0.140625;0.703125;0.828125,3,True,0.140625;0.703125;0.828125,True,True,3,0
5101,5,age,56633,56632,32,1,False,0.296875,1,False,0.296875,1,False,0.296875,True,False,1,0
5102,5,age,56633,56634,32,3,True,0.140625;0.703125;0.828125,3,True,0.140625;0.703125;0.828125,3,True,0.140625;0.703125;0.828125,True,True,3,0
5103,5,age,56696,56695,32,1,False,0.296875,1,False,0.296875,1,False,0.296875,True,False,1,0
5104,5,age,56696,56697,32,3,True,0.140625;0.703125;0.828125,3,True,0.140625;0.703125;0.828125,3,True,0.140625;0.703125;0.828125,True,True,3,0
5105,5,age,63246,63245,32,1,False,0.296875,1,False,0.296875,1,False,0.296875,True,False,1,0
5106,5,age,63246,63247,32,3,True,0.078125;0.703125;0.765625,3,True,0.078125;0.703125;0.765625,3,True,0.078125;0.703125;0.765625,True,True,3,0
5107,5,age,63309,63308,32,1,False,0.296875,1,False,0.296875,1,False,0.296875,True,False,1,0
5108,5,age,63309,63310,32,3,True,0.078125;0.703125;0.984375,3,True,0.078125;0.703125;0.984375,3,True,0.078125;0.703125;0.984375,True,True,3,0
5109,5,age,63561,63560,32,1,False,0.296875,1,False,0.296875,1,False,0.296875,True,False,1,0
5110,5,age,63561,63562,32,3,True,0.078125;0.703125;0.765625,3,True,0.078125;0.703125;0.765625,3,True,0.078125;0.703125;0.765625,True,True,3,0
5111,5,age,63624,63623,32,1,False,0.296875,1,False,0.296875,1,False,0.296875,True,False,1,0
5112,5,age,63624,63625,32,3,True,0.078125;0.703125;0.984375,3,True,0.078125;0.703125;0.984375,3,True,0.078125;0.703125;0.984375,True,True,3,0
5113,5,age,63876,63875,32,1,False,0.296875,1,False,0.296875,1,False,0.296875,True,False,1,0
5114,5,age,63876,63877,32,3,True,0.078125;0.703125;0.765625,3,True,0.078125;0.703125;0.765625,3,True,0.078125;0.703125;0.765625,True,True,3,0
5115,5,age,63939,63938,32,1,False,0.296875,1,False,0.296875,1,False,0.296875,True,False,1,0
5116,5,age,63939,63940,32,3,True,0.078125;0.703125;0.984375,3,True,0.078125;0.703125;0.984375,3,True,0.078125;0.703125;0.984375,True,True,3,0
5117,5,age,64191,64190,32,1,False,0.296875,1,False,0.296875,1,False,0.296875,True,False,1,0
5118,5,age,64191,64192,32,3,True,0.078125;0.703125;0.765625,3,True,0.078125;0.703125;0.765625,3,True,0.078125;0.703125;0.765625,True,True,3,0
5119,5,age,64254,64253,32,1,False,0.296875,1,False,0.296875,1,False,0.296875,True,False,1,0
5120,5,age,64254,64255,32,3,True,0.078125;0.703125;0.984375,3,True,0.078125;0.703125;0.984375,3,True,0.078125;0.703125;0.984375,True,True,3,0
5121,5,age,64506,64505,32,1,False,0.296875,1,False,0.296875,1,False,0.296875,True,False,1,0
5122,5,age,64506,64507,32,3,True,0.078125;0.703125;0.765625,3,True,0.078125;0.703125;0.765625,3,True,0.078125;0.703125;0.765625,True,True,3,0
5123,5,age,64569,64568,32,1,False,0.296875,1,False,0.296875,1,False,0.296875,True,False,1,0
5124,5,age,64569,64570,32,3,True,0.078125;0.703125;0.984375,3,True,0.078125;0.703125;0.984375,3,True,0.078125;0.703125;0.984375,True,True,3,0
5125,5,age,64625,64624,32,3,True,0.109375;0.296875;0.921875,3,True,0.109375;0.296875;0.921875,3,True,0.109375;0.296875;0.921875,True,True,3,0
5126,5,age,64625,64626,32,1,False,0.078125,1,False,0.078125,1,False,0.078125,True,False,1,0
5127,5,age,64632,64631,32,1,False,0.984375,1,False,0.984375,1,False,0.984375,True,False,1,0
5128,5,age,64632,64633,32,1,False,0.765625,1,False,0.765625,1,False,0.765625,True,False,1,0
5129,5,age,64634,64633,32,1,False,0.296875,1,False,0.296875,1,False,0.296875,True,False,1,0
5130,5,age,64634,64635,32,3,True,0.140625;0.703125;0.828125,3,True,0.140625;0.703125;0.828125,3,True,0.140625;0.703125;0.828125,True,True,3,0
5131,5,age,64697,64696,32,1,False,0.296875,1,False,0.296875,1,False,0.296875,True,False,1,0
5132,5,age,64697,64698,32,3,True,0.140625;0.703125;0.828125,3,True,0.140625;0.703125;0.828125,3,True,0.140625;0.703125;0.828125,True,True,3,0
5133,5,age,64760,64759,32,1,False,0.296875,1,False,0.296875,1,False,0.296875,True,False,1,0
5134,5,age,64760,64761,32,3,True,0.140625;0.703125;0.828125,3,True,0.140625;0.703125;0.828125,3,True,0.140625;0.703125;0.828125,True,True,3,0
5135,5,age,64821,64820,32,1,False,0.296875,1,False,0.296875,1,False,0.296875,True,False,1,0
5136,5,age,64821,64822,32,3,True,0.078125;0.703125;0.765625,3,True,0.078125;0.703125;0.765625,3,True,0.078125;0.703125;0.765625,True,True,3,0
5137,5,age,64823,64822,32,1,False,0.296875,1,False,0.296875,1,False,0.296875,True,False,1,0
5138,5,age,64823,64824,32,3,True,0.140625;0.703125;0.828125,3,True,0.140625;0.703125;0.828125,3,True,0.140625;0.703125;0.828125,True,True,3,0
5139,5,age,64884,64883,32,1,False,0.296875,1,False,0.296875,1,False,0.296875,True,False,1,0
5140,5,age,64884,64885,32,3,True,0.078125;0.703125;0.984375,3,True,0.078125;0.703125;0.984375,3,True,0.078125;0.703125;0.984375,True,True,3,0
5141,5,age,64886,64885,32,1,False,0.296875,1,False,0.296875,1,False,0.296875,True,False,1,0
5142,5,age,64886,64887,32,3,True,0.140625;0.703125;0.828125,3,True,0.140625;0.703125;0.828125,3,True,0.140625;0.703125;0.828125,True,True,3,0
5143,5,age,64940,64939,32,3,True,0.109375;0.296875;0.921875,3,True,0.109375;0.296875;0.921875,3,True,0.109375;0.296875;0.921875,True,True,3,0
5144,5,age,64940,64941,32,1,False,0.078125,1,False,0.078125,1,False,0.078125,True,False,1,0
5145,5,age,64947,64946,32,1,False,0.984375,1,False,0.984375,1,False,0.984375,True,False,1,0
5146,5,age,64947,64948,32,1,False,0.765625,1,False,0.765625,1,False,0.765625,True,False,1,0
5147,5,age,64949,64948,32,1,False,0.296875,1,False,0.296875,1,False,0.296875,True,False,1,0
5148,5,age,64949,64950,32,3,True,0.140625;0.703125;0.828125,3,True,0.140625;0.703125;0.828125,3,True,0.140625;0.703125;0.828125,True,True,3,0
5149,5,age,65012,65011,32,1,False,0.296875,1,False,0.296875,1,False,0.296875,True,False,1,0
5150,5,age,65012,65013,32,3,True,0.140625;0.703125;0.828125,3,True,0.140625;0.703125;0.828125,3,True,0.140625;0.703125;0.828125,True,True,3,0
5151,5,age,65075,65074,32,1,False,0.296875,1,False,0.296875,1,False,0.296875,True,False,1,0
5152,5,age,65075,65076,32,3,True,0.140625;0.703125;0.828125,3,True,0.140625;0.703125;0.828125,3,True,0.140625;0.703125;0.828125,True,True,3,0
5153,5,age,65136,65135,32,1,False,0.296875,1,False,0.296875,1,False,0.296875,True,False,1,0
5154,5,age,65136,65137,32,3,True,0.078125;0.703125;0.765625,3,True,0.078125;0.703125;0.765625,3,True,0.078125;0.703125;0.765625,True,True,3,0
5155,5,age,65138,65137,32,1,False,0.296875,1,False,0.296875,1,False,0.296875,True,False,1,0
5156,5,age,65138,65139,32,3,True,0.140625;0.703125;0.828125,3,True,0.140625;0.703125;0.828125,3,True,0.140625;0.703125;0.828125,True,True,3,0
5157,5,age,65199,65198,32,1,False,0.296875,1,False,0.296875,1,False,0.296875,True,False,1,0
5158,5,age,65199,65200,32,3,True,0.078125;0.703125;0.984375,3,True,0.078125;0.703125;0.984375,3,True,0.078125;0.703125;0.984375,True,True,3,0
5159,5,age,65201,65200,32,1,False,0.296875,1,False,0.296875,1,False,0.296875,True,False,1,0
5160,5,age,65201,65202,32,3,True,0.140625;0.703125;0.828125,3,True,0.140625;0.703125;0.828125,3,True,0.140625;0.703125;0.828125,True,True,3,0
5161,5,age,65255,65254,32,3,True,0.109375;0.296875;0.921875,3,True,0.109375;0.296875;0.921875,3,True,0.109375;0.296875;0.921875,True,True,3,0
5162,5,age,65255,65256,32,1,False,0.078125,1,False,0.078125,1,False,0.078125,True,False,1,0
5163,5,age,65262,65261,32,1,False,0.984375,1,False,0.984375,1,False,0.984375,True,False,1,0
5164,5,age,65262,65263,32,1,False,0.765625,1,False,0.765625,1,False,0.765625,True,False,1,0
5165,5,age,65264,65263,32,1,False,0.296875,1,False,0.296875,1,False,0.296875,True,False,1,0
5166,5,age,65264,65265,32,3,True,0.140625;0.703125;0.828125,3,True,0.140625;0.703125;0.828125,3,True,0.140625;0.703125;0.828125,True,True,3,0
5167,5,age,65327,65326,32,1,False,0.296875,1,False,0.296875,1,False,0.296875,True,False,1,0
5168,5,age,65327,65328,32,3,True,0.140625;0.703125;0.828125,3,True,0.140625;0.703125;0.828125,3,True,0.140625;0.703125;0.828125,True,True,3,0
5169,5,age,65390,65389,32,1,False,0.296875,1,False,0.296875,1,False,0.296875,True,False,1,0
5170,5,age,65390,65391,32,3,True,0.140625;0.703125;0.828125,3,True,0.140625;0.703125;0.828125,3,True,0.140625;0.703125;0.828125,True,True,3,0
5171,5,age,65451,65450,32,1,False,0.296875,1,False,0.296875,1,False,0.296875,True,False,1,0
5172,5,age,65451,65452,32,3,True,0.078125;0.703125;0.765625,3,True,0.078125;0.703125;0.765625,3,True,0.078125;0.703125;0.765625,True,True,3,0
5173,5,age,65453,65452,32,1,False,0.296875,1,False,0.296875,1,False,0.296875,True,False,1,0
5174,5,age,65453,65454,32,3,True,0.140625;0.703125;0.828125,3,True,0.140625;0.703125;0.828125,3,True,0.140625;0.703125;0.828125,True,True,3,0
5175,5,age,65514,65513,32,1,False,0.296875,1,False,0.296875,1,False,0.296875,True,False,1,0
5176,5,age,65514,65515,32,3,True,0.078125;0.703125;0.984375,3,True,0.078125;0.703125;0.984375,3,True,0.078125;0.703125;0.984375,True,True,3,0
5177,5,age,65516,65515,32,1,False,0.296875,1,False,0.296875,1,False,0.296875,True,False,1,0
5178,5,age,65516,65517,32,3,True,0.140625;0.703125;0.828125,3,True,0.140625;0.703125;0.828125,3,True,0.140625;0.703125;0.828125,True,True,3,0
5179,5,age,65570,65569,32,3,True,0.109375;0.296875;0.921875,3,True,0.109375;0.296875;0.921875,3,True,0.109375;0.296875;0.921875,True,True,3,0
5180,5,age,65570,65571,32,1,False,0.078125,1,False,0.078125,1,False,0.078125,True,False,1,0
5181,5,age,65577,65576,32,1,False,0.984375,1,False,0.984375,1,False,0.984375,True,False,1,0
5182,5,age,65577,65578,32,1,False,0.765625,1,False,0.765625,1,False,0.765625,True,False,1,0
5183,5,age,65579,65578,32,1,False,0.296875,1,False,0.296875,1,False,0.296875,True,False,1,0
5184,5,age,65579,65580,32,3,True,0.140625;0.703125;0.828125,3,True,0.140625;0.703125;0.828125,3,True,0.140625;0.703125;0.828125,True,True,3,0
5185,5,age,65642,65641,32,1,False,0.296875,1,False,0.296875,1,False,0.296875,True,False,1,0
5186,5,age,65642,65643,32,3,True,0.140625;0.703125;0.828125,3,True,0.140625;0.703125;0.828125,3,True,0.140625;0.703125;0.828125,True,True,3,0
5187,5,age,65705,65704,32,1,False,0.296875,1,False,0.296875,1,False,0.296875,True,False,1,0
5188,5,age,65705,65706,32,3,True,0.140625;0.703125;0.828125,3,True,0.140625;0.703125;0.828125,3,True,0.140625;0.703125;0.828125,True,True,3,0
5189,5,age,65766,65765,32,1,False,0.296875,1,False,0.296875,1,False,0.296875,True,False,1,0
5190,5,age,65766,65767,32,3,True,0.078125;0.703125;0.765625,3,True,0.078125;0.703125;0.765625,3,True,0.078125;0.703125;0.765625,True,True,3,0
5191,5,age,65768,65767,32,1,False,0.296875,1,False,0.296875,1,False,0.296875,True,False,1,0
5192,5,age,65768,65769,32,3,True,0.140625;0.703125;0.828125,3,True,0.140625;0.703125;0.828125,3,True,0.140625;0.703125;0.828125,True,True,3,0
5193,5,age,65829,65828,32,1,False,0.296875,1,False,0.296875,1,False,0.296875,True,False,1,0
5194,5,age,65829,65830,32,3,True,0.078125;0.703125;0.984375,3,True,0.078125;0.703125;0.984375,3,True,0.078125;0.703125;0.984375,True,True,3,0
5195,5,age,65831,65830,32,1,False,0.296875,1,False,0.296875,1,False,0.296875,True,False,1,0
5196,5,age,65831,65832,32,3,True,0.140625;0.703125;0.828125,3,True,0.140625;0.703125;0.828125,3,True,0.140625;0.703125;0.828125,True,True,3,0
5197,5,age,65885,65884,32,3,True,0.109375;0.296875;0.921875,3,True,0.109375;0.296875;0.921875,3,True,0.109375;0.296875;0.921875,True,True,3,0
5198,5,age,65885,65886,32,1,False,0.078125,1,False,0.078125,1,False,0.078125,True,False,1,0
5199,5,age,65892,65891,32,1,False,0.984375,1,False,0.984375,1,False,0.984375,True,False,1,0
5200,5,age,65892,65893,32,1,False,0.765625,1,False,0.765625,1,False,0.765625,True,False,1,0
5201,5,age,65894,65893,32,1,False,0.296875,1,False,0.296875,1,False,0.296875,True,False,1,0
5202,5,age,65894,65895,32,3,True,0.140625;0.703125;0.828125,3,True,0.140625;0.703125;0.828125,3,True,0.140625;0.703125;0.828125,True,True,3,0
5203,5,age,65957,65956,32,1,False,0.296875,1,False,0.296875,1,False,0.296875,True,False,1,0
5204,5,age,65957,65958,32,3,True,0.140625;0.703125;0.828125,3,True,0.140625;0.703125;0.828125,3,True,0.140625;0.703125;0.828125,True,True,3,0
5205,5,age,66020,66019,32,1,False,0.296875,1,False,0.296875,1,False,0.296875,True,False,1,0
5206,5,age,66020,66021,32,3,True,0.140625;0.703125;0.828125,3,True,0.140625;0.703125;0.828125,3,True,0.140625;0.703125;0.828125,True,True,3,0
5207,5,age,66081,66080,32,1,False,0.296875,1,False,0.296875,1,False,0.296875,True,False,1,0
5208,5,age,66081,66082,32,3,True,0.078125;0.703125;0.765625,3,True,0.078125;0.703125;0.765625,3,True,0.078125;0.703125;0.765625,True,True,3,0
5209,5,age,66083,66082,32,1,False,0.296875,1,False,0.296875,1,False,0.296875,True,False,1,0
5210,5,age,66083,66084,32,3,True,0.140625;0.703125;0.828125,3,True,0.140625;0.703125;0.828125,3,True,0.140625;0.703125;0.828125,True,True,3,0
5211,5,age,66144,66143,32,1,False,0.296875,1,False,0.296875,1,False,0.296875,True,False,1,0
5212,5,age,66144,66145,32,3,True,0.078125;0.703125;0.984375,3,True,0.078125;0.703125;0.984375,3,True,0.078125;0.703125;0.984375,True,True,3,0
5213,5,age,66146,66145,32,1,False,0.296875,1,False,0.296875,1,False,0.296875,True,False,1,0
5214,5,age,66146,66147,32,3,True,0.140625;0.703125;0.828125,3,True,0.140625;0.703125;0.828125,3,True,0.140625;0.703125;0.828125,True,True,3,0
5215,5,age,66200,66199,32,3,True,0.109375;0.296875;0.921875,3,True,0.109375;0.296875;0.921875,3,True,0.109375;0.296875;0.921875,True,True,3,0
5216,5,age,66200,66201,32,1,False,0.078125,1,False,0.078125,1,False,0.078125,True,False,1,0
5217,5,age,66207,66206,32,1,False,0.984375,1,False,0.984375,1,False,0.984375,True,False,1,0
5218,5,age,66207,66208,32,1,False,0.765625,1,False,0.765625,1,False,0.765625,True,False,1,0
5219,5,age,66209,66208,32,1,False,0.296875,1,False,0.296875,1,False,0.296875,True,False,1,0
5220,5,age,66209,66210,32,3,True,0.140625;0.703125;0.828125,3,True,0.140625;0.703125;0.828125,3,True,0.140625;0.703125;0.828125,True,True,3,0
5221,5,age,66272,66271,32,1,False,0.296875,1,False,0.296875,1,False,0.296875,True,False,1,0
5222,5,age,66272,66273,32,3,True,0.140625;0.703125;0.828125,3,True,0.140625;0.703125;0.828125,3,True,0.140625;0.703125;0.828125,True,True,3,0
5223,5,age,66335,66334,32,1,False,0.296875,1,False,0.296875,1,False,0.296875,True,False,1,0
5224,5,age,66335,66336,32,3,True,0.140625;0.703125;0.828125,3,True,0.140625;0.703125;0.828125,3,True,0.140625;0.703125;0.828125,True,True,3,0
5225,5,age,66396,66395,32,1,False,0.296875,1,False,0.296875,1,False,0.296875,True,False,1,0
5226,5,age,66396,66397,32,3,True,0.078125;0.703125;0.765625,3,True,0.078125;0.703125;0.765625,3,True,0.078125;0.703125;0.765625,True,True,3,0
5227,5,age,66398,66397,32,1,False,0.296875,1,False,0.296875,1,False,0.296875,True,False,1,0
5228,5,age,66398,66399,32,3,True,0.140625;0.703125;0.828125,3,True,0.140625;0.703125;0.828125,3,True,0.140625;0.703125;0.828125,True,True,3,0
5229,5,age,66459,66458,32,1,False,0.296875,1,False,0.296875,1,False,0.296875,True,False,1,0
5230,5,age,66459,66460,32,3,True,0.078125;0.703125;0.984375,3,True,0.078125;0.703125;0.984375,3,True,0.078125;0.703125;0.984375,True,True,3,0
5231,5,age,66461,66460,32,1,False,0.296875,1,False,0.296875,1,False,0.296875,True,False,1,0
5232,5,age,66461,66462,32,3,True,0.140625;0.703125;0.828125,3,True,0.140625;0.703125;0.828125,3,True,0.140625;0.703125;0.828125,True,True,3,0
5233,5,age,66515,66514,32,3,True,0.109375;0.296875;0.921875,3,True,0.109375;0.296875;0.921875,3,True,0.109375;0.296875;0.921875,True,True,3,0
5234,5,age,66515,66516,32,1,False,0.078125,1,False,0.078125,1,False,0.078125,True,False,1,0
5235,5,age,66522,66521,32,1,False,0.984375,1,False,0.984375,1,False,0.984375,True,False,1,0
5236,5,age,66522,66523,32,1,False,0.765625,1,False,0.765625,1,False,0.765625,True,False,1,0
5237,5,age,66524,66523,32,1,False,0.296875,1,False,0.296875,1,False,0.296875,True,False,1,0
5238,5,age,66524,66525,32,3,True,0.140625;0.703125;0.828125,3,True,0.140625;0.703125;0.828125,3,True,0.140625;0.703125;0.828125,True,True,3,0
5239,5,age,66587,66586,32,1,False,0.296875,1,False,0.296875,1,False,0.296875,True,False,1,0
5240,5,age,66587,66588,32,3,True,0.140625;0.703125;0.828125,3,True,0.140625;0.703125;0.828125,3,True,0.140625;0.703125;0.828125,True,True,3,0
5241,5,age,66650,66649,32,1,False,0.296875,1,False,0.296875,1,False,0.296875,True,False,1,0
5242,5,age,66650,66651,32,3,True,0.140625;0.703125;0.828125,3,True,0.140625;0.703125;0.828125,3,True,0.140625;0.703125;0.828125,True,True,3,0
5243,5,age,66711,66710,32,1,False,0.296875,1,False,0.296875,1,False,0.296875,True,False,1,0
5244,5,age,66711,66712,32,3,True,0.078125;0.703125;0.765625,3,True,0.078125;0.703125;0.765625,3,True,0.078125;0.703125;0.765625,True,True,3,0
5245,5,age,66713,66712,32,1,False,0.296875,1,False,0.296875,1,False,0.296875,True,False,1,0
5246,5,age,66713,66714,32,3,True,0.140625;0.703125;0.828125,3,True,0.140625;0.703125;0.828125,3,True,0.140625;0.703125;0.828125,True,True,3,0
5247,5,age,66774,66773,32,1,False,0.296875,1,False,0.296875,1,False,0.296875,True,False,1,0
5248,5,age,66774,66775,32,3,True,0.078125;0.703125;0.984375,3,True,0.078125;0.703125;0.984375,3,True,0.078125;0.703125;0.984375,True,True,3,0
5249,5,age,66776,66775,32,1,False,0.296875,1,False,0.296875,1,False,0.296875,True,False,1,0
5250,5,age,66776,66777,32,3,True,0.140625;0.703125;0.828125,3,True,0.140625;0.703125;0.828125,3,True,0.140625;0.703125;0.828125,True,True,3,0
5251,5,age,66830,66829,32,3,True,0.109375;0.296875;0.921875,3,True,0.109375;0.296875;0.921875,3,True,0.109375;0.296875;0.921875,True,True,3,0
5252,5,age,66830,66831,32,1,False,0.078125,1,False,0.078125,1,False,0.078125,True,False,1,0
5253,5,age,66837,66836,32,1,False,0.984375,1,False,0.984375,1,False,0.984375,True,False,1,0
5254,5,age,66837,66838,32,1,False,0.765625,1,False,0.765625,1,False,0.765625,True,False,1,0
5255,5,age,66839,66838,32,1,False,0.296875,1,False,0.296875,1,False,0.296875,True,False,1,0
5256,5,age,66839,66840,32,3,True,0.140625;0.703125;0.828125,3,True,0.140625;0.703125;0.828125,3,True,0.140625;0.703125;0.828125,True,True,3,0
5257,5,age,66902,66901,32,1,False,0.296875,1,False,0.296875,1,False,0.296875,True,False,1,0
5258,5,age,66902,66903,32,3,True,0.140625;0.703125;0.828125,3,True,0.140625;0.703125;0.828125,3,True,0.140625;0.703125;0.828125,True,True,3,0
5259,5,age,66965,66964,32,1,False,0.296875,1,False,0.296875,1,False,0.296875,True,False,1,0
5260,5,age,66965,66966,32,3,True,0.140625;0.703125;0.828125,3,True,0.140625;0.703125;0.828125,3,True,0.140625;0.703125;0.828125,True,True,3,0
5261,5,age,67026,67025,32,1,False,0.296875,1,False,0.296875,1,False,0.296875,True,False,1,0
5262,5,age,67026,67027,32,3,True,0.078125;0.703125;0.765625,3,True,0.078125;0.703125;0.765625,3,True,0.078125;0.703125;0.765625,True,True,3,0
5263,5,age,67028,67027,32,1,False,0.296875,1,False,0.296875,1,False,0.296875,True,False,1,0
5264,5,age,67028,67029,32,3,True,0.140625;0.703125;0.828125,3,True,0.140625;0.703125;0.828125,3,True,0.140625;0.703125;0.828125,True,True,3,0
5265,5,age,67089,67088,32,1,False,0.296875,1,False,0.296875,1,False,0.296875,True,False,1,0
5266,5,age,67089,67090,32,3,True,0.078125;0.703125;0.984375,3,True,0.078125;0.703125;0.984375,3,True,0.078125;0.703125;0.984375,True,True,3,0
5267,5,age,67091,67090,32,1,False,0.296875,1,False,0.296875,1,False,0.296875,True,False,1,0
5268,5,age,67091,67092,32,3,True,0.140625;0.703125;0.828125,3,True,0.140625;0.703125;0.828125,3,True,0.140625;0.703125;0.828125,True,True,3,0
5269,5,age,67145,67144,32,3,True,0.109375;0.296875;0.921875,3,True,0.109375;0.296875;0.921875,3,True,0.109375;0.296875;0.921875,True,True,3,0
5270,5,age,67145,67146,32,1,False,0.078125,1,False,0.078125,1,False,0.078125,True,False,1,0
5271,5,age,67152,67151,32,1,False,0.984375,1,False,0.984375,1,False,0.984375,True,False,1,0
5272,5,age,67152,67153,32,1,False,0.765625,1,False,0.765625,1,False,0.765625,True,False,1,0
5273,5,age,67154,67153,32,1,False,0.296875,1,False,0.296875,1,False,0.296875,True,False,1,0
5274,5,age,67154,67155,32,3,True,0.140625;0.703125;0.828125,3,True,0.140625;0.703125;0.828125,3,True,0.140625;0.703125;0.828125,True,True,3,0
5275,5,age,67217,67216,32,1,False,0.296875,1,False,0.296875,1,False,0.296875,True,False,1,0
5276,5,age,67217,67218,32,3,True,0.140625;0.703125;0.828125,3,True,0.140625;0.703125;0.828125,3,True,0.140625;0.703125;0.828125,True,True,3,0
5277,5,age,67280,67279,32,1,False,0.296875,1,False,0.296875,1,False,0.296875,True,False,1,0
5278,5,age,67280,67281,32,3,True,0.140625;0.703125;0.828125,3,True,0.140625;0.703125;0.828125,3,True,0.140625;0.703125;0.828125,True,True,3,0
5279,5,age,67341,67340,32,1,False,0.296875,1,False,0.296875,1,False,0.296875,True,False,1,0
5280,5,age,67341,67342,32,3,True,0.078125;0.703125;0.765625,3,True,0.078125;0.703125;0.765625,3,True,0.078125;0.703125;0.765625,True,True,3,0
5281,5,age,67343,67342,32,1,False,0.296875,1,False,0.296875,1,False,0.296875,True,False,1,0
5282,5,age,67343,67344,32,3,True,0.140625;0.703125;0.828125,3,True,0.140625;0.703125;0.828125,3,True,0.140625;0.703125;0.828125,True,True,3,0
5283,5,age,67404,67403,32,1,False,0.296875,1,False,0.296875,1,False,0.296875,True,False,1,0
5284,5,age,67404,67405,32,3,True,0.078125;0.703125;0.984375,3,True,0.078125;0.703125;0.984375,3,True,0.078125;0.703125;0.984375,True,True,3,0
5285,5,age,67406,67405,32,1,False,0.296875,1,False,0.296875,1,False,0.296875,True,False,1,0
5286,5,age,67406,67407,32,3,True,0.140625;0.703125;0.828125,3,True,0.140625;0.703125;0.828125,3,True,0.140625;0.703125;0.828125,True,True,3,0
5287,5,age,67460,67459,32,3,True,0.109375;0.296875;0.921875,3,True,0.109375;0.296875;0.921875,3,True,0.109375;0.296875;0.921875,True,True,3,0
5288,5,age,67460,67461,32,1,False,0.078125,1,False,0.078125,1,False,0.078125,True,False,1,0
5289,5,age,67467,67466,32,1,False,0.984375,1,False,0.984375,1,False,0.984375,True,False,1,0
5290,5,age,67467,67468,32,1,False,0.765625,1,False,0.765625,1,False,0.765625,True,False,1,0
5291,5,age,67469,67468,32,1,False,0.296875,1,False,0.296875,1,False,0.296875,True,False,1,0
5292,5,age,67469,67470,32,3,True,0.140625;0.703125;0.828125,3,True,0.140625;0.703125;0.828125,3,True,0.140625;0.703125;0.828125,True,True,3,0
5293,5,age,67532,67531,32,1,False,0.296875,1,False,0.296875,1,False,0.296875,True,False,1,0
5294,5,age,67532,67533,32,3,True,0.140625;0.703125;0.828125,3,True,0.140625;0.703125;0.828125,3,True,0.140625;0.703125;0.828125,True,True,3,0
5295,5,age,67595,67594,32,1,False,0.296875,1,False,0.296875,1,False,0.296875,True,False,1,0
5296,5,age,67595,67596,32,3,True,0.140625;0.703125;0.828125,3,True,0.140625;0.703125;0.828125,3,True,0.140625;0.703125;0.828125,True,True,3,0
5297,5,age,67656,67655,32,1,False,0.296875,1,False,0.296875,1,False,0.296875,True,False,1,0
5298,5,age,67656,67657,32,3,True,0.078125;0.703125;0.765625,3,True,0.078125;0.703125;0.765625,3,True,0.078125;0.703125;0.765625,True,True,3,0
5299,5,age,67658,67657,32,1,False,0.296875,1,False,0.296875,1,False,0.296875,True,False,1,0
5300,5,age,67658,67659,32,3,True,0.140625;0.703125;0.828125,3,True,0.140625;0.703125;0.828125,3,True,0.140625;0.703125;0.828125,True,True,3,0
5301,5,age,67719,67718,32,1,False,0.296875,1,False,0.296875,1,False,0.296875,True,False,1,0
5302,5,age,67719,67720,32,3,True,0.078125;0.703125;0.984375,3,True,0.078125;0.703125;0.984375,3,True,0.078125;0.703125;0.984375,True,True,3,0
5303,5,age,67721,67720,32,1,False,0.296875,1,False,0.296875,1,False,0.296875,True,False,1,0
5304,5,age,67721,67722,32,3,True,0.140625;0.703125;0.828125,3,True,0.140625;0.703125;0.828125,3,True,0.140625;0.703125;0.828125,True,True,3,0
5305,5,age,67775,67774,32,3,True,0.109375;0.296875;0.921875,3,True,0.109375;0.296875;0.921875,3,True,0.109375;0.296875;0.921875,True,True,3,0
5306,5,age,67775,67776,32,1,False,0.078125,1,False,0.078125,1,False,0.078125,True,False,1,0
5307,5,age,67782,67781,32,1,False,0.984375,1,False,0.984375,1,False,0.984375,True,False,1,0
5308,5,age,67782,67783,32,1,False,0.765625,1,False,0.765625,1,False,0.765625,True,False,1,0
5309,5,age,67784,67783,32,1,False,0.296875,1,False,0.296875,1,False,0.296875,True,False,1,0
5310,5,age,67784,67785,32,3,True,0.140625;0.703125;0.828125,3,True,0.140625;0.703125;0.828125,3,True,0.140625;0.703125;0.828125,True,True,3,0
5311,5,age,67847,67846,32,1,False,0.296875,1,False,0.296875,1,False,0.296875,True,False,1,0
5312,5,age,67847,67848,32,3,True,0.140625;0.703125;0.828125,3,True,0.140625;0.703125;0.828125,3,True,0.140625;0.703125;0.828125,True,True,3,0
5313,5,age,67910,67909,32,1,False,0.296875,1,False,0.296875,1,False,0.296875,True,False,1,0
5314,5,age,67910,67911,32,3,True,0.140625;0.703125;0.828125,3,True,0.140625;0.703125;0.828125,3,True,0.140625;0.703125;0.828125,True,True,3,0
5315,5,age,67971,67970,32,1,False,0.296875,1,False,0.296875,1,False,0.296875,True,False,1,0
5316,5,age,67971,67972,32,3,True,0.078125;0.703125;0.765625,3,True,0.078125;0.703125;0.765625,3,True,0.078125;0.703125;0.765625,True,True,3,0
5317,5,age,67973,67972,32,1,False,0.296875,1,False,0.296875,1,False,0.296875,True,False,1,0
5318,5,age,67973,67974,32,3,True,0.140625;0.703125;0.828125,3,True,0.140625;0.703125;0.828125,3,True,0.140625;0.703125;0.828125,True,True,3,0
5319,5,age,68034,68033,32,1,False,0.296875,1,False,0.296875,1,False,0.296875,True,False,1,0
5320,5,age,68034,68035,32,3,True,0.078125;0.703125;0.984375,3,True,0.078125;0.703125;0.984375,3,True,0.078125;0.703125;0.984375,True,True,3,0
5321,5,age,68036,68035,32,1,False,0.296875,1,False,0.296875,1,False,0.296875,True,False,1,0
5322,5,age,68036,68037,32,3,True,0.140625;0.703125;0.828125,3,True,0.140625;0.703125;0.828125,3,True,0.140625;0.703125;0.828125,True,True,3,0
5323,5,age,68090,68089,32,3,True,0.109375;0.296875;0.921875,3,True,0.109375;0.296875;0.921875,3,True,0.109375;0.296875;0.921875,True,True,3,0
5324,5,age,68090,68091,32,1,False,0.078125,1,False,0.078125,1,False,0.078125,True,False,1,0
5325,5,age,68097,68096,32,1,False,0.984375,1,False,0.984375,1,False,0.984375,True,False,1,0
5326,5,age,68097,68098,32,1,False,0.765625,1,False,0.765625,1,False,0.765625,True,False,1,0
5327,5,age,68099,68098,32,1,False,0.296875,1,False,0.296875,1,False,0.296875,True,False,1,0
5328,5,age,68099,68100,32,3,True,0.140625;0.703125;0.828125,3,True,0.140625;0.703125;0.828125,3,True,0.140625;0.703125;0.828125,True,True,3,0
5329,5,age,68162,68161,32,1,False,0.296875,1,False,0.296875,1,False,0.296875,True,False,1,0
5330,5,age,68162,68163,32,3,True,0.140625;0.703125;0.828125,3,True,0.140625;0.703125;0.828125,3,True,0.140625;0.703125;0.828125,True,True,3,0
5331,5,age,68225,68224,32,1,False,0.296875,1,False,0.296875,1,False,0.296875,True,False,1,0
5332,5,age,68225,68226,32,3,True,0.140625;0.703125;0.828125,3,True,0.140625;0.703125;0.828125,3,True,0.140625;0.703125;0.828125,True,True,3,0
5333,5,age,68286,68285,32,1,False,0.296875,1,False,0.296875,1,False,0.296875,True,False,1,0
5334,5,age,68286,68287,32,3,True,0.078125;0.703125;0.765625,3,True,0.078125;0.703125;0.765625,3,True,0.078125;0.703125;0.765625,True,True,3,0
5335,5,age,68288,68287,32,1,False,0.296875,1,False,0.296875,1,False,0.296875,True,False,1,0
5336,5,age,68288,68289,32,3,True,0.140625;0.703125;0.828125,3,True,0.140625;0.703125;0.828125,3,True,0.140625;0.703125;0.828125,True,True,3,0
5337,5,age,68349,68348,32,1,False,0.296875,1,False,0.296875,1,False,0.296875,True,False,1,0
5338,5,age,68349,68350,32,3,True,0.078125;0.703125;0.984375,3,True,0.078125;0.703125;0.984375,3,True,0.078125;0.703125;0.984375,True,True,3,0
5339,5,age,68351,68350,32,1,False,0.296875,1,False,0.296875,1,False,0.296875,True,False,1,0
5340,5,age,68351,68352,32,3,True,0.140625;0.703125;0.828125,3,True,0.140625;0.703125;0.828125,3,True,0.140625;0.703125;0.828125,True,True,3,0
5341,5,age,68405,68404,32,3,True,0.109375;0.296875;0.921875,3,True,0.109375;0.296875;0.921875,3,True,0.109375;0.296875;0.921875,True,True,3,0
5342,5,age,68405,68406,32,1,False,0.078125,1,False,0.078125,1,False,0.078125,True,False,1,0
5343,5,age,68412,68411,32,1,False,0.984375,1,False,0.984375,1,False,0.984375,True,False,1,0
5344,5,age,68412,68413,32,1,False,0.765625,1,False,0.765625,1,False,0.765625,True,False,1,0
5345,5,age,68414,68413,32,1,False,0.296875,1,False,0.296875,1,False,0.296875,True,False,1,0
5346,5,age,68414,68415,32,3,True,0.140625;0.703125;0.828125,3,True,0.140625;0.703125;0.828125,3,True,0.140625;0.703125;0.828125,True,True,3,0
5347,5,age,68477,68476,32,1,False,0.296875,1,False,0.296875,1,False,0.296875,True,False,1,0
5348,5,age,68477,68478,32,3,True,0.140625;0.703125;0.828125,3,True,0.140625;0.703125;0.828125,3,True,0.140625;0.703125;0.828125,True,True,3,0
5349,5,age,68540,68539,32,1,False,0.296875,1,False,0.296875,1,False,0.296875,True,False,1,0
5350,5,age,68540,68541,32,3,True,0.140625;0.703125;0.828125,3,True,0.140625;0.703125;0.828125,3,True,0.140625;0.703125;0.828125,True,True,3,0
5351,5,age,68601,68600,32,1,False,0.296875,1,False,0.296875,1,False,0.296875,True,False,1,0
5352,5,age,68601,68602,32,3,True,0.078125;0.703125;0.765625,3,True,0.078125;0.703125;0.765625,3,True,0.078125;0.703125;0.765625,True,True,3,0
5353,5,age,68603,68602,32,1,False,0.296875,1,False,0.296875,1,False,0.296875,True,False,1,0
5354,5,age,68603,68604,32,3,True,0.140625;0.703125;0.828125,3,True,0.140625;0.703125;0.828125,3,True,0.140625;0.703125;0.828125,True,True,3,0
5355,5,age,68664,68663,32,1,False,0.296875,1,False,0.296875,1,False,0.296875,True,False,1,0
5356,5,age,68664,68665,32,3,True,0.078125;0.703125;0.984375,3,True,0.078125;0.703125;0.984375,3,True,0.078125;0.703125;0.984375,True,True,3,0
5357,5,age,68666,68665,32,1,False,0.296875,1,False,0.296875,1,False,0.296875,True,False,1,0
5358,5,age,68666,68667,32,3,True,0.140625;0.703125;0.828125,3,True,0.140625;0.703125;0.828125,3,True,0.140625;0.703125;0.828125,True,True,3,0
5359,5,age,68720,68719,32,3,True,0.109375;0.296875;0.921875,3,True,0.109375;0.296875;0.921875,3,True,0.109375;0.296875;0.921875,True,True,3,0
5360,5,age,68720,68721,32,1,False,0.078125,1,False,0.078125,1,False,0.078125,True,False,1,0
5361,5,age,68727,68726,32,1,False,0.984375,1,False,0.984375,1,False,0.984375,True,False,1,0
5362,5,age,68727,68728,32,1,False,0.765625,1,False,0.765625,1,False,0.765625,True,False,1,0
5363,5,age,68729,68728,32,1,False,0.296875,1,False,0.296875,1,False,0.296875,True,False,1,0
5364,5,age,68729,68730,32,3,True,0.140625;0.703125;0.828125,3,True,0.140625;0.703125;0.828125,3,True,0.140625;0.703125;0.828125,True,True,3,0
5365,5,age,68792,68791,32,1,False,0.296875,1,False,0.296875,1,False,0.296875,True,False,1,0
5366,5,age,68792,68793,32,3,True,0.140625;0.703125;0.828125,3,True,0.140625;0.703125;0.828125,3,True,0.140625;0.703125;0.828125,True,True,3,0
5367,5,age,68855,68854,32,1,False,0.296875,1,False,0.296875,1,False,0.296875,True,False,1,0
5368,5,age,68855,68856,32,3,True,0.140625;0.703125;0.828125,3,True,0.140625;0.703125;0.828125,3,True,0.140625;0.703125;0.828125,True,True,3,0
5369,5,age,68916,68915,32,1,False,0.296875,1,False,0.296875,1,False,0.296875,True,False,1,0
5370,5,age,68916,68917,32,3,True,0.078125;0.703125;0.765625,3,True,0.078125;0.703125;0.765625,3,True,0.078125;0.703125;0.765625,True,True,3,0
5371,5,age,68918,68917,32,1,False,0.296875,1,False,0.296875,1,False,0.296875,True,False,1,0
5372,5,age,68918,68919,32,3,True,0.140625;0.703125;0.828125,3,True,0.140625;0.703125;0.828125,3,True,0.140625;0.703125;0.828125,True,True,3,0
5373,5,age,68979,68978,32,1,False,0.296875,1,False,0.296875,1,False,0.296875,True,False,1,0
5374,5,age,68979,68980,32,3,True,0.078125;0.703125;0.984375,3,True,0.078125;0.703125;0.984375,3,True,0.078125;0.703125;0.984375,True,True,3,0
5375,5,age,68981,68980,32,1,False,0.296875,1,False,0.296875,1,False,0.296875,True,False,1,0
5376,5,age,68981,68982,32,3,True,0.140625;0.703125;0.828125,3,True,0.140625;0.703125;0.828125,3,True,0.140625;0.703125;0.828125,True,True,3,0
5377,5,age,69035,69034,32,3,True,0.109375;0.296875;0.921875,3,True,0.109375;0.296875;0.921875,3,True,0.109375;0.296875;0.921875,True,True,3,0
5378,5,age,69035,69036,32,1,False,0.078125,1,False,0.078125,1,False,0.078125,True,False,1,0
5379,5,age,69042,69041,32,1,False,0.984375,1,False,0.984375,1,False,0.984375,True,False,1,0
5380,5,age,69042,69043,32,1,False,0.765625,1,False,0.765625,1,False,0.765625,True,False,1,0
5381,5,age,69044,69043,32,1,False,0.296875,1,False,0.296875,1,False,0.296875,True,False,1,0
5382,5,age,69044,69045,32,3,True,0.140625;0.703125;0.828125,3,True,0.140625;0.703125;0.828125,3,True,0.140625;0.703125;0.828125,True,True,3,0
5383,5,age,69107,69106,32,1,False,0.296875,1,False,0.296875,1,False,0.296875,True,False,1,0
5384,5,age,69107,69108,32,3,True,0.140625;0.703125;0.828125,3,True,0.140625;0.703125;0.828125,3,True,0.140625;0.703125;0.828125,True,True,3,0
5385,5,age,69170,69169,32,1,False,0.296875,1,False,0.296875,1,False,0.296875,True,False,1,0
5386,5,age,69170,69171,32,3,True,0.140625;0.703125;0.828125,3,True,0.140625;0.703125;0.828125,3,True,0.140625;0.703125;0.828125,True,True,3,0
5387,5,age,69231,69230,32,1,False,0.296875,1,False,0.296875,1,False,0.296875,True,False,1,0
5388,5,age,69231,69232,32,3,True,0.078125;0.703125;0.765625,3,True,0.078125;0.703125;0.765625,3,True,0.078125;0.703125;0.765625,True,True,3,0
5389,5,age,69233,69232,32,1,False,0.296875,1,False,0.296875,1,False,0.296875,True,False,1,0
5390,5,age,69233,69234,32,3,True,0.140625;0.703125;0.828125,3,True,0.140625;0.703125;0.828125,3,True,0.140625;0.703125;0.828125,True,True,3,0
5391,5,age,69294,69293,32,1,False,0.296875,1,False,0.296875,1,False,0.296875,True,False,1,0
5392,5,age,69294,69295,32,3,True,0.078125;0.703125;0.984375,3,True,0.078125;0.703125;0.984375,3,True,0.078125;0.703125;0.984375,True,True,3,0
5393,5,age,69296,69295,32,1,False,0.296875,1,False,0.296875,1,False,0.296875,True,False,1,0
5394,5,age,69296,69297,32,3,True,0.140625;0.703125;0.828125,3,True,0.140625;0.703125;0.828125,3,True,0.140625;0.703125;0.828125,True,True,3,0
5395,5,age,69350,69349,32,3,True,0.109375;0.296875;0.921875,3,True,0.109375;0.296875;0.921875,3,True,0.109375;0.296875;0.921875,True,True,3,0
5396,5,age,69350,69351,32,1,False,0.078125,1,False,0.078125,1,False,0.078125,True,False,1,0
5397,5,age,69357,69356,32,1,False,0.984375,1,False,0.984375,1,False,0.984375,True,False,1,0
5398,5,age,69357,69358,32,1,False,0.765625,1,False,0.765625,1,False,0.765625,True,False,1,0
5399,5,age,69359,69358,32,1,False,0.296875,1,False,0.296875,1,False,0.296875,True,False,1,0
5400,5,age,69359,69360,32,3,True,0.140625;0.703125;0.828125,3,True,0.140625;0.703125;0.828125,3,True,0.140625;0.703125;0.828125,True,True,3,0
5401,5,age,69422,69421,32,1,False,0.296875,1,False,0.296875,1,False,0.296875,True,False,1,0
5402,5,age,69422,69423,32,3,True,0.140625;0.703125;0.828125,3,True,0.140625;0.703125;0.828125,3,True,0.140625;0.703125;0.828125,True,True,3,0
5403,5,age,69485,69484,32,1,False,0.296875,1,False,0.296875,1,False,0.296875,True,False,1,0
5404,5,age,69485,69486,32,3,True,0.140625;0.703125;0.828125,3,True,0.140625;0.703125;0.828125,3,True,0.140625;0.703125;0.828125,True,True,3,0
5405,5,age,69546,69545,32,1,False,0.296875,1,False,0.296875,1,False,0.296875,True,False,1,0
5406,5,age,69546,69547,32,3,True,0.078125;0.703125;0.765625,3,True,0.078125;0.703125;0.765625,3,True,0.078125;0.703125;0.765625,True,True,3,0
5407,5,age,69548,69547,32,1,False,0.296875,1,False,0.296875,1,False,0.296875,True,False,1,0
5408,5,age,69548,69549,32,3,True,0.140625;0.703125;0.828125,3,True,0.140625;0.703125;0.828125,3,True,0.140625;0.703125;0.828125,True,True,3,0
5409,5,age,69609,69608,32,1,False,0.296875,1,False,0.296875,1,False,0.296875,True,False,1,0
5410,5,age,69609,69610,32,3,True,0.078125;0.703125;0.984375,3,True,0.078125;0.703125;0.984375,3,True,0.078125;0.703125;0.984375,True,True,3,0
5411,5,age,69611,69610,32,1,False,0.296875,1,False,0.296875,1,False,0.296875,True,False,1,0
5412,5,age,69611,69612,32,3,True,0.140625;0.703125;0.828125,3,True,0.140625;0.703125;0.828125,3,True,0.140625;0.703125;0.828125,True,True,3,0
5413,5,age,69665,69664,32,3,True,0.109375;0.296875;0.921875,3,True,0.109375;0.296875;0.921875,3,True,0.109375;0.296875;0.921875,True,True,3,0
5414,5,age,69665,69666,32,1,False,0.078125,1,False,0.078125,1,False,0.078125,True,False,1,0
5415,5,age,69672,69671,32,1,False,0.984375,1,False,0.984375,1,False,0.984375,True,False,1,0
5416,5,age,69672,69673,32,1,False,0.765625,1,False,0.765625,1,False,0.765625,True,False,1,0
5417,5,age,69674,69673,32,1,False,0.296875,1,False,0.296875,1,False,0.296875,True,False,1,0
5418,5,age,69674,69675,32,3,True,0.140625;0.703125;0.828125,3,True,0.140625;0.703125;0.828125,3,True,0.140625;0.703125;0.828125,True,True,3,0
5419,5,age,69737,69736,32,1,False,0.296875,1,False,0.296875,1,False,0.296875,True,False,1,0
5420,5,age,69737,69738,32,3,True,0.140625;0.703125;0.828125,3,True,0.140625;0.703125;0.828125,3,True,0.140625;0.703125;0.828125,True,True,3,0
5421,5,age,69800,69799,32,1,False,0.296875,1,False,0.296875,1,False,0.296875,True,False,1,0
5422,5,age,69800,69801,32,3,True,0.140625;0.703125;0.828125,3,True,0.140625;0.703125;0.828125,3,True,0.140625;0.703125;0.828125,True,True,3,0
5423,5,age,69861,69860,32,1,False,0.296875,1,False,0.296875,1,False,0.296875,True,False,1,0
5424,5,age,69861,69862,32,3,True,0.078125;0.703125;0.765625,3,True,0.078125;0.703125;0.765625,3,True,0.078125;0.703125;0.765625,True,True,3,0
5425,5,age,69863,69862,32,1,False,0.296875,1,False,0.296875,1,False,0.296875,True,False,1,0
5426,5,age,69863,69864,32,3,True,0.140625;0.703125;0.828125,3,True,0.140625;0.703125;0.828125,3,True,0.140625;0.703125;0.828125,True,True,3,0
5427,5,age,69924,69923,32,1,False,0.296875,1,False,0.296875,1,False,0.296875,True,False,1,0
5428,5,age,69924,69925,32,3,True,0.078125;0.703125;0.984375,3,True,0.078125;0.703125;0.984375,3,True,0.078125;0.703125;0.984375,True,True,3,0
5429,5,age,69926,69925,32,1,False,0.296875,1,False,0.296875,1,False,0.296875,True,False,1,0
5430,5,age,69926,69927,32,3,True,0.140625;0.703125;0.828125,3,True,0.140625;0.703125;0.828125,3,True,0.140625;0.703125;0.828125,True,True,3,0
5431,5,age,69980,69979,32,3,True,0.109375;0.296875;0.921875,3,True,0.109375;0.296875;0.921875,3,True,0.109375;0.296875;0.921875,True,True,3,0
5432,5,age,69980,69981,32,1,False,0.078125,1,False,0.078125,1,False,0.078125,True,False,1,0
5433,5,age,69987,69986,32,1,False,0.984375,1,False,0.984375,1,False,0.984375,True,False,1,0
5434,5,age,69987,69988,32,1,False,0.765625,1,False,0.765625,1,False,0.765625,True,False,1,0
5435,5,age,69989,69988,32,1,False,0.296875,1,False,0.296875,1,False,0.296875,True,False,1,0
5436,5,age,69989,69990,32,3,True,0.140625;0.703125;0.828125,3,True,0.140625;0.703125;0.828125,3,True,0.140625;0.703125;0.828125,True,True,3,0
5437,5,age,70052,70051,32,1,False,0.296875,1,False,0.296875,1,False,0.296875,True,False,1,0
5438,5,age,70052,70053,32,3,True,0.140625;0.703125;0.828125,3,True,0.140625;0.703125;0.828125,3,True,0.140625;0.703125;0.828125,True,True,3,0
5439,5,age,70115,70114,32,1,False,0.296875,1,False,0.296875,1,False,0.296875,True,False,1,0
5440,5,age,70115,70116,32,3,True,0.140625;0.703125;0.828125,3,True,0.140625;0.703125;0.828125,3,True,0.140625;0.703125;0.828125,True,True,3,0
5441,5,age,70176,70175,32,1,False,0.296875,1,False,0.296875,1,False,0.296875,True,False,1,0
5442,5,age,70176,70177,32,3,True,0.078125;0.703125;0.765625,3,True,0.078125;0.703125;0.765625,3,True,0.078125;0.703125;0.765625,True,True,3,0
5443,5,age,70178,70177,32,1,False,0.296875,1,False,0.296875,1,False,0.296875,True,False,1,0
5444,5,age,70178,70179,32,3,True,0.140625;0.703125;0.828125,3,True,0.140625;0.703125;0.828125,3,True,0.140625;0.703125;0.828125,True,True,3,0
5445,5,age,70239,70238,32,1,False,0.296875,1,False,0.296875,1,False,0.296875,True,False,1,0
5446,5,age,70239,70240,32,3,True,0.078125;0.703125;0.984375,3,True,0.078125;0.703125;0.984375,3,True,0.078125;0.703125;0.984375,True,True,3,0
5447,5,age,70241,70240,32,1,False,0.296875,1,False,0.296875,1,False,0.296875,True,False,1,0
5448,5,age,70241,70242,32,3,True,0.140625;0.703125;0.828125,3,True,0.140625;0.703125;0.828125,3,True,0.140625;0.703125;0.828125,True,True,3,0
5449,5,age,70295,70294,32,3,True,0.109375;0.296875;0.921875,3,True,0.109375;0.296875;0.921875,3,True,0.109375;0.296875;0.921875,True,True,3,0
5450,5,age,70295,70296,32,1,False,0.078125,1,False,0.078125,1,False,0.078125,True,False,1,0
5451,5,age,70302,70301,32,1,False,0.984375,1,False,0.984375,1,False,0.984375,True,False,1,0
5452,5,age,70302,70303,32,1,False,0.765625,1,False,0.765625,1,False,0.765625,True,False,1,0
5453,5,age,70304,70303,32,1,False,0.296875,1,False,0.296875,1,False,0.296875,True,False,1,0
5454,5,age,70304,70305,32,3,True,0.140625;0.703125;0.828125,3,True,0.140625;0.703125;0.828125,3,True,0.140625;0.703125;0.828125,True,True,3,0
5455,5,age,70367,70366,32,1,False,0.296875,1,False,0.296875,1,False,0.296875,True,False,1,0
5456,5,age,70367,70368,32,3,True,0.140625;0.703125;0.828125,3,True,0.140625;0.703125;0.828125,3,True,0.140625;0.703125;0.828125,True,True,3,0
5457,5,age,70430,70429,32,1,False,0.296875,1,False,0.296875,1,False,0.296875,True,False,1,0
5458,5,age,70430,70431,32,3,True,0.140625;0.703125;0.828125,3,True,0.140625;0.703125;0.828125,3,True,0.140625;0.703125;0.828125,True,True,3,0
5459,5,age,70491,70490,32,1,False,0.296875,1,False,0.296875,1,False,0.296875,True,False,1,0
5460,5,age,70491,70492,32,3,True,0.078125;0.703125;0.765625,3,True,0.078125;0.703125;0.765625,3,True,0.078125;0.703125;0.765625,True,True,3,0
5461,5,age,70493,70492,32,1,False,0.296875,1,False,0.296875,1,False,0.296875,True,False,1,0
5462,5,age,70493,70494,32,3,True,0.140625;0.703125;0.828125,3,True,0.140625;0.703125;0.828125,3,True,0.140625;0.703125;0.828125,True,True,3,0
5463,5,age,70554,70553,32,1,False,0.296875,1,False,0.296875,1,False,0.296875,True,False,1,0
5464,5,age,70554,70555,32,3,True,0.078125;0.703125;0.984375,3,True,0.078125;0.703125;0.984375,3,True,0.078125;0.703125;0.984375,True,True,3,0
5465,5,age,70556,70555,32,1,False,0.296875,1,False,0.296875,1,False,0.296875,True,False,1,0
5466,5,age,70556,70557,32,3,True,0.140625;0.703125;0.828125,3,True,0.140625;0.703125;0.828125,3,True,0.140625;0.703125;0.828125,True,True,3,0
5467,5,age,70610,70609,32,3,True,0.109375;0.296875;0.921875,3,True,0.109375;0.296875;0.921875,3,True,0.109375;0.296875;0.921875,True,True,3,0
5468,5,age,70610,70611,32,1,False,0.078125,1,False,0.078125,1,False,0.078125,True,False,1,0
5469,5,age,70617,70616,32,1,False,0.984375,1,False,0.984375,1,False,0.984375,True,False,1,0
5470,5,age,70617,70618,32,1,False,0.765625,1,False,0.765625,1,False,0.765625,True,False,1,0
5471,5,age,70619,70618,32,1,False,0.296875,1,False,0.296875,1,False,0.296875,True,False,1,0
5472,5,age,70619,70620,32,3,True,0.140625;0.703125;0.828125,3,True,0.140625;0.703125;0.828125,3,True,0.140625;0.703125;0.828125,True,True,3,0
5473,5,age,70682,70681,32,1,False,0.296875,1,False,0.296875,1,False,0.296875,True,False,1,0
5474,5,age,70682,70683,32,3,True,0.140625;0.703125;0.828125,3,True,0.140625;0.703125;0.828125,3,True,0.140625;0.703125;0.828125,True,True,3,0
5475,5,age,70745,70744,32,1,False,0.296875,1,False,0.296875,1,False,0.296875,True,False,1,0
5476,5,age,70745,70746,32,3,True,0.140625;0.703125;0.828125,3,True,0.140625;0.703125;0.828125,3,True,0.140625;0.703125;0.828125,True,True,3,0
5477,5,age,70806,70805,32,1,False,0.296875,1,False,0.296875,1,False,0.296875,True,False,1,0
5478,5,age,70806,70807,32,3,True,0.078125;0.703125;0.765625,3,True,0.078125;0.703125;0.765625,3,True,0.078125;0.703125;0.765625,True,True,3,0
5479,5,age,70808,70807,32,1,False,0.296875,1,False,0.296875,1,False,0.296875,True,False,1,0
5480,5,age,70808,70809,32,3,True,0.140625;0.703125;0.828125,3,True,0.140625;0.703125;0.828125,3,True,0.140625;0.703125;0.828125,True,True,3,0
5481,5,age,70869,70868,32,1,False,0.296875,1,False,0.296875,1,False,0.296875,True,False,1,0
5482,5,age,70869,70870,32,3,True,0.078125;0.703125;0.984375,3,True,0.078125;0.703125;0.984375,3,True,0.078125;0.703125;0.984375,True,True,3,0
5483,5,age,70871,70870,32,1,False,0.296875,1,False,0.296875,1,False,0.296875,True,False,1,0
5484,5,age,70871,70872,32,3,True,0.140625;0.703125;0.828125,3,True,0.140625;0.703125;0.828125,3,True,0.140625;0.703125;0.828125,True,True,3,0
5485,5,age,70925,70924,32,3,True,0.109375;0.296875;0.921875,3,True,0.109375;0.296875;0.921875,3,True,0.109375;0.296875;0.921875,True,True,3,0
5486,5,age,70925,70926,32,1,False,0.078125,1,False,0.078125,1,False,0.078125,True,False,1,0
5487,5,age,70932,70931,32,1,False,0.984375,1,False,0.984375,1,False,0.984375,True,False,1,0
5488,5,age,70932,70933,32,1,False,0.765625,1,False,0.765625,1,False,0.765625,True,False,1,0
5489,5,age,70934,70933,32,1,False,0.296875,1,False,0.296875,1,False,0.296875,True,False,1,0
5490,5,age,70934,70935,32,3,True,0.140625;0.703125;0.828125,3,True,0.140625;0.703125;0.828125,3,True,0.140625;0.703125;0.828125,True,True,3,0
5491,5,age,70997,70996,32,1,False,0.296875,1,False,0.296875,1,False,0.296875,True,False,1,0
5492,5,age,70997,70998,32,3,True,0.140625;0.703125;0.828125,3,True,0.140625;0.703125;0.828125,3,True,0.140625;0.703125;0.828125,True,True,3,0
5493,5,age,71060,71059,32,1,False,0.296875,1,False,0.296875,1,False,0.296875,True,False,1,0
5494,5,age,71060,71061,32,3,True,0.140625;0.703125;0.828125,3,True,0.140625;0.703125;0.828125,3,True,0.140625;0.703125;0.828125,True,True,3,0
5495,5,age,71121,71120,32,1,False,0.296875,1,False,0.296875,1,False,0.296875,True,False,1,0
5496,5,age,71121,71122,32,3,True,0.078125;0.703125;0.765625,3,True,0.078125;0.703125;0.765625,3,True,0.078125;0.703125;0.765625,True,True,3,0
5497,5,age,71123,71122,32,1,False,0.296875,1,False,0.296875,1,False,0.296875,True,False,1,0
5498,5,age,71123,71124,32,3,True,0.140625;0.703125;0.828125,3,True,0.140625;0.703125;0.828125,3,True,0.140625;0.703125;0.828125,True,True,3,0
5499,5,age,71184,71183,32,1,False,0.296875,1,False,0.296875,1,False,0.296875,True,False,1,0
5500,5,age,71184,71185,32,3,True,0.078125;0.703125;0.984375,3,True,0.078125;0.703125;0.984375,3,True,0.078125;0.703125;0.984375,True,True,3,0
5501,5,age,71186,71185,32,1,False,0.296875,1,False,0.296875,1,False,0.296875,True,False,1,0
5502,5,age,71186,71187,32,3,True,0.140625;0.703125;0.828125,3,True,0.140625;0.703125;0.828125,3,True,0.140625;0.703125;0.828125,True,True,3,0
5503,5,age,71240,71239,32,3,True,0.109375;0.296875;0.921875,3,True,0.109375;0.296875;0.921875,3,True,0.109375;0.296875;0.921875,True,True,3,0
5504,5,age,71240,71241,32,1,False,0.078125,1,False,0.078125,1,False,0.078125,True,False,1,0
5505,5,age,71247,71246,32,1,False,0.984375,1,False,0.984375,1,False,0.984375,True,False,1,0
5506,5,age,71247,71248,32,1,False,0.765625,1,False,0.765625,1,False,0.765625,True,False,1,0
5507,5,age,71249,71248,32,1,False,0.296875,1,False,0.296875,1,False,0.296875,True,False,1,0
5508,5,age,71249,71250,32,3,True,0.140625;0.703125;0.828125,3,True,0.140625;0.703125;0.828125,3,True,0.140625;0.703125;0.828125,True,True,3,0
5509,5,age,71312,71311,32,1,False,0.296875,1,False,0.296875,1,False,0.296875,True,False,1,0
5510,5,age,71312,71313,32,3,True,0.140625;0.703125;0.828125,3,True,0.140625;0.703125;0.828125,3,True,0.140625;0.703125;0.828125,True,True,3,0
5511,5,age,71375,71374,32,1,False,0.296875,1,False,0.296875,1,False,0.296875,True,False,1,0
5512,5,age,71375,71376,32,3,True,0.140625;0.703125;0.828125,3,True,0.140625;0.703125;0.828125,3,True,0.140625;0.703125;0.828125,True,True,3,0
5513,5,age,71436,71435,32,1,False,0.296875,1,False,0.296875,1,False,0.296875,True,False,1,0
5514,5,age,71436,71437,32,3,True,0.078125;0.703125;0.765625,3,True,0.078125;0.703125;0.765625,3,True,0.078125;0.703125;0.765625,True,True,3,0
5515,5,age,71438,71437,32,1,False,0.296875,1,False,0.296875,1,False,0.296875,True,False,1,0
5516,5,age,71438,71439,32,3,True,0.140625;0.703125;0.828125,3,True,0.140625;0.703125;0.828125,3,True,0.140625;0.703125;0.828125,True,True,3,0
5517,5,age,71499,71498,32,1,False,0.296875,1,False,0.296875,1,False,0.296875,True,False,1,0
5518,5,age,71499,71500,32,3,True,0.078125;0.703125;0.984375,3,True,0.078125;0.703125;0.984375,3,True,0.078125;0.703125;0.984375,True,True,3,0
5519,5,age,71501,71500,32,1,False,0.296875,1,False,0.296875,1,False,0.296875,True,False,1,0
5520,5,age,71501,71502,32,3,True,0.140625;0.703125;0.828125,3,True,0.140625;0.703125;0.828125,3,True,0.140625;0.703125;0.828125,True,True,3,0
5521,5,age,71555,71554,32,3,True,0.109375;0.296875;0.921875,3,True,0.109375;0.296875;0.921875,3,True,0.109375;0.296875;0.921875,True,True,3,0
5522,5,age,71555,71556,32,1,False,0.078125,1,False,0.078125,1,False,0.078125,True,False,1,0
5523,5,age,71562,71561,32,1,False,0.984375,1,False,0.984375,1,False,0.984375,True,False,1,0
5524,5,age,71562,71563,32,1,False,0.765625,1,False,0.765625,1,False,0.765625,True,False,1,0
5525,5,age,71564,71563,32,1,False,0.296875,1,False,0.296875,1,False,0.296875,True,False,1,0
5526,5,age,71564,71565,32,3,True,0.140625;0.703125;0.828125,3,True,0.140625;0.703125;0.828125,3,True,0.140625;0.703125;0.828125,True,True,3,0
5527,5,age,71627,71626,32,1,False,0.296875,1,False,0.296875,1,False,0.296875,True,False,1,0
5528,5,age,71627,71628,32,3,True,0.140625;0.703125;0.828125,3,True,0.140625;0.703125;0.828125,3,True,0.140625;0.703125;0.828125,True,True,3,0
5529,5,age,71690,71689,32,1,False,0.296875,1,False,0.296875,1,False,0.296875,True,False,1,0
5530,5,age,71690,71691,32,3,True,0.140625;0.703125;0.828125,3,True,0.140625;0.703125;0.828125,3,True,0.140625;0.703125;0.828125,True,True,3,0
5531,5,age,71751,71750,32,1,False,0.296875,1,False,0.296875,1,False,0.296875,True,False,1,0
5532,5,age,71751,71752,32,3,True,0.078125;0.703125;0.765625,3,True,0.078125;0.703125;0.765625,3,True,0.078125;0.703125;0.765625,True,True,3,0
5533,5,age,71753,71752,32,1,False,0.296875,1,False,0.296875,1,False,0.296875,True,False,1,0
5534,5,age,71753,71754,32,3,True,0.140625;0.703125;0.828125,3,True,0.140625;0.703125;0.828125,3,True,0.140625;0.703125;0.828125,True,True,3,0
5535,5,age,71814,71813,32,1,False,0.296875,1,False,0.296875,1,False,0.296875,True,False,1,0
5536,5,age,71814,71815,32,3,True,0.078125;0.703125;0.984375,3,True,0.078125;0.703125;0.984375,3,True,0.078125;0.703125;0.984375,True,True,3,0
5537,5,age,71816,71815,32,1,False,0.296875,1,False,0.296875,1,False,0.296875,True,False,1,0
5538,5,age,71816,71817,32,3,True,0.140625;0.703125;0.828125,3,True,0.140625;0.703125;0.828125,3,True,0.140625;0.703125;0.828125,True,True,3,0
5539,5,age,71870,71869,32,3,True,0.109375;0.296875;0.921875,3,True,0.109375;0.296875;0.921875,3,True,0.109375;0.296875;0.921875,True,True,3,0
5540,5,age,71870,71871,32,1,False,0.078125,1,False,0.078125,1,False,0.078125,True,False,1,0
5541,5,age,71877,71876,32,1,False,0.984375,1,False,0.984375,1,False,0.984375,True,False,1,0
5542,5,age,71877,71878,32,1,False,0.765625,1,False,0.765625,1,False,0.765625,True,False,1,0
5543,5,age,71879,71878,32,1,False,0.296875,1,False,0.296875,1,False,0.296875,True,False,1,0
5544,5,age,71879,71880,32,3,True,0.140625;0.703125;0.828125,3,True,0.140625;0.703125;0.828125,3,True,0.140625;0.703125;0.828125,True,True,3,0
5545,5,age,71942,71941,32,1,False,0.296875,1,False,0.296875,1,False,0.296875,True,False,1,0
5546,5,age,71942,71943,32,3,True,0.140625;0.703125;0.828125,3,True,0.140625;0.703125;0.828125,3,True,0.140625;0.703125;0.828125,True,True,3,0
5547,5,age,72005,72004,32,1,False,0.296875,1,False,0.296875,1,False,0.296875,True,False,1,0
5548,5,age,72005,72006,32,3,True,0.140625;0.703125;0.828125,3,True,0.140625;0.703125;0.828125,3,True,0.140625;0.703125;0.828125,True,True,3,0
5549,5,age,72066,72065,32,1,False,0.296875,1,False,0.296875,1,False,0.296875,True,False,1,0
5550,5,age,72066,72067,32,3,True,0.078125;0.703125;0.765625,3,True,0.078125;0.703125;0.765625,3,True,0.078125;0.703125;0.765625,True,True,3,0
5551,5,age,72068,72067,32,1,False,0.296875,1,False,0.296875,1,False,0.296875,True,False,1,0
5552,5,age,72068,72069,32,3,True,0.140625;0.703125;0.828125,3,True,0.140625;0.703125;0.828125,3,True,0.140625;0.703125;0.828125,True,True,3,0
5553,5,age,72129,72128,32,1,False,0.296875,1,False,0.296875,1,False,0.296875,True,False,1,0
5554,5,age,72129,72130,32,3,True,0.078125;0.703125;0.984375,3,True,0.078125;0.703125;0.984375,3,True,0.078125;0.703125;0.984375,True,True,3,0
5555,5,age,72131,72130,32,1,False,0.296875,1,False,0.296875,1,False,0.296875,True,False,1,0
5556,5,age,72131,72132,32,3,True,0.140625;0.703125;0.828125,3,True,0.140625;0.703125;0.828125,3,True,0.140625;0.703125;0.828125,True,True,3,0
5557,5,age,72185,72184,32,3,True,0.109375;0.296875;0.921875,3,True,0.109375;0.296875;0.921875,3,True,0.109375;0.296875;0.921875,True,True,3,0
5558,5,age,72185,72186,32,1,False,0.078125,1,False,0.078125,1,False,0.078125,True,False,1,0
5559,5,age,72192,72191,32,1,False,0.984375,1,False,0.984375,1,False,0.984375,True,False,1,0
5560,5,age,72192,72193,32,1,False,0.765625,1,False,0.765625,1,False,0.765625,True,False,1,0
5561,5,age,72194,72193,32,1,False,0.296875,1,False,0.296875,1,False,0.296875,True,False,1,0
5562,5,age,72194,72195,32,3,True,0.140625;0.703125;0.828125,3,True,0.140625;0.703125;0.828125,3,True,0.140625;0.703125;0.828125,True,True,3,0
5563,5,age,72257,72256,32,1,False,0.296875,1,False,0.296875,1,False,0.296875,True,False,1,0
5564,5,age,72257,72258,32,3,True,0.140625;0.703125;0.828125,3,True,0.140625;0.703125;0.828125,3,True,0.140625;0.703125;0.828125,True,True,3,0
5565,5,age,72320,72319,32,1,False,0.296875,1,False,0.296875,1,False,0.296875,True,False,1,0
5566,5,age,72320,72321,32,3,True,0.140625;0.703125;0.828125,3,True,0.140625;0.703125;0.828125,3,True,0.140625;0.703125;0.828125,True,True,3,0
5567,5,age,72381,72380,32,1,False,0.296875,1,False,0.296875,1,False,0.296875,True,False,1,0
5568,5,age,72381,72382,32,3,True,0.078125;0.703125;0.765625,3,True,0.078125;0.703125;0.765625,3,True,0.078125;0.703125;0.765625,True,True,3,0
5569,5,age,72383,72382,32,1,False,0.296875,1,False,0.296875,1,False,0.296875,True,False,1,0
5570,5,age,72383,72384,32,3,True,0.140625;0.703125;0.828125,3,True,0.140625;0.703125;0.828125,3,True,0.140625;0.703125;0.828125,True,True,3,0
5571,5,age,72444,72443,32,1,False,0.296875,1,False,0.296875,1,False,0.296875,True,False,1,0
5572,5,age,72444,72445,32,3,True,0.078125;0.703125;0.984375,3,True,0.078125;0.703125;0.984375,3,True,0.078125;0.703125;0.984375,True,True,3,0
5573,5,age,72446,72445,32,1,False,0.296875,1,False,0.296875,1,False,0.296875,True,False,1,0
5574,5,age,72446,72447,32,3,True,0.140625;0.703125;0.828125,3,True,0.140625;0.703125;0.828125,3,True,0.140625;0.703125;0.828125,True,True,3,0
5575,5,age,72500,72499,32,3,True,0.109375;0.296875;0.921875,3,True,0.109375;0.296875;0.921875,3,True,0.109375;0.296875;0.921875,True,True,3,0
5576,5,age,72500,72501,32,1,False,0.078125,1,False,0.078125,1,False,0.078125,True,False,1,0
5577,5,age,72507,72506,32,1,False,0.984375,1,False,0.984375,1,False,0.984375,True,False,1,0
5578,5,age,72507,72508,32,1,False,0.765625,1,False,0.765625,1,False,0.765625,True,False,1,0
5579,5,age,72509,72508,32,1,False,0.296875,1,False,0.296875,1,False,0.296875,True,False,1,0
5580,5,age,72509,72510,32,3,True,0.140625;0.703125;0.828125,3,True,0.140625;0.703125;0.828125,3,True,0.140625;0.703125;0.828125,True,True,3,0
5581,5,age,72572,72571,32,1,False,0.296875,1,False,0.296875,1,False,0.296875,True,False,1,0
5582,5,age,72572,72573,32,3,True,0.140625;0.703125;0.828125,3,True,0.140625;0.703125;0.828125,3,True,0.140625;0.703125;0.828125,True,True,3,0
5583,5,age,72635,72634,32,1,False,0.296875,1,False,0.296875,1,False,0.296875,True,False,1,0
5584,5,age,72635,72636,32,3,True,0.140625;0.703125;0.828125,3,True,0.140625;0.703125;0.828125,3,True,0.140625;0.703125;0.828125,True,True,3,0
5585,5,age,72696,72695,32,1,False,0.296875,1,False,0.296875,1,False,0.296875,True,False,1,0
5586,5,age,72696,72697,32,3,True,0.078125;0.703125;0.765625,3,True,0.078125;0.703125;0.765625,3,True,0.078125;0.703125;0.765625,True,True,3,0
5587,5,age,72698,72697,32,1,False,0.296875,1,False,0.296875,1,False,0.296875,True,False,1,0
5588,5,age,72698,72699,32,3,True,0.140625;0.703125;0.828125,3,True,0.140625;0.703125;0.828125,3,True,0.140625;0.703125;0.828125,True,True,3,0
5589,5,age,72759,72758,32,1,False,0.296875,1,False,0.296875,1,False,0.296875,True,False,1,0
5590,5,age,72759,72760,32,3,True,0.078125;0.703125;0.984375,3,True,0.078125;0.703125;0.984375,3,True,0.078125;0.703125;0.984375,True,True,3,0
5591,5,age,72761,72760,32,1,False,0.296875,1,False,0.296875,1,False,0.296875,True,False,1,0
5592,5,age,72761,72762,32,3,True,0.140625;0.703125;0.828125,3,True,0.140625;0.703125;0.828125,3,True,0.140625;0.703125;0.828125,True,True,3,0
5593,5,age,72815,72814,32,3,True,0.109375;0.296875;0.921875,3,True,0.109375;0.296875;0.921875,3,True,0.109375;0.296875;0.921875,True,True,3,0
5594,5,age,72815,72816,32,1,False,0.078125,1,False,0.078125,1,False,0.078125,True,False,1,0
5595,5,age,72822,72821,32,1,False,0.984375,1,False,0.984375,1,False,0.984375,True,False,1,0
5596,5,age,72822,72823,32,1,False,0.765625,1,False,0.765625,1,False,0.765625,True,False,1,0
5597,5,age,72824,72823,32,1,False,0.296875,1,False,0.296875,1,False,0.296875,True,False,1,0
5598,5,age,72824,72825,32,3,True,0.140625;0.703125;0.828125,3,True,0.140625;0.703125;0.828125,3,True,0.140625;0.703125;0.828125,True,True,3,0
5599,5,age,72887,72886,32,1,False,0.296875,1,False,0.296875,1,False,0.296875,True,False,1,0
5600,5,age,72887,72888,32,3,True,0.140625;0.703125;0.828125,3,True,0.140625;0.703125;0.828125,3,True,0.140625;0.703125;0.828125,True,True,3,0
5601,5,age,72950,72949,32,1,False,0.296875,1,False,0.296875,1,False,0.296875,True,False,1,0
5602,5,age,72950,72951,32,3,True,0.140625;0.703125;0.828125,3,True,0.140625;0.703125;0.828125,3,True,0.140625;0.703125;0.828125,True,True,3,0
5603,5,age,73011,73010,32,1,False,0.296875,1,False,0.296875,1,False,0.296875,True,False,1,0
5604,5,age,73011,73012,32,3,True,0.078125;0.703125;0.765625,3,True,0.078125;0.703125;0.765625,3,True,0.078125;0.703125;0.765625,True,True,3,0
5605,5,age,73013,73012,32,1,False,0.296875,1,False,0.296875,1,False,0.296875,True,False,1,0
5606,5,age,73013,73014,32,3,True,0.140625;0.703125;0.828125,3,True,0.140625;0.703125;0.828125,3,True,0.140625;0.703125;0.828125,True,True,3,0
5607,5,age,73074,73073,32,1,False,0.296875,1,False,0.296875,1,False,0.296875,True,False,1,0
5608,5,age,73074,73075,32,3,True,0.078125;0.703125;0.984375,3,True,0.078125;0.703125;0.984375,3,True,0.078125;0.703125;0.984375,True,True,3,0
5609,5,age,73076,73075,32,1,False,0.296875,1,False,0.296875,1,False,0.296875,True,False,1,0
5610,5,age,73076,73077,32,3,True,0.140625;0.703125;0.828125,3,True,0.140625;0.703125;0.828125,3,True,0.140625;0.703125;0.828125,True,True,3,0
5611,5,age,73130,73129,32,3,True,0.109375;0.296875;0.921875,3,True,0.109375;0.296875;0.921875,3,True,0.109375;0.296875;0.921875,True,True,3,0
5612,5,age,73130,73131,32,1,False,0.078125,1,False,0.078125,1,False,0.078125,True,False,1,0
5613,5,age,73137,73136,32,1,False,0.984375,1,False,0.984375,1,False,0.984375,True,False,1,0
5614,5,age,73137,73138,32,1,False,0.765625,1,False,0.765625,1,False,0.765625,True,False,1,0
5615,5,age,73139,73138,32,1,False,0.296875,1,False,0.296875,1,False,0.296875,True,False,1,0
5616,5,age,73139,73140,32,3,True,0.140625;0.703125;0.828125,3,True,0.140625;0.703125;0.828125,3,True,0.140625;0.703125;0.828125,True,True,3,0
5617,5,age,73202,73201,32,1,False,0.296875,1,False,0.296875,1,False,0.296875,True,False,1,0
5618,5,age,73202,73203,32,3,True,0.140625;0.703125;0.828125,3,True,0.140625;0.703125;0.828125,3,True,0.140625;0.703125;0.828125,True,True,3,0
5619,5,age,73265,73264,32,1,False,0.296875,1,False,0.296875,1,False,0.296875,True,False,1,0
5620,5,age,73265,73266,32,3,True,0.140625;0.703125;0.828125,3,True,0.140625;0.703125;0.828125,3,True,0.140625;0.703125;0.828125,True,True,3,0
5621,5,age,73326,73325,32,1,False,0.296875,1,False,0.296875,1,False,0.296875,True,False,1,0
5622,5,age,73326,73327,32,3,True,0.078125;0.703125;0.765625,3,True,0.078125;0.703125;0.765625,3,True,0.078125;0.703125;0.765625,True,True,3,0
5623,5,age,73328,73327,32,1,False,0.296875,1,False,0.296875,1,False,0.296875,True,False,1,0
5624,5,age,73328,73329,32,3,True,0.140625;0.703125;0.828125,3,True,0.140625;0.703125;0.828125,3,True,0.140625;0.703125;0.828125,True,True,3,0
5625,5,age,73389,73388,32,1,False,0.296875,1,False,0.296875,1,False,0.296875,True,False,1,0
5626,5,age,73389,73390,32,3,True,0.078125;0.703125;0.984375,3,True,0.078125;0.703125;0.984375,3,True,0.078125;0.703125;0.984375,True,True,3,0
5627,5,age,73391,73390,32,1,False,0.296875,1,False,0.296875,1,False,0.296875,True,False,1,0
5628,5,age,73391,73392,32,3,True,0.140625;0.703125;0.828125,3,True,0.140625;0.703125;0.828125,3,True,0.140625;0.703125;0.828125,True,True,3,0
5629,5,age,73445,73444,32,3,True,0.109375;0.296875;0.921875,3,True,0.109375;0.296875;0.921875,3,True,0.109375;0.296875;0.921875,True,True,3,0
5630,5,age,73445,73446,32,1,False,0.078125,1,False,0.078125,1,False,0.078125,True,False,1,0
5631,5,age,73452,73451,32,1,False,0.984375,1,False,0.984375,1,False,0.984375,True,False,1,0
5632,5,age,73452,73453,32,1,False,0.765625,1,False,0.765625,1,False,0.765625,True,False,1,0
5633,5,age,73454,73453,32,1,False,0.296875,1,False,0.296875,1,False,0.296875,True,False,1,0
5634,5,age,73454,73455,32,3,True,0.140625;0.703125;0.828125,3,True,0.140625;0.703125;0.828125,3,True,0.140625;0.703125;0.828125,True,True,3,0
5635,5,age,73517,73516,32,1,False,0.296875,1,False,0.296875,1,False,0.296875,True,False,1,0
5636,5,age,73517,73518,32,3,True,0.140625;0.703125;0.828125,3,True,0.140625;0.703125;0.828125,3,True,0.140625;0.703125;0.828125,True,True,3,0
5637,5,age,73580,73579,32,1,False,0.296875,1,False,0.296875,1,False,0.296875,True,False,1,0
5638,5,age,73580,73581,32,3,True,0.140625;0.703125;0.828125,3,True,0.140625;0.703125;0.828125,3,True,0.140625;0.703125;0.828125,True,True,3,0
5639,5,age,73641,73640,32,1,False,0.296875,1,False,0.296875,1,False,0.296875,True,False,1,0
5640,5,age,73641,73642,32,3,True,0.078125;0.703125;0.765625,3,True,0.078125;0.703125;0.765625,3,True,0.078125;0.703125;0.765625,True,True,3,0
5641,5,age,73643,73642,32,1,False,0.296875,1,False,0.296875,1,False,0.296875,True,False,1,0
5642,5,age,73643,73644,32,3,True,0.140625;0.703125;0.828125,3,True,0.140625;0.703125;0.828125,3,True,0.140625;0.703125;0.828125,True,True,3,0
5643,5,age,73704,73703,32,1,False,0.296875,1,False,0.296875,1,False,0.296875,True,False,1,0
5644,5,age,73704,73705,32,3,True,0.078125;0.703125;0.984375,3,True,0.078125;0.703125;0.984375,3,True,0.078125;0.703125;0.984375,True,True,3,0
5645,5,age,73706,73705,32,1,False,0.296875,1,False,0.296875,1,False,0.296875,True,False,1,0
5646,5,age,73706,73707,32,3,True,0.140625;0.703125;0.828125,3,True,0.140625;0.703125;0.828125,3,True,0.140625;0.703125;0.828125,True,True,3,0
5647,5,age,73760,73759,32,3,True,0.109375;0.296875;0.921875,3,True,0.109375;0.296875;0.921875,3,True,0.109375;0.296875;0.921875,True,True,3,0
5648,5,age,73760,73761,32,1,False,0.078125,1,False,0.078125,1,False,0.078125,True,False,1,0
5649,5,age,73767,73766,32,1,False,0.984375,1,False,0.984375,1,False,0.984375,True,False,1,0
5650,5,age,73767,73768,32,1,False,0.765625,1,False,0.765625,1,False,0.765625,True,False,1,0
5651,5,age,73769,73768,32,1,False,0.296875,1,False,0.296875,1,False,0.296875,True,False,1,0
5652,5,age,73769,73770,32,3,True,0.140625;0.703125;0.828125,3,True,0.140625;0.703125;0.828125,3,True,0.140625;0.703125;0.828125,True,True,3,0
5653,5,age,73832,73831,32,1,False,0.296875,1,False,0.296875,1,False,0.296875,True,False,1,0
5654,5,age,73832,73833,32,3,True,0.140625;0.703125;0.828125,3,True,0.140625;0.703125;0.828125,3,True,0.140625;0.703125;0.828125,True,True,3,0
5655,5,age,73895,73894,32,1,False,0.296875,1,False,0.296875,1,False,0.296875,True,False,1,0
5656,5,age,73895,73896,32,3,True,0.140625;0.703125;0.828125,3,True,0.140625;0.703125;0.828125,3,True,0.140625;0.703125;0.828125,True,True,3,0
5657,5,age,73956,73955,32,1,False,0.296875,1,False,0.296875,1,False,0.296875,True,False,1,0
5658,5,age,73956,73957,32,3,True,0.078125;0.703125;0.765625,3,True,0.078125;0.703125;0.765625,3,True,0.078125;0.703125;0.765625,True,True,3,0
5659,5,age,73958,73957,32,1,False,0.296875,1,False,0.296875,1,False,0.296875,True,False,1,0
5660,5,age,73958,73959,32,3,True,0.140625;0.703125;0.828125,3,True,0.140625;0.703125;0.828125,3,True,0.140625;0.703125;0.828125,True,True,3,0
5661,5,age,74019,74018,32,1,False,0.296875,1,False,0.296875,1,False,0.296875,True,False,1,0
5662,5,age,74019,74020,32,3,True,0.078125;0.703125;0.984375,3,True,0.078125;0.703125;0.984375,3,True,0.078125;0.703125;0.984375,True,True,3,0
5663,5,age,74021,74020,32,1,False,0.296875,1,False,0.296875,1,False,0.296875,True,False,1,0
5664,5,age,74021,74022,32,3,True,0.140625;0.703125;0.828125,3,True,0.140625;0.703125;0.828125,3,True,0.140625;0.703125;0.828125,True,True,3,0
5665,5,age,74075,74074,32,3,True,0.109375;0.296875;0.921875,3,True,0.109375;0.296875;0.921875,3,True,0.109375;0.296875;0.921875,True,True,3,0
5666,5,age,74075,74076,32,1,False,0.078125,1,False,0.078125,1,False,0.078125,True,False,1,0
5667,5,age,74082,74081,32,1,False,0.984375,1,False,0.984375,1,False,0.984375,True,False,1,0
5668,5,age,74082,74083,32,1,False,0.765625,1,False,0.765625,1,False,0.765625,True,False,1,0
5669,5,age,74084,74083,32,1,False,0.296875,1,False,0.296875,1,False,0.296875,True,False,1,0
5670,5,age,74084,74085,32,3,True,0.140625;0.703125;0.828125,3,True,0.140625;0.703125;0.828125,3,True,0.140625;0.703125;0.828125,True,True,3,0
5671,5,age,74147,74146,32,1,False,0.296875,1,False,0.296875,1,False,0.296875,True,False,1,0
5672,5,age,74147,74148,32,3,True,0.140625;0.703125;0.828125,3,True,0.140625;0.703125;0.828125,3,True,0.140625;0.703125;0.828125,True,True,3,0
5673,5,age,74210,74209,32,1,False,0.296875,1,False,0.296875,1,False,0.296875,True,False,1,0
5674,5,age,74210,74211,32,3,True,0.140625;0.703125;0.828125,3,True,0.140625;0.703125;0.828125,3,True,0.140625;0.703125;0.828125,True,True,3,0
5675,5,age,74273,74272,32,1,False,0.296875,1,False,0.296875,1,False,0.296875,True,False,1,0
5676,5,age,74273,74274,32,3,True,0.140625;0.703125;0.828125,3,True,0.140625;0.703125;0.828125,3,True,0.140625;0.703125;0.828125,True,True,3,0
5677,5,age,74336,74335,32,1,False,0.296875,1,False,0.296875,1,False,0.296875,True,False,1,0
5678,5,age,74336,74337,32,3,True,0.140625;0.703125;0.828125,3,True,0.140625;0.703125;0.828125,3,True,0.140625;0.703125;0.828125,True,True,3,0
5679,5,age,74390,74389,32,3,True,0.109375;0.296875;0.921875,3,True,0.109375;0.296875;0.921875,3,True,0.109375;0.296875;0.921875,True,True,3,0
5680,5,age,74390,74391,32,1,False,0.078125,1,False,0.078125,1,False,0.078125,True,False,1,0
5681,5,age,74397,74396,32,1,False,0.984375,1,False,0.984375,1,False,0.984375,True,False,1,0
5682,5,age,74397,74398,32,1,False,0.765625,1,False,0.765625,1,False,0.765625,True,False,1,0
5683,5,age,74399,74398,32,1,False,0.296875,1,False,0.296875,1,False,0.296875,True,False,1,0
5684,5,age,74399,74400,32,3,True,0.140625;0.703125;0.828125,3,True,0.140625;0.703125;0.828125,3,True,0.140625;0.703125;0.828125,True,True,3,0
5685,5,age,74462,74461,32,1,False,0.296875,1,False,0.296875,1,False,0.296875,True,False,1,0
5686,5,age,74462,74463,32,3,True,0.140625;0.703125;0.828125,3,True,0.140625;0.703125;0.828125,3,True,0.140625;0.703125;0.828125,True,True,3,0
5687,5,age,74525,74524,32,1,False,0.296875,1,False,0.296875,1,False,0.296875,True,False,1,0
5688,5,age,74525,74526,32,3,True,0.140625;0.703125;0.828125,3,True,0.140625;0.703125;0.828125,3,True,0.140625;0.703125;0.828125,True,True,3,0
5689,5,age,74588,74587,32,1,False,0.296875,1,False,0.296875,1,False,0.296875,True,False,1,0
5690,5,age,74588,74589,32,3,True,0.140625;0.703125;0.828125,3,True,0.140625;0.703125;0.828125,3,True,0.140625;0.703125;0.828125,True,True,3,0
5691,5,age,74651,74650,32,1,False,0.296875,1,False,0.296875,1,False,0.296875,True,False,1,0
5692,5,age,74651,74652,32,3,True,0.140625;0.703125;0.828125,3,True,0.140625;0.703125;0.828125,3,True,0.140625;0.703125;0.828125,True,True,3,0
5693,5,age,74705,74704,32,3,True,0.109375;0.296875;0.921875,3,True,0.109375;0.296875;0.921875,3,True,0.109375;0.296875;0.921875,True,True,3,0
5694,5,age,74705,74706,32,1,False,0.078125,1,False,0.078125,1,False,0.078125,True,False,1,0
5695,5,age,74712,74711,32,1,False,0.984375,1,False,0.984375,1,False,0.984375,True,False,1,0
5696,5,age,74712,74713,32,1,False,0.765625,1,False,0.765625,1,False,0.765625,True,False,1,0
5697,5,age,74714,74713,32,1,False,0.296875,1,False,0.296875,1,False,0.296875,True,False,1,0
5698,5,age,74714,74715,32,3,True,0.140625;0.703125;0.828125,3,True,0.140625;0.703125;0.828125,3,True,0.140625;0.703125;0.828125,True,True,3,0
5699,5,age,74777,74776,32,1,False,0.296875,1,False,0.296875,1,False,0.296875,True,False,1,0
5700,5,age,74777,74778,32,3,True,0.140625;0.703125;0.828125,3,True,0.140625;0.703125;0.828125,3,True,0.140625;0.703125;0.828125,True,True,3,0
5701,5,age,74840,74839,32,1,False,0.296875,1,False,0.296875,1,False,0.296875,True,False,1,0
5702,5,age,74840,74841,32,3,True,0.140625;0.703125;0.828125,3,True,0.140625;0.703125;0.828125,3,True,0.140625;0.703125;0.828125,True,True,3,0
5703,5,age,74903,74902,32,1,False,0.296875,1,False,0.296875,1,False,0.296875,True,False,1,0
5704,5,age,74903,74904,32,3,True,0.140625;0.703125;0.828125,3,True,0.140625;0.703125;0.828125,3,True,0.140625;0.703125;0.828125,True,True,3,0
5705,5,age,74966,74965,32,1,False,0.296875,1,False,0.296875,1,False,0.296875,True,False,1,0
5706,5,age,74966,74967,32,3,True,0.140625;0.703125;0.828125,3,True,0.140625;0.703125;0.828125,3,True,0.140625;0.703125;0.828125,True,True,3,0
5707,5,age,75020,75019,32,3,True,0.109375;0.296875;0.921875,3,True,0.109375;0.296875;0.921875,3,True,0.109375;0.296875;0.921875,True,True,3,0
5708,5,age,75020,75021,32,1,False,0.078125,1,False,0.078125,1,False,0.078125,True,False,1,0
5709,5,age,75027,75026,32,1,False,0.984375,1,False,0.984375,1,False,0.984375,True,False,1,0
5710,5,age,75027,75028,32,1,False,0.765625,1,False,0.765625,1,False,0.765625,True,False,1,0
5711,5,age,75029,75028,32,1,False,0.296875,1,False,0.296875,1,False,0.296875,True,False,1,0
5712,5,age,75029,75030,32,3,True,0.140625;0.703125;0.828125,3,True,0.140625;0.703125;0.828125,3,True,0.140625;0.703125;0.828125,True,True,3,0
5713,5,age,75092,75091,32,1,False,0.296875,1,False,0.296875,1,False,0.296875,True,False,1,0
5714,5,age,75092,75093,32,3,True,0.140625;0.703125;0.828125,3,True,0.140625;0.703125;0.828125,3,True,0.140625;0.703125;0.828125,True,True,3,0
5715,5,age,75155,75154,32,1,False,0.296875,1,False,0.296875,1,False,0.296875,True,False,1,0
5716,5,age,75155,75156,32,3,True,0.140625;0.703125;0.828125,3,True,0.140625;0.703125;0.828125,3,True,0.140625;0.703125;0.828125,True,True,3,0
5717,5,age,75216,75215,32,1,False,0.296875,1,False,0.296875,1,False,0.296875,True,False,1,0
5718,5,age,75216,75217,32,3,True,0.078125;0.703125;0.765625,3,True,0.078125;0.703125;0.765625,3,True,0.078125;0.703125;0.765625,True,True,3,0
5719,5,age,75218,75217,32,1,False,0.296875,1,False,0.296875,1,False,0.296875,True,False,1,0
5720,5,age,75218,75219,32,3,True,0.140625;0.703125;0.828125,3,True,0.140625;0.703125;0.828125,3,True,0.140625;0.703125;0.828125,True,True,3,0
5721,5,age,75279,75278,32,1,False,0.296875,1,False,0.296875,1,False,0.296875,True,False,1,0
5722,5,age,75279,75280,32,3,True,0.078125;0.703125;0.984375,3,True,0.078125;0.703125;0.984375,3,True,0.078125;0.703125;0.984375,True,True,3,0
5723,5,age,75281,75280,32,1,False,0.296875,1,False,0.296875,1,False,0.296875,True,False,1,0
5724,5,age,75281,75282,32,3,True,0.140625;0.703125;0.828125,3,True,0.140625;0.703125;0.828125,3,True,0.140625;0.703125;0.828125,True,True,3,0
5725,5,age,75335,75334,32,3,True,0.109375;0.296875;0.921875,3,True,0.109375;0.296875;0.921875,3,True,0.109375;0.296875;0.921875,True,True,3,0
5726,5,age,75335,75336,32,1,False,0.078125,1,False,0.078125,1,False,0.078125,True,False,1,0
5727,5,age,75342,75341,32,1,False,0.984375,1,False,0.984375,1,False,0.984375,True,False,1,0
5728,5,age,75342,75343,32,1,False,0.765625,1,False,0.765625,1,False,0.765625,True,False,1,0
5729,5,age,75344,75343,32,1,False,0.296875,1,False,0.296875,1,False,0.296875,True,False,1,0
5730,5,age,75344,75345,32,3,True,0.140625;0.703125;0.828125,3,True,0.140625;0.703125;0.828125,3,True,0.140625;0.703125;0.828125,True,True,3,0
5731,5,age,75407,75406,32,1,False,0.296875,1,False,0.296875,1,False,0.296875,True,False,1,0
5732,5,age,75407,75408,32,3,True,0.140625;0.703125;0.828125,3,True,0.140625;0.703125;0.828125,3,True,0.140625;0.703125;0.828125,True,True,3,0
5733,5,age,75470,75469,32,1,False,0.296875,1,False,0.296875,1,False,0.296875,True,False,1,0
5734,5,age,75470,75471,32,3,True,0.140625;0.703125;0.828125,3,True,0.140625;0.703125;0.828125,3,True,0.140625;0.703125;0.828125,True,True,3,0
5735,5,age,75531,75530,32,1,False,0.296875,1,False,0.296875,1,False,0.296875,True,False,1,0
5736,5,age,75531,75532,32,3,True,0.078125;0.703125;0.765625,3,True,0.078125;0.703125;0.765625,3,True,0.078125;0.703125;0.765625,True,True,3,0
5737,5,age,75533,75532,32,1,False,0.296875,1,False,0.296875,1,False,0.296875,True,False,1,0
5738,5,age,75533,75534,32,3,True,0.140625;0.703125;0.828125,3,True,0.140625;0.703125;0.828125,3,True,0.140625;0.703125;0.828125,True,True,3,0
5739,5,age,75594,75593,32,1,False,0.296875,1,False,0.296875,1,False,0.296875,True,False,1,0
5740,5,age,75594,75595,32,3,True,0.078125;0.703125;0.984375,3,True,0.078125;0.703125;0.984375,3,True,0.078125;0.703125;0.984375,True,True,3,0
5741,5,age,75596,75595,32,1,False,0.296875,1,False,0.296875,1,False,0.296875,True,False,1,0
5742,5,age,75596,75597,32,3,True,0.140625;0.703125;0.828125,3,True,0.140625;0.703125;0.828125,3,True,0.140625;0.703125;0.828125,True,True,3,0
5743,5,age,75650,75649,32,3,True,0.109375;0.296875;0.921875,3,True,0.109375;0.296875;0.921875,3,True,0.109375;0.296875;0.921875,True,True,3,0
5744,5,age,75650,75651,32,1,False,0.078125,1,False,0.078125,1,False,0.078125,True,False,1,0
5745,5,age,75657,75656,32,1,False,0.984375,1,False,0.984375,1,False,0.984375,True,False,1,0
5746,5,age,75657,75658,32,1,False,0.765625,1,False,0.765625,1,False,0.765625,True,False,1,0
5747,5,age,75659,75658,32,1,False,0.296875,1,False,0.296875,1,False,0.296875,True,False,1,0
5748,5,age,75659,75660,32,3,True,0.140625;0.703125;0.828125,3,True,0.140625;0.703125;0.828125,3,True,0.140625;0.703125;0.828125,True,True,3,0
5749,5,age,75722,75721,32,1,False,0.296875,1,False,0.296875,1,False,0.296875,True,False,1,0
5750,5,age,75722,75723,32,3,True,0.140625;0.703125;0.828125,3,True,0.140625;0.703125;0.828125,3,True,0.140625;0.703125;0.828125,True,True,3,0
5751,5,age,75785,75784,32,1,False,0.296875,1,False,0.296875,1,False,0.296875,True,False,1,0
5752,5,age,75785,75786,32,3,True,0.140625;0.703125;0.828125,3,True,0.140625;0.703125;0.828125,3,True,0.140625;0.703125;0.828125,True,True,3,0
5753,5,age,75848,75847,32,1,False,0.296875,1,False,0.296875,1,False,0.296875,True,False,1,0
5754,5,age,75848,75849,32,3,True,0.140625;0.703125;0.828125,3,True,0.140625;0.703125;0.828125,3,True,0.140625;0.703125;0.828125,True,True,3,0
5755,5,age,75911,75910,32,1,False,0.296875,1,False,0.296875,1,False,0.296875,True,False,1,0
5756,5,age,75911,75912,32,3,True,0.140625;0.703125;0.828125,3,True,0.140625;0.703125;0.828125,3,True,0.140625;0.703125;0.828125,True,True,3,0
5757,5,age,75965,75964,32,3,True,0.109375;0.296875;0.921875,3,True,0.109375;0.296875;0.921875,3,True,0.109375;0.296875;0.921875,True,True,3,0
5758,5,age,75965,75966,32,1,False,0.078125,1,False,0.078125,1,False,0.078125,True,False,1,0
5759,5,age,75972,75971,32,1,False,0.984375,1,False,0.984375,1,False,0.984375,True,False,1,0
5760,5,age,75972,75973,32,1,False,0.765625,1,False,0.765625,1,False,0.765625,True,False,1,0
5761,5,age,75974,75973,32,1,False,0.296875,1,False,0.296875,1,False,0.296875,True,False,1,0
5762,5,age,75974,75975,32,3,True,0.140625;0.703125;0.828125,3,True,0.140625;0.703125;0.828125,3,True,0.140625;0.703125;0.828125,True,True,3,0
5763,5,age,76037,76036,32,1,False,0.296875,1,False,0.296875,1,False,0.296875,True,False,1,0
5764,5,age,76037,76038,32,3,True,0.140625;0.703125;0.828125,3,True,0.140625;0.703125;0.828125,3,True,0.140625;0.703125;0.828125,True,True,3,0
5765,5,age,76100,76099,32,1,False,0.296875,1,False,0.296875,1,False,0.296875,True,False,1,0
5766,5,age,76100,76101,32,3,True,0.140625;0.703125;0.828125,3,True,0.140625;0.703125;0.828125,3,True,0.140625;0.703125;0.828125,True,True,3,0
5767,5,age,76163,76162,32,1,False,0.296875,1,False,0.296875,1,False,0.296875,True,False,1,0
5768,5,age,76163,76164,32,3,True,0.140625;0.703125;0.828125,3,True,0.140625;0.703125;0.828125,3,True,0.140625;0.703125;0.828125,True,True,3,0
5769,5,age,76226,76225,32,1,False,0.296875,1,False,0.296875,1,False,0.296875,True,False,1,0
5770,5,age,76226,76227,32,3,True,0.140625;0.703125;0.828125,3,True,0.140625;0.703125;0.828125,3,True,0.140625;0.703125;0.828125,True,True,3,0
5771,5,age,76280,76279,32,3,True,0.109375;0.296875;0.921875,3,True,0.109375;0.296875;0.921875,3,True,0.109375;0.296875;0.921875,True,True,3,0
5772,5,age,76280,76281,32,1,False,0.078125,1,False,0.078125,1,False,0.078125,True,False,1,0
5773,5,age,76287,76286,32,1,False,0.984375,1,False,0.984375,1,False,0.984375,True,False,1,0
5774,5,age,76287,76288,32,1,False,0.765625,1,False,0.765625,1,False,0.765625,True,False,1,0
5775,5,age,76289,76288,32,1,False,0.296875,1,False,0.296875,1,False,0.296875,True,False,1,0
5776,5,age,76289,76290,32,3,True,0.140625;0.703125;0.828125,3,True,0.140625;0.703125;0.828125,3,True,0.140625;0.703125;0.828125,True,True,3,0
5777,5,age,76352,76351,32,1,False,0.296875,1,False,0.296875,1,False,0.296875,True,False,1,0
5778,5,age,76352,76353,32,3,True,0.140625;0.703125;0.828125,3,True,0.140625;0.703125;0.828125,3,True,0.140625;0.703125;0.828125,True,True,3,0
5779,5,age,76415,76414,32,1,False,0.296875,1,False,0.296875,1,False,0.296875,True,False,1,0
5780,5,age,76415,76416,32,3,True,0.140625;0.703125;0.828125,3,True,0.140625;0.703125;0.828125,3,True,0.140625;0.703125;0.828125,True,True,3,0
5781,5,age,76478,76477,32,1,False,0.296875,1,False,0.296875,1,False,0.296875,True,False,1,0
5782,5,age,76478,76479,32,3,True,0.140625;0.703125;0.828125,3,True,0.140625;0.703125;0.828125,3,True,0.140625;0.703125;0.828125,True,True,3,0
5783,5,age,76541,76540,32,1,False,0.296875,1,False,0.296875,1,False,0.296875,True,False,1,0
5784,5,age,76541,76542,32,3,True,0.140625;0.703125;0.828125,3,True,0.140625;0.703125;0.828125,3,True,0.140625;0.703125;0.828125,True,True,3,0
5785,5,age,76595,76594,32,3,True,0.109375;0.296875;0.921875,3,True,0.109375;0.296875;0.921875,3,True,0.109375;0.296875;0.921875,True,True,3,0
5786,5,age,76595,76596,32,1,False,0.078125,1,False,0.078125,1,False,0.078125,True,False,1,0
5787,5,age,76602,76601,32,1,False,0.984375,1,False,0.984375,1,False,0.984375,True,False,1,0
5788,5,age,76602,76603,32,1,False,0.765625,1,False,0.765625,1,False,0.765625,True,False,1,0
5789,5,age,76604,76603,32,1,False,0.296875,1,False,0.296875,1,False,0.296875,True,False,1,0
5790,5,age,76604,76605,32,3,True,0.140625;0.703125;0.828125,3,True,0.140625;0.703125;0.828125,3,True,0.140625;0.703125;0.828125,True,True,3,0
5791,5,age,76667,76666,32,1,False,0.296875,1,False,0.296875,1,False,0.296875,True,False,1,0
5792,5,age,76667,76668,32,3,True,0.140625;0.703125;0.828125,3,True,0.140625;0.703125;0.828125,3,True,0.140625;0.703125;0.828125,True,True,3,0
5793,5,age,76730,76729,32,1,False,0.296875,1,False,0.296875,1,False,0.296875,True,False,1,0
5794,5,age,76730,76731,32,3,True,0.140625;0.703125;0.828125,3,True,0.140625;0.703125;0.828125,3,True,0.140625;0.703125;0.828125,True,True,3,0
5795,5,age,76791,76790,32,1,False,0.296875,1,False,0.296875,1,False,0.296875,True,False,1,0
5796,5,age,76791,76792,32,3,True,0.078125;0.703125;0.765625,3,True,0.078125;0.703125;0.765625,3,True,0.078125;0.703125;0.765625,True,True,3,0
5797,5,age,76793,76792,32,1,False,0.296875,1,False,0.296875,1,False,0.296875,True,False,1,0
5798,5,age,76793,76794,32,3,True,0.140625;0.703125;0.828125,3,True,0.140625;0.703125;0.828125,3,True,0.140625;0.703125;0.828125,True,True,3,0
5799,5,age,76854,76853,32,1,False,0.296875,1,False,0.296875,1,False,0.296875,True,False,1,0
5800,5,age,76854,76855,32,3,True,0.078125;0.703125;0.984375,3,True,0.078125;0.703125;0.984375,3,True,0.078125;0.703125;0.984375,True,True,3,0
5801,5,age,76856,76855,32,1,False,0.296875,1,False,0.296875,1,False,0.296875,True,False,1,0
5802,5,age,76856,76857,32,3,True,0.140625;0.703125;0.828125,3,True,0.140625;0.703125;0.828125,3,True,0.140625;0.703125;0.828125,True,True,3,0
5803,5,age,76910,76909,32,3,True,0.109375;0.296875;0.921875,3,True,0.109375;0.296875;0.921875,3,True,0.109375;0.296875;0.921875,True,True,3,0
5804,5,age,76910,76911,32,1,False,0.078125,1,False,0.078125,1,False,0.078125,True,False,1,0
5805,5,age,76917,76916,32,1,False,0.984375,1,False,0.984375,1,False,0.984375,True,False,1,0
5806,5,age,76917,76918,32,1,False,0.765625,1,False,0.765625,1,False,0.765625,True,False,1,0
5807,5,age,76919,76918,32,1,False,0.296875,1,False,0.296875,1,False,0.296875,True,False,1,0
5808,5,age,76919,76920,32,3,True,0.140625;0.703125;0.828125,3,True,0.140625;0.703125;0.828125,3,True,0.140625;0.703125;0.828125,True,True,3,0
5809,5,age,76982,76981,32,1,False,0.296875,1,False,0.296875,1,False,0.296875,True,False,1,0
5810,5,age,76982,76983,32,3,True,0.140625;0.703125;0.828125,3,True,0.140625;0.703125;0.828125,3,True,0.140625;0.703125;0.828125,True,True,3,0
5811,5,age,77045,77044,32,1,False,0.296875,1,False,0.296875,1,False,0.296875,True,False,1,0
5812,5,age,77045,77046,32,3,True,0.140625;0.703125;0.828125,3,True,0.140625;0.703125;0.828125,3,True,0.140625;0.703125;0.828125,True,True,3,0
5813,5,age,77106,77105,32,1,False,0.296875,1,False,0.296875,1,False,0.296875,True,False,1,0
5814,5,age,77106,77107,32,3,True,0.078125;0.703125;0.765625,3,True,0.078125;0.703125;0.765625,3,True,0.078125;0.703125;0.765625,True,True,3,0
5815,5,age,77108,77107,32,1,False,0.296875,1,False,0.296875,1,False,0.296875,True,False,1,0
5816,5,age,77108,77109,32,3,True,0.140625;0.703125;0.828125,3,True,0.140625;0.703125;0.828125,3,True,0.140625;0.703125;0.828125,True,True,3,0
5817,5,age,77169,77168,32,1,False,0.296875,1,False,0.296875,1,False,0.296875,True,False,1,0
5818,5,age,77169,77170,32,3,True,0.078125;0.703125;0.984375,3,True,0.078125;0.703125;0.984375,3,True,0.078125;0.703125;0.984375,True,True,3,0
5819,5,age,77171,77170,32,1,False,0.296875,1,False,0.296875,1,False,0.296875,True,False,1,0
5820,5,age,77171,77172,32,3,True,0.140625;0.703125;0.828125,3,True,0.140625;0.703125;0.828125,3,True,0.140625;0.703125;0.828125,True,True,3,0
5821,5,age,78170,78169,32,3,True,0.109375;0.296875;0.921875,3,True,0.109375;0.296875;0.921875,3,True,0.109375;0.296875;0.921875,True,True,3,0
5822,5,age,78170,78171,32,1,False,0.078125,1,False,0.078125,1,False,0.078125,True,False,1,0
5823,5,age,78177,78176,32,1,False,0.984375,1,False,0.984375,1,False,0.984375,True,False,1,0
5824,5,age,78177,78178,32,1,False,0.765625,1,False,0.765625,1,False,0.765625,True,False,1,0
5825,5,age,78179,78178,32,1,False,0.296875,1,False,0.296875,1,False,0.296875,True,False,1,0
5826,5,age,78179,78180,32,3,True,0.140625;0.703125;0.828125,3,True,0.140625;0.703125;0.828125,3,True,0.140625;0.703125;0.828125,True,True,3,0
5827,5,age,78242,78241,32,1,False,0.296875,1,False,0.296875,1,False,0.296875,True,False,1,0
5828,5,age,78242,78243,32,3,True,0.140625;0.703125;0.828125,3,True,0.140625;0.703125;0.828125,3,True,0.140625;0.703125;0.828125,True,True,3,0
5829,5,age,78305,78304,32,1,False,0.296875,1,False,0.296875,1,False,0.296875,True,False,1,0
5830,5,age,78305,78306,32,3,True,0.140625;0.703125;0.828125,3,True,0.140625;0.703125;0.828125,3,True,0.140625;0.703125;0.828125,True,True,3,0
5831,5,age,78366,78365,32,1,False,0.296875,1,False,0.296875,1,False,0.296875,True,False,1,0
5832,5,age,78366,78367,32,3,True,0.078125;0.703125;0.765625,3,True,0.078125;0.703125;0.765625,3,True,0.078125;0.703125;0.765625,True,True,3,0
5833,5,age,78368,78367,32,1,False,0.296875,1,False,0.296875,1,False,0.296875,True,False,1,0
5834,5,age,78368,78369,32,3,True,0.140625;0.703125;0.828125,3,True,0.140625;0.703125;0.828125,3,True,0.140625;0.703125;0.828125,True,True,3,0
5835,5,age,78429,78428,32,1,False,0.296875,1,False,0.296875,1,False,0.296875,True,False,1,0
5836,5,age,78429,78430,32,3,True,0.078125;0.703125;0.984375,3,True,0.078125;0.703125;0.984375,3,True,0.078125;0.703125;0.984375,True,True,3,0
5837,5,age,78431,78430,32,1,False,0.296875,1,False,0.296875,1,False,0.296875,True,False,1,0
5838,5,age,78431,78432,32,3,True,0.140625;0.703125;0.828125,3,True,0.140625;0.703125;0.828125,3,True,0.140625;0.703125;0.828125,True,True,3,0
5839,5,age,78485,78484,32,3,True,0.109375;0.296875;0.921875,3,True,0.109375;0.296875;0.921875,3,True,0.109375;0.296875;0.921875,True,True,3,0
5840,5,age,78485,78486,32,1,False,0.078125,1,False,0.078125,1,False,0.078125,True,False,1,0
5841,5,age,78492,78491,32,1,False,0.984375,1,False,0.984375,1,False,0.984375,True,False,1,0
5842,5,age,78492,78493,32,1,False,0.765625,1,False,0.765625,1,False,0.765625,True,False,1,0
5843,5,age,78494,78493,32,1,False,0.296875,1,False,0.296875,1,False,0.296875,True,False,1,0
5844,5,age,78494,78495,32,3,True,0.140625;0.703125;0.828125,3,True,0.140625;0.703125;0.828125,3,True,0.140625;0.703125;0.828125,True,True,3,0
5845,5,age,78557,78556,32,1,False,0.296875,1,False,0.296875,1,False,0.296875,True,False,1,0
5846,5,age,78557,78558,32,3,True,0.140625;0.703125;0.828125,3,True,0.140625;0.703125;0.828125,3,True,0.140625;0.703125;0.828125,True,True,3,0
5847,5,age,78620,78619,32,1,False,0.296875,1,False,0.296875,1,False,0.296875,True,False,1,0
5848,5,age,78620,78621,32,3,True,0.140625;0.703125;0.828125,3,True,0.140625;0.703125;0.828125,3,True,0.140625;0.703125;0.828125,True,True,3,0
5849,5,age,78681,78680,32,1,False,0.296875,1,False,0.296875,1,False,0.296875,True,False,1,0
5850,5,age,78681,78682,32,3,True,0.078125;0.703125;0.765625,3,True,0.078125;0.703125;0.765625,3,True,0.078125;0.703125;0.765625,True,True,3,0
5851,5,age,78683,78682,32,1,False,0.296875,1,False,0.296875,1,False,0.296875,True,False,1,0
5852,5,age,78683,78684,32,3,True,0.140625;0.703125;0.828125,3,True,0.140625;0.703125;0.828125,3,True,0.140625;0.703125;0.828125,True,True,3,0
5853,5,age,78744,78743,32,1,False,0.296875,1,False,0.296875,1,False,0.296875,True,False,1,0
5854,5,age,78744,78745,32,3,True,0.078125;0.703125;0.984375,3,True,0.078125;0.703125;0.984375,3,True,0.078125;0.703125;0.984375,True,True,3,0
5855,5,age,78746,78745,32,1,False,0.296875,1,False,0.296875,1,False,0.296875,True,False,1,0
5856,5,age,78746,78747,32,3,True,0.140625;0.703125;0.828125,3,True,0.140625;0.703125;0.828125,3,True,0.140625;0.703125;0.828125,True,True,3,0
5857,5,age,79745,79744,32,3,True,0.109375;0.296875;0.921875,3,True,0.109375;0.296875;0.921875,3,True,0.109375;0.296875;0.921875,True,True,3,0
5858,5,age,79745,79746,32,1,False,0.078125,1,False,0.078125,1,False,0.078125,True,False,1,0
5859,5,age,79752,79751,32,1,False,0.984375,1,False,0.984375,1,False,0.984375,True,False,1,0
5860,5,age,79752,79753,32,1,False,0.765625,1,False,0.765625,1,False,0.765625,True,False,1,0
5861,5,age,79754,79753,32,1,False,0.296875,1,False,0.296875,1,False,0.296875,True,False,1,0
5862,5,age,79754,79755,32,3,True,0.140625;0.703125;0.828125,3,True,0.140625;0.703125;0.828125,3,True,0.140625;0.703125;0.828125,True,True,3,0
5863,5,age,79817,79816,32,1,False,0.296875,1,False,0.296875,1,False,0.296875,True,False,1,0
5864,5,age,79817,79818,32,3,True,0.140625;0.703125;0.828125,3,True,0.140625;0.703125;0.828125,3,True,0.140625;0.703125;0.828125,True,True,3,0
5865,5,age,79880,79879,32,1,False,0.296875,1,False,0.296875,1,False,0.296875,True,False,1,0
5866,5,age,79880,79881,32,3,True,0.140625;0.703125;0.828125,3,True,0.140625;0.703125;0.828125,3,True,0.140625;0.703125;0.828125,True,True,3,0
5867,5,age,79943,79942,32,1,False,0.296875,1,False,0.296875,1,False,0.296875,True,False,1,0
5868,5,age,79943,79944,32,3,True,0.140625;0.703125;0.828125,3,True,0.140625;0.703125;0.828125,3,True,0.140625;0.703125;0.828125,True,True,3,0
5869,5,age,80006,80005,32,1,False,0.296875,1,False,0.296875,1,False,0.296875,True,False,1,0
5870,5,age,80006,80007,32,3,True,0.140625;0.703125;0.828125,3,True,0.140625;0.703125;0.828125,3,True,0.140625;0.703125;0.828125,True,True,3,0
5871,5,age,80060,80059,32,3,True,0.109375;0.296875;0.921875,3,True,0.109375;0.296875;0.921875,3,True,0.109375;0.296875;0.921875,True,True,3,0
5872,5,age,80060,80061,32,1,False,0.078125,1,False,0.078125,1,False,0.078125,True,False,1,0
5873,5,age,80067,80066,32,1,False,0.984375,1,False,0.984375,1,False,0.984375,True,False,1,0
5874,5,age,80067,80068,32,1,False,0.765625,1,False,0.765625,1,False,0.765625,True,False,1,0
5875,5,age,80069,80068,32,1,False,0.296875,1,False,0.296875,1,False,0.296875,True,False,1,0
5876,5,age,80069,80070,32,3,True,0.140625;0.703125;0.828125,3,True,0.140625;0.703125;0.828125,3,True,0.140625;0.703125;0.828125,True,True,3,0
5877,5,age,80132,80131,32,1,False,0.296875,1,False,0.296875,1,False,0.296875,True,False,1,0
5878,5,age,80132,80133,32,3,True,0.140625;0.703125;0.828125,3,True,0.140625;0.703125;0.828125,3,True,0.140625;0.703125;0.828125,True,True,3,0
5879,5,age,80195,80194,32,1,False,0.296875,1,False,0.296875,1,False,0.296875,True,False,1,0
5880,5,age,80195,80196,32,3,True,0.140625;0.703125;0.828125,3,True,0.140625;0.703125;0.828125,3,True,0.140625;0.703125;0.828125,True,True,3,0
5881,5,age,80258,80257,32,1,False,0.296875,1,False,0.296875,1,False,0.296875,True,False,1,0
5882,5,age,80258,80259,32,3,True,0.140625;0.703125;0.828125,3,True,0.140625;0.703125;0.828125,3,True,0.140625;0.703125;0.828125,True,True,3,0
5883,5,age,80321,80320,32,1,False,0.296875,1,False,0.296875,1,False,0.296875,True,False,1,0
5884,5,age,80321,80322,32,3,True,0.140625;0.703125;0.828125,3,True,0.140625;0.703125;0.828125,3,True,0.140625;0.703125;0.828125,True,True,3,0
5885,5,age,83721,83720,32,1,False,0.296875,1,False,0.296875,1,False,0.296875,True,False,1,0
5886,5,age,83721,83722,32,3,True,0.078125;0.703125;0.765625,3,True,0.078125;0.703125;0.765625,3,True,0.078125;0.703125;0.765625,True,True,3,0
5887,5,age,83784,83783,32,1,False,0.296875,1,False,0.296875,1,False,0.296875,True,False,1,0
5888,5,age,83784,83785,32,3,True,0.078125;0.703125;0.984375,3,True,0.078125;0.703125;0.984375,3,True,0.078125;0.703125;0.984375,True,True,3,0
5889,5,age,84036,84035,32,1,False,0.296875,1,False,0.296875,1,False,0.296875,True,False,1,0
5890,5,age,84036,84037,32,3,True,0.078125;0.703125;0.765625,3,True,0.078125;0.703125;0.765625,3,True,0.078125;0.703125;0.765625,True,True,3,0
5891,5,age,84099,84098,32,1,False,0.296875,1,False,0.296875,1,False,0.296875,True,False,1,0
5892,5,age,84099,84100,32,3,True,0.078125;0.703125;0.984375,3,True,0.078125;0.703125;0.984375,3,True,0.078125;0.703125;0.984375,True,True,3,0
5893,5,age,84351,84350,32,1,False,0.296875,1,False,0.296875,1,False,0.296875,True,False,1,0
5894,5,age,84351,84352,32,3,True,0.078125;0.703125;0.765625,3,True,0.078125;0.703125;0.765625,3,True,0.078125;0.703125;0.765625,True,True,3,0
5895,5,age,84414,84413,32,1,False,0.296875,1,False,0.296875,1,False,0.296875,True,False,1,0
5896,5,age,84414,84415,32,3,True,0.078125;0.703125;0.984375,3,True,0.078125;0.703125;0.984375,3,True,0.078125;0.703125;0.984375,True,True,3,0
5897,5,age,84666,84665,32,1,False,0.296875,1,False,0.296875,1,False,0.296875,True,False,1,0
5898,5,age,84666,84667,32,3,True,0.078125;0.703125;0.765625,3,True,0.078125;0.703125;0.765625,3,True,0.078125;0.703125;0.765625,True,True,3,0
5899,5,age,84729,84728,32,1,False,0.296875,1,False,0.296875,1,False,0.296875,True,False,1,0
5900,5,age,84729,84730,32,3,True,0.078125;0.703125;0.984375,3,True,0.078125;0.703125;0.984375,3,True,0.078125;0.703125;0.984375,True,True,3,0
5901,5,age,84981,84980,32,1,False,0.296875,1,False,0.296875,1,False,0.296875,True,False,1,0
5902,5,age,84981,84982,32,3,True,0.078125;0.703125;0.765625,3,True,0.078125;0.703125;0.765625,3,True,0.078125;0.703125;0.765625,True,True,3,0
5903,5,age,85044,85043,32,1,False,0.296875,1,False,0.296875,1,False,0.296875,True,False,1,0
5904,5,age,85044,85045,32,3,True,0.078125;0.703125;0.984375,3,True,0.078125;0.703125;0.984375,3,True,0.078125;0.703125;0.984375,True,True,3,0
5905,5,age,85100,85099,32,3,True,0.109375;0.296875;0.921875,3,True,0.109375;0.296875;0.921875,3,True,0.109375;0.296875;0.921875,True,True,3,0
5906,5,age,85100,85101,32,1,False,0.078125,1,False,0.078125,1,False,0.078125,True,False,1,0
5907,5,age,85107,85106,32,1,False,0.984375,1,False,0.984375,1,False,0.984375,True,False,1,0
5908,5,age,85107,85108,32,1,False,0.765625,1,False,0.765625,1,False,0.765625,True,False,1,0
5909,5,age,85109,85108,32,1,False,0.296875,1,False,0.296875,1,False,0.296875,True,False,1,0
5910,5,age,85109,85110,32,3,True,0.140625;0.703125;0.828125,3,True,0.140625;0.703125;0.828125,3,True,0.140625;0.703125;0.828125,True,True,3,0
5911,5,age,85172,85171,32,1,False,0.296875,1,False,0.296875,1,False,0.296875,True,False,1,0
5912,5,age,85172,85173,32,3,True,0.140625;0.703125;0.828125,3,True,0.140625;0.703125;0.828125,3,True,0.140625;0.703125;0.828125,True,True,3,0
5913,5,age,85235,85234,32,1,False,0.296875,1,False,0.296875,1,False,0.296875,True,False,1,0
5914,5,age,85235,85236,32,3,True,0.140625;0.703125;0.828125,3,True,0.140625;0.703125;0.828125,3,True,0.140625;0.703125;0.828125,True,True,3,0
5915,5,age,85296,85295,32,1,False,0.296875,1,False,0.296875,1,False,0.296875,True,False,1,0
5916,5,age,85296,85297,32,3,True,0.078125;0.703125;0.765625,3,True,0.078125;0.703125;0.765625,3,True,0.078125;0.703125;0.765625,True,True,3,0
5917,5,age,85298,85297,32,1,False,0.296875,1,False,0.296875,1,False,0.296875,True,False,1,0
5918,5,age,85298,85299,32,3,True,0.140625;0.703125;0.828125,3,True,0.140625;0.703125;0.828125,3,True,0.140625;0.703125;0.828125,True,True,3,0
5919,5,age,85359,85358,32,1,False,0.296875,1,False,0.296875,1,False,0.296875,True,False,1,0
5920,5,age,85359,85360,32,3,True,0.078125;0.703125;0.984375,3,True,0.078125;0.703125;0.984375,3,True,0.078125;0.703125;0.984375,True,True,3,0
5921,5,age,85361,85360,32,1,False,0.296875,1,False,0.296875,1,False,0.296875,True,False,1,0
5922,5,age,85361,85362,32,3,True,0.140625;0.703125;0.828125,3,True,0.140625;0.703125;0.828125,3,True,0.140625;0.703125;0.828125,True,True,3,0
5923,5,age,85415,85414,32,3,True,0.109375;0.296875;0.921875,3,True,0.109375;0.296875;0.921875,3,True,0.109375;0.296875;0.921875,True,True,3,0
5924,5,age,85415,85416,32,1,False,0.078125,1,False,0.078125,1,False,0.078125,True,False,1,0
5925,5,age,85422,85421,32,1,False,0.984375,1,False,0.984375,1,False,0.984375,True,False,1,0
5926,5,age,85422,85423,32,1,False,0.765625,1,False,0.765625,1,False,0.765625,True,False,1,0
5927,5,age,85424,85423,32,1,False,0.296875,1,False,0.296875,1,False,0.296875,True,False,1,0
5928,5,age,85424,85425,32,3,True,0.140625;0.703125;0.828125,3,True,0.140625;0.703125;0.828125,3,True,0.140625;0.703125;0.828125,True,True,3,0
5929,5,age,85487,85486,32,1,False,0.296875,1,False,0.296875,1,False,0.296875,True,False,1,0
5930,5,age,85487,85488,32,3,True,0.140625;0.703125;0.828125,3,True,0.140625;0.703125;0.828125,3,True,0.140625;0.703125;0.828125,True,True,3,0
5931,5,age,85550,85549,32,1,False,0.296875,1,False,0.296875,1,False,0.296875,True,False,1,0
5932,5,age,85550,85551,32,3,True,0.140625;0.703125;0.828125,3,True,0.140625;0.703125;0.828125,3,True,0.140625;0.703125;0.828125,True,True,3,0
5933,5,age,85611,85610,32,1,False,0.296875,1,False,0.296875,1,False,0.296875,True,False,1,0
5934,5,age,85611,85612,32,3,True,0.078125;0.703125;0.765625,3,True,0.078125;0.703125;0.765625,3,True,0.078125;0.703125;0.765625,True,True,3,0
5935,5,age,85613,85612,32,1,False,0.296875,1,False,0.296875,1,False,0.296875,True,False,1,0
5936,5,age,85613,85614,32,3,True,0.140625;0.703125;0.828125,3,True,0.140625;0.703125;0.828125,3,True,0.140625;0.703125;0.828125,True,True,3,0
5937,5,age,85674,85673,32,1,False,0.296875,1,False,0.296875,1,False,0.296875,True,False,1,0
5938,5,age,85674,85675,32,3,True,0.078125;0.703125;0.984375,3,True,0.078125;0.703125;0.984375,3,True,0.078125;0.703125;0.984375,True,True,3,0
5939,5,age,85676,85675,32,1,False,0.296875,1,False,0.296875,1,False,0.296875,True,False,1,0
5940,5,age,85676,85677,32,3,True,0.140625;0.703125;0.828125,3,True,0.140625;0.703125;0.828125,3,True,0.140625;0.703125;0.828125,True,True,3,0
5941,5,age,85730,85729,32,3,True,0.109375;0.296875;0.921875,3,True,0.109375;0.296875;0.921875,3,True,0.109375;0.296875;0.921875,True,True,3,0
5942,5,age,85730,85731,32,1,False,0.078125,1,False,0.078125,1,False,0.078125,True,False,1,0
5943,5,age,85737,85736,32,1,False,0.984375,1,False,0.984375,1,False,0.984375,True,False,1,0
5944,5,age,85737,85738,32,1,False,0.765625,1,False,0.765625,1,False,0.765625,True,False,1,0
5945,5,age,85739,85738,32,1,False,0.296875,1,False,0.296875,1,False,0.296875,True,False,1,0
5946,5,age,85739,85740,32,3,True,0.140625;0.703125;0.828125,3,True,0.140625;0.703125;0.828125,3,True,0.140625;0.703125;0.828125,True,True,3,0
5947,5,age,85802,85801,32,1,False,0.296875,1,False,0.296875,1,False,0.296875,True,False,1,0
5948,5,age,85802,85803,32,3,True,0.140625;0.703125;0.828125,3,True,0.140625;0.703125;0.828125,3,True,0.140625;0.703125;0.828125,True,True,3,0
5949,5,age,85865,85864,32,1,False,0.296875,1,False,0.296875,1,False,0.296875,True,False,1,0
5950,5,age,85865,85866,32,3,True,0.140625;0.703125;0.828125,3,True,0.140625;0.703125;0.828125,3,True,0.140625;0.703125;0.828125,True,True,3,0
5951,5,age,85926,85925,32,1,False,0.296875,1,False,0.296875,1,False,0.296875,True,False,1,0
5952,5,age,85926,85927,32,3,True,0.078125;0.703125;0.765625,3,True,0.078125;0.703125;0.765625,3,True,0.078125;0.703125;0.765625,True,True,3,0
5953,5,age,85928,85927,32,1,False,0.296875,1,False,0.296875,1,False,0.296875,True,False,1,0
5954,5,age,85928,85929,32,3,True,0.140625;0.703125;0.828125,3,True,0.140625;0.703125;0.828125,3,True,0.140625;0.703125;0.828125,True,True,3,0
5955,5,age,85989,85988,32,1,False,0.296875,1,False,0.296875,1,False,0.296875,True,False,1,0
5956,5,age,85989,85990,32,3,True,0.078125;0.703125;0.984375,3,True,0.078125;0.703125;0.984375,3,True,0.078125;0.703125;0.984375,True,True,3,0
5957,5,age,85991,85990,32,1,False,0.296875,1,False,0.296875,1,False,0.296875,True,False,1,0
5958,5,age,85991,85992,32,3,True,0.140625;0.703125;0.828125,3,True,0.140625;0.703125;0.828125,3,True,0.140625;0.703125;0.828125,True,True,3,0
5959,5,age,86045,86044,32,3,True,0.109375;0.296875;0.921875,3,True,0.109375;0.296875;0.921875,3,True,0.109375;0.296875;0.921875,True,True,3,0
5960,5,age,86045,86046,32,1,False,0.078125,1,False,0.078125,1,False,0.078125,True,False,1,0
5961,5,age,86052,86051,32,1,False,0.984375,1,False,0.984375,1,False,0.984375,True,False,1,0
5962,5,age,86052,86053,32,1,False,0.765625,1,False,0.765625,1,False,0.765625,True,False,1,0
5963,5,age,86054,86053,32,1,False,0.296875,1,False,0.296875,1,False,0.296875,True,False,1,0
5964,5,age,86054,86055,32,3,True,0.140625;0.703125;0.828125,3,True,0.140625;0.703125;0.828125,3,True,0.140625;0.703125;0.828125,True,True,3,0
5965,5,age,86117,86116,32,1,False,0.296875,1,False,0.296875,1,False,0.296875,True,False,1,0
5966,5,age,86117,86118,32,3,True,0.140625;0.703125;0.828125,3,True,0.140625;0.703125;0.828125,3,True,0.140625;0.703125;0.828125,True,True,3,0
5967,5,age,86180,86179,32,1,False,0.296875,1,False,0.296875,1,False,0.296875,True,False,1,0
5968,5,age,86180,86181,32,3,True,0.140625;0.703125;0.828125,3,True,0.140625;0.703125;0.828125,3,True,0.140625;0.703125;0.828125,True,True,3,0
5969,5,age,86241,86240,32,1,False,0.296875,1,False,0.296875,1,False,0.296875,True,False,1,0
5970,5,age,86241,86242,32,3,True,0.078125;0.703125;0.765625,3,True,0.078125;0.703125;0.765625,3,True,0.078125;0.703125;0.765625,True,True,3,0
5971,5,age,86243,86242,32,1,False,0.296875,1,False,0.296875,1,False,0.296875,True,False,1,0
5972,5,age,86243,86244,32,3,True,0.140625;0.703125;0.828125,3,True,0.140625;0.703125;0.828125,3,True,0.140625;0.703125;0.828125,True,True,3,0
5973,5,age,86304,86303,32,1,False,0.296875,1,False,0.296875,1,False,0.296875,True,False,1,0
5974,5,age,86304,86305,32,3,True,0.078125;0.703125;0.984375,3,True,0.078125;0.703125;0.984375,3,True,0.078125;0.703125;0.984375,True,True,3,0
5975,5,age,86306,86305,32,1,False,0.296875,1,False,0.296875,1,False,0.296875,True,False,1,0
5976,5,age,86306,86307,32,3,True,0.140625;0.703125;0.828125,3,True,0.140625;0.703125;0.828125,3,True,0.140625;0.703125;0.828125,True,True,3,0
5977,5,age,86360,86359,32,3,True,0.109375;0.296875;0.921875,3,True,0.109375;0.296875;0.921875,3,True,0.109375;0.296875;0.921875,True,True,3,0
5978,5,age,86360,86361,32,1,False,0.078125,1,False,0.078125,1,False,0.078125,True,False,1,0
5979,5,age,86367,86366,32,1,False,0.984375,1,False,0.984375,1,False,0.984375,True,False,1,0
5980,5,age,86367,86368,32,1,False,0.765625,1,False,0.765625,1,False,0.765625,True,False,1,0
5981,5,age,86369,86368,32,1,False,0.296875,1,False,0.296875,1,False,0.296875,True,False,1,0
5982,5,age,86369,86370,32,3,True,0.140625;0.703125;0.828125,3,True,0.140625;0.703125;0.828125,3,True,0.140625;0.703125;0.828125,True,True,3,0
5983,5,age,86432,86431,32,1,False,0.296875,1,False,0.296875,1,False,0.296875,True,False,1,0
5984,5,age,86432,86433,32,3,True,0.140625;0.703125;0.828125,3,True,0.140625;0.703125;0.828125,3,True,0.140625;0.703125;0.828125,True,True,3,0
5985,5,age,86495,86494,32,1,False,0.296875,1,False,0.296875,1,False,0.296875,True,False,1,0
5986,5,age,86495,86496,32,3,True,0.140625;0.703125;0.828125,3,True,0.140625;0.703125;0.828125,3,True,0.140625;0.703125;0.828125,True,True,3,0
5987,5,age,86556,86555,32,1,False,0.296875,1,False,0.296875,1,False,0.296875,True,False,1,0
5988,5,age,86556,86557,32,3,True,0.078125;0.703125;0.765625,3,True,0.078125;0.703125;0.765625,3,True,0.078125;0.703125;0.765625,True,True,3,0
5989,5,age,86558,86557,32,1,False,0.296875,1,False,0.296875,1,False,0.296875,True,False,1,0
5990,5,age,86558,86559,32,3,True,0.140625;0.703125;0.828125,3,True,0.140625;0.703125;0.828125,3,True,0.140625;0.703125;0.828125,True,True,3,0
5991,5,age,86619,86618,32,1,False,0.296875,1,False,0.296875,1,False,0.296875,True,False,1,0
5992,5,age,86619,86620,32,3,True,0.078125;0.703125;0.984375,3,True,0.078125;0.703125;0.984375,3,True,0.078125;0.703125;0.984375,True,True,3,0
5993,5,age,86621,86620,32,1,False,0.296875,1,False,0.296875,1,False,0.296875,True,False,1,0
5994,5,age,86621,86622,32,3,True,0.140625;0.703125;0.828125,3,True,0.140625;0.703125;0.828125,3,True,0.140625;0.703125;0.828125,True,True,3,0
5995,5,age,86675,86674,32,3,True,0.109375;0.296875;0.921875,3,True,0.109375;0.296875;0.921875,3,True,0.109375;0.296875;0.921875,True,True,3,0
5996,5,age,86675,86676,32,1,False,0.078125,1,False,0.078125,1,False,0.078125,True,False,1,0
5997,5,age,86682,86681,32,1,False,0.984375,1,False,0.984375,1,False,0.984375,True,False,1,0
5998,5,age,86682,86683,32,1,False,0.765625,1,False,0.765625,1,False,0.765625,True,False,1,0
5999,5,age,86684,86683,32,1,False,0.296875,1,False,0.296875,1,False,0.296875,True,False,1,0
6000,5,age,86684,86685,32,3,True,0.140625;0.703125;0.828125,3,True,0.140625;0.703125;0.828125,3,True,0.140625;0.703125;0.828125,True,True,3,0
6001,5,age,86747,86746,32,1,False,0.296875,1,False,0.296875,1,False,0.296875,True,False,1,0
6002,5,age,86747,86748,32,3,True,0.140625;0.703125;0.828125,3,True,0.140625;0.703125;0.828125,3,True,0.140625;0.703125;0.828125,True,True,3,0
6003,5,age,86810,86809,32,1,False,0.296875,1,False,0.296875,1,False,0.296875,True,False,1,0
6004,5,age,86810,86811,32,3,True,0.140625;0.703125;0.828125,3,True,0.140625;0.703125;0.828125,3,True,0.140625;0.703125;0.828125,True,True,3,0
6005,5,age,86871,86870,32,1,False,0.296875,1,False,0.296875,1,False,0.296875,True,False,1,0
6006,5,age,86871,86872,32,3,True,0.078125;0.703125;0.765625,3,True,0.078125;0.703125;0.765625,3,True,0.078125;0.703125;0.765625,True,True,3,0
6007,5,age,86873,86872,32,1,False,0.296875,1,False,0.296875,1,False,0.296875,True,False,1,0
6008,5,age,86873,86874,32,3,True,0.140625;0.703125;0.828125,3,True,0.140625;0.703125;0.828125,3,True,0.140625;0.703125;0.828125,True,True,3,0
6009,5,age,86934,86933,32,1,False,0.296875,1,False,0.296875,1,False,0.296875,True,False,1,0
6010,5,age,86934,86935,32,3,True,0.078125;0.703125;0.984375,3,True,0.078125;0.703125;0.984375,3,True,0.078125;0.703125;0.984375,True,True,3,0
6011,5,age,86936,86935,32,1,False,0.296875,1,False,0.296875,1,False,0.296875,True,False,1,0
6012,5,age,86936,86937,32,3,True,0.140625;0.703125;0.828125,3,True,0.140625;0.703125;0.828125,3,True,0.140625;0.703125;0.828125,True,True,3,0
6013,5,age,86990,86989,32,3,True,0.109375;0.296875;0.921875,3,True,0.109375;0.296875;0.921875,3,True,0.109375;0.296875;0.921875,True,True,3,0
6014,5,age,86990,86991,32,1,False,0.078125,1,False,0.078125,1,False,0.078125,True,False,1,0
6015,5,age,86997,86996,32,1,False,0.984375,1,False,0.984375,1,False,0.984375,True,False,1,0
6016,5,age,86997,86998,32,1,False,0.765625,1,False,0.765625,1,False,0.765625,True,False,1,0
6017,5,age,86999,86998,32,1,False,0.296875,1,False,0.296875,1,False,0.296875,True,False,1,0
6018,5,age,86999,87000,32,3,True,0.140625;0.703125;0.828125,3,True,0.140625;0.703125;0.828125,3,True,0.140625;0.703125;0.828125,True,True,3,0
6019,5,age,87062,87061,32,1,False,0.296875,1,False,0.296875,1,False,0.296875,True,False,1,0
6020,5,age,87062,87063,32,3,True,0.140625;0.703125;0.828125,3,True,0.140625;0.703125;0.828125,3,True,0.140625;0.703125;0.828125,True,True,3,0
6021,5,age,87125,87124,32,1,False,0.296875,1,False,0.296875,1,False,0.296875,True,False,1,0
6022,5,age,87125,87126,32,3,True,0.140625;0.703125;0.828125,3,True,0.140625;0.703125;0.828125,3,True,0.140625;0.703125;0.828125,True,True,3,0
6023,5,age,87186,87185,32,1,False,0.296875,1,False,0.296875,1,False,0.296875,True,False,1,0
6024,5,age,87186,87187,32,3,True,0.078125;0.703125;0.765625,3,True,0.078125;0.703125;0.765625,3,True,0.078125;0.703125;0.765625,True,True,3,0
6025,5,age,87188,87187,32,1,False,0.296875,1,False,0.296875,1,False,0.296875,True,False,1,0
6026,5,age,87188,87189,32,3,True,0.140625;0.703125;0.828125,3,True,0.140625;0.703125;0.828125,3,True,0.140625;0.703125;0.828125,True,True,3,0
6027,5,age,87249,87248,32,1,False,0.296875,1,False,0.296875,1,False,0.296875,True,False,1,0
6028,5,age,87249,87250,32,3,True,0.078125;0.703125;0.984375,3,True,0.078125;0.703125;0.984375,3,True,0.078125;0.703125;0.984375,True,True,3,0
6029,5,age,87251,87250,32,1,False,0.296875,1,False,0.296875,1,False,0.296875,True,False,1,0
6030,5,age,87251,87252,32,3,True,0.140625;0.703125;0.828125,3,True,0.140625;0.703125;0.828125,3,True,0.140625;0.703125;0.828125,True,True,3,0
6031,5,age,87305,87304,32,3,True,0.109375;0.296875;0.921875,3,True,0.109375;0.296875;0.921875,3,True,0.109375;0.296875;0.921875,True,True,3,0
6032,5,age,87305,87306,32,1,False,0.078125,1,False,0.078125,1,False,0.078125,True,False,1,0
6033,5,age,87312,87311,32,1,False,0.984375,1,False,0.984375,1,False,0.984375,True,False,1,0
6034,5,age,87312,87313,32,1,False,0.765625,1,False,0.765625,1,False,0.765625,True,False,1,0
6035,5,age,87314,87313,32,1,False,0.296875,1,False,0.296875,1,False,0.296875,True,False,1,0
6036,5,age,87314,87315,32,3,True,0.140625;0.703125;0.828125,3,True,0.140625;0.703125;0.828125,3,True,0.140625;0.703125;0.828125,True,True,3,0
6037,5,age,87377,87376,32,1,False,0.296875,1,False,0.296875,1,False,0.296875,True,False,1,0
6038,5,age,87377,87378,32,3,True,0.140625;0.703125;0.828125,3,True,0.140625;0.703125;0.828125,3,True,0.140625;0.703125;0.828125,True,True,3,0
6039,5,age,87440,87439,32,1,False,0.296875,1,False,0.296875,1,False,0.296875,True,False,1,0
6040,5,age,87440,87441,32,3,True,0.140625;0.703125;0.828125,3,True,0.140625;0.703125;0.828125,3,True,0.140625;0.703125;0.828125,True,True,3,0
6041,5,age,87501,87500,32,1,False,0.296875,1,False,0.296875,1,False,0.296875,True,False,1,0
6042,5,age,87501,87502,32,3,True,0.078125;0.703125;0.765625,3,True,0.078125;0.703125;0.765625,3,True,0.078125;0.703125;0.765625,True,True,3,0
6043,5,age,87503,87502,32,1,False,0.296875,1,False,0.296875,1,False,0.296875,True,False,1,0
6044,5,age,87503,87504,32,3,True,0.140625;0.703125;0.828125,3,True,0.140625;0.703125;0.828125,3,True,0.140625;0.703125;0.828125,True,True,3,0
6045,5,age,87564,87563,32,1,False,0.296875,1,False,0.296875,1,False,0.296875,True,False,1,0
6046,5,age,87564,87565,32,3,True,0.078125;0.703125;0.984375,3,True,0.078125;0.703125;0.984375,3,True,0.078125;0.703125;0.984375,True,True,3,0
6047,5,age,87566,87565,32,1,False,0.296875,1,False,0.296875,1,False,0.296875,True,False,1,0
6048,5,age,87566,87567,32,3,True,0.140625;0.703125;0.828125,3,True,0.140625;0.703125;0.828125,3,True,0.140625;0.703125;0.828125,True,True,3,0
6049,5,age,87620,87619,32,3,True,0.109375;0.296875;0.921875,3,True,0.109375;0.296875;0.921875,3,True,0.109375;0.296875;0.921875,True,True,3,0
6050,5,age,87620,87621,32,1,False,0.078125,1,False,0.078125,1,False,0.078125,True,False,1,0
6051,5,age,87627,87626,32,1,False,0.984375,1,False,0.984375,1,False,0.984375,True,False,1,0
6052,5,age,87627,87628,32,1,False,0.765625,1,False,0.765625,1,False,0.765625,True,False,1,0
6053,5,age,87629,87628,32,1,False,0.296875,1,False,0.296875,1,False,0.296875,True,False,1,0
6054,5,age,87629,87630,32,3,True,0.140625;0.703125;0.828125,3,True,0.140625;0.703125;0.828125,3,True,0.140625;0.703125;0.828125,True,True,3,0
6055,5,age,87692,87691,32,1,False,0.296875,1,False,0.296875,1,False,0.296875,True,False,1,0
6056,5,age,87692,87693,32,3,True,0.140625;0.703125;0.828125,3,True,0.140625;0.703125;0.828125,3,True,0.140625;0.703125;0.828125,True,True,3,0
6057,5,age,87755,87754,32,1,False,0.296875,1,False,0.296875,1,False,0.296875,True,False,1,0
6058,5,age,87755,87756,32,3,True,0.140625;0.703125;0.828125,3,True,0.140625;0.703125;0.828125,3,True,0.140625;0.703125;0.828125,True,True,3,0
6059,5,age,87816,87815,32,1,False,0.296875,1,False,0.296875,1,False,0.296875,True,False,1,0
6060,5,age,87816,87817,32,3,True,0.078125;0.703125;0.765625,3,True,0.078125;0.703125;0.765625,3,True,0.078125;0.703125;0.765625,True,True,3,0
6061,5,age,87818,87817,32,1,False,0.296875,1,False,0.296875,1,False,0.296875,True,False,1,0
6062,5,age,87818,87819,32,3,True,0.140625;0.703125;0.828125,3,True,0.140625;0.703125;0.828125,3,True,0.140625;0.703125;0.828125,True,True,3,0
6063,5,age,87879,87878,32,1,False,0.296875,1,False,0.296875,1,False,0.296875,True,False,1,0
6064,5,age,87879,87880,32,3,True,0.078125;0.703125;0.984375,3,True,0.078125;0.703125;0.984375,3,True,0.078125;0.703125;0.984375,True,True,3,0
6065,5,age,87881,87880,32,1,False,0.296875,1,False,0.296875,1,False,0.296875,True,False,1,0
6066,5,age,87881,87882,32,3,True,0.140625;0.703125;0.828125,3,True,0.140625;0.703125;0.828125,3,True,0.140625;0.703125;0.828125,True,True,3,0
6067,5,age,87935,87934,32,3,True,0.109375;0.296875;0.921875,3,True,0.109375;0.296875;0.921875,3,True,0.109375;0.296875;0.921875,True,True,3,0
6068,5,age,87935,87936,32,1,False,0.078125,1,False,0.078125,1,False,0.078125,True,False,1,0
6069,5,age,87942,87941,32,1,False,0.984375,1,False,0.984375,1,False,0.984375,True,False,1,0
6070,5,age,87942,87943,32,1,False,0.765625,1,False,0.765625,1,False,0.765625,True,False,1,0
6071,5,age,87944,87943,32,1,False,0.296875,1,False,0.296875,1,False,0.296875,True,False,1,0
6072,5,age,87944,87945,32,3,True,0.140625;0.703125;0.828125,3,True,0.140625;0.703125;0.828125,3,True,0.140625;0.703125;0.828125,True,True,3,0
6073,5,age,88007,88006,32,1,False,0.296875,1,False,0.296875,1,False,0.296875,True,False,1,0
6074,5,age,88007,88008,32,3,True,0.140625;0.703125;0.828125,3,True,0.140625;0.703125;0.828125,3,True,0.140625;0.703125;0.828125,True,True,3,0
6075,5,age,88070,88069,32,1,False,0.296875,1,False,0.296875,1,False,0.296875,True,False,1,0
6076,5,age,88070,88071,32,3,True,0.140625;0.703125;0.828125,3,True,0.140625;0.703125;0.828125,3,True,0.140625;0.703125;0.828125,True,True,3,0
6077,5,age,88131,88130,32,1,False,0.296875,1,False,0.296875,1,False,0.296875,True,False,1,0
6078,5,age,88131,88132,32,3,True,0.078125;0.703125;0.765625,3,True,0.078125;0.703125;0.765625,3,True,0.078125;0.703125;0.765625,True,True,3,0
6079,5,age,88133,88132,32,1,False,0.296875,1,False,0.296875,1,False,0.296875,True,False,1,0
6080,5,age,88133,88134,32,3,True,0.140625;0.703125;0.828125,3,True,0.140625;0.703125;0.828125,3,True,0.140625;0.703125;0.828125,True,True,3,0
6081,5,age,88194,88193,32,1,False,0.296875,1,False,0.296875,1,False,0.296875,True,False,1,0
6082,5,age,88194,88195,32,3,True,0.078125;0.703125;0.984375,3,True,0.078125;0.703125;0.984375,3,True,0.078125;0.703125;0.984375,True,True,3,0
6083,5,age,88196,88195,32,1,False,0.296875,1,False,0.296875,1,False,0.296875,True,False,1,0
6084,5,age,88196,88197,32,3,True,0.140625;0.703125;0.828125,3,True,0.140625;0.703125;0.828125,3,True,0.140625;0.703125;0.828125,True,True,3,0
6085,5,age,88250,88249,32,3,True,0.109375;0.296875;0.921875,3,True,0.109375;0.296875;0.921875,3,True,0.109375;0.296875;0.921875,True,True,3,0
6086,5,age,88250,88251,32,1,False,0.078125,1,False,0.078125,1,False,0.078125,True,False,1,0
6087,5,age,88257,88256,32,1,False,0.984375,1,False,0.984375,1,False,0.984375,True,False,1,0
6088,5,age,88257,88258,32,1,False,0.765625,1,False,0.765625,1,False,0.765625,True,False,1,0
6089,5,age,88259,88258,32,1,False,0.296875,1,False,0.296875,1,False,0.296875,True,False,1,0
6090,5,age,88259,88260,32,3,True,0.140625;0.703125;0.828125,3,True,0.140625;0.703125;0.828125,3,True,0.140625;0.703125;0.828125,True,True,3,0
6091,5,age,88322,88321,32,1,False,0.296875,1,False,0.296875,1,False,0.296875,True,False,1,0
6092,5,age,88322,88323,32,3,True,0.140625;0.703125;0.828125,3,True,0.140625;0.703125;0.828125,3,True,0.140625;0.703125;0.828125,True,True,3,0
6093,5,age,88385,88384,32,1,False,0.296875,1,False,0.296875,1,False,0.296875,True,False,1,0
6094,5,age,88385,88386,32,3,True,0.140625;0.703125;0.828125,3,True,0.140625;0.703125;0.828125,3,True,0.140625;0.703125;0.828125,True,True,3,0
6095,5,age,88446,88445,32,1,False,0.296875,1,False,0.296875,1,False,0.296875,True,False,1,0
6096,5,age,88446,88447,32,3,True,0.078125;0.703125;0.765625,3,True,0.078125;0.703125;0.765625,3,True,0.078125;0.703125;0.765625,True,True,3,0
6097,5,age,88448,88447,32,1,False,0.296875,1,False,0.296875,1,False,0.296875,True,False,1,0
6098,5,age,88448,88449,32,3,True,0.140625;0.703125;0.828125,3,True,0.140625;0.703125;0.828125,3,True,0.140625;0.703125;0.828125,True,True,3,0
6099,5,age,88509,88508,32,1,False,0.296875,1,False,0.296875,1,False,0.296875,True,False,1,0
6100,5,age,88509,88510,32,3,True,0.078125;0.703125;0.984375,3,True,0.078125;0.703125;0.984375,3,True,0.078125;0.703125;0.984375,True,True,3,0
6101,5,age,88511,88510,32,1,False,0.296875,1,False,0.296875,1,False,0.296875,True,False,1,0
6102,5,age,88511,88512,32,3,True,0.140625;0.703125;0.828125,3,True,0.140625;0.703125;0.828125,3,True,0.140625;0.703125;0.828125,True,True,3,0
6103,5,age,88565,88564,32,3,True,0.109375;0.296875;0.921875,3,True,0.109375;0.296875;0.921875,3,True,0.109375;0.296875;0.921875,True,True,3,0
6104,5,age,88565,88566,32,1,False,0.078125,1,False,0.078125,1,False,0.078125,True,False,1,0
6105,5,age,88572,88571,32,1,False,0.984375,1,False,0.984375,1,False,0.984375,True,False,1,0
6106,5,age,88572,88573,32,1,False,0.765625,1,False,0.765625,1,False,0.765625,True,False,1,0
6107,5,age,88574,88573,32,1,False,0.296875,1,False,0.296875,1,False,0.296875,True,False,1,0
6108,5,age,88574,88575,32,3,True,0.140625;0.703125;0.828125,3,True,0.140625;0.703125;0.828125,3,True,0.140625;0.703125;0.828125,True,True,3,0
6109,5,age,88637,88636,32,1,False,0.296875,1,False,0.296875,1,False,0.296875,True,False,1,0
6110,5,age,88637,88638,32,3,True,0.140625;0.703125;0.828125,3,True,0.140625;0.703125;0.828125,3,True,0.140625;0.703125;0.828125,True,True,3,0
6111,5,age,88700,88699,32,1,False,0.296875,1,False,0.296875,1,False,0.296875,True,False,1,0
6112,5,age,88700,88701,32,3,True,0.140625;0.703125;0.828125,3,True,0.140625;0.703125;0.828125,3,True,0.140625;0.703125;0.828125,True,True,3,0
6113,5,age,88761,88760,32,1,False,0.296875,1,False,0.296875,1,False,0.296875,True,False,1,0
6114,5,age,88761,88762,32,3,True,0.078125;0.703125;0.765625,3,True,0.078125;0.703125;0.765625,3,True,0.078125;0.703125;0.765625,True,True,3,0
6115,5,age,88763,88762,32,1,False,0.296875,1,False,0.296875,1,False,0.296875,True,False,1,0
6116,5,age,88763,88764,32,3,True,0.140625;0.703125;0.828125,3,True,0.140625;0.703125;0.828125,3,True,0.140625;0.703125;0.828125,True,True,3,0
6117,5,age,88824,88823,32,1,False,0.296875,1,False,0.296875,1,False,0.296875,True,False,1,0
6118,5,age,88824,88825,32,3,True,0.078125;0.703125;0.984375,3,True,0.078125;0.703125;0.984375,3,True,0.078125;0.703125;0.984375,True,True,3,0
6119,5,age,88826,88825,32,1,False,0.296875,1,False,0.296875,1,False,0.296875,True,False,1,0
6120,5,age,88826,88827,32,3,True,0.140625;0.703125;0.828125,3,True,0.140625;0.703125;0.828125,3,True,0.140625;0.703125;0.828125,True,True,3,0
6121,5,age,88880,88879,32,3,True,0.109375;0.296875;0.921875,3,True,0.109375;0.296875;0.921875,3,True,0.109375;0.296875;0.921875,True,True,3,0
6122,5,age,88880,88881,32,1,False,0.078125,1,False,0.078125,1,False,0.078125,True,False,1,0
6123,5,age,88887,88886,32,1,False,0.984375,1,False,0.984375,1,False,0.984375,True,False,1,0
6124,5,age,88887,88888,32,1,False,0.765625,1,False,0.765625,1,False,0.765625,True,False,1,0
6125,5,age,88889,88888,32,1,False,0.296875,1,False,0.296875,1,False,0.296875,True,False,1,0
6126,5,age,88889,88890,32,3,True,0.140625;0.703125;0.828125,3,True,0.140625;0.703125;0.828125,3,True,0.140625;0.703125;0.828125,True,True,3,0
6127,5,age,88952,88951,32,1,False,0.296875,1,False,0.296875,1,False,0.296875,True,False,1,0
6128,5,age,88952,88953,32,3,True,0.140625;0.703125;0.828125,3,True,0.140625;0.703125;0.828125,3,True,0.140625;0.703125;0.828125,True,True,3,0
6129,5,age,89015,89014,32,1,False,0.296875,1,False,0.296875,1,False,0.296875,True,False,1,0
6130,5,age,89015,89016,32,3,True,0.140625;0.703125;0.828125,3,True,0.140625;0.703125;0.828125,3,True,0.140625;0.703125;0.828125,True,True,3,0
6131,5,age,89076,89075,32,1,False,0.296875,1,False,0.296875,1,False,0.296875,True,False,1,0
6132,5,age,89076,89077,32,3,True,0.078125;0.703125;0.765625,3,True,0.078125;0.703125;0.765625,3,True,0.078125;0.703125;0.765625,True,True,3,0
6133,5,age,89078,89077,32,1,False,0.296875,1,False,0.296875,1,False,0.296875,True,False,1,0
6134,5,age,89078,89079,32,3,True,0.140625;0.703125;0.828125,3,True,0.140625;0.703125;0.828125,3,True,0.140625;0.703125;0.828125,True,True,3,0
6135,5,age,89139,89138,32,1,False,0.296875,1,False,0.296875,1,False,0.296875,True,False,1,0
6136,5,age,89139,89140,32,3,True,0.078125;0.703125;0.984375,3,True,0.078125;0.703125;0.984375,3,True,0.078125;0.703125;0.984375,True,True,3,0
6137,5,age,89141,89140,32,1,False,0.296875,1,False,0.296875,1,False,0.296875,True,False,1,0
6138,5,age,89141,89142,32,3,True,0.140625;0.703125;0.828125,3,True,0.140625;0.703125;0.828125,3,True,0.140625;0.703125;0.828125,True,True,3,0
6139,5,age,89195,89194,32,3,True,0.109375;0.296875;0.921875,3,True,0.109375;0.296875;0.921875,3,True,0.109375;0.296875;0.921875,True,True,3,0
6140,5,age,89195,89196,32,1,False,0.078125,1,False,0.078125,1,False,0.078125,True,False,1,0
6141,5,age,89202,89201,32,1,False,0.984375,1,False,0.984375,1,False,0.984375,True,False,1,0
6142,5,age,89202,89203,32,1,False,0.765625,1,False,0.765625,1,False,0.765625,True,False,1,0
6143,5,age,89204,89203,32,1,False,0.296875,1,False,0.296875,1,False,0.296875,True,False,1,0
6144,5,age,89204,89205,32,3,True,0.140625;0.703125;0.828125,3,True,0.140625;0.703125;0.828125,3,True,0.140625;0.703125;0.828125,True,True,3,0
6145,5,age,89267,89266,32,1,False,0.296875,1,False,0.296875,1,False,0.296875,True,False,1,0
6146,5,age,89267,89268,32,3,True,0.140625;0.703125;0.828125,3,True,0.140625;0.703125;0.828125,3,True,0.140625;0.703125;0.828125,True,True,3,0
6147,5,age,89330,89329,32,1,False,0.296875,1,False,0.296875,1,False,0.296875,True,False,1,0
6148,5,age,89330,89331,32,3,True,0.140625;0.703125;0.828125,3,True,0.140625;0.703125;0.828125,3,True,0.140625;0.703125;0.828125,True,True,3,0
6149,5,age,89391,89390,32,1,False,0.296875,1,False,0.296875,1,False,0.296875,True,False,1,0
6150,5,age,89391,89392,32,3,True,0.078125;0.703125;0.765625,3,True,0.078125;0.703125;0.765625,3,True,0.078125;0.703125;0.765625,True,True,3,0
6151,5,age,89393,89392,32,1,False,0.296875,1,False,0.296875,1,False,0.296875,True,False,1,0
6152,5,age,89393,89394,32,3,True,0.140625;0.703125;0.828125,3,True,0.140625;0.703125;0.828125,3,True,0.140625;0.703125;0.828125,True,True,3,0
6153,5,age,89454,89453,32,1,False,0.296875,1,False,0.296875,1,False,0.296875,True,False,1,0
6154,5,age,89454,89455,32,3,True,0.078125;0.703125;0.984375,3,True,0.078125;0.703125;0.984375,3,True,0.078125;0.703125;0.984375,True,True,3,0
6155,5,age,89456,89455,32,1,False,0.296875,1,False,0.296875,1,False,0.296875,True,False,1,0
6156,5,age,89456,89457,32,3,True,0.140625;0.703125;0.828125,3,True,0.140625;0.703125;0.828125,3,True,0.140625;0.703125;0.828125,True,True,3,0
6157,5,age,89510,89509,32,3,True,0.109375;0.296875;0.921875,3,True,0.109375;0.296875;0.921875,3,True,0.109375;0.296875;0.921875,True,True,3,0
6158,5,age,89510,89511,32,1,False,0.078125,1,False,0.078125,1,False,0.078125,True,False,1,0
6159,5,age,89517,89516,32,1,False,0.984375,1,False,0.984375,1,False,0.984375,True,False,1,0
6160,5,age,89517,89518,32,1,False,0.765625,1,False,0.765625,1,False,0.765625,True,False,1,0
6161,5,age,89519,89518,32,1,False,0.296875,1,False,0.296875,1,False,0.296875,True,False,1,0
6162,5,age,89519,89520,32,3,True,0.140625;0.703125;0.828125,3,True,0.140625;0.703125;0.828125,3,True,0.140625;0.703125;0.828125,True,True,3,0
6163,5,age,89582,89581,32,1,False,0.296875,1,False,0.296875,1,False,0.296875,True,False,1,0
6164,5,age,89582,89583,32,3,True,0.140625;0.703125;0.828125,3,True,0.140625;0.703125;0.828125,3,True,0.140625;0.703125;0.828125,True,True,3,0
6165,5,age,89645,89644,32,1,False,0.296875,1,False,0.296875,1,False,0.296875,True,False,1,0
6166,5,age,89645,89646,32,3,True,0.140625;0.703125;0.828125,3,True,0.140625;0.703125;0.828125,3,True,0.140625;0.703125;0.828125,True,True,3,0
6167,5,age,89706,89705,32,1,False,0.296875,1,False,0.296875,1,False,0.296875,True,False,1,0
6168,5,age,89706,89707,32,3,True,0.078125;0.703125;0.765625,3,True,0.078125;0.703125;0.765625,3,True,0.078125;0.703125;0.765625,True,True,3,0
6169,5,age,89708,89707,32,1,False,0.296875,1,False,0.296875,1,False,0.296875,True,False,1,0
6170,5,age,89708,89709,32,3,True,0.140625;0.703125;0.828125,3,True,0.140625;0.703125;0.828125,3,True,0.140625;0.703125;0.828125,True,True,3,0
6171,5,age,89769,89768,32,1,False,0.296875,1,False,0.296875,1,False,0.296875,True,False,1,0
6172,5,age,89769,89770,32,3,True,0.078125;0.703125;0.984375,3,True,0.078125;0.703125;0.984375,3,True,0.078125;0.703125;0.984375,True,True,3,0
6173,5,age,89771,89770,32,1,False,0.296875,1,False,0.296875,1,False,0.296875,True,False,1,0
6174,5,age,89771,89772,32,3,True,0.140625;0.703125;0.828125,3,True,0.140625;0.703125;0.828125,3,True,0.140625;0.703125;0.828125,True,True,3,0
6175,5,age,89825,89824,32,3,True,0.109375;0.296875;0.921875,3,True,0.109375;0.296875;0.921875,3,True,0.109375;0.296875;0.921875,True,True,3,0
6176,5,age,89825,89826,32,1,False,0.078125,1,False,0.078125,1,False,0.078125,True,False,1,0
6177,5,age,89832,89831,32,1,False,0.984375,1,False,0.984375,1,False,0.984375,True,False,1,0
6178,5,age,89832,89833,32,1,False,0.765625,1,False,0.765625,1,False,0.765625,True,False,1,0
6179,5,age,89834,89833,32,1,False,0.296875,1,False,0.296875,1,False,0.296875,True,False,1,0
6180,5,age,89834,89835,32,3,True,0.140625;0.703125;0.828125,3,True,0.140625;0.703125;0.828125,3,True,0.140625;0.703125;0.828125,True,True,3,0
6181,5,age,89897,89896,32,1,False,0.296875,1,False,0.296875,1,False,0.296875,True,False,1,0
6182,5,age,89897,89898,32,3,True,0.140625;0.703125;0.828125,3,True,0.140625;0.703125;0.828125,3,True,0.140625;0.703125;0.828125,True,True,3,0
6183,5,age,89960,89959,32,1,False,0.296875,1,False,0.296875,1,False,0.296875,True,False,1,0
6184,5,age,89960,89961,32,3,True,0.140625;0.703125;0.828125,3,True,0.140625;0.703125;0.828125,3,True,0.140625;0.703125;0.828125,True,True,3,0
6185,5,age,90021,90020,32,1,False,0.296875,1,False,0.296875,1,False,0.296875,True,False,1,0
6186,5,age,90021,90022,32,3,True,0.078125;0.703125;0.765625,3,True,0.078125;0.703125;0.765625,3,True,0.078125;0.703125;0.765625,True,True,3,0
6187,5,age,90023,90022,32,1,False,0.296875,1,False,0.296875,1,False,0.296875,True,False,1,0
6188,5,age,90023,90024,32,3,True,0.140625;0.703125;0.828125,3,True,0.140625;0.703125;0.828125,3,True,0.140625;0.703125;0.828125,True,True,3,0
6189,5,age,90084,90083,32,1,False,0.296875,1,False,0.296875,1,False,0.296875,True,False,1,0
6190,5,age,90084,90085,32,3,True,0.078125;0.703125;0.984375,3,True,0.078125;0.703125;0.984375,3,True,0.078125;0.703125;0.984375,True,True,3,0
6191,5,age,90086,90085,32,1,False,0.296875,1,False,0.296875,1,False,0.296875,True,False,1,0
6192,5,age,90086,90087,32,3,True,0.140625;0.703125;0.828125,3,True,0.140625;0.703125;0.828125,3,True,0.140625;0.703125;0.828125,True,True,3,0
6193,5,age,90140,90139,32,3,True,0.109375;0.296875;0.921875,3,True,0.109375;0.296875;0.921875,3,True,0.109375;0.296875;0.921875,True,True,3,0
6194,5,age,90140,90141,32,1,False,0.078125,1,False,0.078125,1,False,0.078125,True,False,1,0
6195,5,age,90147,90146,32,1,False,0.984375,1,False,0.984375,1,False,0.984375,True,False,1,0
6196,5,age,90147,90148,32,1,False,0.765625,1,False,0.765625,1,False,0.765625,True,False,1,0
6197,5,age,90149,90148,32,1,False,0.296875,1,False,0.296875,1,False,0.296875,True,False,1,0
6198,5,age,90149,90150,32,3,True,0.140625;0.703125;0.828125,3,True,0.140625;0.703125;0.828125,3,True,0.140625;0.703125;0.828125,True,True,3,0
6199,5,age,90212,90211,32,1,False,0.296875,1,False,0.296875,1,False,0.296875,True,False,1,0
6200,5,age,90212,90213,32,3,True,0.140625;0.703125;0.828125,3,True,0.140625;0.703125;0.828125,3,True,0.140625;0.703125;0.828125,True,True,3,0
6201,5,age,90275,90274,32,1,False,0.296875,1,False,0.296875,1,False,0.296875,True,False,1,0
6202,5,age,90275,90276,32,3,True,0.140625;0.703125;0.828125,3,True,0.140625;0.703125;0.828125,3,True,0.140625;0.703125;0.828125,True,True,3,0
6203,5,age,90336,90335,32,1,False,0.296875,1,False,0.296875,1,False,0.296875,True,False,1,0
6204,5,age,90336,90337,32,3,True,0.078125;0.703125;0.765625,3,True,0.078125;0.703125;0.765625,3,True,0.078125;0.703125;0.765625,True,True,3,0
6205,5,age,90338,90337,32,1,False,0.296875,1,False,0.296875,1,False,0.296875,True,False,1,0
6206,5,age,90338,90339,32,3,True,0.140625;0.703125;0.828125,3,True,0.140625;0.703125;0.828125,3,True,0.140625;0.703125;0.828125,True,True,3,0
6207,5,age,90399,90398,32,1,False,0.296875,1,False,0.296875,1,False,0.296875,True,False,1,0
6208,5,age,90399,90400,32,3,True,0.078125;0.703125;0.984375,3,True,0.078125;0.703125;0.984375,3,True,0.078125;0.703125;0.984375,True,True,3,0
6209,5,age,90401,90400,32,1,False,0.296875,1,False,0.296875,1,False,0.296875,True,False,1,0
6210,5,age,90401,90402,32,3,True,0.140625;0.703125;0.828125,3,True,0.140625;0.703125;0.828125,3,True,0.140625;0.703125;0.828125,True,True,3,0
6211,5,age,90455,90454,32,3,True,0.109375;0.296875;0.921875,3,True,0.109375;0.296875;0.921875,3,True,0.109375;0.296875;0.921875,True,True,3,0
6212,5,age,90455,90456,32,1,False,0.078125,1,False,0.078125,1,False,0.078125,True,False,1,0
6213,5,age,90462,90461,32,1,False,0.984375,1,False,0.984375,1,False,0.984375,True,False,1,0
6214,5,age,90462,90463,32,1,False,0.765625,1,False,0.765625,1,False,0.765625,True,False,1,0
6215,5,age,90464,90463,32,1,False,0.296875,1,False,0.296875,1,False,0.296875,True,False,1,0
6216,5,age,90464,90465,32,3,True,0.140625;0.703125;0.828125,3,True,0.140625;0.703125;0.828125,3,True,0.140625;0.703125;0.828125,True,True,3,0
6217,5,age,90527,90526,32,1,False,0.296875,1,False,0.296875,1,False,0.296875,True,False,1,0
6218,5,age,90527,90528,32,3,True,0.140625;0.703125;0.828125,3,True,0.140625;0.703125;0.828125,3,True,0.140625;0.703125;0.828125,True,True,3,0
6219,5,age,90590,90589,32,1,False,0.296875,1,False,0.296875,1,False,0.296875,True,False,1,0
6220,5,age,90590,90591,32,3,True,0.140625;0.703125;0.828125,3,True,0.140625;0.703125;0.828125,3,True,0.140625;0.703125;0.828125,True,True,3,0
6221,5,age,90651,90650,32,1,False,0.296875,1,False,0.296875,1,False,0.296875,True,False,1,0
6222,5,age,90651,90652,32,3,True,0.078125;0.703125;0.765625,3,True,0.078125;0.703125;0.765625,3,True,0.078125;0.703125;0.765625,True,True,3,0
6223,5,age,90653,90652,32,1,False,0.296875,1,False,0.296875,1,False,0.296875,True,False,1,0
6224,5,age,90653,90654,32,3,True,0.140625;0.703125;0.828125,3,True,0.140625;0.703125;0.828125,3,True,0.140625;0.703125;0.828125,True,True,3,0
6225,5,age,90714,90713,32,1,False,0.296875,1,False,0.296875,1,False,0.296875,True,False,1,0
6226,5,age,90714,90715,32,3,True,0.078125;0.703125;0.984375,3,True,0.078125;0.703125;0.984375,3,True,0.078125;0.703125;0.984375,True,True,3,0
6227,5,age,90716,90715,32,1,False,0.296875,1,False,0.296875,1,False,0.296875,True,False,1,0
6228,5,age,90716,90717,32,3,True,0.140625;0.703125;0.828125,3,True,0.140625;0.703125;0.828125,3,True,0.140625;0.703125;0.828125,True,True,3,0
6229,5,age,90770,90769,32,3,True,0.109375;0.296875;0.921875,3,True,0.109375;0.296875;0.921875,3,True,0.109375;0.296875;0.921875,True,True,3,0
6230,5,age,90770,90771,32,1,False,0.078125,1,False,0.078125,1,False,0.078125,True,False,1,0
6231,5,age,90777,90776,32,1,False,0.984375,1,False,0.984375,1,False,0.984375,True,False,1,0
6232,5,age,90777,90778,32,1,False,0.765625,1,False,0.765625,1,False,0.765625,True,False,1,0
6233,5,age,90779,90778,32,1,False,0.296875,1,False,0.296875,1,False,0.296875,True,False,1,0
6234,5,age,90779,90780,32,3,True,0.140625;0.703125;0.828125,3,True,0.140625;0.703125;0.828125,3,True,0.140625;0.703125;0.828125,True,True,3,0
6235,5,age,90842,90841,32,1,False,0.296875,1,False,0.296875,1,False,0.296875,True,False,1,0
6236,5,age,90842,90843,32,3,True,0.140625;0.703125;0.828125,3,True,0.140625;0.703125;0.828125,3,True,0.140625;0.703125;0.828125,True,True,3,0
6237,5,age,90905,90904,32,1,False,0.296875,1,False,0.296875,1,False,0.296875,True,False,1,0
6238,5,age,90905,90906,32,3,True,0.140625;0.703125;0.828125,3,True,0.140625;0.703125;0.828125,3,True,0.140625;0.703125;0.828125,True,True,3,0
6239,5,age,90966,90965,32,1,False,0.296875,1,False,0.296875,1,False,0.296875,True,False,1,0
6240,5,age,90966,90967,32,3,True,0.078125;0.703125;0.765625,3,True,0.078125;0.703125;0.765625,3,True,0.078125;0.703125;0.765625,True,True,3,0
6241,5,age,90968,90967,32,1,False,0.296875,1,False,0.296875,1,False,0.296875,True,False,1,0
6242,5,age,90968,90969,32,3,True,0.140625;0.703125;0.828125,3,True,0.140625;0.703125;0.828125,3,True,0.140625;0.703125;0.828125,True,True,3,0
6243,5,age,91029,91028,32,1,False,0.296875,1,False,0.296875,1,False,0.296875,True,False,1,0
6244,5,age,91029,91030,32,3,True,0.078125;0.703125;0.984375,3,True,0.078125;0.703125;0.984375,3,True,0.078125;0.703125;0.984375,True,True,3,0
6245,5,age,91031,91030,32,1,False,0.296875,1,False,0.296875,1,False,0.296875,True,False,1,0
6246,5,age,91031,91032,32,3,True,0.140625;0.703125;0.828125,3,True,0.140625;0.703125;0.828125,3,True,0.140625;0.703125;0.828125,True,True,3,0
6247,5,age,91085,91084,32,3,True,0.109375;0.296875;0.921875,3,True,0.109375;0.296875;0.921875,3,True,0.109375;0.296875;0.921875,True,True,3,0
6248,5,age,91085,91086,32,1,False,0.078125,1,False,0.078125,1,False,0.078125,True,False,1,0
6249,5,age,91092,91091,32,1,False,0.984375,1,False,0.984375,1,False,0.984375,True,False,1,0
6250,5,age,91092,91093,32,1,False,0.765625,1,False,0.765625,1,False,0.765625,True,False,1,0
6251,5,age,91094,91093,32,1,False,0.296875,1,False,0.296875,1,False,0.296875,True,False,1,0
6252,5,age,91094,91095,32,3,True,0.140625;0.703125;0.828125,3,True,0.140625;0.703125;0.828125,3,True,0.140625;0.703125;0.828125,True,True,3,0
6253,5,age,91157,91156,32,1,False,0.296875,1,False,0.296875,1,False,0.296875,True,False,1,0
6254,5,age,91157,91158,32,3,True,0.140625;0.703125;0.828125,3,True,0.140625;0.703125;0.828125,3,True,0.140625;0.703125;0.828125,True,True,3,0
6255,5,age,91220,91219,32,1,False,0.296875,1,False,0.296875,1,False,0.296875,True,False,1,0
6256,5,age,91220,91221,32,3,True,0.140625;0.703125;0.828125,3,True,0.140625;0.703125;0.828125,3,True,0.140625;0.703125;0.828125,True,True,3,0
6257,5,age,91281,91280,32,1,False,0.296875,1,False,0.296875,1,False,0.296875,True,False,1,0
6258,5,age,91281,91282,32,3,True,0.078125;0.703125;0.765625,3,True,0.078125;0.703125;0.765625,3,True,0.078125;0.703125;0.765625,True,True,3,0
6259,5,age,91283,91282,32,1,False,0.296875,1,False,0.296875,1,False,0.296875,True,False,1,0
6260,5,age,91283,91284,32,3,True,0.140625;0.703125;0.828125,3,True,0.140625;0.703125;0.828125,3,True,0.140625;0.703125;0.828125,True,True,3,0
6261,5,age,91344,91343,32,1,False,0.296875,1,False,0.296875,1,False,0.296875,True,False,1,0
6262,5,age,91344,91345,32,3,True,0.078125;0.703125;0.984375,3,True,0.078125;0.703125;0.984375,3,True,0.078125;0.703125;0.984375,True,True,3,0
6263,5,age,91346,91345,32,1,False,0.296875,1,False,0.296875,1,False,0.296875,True,False,1,0
6264,5,age,91346,91347,32,3,True,0.140625;0.703125;0.828125,3,True,0.140625;0.703125;0.828125,3,True,0.140625;0.703125;0.828125,True,True,3,0
6265,5,age,91400,91399,32,3,True,0.109375;0.296875;0.921875,3,True,0.109375;0.296875;0.921875,3,True,0.109375;0.296875;0.921875,True,True,3,0
6266,5,age,91400,91401,32,1,False,0.078125,1,False,0.078125,1,False,0.078125,True,False,1,0
6267,5,age,91407,91406,32,1,False,0.984375,1,False,0.984375,1,False,0.984375,True,False,1,0
6268,5,age,91407,91408,32,1,False,0.765625,1,False,0.765625,1,False,0.765625,True,False,1,0
6269,5,age,91409,91408,32,1,False,0.296875,1,False,0.296875,1,False,0.296875,True,False,1,0
6270,5,age,91409,91410,32,3,True,0.140625;0.703125;0.828125,3,True,0.140625;0.703125;0.828125,3,True,0.140625;0.703125;0.828125,True,True,3,0
6271,5,age,91472,91471,32,1,False,0.296875,1,False,0.296875,1,False,0.296875,True,False,1,0
6272,5,age,91472,91473,32,3,True,0.140625;0.703125;0.828125,3,True,0.140625;0.703125;0.828125,3,True,0.140625;0.703125;0.828125,True,True,3,0
6273,5,age,91535,91534,32,1,False,0.296875,1,False,0.296875,1,False,0.296875,True,False,1,0
6274,5,age,91535,91536,32,3,True,0.140625;0.703125;0.828125,3,True,0.140625;0.703125;0.828125,3,True,0.140625;0.703125;0.828125,True,True,3,0
6275,5,age,91596,91595,32,1,False,0.296875,1,False,0.296875,1,False,0.296875,True,False,1,0
6276,5,age,91596,91597,32,3,True,0.078125;0.703125;0.765625,3,True,0.078125;0.703125;0.765625,3,True,0.078125;0.703125;0.765625,True,True,3,0
6277,5,age,91598,91597,32,1,False,0.296875,1,False,0.296875,1,False,0.296875,True,False,1,0
6278,5,age,91598,91599,32,3,True,0.140625;0.703125;0.828125,3,True,0.140625;0.703125;0.828125,3,True,0.140625;0.703125;0.828125,True,True,3,0
6279,5,age,91659,91658,32,1,False,0.296875,1,False,0.296875,1,False,0.296875,True,False,1,0
6280,5,age,91659,91660,32,3,True,0.078125;0.703125;0.984375,3,True,0.078125;0.703125;0.984375,3,True,0.078125;0.703125;0.984375,True,True,3,0
6281,5,age,91661,91660,32,1,False,0.296875,1,False,0.296875,1,False,0.296875,True,False,1,0
6282,5,age,91661,91662,32,3,True,0.140625;0.703125;0.828125,3,True,0.140625;0.703125;0.828125,3,True,0.140625;0.703125;0.828125,True,True,3,0
6283,5,age,91715,91714,32,3,True,0.109375;0.296875;0.921875,3,True,0.109375;0.296875;0.921875,3,True,0.109375;0.296875;0.921875,True,True,3,0
6284,5,age,91715,91716,32,1,False,0.078125,1,False,0.078125,1,False,0.078125,True,False,1,0
6285,5,age,91722,91721,32,1,False,0.984375,1,False,0.984375,1,False,0.984375,True,False,1,0
6286,5,age,91722,91723,32,1,False,0.765625,1,False,0.765625,1,False,0.765625,True,False,1,0
6287,5,age,91724,91723,32,1,False,0.296875,1,False,0.296875,1,False,0.296875,True,False,1,0
6288,5,age,91724,91725,32,3,True,0.140625;0.703125;0.828125,3,True,0.140625;0.703125;0.828125,3,True,0.140625;0.703125;0.828125,True,True,3,0
6289,5,age,91787,91786,32,1,False,0.296875,1,False,0.296875,1,False,0.296875,True,False,1,0
6290,5,age,91787,91788,32,3,True,0.140625;0.703125;0.828125,3,True,0.140625;0.703125;0.828125,3,True,0.140625;0.703125;0.828125,True,True,3,0
6291,5,age,91850,91849,32,1,False,0.296875,1,False,0.296875,1,False,0.296875,True,False,1,0
6292,5,age,91850,91851,32,3,True,0.140625;0.703125;0.828125,3,True,0.140625;0.703125;0.828125,3,True,0.140625;0.703125;0.828125,True,True,3,0
6293,5,age,91911,91910,32,1,False,0.296875,1,False,0.296875,1,False,0.296875,True,False,1,0
6294,5,age,91911,91912,32,3,True,0.078125;0.703125;0.765625,3,True,0.078125;0.703125;0.765625,3,True,0.078125;0.703125;0.765625,True,True,3,0
6295,5,age,91913,91912,32,1,False,0.296875,1,False,0.296875,1,False,0.296875,True,False,1,0
6296,5,age,91913,91914,32,3,True,0.140625;0.703125;0.828125,3,True,0.140625;0.703125;0.828125,3,True,0.140625;0.703125;0.828125,True,True,3,0
6297,5,age,91974,91973,32,1,False,0.296875,1,False,0.296875,1,False,0.296875,True,False,1,0
6298,5,age,91974,91975,32,3,True,0.078125;0.703125;0.984375,3,True,0.078125;0.703125;0.984375,3,True,0.078125;0.703125;0.984375,True,True,3,0
6299,5,age,91976,91975,32,1,False,0.296875,1,False,0.296875,1,False,0.296875,True,False,1,0
6300,5,age,91976,91977,32,3,True,0.140625;0.703125;0.828125,3,True,0.140625;0.703125;0.828125,3,True,0.140625;0.703125;0.828125,True,True,3,0
6301,5,age,92030,92029,32,3,True,0.109375;0.296875;0.921875,3,True,0.109375;0.296875;0.921875,3,True,0.109375;0.296875;0.921875,True,True,3,0
6302,5,age,92030,92031,32,1,False,0.078125,1,False,0.078125,1,False,0.078125,True,False,1,0
6303,5,age,92037,92036,32,1,False,0.984375,1,False,0.984375,1,False,0.984375,True,False,1,0
6304,5,age,92037,92038,32,1,False,0.765625,1,False,0.765625,1,False,0.765625,True,False,1,0
6305,5,age,92039,92038,32,1,False,0.296875,1,False,0.296875,1,False,0.296875,True,False,1,0
6306,5,age,92039,92040,32,3,True,0.140625;0.703125;0.828125,3,True,0.140625;0.703125;0.828125,3,True,0.140625;0.703125;0.828125,True,True,3,0
6307,5,age,92102,92101,32,1,False,0.296875,1,False,0.296875,1,False,0.296875,True,False,1,0
6308,5,age,92102,92103,32,3,True,0.140625;0.703125;0.828125,3,True,0.140625;0.703125;0.828125,3,True,0.140625;0.703125;0.828125,True,True,3,0
6309,5,age,92165,92164,32,1,False,0.296875,1,False,0.296875,1,False,0.296875,True,False,1,0
6310,5,age,92165,92166,32,3,True,0.140625;0.703125;0.828125,3,True,0.140625;0.703125;0.828125,3,True,0.140625;0.703125;0.828125,True,True,3,0
6311,5,age,92226,92225,32,1,False,0.296875,1,False,0.296875,1,False,0.296875,True,False,1,0
6312,5,age,92226,92227,32,3,True,0.078125;0.703125;0.765625,3,True,0.078125;0.703125;0.765625,3,True,0.078125;0.703125;0.765625,True,True,3,0
6313,5,age,92228,92227,32,1,False,0.296875,1,False,0.296875,1,False,0.296875,True,False,1,0
6314,5,age,92228,92229,32,3,True,0.140625;0.703125;0.828125,3,True,0.140625;0.703125;0.828125,3,True,0.140625;0.703125;0.828125,True,True,3,0
6315,5,age,92289,92288,32,1,False,0.296875,1,False,0.296875,1,False,0.296875,True,False,1,0
6316,5,age,92289,92290,32,3,True,0.078125;0.703125;0.984375,3,True,0.078125;0.703125;0.984375,3,True,0.078125;0.703125;0.984375,True,True,3,0
6317,5,age,92291,92290,32,1,False,0.296875,1,False,0.296875,1,False,0.296875,True,False,1,0
6318,5,age,92291,92292,32,3,True,0.140625;0.703125;0.828125,3,True,0.140625;0.703125;0.828125,3,True,0.140625;0.703125;0.828125,True,True,3,0
6319,5,age,92345,92344,32,3,True,0.109375;0.296875;0.921875,3,True,0.109375;0.296875;0.921875,3,True,0.109375;0.296875;0.921875,True,True,3,0
6320,5,age,92345,92346,32,1,False,0.078125,1,False,0.078125,1,False,0.078125,True,False,1,0
6321,5,age,92352,92351,32,1,False,0.984375,1,False,0.984375,1,False,0.984375,True,False,1,0
6322,5,age,92352,92353,32,1,False,0.765625,1,False,0.765625,1,False,0.765625,True,False,1,0
6323,5,age,92354,92353,32,1,False,0.296875,1,False,0.296875,1,False,0.296875,True,False,1,0
6324,5,age,92354,92355,32,3,True,0.140625;0.703125;0.828125,3,True,0.140625;0.703125;0.828125,3,True,0.140625;0.703125;0.828125,True,True,3,0
6325,5,age,92417,92416,32,1,False,0.296875,1,False,0.296875,1,False,0.296875,True,False,1,0
6326,5,age,92417,92418,32,3,True,0.140625;0.703125;0.828125,3,True,0.140625;0.703125;0.828125,3,True,0.140625;0.703125;0.828125,True,True,3,0
6327,5,age,92480,92479,32,1,False,0.296875,1,False,0.296875,1,False,0.296875,True,False,1,0
6328,5,age,92480,92481,32,3,True,0.140625;0.703125;0.828125,3,True,0.140625;0.703125;0.828125,3,True,0.140625;0.703125;0.828125,True,True,3,0
6329,5,age,92541,92540,32,1,False,0.296875,1,False,0.296875,1,False,0.296875,True,False,1,0
6330,5,age,92541,92542,32,3,True,0.078125;0.703125;0.765625,3,True,0.078125;0.703125;0.765625,3,True,0.078125;0.703125;0.765625,True,True,3,0
6331,5,age,92543,92542,32,1,False,0.296875,1,False,0.296875,1,False,0.296875,True,False,1,0
6332,5,age,92543,92544,32,3,True,0.140625;0.703125;0.828125,3,True,0.140625;0.703125;0.828125,3,True,0.140625;0.703125;0.828125,True,True,3,0
6333,5,age,92604,92603,32,1,False,0.296875,1,False,0.296875,1,False,0.296875,True,False,1,0
6334,5,age,92604,92605,32,3,True,0.078125;0.703125;0.984375,3,True,0.078125;0.703125;0.984375,3,True,0.078125;0.703125;0.984375,True,True,3,0
6335,5,age,92606,92605,32,1,False,0.296875,1,False,0.296875,1,False,0.296875,True,False,1,0
6336,5,age,92606,92607,32,3,True,0.140625;0.703125;0.828125,3,True,0.140625;0.703125;0.828125,3,True,0.140625;0.703125;0.828125,True,True,3,0
6337,5,age,92660,92659,32,3,True,0.109375;0.296875;0.921875,3,True,0.109375;0.296875;0.921875,3,True,0.109375;0.296875;0.921875,True,True,3,0
6338,5,age,92660,92661,32,1,False,0.078125,1,False,0.078125,1,False,0.078125,True,False,1,0
6339,5,age,92667,92666,32,1,False,0.984375,1,False,0.984375,1,False,0.984375,True,False,1,0
6340,5,age,92667,92668,32,1,False,0.765625,1,False,0.765625,1,False,0.765625,True,False,1,0
6341,5,age,92669,92668,32,1,False,0.296875,1,False,0.296875,1,False,0.296875,True,False,1,0
6342,5,age,92669,92670,32,3,True,0.140625;0.703125;0.828125,3,True,0.140625;0.703125;0.828125,3,True,0.140625;0.703125;0.828125,True,True,3,0
6343,5,age,92732,92731,32,1,False,0.296875,1,False,0.296875,1,False,0.296875,True,False,1,0
6344,5,age,92732,92733,32,3,True,0.140625;0.703125;0.828125,3,True,0.140625;0.703125;0.828125,3,True,0.140625;0.703125;0.828125,True,True,3,0
6345,5,age,92795,92794,32,1,False,0.296875,1,False,0.296875,1,False,0.296875,True,False,1,0
6346,5,age,92795,92796,32,3,True,0.140625;0.703125;0.828125,3,True,0.140625;0.703125;0.828125,3,True,0.140625;0.703125;0.828125,True,True,3,0
6347,5,age,92856,92855,32,1,False,0.296875,1,False,0.296875,1,False,0.296875,True,False,1,0
6348,5,age,92856,92857,32,3,True,0.078125;0.703125;0.765625,3,True,0.078125;0.703125;0.765625,3,True,0.078125;0.703125;0.765625,True,True,3,0
6349,5,age,92858,92857,32,1,False,0.296875,1,False,0.296875,1,False,0.296875,True,False,1,0
6350,5,age,92858,92859,32,3,True,0.140625;0.703125;0.828125,3,True,0.140625;0.703125;0.828125,3,True,0.140625;0.703125;0.828125,True,True,3,0
6351,5,age,92919,92918,32,1,False,0.296875,1,False,0.296875,1,False,0.296875,True,False,1,0
6352,5,age,92919,92920,32,3,True,0.078125;0.703125;0.984375,3,True,0.078125;0.703125;0.984375,3,True,0.078125;0.703125;0.984375,True,True,3,0
6353,5,age,92921,92920,32,1,False,0.296875,1,False,0.296875,1,False,0.296875,True,False,1,0
6354,5,age,92921,92922,32,3,True,0.140625;0.703125;0.828125,3,True,0.140625;0.703125;0.828125,3,True,0.140625;0.703125;0.828125,True,True,3,0
6355,5,age,92975,92974,32,3,True,0.109375;0.296875;0.921875,3,True,0.109375;0.296875;0.921875,3,True,0.109375;0.296875;0.921875,True,True,3,0
6356,5,age,92975,92976,32,1,False,0.078125,1,False,0.078125,1,False,0.078125,True,False,1,0
6357,5,age,92982,92981,32,1,False,0.984375,1,False,0.984375,1,False,0.984375,True,False,1,0
6358,5,age,92982,92983,32,1,False,0.765625,1,False,0.765625,1,False,0.765625,True,False,1,0
6359,5,age,92984,92983,32,1,False,0.296875,1,False,0.296875,1,False,0.296875,True,False,1,0
6360,5,age,92984,92985,32,3,True,0.140625;0.703125;0.828125,3,True,0.140625;0.703125;0.828125,3,True,0.140625;0.703125;0.828125,True,True,3,0
6361,5,age,93047,93046,32,1,False,0.296875,1,False,0.296875,1,False,0.296875,True,False,1,0
6362,5,age,93047,93048,32,3,True,0.140625;0.703125;0.828125,3,True,0.140625;0.703125;0.828125,3,True,0.140625;0.703125;0.828125,True,True,3,0
6363,5,age,93110,93109,32,1,False,0.296875,1,False,0.296875,1,False,0.296875,True,False,1,0
6364,5,age,93110,93111,32,3,True,0.140625;0.703125;0.828125,3,True,0.140625;0.703125;0.828125,3,True,0.140625;0.703125;0.828125,True,True,3,0
6365,5,age,93171,93170,32,1,False,0.296875,1,False,0.296875,1,False,0.296875,True,False,1,0
6366,5,age,93171,93172,32,3,True,0.078125;0.703125;0.765625,3,True,0.078125;0.703125;0.765625,3,True,0.078125;0.703125;0.765625,True,True,3,0
6367,5,age,93173,93172,32,1,False,0.296875,1,False,0.296875,1,False,0.296875,True,False,1,0
6368,5,age,93173,93174,32,3,True,0.140625;0.703125;0.828125,3,True,0.140625;0.703125;0.828125,3,True,0.140625;0.703125;0.828125,True,True,3,0
6369,5,age,93234,93233,32,1,False,0.296875,1,False,0.296875,1,False,0.296875,True,False,1,0
6370,5,age,93234,93235,32,3,True,0.078125;0.703125;0.984375,3,True,0.078125;0.703125;0.984375,3,True,0.078125;0.703125;0.984375,True,True,3,0
6371,5,age,93236,93235,32,1,False,0.296875,1,False,0.296875,1,False,0.296875,True,False,1,0
6372,5,age,93236,93237,32,3,True,0.140625;0.703125;0.828125,3,True,0.140625;0.703125;0.828125,3,True,0.140625;0.703125;0.828125,True,True,3,0
6373,5,age,93290,93289,32,3,True,0.109375;0.296875;0.921875,3,True,0.109375;0.296875;0.921875,3,True,0.109375;0.296875;0.921875,True,True,3,0
6374,5,age,93290,93291,32,1,False,0.078125,1,False,0.078125,1,False,0.078125,True,False,1,0
6375,5,age,93297,93296,32,1,False,0.984375,1,False,0.984375,1,False,0.984375,True,False,1,0
6376,5,age,93297,93298,32,1,False,0.765625,1,False,0.765625,1,False,0.765625,True,False,1,0
6377,5,age,93299,93298,32,1,False,0.296875,1,False,0.296875,1,False,0.296875,True,False,1,0
6378,5,age,93299,93300,32,3,True,0.140625;0.703125;0.828125,3,True,0.140625;0.703125;0.828125,3,True,0.140625;0.703125;0.828125,True,True,3,0
6379,5,age,93362,93361,32,1,False,0.296875,1,False,0.296875,1,False,0.296875,True,False,1,0
6380,5,age,93362,93363,32,3,True,0.140625;0.703125;0.828125,3,True,0.140625;0.703125;0.828125,3,True,0.140625;0.703125;0.828125,True,True,3,0
6381,5,age,93425,93424,32,1,False,0.296875,1,False,0.296875,1,False,0.296875,True,False,1,0
6382,5,age,93425,93426,32,3,True,0.140625;0.703125;0.828125,3,True,0.140625;0.703125;0.828125,3,True,0.140625;0.703125;0.828125,True,True,3,0
6383,5,age,93486,93485,32,1,False,0.296875,1,False,0.296875,1,False,0.296875,True,False,1,0
6384,5,age,93486,93487,32,3,True,0.078125;0.703125;0.765625,3,True,0.078125;0.703125;0.765625,3,True,0.078125;0.703125;0.765625,True,True,3,0
6385,5,age,93488,93487,32,1,False,0.296875,1,False,0.296875,1,False,0.296875,True,False,1,0
6386,5,age,93488,93489,32,3,True,0.140625;0.703125;0.828125,3,True,0.140625;0.703125;0.828125,3,True,0.140625;0.703125;0.828125,True,True,3,0
6387,5,age,93549,93548,32,1,False,0.296875,1,False,0.296875,1,False,0.296875,True,False,1,0
6388,5,age,93549,93550,32,3,True,0.078125;0.703125;0.984375,3,True,0.078125;0.703125;0.984375,3,True,0.078125;0.703125;0.984375,True,True,3,0
6389,5,age,93551,93550,32,1,False,0.296875,1,False,0.296875,1,False,0.296875,True,False,1,0
6390,5,age,93551,93552,32,3,True,0.140625;0.703125;0.828125,3,True,0.140625;0.703125;0.828125,3,True,0.140625;0.703125;0.828125,True,True,3,0
6391,5,age,93605,93604,32,3,True,0.109375;0.296875;0.921875,3,True,0.109375;0.296875;0.921875,3,True,0.109375;0.296875;0.921875,True,True,3,0
6392,5,age,93605,93606,32,1,False,0.078125,1,False,0.078125,1,False,0.078125,True,False,1,0
6393,5,age,93612,93611,32,1,False,0.984375,1,False,0.984375,1,False,0.984375,True,False,1,0
6394,5,age,93612,93613,32,1,False,0.765625,1,False,0.765625,1,False,0.765625,True,False,1,0
6395,5,age,93614,93613,32,1,False,0.296875,1,False,0.296875,1,False,0.296875,True,False,1,0
6396,5,age,93614,93615,32,3,True,0.140625;0.703125;0.828125,3,True,0.140625;0.703125;0.828125,3,True,0.140625;0.703125;0.828125,True,True,3,0
6397,5,age,93677,93676,32,1,False,0.296875,1,False,0.296875,1,False,0.296875,True,False,1,0
6398,5,age,93677,93678,32,3,True,0.140625;0.703125;0.828125,3,True,0.140625;0.703125;0.828125,3,True,0.140625;0.703125;0.828125,True,True,3,0
6399,5,age,93740,93739,32,1,False,0.296875,1,False,0.296875,1,False,0.296875,True,False,1,0
6400,5,age,93740,93741,32,3,True,0.140625;0.703125;0.828125,3,True,0.140625;0.703125;0.828125,3,True,0.140625;0.703125;0.828125,True,True,3,0
6401,5,age,93801,93800,32,1,False,0.296875,1,False,0.296875,1,False,0.296875,True,False,1,0
6402,5,age,93801,93802,32,3,True,0.078125;0.703125;0.765625,3,True,0.078125;0.703125;0.765625,3,True,0.078125;0.703125;0.765625,True,True,3,0
6403,5,age,93803,93802,32,1,False,0.296875,1,False,0.296875,1,False,0.296875,True,False,1,0
6404,5,age,93803,93804,32,3,True,0.140625;0.703125;0.828125,3,True,0.140625;0.703125;0.828125,3,True,0.140625;0.703125;0.828125,True,True,3,0
6405,5,age,93864,93863,32,1,False,0.296875,1,False,0.296875,1,False,0.296875,True,False,1,0
6406,5,age,93864,93865,32,3,True,0.078125;0.703125;0.984375,3,True,0.078125;0.703125;0.984375,3,True,0.078125;0.703125;0.984375,True,True,3,0
6407,5,age,93866,93865,32,1,False,0.296875,1,False,0.296875,1,False,0.296875,True,False,1,0
6408,5,age,93866,93867,32,3,True,0.140625;0.703125;0.828125,3,True,0.140625;0.703125;0.828125,3,True,0.140625;0.703125;0.828125,True,True,3,0
6409,5,age,93920,93919,32,3,True,0.109375;0.296875;0.921875,3,True,0.109375;0.296875;0.921875,3,True,0.109375;0.296875;0.921875,True,True,3,0
6410,5,age,93920,93921,32,1,False,0.078125,1,False,0.078125,1,False,0.078125,True,False,1,0
6411,5,age,93927,93926,32,1,False,0.984375,1,False,0.984375,1,False,0.984375,True,False,1,0
6412,5,age,93927,93928,32,1,False,0.765625,1,False,0.765625,1,False,0.765625,True,False,1,0
6413,5,age,93929,93928,32,1,False,0.296875,1,False,0.296875,1,False,0.296875,True,False,1,0
6414,5,age,93929,93930,32,3,True,0.140625;0.703125;0.828125,3,True,0.140625;0.703125;0.828125,3,True,0.140625;0.703125;0.828125,True,True,3,0
6415,5,age,93992,93991,32,1,False,0.296875,1,False,0.296875,1,False,0.296875,True,False,1,0
6416,5,age,93992,93993,32,3,True,0.140625;0.703125;0.828125,3,True,0.140625;0.703125;0.828125,3,True,0.140625;0.703125;0.828125,True,True,3,0
6417,5,age,94055,94054,32,1,False,0.296875,1,False,0.296875,1,False,0.296875,True,False,1,0
6418,5,age,94055,94056,32,3,True,0.140625;0.703125;0.828125,3,True,0.140625;0.703125;0.828125,3,True,0.140625;0.703125;0.828125,True,True,3,0
6419,5,age,94116,94115,32,1,False,0.296875,1,False,0.296875,1,False,0.296875,True,False,1,0
6420,5,age,94116,94117,32,3,True,0.078125;0.703125;0.765625,3,True,0.078125;0.703125;0.765625,3,True,0.078125;0.703125;0.765625,True,True,3,0
6421,5,age,94118,94117,32,1,False,0.296875,1,False,0.296875,1,False,0.296875,True,False,1,0
6422,5,age,94118,94119,32,3,True,0.140625;0.703125;0.828125,3,True,0.140625;0.703125;0.828125,3,True,0.140625;0.703125;0.828125,True,True,3,0
6423,5,age,94179,94178,32,1,False,0.296875,1,False,0.296875,1,False,0.296875,True,False,1,0
6424,5,age,94179,94180,32,3,True,0.078125;0.703125;0.984375,3,True,0.078125;0.703125;0.984375,3,True,0.078125;0.703125;0.984375,True,True,3,0
6425,5,age,94181,94180,32,1,False,0.296875,1,False,0.296875,1,False,0.296875,True,False,1,0
6426,5,age,94181,94182,32,3,True,0.140625;0.703125;0.828125,3,True,0.140625;0.703125;0.828125,3,True,0.140625;0.703125;0.828125,True,True,3,0
6427,5,age,94235,94234,32,3,True,0.109375;0.296875;0.921875,3,True,0.109375;0.296875;0.921875,3,True,0.109375;0.296875;0.921875,True,True,3,0
6428,5,age,94235,94236,32,1,False,0.078125,1,False,0.078125,1,False,0.078125,True,False,1,0
6429,5,age,94242,94241,32,1,False,0.984375,1,False,0.984375,1,False,0.984375,True,False,1,0
6430,5,age,94242,94243,32,1,False,0.765625,1,False,0.765625,1,False,0.765625,True,False,1,0
6431,5,age,94244,94243,32,1,False,0.296875,1,False,0.296875,1,False,0.296875,True,False,1,0
6432,5,age,94244,94245,32,3,True,0.140625;0.703125;0.828125,3,True,0.140625;0.703125;0.828125,3,True,0.140625;0.703125;0.828125,True,True,3,0
6433,5,age,94307,94306,32,1,False,0.296875,1,False,0.296875,1,False,0.296875,True,False,1,0
6434,5,age,94307,94308,32,3,True,0.140625;0.703125;0.828125,3,True,0.140625;0.703125;0.828125,3,True,0.140625;0.703125;0.828125,True,True,3,0
6435,5,age,94370,94369,32,1,False,0.296875,1,False,0.296875,1,False,0.296875,True,False,1,0
6436,5,age,94370,94371,32,3,True,0.140625;0.703125;0.828125,3,True,0.140625;0.703125;0.828125,3,True,0.140625;0.703125;0.828125,True,True,3,0
6437,5,age,94431,94430,32,1,False,0.296875,1,False,0.296875,1,False,0.296875,True,False,1,0
6438,5,age,94431,94432,32,3,True,0.078125;0.703125;0.765625,3,True,0.078125;0.703125;0.765625,3,True,0.078125;0.703125;0.765625,True,True,3,0
6439,5,age,94433,94432,32,1,False,0.296875,1,False,0.296875,1,False,0.296875,True,False,1,0
6440,5,age,94433,94434,32,3,True,0.140625;0.703125;0.828125,3,True,0.140625;0.703125;0.828125,3,True,0.140625;0.703125;0.828125,True,True,3,0
6441,5,age,94494,94493,32,1,False,0.296875,1,False,0.296875,1,False,0.296875,True,False,1,0
6442,5,age,94494,94495,32,3,True,0.078125;0.703125;0.984375,3,True,0.078125;0.703125;0.984375,3,True,0.078125;0.703125;0.984375,True,True,3,0
6443,5,age,94496,94495,32,1,False,0.296875,1,False,0.296875,1,False,0.296875,True,False,1,0
6444,5,age,94496,94497,32,3,True,0.140625;0.703125;0.828125,3,True,0.140625;0.703125;0.828125,3,True,0.140625;0.703125;0.828125,True,True,3,0
6445,5,age,94550,94549,32,3,True,0.109375;0.296875;0.921875,3,True,0.109375;0.296875;0.921875,3,True,0.109375;0.296875;0.921875,True,True,3,0
6446,5,age,94550,94551,32,1,False,0.078125,1,False,0.078125,1,False,0.078125,True,False,1,0
6447,5,age,94557,94556,32,1,False,0.984375,1,False,0.984375,1,False,0.984375,True,False,1,0
6448,5,age,94557,94558,32,1,False,0.765625,1,False,0.765625,1,False,0.765625,True,False,1,0
6449,5,age,94559,94558,32,1,False,0.296875,1,False,0.296875,1,False,0.296875,True,False,1,0
6450,5,age,94559,94560,32,3,True,0.140625;0.703125;0.828125,3,True,0.140625;0.703125;0.828125,3,True,0.140625;0.703125;0.828125,True,True,3,0
6451,5,age,94622,94621,32,1,False,0.296875,1,False,0.296875,1,False,0.296875,True,False,1,0
6452,5,age,94622,94623,32,3,True,0.140625;0.703125;0.828125,3,True,0.140625;0.703125;0.828125,3,True,0.140625;0.703125;0.828125,True,True,3,0
6453,5,age,94685,94684,32,1,False,0.296875,1,False,0.296875,1,False,0.296875,True,False,1,0
6454,5,age,94685,94686,32,3,True,0.140625;0.703125;0.828125,3,True,0.140625;0.703125;0.828125,3,True,0.140625;0.703125;0.828125,True,True,3,0
6455,5,age,94746,94745,32,1,False,0.296875,1,False,0.296875,1,False,0.296875,True,False,1,0
6456,5,age,94746,94747,32,3,True,0.078125;0.703125;0.765625,3,True,0.078125;0.703125;0.765625,3,True,0.078125;0.703125;0.765625,True,True,3,0
6457,5,age,94748,94747,32,1,False,0.296875,1,False,0.296875,1,False,0.296875,True,False,1,0
6458,5,age,94748,94749,32,3,True,0.140625;0.703125;0.828125,3,True,0.140625;0.703125;0.828125,3,True,0.140625;0.703125;0.828125,True,True,3,0
6459,5,age,94809,94808,32,1,False,0.296875,1,False,0.296875,1,False,0.296875,True,False,1,0
6460,5,age,94809,94810,32,3,True,0.078125;0.703125;0.984375,3,True,0.078125;0.703125;0.984375,3,True,0.078125;0.703125;0.984375,True,True,3,0
6461,5,age,94811,94810,32,1,False,0.296875,1,False,0.296875,1,False,0.296875,True,False,1,0
6462,5,age,94811,94812,32,3,True,0.140625;0.703125;0.828125,3,True,0.140625;0.703125;0.828125,3,True,0.140625;0.703125;0.828125,True,True,3,0
6463,5,age,94865,94864,32,3,True,0.109375;0.296875;0.921875,3,True,0.109375;0.296875;0.921875,3,True,0.109375;0.296875;0.921875,True,True,3,0
6464,5,age,94865,94866,32,1,False,0.078125,1,False,0.078125,1,False,0.078125,True,False,1,0
6465,5,age,94872,94871,32,1,False,0.984375,1,False,0.984375,1,False,0.984375,True,False,1,0
6466,5,age,94872,94873,32,1,False,0.765625,1,False,0.765625,1,False,0.765625,True,False,1,0
6467,5,age,94874,94873,32,1,False,0.296875,1,False,0.296875,1,False,0.296875,True,False,1,0
6468,5,age,94874,94875,32,3,True,0.140625;0.703125;0.828125,3,True,0.140625;0.703125;0.828125,3,True,0.140625;0.703125;0.828125,True,True,3,0
6469,5,age,94937,94936,32,1,False,0.296875,1,False,0.296875,1,False,0.296875,True,False,1,0
6470,5,age,94937,94938,32,3,True,0.140625;0.703125;0.828125,3,True,0.140625;0.703125;0.828125,3,True,0.140625;0.703125;0.828125,True,True,3,0
6471,5,age,95000,94999,32,1,False,0.296875,1,False,0.296875,1,False,0.296875,True,False,1,0
6472,5,age,95000,95001,32,3,True,0.140625;0.703125;0.828125,3,True,0.140625;0.703125;0.828125,3,True,0.140625;0.703125;0.828125,True,True,3,0
6473,5,age,95061,95060,32,1,False,0.296875,1,False,0.296875,1,False,0.296875,True,False,1,0
6474,5,age,95061,95062,32,3,True,0.078125;0.703125;0.765625,3,True,0.078125;0.703125;0.765625,3,True,0.078125;0.703125;0.765625,True,True,3,0
6475,5,age,95063,95062,32,1,False,0.296875,1,False,0.296875,1,False,0.296875,True,False,1,0
6476,5,age,95063,95064,32,3,True,0.140625;0.703125;0.828125,3,True,0.140625;0.703125;0.828125,3,True,0.140625;0.703125;0.828125,True,True,3,0
6477,5,age,95124,95123,32,1,False,0.296875,1,False,0.296875,1,False,0.296875,True,False,1,0
6478,5,age,95124,95125,32,3,True,0.078125;0.703125;0.984375,3,True,0.078125;0.703125;0.984375,3,True,0.078125;0.703125;0.984375,True,True,3,0
6479,5,age,95126,95125,32,1,False,0.296875,1,False,0.296875,1,False,0.296875,True,False,1,0
6480,5,age,95126,95127,32,3,True,0.140625;0.703125;0.828125,3,True,0.140625;0.703125;0.828125,3,True,0.140625;0.703125;0.828125,True,True,3,0
6481,5,age,95180,95179,32,3,True,0.109375;0.296875;0.921875,3,True,0.109375;0.296875;0.921875,3,True,0.109375;0.296875;0.921875,True,True,3,0
6482,5,age,95180,95181,32,1,False,0.078125,1,False,0.078125,1,False,0.078125,True,False,1,0
6483,5,age,95187,95186,32,1,False,0.984375,1,False,0.984375,1,False,0.984375,True,False,1,0
6484,5,age,95187,95188,32,1,False,0.765625,1,False,0.765625,1,False,0.765625,True,False,1,0
6485,5,age,95189,95188,32,1,False,0.296875,1,False,0.296875,1,False,0.296875,True,False,1,0
6486,5,age,95189,95190,32,3,True,0.140625;0.703125;0.828125,3,True,0.140625;0.703125;0.828125,3,True,0.140625;0.703125;0.828125,True,True,3,0
6487,5,age,95252,95251,32,1,False,0.296875,1,False,0.296875,1,False,0.296875,True,False,1,0
6488,5,age,95252,95253,32,3,True,0.140625;0.703125;0.828125,3,True,0.140625;0.703125;0.828125,3,True,0.140625;0.703125;0.828125,True,True,3,0
6489,5,age,95315,95314,32,1,False,0.296875,1,False,0.296875,1,False,0.296875,True,False,1,0
6490,5,age,95315,95316,32,3,True,0.140625;0.703125;0.828125,3,True,0.140625;0.703125;0.828125,3,True,0.140625;0.703125;0.828125,True,True,3,0
6491,5,age,95376,95375,32,1,False,0.296875,1,False,0.296875,1,False,0.296875,True,False,1,0
6492,5,age,95376,95377,32,3,True,0.078125;0.703125;0.765625,3,True,0.078125;0.703125;0.765625,3,True,0.078125;0.703125;0.765625,True,True,3,0
6493,5,age,95378,95377,32,1,False,0.296875,1,False,0.296875,1,False,0.296875,True,False,1,0
6494,5,age,95378,95379,32,3,True,0.140625;0.703125;0.828125,3,True,0.140625;0.703125;0.828125,3,True,0.140625;0.703125;0.828125,True,True,3,0
6495,5,age,95439,95438,32,1,False,0.296875,1,False,0.296875,1,False,0.296875,True,False,1,0
6496,5,age,95439,95440,32,3,True,0.078125;0.703125;0.984375,3,True,0.078125;0.703125;0.984375,3,True,0.078125;0.703125;0.984375,True,True,3,0
6497,5,age,95441,95440,32,1,False,0.296875,1,False,0.296875,1,False,0.296875,True,False,1,0
6498,5,age,95441,95442,32,3,True,0.140625;0.703125;0.828125,3,True,0.140625;0.703125;0.828125,3,True,0.140625;0.703125;0.828125,True,True,3,0
6499,5,age,95495,95494,32,3,True,0.109375;0.296875;0.921875,3,True,0.109375;0.296875;0.921875,3,True,0.109375;0.296875;0.921875,True,True,3,0
6500,5,age,95495,95496,32,1,False,0.078125,1,False,0.078125,1,False,0.078125,True,False,1,0
6501,5,age,95502,95501,32,1,False,0.984375,1,False,0.984375,1,False,0.984375,True,False,1,0
6502,5,age,95502,95503,32,1,False,0.765625,1,False,0.765625,1,False,0.765625,True,False,1,0
6503,5,age,95504,95503,32,1,False,0.296875,1,False,0.296875,1,False,0.296875,True,False,1,0
6504,5,age,95504,95505,32,3,True,0.140625;0.703125;0.828125,3,True,0.140625;0.703125;0.828125,3,True,0.140625;0.703125;0.828125,True,True,3,0
6505,5,age,95567,95566,32,1,False,0.296875,1,False,0.296875,1,False,0.296875,True,False,1,0
6506,5,age,95567,95568,32,3,True,0.140625;0.703125;0.828125,3,True,0.140625;0.703125;0.828125,3,True,0.140625;0.703125;0.828125,True,True,3,0
6507,5,age,95630,95629,32,1,False,0.296875,1,False,0.296875,1,False,0.296875,True,False,1,0
6508,5,age,95630,95631,32,3,True,0.140625;0.703125;0.828125,3,True,0.140625;0.703125;0.828125,3,True,0.140625;0.703125;0.828125,True,True,3,0
6509,5,age,95691,95690,32,1,False,0.296875,1,False,0.296875,1,False,0.296875,True,False,1,0
6510,5,age,95691,95692,32,3,True,0.078125;0.703125;0.765625,3,True,0.078125;0.703125;0.765625,3,True,0.078125;0.703125;0.765625,True,True,3,0
6511,5,age,95693,95692,32,1,False,0.296875,1,False,0.296875,1,False,0.296875,True,False,1,0
6512,5,age,95693,95694,32,3,True,0.140625;0.703125;0.828125,3,True,0.140625;0.703125;0.828125,3,True,0.140625;0.703125;0.828125,True,True,3,0
6513,5,age,95754,95753,32,1,False,0.296875,1,False,0.296875,1,False,0.296875,True,False,1,0
6514,5,age,95754,95755,32,3,True,0.078125;0.703125;0.984375,3,True,0.078125;0.703125;0.984375,3,True,0.078125;0.703125;0.984375,True,True,3,0
6515,5,age,95756,95755,32,1,False,0.296875,1,False,0.296875,1,False,0.296875,True,False,1,0
6516,5,age,95756,95757,32,3,True,0.140625;0.703125;0.828125,3,True,0.140625;0.703125;0.828125,3,True,0.140625;0.703125;0.828125,True,True,3,0
6517,5,age,95810,95809,32,3,True,0.109375;0.296875;0.921875,3,True,0.109375;0.296875;0.921875,3,True,0.109375;0.296875;0.921875,True,True,3,0
6518,5,age,95810,95811,32,1,False,0.078125,1,False,0.078125,1,False,0.078125,True,False,1,0
6519,5,age,95817,95816,32,1,False,0.984375,1,False,0.984375,1,False,0.984375,True,False,1,0
6520,5,age,95817,95818,32,1,False,0.765625,1,False,0.765625,1,False,0.765625,True,False,1,0
6521,5,age,95819,95818,32,1,False,0.296875,1,False,0.296875,1,False,0.296875,True,False,1,0
6522,5,age,95819,95820,32,3,True,0.140625;0.703125;0.828125,3,True,0.140625;0.703125;0.828125,3,True,0.140625;0.703125;0.828125,True,True,3,0
6523,5,age,95882,95881,32,1,False,0.296875,1,False,0.296875,1,False,0.296875,True,False,1,0
6524,5,age,95882,95883,32,3,True,0.140625;0.703125;0.828125,3,True,0.140625;0.703125;0.828125,3,True,0.140625;0.703125;0.828125,True,True,3,0
6525,5,age,95945,95944,32,1,False,0.296875,1,False,0.296875,1,False,0.296875,True,False,1,0
6526,5,age,95945,95946,32,3,True,0.140625;0.703125;0.828125,3,True,0.140625;0.703125;0.828125,3,True,0.140625;0.703125;0.828125,True,True,3,0
6527,5,age,96006,96005,32,1,False,0.296875,1,False,0.296875,1,False,0.296875,True,False,1,0
6528,5,age,96006,96007,32,3,True,0.078125;0.703125;0.765625,3,True,0.078125;0.703125;0.765625,3,True,0.078125;0.703125;0.765625,True,True,3,0
6529,5,age,96008,96007,32,1,False,0.296875,1,False,0.296875,1,False,0.296875,True,False,1,0
6530,5,age,96008,96009,32,3,True,0.140625;0.703125;0.828125,3,True,0.140625;0.703125;0.828125,3,True,0.140625;0.703125;0.828125,True,True,3,0
6531,5,age,96069,96068,32,1,False,0.296875,1,False,0.296875,1,False,0.296875,True,False,1,0
6532,5,age,96069,96070,32,3,True,0.078125;0.703125;0.984375,3,True,0.078125;0.703125;0.984375,3,True,0.078125;0.703125;0.984375,True,True,3,0
6533,5,age,96071,96070,32,1,False,0.296875,1,False,0.296875,1,False,0.296875,True,False,1,0
6534,5,age,96071,96072,32,3,True,0.140625;0.703125;0.828125,3,True,0.140625;0.703125;0.828125,3,True,0.140625;0.703125;0.828125,True,True,3,0
6535,5,age,96125,96124,32,3,True,0.109375;0.296875;0.921875,3,True,0.109375;0.296875;0.921875,3,True,0.109375;0.296875;0.921875,True,True,3,0
6536,5,age,96125,96126,32,1,False,0.078125,1,False,0.078125,1,False,0.078125,True,False,1,0
6537,5,age,96132,96131,32,1,False,0.984375,1,False,0.984375,1,False,0.984375,True,False,1,0
6538,5,age,96132,96133,32,1,False,0.765625,1,False,0.765625,1,False,0.765625,True,False,1,0
6539,5,age,96134,96133,32,1,False,0.296875,1,False,0.296875,1,False,0.296875,True,False,1,0
6540,5,age,96134,96135,32,3,True,0.140625;0.703125;0.828125,3,True,0.140625;0.703125;0.828125,3,True,0.140625;0.703125;0.828125,True,True,3,0
6541,5,age,96197,96196,32,1,False,0.296875,1,False,0.296875,1,False,0.296875,True,False,1,0
6542,5,age,96197,96198,32,3,True,0.140625;0.703125;0.828125,3,True,0.140625;0.703125;0.828125,3,True,0.140625;0.703125;0.828125,True,True,3,0
6543,5,age,96260,96259,32,1,False,0.296875,1,False,0.296875,1,False,0.296875,True,False,1,0
6544,5,age,96260,96261,32,3,True,0.140625;0.703125;0.828125,3,True,0.140625;0.703125;0.828125,3,True,0.140625;0.703125;0.828125,True,True,3,0
6545,5,age,96321,96320,32,1,False,0.296875,1,False,0.296875,1,False,0.296875,True,False,1,0
6546,5,age,96321,96322,32,3,True,0.078125;0.703125;0.765625,3,True,0.078125;0.703125;0.765625,3,True,0.078125;0.703125;0.765625,True,True,3,0
6547,5,age,96323,96322,32,1,False,0.296875,1,False,0.296875,1,False,0.296875,True,False,1,0
6548,5,age,96323,96324,32,3,True,0.140625;0.703125;0.828125,3,True,0.140625;0.703125;0.828125,3,True,0.140625;0.703125;0.828125,True,True,3,0
6549,5,age,96384,96383,32,1,False,0.296875,1,False,0.296875,1,False,0.296875,True,False,1,0
6550,5,age,96384,96385,32,3,True,0.078125;0.703125;0.984375,3,True,0.078125;0.703125;0.984375,3,True,0.078125;0.703125;0.984375,True,True,3,0
6551,5,age,96386,96385,32,1,False,0.296875,1,False,0.296875,1,False,0.296875,True,False,1,0
6552,5,age,96386,96387,32,3,True,0.140625;0.703125;0.828125,3,True,0.140625;0.703125;0.828125,3,True,0.140625;0.703125;0.828125,True,True,3,0
6553,5,age,96440,96439,32,3,True,0.109375;0.296875;0.921875,3,True,0.109375;0.296875;0.921875,3,True,0.109375;0.296875;0.921875,True,True,3,0
6554,5,age,96440,96441,32,1,False,0.078125,1,False,0.078125,1,False,0.078125,True,False,1,0
6555,5,age,96447,96446,32,1,False,0.984375,1,False,0.984375,1,False,0.984375,True,False,1,0
6556,5,age,96447,96448,32,1,False,0.765625,1,False,0.765625,1,False,0.765625,True,False,1,0
6557,5,age,96449,96448,32,1,False,0.296875,1,False,0.296875,1,False,0.296875,True,False,1,0
6558,5,age,96449,96450,32,3,True,0.140625;0.703125;0.828125,3,True,0.140625;0.703125;0.828125,3,True,0.140625;0.703125;0.828125,True,True,3,0
6559,5,age,96512,96511,32,1,False,0.296875,1,False,0.296875,1,False,0.296875,True,False,1,0
6560,5,age,96512,96513,32,3,True,0.140625;0.703125;0.828125,3,True,0.140625;0.703125;0.828125,3,True,0.140625;0.703125;0.828125,True,True,3,0
6561,5,age,96575,96574,32,1,False,0.296875,1,False,0.296875,1,False,0.296875,True,False,1,0
6562,5,age,96575,96576,32,3,True,0.140625;0.703125;0.828125,3,True,0.140625;0.703125;0.828125,3,True,0.140625;0.703125;0.828125,True,True,3,0
6563,5,age,96636,96635,32,1,False,0.296875,1,False,0.296875,1,False,0.296875,True,False,1,0
6564,5,age,96636,96637,32,3,True,0.078125;0.703125;0.765625,3,True,0.078125;0.703125;0.765625,3,True,0.078125;0.703125;0.765625,True,True,3,0
6565,5,age,96638,96637,32,1,False,0.296875,1,False,0.296875,1,False,0.296875,True,False,1,0
6566,5,age,96638,96639,32,3,True,0.140625;0.703125;0.828125,3,True,0.140625;0.703125;0.828125,3,True,0.140625;0.703125;0.828125,True,True,3,0
6567,5,age,96699,96698,32,1,False,0.296875,1,False,0.296875,1,False,0.296875,True,False,1,0
6568,5,age,96699,96700,32,3,True,0.078125;0.703125;0.984375,3,True,0.078125;0.703125;0.984375,3,True,0.078125;0.703125;0.984375,True,True,3,0
6569,5,age,96701,96700,32,1,False,0.296875,1,False,0.296875,1,False,0.296875,True,False,1,0
6570,5,age,96701,96702,32,3,True,0.140625;0.703125;0.828125,3,True,0.140625;0.703125;0.828125,3,True,0.140625;0.703125;0.828125,True,True,3,0
6571,5,age,96755,96754,32,3,True,0.109375;0.296875;0.921875,3,True,0.109375;0.296875;0.921875,3,True,0.109375;0.296875;0.921875,True,True,3,0
6572,5,age,96755,96756,32,1,False,0.078125,1,False,0.078125,1,False,0.078125,True,False,1,0
6573,5,age,96762,96761,32,1,False,0.984375,1,False,0.984375,1,False,0.984375,True,False,1,0
6574,5,age,96762,96763,32,1,False,0.765625,1,False,0.765625,1,False,0.765625,True,False,1,0
6575,5,age,96764,96763,32,1,False,0.296875,1,False,0.296875,1,False,0.296875,True,False,1,0
6576,5,age,96764,96765,32,3,True,0.140625;0.703125;0.828125,3,True,0.140625;0.703125;0.828125,3,True,0.140625;0.703125;0.828125,True,True,3,0
6577,5,age,96827,96826,32,1,False,0.296875,1,False,0.296875,1,False,0.296875,True,False,1,0
6578,5,age,96827,96828,32,3,True,0.140625;0.703125;0.828125,3,True,0.140625;0.703125;0.828125,3,True,0.140625;0.703125;0.828125,True,True,3,0
6579,5,age,96890,96889,32,1,False,0.296875,1,False,0.296875,1,False,0.296875,True,False,1,0
6580,5,age,96890,96891,32,3,True,0.140625;0.703125;0.828125,3,True,0.140625;0.703125;0.828125,3,True,0.140625;0.703125;0.828125,True,True,3,0
6581,5,age,96951,96950,32,1,False,0.296875,1,False,0.296875,1,False,0.296875,True,False,1,0
6582,5,age,96951,96952,32,3,True,0.078125;0.703125;0.765625,3,True,0.078125;0.703125;0.765625,3,True,0.078125;0.703125;0.765625,True,True,3,0
6583,5,age,96953,96952,32,1,False,0.296875,1,False,0.296875,1,False,0.296875,True,False,1,0
6584,5,age,96953,96954,32,3,True,0.140625;0.703125;0.828125,3,True,0.140625;0.703125;0.828125,3,True,0.140625;0.703125;0.828125,True,True,3,0
6585,5,age,97014,97013,32,1,False,0.296875,1,False,0.296875,1,False,0.296875,True,False,1,0
6586,5,age,97014,97015,32,3,True,0.078125;0.703125;0.984375,3,True,0.078125;0.703125;0.984375,3,True,0.078125;0.703125;0.984375,True,True,3,0
6587,5,age,97016,97015,32,1,False,0.296875,1,False,0.296875,1,False,0.296875,True,False,1,0
6588,5,age,97016,97017,32,3,True,0.140625;0.703125;0.828125,3,True,0.140625;0.703125;0.828125,3,True,0.140625;0.703125;0.828125,True,True,3,0
6589,5,age,97070,97069,32,3,True,0.109375;0.296875;0.921875,3,True,0.109375;0.296875;0.921875,3,True,0.109375;0.296875;0.921875,True,True,3,0
6590,5,age,97070,97071,32,1,False,0.078125,1,False,0.078125,1,False,0.078125,True,False,1,0
6591,5,age,97077,97076,32,1,False,0.984375,1,False,0.984375,1,False,0.984375,True,False,1,0
6592,5,age,97077,97078,32,1,False,0.765625,1,False,0.765625,1,False,0.765625,True,False,1,0
6593,5,age,97079,97078,32,1,False,0.296875,1,False,0.296875,1,False,0.296875,True,False,1,0
6594,5,age,97079,97080,32,3,True,0.140625;0.703125;0.828125,3,True,0.140625;0.703125;0.828125,3,True,0.140625;0.703125;0.828125,True,True,3,0
6595,5,age,97142,97141,32,1,False,0.296875,1,False,0.296875,1,False,0.296875,True,False,1,0
6596,5,age,97142,97143,32,3,True,0.140625;0.703125;0.828125,3,True,0.140625;0.703125;0.828125,3,True,0.140625;0.703125;0.828125,True,True,3,0
6597,5,age,97205,97204,32,1,False,0.296875,1,False,0.296875,1,False,0.296875,True,False,1,0
6598,5,age,97205,97206,32,3,True,0.140625;0.703125;0.828125,3,True,0.140625;0.703125;0.828125,3,True,0.140625;0.703125;0.828125,True,True,3,0
6599,5,age,97266,97265,32,1,False,0.296875,1,False,0.296875,1,False,0.296875,True,False,1,0
6600,5,age,97266,97267,32,3,True,0.078125;0.703125;0.765625,3,True,0.078125;0.703125;0.765625,3,True,0.078125;0.703125;0.765625,True,True,3,0
6601,5,age,97268,97267,32,1,False,0.296875,1,False,0.296875,1,False,0.296875,True,False,1,0
6602,5,age,97268,97269,32,3,True,0.140625;0.703125;0.828125,3,True,0.140625;0.703125;0.828125,3,True,0.140625;0.703125;0.828125,True,True,3,0
6603,5,age,97329,97328,32,1,False,0.296875,1,False,0.296875,1,False,0.296875,True,False,1,0
6604,5,age,97329,97330,32,3,True,0.078125;0.703125;0.984375,3,True,0.078125;0.703125;0.984375,3,True,0.078125;0.703125;0.984375,True,True,3,0
6605,5,age,97331,97330,32,1,False,0.296875,1,False,0.296875,1,False,0.296875,True,False,1,0
6606,5,age,97331,97332,32,3,True,0.140625;0.703125;0.828125,3,True,0.140625;0.703125;0.828125,3,True,0.140625;0.703125;0.828125,True,True,3,0
6607,5,age,97385,97384,32,3,True,0.109375;0.296875;0.921875,3,True,0.109375;0.296875;0.921875,3,True,0.109375;0.296875;0.921875,True,True,3,0
6608,5,age,97385,97386,32,1,False,0.078125,1,False,0.078125,1,False,0.078125,True,False,1,0
6609,5,age,97392,97391,32,1,False,0.984375,1,False,0.984375,1,False,0.984375,True,False,1,0
6610,5,age,97392,97393,32,1,False,0.765625,1,False,0.765625,1,False,0.765625,True,False,1,0
6611,5,age,97394,97393,32,1,False,0.296875,1,False,0.296875,1,False,0.296875,True,False,1,0
6612,5,age,97394,97395,32,3,True,0.140625;0.703125;0.828125,3,True,0.140625;0.703125;0.828125,3,True,0.140625;0.703125;0.828125,True,True,3,0
6613,5,age,97457,97456,32,1,False,0.296875,1,False,0.296875,1,False,0.296875,True,False,1,0
6614,5,age,97457,97458,32,3,True,0.140625;0.703125;0.828125,3,True,0.140625;0.703125;0.828125,3,True,0.140625;0.703125;0.828125,True,True,3,0
6615,5,age,97520,97519,32,1,False,0.296875,1,False,0.296875,1,False,0.296875,True,False,1,0
6616,5,age,97520,97521,32,3,True,0.140625;0.703125;0.828125,3,True,0.140625;0.703125;0.828125,3,True,0.140625;0.703125;0.828125,True,True,3,0
6617,5,age,97581,97580,32,1,False,0.296875,1,False,0.296875,1,False,0.296875,True,False,1,0
6618,5,age,97581,97582,32,3,True,0.078125;0.703125;0.765625,3,True,0.078125;0.703125;0.765625,3,True,0.078125;0.703125;0.765625,True,True,3,0
6619,5,age,97583,97582,32,1,False,0.296875,1,False,0.296875,1,False,0.296875,True,False,1,0
6620,5,age,97583,97584,32,3,True,0.140625;0.703125;0.828125,3,True,0.140625;0.703125;0.828125,3,True,0.140625;0.703125;0.828125,True,True,3,0
6621,5,age,97644,97643,32,1,False,0.296875,1,False,0.296875,1,False,0.296875,True,False,1,0
6622,5,age,97644,97645,32,3,True,0.078125;0.703125;0.984375,3,True,0.078125;0.703125;0.984375,3,True,0.078125;0.703125;0.984375,True,True,3,0
6623,5,age,97646,97645,32,1,False,0.296875,1,False,0.296875,1,False,0.296875,True,False,1,0
6624,5,age,97646,97647,32,3,True,0.140625;0.703125;0.828125,3,True,0.140625;0.703125;0.828125,3,True,0.140625;0.703125;0.828125,True,True,3,0
6625,5,age,97700,97699,32,3,True,0.109375;0.296875;0.921875,3,True,0.109375;0.296875;0.921875,3,True,0.109375;0.296875;0.921875,True,True,3,0
6626,5,age,97700,97701,32,1,False,0.078125,1,False,0.078125,1,False,0.078125,True,False,1,0
6627,5,age,97707,97706,32,1,False,0.984375,1,False,0.984375,1,False,0.984375,True,False,1,0
6628,5,age,97707,97708,32,1,False,0.765625,1,False,0.765625,1,False,0.765625,True,False,1,0
6629,5,age,97709,97708,32,1,False,0.296875,1,False,0.296875,1,False,0.296875,True,False,1,0
6630,5,age,97709,97710,32,3,True,0.140625;0.703125;0.828125,3,True,0.140625;0.703125;0.828125,3,True,0.140625;0.703125;0.828125,True,True,3,0
6631,5,age,97772,97771,32,1,False,0.296875,1,False,0.296875,1,False,0.296875,True,False,1,0
6632,5,age,97772,97773,32,3,True,0.140625;0.703125;0.828125,3,True,0.140625;0.703125;0.828125,3,True,0.140625;0.703125;0.828125,True,True,3,0
6633,5,age,97835,97834,32,1,False,0.296875,1,False,0.296875,1,False,0.296875,True,False,1,0
6634,5,age,97835,97836,32,3,True,0.140625;0.703125;0.828125,3,True,0.140625;0.703125;0.828125,3,True,0.140625;0.703125;0.828125,True,True,3,0
6635,5,age,97896,97895,32,1,False,0.296875,1,False,0.296875,1,False,0.296875,True,False,1,0
6636,5,age,97896,97897,32,3,True,0.078125;0.703125;0.765625,3,True,0.078125;0.703125;0.765625,3,True,0.078125;0.703125;0.765625,True,True,3,0
6637,5,age,97898,97897,32,1,False,0.296875,1,False,0.296875,1,False,0.296875,True,False,1,0
6638,5,age,97898,97899,32,3,True,0.140625;0.703125;0.828125,3,True,0.140625;0.703125;0.828125,3,True,0.140625;0.703125;0.828125,True,True,3,0
6639,5,age,97959,97958,32,1,False,0.296875,1,False,0.296875,1,False,0.296875,True,False,1,0
6640,5,age,97959,97960,32,3,True,0.078125;0.703125;0.984375,3,True,0.078125;0.703125;0.984375,3,True,0.078125;0.703125;0.984375,True,True,3,0
6641,5,age,97961,97960,32,1,False,0.296875,1,False,0.296875,1,False,0.296875,True,False,1,0
6642,5,age,97961,97962,32,3,True,0.140625;0.703125;0.828125,3,True,0.140625;0.703125;0.828125,3,True,0.140625;0.703125;0.828125,True,True,3,0
6643,5,age,98015,98014,32,3,True,0.109375;0.296875;0.921875,3,True,0.109375;0.296875;0.921875,3,True,0.109375;0.296875;0.921875,True,True,3,0
6644,5,age,98015,98016,32,1,False,0.078125,1,False,0.078125,1,False,0.078125,True,False,1,0
6645,5,age,98022,98021,32,1,False,0.984375,1,False,0.984375,1,False,0.984375,True,False,1,0
6646,5,age,98022,98023,32,1,False,0.765625,1,False,0.765625,1,False,0.765625,True,False,1,0
6647,5,age,98024,98023,32,1,False,0.296875,1,False,0.296875,1,False,0.296875,True,False,1,0
6648,5,age,98024,98025,32,3,True,0.140625;0.703125;0.828125,3,True,0.140625;0.703125;0.828125,3,True,0.140625;0.703125;0.828125,True,True,3,0
6649,5,age,98087,98086,32,1,False,0.296875,1,False,0.296875,1,False,0.296875,True,False,1,0
6650,5,age,98087,98088,32,3,True,0.140625;0.703125;0.828125,3,True,0.140625;0.703125;0.828125,3,True,0.140625;0.703125;0.828125,True,True,3,0
6651,5,age,98150,98149,32,1,False,0.296875,1,False,0.296875,1,False,0.296875,True,False,1,0
6652,5,age,98150,98151,32,3,True,0.140625;0.703125;0.828125,3,True,0.140625;0.703125;0.828125,3,True,0.140625;0.703125;0.828125,True,True,3,0
6653,5,age,98211,98210,32,1,False,0.296875,1,False,0.296875,1,False,0.296875,True,False,1,0
6654,5,age,98211,98212,32,3,True,0.078125;0.703125;0.765625,3,True,0.078125;0.703125;0.765625,3,True,0.078125;0.703125;0.765625,True,True,3,0
6655,5,age,98213,98212,32,1,False,0.296875,1,False,0.296875,1,False,0.296875,True,False,1,0
6656,5,age,98213,98214,32,3,True,0.140625;0.703125;0.828125,3,True,0.140625;0.703125;0.828125,3,True,0.140625;0.703125;0.828125,True,True,3,0
6657,5,age,98274,98273,32,1,False,0.296875,1,False,0.296875,1,False,0.296875,True,False,1,0
6658,5,age,98274,98275,32,3,True,0.078125;0.703125;0.984375,3,True,0.078125;0.703125;0.984375,3,True,0.078125;0.703125;0.984375,True,True,3,0
6659,5,age,98276,98275,32,1,False,0.296875,1,False,0.296875,1,False,0.296875,True,False,1,0
6660,5,age,98276,98277,32,3,True,0.140625;0.703125;0.828125,3,True,0.140625;0.703125;0.828125,3,True,0.140625;0.703125;0.828125,True,True,3,0
6661,5,age,98330,98329,32,3,True,0.109375;0.296875;0.921875,3,True,0.109375;0.296875;0.921875,3,True,0.109375;0.296875;0.921875,True,True,3,0
6662,5,age,98330,98331,32,1,False,0.078125,1,False,0.078125,1,False,0.078125,True,False,1,0
6663,5,age,98337,98336,32,1,False,0.984375,1,False,0.984375,1,False,0.984375,True,False,1,0
6664,5,age,98337,98338,32,1,False,0.765625,1,False,0.765625,1,False,0.765625,True,False,1,0
6665,5,age,98339,98338,32,1,False,0.296875,1,False,0.296875,1,False,0.296875,True,False,1,0
6666,5,age,98339,98340,32,3,True,0.140625;0.703125;0.828125,3,True,0.140625;0.703125;0.828125,3,True,0.140625;0.703125;0.828125,True,True,3,0
6667,5,age,98402,98401,32,1,False,0.296875,1,False,0.296875,1,False,0.296875,True,False,1,0
6668,5,age,98402,98403,32,3,True,0.140625;0.703125;0.828125,3,True,0.140625;0.703125;0.828125,3,True,0.140625;0.703125;0.828125,True,True,3,0
6669,5,age,98465,98464,32,1,False,0.296875,1,False,0.296875,1,False,0.296875,True,False,1,0
6670,5,age,98465,98466,32,3,True,0.140625;0.703125;0.828125,3,True,0.140625;0.703125;0.828125,3,True,0.140625;0.703125;0.828125,True,True,3,0
6671,5,age,98526,98525,32,1,False,0.296875,1,False,0.296875,1,False,0.296875,True,False,1,0
6672,5,age,98526,98527,32,3,True,0.078125;0.703125;0.765625,3,True,0.078125;0.703125;0.765625,3,True,0.078125;0.703125;0.765625,True,True,3,0
6673,5,age,98528,98527,32,1,False,0.296875,1,False,0.296875,1,False,0.296875,True,False,1,0
6674,5,age,98528,98529,32,3,True,0.140625;0.703125;0.828125,3,True,0.140625;0.703125;0.828125,3,True,0.140625;0.703125;0.828125,True,True,3,0
6675,5,age,98589,98588,32,1,False,0.296875,1,False,0.296875,1,False,0.296875,True,False,1,0
6676,5,age,98589,98590,32,3,True,0.078125;0.703125;0.984375,3,True,0.078125;0.703125;0.984375,3,True,0.078125;0.703125;0.984375,True,True,3,0
6677,5,age,98591,98590,32,1,False,0.296875,1,False,0.296875,1,False,0.296875,True,False,1,0
6678,5,age,98591,98592,32,3,True,0.140625;0.703125;0.828125,3,True,0.140625;0.703125;0.828125,3,True,0.140625;0.703125;0.828125,True,True,3,0
6679,5,age,98645,98644,32,3,True,0.109375;0.296875;0.921875,3,True,0.109375;0.296875;0.921875,3,True,0.109375;0.296875;0.921875,True,True,3,0
6680,5,age,98645,98646,32,1,False,0.078125,1,False,0.078125,1,False,0.078125,True,False,1,0
6681,5,age,98652,98651,32,1,False,0.984375,1,False,0.984375,1,False,0.984375,True,False,1,0
6682,5,age,98652,98653,32,1,False,0.765625,1,False,0.765625,1,False,0.765625,True,False,1,0
6683,5,age,98654,98653,32,1,False,0.296875,1,False,0.296875,1,False,0.296875,True,False,1,0
6684,5,age,98654,98655,32,3,True,0.140625;0.703125;0.828125,3,True,0.140625;0.703125;0.828125,3,True,0.140625;0.703125;0.828125,True,True,3,0
6685,5,age,98717,98716,32,1,False,0.296875,1,False,0.296875,1,False,0.296875,True,False,1,0
6686,5,age,98717,98718,32,3,True,0.140625;0.703125;0.828125,3,True,0.140625;0.703125;0.828125,3,True,0.140625;0.703125;0.828125,True,True,3,0
6687,5,age,98780,98779,32,1,False,0.296875,1,False,0.296875,1,False,0.296875,True,False,1,0
6688,5,age,98780,98781,32,3,True,0.140625;0.703125;0.828125,3,True,0.140625;0.703125;0.828125,3,True,0.140625;0.703125;0.828125,True,True,3,0
6689,5,age,98841,98840,32,1,False,0.296875,1,False,0.296875,1,False,0.296875,True,False,1,0
6690,5,age,98841,98842,32,3,True,0.078125;0.703125;0.765625,3,True,0.078125;0.703125;0.765625,3,True,0.078125;0.703125;0.765625,True,True,3,0
6691,5,age,98843,98842,32,1,False,0.296875,1,False,0.296875,1,False,0.296875,True,False,1,0
6692,5,age,98843,98844,32,3,True,0.140625;0.703125;0.828125,3,True,0.140625;0.703125;0.828125,3,True,0.140625;0.703125;0.828125,True,True,3,0
6693,5,age,98904,98903,32,1,False,0.296875,1,False,0.296875,1,False,0.296875,True,False,1,0
6694,5,age,98904,98905,32,3,True,0.078125;0.703125;0.984375,3,True,0.078125;0.703125;0.984375,3,True,0.078125;0.703125;0.984375,True,True,3,0
6695,5,age,98906,98905,32,1,False,0.296875,1,False,0.296875,1,False,0.296875,True,False,1,0
6696,5,age,98906,98907,32,3,True,0.140625;0.703125;0.828125,3,True,0.140625;0.703125;0.828125,3,True,0.140625;0.703125;0.828125,True,True,3,0
6697,5,age,98960,98959,32,3,True,0.109375;0.296875;0.921875,3,True,0.109375;0.296875;0.921875,3,True,0.109375;0.296875;0.921875,True,True,3,0
6698,5,age,98960,98961,32,1,False,0.078125,1,False,0.078125,1,False,0.078125,True,False,1,0
6699,5,age,98967,98966,32,1,False,0.984375,1,False,0.984375,1,False,0.984375,True,False,1,0
6700,5,age,98967,98968,32,1,False,0.765625,1,False,0.765625,1,False,0.765625,True,False,1,0
6701,5,age,98969,98968,32,1,False,0.296875,1,False,0.296875,1,False,0.296875,True,False,1,0
6702,5,age,98969,98970,32,3,True,0.140625;0.703125;0.828125,3,True,0.140625;0.703125;0.828125,3,True,0.140625;0.703125;0.828125,True,True,3,0
6703,5,age,99032,99031,32,1,False,0.296875,1,False,0.296875,1,False,0.296875,True,False,1,0
6704,5,age,99032,99033,32,3,True,0.140625;0.703125;0.828125,3,True,0.140625;0.703125;0.828125,3,True,0.140625;0.703125;0.828125,True,True,3,0
6705,5,age,99095,99094,32,1,False,0.296875,1,False,0.296875,1,False,0.296875,True,False,1,0
6706,5,age,99095,99096,32,3,True,0.140625;0.703125;0.828125,3,True,0.140625;0.703125;0.828125,3,True,0.140625;0.703125;0.828125,True,True,3,0
6707,5,age,99156,99155,32,1,False,0.296875,1,False,0.296875,1,False,0.296875,True,False,1,0
6708,5,age,99156,99157,32,3,True,0.078125;0.703125;0.765625,3,True,0.078125;0.703125;0.765625,3,True,0.078125;0.703125;0.765625,True,True,3,0
6709,5,age,99158,99157,32,1,False,0.296875,1,False,0.296875,1,False,0.296875,True,False,1,0
6710,5,age,99158,99159,32,3,True,0.140625;0.703125;0.828125,3,True,0.140625;0.703125;0.828125,3,True,0.140625;0.703125;0.828125,True,True,3,0
6711,5,age,99219,99218,32,1,False,0.296875,1,False,0.296875,1,False,0.296875,True,False,1,0
6712,5,age,99219,99220,32,3,True,0.078125;0.703125;0.984375,3,True,0.078125;0.703125;0.984375,3,True,0.078125;0.703125;0.984375,True,True,3,0
6713,5,age,99221,99220,32,1,False,0.296875,1,False,0.296875,1,False,0.296875,True,False,1,0
6714,5,age,99221,99222,32,3,True,0.140625;0.703125;0.828125,3,True,0.140625;0.703125;0.828125,3,True,0.140625;0.703125;0.828125,True,True,3,0
6715,5,age,99275,99274,32,3,True,0.109375;0.296875;0.921875,3,True,0.109375;0.296875;0.921875,3,True,0.109375;0.296875;0.921875,True,True,3,0
6716,5,age,99275,99276,32,1,False,0.078125,1,False,0.078125,1,False,0.078125,True,False,1,0
6717,5,age,99282,99281,32,1,False,0.984375,1,False,0.984375,1,False,0.984375,True,False,1,0
6718,5,age,99282,99283,32,1,False,0.765625,1,False,0.765625,1,False,0.765625,True,False,1,0
6719,5,age,99284,99283,32,1,False,0.296875,1,False,0.296875,1,False,0.296875,True,False,1,0
6720,5,age,99284,99285,32,3,True,0.140625;0.703125;0.828125,3,True,0.140625;0.703125;0.828125,3,True,0.140625;0.703125;0.828125,True,True,3,0
6721,5,age,99347,99346,32,1,False,0.296875,1,False,0.296875,1,False,0.296875,True,False,1,0
6722,5,age,99347,99348,32,3,True,0.140625;0.703125;0.828125,3,True,0.140625;0.703125;0.828125,3,True,0.140625;0.703125;0.828125,True,True,3,0
6723,5,age,99410,99409,32,1,False,0.296875,1,False,0.296875,1,False,0.296875,True,False,1,0
6724,5,age,99410,99411,32,3,True,0.140625;0.703125;0.828125,3,True,0.140625;0.703125;0.828125,3,True,0.140625;0.703125;0.828125,True,True,3,0
6725,5,age,99473,99472,32,1,False,0.296875,1,False,0.296875,1,False,0.296875,True,False,1,0
6726,5,age,99473,99474,32,3,True,0.140625;0.703125;0.828125,3,True,0.140625;0.703125;0.828125,3,True,0.140625;0.703125;0.828125,True,True,3,0
6727,5,age,99536,99535,32,1,False,0.296875,1,False,0.296875,1,False,0.296875,True,False,1,0
6728,5,age,99536,99537,32,3,True,0.140625;0.703125;0.828125,3,True,0.140625;0.703125;0.828125,3,True,0.140625;0.703125;0.828125,True,True,3,0
6729,5,age,99590,99589,32,3,True,0.109375;0.296875;0.921875,3,True,0.109375;0.296875;0.921875,3,True,0.109375;0.296875;0.921875,True,True,3,0
6730,5,age,99590,99591,32,1,False,0.078125,1,False,0.078125,1,False,0.078125,True,False,1,0
6731,5,age,99597,99596,32,1,False,0.984375,1,False,0.984375,1,False,0.984375,True,False,1,0
6732,5,age,99597,99598,32,1,False,0.765625,1,False,0.765625,1,False,0.765625,True,False,1,0
6733,5,age,99599,99598,32,1,False,0.296875,1,False,0.296875,1,False,0.296875,True,False,1,0
6734,5,age,99599,99600,32,3,True,0.140625;0.703125;0.828125,3,True,0.140625;0.703125;0.828125,3,True,0.140625;0.703125;0.828125,True,True,3,0
6735,5,age,99662,99661,32,1,False,0.296875,1,False,0.296875,1,False,0.296875,True,False,1,0
6736,5,age,99662,99663,32,3,True,0.140625;0.703125;0.828125,3,True,0.140625;0.703125;0.828125,3,True,0.140625;0.703125;0.828125,True,True,3,0
6737,5,age,99725,99724,32,1,False,0.296875,1,False,0.296875,1,False,0.296875,True,False,1,0
6738,5,age,99725,99726,32,3,True,0.140625;0.703125;0.828125,3,True,0.140625;0.703125;0.828125,3,True,0.140625;0.703125;0.828125,True,True,3,0
6739,5,age,99788,99787,32,1,False,0.296875,1,False,0.296875,1,False,0.296875,True,False,1,0
6740,5,age,99788,99789,32,3,True,0.140625;0.703125;0.828125,3,True,0.140625;0.703125;0.828125,3,True,0.140625;0.703125;0.828125,True,True,3,0
6741,5,age,99851,99850,32,1,False,0.296875,1,False,0.296875,1,False,0.296875,True,False,1,0
6742,5,age,99851,99852,32,3,True,0.140625;0.703125;0.828125,3,True,0.140625;0.703125;0.828125,3,True,0.140625;0.703125;0.828125,True,True,3,0
6743,5,age,99905,99904,32,3,True,0.109375;0.296875;0.921875,3,True,0.109375;0.296875;0.921875,3,True,0.109375;0.296875;0.921875,True,True,3,0
6744,5,age,99905,99906,32,1,False,0.078125,1,False,0.078125,1,False,0.078125,True,False,1,0
6745,5,age,99912,99911,32,1,False,0.984375,1,False,0.984375,1,False,0.984375,True,False,1,0
6746,5,age,99912,99913,32,1,False,0.765625,1,False,0.765625,1,False,0.765625,True,False,1,0
6747,5,age,99914,99913,32,1,False,0.296875,1,False,0.296875,1,False,0.296875,True,False,1,0
6748,5,age,99914,99915,32,3,True,0.140625;0.703125;0.828125,3,True,0.140625;0.703125;0.828125,3,True,0.140625;0.703125;0.828125,True,True,3,0
6749,5,age,99977,99976,32,1,False,0.296875,1,False,0.296875,1,False,0.296875,True,False,1,0
6750,5,age,99977,99978,32,3,True,0.140625;0.703125;0.828125,3,True,0.140625;0.703125;0.828125,3,True,0.140625;0.703125;0.828125,True,True,3,0
6751,5,age,100040,100039,32,1,False,0.296875,1,False,0.296875,1,False,0.296875,True,False,1,0
6752,5,age,100040,100041,32,3,True,0.140625;0.703125;0.828125,3,True,0.140625;0.703125;0.828125,3,True,0.140625;0.703125;0.828125,True,True,3,0
6753,5,age,100103,100102,32,1,False,0.296875,1,False,0.296875,1,False,0.296875,True,False,1,0
6754,5,age,100103,100104,32,3,True,0.140625;0.703125;0.828125,3,True,0.140625;0.703125;0.828125,3,True,0.140625;0.703125;0.828125,True,True,3,0
6755,5,age,100166,100165,32,1,False,0.296875,1,False,0.296875,1,False,0.296875,True,False,1,0
6756,5,age,100166,100167,32,3,True,0.140625;0.703125;0.828125,3,True,0.140625;0.703125;0.828125,3,True,0.140625;0.703125;0.828125,True,True,3,0
6757,5,age,100220,100219,32,3,True,0.109375;0.296875;0.921875,3,True,0.109375;0.296875;0.921875,3,True,0.109375;0.296875;0.921875,True,True,3,0
6758,5,age,100220,100221,32,1,False,0.078125,1,False,0.078125,1,False,0.078125,True,False,1,0
6759,5,age,100227,100226,32,1,False,0.984375,1,False,0.984375,1,False,0.984375,True,False,1,0
6760,5,age,100227,100228,32,1,False,0.765625,1,False,0.765625,1,False,0.765625,True,False,1,0
6761,5,age,100229,100228,32,1,False,0.296875,1,False,0.296875,1,False,0.296875,True,False,1,0
6762,5,age,100229,100230,32,3,True,0.140625;0.703125;0.828125,3,True,0.140625;0.703125;0.828125,3,True,0.140625;0.703125;0.828125,True,True,3,0
6763,5,age,100292,100291,32,1,False,0.296875,1,False,0.296875,1,False,0.296875,True,False,1,0
6764,5,age,100292,100293,32,3,True,0.140625;0.703125;0.828125,3,True,0.140625;0.703125;0.828125,3,True,0.140625;0.703125;0.828125,True,True,3,0
6765,5,age,100355,100354,32,1,False,0.296875,1,False,0.296875,1,False,0.296875,True,False,1,0
6766,5,age,100355,100356,32,3,True,0.140625;0.703125;0.828125,3,True,0.140625;0.703125;0.828125,3,True,0.140625;0.703125;0.828125,True,True,3,0
6767,5,age,100416,100415,32,1,False,0.296875,1,False,0.296875,1,False,0.296875,True,False,1,0
6768,5,age,100416,100417,32,3,True,0.078125;0.703125;0.765625,3,True,0.078125;0.703125;0.765625,3,True,0.078125;0.703125;0.765625,True,True,3,0
6769,5,age,100418,100417,32,1,False,0.296875,1,False,0.296875,1,False,0.296875,True,False,1,0
6770,5,age,100418,100419,32,3,True,0.140625;0.703125;0.828125,3,True,0.140625;0.703125;0.828125,3,True,0.140625;0.703125;0.828125,True,True,3,0
6771,5,age,100479,100478,32,1,False,0.296875,1,False,0.296875,1,False,0.296875,True,False,1,0
6772,5,age,100479,100480,32,3,True,0.078125;0.703125;0.984375,3,True,0.078125;0.703125;0.984375,3,True,0.078125;0.703125;0.984375,True,True,3,0
6773,5,age,100481,100480,32,1,False,0.296875,1,False,0.296875,1,False,0.296875,True,False,1,0
6774,5,age,100481,100482,32,3,True,0.140625;0.703125;0.828125,3,True,0.140625;0.703125;0.828125,3,True,0.140625;0.703125;0.828125,True,True,3,0
6775,5,age,100535,100534,32,3,True,0.109375;0.296875;0.921875,3,True,0.109375;0.296875;0.921875,3,True,0.109375;0.296875;0.921875,True,True,3,0
6776,5,age,100535,100536,32,1,False,0.078125,1,False,0.078125,1,False,0.078125,True,False,1,0
6777,5,age,100542,100541,32,1,False,0.984375,1,False,0.984375,1,False,0.984375,True,False,1,0
6778,5,age,100542,100543,32,1,False,0.765625,1,False,0.765625,1,False,0.765625,True,False,1,0
6779,5,age,100544,100543,32,1,False,0.296875,1,False,0.296875,1,False,0.296875,True,False,1,0
6780,5,age,100544,100545,32,3,True,0.140625;0.703125;0.828125,3,True,0.140625;0.703125;0.828125,3,True,0.140625;0.703125;0.828125,True,True,3,0
6781,5,age,100607,100606,32,1,False,0.296875,1,False,0.296875,1,False,0.296875,True,False,1,0
6782,5,age,100607,100608,32,3,True,0.140625;0.703125;0.828125,3,True,0.140625;0.703125;0.828125,3,True,0.140625;0.703125;0.828125,True,True,3,0
6783,5,age,100670,100669,32,1,False,0.296875,1,False,0.296875,1,False,0.296875,True,False,1,0
6784,5,age,100670,100671,32,3,True,0.140625;0.703125;0.828125,3,True,0.140625;0.703125;0.828125,3,True,0.140625;0.703125;0.828125,True,True,3,0
6785,5,age,100731,100730,32,1,False,0.296875,1,False,0.296875,1,False,0.296875,True,False,1,0
6786,5,age,100731,100732,32,3,True,0.078125;0.703125;0.765625,3,True,0.078125;0.703125;0.765625,3,True,0.078125;0.703125;0.765625,True,True,3,0
6787,5,age,100733,100732,32,1,False,0.296875,1,False,0.296875,1,False,0.296875,True,False,1,0
6788,5,age,100733,100734,32,3,True,0.140625;0.703125;0.828125,3,True,0.140625;0.703125;0.828125,3,True,0.140625;0.703125;0.828125,True,True,3,0
6789,5,age,100794,100793,32,1,False,0.296875,1,False,0.296875,1,False,0.296875,True,False,1,0
6790,5,age,100794,100795,32,3,True,0.078125;0.703125;0.984375,3,True,0.078125;0.703125;0.984375,3,True,0.078125;0.703125;0.984375,True,True,3,0
6791,5,age,100796,100795,32,1,False,0.296875,1,False,0.296875,1,False,0.296875,True,False,1,0
6792,5,age,100796,100797,32,3,True,0.140625;0.703125;0.828125,3,True,0.140625;0.703125;0.828125,3,True,0.140625;0.703125;0.828125,True,True,3,0
6793,5,age,101795,101794,32,3,True,0.109375;0.296875;0.921875,3,True,0.109375;0.296875;0.921875,3,True,0.109375;0.296875;0.921875,True,True,3,0
6794,5,age,101795,101796,32,1,False,0.078125,1,False,0.078125,1,False,0.078125,True,False,1,0
6795,5,age,101802,101801,32,1,False,0.984375,1,False,0.984375,1,False,0.984375,True,False,1,0
6796,5,age,101802,101803,32,1,False,0.765625,1,False,0.765625,1,False,0.765625,True,False,1,0
6797,5,age,101804,101803,32,1,False,0.296875,1,False,0.296875,1,False,0.296875,True,False,1,0
6798,5,age,101804,101805,32,3,True,0.140625;0.703125;0.828125,3,True,0.140625;0.703125;0.828125,3,True,0.140625;0.703125;0.828125,True,True,3,0
6799,5,age,101867,101866,32,1,False,0.296875,1,False,0.296875,1,False,0.296875,True,False,1,0
6800,5,age,101867,101868,32,3,True,0.140625;0.703125;0.828125,3,True,0.140625;0.703125;0.828125,3,True,0.140625;0.703125;0.828125,True,True,3,0
6801,5,age,101930,101929,32,1,False,0.296875,1,False,0.296875,1,False,0.296875,True,False,1,0
6802,5,age,101930,101931,32,3,True,0.140625;0.703125;0.828125,3,True,0.140625;0.703125;0.828125,3,True,0.140625;0.703125;0.828125,True,True,3,0
6803,5,age,101991,101990,32,1,False,0.296875,1,False,0.296875,1,False,0.296875,True,False,1,0
6804,5,age,101991,101992,32,3,True,0.078125;0.703125;0.765625,3,True,0.078125;0.703125;0.765625,3,True,0.078125;0.703125;0.765625,True,True,3,0
6805,5,age,101993,101992,32,1,False,0.296875,1,False,0.296875,1,False,0.296875,True,False,1,0
6806,5,age,101993,101994,32,3,True,0.140625;0.703125;0.828125,3,True,0.140625;0.703125;0.828125,3,True,0.140625;0.703125;0.828125,True,True,3,0
6807,5,age,102054,102053,32,1,False,0.296875,1,False,0.296875,1,False,0.296875,True,False,1,0
6808,5,age,102054,102055,32,3,True,0.078125;0.703125;0.984375,3,True,0.078125;0.703125;0.984375,3,True,0.078125;0.703125;0.984375,True,True,3,0
6809,5,age,102056,102055,32,1,False,0.296875,1,False,0.296875,1,False,0.296875,True,False,1,0
6810,5,age,102056,102057,32,3,True,0.140625;0.703125;0.828125,3,True,0.140625;0.703125;0.828125,3,True,0.140625;0.703125;0.828125,True,True,3,0
6811,5,age,102110,102109,32,3,True,0.109375;0.296875;0.921875,3,True,0.109375;0.296875;0.921875,3,True,0.109375;0.296875;0.921875,True,True,3,0
6812,5,age,102110,102111,32,1,False,0.078125,1,False,0.078125,1,False,0.078125,True,False,1,0
6813,5,age,102117,102116,32,1,False,0.984375,1,False,0.984375,1,False,0.984375,True,False,1,0
6814,5,age,102117,102118,32,1,False,0.765625,1,False,0.765625,1,False,0.765625,True,False,1,0
6815,5,age,102119,102118,32,1,False,0.296875,1,False,0.296875,1,False,0.296875,True,False,1,0
6816,5,age,102119,102120,32,3,True,0.140625;0.703125;0.828125,3,True,0.140625;0.703125;0.828125,3,True,0.140625;0.703125;0.828125,True,True,3,0
6817,5,age,102182,102181,32,1,False,0.296875,1,False,0.296875,1,False,0.296875,True,False,1,0
6818,5,age,102182,102183,32,3,True,0.140625;0.703125;0.828125,3,True,0.140625;0.703125;0.828125,3,True,0.140625;0.703125;0.828125,True,True,3,0
6819,5,age,102245,102244,32,1,False,0.296875,1,False,0.296875,1,False,0.296875,True,False,1,0
6820,5,age,102245,102246,32,3,True,0.140625;0.703125;0.828125,3,True,0.140625;0.703125;0.828125,3,True,0.140625;0.703125;0.828125,True,True,3,0
6821,5,age,102306,102305,32,1,False,0.296875,1,False,0.296875,1,False,0.296875,True,False,1,0
6822,5,age,102306,102307,32,3,True,0.078125;0.703125;0.765625,3,True,0.078125;0.703125;0.765625,3,True,0.078125;0.703125;0.765625,True,True,3,0
6823,5,age,102308,102307,32,1,False,0.296875,1,False,0.296875,1,False,0.296875,True,False,1,0
6824,5,age,102308,102309,32,3,True,0.140625;0.703125;0.828125,3,True,0.140625;0.703125;0.828125,3,True,0.140625;0.703125;0.828125,True,True,3,0
6825,5,age,102369,102368,32,1,False,0.296875,1,False,0.296875,1,False,0.296875,True,False,1,0
6826,5,age,102369,102370,32,3,True,0.078125;0.703125;0.984375,3,True,0.078125;0.703125;0.984375,3,True,0.078125;0.703125;0.984375,True,True,3,0
6827,5,age,102371,102370,32,1,False,0.296875,1,False,0.296875,1,False,0.296875,True,False,1,0
6828,5,age,102371,102372,32,3,True,0.140625;0.703125;0.828125,3,True,0.140625;0.703125;0.828125,3,True,0.140625;0.703125;0.828125,True,True,3,0
6829,5,age,104196,104195,32,1,False,0.296875,1,False,0.296875,1,False,0.296875,True,False,1,0
6830,5,age,104196,104197,32,3,True,0.078125;0.703125;0.765625,3,True,0.078125;0.703125;0.765625,3,True,0.078125;0.703125;0.765625,True,True,3,0
6831,5,age,104259,104258,32,1,False,0.296875,1,False,0.296875,1,False,0.296875,True,False,1,0
6832,5,age,104259,104260,32,3,True,0.078125;0.703125;0.984375,3,True,0.078125;0.703125;0.984375,3,True,0.078125;0.703125;0.984375,True,True,3,0
6833,5,age,104511,104510,32,1,False,0.296875,1,False,0.296875,1,False,0.296875,True,False,1,0
6834,5,age,104511,104512,32,3,True,0.078125;0.703125;0.765625,3,True,0.078125;0.703125;0.765625,3,True,0.078125;0.703125;0.765625,True,True,3,0
6835,5,age,104574,104573,32,1,False,0.296875,1,False,0.296875,1,False,0.296875,True,False,1,0
6836,5,age,104574,104575,32,3,True,0.078125;0.703125;0.984375,3,True,0.078125;0.703125;0.984375,3,True,0.078125;0.703125;0.984375,True,True,3,0
6837,5,age,104826,104825,32,1,False,0.296875,1,False,0.296875,1,False,0.296875,True,False,1,0
6838,5,age,104826,104827,32,3,True,0.078125;0.703125;0.765625,3,True,0.078125;0.703125;0.765625,3,True,0.078125;0.703125;0.765625,True,True,3,0
6839,5,age,104889,104888,32,1,False,0.296875,1,False,0.296875,1,False,0.296875,True,False,1,0
6840,5,age,104889,104890,32,3,True,0.078125;0.703125;0.984375,3,True,0.078125;0.703125;0.984375,3,True,0.078125;0.703125;0.984375,True,True,3,0
6841,5,age,105141,105140,32,1,False,0.296875,1,False,0.296875,1,False,0.296875,True,False,1,0
6842,5,age,105141,105142,32,3,True,0.078125;0.703125;0.765625,3,True,0.078125;0.703125;0.765625,3,True,0.078125;0.703125;0.765625,True,True,3,0
6843,5,age,105204,105203,32,1,False,0.296875,1,False,0.296875,1,False,0.296875,True,False,1,0
6844,5,age,105204,105205,32,3,True,0.078125;0.703125;0.984375,3,True,0.078125;0.703125;0.984375,3,True,0.078125;0.703125;0.984375,True,True,3,0
6845,5,age,105456,105455,32,1,False,0.296875,1,False,0.296875,1,False,0.296875,True,False,1,0
6846,5,age,105456,105457,32,3,True,0.078125;0.703125;0.765625,3,True,0.078125;0.703125;0.765625,3,True,0.078125;0.703125;0.765625,True,True,3,0
6847,5,age,105519,105518,32,1,False,0.296875,1,False,0.296875,1,False,0.296875,True,False,1,0
6848,5,age,105519,105520,32,3,True,0.078125;0.703125;0.984375,3,True,0.078125;0.703125;0.984375,3,True,0.078125;0.703125;0.984375,True,True,3,0
6849,5,age,105575,105574,32,3,True,0.109375;0.296875;0.921875,3,True,0.109375;0.296875;0.921875,3,True,0.109375;0.296875;0.921875,True,True,3,0
6850,5,age,105575,105576,32,1,False,0.078125,1,False,0.078125,1,False,0.078125,True,False,1,0
6851,5,age,105582,105581,32,1,False,0.984375,1,False,0.984375,1,False,0.984375,True,False,1,0
6852,5,age,105582,105583,32,1,False,0.765625,1,False,0.765625,1,False,0.765625,True,False,1,0
6853,5,age,105584,105583,32,1,False,0.296875,1,False,0.296875,1,False,0.296875,True,False,1,0
6854,5,age,105584,105585,32,3,True,0.140625;0.703125;0.828125,3,True,0.140625;0.703125;0.828125,3,True,0.140625;0.703125;0.828125,True,True,3,0
6855,5,age,105647,105646,32,1,False,0.296875,1,False,0.296875,1,False,0.296875,True,False,1,0
6856,5,age,105647,105648,32,3,True,0.140625;0.703125;0.828125,3,True,0.140625;0.703125;0.828125,3,True,0.140625;0.703125;0.828125,True,True,3,0
6857,5,age,105710,105709,32,1,False,0.296875,1,False,0.296875,1,False,0.296875,True,False,1,0
6858,5,age,105710,105711,32,3,True,0.140625;0.703125;0.828125,3,True,0.140625;0.703125;0.828125,3,True,0.140625;0.703125;0.828125,True,True,3,0
6859,5,age,105771,105770,32,1,False,0.296875,1,False,0.296875,1,False,0.296875,True,False,1,0
6860,5,age,105771,105772,32,3,True,0.078125;0.703125;0.765625,3,True,0.078125;0.703125;0.765625,3,True,0.078125;0.703125;0.765625,True,True,3,0
6861,5,age,105773,105772,32,1,False,0.296875,1,False,0.296875,1,False,0.296875,True,False,1,0
6862,5,age,105773,105774,32,3,True,0.140625;0.703125;0.828125,3,True,0.140625;0.703125;0.828125,3,True,0.140625;0.703125;0.828125,True,True,3,0
6863,5,age,105834,105833,32,1,False,0.296875,1,False,0.296875,1,False,0.296875,True,False,1,0
6864,5,age,105834,105835,32,3,True,0.078125;0.703125;0.984375,3,True,0.078125;0.703125;0.984375,3,True,0.078125;0.703125;0.984375,True,True,3,0
6865,5,age,105836,105835,32,1,False,0.296875,1,False,0.296875,1,False,0.296875,True,False,1,0
6866,5,age,105836,105837,32,3,True,0.140625;0.703125;0.828125,3,True,0.140625;0.703125;0.828125,3,True,0.140625;0.703125;0.828125,True,True,3,0
6867,5,age,105890,105889,32,3,True,0.109375;0.296875;0.921875,3,True,0.109375;0.296875;0.921875,3,True,0.109375;0.296875;0.921875,True,True,3,0
6868,5,age,105890,105891,32,1,False,0.078125,1,False,0.078125,1,False,0.078125,True,False,1,0
6869,5,age,105897,105896,32,1,False,0.984375,1,False,0.984375,1,False,0.984375,True,False,1,0
6870,5,age,105897,105898,32,1,False,0.765625,1,False,0.765625,1,False,0.765625,True,False,1,0
6871,5,age,105899,105898,32,1,False,0.296875,1,False,0.296875,1,False,0.296875,True,False,1,0
6872,5,age,105899,105900,32,3,True,0.140625;0.703125;0.828125,3,True,0.140625;0.703125;0.828125,3,True,0.140625;0.703125;0.828125,True,True,3,0
6873,5,age,105962,105961,32,1,False,0.296875,1,False,0.296875,1,False,0.296875,True,False,1,0
6874,5,age,105962,105963,32,3,True,0.140625;0.703125;0.828125,3,True,0.140625;0.703125;0.828125,3,True,0.140625;0.703125;0.828125,True,True,3,0
6875,5,age,106025,106024,32,1,False,0.296875,1,False,0.296875,1,False,0.296875,True,False,1,0
6876,5,age,106025,106026,32,3,True,0.140625;0.703125;0.828125,3,True,0.140625;0.703125;0.828125,3,True,0.140625;0.703125;0.828125,True,True,3,0
6877,5,age,106086,106085,32,1,False,0.296875,1,False,0.296875,1,False,0.296875,True,False,1,0
6878,5,age,106086,106087,32,3,True,0.078125;0.703125;0.765625,3,True,0.078125;0.703125;0.765625,3,True,0.078125;0.703125;0.765625,True,True,3,0
6879,5,age,106088,106087,32,1,False,0.296875,1,False,0.296875,1,False,0.296875,True,False,1,0
6880,5,age,106088,106089,32,3,True,0.140625;0.703125;0.828125,3,True,0.140625;0.703125;0.828125,3,True,0.140625;0.703125;0.828125,True,True,3,0
6881,5,age,106149,106148,32,1,False,0.296875,1,False,0.296875,1,False,0.296875,True,False,1,0
6882,5,age,106149,106150,32,3,True,0.078125;0.703125;0.984375,3,True,0.078125;0.703125;0.984375,3,True,0.078125;0.703125;0.984375,True,True,3,0
6883,5,age,106151,106150,32,1,False,0.296875,1,False,0.296875,1,False,0.296875,True,False,1,0
6884,5,age,106151,106152,32,3,True,0.140625;0.703125;0.828125,3,True,0.140625;0.703125;0.828125,3,True,0.140625;0.703125;0.828125,True,True,3,0
6885,5,age,106205,106204,32,3,True,0.109375;0.296875;0.921875,3,True,0.109375;0.296875;0.921875,3,True,0.109375;0.296875;0.921875,True,True,3,0
6886,5,age,106205,106206,32,1,False,0.078125,1,False,0.078125,1,False,0.078125,True,False,1,0
6887,5,age,106212,106211,32,1,False,0.984375,1,False,0.984375,1,False,0.984375,True,False,1,0
6888,5,age,106212,106213,32,1,False,0.765625,1,False,0.765625,1,False,0.765625,True,False,1,0
6889,5,age,106214,106213,32,1,False,0.296875,1,False,0.296875,1,False,0.296875,True,False,1,0
6890,5,age,106214,106215,32,3,True,0.140625;0.703125;0.828125,3,True,0.140625;0.703125;0.828125,3,True,0.140625;0.703125;0.828125,True,True,3,0
6891,5,age,106277,106276,32,1,False,0.296875,1,False,0.296875,1,False,0.296875,True,False,1,0
6892,5,age,106277,106278,32,3,True,0.140625;0.703125;0.828125,3,True,0.140625;0.703125;0.828125,3,True,0.140625;0.703125;0.828125,True,True,3,0
6893,5,age,106340,106339,32,1,False,0.296875,1,False,0.296875,1,False,0.296875,True,False,1,0
6894,5,age,106340,106341,32,3,True,0.140625;0.703125;0.828125,3,True,0.140625;0.703125;0.828125,3,True,0.140625;0.703125;0.828125,True,True,3,0
6895,5,age,106401,106400,32,1,False,0.296875,1,False,0.296875,1,False,0.296875,True,False,1,0
6896,5,age,106401,106402,32,3,True,0.078125;0.703125;0.765625,3,True,0.078125;0.703125;0.765625,3,True,0.078125;0.703125;0.765625,True,True,3,0
6897,5,age,106403,106402,32,1,False,0.296875,1,False,0.296875,1,False,0.296875,True,False,1,0
6898,5,age,106403,106404,32,3,True,0.140625;0.703125;0.828125,3,True,0.140625;0.703125;0.828125,3,True,0.140625;0.703125;0.828125,True,True,3,0
6899,5,age,106464,106463,32,1,False,0.296875,1,False,0.296875,1,False,0.296875,True,False,1,0
6900,5,age,106464,106465,32,3,True,0.078125;0.703125;0.984375,3,True,0.078125;0.703125;0.984375,3,True,0.078125;0.703125;0.984375,True,True,3,0
6901,5,age,106466,106465,32,1,False,0.296875,1,False,0.296875,1,False,0.296875,True,False,1,0
6902,5,age,106466,106467,32,3,True,0.140625;0.703125;0.828125,3,True,0.140625;0.703125;0.828125,3,True,0.140625;0.703125;0.828125,True,True,3,0
6903,5,age,106520,106519,32,3,True,0.109375;0.296875;0.921875,3,True,0.109375;0.296875;0.921875,3,True,0.109375;0.296875;0.921875,True,True,3,0
6904,5,age,106520,106521,32,1,False,0.078125,1,False,0.078125,1,False,0.078125,True,False,1,0
6905,5,age,106527,106526,32,1,False,0.984375,1,False,0.984375,1,False,0.984375,True,False,1,0
6906,5,age,106527,106528,32,1,False,0.765625,1,False,0.765625,1,False,0.765625,True,False,1,0
6907,5,age,106529,106528,32,1,False,0.296875,1,False,0.296875,1,False,0.296875,True,False,1,0
6908,5,age,106529,106530,32,3,True,0.140625;0.703125;0.828125,3,True,0.140625;0.703125;0.828125,3,True,0.140625;0.703125;0.828125,True,True,3,0
6909,5,age,106592,106591,32,1,False,0.296875,1,False,0.296875,1,False,0.296875,True,False,1,0
6910,5,age,106592,106593,32,3,True,0.140625;0.703125;0.828125,3,True,0.140625;0.703125;0.828125,3,True,0.140625;0.703125;0.828125,True,True,3,0
6911,5,age,106655,106654,32,1,False,0.296875,1,False,0.296875,1,False,0.296875,True,False,1,0
6912,5,age,106655,106656,32,3,True,0.140625;0.703125;0.828125,3,True,0.140625;0.703125;0.828125,3,True,0.140625;0.703125;0.828125,True,True,3,0
6913,5,age,106716,106715,32,1,False,0.296875,1,False,0.296875,1,False,0.296875,True,False,1,0
6914,5,age,106716,106717,32,3,True,0.078125;0.703125;0.765625,3,True,0.078125;0.703125;0.765625,3,True,0.078125;0.703125;0.765625,True,True,3,0
6915,5,age,106718,106717,32,1,False,0.296875,1,False,0.296875,1,False,0.296875,True,False,1,0
6916,5,age,106718,106719,32,3,True,0.140625;0.703125;0.828125,3,True,0.140625;0.703125;0.828125,3,True,0.140625;0.703125;0.828125,True,True,3,0
6917,5,age,106779,106778,32,1,False,0.296875,1,False,0.296875,1,False,0.296875,True,False,1,0
6918,5,age,106779,106780,32,3,True,0.078125;0.703125;0.984375,3,True,0.078125;0.703125;0.984375,3,True,0.078125;0.703125;0.984375,True,True,3,0
6919,5,age,106781,106780,32,1,False,0.296875,1,False,0.296875,1,False,0.296875,True,False,1,0
6920,5,age,106781,106782,32,3,True,0.140625;0.703125;0.828125,3,True,0.140625;0.703125;0.828125,3,True,0.140625;0.703125;0.828125,True,True,3,0
6921,5,age,106835,106834,32,3,True,0.109375;0.296875;0.921875,3,True,0.109375;0.296875;0.921875,3,True,0.109375;0.296875;0.921875,True,True,3,0
6922,5,age,106835,106836,32,1,False,0.078125,1,False,0.078125,1,False,0.078125,True,False,1,0
6923,5,age,106842,106841,32,1,False,0.984375,1,False,0.984375,1,False,0.984375,True,False,1,0
6924,5,age,106842,106843,32,1,False,0.765625,1,False,0.765625,1,False,0.765625,True,False,1,0
6925,5,age,106844,106843,32,1,False,0.296875,1,False,0.296875,1,False,0.296875,True,False,1,0
6926,5,age,106844,106845,32,3,True,0.140625;0.703125;0.828125,3,True,0.140625;0.703125;0.828125,3,True,0.140625;0.703125;0.828125,True,True,3,0
6927,5,age,106907,106906,32,1,False,0.296875,1,False,0.296875,1,False,0.296875,True,False,1,0
6928,5,age,106907,106908,32,3,True,0.140625;0.703125;0.828125,3,True,0.140625;0.703125;0.828125,3,True,0.140625;0.703125;0.828125,True,True,3,0
6929,5,age,106970,106969,32,1,False,0.296875,1,False,0.296875,1,False,0.296875,True,False,1,0
6930,5,age,106970,106971,32,3,True,0.140625;0.703125;0.828125,3,True,0.140625;0.703125;0.828125,3,True,0.140625;0.703125;0.828125,True,True,3,0
6931,5,age,107031,107030,32,1,False,0.296875,1,False,0.296875,1,False,0.296875,True,False,1,0
6932,5,age,107031,107032,32,3,True,0.078125;0.703125;0.765625,3,True,0.078125;0.703125;0.765625,3,True,0.078125;0.703125;0.765625,True,True,3,0
6933,5,age,107033,107032,32,1,False,0.296875,1,False,0.296875,1,False,0.296875,True,False,1,0
6934,5,age,107033,107034,32,3,True,0.140625;0.703125;0.828125,3,True,0.140625;0.703125;0.828125,3,True,0.140625;0.703125;0.828125,True,True,3,0
6935,5,age,107094,107093,32,1,False,0.296875,1,False,0.296875,1,False,0.296875,True,False,1,0
6936,5,age,107094,107095,32,3,True,0.078125;0.703125;0.984375,3,True,0.078125;0.703125;0.984375,3,True,0.078125;0.703125;0.984375,True,True,3,0
6937,5,age,107096,107095,32,1,False,0.296875,1,False,0.296875,1,False,0.296875,True,False,1,0
6938,5,age,107096,107097,32,3,True,0.140625;0.703125;0.828125,3,True,0.140625;0.703125;0.828125,3,True,0.140625;0.703125;0.828125,True,True,3,0
6939,5,age,107150,107149,32,3,True,0.109375;0.296875;0.921875,3,True,0.109375;0.296875;0.921875,3,True,0.109375;0.296875;0.921875,True,True,3,0
6940,5,age,107150,107151,32,1,False,0.078125,1,False,0.078125,1,False,0.078125,True,False,1,0
6941,5,age,107157,107156,32,1,False,0.984375,1,False,0.984375,1,False,0.984375,True,False,1,0
6942,5,age,107157,107158,32,1,False,0.765625,1,False,0.765625,1,False,0.765625,True,False,1,0
6943,5,age,107159,107158,32,1,False,0.296875,1,False,0.296875,1,False,0.296875,True,False,1,0
6944,5,age,107159,107160,32,3,True,0.140625;0.703125;0.828125,3,True,0.140625;0.703125;0.828125,3,True,0.140625;0.703125;0.828125,True,True,3,0
6945,5,age,107222,107221,32,1,False,0.296875,1,False,0.296875,1,False,0.296875,True,False,1,0
6946,5,age,107222,107223,32,3,True,0.140625;0.703125;0.828125,3,True,0.140625;0.703125;0.828125,3,True,0.140625;0.703125;0.828125,True,True,3,0
6947,5,age,107285,107284,32,1,False,0.296875,1,False,0.296875,1,False,0.296875,True,False,1,0
6948,5,age,107285,107286,32,3,True,0.140625;0.703125;0.828125,3,True,0.140625;0.703125;0.828125,3,True,0.140625;0.703125;0.828125,True,True,3,0
6949,5,age,107346,107345,32,1,False,0.296875,1,False,0.296875,1,False,0.296875,True,False,1,0
6950,5,age,107346,107347,32,3,True,0.078125;0.703125;0.765625,3,True,0.078125;0.703125;0.765625,3,True,0.078125;0.703125;0.765625,True,True,3,0
6951,5,age,107348,107347,32,1,False,0.296875,1,False,0.296875,1,False,0.296875,True,False,1,0
6952,5,age,107348,107349,32,3,True,0.140625;0.703125;0.828125,3,True,0.140625;0.703125;0.828125,3,True,0.140625;0.703125;0.828125,True,True,3,0
6953,5,age,107409,107408,32,1,False,0.296875,1,False,0.296875,1,False,0.296875,True,False,1,0
6954,5,age,107409,107410,32,3,True,0.078125;0.703125;0.984375,3,True,0.078125;0.703125;0.984375,3,True,0.078125;0.703125;0.984375,True,True,3,0
6955,5,age,107411,107410,32,1,False,0.296875,1,False,0.296875,1,False,0.296875,True,False,1,0
6956,5,age,107411,107412,32,3,True,0.140625;0.703125;0.828125,3,True,0.140625;0.703125;0.828125,3,True,0.140625;0.703125;0.828125,True,True,3,0
6957,5,age,107465,107464,32,3,True,0.109375;0.296875;0.921875,3,True,0.109375;0.296875;0.921875,3,True,0.109375;0.296875;0.921875,True,True,3,0
6958,5,age,107465,107466,32,1,False,0.078125,1,False,0.078125,1,False,0.078125,True,False,1,0
6959,5,age,107472,107471,32,1,False,0.984375,1,False,0.984375,1,False,0.984375,True,False,1,0
6960,5,age,107472,107473,32,1,False,0.765625,1,False,0.765625,1,False,0.765625,True,False,1,0
6961,5,age,107474,107473,32,1,False,0.296875,1,False,0.296875,1,False,0.296875,True,False,1,0
6962,5,age,107474,107475,32,3,True,0.140625;0.703125;0.828125,3,True,0.140625;0.703125;0.828125,3,True,0.140625;0.703125;0.828125,True,True,3,0
6963,5,age,107537,107536,32,1,False,0.296875,1,False,0.296875,1,False,0.296875,True,False,1,0
6964,5,age,107537,107538,32,3,True,0.140625;0.703125;0.828125,3,True,0.140625;0.703125;0.828125,3,True,0.140625;0.703125;0.828125,True,True,3,0
6965,5,age,107600,107599,32,1,False,0.296875,1,False,0.296875,1,False,0.296875,True,False,1,0
6966,5,age,107600,107601,32,3,True,0.140625;0.703125;0.828125,3,True,0.140625;0.703125;0.828125,3,True,0.140625;0.703125;0.828125,True,True,3,0
6967,5,age,107661,107660,32,1,False,0.296875,1,False,0.296875,1,False,0.296875,True,False,1,0
6968,5,age,107661,107662,32,3,True,0.078125;0.703125;0.765625,3,True,0.078125;0.703125;0.765625,3,True,0.078125;0.703125;0.765625,True,True,3,0
6969,5,age,107663,107662,32,1,False,0.296875,1,False,0.296875,1,False,0.296875,True,False,1,0
6970,5,age,107663,107664,32,3,True,0.140625;0.703125;0.828125,3,True,0.140625;0.703125;0.828125,3,True,0.140625;0.703125;0.828125,True,True,3,0
6971,5,age,107724,107723,32,1,False,0.296875,1,False,0.296875,1,False,0.296875,True,False,1,0
6972,5,age,107724,107725,32,3,True,0.078125;0.703125;0.984375,3,True,0.078125;0.703125;0.984375,3,True,0.078125;0.703125;0.984375,True,True,3,0
6973,5,age,107726,107725,32,1,False,0.296875,1,False,0.296875,1,False,0.296875,True,False,1,0
6974,5,age,107726,107727,32,3,True,0.140625;0.703125;0.828125,3,True,0.140625;0.703125;0.828125,3,True,0.140625;0.703125;0.828125,True,True,3,0
6975,5,age,107780,107779,32,3,True,0.109375;0.296875;0.921875,3,True,0.109375;0.296875;0.921875,3,True,0.109375;0.296875;0.921875,True,True,3,0
6976,5,age,107780,107781,32,1,False,0.078125,1,False,0.078125,1,False,0.078125,True,False,1,0
6977,5,age,107787,107786,32,1,False,0.984375,1,False,0.984375,1,False,0.984375,True,False,1,0
6978,5,age,107787,107788,32,1,False,0.765625,1,False,0.765625,1,False,0.765625,True,False,1,0
6979,5,age,107789,107788,32,1,False,0.296875,1,False,0.296875,1,False,0.296875,True,False,1,0
6980,5,age,107789,107790,32,3,True,0.140625;0.703125;0.828125,3,True,0.140625;0.703125;0.828125,3,True,0.140625;0.703125;0.828125,True,True,3,0
6981,5,age,107852,107851,32,1,False,0.296875,1,False,0.296875,1,False,0.296875,True,False,1,0
6982,5,age,107852,107853,32,3,True,0.140625;0.703125;0.828125,3,True,0.140625;0.703125;0.828125,3,True,0.140625;0.703125;0.828125,True,True,3,0
6983,5,age,107915,107914,32,1,False,0.296875,1,False,0.296875,1,False,0.296875,True,False,1,0
6984,5,age,107915,107916,32,3,True,0.140625;0.703125;0.828125,3,True,0.140625;0.703125;0.828125,3,True,0.140625;0.703125;0.828125,True,True,3,0
6985,5,age,107976,107975,32,1,False,0.296875,1,False,0.296875,1,False,0.296875,True,False,1,0
6986,5,age,107976,107977,32,3,True,0.078125;0.703125;0.765625,3,True,0.078125;0.703125;0.765625,3,True,0.078125;0.703125;0.765625,True,True,3,0
6987,5,age,107978,107977,32,1,False,0.296875,1,False,0.296875,1,False,0.296875,True,False,1,0
6988,5,age,107978,107979,32,3,True,0.140625;0.703125;0.828125,3,True,0.140625;0.703125;0.828125,3,True,0.140625;0.703125;0.828125,True,True,3,0
6989,5,age,108039,108038,32,1,False,0.296875,1,False,0.296875,1,False,0.296875,True,False,1,0
6990,5,age,108039,108040,32,3,True,0.078125;0.703125;0.984375,3,True,0.078125;0.703125;0.984375,3,True,0.078125;0.703125;0.984375,True,True,3,0
6991,5,age,108041,108040,32,1,False,0.296875,1,False,0.296875,1,False,0.296875,True,False,1,0
6992,5,age,108041,108042,32,3,True,0.140625;0.703125;0.828125,3,True,0.140625;0.703125;0.828125,3,True,0.140625;0.703125;0.828125,True,True,3,0
6993,5,age,108095,108094,32,3,True,0.109375;0.296875;0.921875,3,True,0.109375;0.296875;0.921875,3,True,0.109375;0.296875;0.921875,True,True,3,0
6994,5,age,108095,108096,32,1,False,0.078125,1,False,0.078125,1,False,0.078125,True,False,1,0
6995,5,age,108102,108101,32,1,False,0.984375,1,False,0.984375,1,False,0.984375,True,False,1,0
6996,5,age,108102,108103,32,1,False,0.765625,1,False,0.765625,1,False,0.765625,True,False,1,0
6997,5,age,108104,108103,32,1,False,0.296875,1,False,0.296875,1,False,0.296875,True,False,1,0
6998,5,age,108104,108105,32,3,True,0.140625;0.703125;0.828125,3,True,0.140625;0.703125;0.828125,3,True,0.140625;0.703125;0.828125,True,True,3,0
6999,5,age,108167,108166,32,1,False,0.296875,1,False,0.296875,1,False,0.296875,True,False,1,0
7000,5,age,108167,108168,32,3,True,0.140625;0.703125;0.828125,3,True,0.140625;0.703125;0.828125,3,True,0.140625;0.703125;0.828125,True,True,3,0
7001,5,age,108230,108229,32,1,False,0.296875,1,False,0.296875,1,False,0.296875,True,False,1,0
7002,5,age,108230,108231,32,3,True,0.140625;0.703125;0.828125,3,True,0.140625;0.703125;0.828125,3,True,0.140625;0.703125;0.828125,True,True,3,0
7003,5,age,108291,108290,32,1,False,0.296875,1,False,0.296875,1,False,0.296875,True,False,1,0
7004,5,age,108291,108292,32,3,True,0.078125;0.703125;0.765625,3,True,0.078125;0.703125;0.765625,3,True,0.078125;0.703125;0.765625,True,True,3,0
7005,5,age,108293,108292,32,1,False,0.296875,1,False,0.296875,1,False,0.296875,True,False,1,0
7006,5,age,108293,108294,32,3,True,0.140625;0.703125;0.828125,3,True,0.140625;0.703125;0.828125,3,True,0.140625;0.703125;0.828125,True,True,3,0
7007,5,age,108354,108353,32,1,False,0.296875,1,False,0.296875,1,False,0.296875,True,False,1,0
7008,5,age,108354,108355,32,3,True,0.078125;0.703125;0.984375,3,True,0.078125;0.703125;0.984375,3,True,0.078125;0.703125;0.984375,True,True,3,0
7009,5,age,108356,108355,32,1,False,0.296875,1,False,0.296875,1,False,0.296875,True,False,1,0
7010,5,age,108356,108357,32,3,True,0.140625;0.703125;0.828125,3,True,0.140625;0.703125;0.828125,3,True,0.140625;0.703125;0.828125,True,True,3,0
7011,5,age,108410,108409,32,3,True,0.109375;0.296875;0.921875,3,True,0.109375;0.296875;0.921875,3,True,0.109375;0.296875;0.921875,True,True,3,0
7012,5,age,108410,108411,32,1,False,0.078125,1,False,0.078125,1,False,0.078125,True,False,1,0
7013,5,age,108417,108416,32,1,False,0.984375,1,False,0.984375,1,False,0.984375,True,False,1,0
7014,5,age,108417,108418,32,1,False,0.765625,1,False,0.765625,1,False,0.765625,True,False,1,0
7015,5,age,108419,108418,32,1,False,0.296875,1,False,0.296875,1,False,0.296875,True,False,1,0
7016,5,age,108419,108420,32,3,True,0.140625;0.703125;0.828125,3,True,0.140625;0.703125;0.828125,3,True,0.140625;0.703125;0.828125,True,True,3,0
7017,5,age,108482,108481,32,1,False,0.296875,1,False,0.296875,1,False,0.296875,True,False,1,0
7018,5,age,108482,108483,32,3,True,0.140625;0.703125;0.828125,3,True,0.140625;0.703125;0.828125,3,True,0.140625;0.703125;0.828125,True,True,3,0
7019,5,age,108545,108544,32,1,False,0.296875,1,False,0.296875,1,False,0.296875,True,False,1,0
7020,5,age,108545,108546,32,3,True,0.140625;0.703125;0.828125,3,True,0.140625;0.703125;0.828125,3,True,0.140625;0.703125;0.828125,True,True,3,0
7021,5,age,108606,108605,32,1,False,0.296875,1,False,0.296875,1,False,0.296875,True,False,1,0
7022,5,age,108606,108607,32,3,True,0.078125;0.703125;0.765625,3,True,0.078125;0.703125;0.765625,3,True,0.078125;0.703125;0.765625,True,True,3,0
7023,5,age,108608,108607,32,1,False,0.296875,1,False,0.296875,1,False,0.296875,True,False,1,0
7024,5,age,108608,108609,32,3,True,0.140625;0.703125;0.828125,3,True,0.140625;0.703125;0.828125,3,True,0.140625;0.703125;0.828125,True,True,3,0
7025,5,age,108669,108668,32,1,False,0.296875,1,False,0.296875,1,False,0.296875,True,False,1,0
7026,5,age,108669,108670,32,3,True,0.078125;0.703125;0.984375,3,True,0.078125;0.703125;0.984375,3,True,0.078125;0.703125;0.984375,True,True,3,0
7027,5,age,108671,108670,32,1,False,0.296875,1,False,0.296875,1,False,0.296875,True,False,1,0
7028,5,age,108671,108672,32,3,True,0.140625;0.703125;0.828125,3,True,0.140625;0.703125;0.828125,3,True,0.140625;0.703125;0.828125,True,True,3,0
7029,5,age,108725,108724,32,3,True,0.109375;0.296875;0.921875,3,True,0.109375;0.296875;0.921875,3,True,0.109375;0.296875;0.921875,True,True,3,0
7030,5,age,108725,108726,32,1,False,0.078125,1,False,0.078125,1,False,0.078125,True,False,1,0
7031,5,age,108732,108731,32,1,False,0.984375,1,False,0.984375,1,False,0.984375,True,False,1,0
7032,5,age,108732,108733,32,1,False,0.765625,1,False,0.765625,1,False,0.765625,True,False,1,0
7033,5,age,108734,108733,32,1,False,0.296875,1,False,0.296875,1,False,0.296875,True,False,1,0
7034,5,age,108734,108735,32,3,True,0.140625;0.703125;0.828125,3,True,0.140625;0.703125;0.828125,3,True,0.140625;0.703125;0.828125,True,True,3,0
7035,5,age,108797,108796,32,1,False,0.296875,1,False,0.296875,1,False,0.296875,True,False,1,0
7036,5,age,108797,108798,32,3,True,0.140625;0.703125;0.828125,3,True,0.140625;0.703125;0.828125,3,True,0.140625;0.703125;0.828125,True,True,3,0
7037,5,age,108860,108859,32,1,False,0.296875,1,False,0.296875,1,False,0.296875,True,False,1,0
7038,5,age,108860,108861,32,3,True,0.140625;0.703125;0.828125,3,True,0.140625;0.703125;0.828125,3,True,0.140625;0.703125;0.828125,True,True,3,0
7039,5,age,108921,108920,32,1,False,0.296875,1,False,0.296875,1,False,0.296875,True,False,1,0
7040,5,age,108921,108922,32,3,True,0.078125;0.703125;0.765625,3,True,0.078125;0.703125;0.765625,3,True,0.078125;0.703125;0.765625,True,True,3,0
7041,5,age,108923,108922,32,1,False,0.296875,1,False,0.296875,1,False,0.296875,True,False,1,0
7042,5,age,108923,108924,32,3,True,0.140625;0.703125;0.828125,3,True,0.140625;0.703125;0.828125,3,True,0.140625;0.703125;0.828125,True,True,3,0
7043,5,age,108984,108983,32,1,False,0.296875,1,False,0.296875,1,False,0.296875,True,False,1,0
7044,5,age,108984,108985,32,3,True,0.078125;0.703125;0.984375,3,True,0.078125;0.703125;0.984375,3,True,0.078125;0.703125;0.984375,True,True,3,0
7045,5,age,108986,108985,32,1,False,0.296875,1,False,0.296875,1,False,0.296875,True,False,1,0
7046,5,age,108986,108987,32,3,True,0.140625;0.703125;0.828125,3,True,0.140625;0.703125;0.828125,3,True,0.140625;0.703125;0.828125,True,True,3,0
7047,5,age,109040,109039,32,3,True,0.109375;0.296875;0.921875,3,True,0.109375;0.296875;0.921875,3,True,0.109375;0.296875;0.921875,True,True,3,0
7048,5,age,109040,109041,32,1,False,0.078125,1,False,0.078125,1,False,0.078125,True,False,1,0
7049,5,age,109047,109046,32,1,False,0.984375,1,False,0.984375,1,False,0.984375,True,False,1,0
7050,5,age,109047,109048,32,1,False,0.765625,1,False,0.765625,1,False,0.765625,True,False,1,0
7051,5,age,109049,109048,32,1,False,0.296875,1,False,0.296875,1,False,0.296875,True,False,1,0
7052,5,age,109049,109050,32,3,True,0.140625;0.703125;0.828125,3,True,0.140625;0.703125;0.828125,3,True,0.140625;0.703125;0.828125,True,True,3,0
7053,5,age,109112,109111,32,1,False,0.296875,1,False,0.296875,1,False,0.296875,True,False,1,0
7054,5,age,109112,109113,32,3,True,0.140625;0.703125;0.828125,3,True,0.140625;0.703125;0.828125,3,True,0.140625;0.703125;0.828125,True,True,3,0
7055,5,age,109175,109174,32,1,False,0.296875,1,False,0.296875,1,False,0.296875,True,False,1,0
7056,5,age,109175,109176,32,3,True,0.140625;0.703125;0.828125,3,True,0.140625;0.703125;0.828125,3,True,0.140625;0.703125;0.828125,True,True,3,0
7057,5,age,109236,109235,32,1,False,0.296875,1,False,0.296875,1,False,0.296875,True,False,1,0
7058,5,age,109236,109237,32,3,True,0.078125;0.703125;0.765625,3,True,0.078125;0.703125;0.765625,3,True,0.078125;0.703125;0.765625,True,True,3,0
7059,5,age,109238,109237,32,1,False,0.296875,1,False,0.296875,1,False,0.296875,True,False,1,0
7060,5,age,109238,109239,32,3,True,0.140625;0.703125;0.828125,3,True,0.140625;0.703125;0.828125,3,True,0.140625;0.703125;0.828125,True,True,3,0
7061,5,age,109299,109298,32,1,False,0.296875,1,False,0.296875,1,False,0.296875,True,False,1,0
7062,5,age,109299,109300,32,3,True,0.078125;0.703125;0.984375,3,True,0.078125;0.703125;0.984375,3,True,0.078125;0.703125;0.984375,True,True,3,0
7063,5,age,109301,109300,32,1,False,0.296875,1,False,0.296875,1,False,0.296875,True,False,1,0
7064,5,age,109301,109302,32,3,True,0.140625;0.703125;0.828125,3,True,0.140625;0.703125;0.828125,3,True,0.140625;0.703125;0.828125,True,True,3,0
7065,5,age,109355,109354,32,3,True,0.109375;0.296875;0.921875,3,True,0.109375;0.296875;0.921875,3,True,0.109375;0.296875;0.921875,True,True,3,0
7066,5,age,109355,109356,32,1,False,0.078125,1,False,0.078125,1,False,0.078125,True,False,1,0
7067,5,age,109362,109361,32,1,False,0.984375,1,False,0.984375,1,False,0.984375,True,False,1,0
7068,5,age,109362,109363,32,1,False,0.765625,1,False,0.765625,1,False,0.765625,True,False,1,0
7069,5,age,109364,109363,32,1,False,0.296875,1,False,0.296875,1,False,0.296875,True,False,1,0
7070,5,age,109364,109365,32,3,True,0.140625;0.703125;0.828125,3,True,0.140625;0.703125;0.828125,3,True,0.140625;0.703125;0.828125,True,True,3,0
7071,5,age,109427,109426,32,1,False,0.296875,1,False,0.296875,1,False,0.296875,True,False,1,0
7072,5,age,109427,109428,32,3,True,0.140625;0.703125;0.828125,3,True,0.140625;0.703125;0.828125,3,True,0.140625;0.703125;0.828125,True,True,3,0
7073,5,age,109490,109489,32,1,False,0.296875,1,False,0.296875,1,False,0.296875,True,False,1,0
7074,5,age,109490,109491,32,3,True,0.140625;0.703125;0.828125,3,True,0.140625;0.703125;0.828125,3,True,0.140625;0.703125;0.828125,True,True,3,0
7075,5,age,109551,109550,32,1,False,0.296875,1,False,0.296875,1,False,0.296875,True,False,1,0
7076,5,age,109551,109552,32,3,True,0.078125;0.703125;0.765625,3,True,0.078125;0.703125;0.765625,3,True,0.078125;0.703125;0.765625,True,True,3,0
7077,5,age,109553,109552,32,1,False,0.296875,1,False,0.296875,1,False,0.296875,True,False,1,0
7078,5,age,109553,109554,32,3,True,0.140625;0.703125;0.828125,3,True,0.140625;0.703125;0.828125,3,True,0.140625;0.703125;0.828125,True,True,3,0
7079,5,age,109614,109613,32,1,False,0.296875,1,False,0.296875,1,False,0.296875,True,False,1,0
7080,5,age,109614,109615,32,3,True,0.078125;0.703125;0.984375,3,True,0.078125;0.703125;0.984375,3,True,0.078125;0.703125;0.984375,True,True,3,0
7081,5,age,109616,109615,32,1,False,0.296875,1,False,0.296875,1,False,0.296875,True,False,1,0
7082,5,age,109616,109617,32,3,True,0.140625;0.703125;0.828125,3,True,0.140625;0.703125;0.828125,3,True,0.140625;0.703125;0.828125,True,True,3,0
7083,5,age,109670,109669,32,3,True,0.109375;0.296875;0.921875,3,True,0.109375;0.296875;0.921875,3,True,0.109375;0.296875;0.921875,True,True,3,0
7084,5,age,109670,109671,32,1,False,0.078125,1,False,0.078125,1,False,0.078125,True,False,1,0
7085,5,age,109677,109676,32,1,False,0.984375,1,False,0.984375,1,False,0.984375,True,False,1,0
7086,5,age,109677,109678,32,1,False,0.765625,1,False,0.765625,1,False,0.765625,True,False,1,0
7087,5,age,109679,109678,32,1,False,0.296875,1,False,0.296875,1,False,0.296875,True,False,1,0
7088,5,age,109679,109680,32,3,True,0.140625;0.703125;0.828125,3,True,0.140625;0.703125;0.828125,3,True,0.140625;0.703125;0.828125,True,True,3,0
7089,5,age,109742,109741,32,1,False,0.296875,1,False,0.296875,1,False,0.296875,True,False,1,0
7090,5,age,109742,109743,32,3,True,0.140625;0.703125;0.828125,3,True,0.140625;0.703125;0.828125,3,True,0.140625;0.703125;0.828125,True,True,3,0
7091,5,age,109805,109804,32,1,False,0.296875,1,False,0.296875,1,False,0.296875,True,False,1,0
7092,5,age,109805,109806,32,3,True,0.140625;0.703125;0.828125,3,True,0.140625;0.703125;0.828125,3,True,0.140625;0.703125;0.828125,True,True,3,0
7093,5,age,109866,109865,32,1,False,0.296875,1,False,0.296875,1,False,0.296875,True,False,1,0
7094,5,age,109866,109867,32,3,True,0.078125;0.703125;0.765625,3,True,0.078125;0.703125;0.765625,3,True,0.078125;0.703125;0.765625,True,True,3,0
7095,5,age,109868,109867,32,1,False,0.296875,1,False,0.296875,1,False,0.296875,True,False,1,0
7096,5,age,109868,109869,32,3,True,0.140625;0.703125;0.828125,3,True,0.140625;0.703125;0.828125,3,True,0.140625;0.703125;0.828125,True,True,3,0
7097,5,age,109929,109928,32,1,False,0.296875,1,False,0.296875,1,False,0.296875,True,False,1,0
7098,5,age,109929,109930,32,3,True,0.078125;0.703125;0.984375,3,True,0.078125;0.703125;0.984375,3,True,0.078125;0.703125;0.984375,True,True,3,0
7099,5,age,109931,109930,32,1,False,0.296875,1,False,0.296875,1,False,0.296875,True,False,1,0
7100,5,age,109931,109932,32,3,True,0.140625;0.703125;0.828125,3,True,0.140625;0.703125;0.828125,3,True,0.140625;0.703125;0.828125,True,True,3,0
7101,5,age,109985,109984,32,3,True,0.109375;0.296875;0.921875,3,True,0.109375;0.296875;0.921875,3,True,0.109375;0.296875;0.921875,True,True,3,0
7102,5,age,109985,109986,32,1,False,0.078125,1,False,0.078125,1,False,0.078125,True,False,1,0
7103,5,age,109992,109991,32,1,False,0.984375,1,False,0.984375,1,False,0.984375,True,False,1,0
7104,5,age,109992,109993,32,1,False,0.765625,1,False,0.765625,1,False,0.765625,True,False,1,0
7105,5,age,109994,109993,32,1,False,0.296875,1,False,0.296875,1,False,0.296875,True,False,1,0
7106,5,age,109994,109995,32,3,True,0.140625;0.703125;0.828125,3,True,0.140625;0.703125;0.828125,3,True,0.140625;0.703125;0.828125,True,True,3,0
7107,5,age,110057,110056,32,1,False,0.296875,1,False,0.296875,1,False,0.296875,True,False,1,0
7108,5,age,110057,110058,32,3,True,0.140625;0.703125;0.828125,3,True,0.140625;0.703125;0.828125,3,True,0.140625;0.703125;0.828125,True,True,3,0
7109,5,age,110120,110119,32,1,False,0.296875,1,False,0.296875,1,False,0.296875,True,False,1,0
7110,5,age,110120,110121,32,3,True,0.140625;0.703125;0.828125,3,True,0.140625;0.703125;0.828125,3,True,0.140625;0.703125;0.828125,True,True,3,0
7111,5,age,110181,110180,32,1,False,0.296875,1,False,0.296875,1,False,0.296875,True,False,1,0
7112,5,age,110181,110182,32,3,True,0.078125;0.703125;0.765625,3,True,0.078125;0.703125;0.765625,3,True,0.078125;0.703125;0.765625,True,True,3,0
7113,5,age,110183,110182,32,1,False,0.296875,1,False,0.296875,1,False,0.296875,True,False,1,0
7114,5,age,110183,110184,32,3,True,0.140625;0.703125;0.828125,3,True,0.140625;0.703125;0.828125,3,True,0.140625;0.703125;0.828125,True,True,3,0
7115,5,age,110244,110243,32,1,False,0.296875,1,False,0.296875,1,False,0.296875,True,False,1,0
7116,5,age,110244,110245,32,3,True,0.078125;0.703125;0.984375,3,True,0.078125;0.703125;0.984375,3,True,0.078125;0.703125;0.984375,True,True,3,0
7117,5,age,110246,110245,32,1,False,0.296875,1,False,0.296875,1,False,0.296875,True,False,1,0
7118,5,age,110246,110247,32,3,True,0.140625;0.703125;0.828125,3,True,0.140625;0.703125;0.828125,3,True,0.140625;0.703125;0.828125,True,True,3,0
7119,5,age,110300,110299,32,3,True,0.109375;0.296875;0.921875,3,True,0.109375;0.296875;0.921875,3,True,0.109375;0.296875;0.921875,True,True,3,0
7120,5,age,110300,110301,32,1,False,0.078125,1,False,0.078125,1,False,0.078125,True,False,1,0
7121,5,age,110307,110306,32,1,False,0.984375,1,False,0.984375,1,False,0.984375,True,False,1,0
7122,5,age,110307,110308,32,1,False,0.765625,1,False,0.765625,1,False,0.765625,True,False,1,0
7123,5,age,110309,110308,32,1,False,0.296875,1,False,0.296875,1,False,0.296875,True,False,1,0
7124,5,age,110309,110310,32,3,True,0.140625;0.703125;0.828125,3,True,0.140625;0.703125;0.828125,3,True,0.140625;0.703125;0.828125,True,True,3,0
7125,5,age,110372,110371,32,1,False,0.296875,1,False,0.296875,1,False,0.296875,True,False,1,0
7126,5,age,110372,110373,32,3,True,0.140625;0.703125;0.828125,3,True,0.140625;0.703125;0.828125,3,True,0.140625;0.703125;0.828125,True,True,3,0
7127,5,age,110435,110434,32,1,False,0.296875,1,False,0.296875,1,False,0.296875,True,False,1,0
7128,5,age,110435,110436,32,3,True,0.140625;0.703125;0.828125,3,True,0.140625;0.703125;0.828125,3,True,0.140625;0.703125;0.828125,True,True,3,0
7129,5,age,110496,110495,32,1,False,0.296875,1,False,0.296875,1,False,0.296875,True,False,1,0
7130,5,age,110496,110497,32,3,True,0.078125;0.703125;0.765625,3,True,0.078125;0.703125;0.765625,3,True,0.078125;0.703125;0.765625,True,True,3,0
7131,5,age,110498,110497,32,1,False,0.296875,1,False,0.296875,1,False,0.296875,True,False,1,0
7132,5,age,110498,110499,32,3,True,0.140625;0.703125;0.828125,3,True,0.140625;0.703125;0.828125,3,True,0.140625;0.703125;0.828125,True,True,3,0
7133,5,age,110559,110558,32,1,False,0.296875,1,False,0.296875,1,False,0.296875,True,False,1,0
7134,5,age,110559,110560,32,3,True,0.078125;0.703125;0.984375,3,True,0.078125;0.703125;0.984375,3,True,0.078125;0.703125;0.984375,True,True,3,0
7135,5,age,110561,110560,32,1,False,0.296875,1,False,0.296875,1,False,0.296875,True,False,1,0
7136,5,age,110561,110562,32,3,True,0.140625;0.703125;0.828125,3,True,0.140625;0.703125;0.828125,3,True,0.140625;0.703125;0.828125,True,True,3,0
7137,5,age,110615,110614,32,3,True,0.109375;0.296875;0.921875,3,True,0.109375;0.296875;0.921875,3,True,0.109375;0.296875;0.921875,True,True,3,0
7138,5,age,110615,110616,32,1,False,0.078125,1,False,0.078125,1,False,0.078125,True,False,1,0
7139,5,age,110622,110621,32,1,False,0.984375,1,False,0.984375,1,False,0.984375,True,False,1,0
7140,5,age,110622,110623,32,1,False,0.765625,1,False,0.765625,1,False,0.765625,True,False,1,0
7141,5,age,110624,110623,32,1,False,0.296875,1,False,0.296875,1,False,0.296875,True,False,1,0
7142,5,age,110624,110625,32,3,True,0.140625;0.703125;0.828125,3,True,0.140625;0.703125;0.828125,3,True,0.140625;0.703125;0.828125,True,True,3,0
7143,5,age,110687,110686,32,1,False,0.296875,1,False,0.296875,1,False,0.296875,True,False,1,0
7144,5,age,110687,110688,32,3,True,0.140625;0.703125;0.828125,3,True,0.140625;0.703125;0.828125,3,True,0.140625;0.703125;0.828125,True,True,3,0
7145,5,age,110750,110749,32,1,False,0.296875,1,False,0.296875,1,False,0.296875,True,False,1,0
7146,5,age,110750,110751,32,3,True,0.140625;0.703125;0.828125,3,True,0.140625;0.703125;0.828125,3,True,0.140625;0.703125;0.828125,True,True,3,0
7147,5,age,110811,110810,32,1,False,0.296875,1,False,0.296875,1,False,0.296875,True,False,1,0
7148,5,age,110811,110812,32,3,True,0.078125;0.703125;0.765625,3,True,0.078125;0.703125;0.765625,3,True,0.078125;0.703125;0.765625,True,True,3,0
7149,5,age,110813,110812,32,1,False,0.296875,1,False,0.296875,1,False,0.296875,True,False,1,0
7150,5,age,110813,110814,32,3,True,0.140625;0.703125;0.828125,3,True,0.140625;0.703125;0.828125,3,True,0.140625;0.703125;0.828125,True,True,3,0
7151,5,age,110874,110873,32,1,False,0.296875,1,False,0.296875,1,False,0.296875,True,False,1,0
7152,5,age,110874,110875,32,3,True,0.078125;0.703125;0.984375,3,True,0.078125;0.703125;0.984375,3,True,0.078125;0.703125;0.984375,True,True,3,0
7153,5,age,110876,110875,32,1,False,0.296875,1,False,0.296875,1,False,0.296875,True,False,1,0
7154,5,age,110876,110877,32,3,True,0.140625;0.703125;0.828125,3,True,0.140625;0.703125;0.828125,3,True,0.140625;0.703125;0.828125,True,True,3,0
7155,5,age,110930,110929,32,3,True,0.109375;0.296875;0.921875,3,True,0.109375;0.296875;0.921875,3,True,0.109375;0.296875;0.921875,True,True,3,0
7156,5,age,110930,110931,32,1,False,0.078125,1,False,0.078125,1,False,0.078125,True,False,1,0
7157,5,age,110937,110936,32,1,False,0.984375,1,False,0.984375,1,False,0.984375,True,False,1,0
7158,5,age,110937,110938,32,1,False,0.765625,1,False,0.765625,1,False,0.765625,True,False,1,0
7159,5,age,110939,110938,32,1,False,0.296875,1,False,0.296875,1,False,0.296875,True,False,1,0
7160,5,age,110939,110940,32,3,True,0.140625;0.703125;0.828125,3,True,0.140625;0.703125;0.828125,3,True,0.140625;0.703125;0.828125,True,True,3,0
7161,5,age,111002,111001,32,1,False,0.296875,1,False,0.296875,1,False,0.296875,True,False,1,0
7162,5,age,111002,111003,32,3,True,0.140625;0.703125;0.828125,3,True,0.140625;0.703125;0.828125,3,True,0.140625;0.703125;0.828125,True,True,3,0
7163,5,age,111065,111064,32,1,False,0.296875,1,False,0.296875,1,False,0.296875,True,False,1,0
7164,5,age,111065,111066,32,3,True,0.140625;0.703125;0.828125,3,True,0.140625;0.703125;0.828125,3,True,0.140625;0.703125;0.828125,True,True,3,0
7165,5,age,111126,111125,32,1,False,0.296875,1,False,0.296875,1,False,0.296875,True,False,1,0
7166,5,age,111126,111127,32,3,True,0.078125;0.703125;0.765625,3,True,0.078125;0.703125;0.765625,3,True,0.078125;0.703125;0.765625,True,True,3,0
7167,5,age,111128,111127,32,1,False,0.296875,1,False,0.296875,1,False,0.296875,True,False,1,0
7168,5,age,111128,111129,32,3,True,0.140625;0.703125;0.828125,3,True,0.140625;0.703125;0.828125,3,True,0.140625;0.703125;0.828125,True,True,3,0
7169,5,age,111189,111188,32,1,False,0.296875,1,False,0.296875,1,False,0.296875,True,False,1,0
7170,5,age,111189,111190,32,3,True,0.078125;0.703125;0.984375,3,True,0.078125;0.703125;0.984375,3,True,0.078125;0.703125;0.984375,True,True,3,0
7171,5,age,111191,111190,32,1,False,0.296875,1,False,0.296875,1,False,0.296875,True,False,1,0
7172,5,age,111191,111192,32,3,True,0.140625;0.703125;0.828125,3,True,0.140625;0.703125;0.828125,3,True,0.140625;0.703125;0.828125,True,True,3,0
7173,5,age,111245,111244,32,3,True,0.109375;0.296875;0.921875,3,True,0.109375;0.296875;0.921875,3,True,0.109375;0.296875;0.921875,True,True,3,0
7174,5,age,111245,111246,32,1,False,0.078125,1,False,0.078125,1,False,0.078125,True,False,1,0
7175,5,age,111252,111251,32,1,False,0.984375,1,False,0.984375,1,False,0.984375,True,False,1,0
7176,5,age,111252,111253,32,1,False,0.765625,1,False,0.765625,1,False,0.765625,True,False,1,0
7177,5,age,111254,111253,32,1,False,0.296875,1,False,0.296875,1,False,0.296875,True,False,1,0
7178,5,age,111254,111255,32,3,True,0.140625;0.703125;0.828125,3,True,0.140625;0.703125;0.828125,3,True,0.140625;0.703125;0.828125,True,True,3,0
7179,5,age,111317,111316,32,1,False,0.296875,1,False,0.296875,1,False,0.296875,True,False,1,0
7180,5,age,111317,111318,32,3,True,0.140625;0.703125;0.828125,3,True,0.140625;0.703125;0.828125,3,True,0.140625;0.703125;0.828125,True,True,3,0
7181,5,age,111380,111379,32,1,False,0.296875,1,False,0.296875,1,False,0.296875,True,False,1,0
7182,5,age,111380,111381,32,3,True,0.140625;0.703125;0.828125,3,True,0.140625;0.703125;0.828125,3,True,0.140625;0.703125;0.828125,True,True,3,0
7183,5,age,111441,111440,32,1,False,0.296875,1,False,0.296875,1,False,0.296875,True,False,1,0
7184,5,age,111441,111442,32,3,True,0.078125;0.703125;0.765625,3,True,0.078125;0.703125;0.765625,3,True,0.078125;0.703125;0.765625,True,True,3,0
7185,5,age,111443,111442,32,1,False,0.296875,1,False,0.296875,1,False,0.296875,True,False,1,0
7186,5,age,111443,111444,32,3,True,0.140625;0.703125;0.828125,3,True,0.140625;0.703125;0.828125,3,True,0.140625;0.703125;0.828125,True,True,3,0
7187,5,age,111504,111503,32,1,False,0.296875,1,False,0.296875,1,False,0.296875,True,False,1,0
7188,5,age,111504,111505,32,3,True,0.078125;0.703125;0.984375,3,True,0.078125;0.703125;0.984375,3,True,0.078125;0.703125;0.984375,True,True,3,0
7189,5,age,111506,111505,32,1,False,0.296875,1,False,0.296875,1,False,0.296875,True,False,1,0
7190,5,age,111506,111507,32,3,True,0.140625;0.703125;0.828125,3,True,0.140625;0.703125;0.828125,3,True,0.140625;0.703125;0.828125,True,True,3,0
7191,5,age,111560,111559,32,3,True,0.109375;0.296875;0.921875,3,True,0.109375;0.296875;0.921875,3,True,0.109375;0.296875;0.921875,True,True,3,0
7192,5,age,111560,111561,32,1,False,0.078125,1,False,0.078125,1,False,0.078125,True,False,1,0
7193,5,age,111567,111566,32,1,False,0.984375,1,False,0.984375,1,False,0.984375,True,False,1,0
7194,5,age,111567,111568,32,1,False,0.765625,1,False,0.765625,1,False,0.765625,True,False,1,0
7195,5,age,111569,111568,32,1,False,0.296875,1,False,0.296875,1,False,0.296875,True,False,1,0
7196,5,age,111569,111570,32,3,True,0.140625;0.703125;0.828125,3,True,0.140625;0.703125;0.828125,3,True,0.140625;0.703125;0.828125,True,True,3,0
7197,5,age,111632,111631,32,1,False,0.296875,1,False,0.296875,1,False,0.296875,True,False,1,0
7198,5,age,111632,111633,32,3,True,0.140625;0.703125;0.828125,3,True,0.140625;0.703125;0.828125,3,True,0.140625;0.703125;0.828125,True,True,3,0
7199,5,age,111695,111694,32,1,False,0.296875,1,False,0.296875,1,False,0.296875,True,False,1,0
7200,5,age,111695,111696,32,3,True,0.140625;0.703125;0.828125,3,True,0.140625;0.703125;0.828125,3,True,0.140625;0.703125;0.828125,True,True,3,0
7201,5,age,111756,111755,32,1,False,0.296875,1,False,0.296875,1,False,0.296875,True,False,1,0
7202,5,age,111756,111757,32,3,True,0.078125;0.703125;0.765625,3,True,0.078125;0.703125;0.765625,3,True,0.078125;0.703125;0.765625,True,True,3,0
7203,5,age,111758,111757,32,1,False,0.296875,1,False,0.296875,1,False,0.296875,True,False,1,0
7204,5,age,111758,111759,32,3,True,0.140625;0.703125;0.828125,3,True,0.140625;0.703125;0.828125,3,True,0.140625;0.703125;0.828125,True,True,3,0
7205,5,age,111819,111818,32,1,False,0.296875,1,False,0.296875,1,False,0.296875,True,False,1,0
7206,5,age,111819,111820,32,3,True,0.078125;0.703125;0.984375,3,True,0.078125;0.703125;0.984375,3,True,0.078125;0.703125;0.984375,True,True,3,0
7207,5,age,111821,111820,32,1,False,0.296875,1,False,0.296875,1,False,0.296875,True,False,1,0
7208,5,age,111821,111822,32,3,True,0.140625;0.703125;0.828125,3,True,0.140625;0.703125;0.828125,3,True,0.140625;0.703125;0.828125,True,True,3,0
7209,5,age,111875,111874,32,3,True,0.109375;0.296875;0.921875,3,True,0.109375;0.296875;0.921875,3,True,0.109375;0.296875;0.921875,True,True,3,0
7210,5,age,111875,111876,32,1,False,0.078125,1,False,0.078125,1,False,0.078125,True,False,1,0
7211,5,age,111882,111881,32,1,False,0.984375,1,False,0.984375,1,False,0.984375,True,False,1,0
7212,5,age,111882,111883,32,1,False,0.765625,1,False,0.765625,1,False,0.765625,True,False,1,0
7213,5,age,111884,111883,32,1,False,0.296875,1,False,0.296875,1,False,0.296875,True,False,1,0
7214,5,age,111884,111885,32,3,True,0.140625;0.703125;0.828125,3,True,0.140625;0.703125;0.828125,3,True,0.140625;0.703125;0.828125,True,True,3,0
7215,5,age,111947,111946,32,1,False,0.296875,1,False,0.296875,1,False,0.296875,True,False,1,0
7216,5,age,111947,111948,32,3,True,0.140625;0.703125;0.828125,3,True,0.140625;0.703125;0.828125,3,True,0.140625;0.703125;0.828125,True,True,3,0
7217,5,age,112010,112009,32,1,False,0.296875,1,False,0.296875,1,False,0.296875,True,False,1,0
7218,5,age,112010,112011,32,3,True,0.140625;0.703125;0.828125,3,True,0.140625;0.703125;0.828125,3,True,0.140625;0.703125;0.828125,True,True,3,0
7219,5,age,112071,112070,32,1,False,0.296875,1,False,0.296875,1,False,0.296875,True,False,1,0
7220,5,age,112071,112072,32,3,True,0.078125;0.703125;0.765625,3,True,0.078125;0.703125;0.765625,3,True,0.078125;0.703125;0.765625,True,True,3,0
7221,5,age,112073,112072,32,1,False,0.296875,1,False,0.296875,1,False,0.296875,True,False,1,0
7222,5,age,112073,112074,32,3,True,0.140625;0.703125;0.828125,3,True,0.140625;0.703125;0.828125,3,True,0.140625;0.703125;0.828125,True,True,3,0
7223,5,age,112134,112133,32,1,False,0.296875,1,False,0.296875,1,False,0.296875,True,False,1,0
7224,5,age,112134,112135,32,3,True,0.078125;0.703125;0.984375,3,True,0.078125;0.703125;0.984375,3,True,0.078125;0.703125;0.984375,True,True,3,0
7225,5,age,112136,112135,32,1,False,0.296875,1,False,0.296875,1,False,0.296875,True,False,1,0
7226,5,age,112136,112137,32,3,True,0.140625;0.703125;0.828125,3,True,0.140625;0.703125;0.828125,3,True,0.140625;0.703125;0.828125,True,True,3,0
7227,5,age,112190,112189,32,3,True,0.109375;0.296875;0.921875,3,True,0.109375;0.296875;0.921875,3,True,0.109375;0.296875;0.921875,True,True,3,0
7228,5,age,112190,112191,32,1,False,0.078125,1,False,0.078125,1,False,0.078125,True,False,1,0
7229,5,age,112197,112196,32,1,False,0.984375,1,False,0.984375,1,False,0.984375,True,False,1,0
7230,5,age,112197,112198,32,1,False,0.765625,1,False,0.765625,1,False,0.765625,True,False,1,0
7231,5,age,112199,112198,32,1,False,0.296875,1,False,0.296875,1,False,0.296875,True,False,1,0
7232,5,age,112199,112200,32,3,True,0.140625;0.703125;0.828125,3,True,0.140625;0.703125;0.828125,3,True,0.140625;0.703125;0.828125,True,True,3,0
7233,5,age,112262,112261,32,1,False,0.296875,1,False,0.296875,1,False,0.296875,True,False,1,0
7234,5,age,112262,112263,32,3,True,0.140625;0.703125;0.828125,3,True,0.140625;0.703125;0.828125,3,True,0.140625;0.703125;0.828125,True,True,3,0
7235,5,age,112325,112324,32,1,False,0.296875,1,False,0.296875,1,False,0.296875,True,False,1,0
7236,5,age,112325,112326,32,3,True,0.140625;0.703125;0.828125,3,True,0.140625;0.703125;0.828125,3,True,0.140625;0.703125;0.828125,True,True,3,0
7237,5,age,112386,112385,32,1,False,0.296875,1,False,0.296875,1,False,0.296875,True,False,1,0
7238,5,age,112386,112387,32,3,True,0.078125;0.703125;0.765625,3,True,0.078125;0.703125;0.765625,3,True,0.078125;0.703125;0.765625,True,True,3,0
7239,5,age,112388,112387,32,1,False,0.296875,1,False,0.296875,1,False,0.296875,True,False,1,0
7240,5,age,112388,112389,32,3,True,0.140625;0.703125;0.828125,3,True,0.140625;0.703125;0.828125,3,True,0.140625;0.703125;0.828125,True,True,3,0
7241,5,age,112449,112448,32,1,False,0.296875,1,False,0.296875,1,False,0.296875,True,False,1,0
7242,5,age,112449,112450,32,3,True,0.078125;0.703125;0.984375,3,True,0.078125;0.703125;0.984375,3,True,0.078125;0.703125;0.984375,True,True,3,0
7243,5,age,112451,112450,32,1,False,0.296875,1,False,0.296875,1,False,0.296875,True,False,1,0
7244,5,age,112451,112452,32,3,True,0.140625;0.703125;0.828125,3,True,0.140625;0.703125;0.828125,3,True,0.140625;0.703125;0.828125,True,True,3,0
7245,5,age,112505,112504,32,3,True,0.109375;0.296875;0.921875,3,True,0.109375;0.296875;0.921875,3,True,0.109375;0.296875;0.921875,True,True,3,0
7246,5,age,112505,112506,32,1,False,0.078125,1,False,0.078125,1,False,0.078125,True,False,1,0
7247,5,age,112512,112511,32,1,False,0.984375,1,False,0.984375,1,False,0.984375,True,False,1,0
7248,5,age,112512,112513,32,1,False,0.765625,1,False,0.765625,1,False,0.765625,True,False,1,0
7249,5,age,112514,112513,32,1,False,0.296875,1,False,0.296875,1,False,0.296875,True,False,1,0
7250,5,age,112514,112515,32,3,True,0.140625;0.703125;0.828125,3,True,0.140625;0.703125;0.828125,3,True,0.140625;0.703125;0.828125,True,True,3,0
7251,5,age,112577,112576,32,1,False,0.296875,1,False,0.296875,1,False,0.296875,True,False,1,0
7252,5,age,112577,112578,32,3,True,0.140625;0.703125;0.828125,3,True,0.140625;0.703125;0.828125,3,True,0.140625;0.703125;0.828125,True,True,3,0
7253,5,age,112640,112639,32,1,False,0.296875,1,False,0.296875,1,False,0.296875,True,False,1,0
7254,5,age,112640,112641,32,3,True,0.140625;0.703125;0.828125,3,True,0.140625;0.703125;0.828125,3,True,0.140625;0.703125;0.828125,True,True,3,0
7255,5,age,112701,112700,32,1,False,0.296875,1,False,0.296875,1,False,0.296875,True,False,1,0
7256,5,age,112701,112702,32,3,True,0.078125;0.703125;0.765625,3,True,0.078125;0.703125;0.765625,3,True,0.078125;0.703125;0.765625,True,True,3,0
7257,5,age,112703,112702,32,1,False,0.296875,1,False,0.296875,1,False,0.296875,True,False,1,0
7258,5,age,112703,112704,32,3,True,0.140625;0.703125;0.828125,3,True,0.140625;0.703125;0.828125,3,True,0.140625;0.703125;0.828125,True,True,3,0
7259,5,age,112764,112763,32,1,False,0.296875,1,False,0.296875,1,False,0.296875,True,False,1,0
7260,5,age,112764,112765,32,3,True,0.078125;0.703125;0.984375,3,True,0.078125;0.703125;0.984375,3,True,0.078125;0.703125;0.984375,True,True,3,0
7261,5,age,112766,112765,32,1,False,0.296875,1,False,0.296875,1,False,0.296875,True,False,1,0
7262,5,age,112766,112767,32,3,True,0.140625;0.703125;0.828125,3,True,0.140625;0.703125;0.828125,3,True,0.140625;0.703125;0.828125,True,True,3,0
7263,5,age,112820,112819,32,3,True,0.109375;0.296875;0.921875,3,True,0.109375;0.296875;0.921875,3,True,0.109375;0.296875;0.921875,True,True,3,0
7264,5,age,112820,112821,32,1,False,0.078125,1,False,0.078125,1,False,0.078125,True,False,1,0
7265,5,age,112827,112826,32,1,False,0.984375,1,False,0.984375,1,False,0.984375,True,False,1,0
7266,5,age,112827,112828,32,1,False,0.765625,1,False,0.765625,1,False,0.765625,True,False,1,0
7267,5,age,112829,112828,32,1,False,0.296875,1,False,0.296875,1,False,0.296875,True,False,1,0
7268,5,age,112829,112830,32,3,True,0.140625;0.703125;0.828125,3,True,0.140625;0.703125;0.828125,3,True,0.140625;0.703125;0.828125,True,True,3,0
7269,5,age,112892,112891,32,1,False,0.296875,1,False,0.296875,1,False,0.296875,True,False,1,0
7270,5,age,112892,112893,32,3,True,0.140625;0.703125;0.828125,3,True,0.140625;0.703125;0.828125,3,True,0.140625;0.703125;0.828125,True,True,3,0
7271,5,age,112955,112954,32,1,False,0.296875,1,False,0.296875,1,False,0.296875,True,False,1,0
7272,5,age,112955,112956,32,3,True,0.140625;0.703125;0.828125,3,True,0.140625;0.703125;0.828125,3,True,0.140625;0.703125;0.828125,True,True,3,0
7273,5,age,113016,113015,32,1,False,0.296875,1,False,0.296875,1,False,0.296875,True,False,1,0
7274,5,age,113016,113017,32,3,True,0.078125;0.703125;0.765625,3,True,0.078125;0.703125;0.765625,3,True,0.078125;0.703125;0.765625,True,True,3,0
7275,5,age,113018,113017,32,1,False,0.296875,1,False,0.296875,1,False,0.296875,True,False,1,0
7276,5,age,113018,113019,32,3,True,0.140625;0.703125;0.828125,3,True,0.140625;0.703125;0.828125,3,True,0.140625;0.703125;0.828125,True,True,3,0
7277,5,age,113079,113078,32,1,False,0.296875,1,False,0.296875,1,False,0.296875,True,False,1,0
7278,5,age,113079,113080,32,3,True,0.078125;0.703125;0.984375,3,True,0.078125;0.703125;0.984375,3,True,0.078125;0.703125;0.984375,True,True,3,0
7279,5,age,113081,113080,32,1,False,0.296875,1,False,0.296875,1,False,0.296875,True,False,1,0
7280,5,age,113081,113082,32,3,True,0.140625;0.703125;0.828125,3,True,0.140625;0.703125;0.828125,3,True,0.140625;0.703125;0.828125,True,True,3,0
7281,5,age,113135,113134,32,3,True,0.109375;0.296875;0.921875,3,True,0.109375;0.296875;0.921875,3,True,0.109375;0.296875;0.921875,True,True,3,0
7282,5,age,113135,113136,32,1,False,0.078125,1,False,0.078125,1,False,0.078125,True,False,1,0
7283,5,age,113142,113141,32,1,False,0.984375,1,False,0.984375,1,False,0.984375,True,False,1,0
7284,5,age,113142,113143,32,1,False,0.765625,1,False,0.765625,1,False,0.765625,True,False,1,0
7285,5,age,113144,113143,32,1,False,0.296875,1,False,0.296875,1,False,0.296875,True,False,1,0
7286,5,age,113144,113145,32,3,True,0.140625;0.703125;0.828125,3,True,0.140625;0.703125;0.828125,3,True,0.140625;0.703125;0.828125,True,True,3,0
7287,5,age,113207,113206,32,1,False,0.296875,1,False,0.296875,1,False,0.296875,True,False,1,0
7288,5,age,113207,113208,32,3,True,0.140625;0.703125;0.828125,3,True,0.140625;0.703125;0.828125,3,True,0.140625;0.703125;0.828125,True,True,3,0
7289,5,age,113270,113269,32,1,False,0.296875,1,False,0.296875,1,False,0.296875,True,False,1,0
7290,5,age,113270,113271,32,3,True,0.140625;0.703125;0.828125,3,True,0.140625;0.703125;0.828125,3,True,0.140625;0.703125;0.828125,True,True,3,0
7291,5,age,113331,113330,32,1,False,0.296875,1,False,0.296875,1,False,0.296875,True,False,1,0
7292,5,age,113331,113332,32,3,True,0.078125;0.703125;0.765625,3,True,0.078125;0.703125;0.765625,3,True,0.078125;0.703125;0.765625,True,True,3,0
7293,5,age,113333,113332,32,1,False,0.296875,1,False,0.296875,1,False,0.296875,True,False,1,0
7294,5,age,113333,113334,32,3,True,0.140625;0.703125;0.828125,3,True,0.140625;0.703125;0.828125,3,True,0.140625;0.703125;0.828125,True,True,3,0
7295,5,age,113394,113393,32,1,False,0.296875,1,False,0.296875,1,False,0.296875,True,False,1,0
7296,5,age,113394,113395,32,3,True,0.078125;0.703125;0.984375,3,True,0.078125;0.703125;0.984375,3,True,0.078125;0.703125;0.984375,True,True,3,0
7297,5,age,113396,113395,32,1,False,0.296875,1,False,0.296875,1,False,0.296875,True,False,1,0
7298,5,age,113396,113397,32,3,True,0.140625;0.703125;0.828125,3,True,0.140625;0.703125;0.828125,3,True,0.140625;0.703125;0.828125,True,True,3,0
7299,5,age,113450,113449,32,3,True,0.109375;0.296875;0.921875,3,True,0.109375;0.296875;0.921875,3,True,0.109375;0.296875;0.921875,True,True,3,0
7300,5,age,113450,113451,32,1,False,0.078125,1,False,0.078125,1,False,0.078125,True,False,1,0
7301,5,age,113457,113456,32,1,False,0.984375,1,False,0.984375,1,False,0.984375,True,False,1,0
7302,5,age,113457,113458,32,1,False,0.765625,1,False,0.765625,1,False,0.765625,True,False,1,0
7303,5,age,113459,113458,32,1,False,0.296875,1,False,0.296875,1,False,0.296875,True,False,1,0
7304,5,age,113459,113460,32,3,True,0.140625;0.703125;0.828125,3,True,0.140625;0.703125;0.828125,3,True,0.140625;0.703125;0.828125,True,True,3,0
7305,5,age,113522,113521,32,1,False,0.296875,1,False,0.296875,1,False,0.296875,True,False,1,0
7306,5,age,113522,113523,32,3,True,0.140625;0.703125;0.828125,3,True,0.140625;0.703125;0.828125,3,True,0.140625;0.703125;0.828125,True,True,3,0
7307,5,age,113585,113584,32,1,False,0.296875,1,False,0.296875,1,False,0.296875,True,False,1,0
7308,5,age,113585,113586,32,3,True,0.140625;0.703125;0.828125,3,True,0.140625;0.703125;0.828125,3,True,0.140625;0.703125;0.828125,True,True,3,0
7309,5,age,113646,113645,32,1,False,0.296875,1,False,0.296875,1,False,0.296875,True,False,1,0
7310,5,age,113646,113647,32,3,True,0.078125;0.703125;0.765625,3,True,0.078125;0.703125;0.765625,3,True,0.078125;0.703125;0.765625,True,True,3,0
7311,5,age,113648,113647,32,1,False,0.296875,1,False,0.296875,1,False,0.296875,True,False,1,0
7312,5,age,113648,113649,32,3,True,0.140625;0.703125;0.828125,3,True,0.140625;0.703125;0.828125,3,True,0.140625;0.703125;0.828125,True,True,3,0
7313,5,age,113709,113708,32,1,False,0.296875,1,False,0.296875,1,False,0.296875,True,False,1,0
7314,5,age,113709,113710,32,3,True,0.078125;0.703125;0.984375,3,True,0.078125;0.703125;0.984375,3,True,0.078125;0.703125;0.984375,True,True,3,0
7315,5,age,113711,113710,32,1,False,0.296875,1,False,0.296875,1,False,0.296875,True,False,1,0
7316,5,age,113711,113712,32,3,True,0.140625;0.703125;0.828125,3,True,0.140625;0.703125;0.828125,3,True,0.140625;0.703125;0.828125,True,True,3,0
7317,5,age,113765,113764,32,3,True,0.109375;0.296875;0.921875,3,True,0.109375;0.296875;0.921875,3,True,0.109375;0.296875;0.921875,True,True,3,0
7318,5,age,113765,113766,32,1,False,0.078125,1,False,0.078125,1,False,0.078125,True,False,1,0
7319,5,age,113772,113771,32,1,False,0.984375,1,False,0.984375,1,False,0.984375,True,False,1,0
7320,5,age,113772,113773,32,1,False,0.765625,1,False,0.765625,1,False,0.765625,True,False,1,0
7321,5,age,113774,113773,32,1,False,0.296875,1,False,0.296875,1,False,0.296875,True,False,1,0
7322,5,age,113774,113775,32,3,True,0.140625;0.703125;0.828125,3,True,0.140625;0.703125;0.828125,3,True,0.140625;0.703125;0.828125,True,True,3,0
7323,5,age,113837,113836,32,1,False,0.296875,1,False,0.296875,1,False,0.296875,True,False,1,0
7324,5,age,113837,113838,32,3,True,0.140625;0.703125;0.828125,3,True,0.140625;0.703125;0.828125,3,True,0.140625;0.703125;0.828125,True,True,3,0
7325,5,age,113900,113899,32,1,False,0.296875,1,False,0.296875,1,False,0.296875,True,False,1,0
7326,5,age,113900,113901,32,3,True,0.140625;0.703125;0.828125,3,True,0.140625;0.703125;0.828125,3,True,0.140625;0.703125;0.828125,True,True,3,0
7327,5,age,113961,113960,32,1,False,0.296875,1,False,0.296875,1,False,0.296875,True,False,1,0
7328,5,age,113961,113962,32,3,True,0.078125;0.703125;0.765625,3,True,0.078125;0.703125;0.765625,3,True,0.078125;0.703125;0.765625,True,True,3,0
7329,5,age,113963,113962,32,1,False,0.296875,1,False,0.296875,1,False,0.296875,True,False,1,0
7330,5,age,113963,113964,32,3,True,0.140625;0.703125;0.828125,3,True,0.140625;0.703125;0.828125,3,True,0.140625;0.703125;0.828125,True,True,3,0
7331,5,age,114024,114023,32,1,False,0.296875,1,False,0.296875,1,False,0.296875,True,False,1,0
7332,5,age,114024,114025,32,3,True,0.078125;0.703125;0.984375,3,True,0.078125;0.703125;0.984375,3,True,0.078125;0.703125;0.984375,True,True,3,0
7333,5,age,114026,114025,32,1,False,0.296875,1,False,0.296875,1,False,0.296875,True,False,1,0
7334,5,age,114026,114027,32,3,True,0.140625;0.703125;0.828125,3,True,0.140625;0.703125;0.828125,3,True,0.140625;0.703125;0.828125,True,True,3,0
7335,5,age,114080,114079,32,3,True,0.109375;0.296875;0.921875,3,True,0.109375;0.296875;0.921875,3,True,0.109375;0.296875;0.921875,True,True,3,0
7336,5,age,114080,114081,32,1,False,0.078125,1,False,0.078125,1,False,0.078125,True,False,1,0
7337,5,age,114087,114086,32,1,False,0.984375,1,False,0.984375,1,False,0.984375,True,False,1,0
7338,5,age,114087,114088,32,1,False,0.765625,1,False,0.765625,1,False,0.765625,True,False,1,0
7339,5,age,114089,114088,32,1,False,0.296875,1,False,0.296875,1,False,0.296875,True,False,1,0
7340,5,age,114089,114090,32,3,True,0.140625;0.703125;0.828125,3,True,0.140625;0.703125;0.828125,3,True,0.140625;0.703125;0.828125,True,True,3,0
7341,5,age,114152,114151,32,1,False,0.296875,1,False,0.296875,1,False,0.296875,True,False,1,0
7342,5,age,114152,114153,32,3,True,0.140625;0.703125;0.828125,3,True,0.140625;0.703125;0.828125,3,True,0.140625;0.703125;0.828125,True,True,3,0
7343,5,age,114215,114214,32,1,False,0.296875,1,False,0.296875,1,False,0.296875,True,False,1,0
7344,5,age,114215,114216,32,3,True,0.140625;0.703125;0.828125,3,True,0.140625;0.703125;0.828125,3,True,0.140625;0.703125;0.828125,True,True,3,0
7345,5,age,114276,114275,32,1,False,0.296875,1,False,0.296875,1,False,0.296875,True,False,1,0
7346,5,age,114276,114277,32,3,True,0.078125;0.703125;0.765625,3,True,0.078125;0.703125;0.765625,3,True,0.078125;0.703125;0.765625,True,True,3,0
7347,5,age,114278,114277,32,1,False,0.296875,1,False,0.296875,1,False,0.296875,True,False,1,0
7348,5,age,114278,114279,32,3,True,0.140625;0.703125;0.828125,3,True,0.140625;0.703125;0.828125,3,True,0.140625;0.703125;0.828125,True,True,3,0
7349,5,age,114339,114338,32,1,False,0.296875,1,False,0.296875,1,False,0.296875,True,False,1,0
7350,5,age,114339,114340,32,3,True,0.078125;0.703125;0.984375,3,True,0.078125;0.703125;0.984375,3,True,0.078125;0.703125;0.984375,True,True,3,0
7351,5,age,114341,114340,32,1,False,0.296875,1,False,0.296875,1,False,0.296875,True,False,1,0
7352,5,age,114341,114342,32,3,True,0.140625;0.703125;0.828125,3,True,0.140625;0.703125;0.828125,3,True,0.140625;0.703125;0.828125,True,True,3,0
7353,5,age,114395,114394,32,3,True,0.109375;0.296875;0.921875,3,True,0.109375;0.296875;0.921875,3,True,0.109375;0.296875;0.921875,True,True,3,0
7354,5,age,114395,114396,32,1,False,0.078125,1,False,0.078125,1,False,0.078125,True,False,1,0
7355,5,age,114402,114401,32,1,False,0.984375,1,False,0.984375,1,False,0.984375,True,False,1,0
7356,5,age,114402,114403,32,1,False,0.765625,1,False,0.765625,1,False,0.765625,True,False,1,0
7357,5,age,114404,114403,32,1,False,0.296875,1,False,0.296875,1,False,0.296875,True,False,1,0
7358,5,age,114404,114405,32,3,True,0.140625;0.703125;0.828125,3,True,0.140625;0.703125;0.828125,3,True,0.140625;0.703125;0.828125,True,True,3,0
7359,5,age,114467,114466,32,1,False,0.296875,1,False,0.296875,1,False,0.296875,True,False,1,0
7360,5,age,114467,114468,32,3,True,0.140625;0.703125;0.828125,3,True,0.140625;0.703125;0.828125,3,True,0.140625;0.703125;0.828125,True,True,3,0
7361,5,age,114530,114529,32,1,False,0.296875,1,False,0.296875,1,False,0.296875,True,False,1,0
7362,5,age,114530,114531,32,3,True,0.140625;0.703125;0.828125,3,True,0.140625;0.703125;0.828125,3,True,0.140625;0.703125;0.828125,True,True,3,0
7363,5,age,114591,114590,32,1,False,0.296875,1,False,0.296875,1,False,0.296875,True,False,1,0
7364,5,age,114591,114592,32,3,True,0.078125;0.703125;0.765625,3,True,0.078125;0.703125;0.765625,3,True,0.078125;0.703125;0.765625,True,True,3,0
7365,5,age,114593,114592,32,1,False,0.296875,1,False,0.296875,1,False,0.296875,True,False,1,0
7366,5,age,114593,114594,32,3,True,0.140625;0.703125;0.828125,3,True,0.140625;0.703125;0.828125,3,True,0.140625;0.703125;0.828125,True,True,3,0
7367,5,age,114654,114653,32,1,False,0.296875,1,False,0.296875,1,False,0.296875,True,False,1,0
7368,5,age,114654,114655,32,3,True,0.078125;0.703125;0.984375,3,True,0.078125;0.703125;0.984375,3,True,0.078125;0.703125;0.984375,True,True,3,0
7369,5,age,114656,114655,32,1,False,0.296875,1,False,0.296875,1,False,0.296875,True,False,1,0
7370,5,age,114656,114657,32,3,True,0.140625;0.703125;0.828125,3,True,0.140625;0.703125;0.828125,3,True,0.140625;0.703125;0.828125,True,True,3,0
7371,5,age,114710,114709,32,3,True,0.109375;0.296875;0.921875,3,True,0.109375;0.296875;0.921875,3,True,0.109375;0.296875;0.921875,True,True,3,0
7372,5,age,114710,114711,32,1,False,0.078125,1,False,0.078125,1,False,0.078125,True,False,1,0
7373,5,age,114717,114716,32,1,False,0.984375,1,False,0.984375,1,False,0.984375,True,False,1,0
7374,5,age,114717,114718,32,1,False,0.765625,1,False,0.765625,1,False,0.765625,True,False,1,0
7375,5,age,114719,114718,32,1,False,0.296875,1,False,0.296875,1,False,0.296875,True,False,1,0
7376,5,age,114719,114720,32,3,True,0.140625;0.703125;0.828125,3,True,0.140625;0.703125;0.828125,3,True,0.140625;0.703125;0.828125,True,True,3,0
7377,5,age,114782,114781,32,1,False,0.296875,1,False,0.296875,1,False,0.296875,True,False,1,0
7378,5,age,114782,114783,32,3,True,0.140625;0.703125;0.828125,3,True,0.140625;0.703125;0.828125,3,True,0.140625;0.703125;0.828125,True,True,3,0
7379,5,age,114845,114844,32,1,False,0.296875,1,False,0.296875,1,False,0.296875,True,False,1,0
7380,5,age,114845,114846,32,3,True,0.140625;0.703125;0.828125,3,True,0.140625;0.703125;0.828125,3,True,0.140625;0.703125;0.828125,True,True,3,0
7381,5,age,114906,114905,32,1,False,0.296875,1,False,0.296875,1,False,0.296875,True,False,1,0
7382,5,age,114906,114907,32,3,True,0.078125;0.703125;0.765625,3,True,0.078125;0.703125;0.765625,3,True,0.078125;0.703125;0.765625,True,True,3,0
7383,5,age,114908,114907,32,1,False,0.296875,1,False,0.296875,1,False,0.296875,True,False,1,0
7384,5,age,114908,114909,32,3,True,0.140625;0.703125;0.828125,3,True,0.140625;0.703125;0.828125,3,True,0.140625;0.703125;0.828125,True,True,3,0
7385,5,age,114969,114968,32,1,False,0.296875,1,False,0.296875,1,False,0.296875,True,False,1,0
7386,5,age,114969,114970,32,3,True,0.078125;0.703125;0.984375,3,True,0.078125;0.703125;0.984375,3,True,0.078125;0.703125;0.984375,True,True,3,0
7387,5,age,114971,114970,32,1,False,0.296875,1,False,0.296875,1,False,0.296875,True,False,1,0
7388,5,age,114971,114972,32,3,True,0.140625;0.703125;0.828125,3,True,0.140625;0.703125;0.828125,3,True,0.140625;0.703125;0.828125,True,True,3,0
7389,5,age,115025,115024,32,3,True,0.109375;0.296875;0.921875,3,True,0.109375;0.296875;0.921875,3,True,0.109375;0.296875;0.921875,True,True,3,0
7390,5,age,115025,115026,32,1,False,0.078125,1,False,0.078125,1,False,0.078125,True,False,1,0
7391,5,age,115032,115031,32,1,False,0.984375,1,False,0.984375,1,False,0.984375,True,False,1,0
7392,5,age,115032,115033,32,1,False,0.765625,1,False,0.765625,1,False,0.765625,True,False,1,0
7393,5,age,115034,115033,32,1,False,0.296875,1,False,0.296875,1,False,0.296875,True,False,1,0
7394,5,age,115034,115035,32,3,True,0.140625;0.703125;0.828125,3,True,0.140625;0.703125;0.828125,3,True,0.140625;0.703125;0.828125,True,True,3,0
7395,5,age,115097,115096,32,1,False,0.296875,1,False,0.296875,1,False,0.296875,True,False,1,0
7396,5,age,115097,115098,32,3,True,0.140625;0.703125;0.828125,3,True,0.140625;0.703125;0.828125,3,True,0.140625;0.703125;0.828125,True,True,3,0
7397,5,age,115160,115159,32,1,False,0.296875,1,False,0.296875,1,False,0.296875,True,False,1,0
7398,5,age,115160,115161,32,3,True,0.140625;0.703125;0.828125,3,True,0.140625;0.703125;0.828125,3,True,0.140625;0.703125;0.828125,True,True,3,0
7399,5,age,115221,115220,32,1,False,0.296875,1,False,0.296875,1,False,0.296875,True,False,1,0
7400,5,age,115221,115222,32,3,True,0.078125;0.703125;0.765625,3,True,0.078125;0.703125;0.765625,3,True,0.078125;0.703125;0.765625,True,True,3,0
7401,5,age,115223,115222,32,1,False,0.296875,1,False,0.296875,1,False,0.296875,True,False,1,0
7402,5,age,115223,115224,32,3,True,0.140625;0.703125;0.828125,3,True,0.140625;0.703125;0.828125,3,True,0.140625;0.703125;0.828125,True,True,3,0
7403,5,age,115284,115283,32,1,False,0.296875,1,False,0.296875,1,False,0.296875,True,False,1,0
7404,5,age,115284,115285,32,3,True,0.078125;0.703125;0.984375,3,True,0.078125;0.703125;0.984375,3,True,0.078125;0.703125;0.984375,True,True,3,0
7405,5,age,115286,115285,32,1,False,0.296875,1,False,0.296875,1,False,0.296875,True,False,1,0
7406,5,age,115286,115287,32,3,True,0.140625;0.703125;0.828125,3,True,0.140625;0.703125;0.828125,3,True,0.140625;0.703125;0.828125,True,True,3,0
7407,5,age,115340,115339,32,3,True,0.109375;0.296875;0.921875,3,True,0.109375;0.296875;0.921875,3,True,0.109375;0.296875;0.921875,True,True,3,0
7408,5,age,115340,115341,32,1,False,0.078125,1,False,0.078125,1,False,0.078125,True,False,1,0
7409,5,age,115347,115346,32,1,False,0.984375,1,False,0.984375,1,False,0.984375,True,False,1,0
7410,5,age,115347,115348,32,1,False,0.765625,1,False,0.765625,1,False,0.765625,True,False,1,0
7411,5,age,115349,115348,32,1,False,0.296875,1,False,0.296875,1,False,0.296875,True,False,1,0
7412,5,age,115349,115350,32,3,True,0.140625;0.703125;0.828125,3,True,0.140625;0.703125;0.828125,3,True,0.140625;0.703125;0.828125,True,True,3,0
7413,5,age,115412,115411,32,1,False,0.296875,1,False,0.296875,1,False,0.296875,True,False,1,0
7414,5,age,115412,115413,32,3,True,0.140625;0.703125;0.828125,3,True,0.140625;0.703125;0.828125,3,True,0.140625;0.703125;0.828125,True,True,3,0
7415,5,age,115475,115474,32,1,False,0.296875,1,False,0.296875,1,False,0.296875,True,False,1,0
7416,5,age,115475,115476,32,3,True,0.140625;0.703125;0.828125,3,True,0.140625;0.703125;0.828125,3,True,0.140625;0.703125;0.828125,True,True,3,0
7417,5,age,115536,115535,32,1,False,0.296875,1,False,0.296875,1,False,0.296875,True,False,1,0
7418,5,age,115536,115537,32,3,True,0.078125;0.703125;0.765625,3,True,0.078125;0.703125;0.765625,3,True,0.078125;0.703125;0.765625,True,True,3,0
7419,5,age,115538,115537,32,1,False,0.296875,1,False,0.296875,1,False,0.296875,True,False,1,0
7420,5,age,115538,115539,32,3,True,0.140625;0.703125;0.828125,3,True,0.140625;0.703125;0.828125,3,True,0.140625;0.703125;0.828125,True,True,3,0
7421,5,age,115599,115598,32,1,False,0.296875,1,False,0.296875,1,False,0.296875,True,False,1,0
7422,5,age,115599,115600,32,3,True,0.078125;0.703125;0.984375,3,True,0.078125;0.703125;0.984375,3,True,0.078125;0.703125;0.984375,True,True,3,0
7423,5,age,115601,115600,32,1,False,0.296875,1,False,0.296875,1,False,0.296875,True,False,1,0
7424,5,age,115601,115602,32,3,True,0.140625;0.703125;0.828125,3,True,0.140625;0.703125;0.828125,3,True,0.140625;0.703125;0.828125,True,True,3,0
7425,5,age,115655,115654,32,3,True,0.109375;0.296875;0.921875,3,True,0.109375;0.296875;0.921875,3,True,0.109375;0.296875;0.921875,True,True,3,0
7426,5,age,115655,115656,32,1,False,0.078125,1,False,0.078125,1,False,0.078125,True,False,1,0
7427,5,age,115662,115661,32,1,False,0.984375,1,False,0.984375,1,False,0.984375,True,False,1,0
7428,5,age,115662,115663,32,1,False,0.765625,1,False,0.765625,1,False,0.765625,True,False,1,0
7429,5,age,115664,115663,32,1,False,0.296875,1,False,0.296875,1,False,0.296875,True,False,1,0
7430,5,age,115664,115665,32,3,True,0.140625;0.703125;0.828125,3,True,0.140625;0.703125;0.828125,3,True,0.140625;0.703125;0.828125,True,True,3,0
7431,5,age,115727,115726,32,1,False,0.296875,1,False,0.296875,1,False,0.296875,True,False,1,0
7432,5,age,115727,115728,32,3,True,0.140625;0.703125;0.828125,3,True,0.140625;0.703125;0.828125,3,True,0.140625;0.703125;0.828125,True,True,3,0
7433,5,age,115790,115789,32,1,False,0.296875,1,False,0.296875,1,False,0.296875,True,False,1,0
7434,5,age,115790,115791,32,3,True,0.140625;0.703125;0.828125,3,True,0.140625;0.703125;0.828125,3,True,0.140625;0.703125;0.828125,True,True,3,0
7435,5,age,115851,115850,32,1,False,0.296875,1,False,0.296875,1,False,0.296875,True,False,1,0
7436,5,age,115851,115852,32,3,True,0.078125;0.703125;0.765625,3,True,0.078125;0.703125;0.765625,3,True,0.078125;0.703125;0.765625,True,True,3,0
7437,5,age,115853,115852,32,1,False,0.296875,1,False,0.296875,1,False,0.296875,True,False,1,0
7438,5,age,115853,115854,32,3,True,0.140625;0.703125;0.828125,3,True,0.140625;0.703125;0.828125,3,True,0.140625;0.703125;0.828125,True,True,3,0
7439,5,age,115914,115913,32,1,False,0.296875,1,False,0.296875,1,False,0.296875,True,False,1,0
7440,5,age,115914,115915,32,3,True,0.078125;0.703125;0.984375,3,True,0.078125;0.703125;0.984375,3,True,0.078125;0.703125;0.984375,True,True,3,0
7441,5,age,115916,115915,32,1,False,0.296875,1,False,0.296875,1,False,0.296875,True,False,1,0
7442,5,age,115916,115917,32,3,True,0.140625;0.703125;0.828125,3,True,0.140625;0.703125;0.828125,3,True,0.140625;0.703125;0.828125,True,True,3,0
7443,5,age,115970,115969,32,3,True,0.109375;0.296875;0.921875,3,True,0.109375;0.296875;0.921875,3,True,0.109375;0.296875;0.921875,True,True,3,0
7444,5,age,115970,115971,32,1,False,0.078125,1,False,0.078125,1,False,0.078125,True,False,1,0
7445,5,age,115977,115976,32,1,False,0.984375,1,False,0.984375,1,False,0.984375,True,False,1,0
7446,5,age,115977,115978,32,1,False,0.765625,1,False,0.765625,1,False,0.765625,True,False,1,0
7447,5,age,115979,115978,32,1,False,0.296875,1,False,0.296875,1,False,0.296875,True,False,1,0
7448,5,age,115979,115980,32,3,True,0.140625;0.703125;0.828125,3,True,0.140625;0.703125;0.828125,3,True,0.140625;0.703125;0.828125,True,True,3,0
7449,5,age,116042,116041,32,1,False,0.296875,1,False,0.296875,1,False,0.296875,True,False,1,0
7450,5,age,116042,116043,32,3,True,0.140625;0.703125;0.828125,3,True,0.140625;0.703125;0.828125,3,True,0.140625;0.703125;0.828125,True,True,3,0
7451,5,age,116105,116104,32,1,False,0.296875,1,False,0.296875,1,False,0.296875,True,False,1,0
7452,5,age,116105,116106,32,3,True,0.140625;0.703125;0.828125,3,True,0.140625;0.703125;0.828125,3,True,0.140625;0.703125;0.828125,True,True,3,0
7453,5,age,116166,116165,32,1,False,0.296875,1,False,0.296875,1,False,0.296875,True,False,1,0
7454,5,age,116166,116167,32,3,True,0.078125;0.703125;0.765625,3,True,0.078125;0.703125;0.765625,3,True,0.078125;0.703125;0.765625,True,True,3,0
7455,5,age,116168,116167,32,1,False,0.296875,1,False,0.296875,1,False,0.296875,True,False,1,0
7456,5,age,116168,116169,32,3,True,0.140625;0.703125;0.828125,3,True,0.140625;0.703125;0.828125,3,True,0.140625;0.703125;0.828125,True,True,3,0
7457,5,age,116229,116228,32,1,False,0.296875,1,False,0.296875,1,False,0.296875,True,False,1,0
7458,5,age,116229,116230,32,3,True,0.078125;0.703125;0.984375,3,True,0.078125;0.703125;0.984375,3,True,0.078125;0.703125;0.984375,True,True,3,0
7459,5,age,116231,116230,32,1,False,0.296875,1,False,0.296875,1,False,0.296875,True,False,1,0
7460,5,age,116231,116232,32,3,True,0.140625;0.703125;0.828125,3,True,0.140625;0.703125;0.828125,3,True,0.140625;0.703125;0.828125,True,True,3,0
7461,5,age,116285,116284,32,3,True,0.109375;0.296875;0.921875,3,True,0.109375;0.296875;0.921875,3,True,0.109375;0.296875;0.921875,True,True,3,0
7462,5,age,116285,116286,32,1,False,0.078125,1,False,0.078125,1,False,0.078125,True,False,1,0
7463,5,age,116292,116291,32,1,False,0.984375,1,False,0.984375,1,False,0.984375,True,False,1,0
7464,5,age,116292,116293,32,1,False,0.765625,1,False,0.765625,1,False,0.765625,True,False,1,0
7465,5,age,116294,116293,32,1,False,0.296875,1,False,0.296875,1,False,0.296875,True,False,1,0
7466,5,age,116294,116295,32,3,True,0.140625;0.703125;0.828125,3,True,0.140625;0.703125;0.828125,3,True,0.140625;0.703125;0.828125,True,True,3,0
7467,5,age,116357,116356,32,1,False,0.296875,1,False,0.296875,1,False,0.296875,True,False,1,0
7468,5,age,116357,116358,32,3,True,0.140625;0.703125;0.828125,3,True,0.140625;0.703125;0.828125,3,True,0.140625;0.703125;0.828125,True,True,3,0
7469,5,age,116420,116419,32,1,False,0.296875,1,False,0.296875,1,False,0.296875,True,False,1,0
7470,5,age,116420,116421,32,3,True,0.140625;0.703125;0.828125,3,True,0.140625;0.703125;0.828125,3,True,0.140625;0.703125;0.828125,True,True,3,0
7471,5,age,116481,116480,32,1,False,0.296875,1,False,0.296875,1,False,0.296875,True,False,1,0
7472,5,age,116481,116482,32,3,True,0.078125;0.703125;0.765625,3,True,0.078125;0.703125;0.765625,3,True,0.078125;0.703125;0.765625,True,True,3,0
7473,5,age,116483,116482,32,1,False,0.296875,1,False,0.296875,1,False,0.296875,True,False,1,0
7474,5,age,116483,116484,32,3,True,0.140625;0.703125;0.828125,3,True,0.140625;0.703125;0.828125,3,True,0.140625;0.703125;0.828125,True,True,3,0
7475,5,age,116544,116543,32,1,False,0.296875,1,False,0.296875,1,False,0.296875,True,False,1,0
7476,5,age,116544,116545,32,3,True,0.078125;0.703125;0.984375,3,True,0.078125;0.703125;0.984375,3,True,0.078125;0.703125;0.984375,True,True,3,0
7477,5,age,116546,116545,32,1,False,0.296875,1,False,0.296875,1,False,0.296875,True,False,1,0
7478,5,age,116546,116547,32,3,True,0.140625;0.703125;0.828125,3,True,0.140625;0.703125;0.828125,3,True,0.140625;0.703125;0.828125,True,True,3,0
7479,5,age,116600,116599,32,3,True,0.109375;0.296875;0.921875,3,True,0.109375;0.296875;0.921875,3,True,0.109375;0.296875;0.921875,True,True,3,0
7480,5,age,116600,116601,32,1,False,0.078125,1,False,0.078125,1,False,0.078125,True,False,1,0
7481,5,age,116607,116606,32,1,False,0.984375,1,False,0.984375,1,False,0.984375,True,False,1,0
7482,5,age,116607,116608,32,1,False,0.765625,1,False,0.765625,1,False,0.765625,True,False,1,0
7483,5,age,116609,116608,32,1,False,0.296875,1,False,0.296875,1,False,0.296875,True,False,1,0
7484,5,age,116609,116610,32,3,True,0.140625;0.703125;0.828125,3,True,0.140625;0.703125;0.828125,3,True,0.140625;0.703125;0.828125,True,True,3,0
7485,5,age,116672,116671,32,1,False,0.296875,1,False,0.296875,1,False,0.296875,True,False,1,0
7486,5,age,116672,116673,32,3,True,0.140625;0.703125;0.828125,3,True,0.140625;0.703125;0.828125,3,True,0.140625;0.703125;0.828125,True,True,3,0
7487,5,age,116735,116734,32,1,False,0.296875,1,False,0.296875,1,False,0.296875,True,False,1,0
7488,5,age,116735,116736,32,3,True,0.140625;0.703125;0.828125,3,True,0.140625;0.703125;0.828125,3,True,0.140625;0.703125;0.828125,True,True,3,0
7489,5,age,116796,116795,32,1,False,0.296875,1,False,0.296875,1,False,0.296875,True,False,1,0
7490,5,age,116796,116797,32,3,True,0.078125;0.703125;0.765625,3,True,0.078125;0.703125;0.765625,3,True,0.078125;0.703125;0.765625,True,True,3,0
7491,5,age,116798,116797,32,1,False,0.296875,1,False,0.296875,1,False,0.296875,True,False,1,0
7492,5,age,116798,116799,32,3,True,0.140625;0.703125;0.828125,3,True,0.140625;0.703125;0.828125,3,True,0.140625;0.703125;0.828125,True,True,3,0
7493,5,age,116859,116858,32,1,False,0.296875,1,False,0.296875,1,False,0.296875,True,False,1,0
7494,5,age,116859,116860,32,3,True,0.078125;0.703125;0.984375,3,True,0.078125;0.703125;0.984375,3,True,0.078125;0.703125;0.984375,True,True,3,0
7495,5,age,116861,116860,32,1,False,0.296875,1,False,0.296875,1,False,0.296875,True,False,1,0
7496,5,age,116861,116862,32,3,True,0.140625;0.703125;0.828125,3,True,0.140625;0.703125;0.828125,3,True,0.140625;0.703125;0.828125,True,True,3,0
7497,5,age,116915,116914,32,3,True,0.109375;0.296875;0.921875,3,True,0.109375;0.296875;0.921875,3,True,0.109375;0.296875;0.921875,True,True,3,0
7498,5,age,116915,116916,32,1,False,0.078125,1,False,0.078125,1,False,0.078125,True,False,1,0
7499,5,age,116922,116921,32,1,False,0.984375,1,False,0.984375,1,False,0.984375,True,False,1,0
7500,5,age,116922,116923,32,1,False,0.765625,1,False,0.765625,1,False,0.765625,True,False,1,0
7501,5,age,116924,116923,32,1,False,0.296875,1,False,0.296875,1,False,0.296875,True,False,1,0
7502,5,age,116924,116925,32,3,True,0.140625;0.703125;0.828125,3,True,0.140625;0.703125;0.828125,3,True,0.140625;0.703125;0.828125,True,True,3,0
7503,5,age,116987,116986,32,1,False,0.296875,1,False,0.296875,1,False,0.296875,True,False,1,0
7504,5,age,116987,116988,32,3,True,0.140625;0.703125;0.828125,3,True,0.140625;0.703125;0.828125,3,True,0.140625;0.703125;0.828125,True,True,3,0
7505,5,age,117050,117049,32,1,False,0.296875,1,False,0.296875,1,False,0.296875,True,False,1,0
7506,5,age,117050,117051,32,3,True,0.140625;0.703125;0.828125,3,True,0.140625;0.703125;0.828125,3,True,0.140625;0.703125;0.828125,True,True,3,0
7507,5,age,117111,117110,32,1,False,0.296875,1,False,0.296875,1,False,0.296875,True,False,1,0
7508,5,age,117111,117112,32,3,True,0.078125;0.703125;0.765625,3,True,0.078125;0.703125;0.765625,3,True,0.078125;0.703125;0.765625,True,True,3,0
7509,5,age,117113,117112,32,1,False,0.296875,1,False,0.296875,1,False,0.296875,True,False,1,0
7510,5,age,117113,117114,32,3,True,0.140625;0.703125;0.828125,3,True,0.140625;0.703125;0.828125,3,True,0.140625;0.703125;0.828125,True,True,3,0
7511,5,age,117174,117173,32,1,False,0.296875,1,False,0.296875,1,False,0.296875,True,False,1,0
7512,5,age,117174,117175,32,3,True,0.078125;0.703125;0.984375,3,True,0.078125;0.703125;0.984375,3,True,0.078125;0.703125;0.984375,True,True,3,0
7513,5,age,117176,117175,32,1,False,0.296875,1,False,0.296875,1,False,0.296875,True,False,1,0
7514,5,age,117176,117177,32,3,True,0.140625;0.703125;0.828125,3,True,0.140625;0.703125;0.828125,3,True,0.140625;0.703125;0.828125,True,True,3,0
7515,5,age,117230,117229,32,3,True,0.109375;0.296875;0.921875,3,True,0.109375;0.296875;0.921875,3,True,0.109375;0.296875;0.921875,True,True,3,0
7516,5,age,117230,117231,32,1,False,0.078125,1,False,0.078125,1,False,0.078125,True,False,1,0
7517,5,age,117237,117236,32,1,False,0.984375,1,False,0.984375,1,False,0.984375,True,False,1,0
7518,5,age,117237,117238,32,1,False,0.765625,1,False,0.765625,1,False,0.765625,True,False,1,0
7519,5,age,117239,117238,32,1,False,0.296875,1,False,0.296875,1,False,0.296875,True,False,1,0
7520,5,age,117239,117240,32,3,True,0.140625;0.703125;0.828125,3,True,0.140625;0.703125;0.828125,3,True,0.140625;0.703125;0.828125,True,True,3,0
7521,5,age,117302,117301,32,1,False,0.296875,1,False,0.296875,1,False,0.296875,True,False,1,0
7522,5,age,117302,117303,32,3,True,0.140625;0.703125;0.828125,3,True,0.140625;0.703125;0.828125,3,True,0.140625;0.703125;0.828125,True,True,3,0
7523,5,age,117365,117364,32,1,False,0.296875,1,False,0.296875,1,False,0.296875,True,False,1,0
7524,5,age,117365,117366,32,3,True,0.140625;0.703125;0.828125,3,True,0.140625;0.703125;0.828125,3,True,0.140625;0.703125;0.828125,True,True,3,0
7525,5,age,117426,117425,32,1,False,0.296875,1,False,0.296875,1,False,0.296875,True,False,1,0
7526,5,age,117426,117427,32,3,True,0.078125;0.703125;0.765625,3,True,0.078125;0.703125;0.765625,3,True,0.078125;0.703125;0.765625,True,True,3,0
7527,5,age,117428,117427,32,1,False,0.296875,1,False,0.296875,1,False,0.296875,True,False,1,0
7528,5,age,117428,117429,32,3,True,0.140625;0.703125;0.828125,3,True,0.140625;0.703125;0.828125,3,True,0.140625;0.703125;0.828125,True,True,3,0
7529,5,age,117489,117488,32,1,False,0.296875,1,False,0.296875,1,False,0.296875,True,False,1,0
7530,5,age,117489,117490,32,3,True,0.078125;0.703125;0.984375,3,True,0.078125;0.703125;0.984375,3,True,0.078125;0.703125;0.984375,True,True,3,0
7531,5,age,117491,117490,32,1,False,0.296875,1,False,0.296875,1,False,0.296875,True,False,1,0
7532,5,age,117491,117492,32,3,True,0.140625;0.703125;0.828125,3,True,0.140625;0.703125;0.828125,3,True,0.140625;0.703125;0.828125,True,True,3,0
7533,5,age,117545,117544,32,3,True,0.109375;0.296875;0.921875,3,True,0.109375;0.296875;0.921875,3,True,0.109375;0.296875;0.921875,True,True,3,0
7534,5,age,117545,117546,32,1,False,0.078125,1,False,0.078125,1,False,0.078125,True,False,1,0
7535,5,age,117552,117551,32,1,False,0.984375,1,False,0.984375,1,False,0.984375,True,False,1,0
7536,5,age,117552,117553,32,1,False,0.765625,1,False,0.765625,1,False,0.765625,True,False,1,0
7537,5,age,117554,117553,32,1,False,0.296875,1,False,0.296875,1,False,0.296875,True,False,1,0
7538,5,age,117554,117555,32,3,True,0.140625;0.703125;0.828125,3,True,0.140625;0.703125;0.828125,3,True,0.140625;0.703125;0.828125,True,True,3,0
7539,5,age,117617,117616,32,1,False,0.296875,1,False,0.296875,1,False,0.296875,True,False,1,0
7540,5,age,117617,117618,32,3,True,0.140625;0.703125;0.828125,3,True,0.140625;0.703125;0.828125,3,True,0.140625;0.703125;0.828125,True,True,3,0
7541,5,age,117680,117679,32,1,False,0.296875,1,False,0.296875,1,False,0.296875,True,False,1,0
7542,5,age,117680,117681,32,3,True,0.140625;0.703125;0.828125,3,True,0.140625;0.703125;0.828125,3,True,0.140625;0.703125;0.828125,True,True,3,0
7543,5,age,117741,117740,32,1,False,0.296875,1,False,0.296875,1,False,0.296875,True,False,1,0
7544,5,age,117741,117742,32,3,True,0.078125;0.703125;0.765625,3,True,0.078125;0.703125;0.765625,3,True,0.078125;0.703125;0.765625,True,True,3,0
7545,5,age,117743,117742,32,1,False,0.296875,1,False,0.296875,1,False,0.296875,True,False,1,0
7546,5,age,117743,117744,32,3,True,0.140625;0.703125;0.828125,3,True,0.140625;0.703125;0.828125,3,True,0.140625;0.703125;0.828125,True,True,3,0
7547,5,age,117804,117803,32,1,False,0.296875,1,False,0.296875,1,False,0.296875,True,False,1,0
7548,5,age,117804,117805,32,3,True,0.078125;0.703125;0.984375,3,True,0.078125;0.703125;0.984375,3,True,0.078125;0.703125;0.984375,True,True,3,0
7549,5,age,117806,117805,32,1,False,0.296875,1,False,0.296875,1,False,0.296875,True,False,1,0
7550,5,age,117806,117807,32,3,True,0.140625;0.703125;0.828125,3,True,0.140625;0.703125;0.828125,3,True,0.140625;0.703125;0.828125,True,True,3,0
7551,5,age,117860,117859,32,3,True,0.109375;0.296875;0.921875,3,True,0.109375;0.296875;0.921875,3,True,0.109375;0.296875;0.921875,True,True,3,0
7552,5,age,117860,117861,32,1,False,0.078125,1,False,0.078125,1,False,0.078125,True,False,1,0
7553,5,age,117867,117866,32,1,False,0.984375,1,False,0.984375,1,False,0.984375,True,False,1,0
7554,5,age,117867,117868,32,1,False,0.765625,1,False,0.765625,1,False,0.765625,True,False,1,0
7555,5,age,117869,117868,32,1,False,0.296875,1,False,0.296875,1,False,0.296875,True,False,1,0
7556,5,age,117869,117870,32,3,True,0.140625;0.703125;0.828125,3,True,0.140625;0.703125;0.828125,3,True,0.140625;0.703125;0.828125,True,True,3,0
7557,5,age,117932,117931,32,1,False,0.296875,1,False,0.296875,1,False,0.296875,True,False,1,0
7558,5,age,117932,117933,32,3,True,0.140625;0.703125;0.828125,3,True,0.140625;0.703125;0.828125,3,True,0.140625;0.703125;0.828125,True,True,3,0
7559,5,age,117995,117994,32,1,False,0.296875,1,False,0.296875,1,False,0.296875,True,False,1,0
7560,5,age,117995,117996,32,3,True,0.140625;0.703125;0.828125,3,True,0.140625;0.703125;0.828125,3,True,0.140625;0.703125;0.828125,True,True,3,0
7561,5,age,118056,118055,32,1,False,0.296875,1,False,0.296875,1,False,0.296875,True,False,1,0
7562,5,age,118056,118057,32,3,True,0.078125;0.703125;0.765625,3,True,0.078125;0.703125;0.765625,3,True,0.078125;0.703125;0.765625,True,True,3,0
7563,5,age,118058,118057,32,1,False,0.296875,1,False,0.296875,1,False,0.296875,True,False,1,0
7564,5,age,118058,118059,32,3,True,0.140625;0.703125;0.828125,3,True,0.140625;0.703125;0.828125,3,True,0.140625;0.703125;0.828125,True,True,3,0
7565,5,age,118119,118118,32,1,False,0.296875,1,False,0.296875,1,False,0.296875,True,False,1,0
7566,5,age,118119,118120,32,3,True,0.078125;0.703125;0.984375,3,True,0.078125;0.703125;0.984375,3,True,0.078125;0.703125;0.984375,True,True,3,0
7567,5,age,118121,118120,32,1,False,0.296875,1,False,0.296875,1,False,0.296875,True,False,1,0
7568,5,age,118121,118122,32,3,True,0.140625;0.703125;0.828125,3,True,0.140625;0.703125;0.828125,3,True,0.140625;0.703125;0.828125,True,True,3,0
7569,5,age,118175,118174,32,3,True,0.109375;0.296875;0.921875,3,True,0.109375;0.296875;0.921875,3,True,0.109375;0.296875;0.921875,True,True,3,0
7570,5,age,118175,118176,32,1,False,0.078125,1,False,0.078125,1,False,0.078125,True,False,1,0
7571,5,age,118182,118181,32,1,False,0.984375,1,False,0.984375,1,False,0.984375,True,False,1,0
7572,5,age,118182,118183,32,1,False,0.765625,1,False,0.765625,1,False,0.765625,True,False,1,0
7573,5,age,118184,118183,32,1,False,0.296875,1,False,0.296875,1,False,0.296875,True,False,1,0
7574,5,age,118184,118185,32,3,True,0.140625;0.703125;0.828125,3,True,0.140625;0.703125;0.828125,3,True,0.140625;0.703125;0.828125,True,True,3,0
7575,5,age,118247,118246,32,1,False,0.296875,1,False,0.296875,1,False,0.296875,True,False,1,0
7576,5,age,118247,118248,32,3,True,0.140625;0.703125;0.828125,3,True,0.140625;0.703125;0.828125,3,True,0.140625;0.703125;0.828125,True,True,3,0
7577,5,age,118310,118309,32,1,False,0.296875,1,False,0.296875,1,False,0.296875,True,False,1,0
7578,5,age,118310,118311,32,3,True,0.140625;0.703125;0.828125,3,True,0.140625;0.703125;0.828125,3,True,0.140625;0.703125;0.828125,True,True,3,0
7579,5,age,118371,118370,32,1,False,0.296875,1,False,0.296875,1,False,0.296875,True,False,1,0
7580,5,age,118371,118372,32,3,True,0.078125;0.703125;0.765625,3,True,0.078125;0.703125;0.765625,3,True,0.078125;0.703125;0.765625,True,True,3,0
7581,5,age,118373,118372,32,1,False,0.296875,1,False,0.296875,1,False,0.296875,True,False,1,0
7582,5,age,118373,118374,32,3,True,0.140625;0.703125;0.828125,3,True,0.140625;0.703125;0.828125,3,True,0.140625;0.703125;0.828125,True,True,3,0
7583,5,age,118434,118433,32,1,False,0.296875,1,False,0.296875,1,False,0.296875,True,False,1,0
7584,5,age,118434,118435,32,3,True,0.078125;0.703125;0.984375,3,True,0.078125;0.703125;0.984375,3,True,0.078125;0.703125;0.984375,True,True,3,0
7585,5,age,118436,118435,32,1,False,0.296875,1,False,0.296875,1,False,0.296875,True,False,1,0
7586,5,age,118436,118437,32,3,True,0.140625;0.703125;0.828125,3,True,0.140625;0.703125;0.828125,3,True,0.140625;0.703125;0.828125,True,True,3,0
7587,5,age,118490,118489,32,3,True,0.109375;0.296875;0.921875,3,True,0.109375;0.296875;0.921875,3,True,0.109375;0.296875;0.921875,True,True,3,0
7588,5,age,118490,118491,32,1,False,0.078125,1,False,0.078125,1,False,0.078125,True,False,1,0
7589,5,age,118497,118496,32,1,False,0.984375,1,False,0.984375,1,False,0.984375,True,False,1,0
7590,5,age,118497,118498,32,1,False,0.765625,1,False,0.765625,1,False,0.765625,True,False,1,0
7591,5,age,118499,118498,32,1,False,0.296875,1,False,0.296875,1,False,0.296875,True,False,1,0
7592,5,age,118499,118500,32,3,True,0.140625;0.703125;0.828125,3,True,0.140625;0.703125;0.828125,3,True,0.140625;0.703125;0.828125,True,True,3,0
7593,5,age,118562,118561,32,1,False,0.296875,1,False,0.296875,1,False,0.296875,True,False,1,0
7594,5,age,118562,118563,32,3,True,0.140625;0.703125;0.828125,3,True,0.140625;0.703125;0.828125,3,True,0.140625;0.703125;0.828125,True,True,3,0
7595,5,age,118625,118624,32,1,False,0.296875,1,False,0.296875,1,False,0.296875,True,False,1,0
7596,5,age,118625,118626,32,3,True,0.140625;0.703125;0.828125,3,True,0.140625;0.703125;0.828125,3,True,0.140625;0.703125;0.828125,True,True,3,0
7597,5,age,118686,118685,32,1,False,0.296875,1,False,0.296875,1,False,0.296875,True,False,1,0
7598,5,age,118686,118687,32,3,True,0.078125;0.703125;0.765625,3,True,0.078125;0.703125;0.765625,3,True,0.078125;0.703125;0.765625,True,True,3,0
7599,5,age,118688,118687,32,1,False,0.296875,1,False,0.296875,1,False,0.296875,True,False,1,0
7600,5,age,118688,118689,32,3,True,0.140625;0.703125;0.828125,3,True,0.140625;0.703125;0.828125,3,True,0.140625;0.703125;0.828125,True,True,3,0
7601,5,age,118749,118748,32,1,False,0.296875,1,False,0.296875,1,False,0.296875,True,False,1,0
7602,5,age,118749,118750,32,3,True,0.078125;0.703125;0.984375,3,True,0.078125;0.703125;0.984375,3,True,0.078125;0.703125;0.984375,True,True,3,0
7603,5,age,118751,118750,32,1,False,0.296875,1,False,0.296875,1,False,0.296875,True,False,1,0
7604,5,age,118751,118752,32,3,True,0.140625;0.703125;0.828125,3,True,0.140625;0.703125;0.828125,3,True,0.140625;0.703125;0.828125,True,True,3,0
7605,5,age,118805,118804,32,3,True,0.109375;0.296875;0.921875,3,True,0.109375;0.296875;0.921875,3,True,0.109375;0.296875;0.921875,True,True,3,0
7606,5,age,118805,118806,32,1,False,0.078125,1,False,0.078125,1,False,0.078125,True,False,1,0
7607,5,age,118812,118811,32,1,False,0.984375,1,False,0.984375,1,False,0.984375,True,False,1,0
7608,5,age,118812,118813,32,1,False,0.765625,1,False,0.765625,1,False,0.765625,True,False,1,0
7609,5,age,118814,118813,32,1,False,0.296875,1,False,0.296875,1,False,0.296875,True,False,1,0
7610,5,age,118814,118815,32,3,True,0.140625;0.703125;0.828125,3,True,0.140625;0.703125;0.828125,3,True,0.140625;0.703125;0.828125,True,True,3,0
7611,5,age,118877,118876,32,1,False,0.296875,1,False,0.296875,1,False,0.296875,True,False,1,0
7612,5,age,118877,118878,32,3,True,0.140625;0.703125;0.828125,3,True,0.140625;0.703125;0.828125,3,True,0.140625;0.703125;0.828125,True,True,3,0
7613,5,age,118940,118939,32,1,False,0.296875,1,False,0.296875,1,False,0.296875,True,False,1,0
7614,5,age,118940,118941,32,3,True,0.140625;0.703125;0.828125,3,True,0.140625;0.703125;0.828125,3,True,0.140625;0.703125;0.828125,True,True,3,0
7615,5,age,119001,119000,32,1,False,0.296875,1,False,0.296875,1,False,0.296875,True,False,1,0
7616,5,age,119001,119002,32,3,True,0.078125;0.703125;0.765625,3,True,0.078125;0.703125;0.765625,3,True,0.078125;0.703125;0.765625,True,True,3,0
7617,5,age,119003,119002,32,1,False,0.296875,1,False,0.296875,1,False,0.296875,True,False,1,0
7618,5,age,119003,119004,32,3,True,0.140625;0.703125;0.828125,3,True,0.140625;0.703125;0.828125,3,True,0.140625;0.703125;0.828125,True,True,3,0
7619,5,age,119064,119063,32,1,False,0.296875,1,False,0.296875,1,False,0.296875,True,False,1,0
7620,5,age,119064,119065,32,3,True,0.078125;0.703125;0.984375,3,True,0.078125;0.703125;0.984375,3,True,0.078125;0.703125;0.984375,True,True,3,0
7621,5,age,119066,119065,32,1,False,0.296875,1,False,0.296875,1,False,0.296875,True,False,1,0
7622,5,age,119066,119067,32,3,True,0.140625;0.703125;0.828125,3,True,0.140625;0.703125;0.828125,3,True,0.140625;0.703125;0.828125,True,True,3,0
7623,5,age,119120,119119,32,3,True,0.109375;0.296875;0.921875,3,True,0.109375;0.296875;0.921875,3,True,0.109375;0.296875;0.921875,True,True,3,0
7624,5,age,119120,119121,32,1,False,0.078125,1,False,0.078125,1,False,0.078125,True,False,1,0
7625,5,age,119127,119126,32,1,False,0.984375,1,False,0.984375,1,False,0.984375,True,False,1,0
7626,5,age,119127,119128,32,1,False,0.765625,1,False,0.765625,1,False,0.765625,True,False,1,0
7627,5,age,119129,119128,32,1,False,0.296875,1,False,0.296875,1,False,0.296875,True,False,1,0
7628,5,age,119129,119130,32,3,True,0.140625;0.703125;0.828125,3,True,0.140625;0.703125;0.828125,3,True,0.140625;0.703125;0.828125,True,True,3,0
7629,5,age,119192,119191,32,1,False,0.296875,1,False,0.296875,1,False,0.296875,True,False,1,0
7630,5,age,119192,119193,32,3,True,0.140625;0.703125;0.828125,3,True,0.140625;0.703125;0.828125,3,True,0.140625;0.703125;0.828125,True,True,3,0
7631,5,age,119255,119254,32,1,False,0.296875,1,False,0.296875,1,False,0.296875,True,False,1,0
7632,5,age,119255,119256,32,3,True,0.140625;0.703125;0.828125,3,True,0.140625;0.703125;0.828125,3,True,0.140625;0.703125;0.828125,True,True,3,0
7633,5,age,119316,119315,32,1,False,0.296875,1,False,0.296875,1,False,0.296875,True,False,1,0
7634,5,age,119316,119317,32,3,True,0.078125;0.703125;0.765625,3,True,0.078125;0.703125;0.765625,3,True,0.078125;0.703125;0.765625,True,True,3,0
7635,5,age,119318,119317,32,1,False,0.296875,1,False,0.296875,1,False,0.296875,True,False,1,0
7636,5,age,119318,119319,32,3,True,0.140625;0.703125;0.828125,3,True,0.140625;0.703125;0.828125,3,True,0.140625;0.703125;0.828125,True,True,3,0
7637,5,age,119379,119378,32,1,False,0.296875,1,False,0.296875,1,False,0.296875,True,False,1,0
7638,5,age,119379,119380,32,3,True,0.078125;0.703125;0.984375,3,True,0.078125;0.703125;0.984375,3,True,0.078125;0.703125;0.984375,True,True,3,0
7639,5,age,119381,119380,32,1,False,0.296875,1,False,0.296875,1,False,0.296875,True,False,1,0
7640,5,age,119381,119382,32,3,True,0.140625;0.703125;0.828125,3,True,0.140625;0.703125;0.828125,3,True,0.140625;0.703125;0.828125,True,True,3,0
7641,5,age,119435,119434,32,3,True,0.109375;0.296875;0.921875,3,True,0.109375;0.296875;0.921875,3,True,0.109375;0.296875;0.921875,True,True,3,0
7642,5,age,119435,119436,32,1,False,0.078125,1,False,0.078125,1,False,0.078125,True,False,1,0
7643,5,age,119442,119441,32,1,False,0.984375,1,False,0.984375,1,False,0.984375,True,False,1,0
7644,5,age,119442,119443,32,1,False,0.765625,1,False,0.765625,1,False,0.765625,True,False,1,0
7645,5,age,119444,119443,32,1,False,0.296875,1,False,0.296875,1,False,0.296875,True,False,1,0
7646,5,age,119444,119445,32,3,True,0.140625;0.703125;0.828125,3,True,0.140625;0.703125;0.828125,3,True,0.140625;0.703125;0.828125,True,True,3,0
7647,5,age,119507,119506,32,1,False,0.296875,1,False,0.296875,1,False,0.296875,True,False,1,0
7648,5,age,119507,119508,32,3,True,0.140625;0.703125;0.828125,3,True,0.140625;0.703125;0.828125,3,True,0.140625;0.703125;0.828125,True,True,3,0
7649,5,age,119570,119569,32,1,False,0.296875,1,False,0.296875,1,False,0.296875,True,False,1,0
7650,5,age,119570,119571,32,3,True,0.140625;0.703125;0.828125,3,True,0.140625;0.703125;0.828125,3,True,0.140625;0.703125;0.828125,True,True,3,0
7651,5,age,119631,119630,32,1,False,0.296875,1,False,0.296875,1,False,0.296875,True,False,1,0
7652,5,age,119631,119632,32,3,True,0.078125;0.703125;0.765625,3,True,0.078125;0.703125;0.765625,3,True,0.078125;0.703125;0.765625,True,True,3,0
7653,5,age,119633,119632,32,1,False,0.296875,1,False,0.296875,1,False,0.296875,True,False,1,0
7654,5,age,119633,119634,32,3,True,0.140625;0.703125;0.828125,3,True,0.140625;0.703125;0.828125,3,True,0.140625;0.703125;0.828125,True,True,3,0
7655,5,age,119694,119693,32,1,False,0.296875,1,False,0.296875,1,False,0.296875,True,False,1,0
7656,5,age,119694,119695,32,3,True,0.078125;0.703125;0.984375,3,True,0.078125;0.703125;0.984375,3,True,0.078125;0.703125;0.984375,True,True,3,0
7657,5,age,119696,119695,32,1,False,0.296875,1,False,0.296875,1,False,0.296875,True,False,1,0
7658,5,age,119696,119697,32,3,True,0.140625;0.703125;0.828125,3,True,0.140625;0.703125;0.828125,3,True,0.140625;0.703125;0.828125,True,True,3,0
7659,5,age,119750,119749,32,3,True,0.109375;0.296875;0.921875,3,True,0.109375;0.296875;0.921875,3,True,0.109375;0.296875;0.921875,True,True,3,0
7660,5,age,119750,119751,32,1,False,0.078125,1,False,0.078125,1,False,0.078125,True,False,1,0
7661,5,age,119757,119756,32,1,False,0.984375,1,False,0.984375,1,False,0.984375,True,False,1,0
7662,5,age,119757,119758,32,1,False,0.765625,1,False,0.765625,1,False,0.765625,True,False,1,0
7663,5,age,119759,119758,32,1,False,0.296875,1,False,0.296875,1,False,0.296875,True,False,1,0
7664,5,age,119759,119760,32,3,True,0.140625;0.703125;0.828125,3,True,0.140625;0.703125;0.828125,3,True,0.140625;0.703125;0.828125,True,True,3,0
7665,5,age,119822,119821,32,1,False,0.296875,1,False,0.296875,1,False,0.296875,True,False,1,0
7666,5,age,119822,119823,32,3,True,0.140625;0.703125;0.828125,3,True,0.140625;0.703125;0.828125,3,True,0.140625;0.703125;0.828125,True,True,3,0
7667,5,age,119885,119884,32,1,False,0.296875,1,False,0.296875,1,False,0.296875,True,False,1,0
7668,5,age,119885,119886,32,3,True,0.140625;0.703125;0.828125,3,True,0.140625;0.703125;0.828125,3,True,0.140625;0.703125;0.828125,True,True,3,0
7669,5,age,119946,119945,32,1,False,0.296875,1,False,0.296875,1,False,0.296875,True,False,1,0
7670,5,age,119946,119947,32,3,True,0.078125;0.703125;0.765625,3,True,0.078125;0.703125;0.765625,3,True,0.078125;0.703125;0.765625,True,True,3,0
7671,5,age,119948,119947,32,1,False,0.296875,1,False,0.296875,1,False,0.296875,True,False,1,0
7672,5,age,119948,119949,32,3,True,0.140625;0.703125;0.828125,3,True,0.140625;0.703125;0.828125,3,True,0.140625;0.703125;0.828125,True,True,3,0
7673,5,age,120009,120008,32,1,False,0.296875,1,False,0.296875,1,False,0.296875,True,False,1,0
7674,5,age,120009,120010,32,3,True,0.078125;0.703125;0.984375,3,True,0.078125;0.703125;0.984375,3,True,0.078125;0.703125;0.984375,True,True,3,0
7675,5,age,120011,120010,32,1,False,0.296875,1,False,0.296875,1,False,0.296875,True,False,1,0
7676,5,age,120011,120012,32,3,True,0.140625;0.703125;0.828125,3,True,0.140625;0.703125;0.828125,3,True,0.140625;0.703125;0.828125,True,True,3,0
7677,5,age,120065,120064,32,3,True,0.109375;0.296875;0.921875,3,True,0.109375;0.296875;0.921875,3,True,0.109375;0.296875;0.921875,True,True,3,0
7678,5,age,120065,120066,32,1,False,0.078125,1,False,0.078125,1,False,0.078125,True,False,1,0
7679,5,age,120072,120071,32,1,False,0.984375,1,False,0.984375,1,False,0.984375,True,False,1,0
7680,5,age,120072,120073,32,1,False,0.765625,1,False,0.765625,1,False,0.765625,True,False,1,0
7681,5,age,120074,120073,32,1,False,0.296875,1,False,0.296875,1,False,0.296875,True,False,1,0
7682,5,age,120074,120075,32,3,True,0.140625;0.703125;0.828125,3,True,0.140625;0.703125;0.828125,3,True,0.140625;0.703125;0.828125,True,True,3,0
7683,5,age,120137,120136,32,1,False,0.296875,1,False,0.296875,1,False,0.296875,True,False,1,0
7684,5,age,120137,120138,32,3,True,0.140625;0.703125;0.828125,3,True,0.140625;0.703125;0.828125,3,True,0.140625;0.703125;0.828125,True,True,3,0
7685,5,age,120200,120199,32,1,False,0.296875,1,False,0.296875,1,False,0.296875,True,False,1,0
7686,5,age,120200,120201,32,3,True,0.140625;0.703125;0.828125,3,True,0.140625;0.703125;0.828125,3,True,0.140625;0.703125;0.828125,True,True,3,0
7687,5,age,120261,120260,32,1,False,0.296875,1,False,0.296875,1,False,0.296875,True,False,1,0
7688,5,age,120261,120262,32,3,True,0.078125;0.703125;0.765625,3,True,0.078125;0.703125;0.765625,3,True,0.078125;0.703125;0.765625,True,True,3,0
7689,5,age,120263,120262,32,1,False,0.296875,1,False,0.296875,1,False,0.296875,True,False,1,0
7690,5,age,120263,120264,32,3,True,0.140625;0.703125;0.828125,3,True,0.140625;0.703125;0.828125,3,True,0.140625;0.703125;0.828125,True,True,3,0
7691,5,age,120324,120323,32,1,False,0.296875,1,False,0.296875,1,False,0.296875,True,False,1,0
7692,5,age,120324,120325,32,3,True,0.078125;0.703125;0.984375,3,True,0.078125;0.703125;0.984375,3,True,0.078125;0.703125;0.984375,True,True,3,0
7693,5,age,120326,120325,32,1,False,0.296875,1,False,0.296875,1,False,0.296875,True,False,1,0
7694,5,age,120326,120327,32,3,True,0.140625;0.703125;0.828125,3,True,0.140625;0.703125;0.828125,3,True,0.140625;0.703125;0.828125,True,True,3,0
7695,5,age,120380,120379,32,3,True,0.109375;0.296875;0.921875,3,True,0.109375;0.296875;0.921875,3,True,0.109375;0.296875;0.921875,True,True,3,0
7696,5,age,120380,120381,32,1,False,0.078125,1,False,0.078125,1,False,0.078125,True,False,1,0
7697,5,age,120387,120386,32,1,False,0.984375,1,False,0.984375,1,False,0.984375,True,False,1,0
7698,5,age,120387,120388,32,1,False,0.765625,1,False,0.765625,1,False,0.765625,True,False,1,0
7699,5,age,120389,120388,32,1,False,0.296875,1,False,0.296875,1,False,0.296875,True,False,1,0
7700,5,age,120389,120390,32,3,True,0.140625;0.703125;0.828125,3,True,0.140625;0.703125;0.828125,3,True,0.140625;0.703125;0.828125,True,True,3,0
7701,5,age,120452,120451,32,1,False,0.296875,1,False,0.296875,1,False,0.296875,True,False,1,0
7702,5,age,120452,120453,32,3,True,0.140625;0.703125;0.828125,3,True,0.140625;0.703125;0.828125,3,True,0.140625;0.703125;0.828125,True,True,3,0
7703,5,age,120515,120514,32,1,False,0.296875,1,False,0.296875,1,False,0.296875,True,False,1,0
7704,5,age,120515,120516,32,3,True,0.140625;0.703125;0.828125,3,True,0.140625;0.703125;0.828125,3,True,0.140625;0.703125;0.828125,True,True,3,0
7705,5,age,120576,120575,32,1,False,0.296875,1,False,0.296875,1,False,0.296875,True,False,1,0
7706,5,age,120576,120577,32,3,True,0.078125;0.703125;0.765625,3,True,0.078125;0.703125;0.765625,3,True,0.078125;0.703125;0.765625,True,True,3,0
7707,5,age,120578,120577,32,1,False,0.296875,1,False,0.296875,1,False,0.296875,True,False,1,0
7708,5,age,120578,120579,32,3,True,0.140625;0.703125;0.828125,3,True,0.140625;0.703125;0.828125,3,True,0.140625;0.703125;0.828125,True,True,3,0
7709,5,age,120639,120638,32,1,False,0.296875,1,False,0.296875,1,False,0.296875,True,False,1,0
7710,5,age,120639,120640,32,3,True,0.078125;0.703125;0.984375,3,True,0.078125;0.703125;0.984375,3,True,0.078125;0.703125;0.984375,True,True,3,0
7711,5,age,120641,120640,32,1,False,0.296875,1,False,0.296875,1,False,0.296875,True,False,1,0
7712,5,age,120641,120642,32,3,True,0.140625;0.703125;0.828125,3,True,0.140625;0.703125;0.828125,3,True,0.140625;0.703125;0.828125,True,True,3,0
7713,5,age,120695,120694,32,3,True,0.109375;0.296875;0.921875,3,True,0.109375;0.296875;0.921875,3,True,0.109375;0.296875;0.921875,True,True,3,0
7714,5,age,120695,120696,32,1,False,0.078125,1,False,0.078125,1,False,0.078125,True,False,1,0
7715,5,age,120702,120701,32,1,False,0.984375,1,False,0.984375,1,False,0.984375,True,False,1,0
7716,5,age,120702,120703,32,1,False,0.765625,1,False,0.765625,1,False,0.765625,True,False,1,0
7717,5,age,120704,120703,32,1,False,0.296875,1,False,0.296875,1,False,0.296875,True,False,1,0
7718,5,age,120704,120705,32,3,True,0.140625;0.703125;0.828125,3,True,0.140625;0.703125;0.828125,3,True,0.140625;0.703125;0.828125,True,True,3,0
7719,5,age,120767,120766,32,1,False,0.296875,1,False,0.296875,1,False,0.296875,True,False,1,0
7720,5,age,120767,120768,32,3,True,0.140625;0.703125;0.828125,3,True,0.140625;0.703125;0.828125,3,True,0.140625;0.703125;0.828125,True,True,3,0
7721,5,age,120830,120829,32,1,False,0.296875,1,False,0.296875,1,False,0.296875,True,False,1,0
7722,5,age,120830,120831,32,3,True,0.140625;0.703125;0.828125,3,True,0.140625;0.703125;0.828125,3,True,0.140625;0.703125;0.828125,True,True,3,0
7723,5,age,120891,120890,32,1,False,0.296875,1,False,0.296875,1,False,0.296875,True,False,1,0
7724,5,age,120891,120892,32,3,True,0.078125;0.703125;0.765625,3,True,0.078125;0.703125;0.765625,3,True,0.078125;0.703125;0.765625,True,True,3,0
7725,5,age,120893,120892,32,1,False,0.296875,1,False,0.296875,1,False,0.296875,True,False,1,0
7726,5,age,120893,120894,32,3,True,0.140625;0.703125;0.828125,3,True,0.140625;0.703125;0.828125,3,True,0.140625;0.703125;0.828125,True,True,3,0
7727,5,age,120954,120953,32,1,False,0.296875,1,False,0.296875,1,False,0.296875,True,False,1,0
7728,5,age,120954,120955,32,3,True,0.078125;0.703125;0.984375,3,True,0.078125;0.703125;0.984375,3,True,0.078125;0.703125;0.984375,True,True,3,0
7729,5,age,120956,120955,32,1,False,0.296875,1,False,0.296875,1,False,0.296875,True,False,1,0
7730,5,age,120956,120957,32,3,True,0.140625;0.703125;0.828125,3,True,0.140625;0.703125;0.828125,3,True,0.140625;0.703125;0.828125,True,True,3,0
7731,5,age,121010,121009,32,3,True,0.109375;0.296875;0.921875,3,True,0.109375;0.296875;0.921875,3,True,0.109375;0.296875;0.921875,True,True,3,0
7732,5,age,121010,121011,32,1,False,0.078125,1,False,0.078125,1,False,0.078125,True,False,1,0
7733,5,age,121017,121016,32,1,False,0.984375,1,False,0.984375,1,False,0.984375,True,False,1,0
7734,5,age,121017,121018,32,1,False,0.765625,1,False,0.765625,1,False,0.765625,True,False,1,0
7735,5,age,121019,121018,32,1,False,0.296875,1,False,0.296875,1,False,0.296875,True,False,1,0
7736,5,age,121019,121020,32,3,True,0.140625;0.703125;0.828125,3,True,0.140625;0.703125;0.828125,3,True,0.140625;0.703125;0.828125,True,True,3,0
7737,5,age,121082,121081,32,1,False,0.296875,1,False,0.296875,1,False,0.296875,True,False,1,0
7738,5,age,121082,121083,32,3,True,0.140625;0.703125;0.828125,3,True,0.140625;0.703125;0.828125,3,True,0.140625;0.703125;0.828125,True,True,3,0
7739,5,age,121145,121144,32,1,False,0.296875,1,False,0.296875,1,False,0.296875,True,False,1,0
7740,5,age,121145,121146,32,3,True,0.140625;0.703125;0.828125,3,True,0.140625;0.703125;0.828125,3,True,0.140625;0.703125;0.828125,True,True,3,0
7741,5,age,121206,121205,32,1,False,0.296875,1,False,0.296875,1,False,0.296875,True,False,1,0
7742,5,age,121206,121207,32,3,True,0.078125;0.703125;0.765625,3,True,0.078125;0.703125;0.765625,3,True,0.078125;0.703125;0.765625,True,True,3,0
7743,5,age,121208,121207,32,1,False,0.296875,1,False,0.296875,1,False,0.296875,True,False,1,0
7744,5,age,121208,121209,32,3,True,0.140625;0.703125;0.828125,3,True,0.140625;0.703125;0.828125,3,True,0.140625;0.703125;0.828125,True,True,3,0
7745,5,age,121269,121268,32,1,False,0.296875,1,False,0.296875,1,False,0.296875,True,False,1,0
7746,5,age,121269,121270,32,3,True,0.078125;0.703125;0.984375,3,True,0.078125;0.703125;0.984375,3,True,0.078125;0.703125;0.984375,True,True,3,0
7747,5,age,121271,121270,32,1,False,0.296875,1,False,0.296875,1,False,0.296875,True,False,1,0
7748,5,age,121271,121272,32,3,True,0.140625;0.703125;0.828125,3,True,0.140625;0.703125;0.828125,3,True,0.140625;0.703125;0.828125,True,True,3,0
7749,5,age,121325,121324,32,3,True,0.109375;0.296875;0.921875,3,True,0.109375;0.296875;0.921875,3,True,0.109375;0.296875;0.921875,True,True,3,0
7750,5,age,121325,121326,32,1,False,0.078125,1,False,0.078125,1,False,0.078125,True,False,1,0
7751,5,age,121332,121331,32,1,False,0.984375,1,False,0.984375,1,False,0.984375,True,False,1,0
7752,5,age,121332,121333,32,1,False,0.765625,1,False,0.765625,1,False,0.765625,True,False,1,0
7753,5,age,121334,121333,32,1,False,0.296875,1,False,0.296875,1,False,0.296875,True,False,1,0
7754,5,age,121334,121335,32,3,True,0.140625;0.703125;0.828125,3,True,0.140625;0.703125;0.828125,3,True,0.140625;0.703125;0.828125,True,True,3,0
7755,5,age,121397,121396,32,1,False,0.296875,1,False,0.296875,1,False,0.296875,True,False,1,0
7756,5,age,121397,121398,32,3,True,0.140625;0.703125;0.828125,3,True,0.140625;0.703125;0.828125,3,True,0.140625;0.703125;0.828125,True,True,3,0
7757,5,age,121460,121459,32,1,False,0.296875,1,False,0.296875,1,False,0.296875,True,False,1,0
7758,5,age,121460,121461,32,3,True,0.140625;0.703125;0.828125,3,True,0.140625;0.703125;0.828125,3,True,0.140625;0.703125;0.828125,True,True,3,0
7759,5,age,121521,121520,32,1,False,0.296875,1,False,0.296875,1,False,0.296875,True,False,1,0
7760,5,age,121521,121522,32,3,True,0.078125;0.703125;0.765625,3,True,0.078125;0.703125;0.765625,3,True,0.078125;0.703125;0.765625,True,True,3,0
7761,5,age,121523,121522,32,1,False,0.296875,1,False,0.296875,1,False,0.296875,True,False,1,0
7762,5,age,121523,121524,32,3,True,0.140625;0.703125;0.828125,3,True,0.140625;0.703125;0.828125,3,True,0.140625;0.703125;0.828125,True,True,3,0
7763,5,age,121584,121583,32,1,False,0.296875,1,False,0.296875,1,False,0.296875,True,False,1,0
7764,5,age,121584,121585,32,3,True,0.078125;0.703125;0.984375,3,True,0.078125;0.703125;0.984375,3,True,0.078125;0.703125;0.984375,True,True,3,0
7765,5,age,121586,121585,32,1,False,0.296875,1,False,0.296875,1,False,0.296875,True,False,1,0
7766,5,age,121586,121587,32,3,True,0.140625;0.703125;0.828125,3,True,0.140625;0.703125;0.828125,3,True,0.140625;0.703125;0.828125,True,True,3,0
7767,5,age,121640,121639,32,3,True,0.109375;0.296875;0.921875,3,True,0.109375;0.296875;0.921875,3,True,0.109375;0.296875;0.921875,True,True,3,0
7768,5,age,121640,121641,32,1,False,0.078125,1,False,0.078125,1,False,0.078125,True,False,1,0
7769,5,age,121647,121646,32,1,False,0.984375,1,False,0.984375,1,False,0.984375,True,False,1,0
7770,5,age,121647,121648,32,1,False,0.765625,1,False,0.765625,1,False,0.765625,True,False,1,0
7771,5,age,121649,121648,32,1,False,0.296875,1,False,0.296875,1,False,0.296875,True,False,1,0
7772,5,age,121649,121650,32,3,True,0.140625;0.703125;0.828125,3,True,0.140625;0.703125;0.828125,3,True,0.140625;0.703125;0.828125,True,True,3,0
7773,5,age,121712,121711,32,1,False,0.296875,1,False,0.296875,1,False,0.296875,True,False,1,0
7774,5,age,121712,121713,32,3,True,0.140625;0.703125;0.828125,3,True,0.140625;0.703125;0.828125,3,True,0.140625;0.703125;0.828125,True,True,3,0
7775,5,age,121775,121774,32,1,False,0.296875,1,False,0.296875,1,False,0.296875,True,False,1,0
7776,5,age,121775,121776,32,3,True,0.140625;0.703125;0.828125,3,True,0.140625;0.703125;0.828125,3,True,0.140625;0.703125;0.828125,True,True,3,0
7777,5,age,121836,121835,32,1,False,0.296875,1,False,0.296875,1,False,0.296875,True,False,1,0
7778,5,age,121836,121837,32,3,True,0.078125;0.703125;0.765625,3,True,0.078125;0.703125;0.765625,3,True,0.078125;0.703125;0.765625,True,True,3,0
7779,5,age,121838,121837,32,1,False,0.296875,1,False,0.296875,1,False,0.296875,True,False,1,0
7780,5,age,121838,121839,32,3,True,0.140625;0.703125;0.828125,3,True,0.140625;0.703125;0.828125,3,True,0.140625;0.703125;0.828125,True,True,3,0
7781,5,age,121899,121898,32,1,False,0.296875,1,False,0.296875,1,False,0.296875,True,False,1,0
7782,5,age,121899,121900,32,3,True,0.078125;0.703125;0.984375,3,True,0.078125;0.703125;0.984375,3,True,0.078125;0.703125;0.984375,True,True,3,0
7783,5,age,121901,121900,32,1,False,0.296875,1,False,0.296875,1,False,0.296875,True,False,1,0
7784,5,age,121901,121902,32,3,True,0.140625;0.703125;0.828125,3,True,0.140625;0.703125;0.828125,3,True,0.140625;0.703125;0.828125,True,True,3,0
7785,5,age,121955,121954,32,3,True,0.109375;0.296875;0.921875,3,True,0.109375;0.296875;0.921875,3,True,0.109375;0.296875;0.921875,True,True,3,0
7786,5,age,121955,121956,32,1,False,0.078125,1,False,0.078125,1,False,0.078125,True,False,1,0
7787,5,age,121962,121961,32,1,False,0.984375,1,False,0.984375,1,False,0.984375,True,False,1,0
7788,5,age,121962,121963,32,1,False,0.765625,1,False,0.765625,1,False,0.765625,True,False,1,0
7789,5,age,121964,121963,32,1,False,0.296875,1,False,0.296875,1,False,0.296875,True,False,1,0
7790,5,age,121964,121965,32,3,True,0.140625;0.703125;0.828125,3,True,0.140625;0.703125;0.828125,3,True,0.140625;0.703125;0.828125,True,True,3,0
7791,5,age,122027,122026,32,1,False,0.296875,1,False,0.296875,1,False,0.296875,True,False,1,0
7792,5,age,122027,122028,32,3,True,0.140625;0.703125;0.828125,3,True,0.140625;0.703125;0.828125,3,True,0.140625;0.703125;0.828125,True,True,3,0
7793,5,age,122090,122089,32,1,False,0.296875,1,False,0.296875,1,False,0.296875,True,False,1,0
7794,5,age,122090,122091,32,3,True,0.140625;0.703125;0.828125,3,True,0.140625;0.703125;0.828125,3,True,0.140625;0.703125;0.828125,True,True,3,0
7795,5,age,122151,122150,32,1,False,0.296875,1,False,0.296875,1,False,0.296875,True,False,1,0
7796,5,age,122151,122152,32,3,True,0.078125;0.703125;0.765625,3,True,0.078125;0.703125;0.765625,3,True,0.078125;0.703125;0.765625,True,True,3,0
7797,5,age,122153,122152,32,1,False,0.296875,1,False,0.296875,1,False,0.296875,True,False,1,0
7798,5,age,122153,122154,32,3,True,0.140625;0.703125;0.828125,3,True,0.140625;0.703125;0.828125,3,True,0.140625;0.703125;0.828125,True,True,3,0
7799,5,age,122214,122213,32,1,False,0.296875,1,False,0.296875,1,False,0.296875,True,False,1,0
7800,5,age,122214,122215,32,3,True,0.078125;0.703125;0.984375,3,True,0.078125;0.703125;0.984375,3,True,0.078125;0.703125;0.984375,True,True,3,0
7801,5,age,122216,122215,32,1,False,0.296875,1,False,0.296875,1,False,0.296875,True,False,1,0
7802,5,age,122216,122217,32,3,True,0.140625;0.703125;0.828125,3,True,0.140625;0.703125;0.828125,3,True,0.140625;0.703125;0.828125,True,True,3,0
7803,5,age,122270,122269,32,3,True,0.109375;0.296875;0.921875,3,True,0.109375;0.296875;0.921875,3,True,0.109375;0.296875;0.921875,True,True,3,0
7804,5,age,122270,122271,32,1,False,0.078125,1,False,0.078125,1,False,0.078125,True,False,1,0
7805,5,age,122277,122276,32,1,False,0.984375,1,False,0.984375,1,False,0.984375,True,False,1,0
7806,5,age,122277,122278,32,1,False,0.765625,1,False,0.765625,1,False,0.765625,True,False,1,0
7807,5,age,122279,122278,32,1,False,0.296875,1,False,0.296875,1,False,0.296875,True,False,1,0
7808,5,age,122279,122280,32,3,True,0.140625;0.703125;0.828125,3,True,0.140625;0.703125;0.828125,3,True,0.140625;0.703125;0.828125,True,True,3,0
7809,5,age,122342,122341,32,1,False,0.296875,1,False,0.296875,1,False,0.296875,True,False,1,0
7810,5,age,122342,122343,32,3,True,0.140625;0.703125;0.828125,3,True,0.140625;0.703125;0.828125,3,True,0.140625;0.703125;0.828125,True,True,3,0
7811,5,age,122405,122404,32,1,False,0.296875,1,False,0.296875,1,False,0.296875,True,False,1,0
7812,5,age,122405,122406,32,3,True,0.140625;0.703125;0.828125,3,True,0.140625;0.703125;0.828125,3,True,0.140625;0.703125;0.828125,True,True,3,0
7813,5,age,122466,122465,32,1,False,0.296875,1,False,0.296875,1,False,0.296875,True,False,1,0
7814,5,age,122466,122467,32,3,True,0.078125;0.703125;0.765625,3,True,0.078125;0.703125;0.765625,3,True,0.078125;0.703125;0.765625,True,True,3,0
7815,5,age,122468,122467,32,1,False,0.296875,1,False,0.296875,1,False,0.296875,True,False,1,0
7816,5,age,122468,122469,32,3,True,0.140625;0.703125;0.828125,3,True,0.140625;0.703125;0.828125,3,True,0.140625;0.703125;0.828125,True,True,3,0
7817,5,age,122529,122528,32,1,False,0.296875,1,False,0.296875,1,False,0.296875,True,False,1,0
7818,5,age,122529,122530,32,3,True,0.078125;0.703125;0.984375,3,True,0.078125;0.703125;0.984375,3,True,0.078125;0.703125;0.984375,True,True,3,0
7819,5,age,122531,122530,32,1,False,0.296875,1,False,0.296875,1,False,0.296875,True,False,1,0
7820,5,age,122531,122532,32,3,True,0.140625;0.703125;0.828125,3,True,0.140625;0.703125;0.828125,3,True,0.140625;0.703125;0.828125,True,True,3,0
7821,5,age,122585,122584,32,3,True,0.109375;0.296875;0.921875,3,True,0.109375;0.296875;0.921875,3,True,0.109375;0.296875;0.921875,True,True,3,0
7822,5,age,122585,122586,32,1,False,0.078125,1,False,0.078125,1,False,0.078125,True,False,1,0
7823,5,age,122592,122591,32,1,False,0.984375,1,False,0.984375,1,False,0.984375,True,False,1,0
7824,5,age,122592,122593,32,1,False,0.765625,1,False,0.765625,1,False,0.765625,True,False,1,0
7825,5,age,122594,122593,32,1,False,0.296875,1,False,0.296875,1,False,0.296875,True,False,1,0
7826,5,age,122594,122595,32,3,True,0.140625;0.703125;0.828125,3,True,0.140625;0.703125;0.828125,3,True,0.140625;0.703125;0.828125,True,True,3,0
7827,5,age,122657,122656,32,1,False,0.296875,1,False,0.296875,1,False,0.296875,True,False,1,0
7828,5,age,122657,122658,32,3,True,0.140625;0.703125;0.828125,3,True,0.140625;0.703125;0.828125,3,True,0.140625;0.703125;0.828125,True,True,3,0
7829,5,age,122720,122719,32,1,False,0.296875,1,False,0.296875,1,False,0.296875,True,False,1,0
7830,5,age,122720,122721,32,3,True,0.140625;0.703125;0.828125,3,True,0.140625;0.703125;0.828125,3,True,0.140625;0.703125;0.828125,True,True,3,0
7831,5,age,122781,122780,32,1,False,0.296875,1,False,0.296875,1,False,0.296875,True,False,1,0
7832,5,age,122781,122782,32,3,True,0.078125;0.703125;0.765625,3,True,0.078125;0.703125;0.765625,3,True,0.078125;0.703125;0.765625,True,True,3,0
7833,5,age,122783,122782,32,1,False,0.296875,1,False,0.296875,1,False,0.296875,True,False,1,0
7834,5,age,122783,122784,32,3,True,0.140625;0.703125;0.828125,3,True,0.140625;0.703125;0.828125,3,True,0.140625;0.703125;0.828125,True,True,3,0
7835,5,age,122844,122843,32,1,False,0.296875,1,False,0.296875,1,False,0.296875,True,False,1,0
7836,5,age,122844,122845,32,3,True,0.078125;0.703125;0.984375,3,True,0.078125;0.703125;0.984375,3,True,0.078125;0.703125;0.984375,True,True,3,0
7837,5,age,122846,122845,32,1,False,0.296875,1,False,0.296875,1,False,0.296875,True,False,1,0
7838,5,age,122846,122847,32,3,True,0.140625;0.703125;0.828125,3,True,0.140625;0.703125;0.828125,3,True,0.140625;0.703125;0.828125,True,True,3,0
7839,5,age,124671,124670,32,1,False,0.296875,1,False,0.296875,1,False,0.296875,True,False,1,0
7840,5,age,124671,124672,32,3,True,0.078125;0.703125;0.765625,3,True,0.078125;0.703125;0.765625,3,True,0.078125;0.703125;0.765625,True,True,3,0
7841,5,age,124734,124733,32,1,False,0.296875,1,False,0.296875,1,False,0.296875,True,False,1,0
7842,5,age,124734,124735,32,3,True,0.078125;0.703125;0.984375,3,True,0.078125;0.703125;0.984375,3,True,0.078125;0.703125;0.984375,True,True,3,0
7843,5,age,124986,124985,32,1,False,0.296875,1,False,0.296875,1,False,0.296875,True,False,1,0
7844,5,age,124986,124987,32,3,True,0.078125;0.703125;0.765625,3,True,0.078125;0.703125;0.765625,3,True,0.078125;0.703125;0.765625,True,True,3,0
7845,5,age,125049,125048,32,1,False,0.296875,1,False,0.296875,1,False,0.296875,True,False,1,0
7846,5,age,125049,125050,32,3,True,0.078125;0.703125;0.984375,3,True,0.078125;0.703125;0.984375,3,True,0.078125;0.703125;0.984375,True,True,3,0
7847,5,age,125301,125300,32,1,False,0.296875,1,False,0.296875,1,False,0.296875,True,False,1,0
7848,5,age,125301,125302,32,3,True,0.078125;0.703125;0.765625,3,True,0.078125;0.703125;0.765625,3,True,0.078125;0.703125;0.765625,True,True,3,0
7849,5,age,125364,125363,32,1,False,0.296875,1,False,0.296875,1,False,0.296875,True,False,1,0
7850,5,age,125364,125365,32,3,True,0.078125;0.703125;0.984375,3,True,0.078125;0.703125;0.984375,3,True,0.078125;0.703125;0.984375,True,True,3,0
7851,5,age,125616,125615,32,1,False,0.296875,1,False,0.296875,1,False,0.296875,True,False,1,0
7852,5,age,125616,125617,32,3,True,0.078125;0.703125;0.765625,3,True,0.078125;0.703125;0.765625,3,True,0.078125;0.703125;0.765625,True,True,3,0
7853,5,age,125679,125678,32,1,False,0.296875,1,False,0.296875,1,False,0.296875,True,False,1,0
7854,5,age,125679,125680,32,3,True,0.078125;0.703125;0.984375,3,True,0.078125;0.703125;0.984375,3,True,0.078125;0.703125;0.984375,True,True,3,0
7855,5,age,125931,125930,32,1,False,0.296875,1,False,0.296875,1,False,0.296875,True,False,1,0
7856,5,age,125931,125932,32,3,True,0.078125;0.703125;0.765625,3,True,0.078125;0.703125;0.765625,3,True,0.078125;0.703125;0.765625,True,True,3,0
7857,5,age,125994,125993,32,1,False,0.296875,1,False,0.296875,1,False,0.296875,True,False,1,0
7858,5,age,125994,125995,32,3,True,0.078125;0.703125;0.984375,3,True,0.078125;0.703125;0.984375,3,True,0.078125;0.703125;0.984375,True,True,3,0
7859,5,age,126050,126049,32,3,True,0.109375;0.296875;0.921875,3,True,0.109375;0.296875;0.921875,3,True,0.109375;0.296875;0.921875,True,True,3,0
7860,5,age,126050,126051,32,1,False,0.078125,1,False,0.078125,1,False,0.078125,True,False,1,0
7861,5,age,126057,126056,32,1,False,0.984375,1,False,0.984375,1,False,0.984375,True,False,1,0
7862,5,age,126057,126058,32,1,False,0.765625,1,False,0.765625,1,False,0.765625,True,False,1,0
7863,5,age,126059,126058,32,1,False,0.296875,1,False,0.296875,1,False,0.296875,True,False,1,0
7864,5,age,126059,126060,32,3,True,0.140625;0.703125;0.828125,3,True,0.140625;0.703125;0.828125,3,True,0.140625;0.703125;0.828125,True,True,3,0
7865,5,age,126122,126121,32,1,False,0.296875,1,False,0.296875,1,False,0.296875,True,False,1,0
7866,5,age,126122,126123,32,3,True,0.140625;0.703125;0.828125,3,True,0.140625;0.703125;0.828125,3,True,0.140625;0.703125;0.828125,True,True,3,0
7867,5,age,126185,126184,32,1,False,0.296875,1,False,0.296875,1,False,0.296875,True,False,1,0
7868,5,age,126185,126186,32,3,True,0.140625;0.703125;0.828125,3,True,0.140625;0.703125;0.828125,3,True,0.140625;0.703125;0.828125,True,True,3,0
7869,5,age,126246,126245,32,1,False,0.296875,1,False,0.296875,1,False,0.296875,True,False,1,0
7870,5,age,126246,126247,32,3,True,0.078125;0.703125;0.765625,3,True,0.078125;0.703125;0.765625,3,True,0.078125;0.703125;0.765625,True,True,3,0
7871,5,age,126248,126247,32,1,False,0.296875,1,False,0.296875,1,False,0.296875,True,False,1,0
7872,5,age,126248,126249,32,3,True,0.140625;0.703125;0.828125,3,True,0.140625;0.703125;0.828125,3,True,0.140625;0.703125;0.828125,True,True,3,0
7873,5,age,126309,126308,32,1,False,0.296875,1,False,0.296875,1,False,0.296875,True,False,1,0
7874,5,age,126309,126310,32,3,True,0.078125;0.703125;0.984375,3,True,0.078125;0.703125;0.984375,3,True,0.078125;0.703125;0.984375,True,True,3,0
7875,5,age,126311,126310,32,1,False,0.296875,1,False,0.296875,1,False,0.296875,True,False,1,0
7876,5,age,126311,126312,32,3,True,0.140625;0.703125;0.828125,3,True,0.140625;0.703125;0.828125,3,True,0.140625;0.703125;0.828125,True,True,3,0
7877,5,age,126365,126364,32,3,True,0.109375;0.296875;0.921875,3,True,0.109375;0.296875;0.921875,3,True,0.109375;0.296875;0.921875,True,True,3,0
7878,5,age,126365,126366,32,1,False,0.078125,1,False,0.078125,1,False,0.078125,True,False,1,0
7879,5,age,126372,126371,32,1,False,0.984375,1,False,0.984375,1,False,0.984375,True,False,1,0
7880,5,age,126372,126373,32,1,False,0.765625,1,False,0.765625,1,False,0.765625,True,False,1,0
7881,5,age,126374,126373,32,1,False,0.296875,1,False,0.296875,1,False,0.296875,True,False,1,0
7882,5,age,126374,126375,32,3,True,0.140625;0.703125;0.828125,3,True,0.140625;0.703125;0.828125,3,True,0.140625;0.703125;0.828125,True,True,3,0
7883,5,age,126437,126436,32,1,False,0.296875,1,False,0.296875,1,False,0.296875,True,False,1,0
7884,5,age,126437,126438,32,3,True,0.140625;0.703125;0.828125,3,True,0.140625;0.703125;0.828125,3,True,0.140625;0.703125;0.828125,True,True,3,0
7885,5,age,126500,126499,32,1,False,0.296875,1,False,0.296875,1,False,0.296875,True,False,1,0
7886,5,age,126500,126501,32,3,True,0.140625;0.703125;0.828125,3,True,0.140625;0.703125;0.828125,3,True,0.140625;0.703125;0.828125,True,True,3,0
7887,5,age,126561,126560,32,1,False,0.296875,1,False,0.296875,1,False,0.296875,True,False,1,0
7888,5,age,126561,126562,32,3,True,0.078125;0.703125;0.765625,3,True,0.078125;0.703125;0.765625,3,True,0.078125;0.703125;0.765625,True,True,3,0
7889,5,age,126563,126562,32,1,False,0.296875,1,False,0.296875,1,False,0.296875,True,False,1,0
7890,5,age,126563,126564,32,3,True,0.140625;0.703125;0.828125,3,True,0.140625;0.703125;0.828125,3,True,0.140625;0.703125;0.828125,True,True,3,0
7891,5,age,126624,126623,32,1,False,0.296875,1,False,0.296875,1,False,0.296875,True,False,1,0
7892,5,age,126624,126625,32,3,True,0.078125;0.703125;0.984375,3,True,0.078125;0.703125;0.984375,3,True,0.078125;0.703125;0.984375,True,True,3,0
7893,5,age,126626,126625,32,1,False,0.296875,1,False,0.296875,1,False,0.296875,True,False,1,0
7894,5,age,126626,126627,32,3,True,0.140625;0.703125;0.828125,3,True,0.140625;0.703125;0.828125,3,True,0.140625;0.703125;0.828125,True,True,3,0
7895,5,age,126680,126679,32,3,True,0.109375;0.296875;0.921875,3,True,0.109375;0.296875;0.921875,3,True,0.109375;0.296875;0.921875,True,True,3,0
7896,5,age,126680,126681,32,1,False,0.078125,1,False,0.078125,1,False,0.078125,True,False,1,0
7897,5,age,126687,126686,32,1,False,0.984375,1,False,0.984375,1,False,0.984375,True,False,1,0
7898,5,age,126687,126688,32,1,False,0.765625,1,False,0.765625,1,False,0.765625,True,False,1,0
7899,5,age,126689,126688,32,1,False,0.296875,1,False,0.296875,1,False,0.296875,True,False,1,0
7900,5,age,126689,126690,32,3,True,0.140625;0.703125;0.828125,3,True,0.140625;0.703125;0.828125,3,True,0.140625;0.703125;0.828125,True,True,3,0
7901,5,age,126752,126751,32,1,False,0.296875,1,False,0.296875,1,False,0.296875,True,False,1,0
7902,5,age,126752,126753,32,3,True,0.140625;0.703125;0.828125,3,True,0.140625;0.703125;0.828125,3,True,0.140625;0.703125;0.828125,True,True,3,0
7903,5,age,126815,126814,32,1,False,0.296875,1,False,0.296875,1,False,0.296875,True,False,1,0
7904,5,age,126815,126816,32,3,True,0.140625;0.703125;0.828125,3,True,0.140625;0.703125;0.828125,3,True,0.140625;0.703125;0.828125,True,True,3,0
7905,5,age,126876,126875,32,1,False,0.296875,1,False,0.296875,1,False,0.296875,True,False,1,0
7906,5,age,126876,126877,32,3,True,0.078125;0.703125;0.765625,3,True,0.078125;0.703125;0.765625,3,True,0.078125;0.703125;0.765625,True,True,3,0
7907,5,age,126878,126877,32,1,False,0.296875,1,False,0.296875,1,False,0.296875,True,False,1,0
7908,5,age,126878,126879,32,3,True,0.140625;0.703125;0.828125,3,True,0.140625;0.703125;0.828125,3,True,0.140625;0.703125;0.828125,True,True,3,0
7909,5,age,126939,126938,32,1,False,0.296875,1,False,0.296875,1,False,0.296875,True,False,1,0
7910,5,age,126939,126940,32,3,True,0.078125;0.703125;0.984375,3,True,0.078125;0.703125;0.984375,3,True,0.078125;0.703125;0.984375,True,True,3,0
7911,5,age,126941,126940,32,1,False,0.296875,1,False,0.296875,1,False,0.296875,True,False,1,0
7912,5,age,126941,126942,32,3,True,0.140625;0.703125;0.828125,3,True,0.140625;0.703125;0.828125,3,True,0.140625;0.703125;0.828125,True,True,3,0
7913,5,age,126995,126994,32,3,True,0.109375;0.296875;0.921875,3,True,0.109375;0.296875;0.921875,3,True,0.109375;0.296875;0.921875,True,True,3,0
7914,5,age,126995,126996,32,1,False,0.078125,1,False,0.078125,1,False,0.078125,True,False,1,0
7915,5,age,127002,127001,32,1,False,0.984375,1,False,0.984375,1,False,0.984375,True,False,1,0
7916,5,age,127002,127003,32,1,False,0.765625,1,False,0.765625,1,False,0.765625,True,False,1,0
7917,5,age,127004,127003,32,1,False,0.296875,1,False,0.296875,1,False,0.296875,True,False,1,0
7918,5,age,127004,127005,32,3,True,0.140625;0.703125;0.828125,3,True,0.140625;0.703125;0.828125,3,True,0.140625;0.703125;0.828125,True,True,3,0
7919,5,age,127067,127066,32,1,False,0.296875,1,False,0.296875,1,False,0.296875,True,False,1,0
7920,5,age,127067,127068,32,3,True,0.140625;0.703125;0.828125,3,True,0.140625;0.703125;0.828125,3,True,0.140625;0.703125;0.828125,True,True,3,0
7921,5,age,127130,127129,32,1,False,0.296875,1,False,0.296875,1,False,0.296875,True,False,1,0
7922,5,age,127130,127131,32,3,True,0.140625;0.703125;0.828125,3,True,0.140625;0.703125;0.828125,3,True,0.140625;0.703125;0.828125,True,True,3,0
7923,5,age,127191,127190,32,1,False,0.296875,1,False,0.296875,1,False,0.296875,True,False,1,0
7924,5,age,127191,127192,32,3,True,0.078125;0.703125;0.765625,3,True,0.078125;0.703125;0.765625,3,True,0.078125;0.703125;0.765625,True,True,3,0
7925,5,age,127193,127192,32,1,False,0.296875,1,False,0.296875,1,False,0.296875,True,False,1,0
7926,5,age,127193,127194,32,3,True,0.140625;0.703125;0.828125,3,True,0.140625;0.703125;0.828125,3,True,0.140625;0.703125;0.828125,True,True,3,0
7927,5,age,127254,127253,32,1,False,0.296875,1,False,0.296875,1,False,0.296875,True,False,1,0
7928,5,age,127254,127255,32,3,True,0.078125;0.703125;0.984375,3,True,0.078125;0.703125;0.984375,3,True,0.078125;0.703125;0.984375,True,True,3,0
7929,5,age,127256,127255,32,1,False,0.296875,1,False,0.296875,1,False,0.296875,True,False,1,0
7930,5,age,127256,127257,32,3,True,0.140625;0.703125;0.828125,3,True,0.140625;0.703125;0.828125,3,True,0.140625;0.703125;0.828125,True,True,3,0
7931,5,age,127310,127309,32,3,True,0.109375;0.296875;0.921875,3,True,0.109375;0.296875;0.921875,3,True,0.109375;0.296875;0.921875,True,True,3,0
7932,5,age,127310,127311,32,1,False,0.078125,1,False,0.078125,1,False,0.078125,True,False,1,0
7933,5,age,127317,127316,32,1,False,0.984375,1,False,0.984375,1,False,0.984375,True,False,1,0
7934,5,age,127317,127318,32,1,False,0.765625,1,False,0.765625,1,False,0.765625,True,False,1,0
7935,5,age,127319,127318,32,1,False,0.296875,1,False,0.296875,1,False,0.296875,True,False,1,0
7936,5,age,127319,127320,32,3,True,0.140625;0.703125;0.828125,3,True,0.140625;0.703125;0.828125,3,True,0.140625;0.703125;0.828125,True,True,3,0
7937,5,age,127382,127381,32,1,False,0.296875,1,False,0.296875,1,False,0.296875,True,False,1,0
7938,5,age,127382,127383,32,3,True,0.140625;0.703125;0.828125,3,True,0.140625;0.703125;0.828125,3,True,0.140625;0.703125;0.828125,True,True,3,0
7939,5,age,127445,127444,32,1,False,0.296875,1,False,0.296875,1,False,0.296875,True,False,1,0
7940,5,age,127445,127446,32,3,True,0.140625;0.703125;0.828125,3,True,0.140625;0.703125;0.828125,3,True,0.140625;0.703125;0.828125,True,True,3,0
7941,5,age,127506,127505,32,1,False,0.296875,1,False,0.296875,1,False,0.296875,True,False,1,0
7942,5,age,127506,127507,32,3,True,0.078125;0.703125;0.765625,3,True,0.078125;0.703125;0.765625,3,True,0.078125;0.703125;0.765625,True,True,3,0
7943,5,age,127508,127507,32,1,False,0.296875,1,False,0.296875,1,False,0.296875,True,False,1,0
7944,5,age,127508,127509,32,3,True,0.140625;0.703125;0.828125,3,True,0.140625;0.703125;0.828125,3,True,0.140625;0.703125;0.828125,True,True,3,0
7945,5,age,127569,127568,32,1,False,0.296875,1,False,0.296875,1,False,0.296875,True,False,1,0
7946,5,age,127569,127570,32,3,True,0.078125;0.703125;0.984375,3,True,0.078125;0.703125;0.984375,3,True,0.078125;0.703125;0.984375,True,True,3,0
7947,5,age,127571,127570,32,1,False,0.296875,1,False,0.296875,1,False,0.296875,True,False,1,0
7948,5,age,127571,127572,32,3,True,0.140625;0.703125;0.828125,3,True,0.140625;0.703125;0.828125,3,True,0.140625;0.703125;0.828125,True,True,3,0
7949,5,age,127625,127624,32,3,True,0.109375;0.296875;0.921875,3,True,0.109375;0.296875;0.921875,3,True,0.109375;0.296875;0.921875,True,True,3,0
7950,5,age,127625,127626,32,1,False,0.078125,1,False,0.078125,1,False,0.078125,True,False,1,0
7951,5,age,127632,127631,32,1,False,0.984375,1,False,0.984375,1,False,0.984375,True,False,1,0
7952,5,age,127632,127633,32,1,False,0.765625,1,False,0.765625,1,False,0.765625,True,False,1,0
7953,5,age,127634,127633,32,1,False,0.296875,1,False,0.296875,1,False,0.296875,True,False,1,0
7954,5,age,127634,127635,32,3,True,0.140625;0.703125;0.828125,3,True,0.140625;0.703125;0.828125,3,True,0.140625;0.703125;0.828125,True,True,3,0
7955,5,age,127697,127696,32,1,False,0.296875,1,False,0.296875,1,False,0.296875,True,False,1,0
7956,5,age,127697,127698,32,3,True,0.140625;0.703125;0.828125,3,True,0.140625;0.703125;0.828125,3,True,0.140625;0.703125;0.828125,True,True,3,0
7957,5,age,127760,127759,32,1,False,0.296875,1,False,0.296875,1,False,0.296875,True,False,1,0
7958,5,age,127760,127761,32,3,True,0.140625;0.703125;0.828125,3,True,0.140625;0.703125;0.828125,3,True,0.140625;0.703125;0.828125,True,True,3,0
7959,5,age,127821,127820,32,1,False,0.296875,1,False,0.296875,1,False,0.296875,True,False,1,0
7960,5,age,127821,127822,32,3,True,0.078125;0.703125;0.765625,3,True,0.078125;0.703125;0.765625,3,True,0.078125;0.703125;0.765625,True,True,3,0
7961,5,age,127823,127822,32,1,False,0.296875,1,False,0.296875,1,False,0.296875,True,False,1,0
7962,5,age,127823,127824,32,3,True,0.140625;0.703125;0.828125,3,True,0.140625;0.703125;0.828125,3,True,0.140625;0.703125;0.828125,True,True,3,0
7963,5,age,127884,127883,32,1,False,0.296875,1,False,0.296875,1,False,0.296875,True,False,1,0
7964,5,age,127884,127885,32,3,True,0.078125;0.703125;0.984375,3,True,0.078125;0.703125;0.984375,3,True,0.078125;0.703125;0.984375,True,True,3,0
7965,5,age,127886,127885,32,1,False,0.296875,1,False,0.296875,1,False,0.296875,True,False,1,0
7966,5,age,127886,127887,32,3,True,0.140625;0.703125;0.828125,3,True,0.140625;0.703125;0.828125,3,True,0.140625;0.703125;0.828125,True,True,3,0
7967,5,age,127940,127939,32,3,True,0.109375;0.296875;0.921875,3,True,0.109375;0.296875;0.921875,3,True,0.109375;0.296875;0.921875,True,True,3,0
7968,5,age,127940,127941,32,1,False,0.078125,1,False,0.078125,1,False,0.078125,True,False,1,0
7969,5,age,127947,127946,32,1,False,0.984375,1,False,0.984375,1,False,0.984375,True,False,1,0
7970,5,age,127947,127948,32,1,False,0.765625,1,False,0.765625,1,False,0.765625,True,False,1,0
7971,5,age,127949,127948,32,1,False,0.296875,1,False,0.296875,1,False,0.296875,True,False,1,0
7972,5,age,127949,127950,32,3,True,0.140625;0.703125;0.828125,3,True,0.140625;0.703125;0.828125,3,True,0.140625;0.703125;0.828125,True,True,3,0
7973,5,age,128012,128011,32,1,False,0.296875,1,False,0.296875,1,False,0.296875,True,False,1,0
7974,5,age,128012,128013,32,3,True,0.140625;0.703125;0.828125,3,True,0.140625;0.703125;0.828125,3,True,0.140625;0.703125;0.828125,True,True,3,0
7975,5,age,128075,128074,32,1,False,0.296875,1,False,0.296875,1,False,0.296875,True,False,1,0
7976,5,age,128075,128076,32,3,True,0.140625;0.703125;0.828125,3,True,0.140625;0.703125;0.828125,3,True,0.140625;0.703125;0.828125,True,True,3,0
7977,5,age,128136,128135,32,1,False,0.296875,1,False,0.296875,1,False,0.296875,True,False,1,0
7978,5,age,128136,128137,32,3,True,0.078125;0.703125;0.765625,3,True,0.078125;0.703125;0.765625,3,True,0.078125;0.703125;0.765625,True,True,3,0
7979,5,age,128138,128137,32,1,False,0.296875,1,False,0.296875,1,False,0.296875,True,False,1,0
7980,5,age,128138,128139,32,3,True,0.140625;0.703125;0.828125,3,True,0.140625;0.703125;0.828125,3,True,0.140625;0.703125;0.828125,True,True,3,0
7981,5,age,128199,128198,32,1,False,0.296875,1,False,0.296875,1,False,0.296875,True,False,1,0
7982,5,age,128199,128200,32,3,True,0.078125;0.703125;0.984375,3,True,0.078125;0.703125;0.984375,3,True,0.078125;0.703125;0.984375,True,True,3,0
7983,5,age,128201,128200,32,1,False,0.296875,1,False,0.296875,1,False,0.296875,True,False,1,0
7984,5,age,128201,128202,32,3,True,0.140625;0.703125;0.828125,3,True,0.140625;0.703125;0.828125,3,True,0.140625;0.703125;0.828125,True,True,3,0
7985,5,age,128255,128254,32,3,True,0.109375;0.296875;0.921875,3,True,0.109375;0.296875;0.921875,3,True,0.109375;0.296875;0.921875,True,True,3,0
7986,5,age,128255,128256,32,1,False,0.078125,1,False,0.078125,1,False,0.078125,True,False,1,0
7987,5,age,128262,128261,32,1,False,0.984375,1,False,0.984375,1,False,0.984375,True,False,1,0
7988,5,age,128262,128263,32,1,False,0.765625,1,False,0.765625,1,False,0.765625,True,False,1,0
7989,5,age,128264,128263,32,1,False,0.296875,1,False,0.296875,1,False,0.296875,True,False,1,0
7990,5,age,128264,128265,32,3,True,0.140625;0.703125;0.828125,3,True,0.140625;0.703125;0.828125,3,True,0.140625;0.703125;0.828125,True,True,3,0
7991,5,age,128327,128326,32,1,False,0.296875,1,False,0.296875,1,False,0.296875,True,False,1,0
7992,5,age,128327,128328,32,3,True,0.140625;0.703125;0.828125,3,True,0.140625;0.703125;0.828125,3,True,0.140625;0.703125;0.828125,True,True,3,0
7993,5,age,128390,128389,32,1,False,0.296875,1,False,0.296875,1,False,0.296875,True,False,1,0
7994,5,age,128390,128391,32,3,True,0.140625;0.703125;0.828125,3,True,0.140625;0.703125;0.828125,3,True,0.140625;0.703125;0.828125,True,True,3,0
7995,5,age,128451,128450,32,1,False,0.296875,1,False,0.296875,1,False,0.296875,True,False,1,0
7996,5,age,128451,128452,32,3,True,0.078125;0.703125;0.765625,3,True,0.078125;0.703125;0.765625,3,True,0.078125;0.703125;0.765625,True,True,3,0
7997,5,age,128453,128452,32,1,False,0.296875,1,False,0.296875,1,False,0.296875,True,False,1,0
7998,5,age,128453,128454,32,3,True,0.140625;0.703125;0.828125,3,True,0.140625;0.703125;0.828125,3,True,0.140625;0.703125;0.828125,True,True,3,0
7999,5,age,128514,128513,32,1,False,0.296875,1,False,0.296875,1,False,0.296875,True,False,1,0
8000,5,age,128514,128515,32,3,True,0.078125;0.703125;0.984375,3,True,0.078125;0.703125;0.984375,3,True,0.078125;0.703125;0.984375,True,True,3,0
8001,5,age,128516,128515,32,1,False,0.296875,1,False,0.296875,1,False,0.296875,True,False,1,0
8002,5,age,128516,128517,32,3,True,0.140625;0.703125;0.828125,3,True,0.140625;0.703125;0.828125,3,True,0.140625;0.703125;0.828125,True,True,3,0
8003,5,age,128570,128569,32,3,True,0.109375;0.296875;0.921875,3,True,0.109375;0.296875;0.921875,3,True,0.109375;0.296875;0.921875,True,True,3,0
8004,5,age,128570,128571,32,1,False,0.078125,1,False,0.078125,1,False,0.078125,True,False,1,0
8005,5,age,128577,128576,32,1,False,0.984375,1,False,0.984375,1,False,0.984375,True,False,1,0
8006,5,age,128577,128578,32,1,False,0.765625,1,False,0.765625,1,False,0.765625,True,False,1,0
8007,5,age,128579,128578,32,1,False,0.296875,1,False,0.296875,1,False,0.296875,True,False,1,0
8008,5,age,128579,128580,32,3,True,0.140625;0.703125;0.828125,3,True,0.140625;0.703125;0.828125,3,True,0.140625;0.703125;0.828125,True,True,3,0
8009,5,age,128642,128641,32,1,False,0.296875,1,False,0.296875,1,False,0.296875,True,False,1,0
8010,5,age,128642,128643,32,3,True,0.140625;0.703125;0.828125,3,True,0.140625;0.703125;0.828125,3,True,0.140625;0.703125;0.828125,True,True,3,0
8011,5,age,128705,128704,32,1,False,0.296875,1,False,0.296875,1,False,0.296875,True,False,1,0
8012,5,age,128705,128706,32,3,True,0.140625;0.703125;0.828125,3,True,0.140625;0.703125;0.828125,3,True,0.140625;0.703125;0.828125,True,True,3,0
8013,5,age,128766,128765,32,1,False,0.296875,1,False,0.296875,1,False,0.296875,True,False,1,0
8014,5,age,128766,128767,32,3,True,0.078125;0.703125;0.765625,3,True,0.078125;0.703125;0.765625,3,True,0.078125;0.703125;0.765625,True,True,3,0
8015,5,age,128768,128767,32,1,False,0.296875,1,False,0.296875,1,False,0.296875,True,False,1,0
8016,5,age,128768,128769,32,3,True,0.140625;0.703125;0.828125,3,True,0.140625;0.703125;0.828125,3,True,0.140625;0.703125;0.828125,True,True,3,0
8017,5,age,128829,128828,32,1,False,0.296875,1,False,0.296875,1,False,0.296875,True,False,1,0
8018,5,age,128829,128830,32,3,True,0.078125;0.703125;0.984375,3,True,0.078125;0.703125;0.984375,3,True,0.078125;0.703125;0.984375,True,True,3,0
8019,5,age,128831,128830,32,1,False,0.296875,1,False,0.296875,1,False,0.296875,True,False,1,0
8020,5,age,128831,128832,32,3,True,0.140625;0.703125;0.828125,3,True,0.140625;0.703125;0.828125,3,True,0.140625;0.703125;0.828125,True,True,3,0
8021,5,age,128885,128884,32,3,True,0.109375;0.296875;0.921875,3,True,0.109375;0.296875;0.921875,3,True,0.109375;0.296875;0.921875,True,True,3,0
8022,5,age,128885,128886,32,1,False,0.078125,1,False,0.078125,1,False,0.078125,True,False,1,0
8023,5,age,128892,128891,32,1,False,0.984375,1,False,0.984375,1,False,0.984375,True,False,1,0
8024,5,age,128892,128893,32,1,False,0.765625,1,False,0.765625,1,False,0.765625,True,False,1,0
8025,5,age,128894,128893,32,1,False,0.296875,1,False,0.296875,1,False,0.296875,True,False,1,0
8026,5,age,128894,128895,32,3,True,0.140625;0.703125;0.828125,3,True,0.140625;0.703125;0.828125,3,True,0.140625;0.703125;0.828125,True,True,3,0
8027,5,age,128957,128956,32,1,False,0.296875,1,False,0.296875,1,False,0.296875,True,False,1,0
8028,5,age,128957,128958,32,3,True,0.140625;0.703125;0.828125,3,True,0.140625;0.703125;0.828125,3,True,0.140625;0.703125;0.828125,True,True,3,0
8029,5,age,129020,129019,32,1,False,0.296875,1,False,0.296875,1,False,0.296875,True,False,1,0
8030,5,age,129020,129021,32,3,True,0.140625;0.703125;0.828125,3,True,0.140625;0.703125;0.828125,3,True,0.140625;0.703125;0.828125,True,True,3,0
8031,5,age,129081,129080,32,1,False,0.296875,1,False,0.296875,1,False,0.296875,True,False,1,0
8032,5,age,129081,129082,32,3,True,0.078125;0.703125;0.765625,3,True,0.078125;0.703125;0.765625,3,True,0.078125;0.703125;0.765625,True,True,3,0
8033,5,age,129083,129082,32,1,False,0.296875,1,False,0.296875,1,False,0.296875,True,False,1,0
8034,5,age,129083,129084,32,3,True,0.140625;0.703125;0.828125,3,True,0.140625;0.703125;0.828125,3,True,0.140625;0.703125;0.828125,True,True,3,0
8035,5,age,129144,129143,32,1,False,0.296875,1,False,0.296875,1,False,0.296875,True,False,1,0
8036,5,age,129144,129145,32,3,True,0.078125;0.703125;0.984375,3,True,0.078125;0.703125;0.984375,3,True,0.078125;0.703125;0.984375,True,True,3,0
8037,5,age,129146,129145,32,1,False,0.296875,1,False,0.296875,1,False,0.296875,True,False,1,0
8038,5,age,129146,129147,32,3,True,0.140625;0.703125;0.828125,3,True,0.140625;0.703125;0.828125,3,True,0.140625;0.703125;0.828125,True,True,3,0
8039,5,age,129200,129199,32,3,True,0.109375;0.296875;0.921875,3,True,0.109375;0.296875;0.921875,3,True,0.109375;0.296875;0.921875,True,True,3,0
8040,5,age,129200,129201,32,1,False,0.078125,1,False,0.078125,1,False,0.078125,True,False,1,0
8041,5,age,129207,129206,32,1,False,0.984375,1,False,0.984375,1,False,0.984375,True,False,1,0
8042,5,age,129207,129208,32,1,False,0.765625,1,False,0.765625,1,False,0.765625,True,False,1,0
8043,5,age,129209,129208,32,1,False,0.296875,1,False,0.296875,1,False,0.296875,True,False,1,0
8044,5,age,129209,129210,32,3,True,0.140625;0.703125;0.828125,3,True,0.140625;0.703125;0.828125,3,True,0.140625;0.703125;0.828125,True,True,3,0
8045,5,age,129272,129271,32,1,False,0.296875,1,False,0.296875,1,False,0.296875,True,False,1,0
8046,5,age,129272,129273,32,3,True,0.140625;0.703125;0.828125,3,True,0.140625;0.703125;0.828125,3,True,0.140625;0.703125;0.828125,True,True,3,0
8047,5,age,129335,129334,32,1,False,0.296875,1,False,0.296875,1,False,0.296875,True,False,1,0
8048,5,age,129335,129336,32,3,True,0.140625;0.703125;0.828125,3,True,0.140625;0.703125;0.828125,3,True,0.140625;0.703125;0.828125,True,True,3,0
8049,5,age,129396,129395,32,1,False,0.296875,1,False,0.296875,1,False,0.296875,True,False,1,0
8050,5,age,129396,129397,32,3,True,0.078125;0.703125;0.765625,3,True,0.078125;0.703125;0.765625,3,True,0.078125;0.703125;0.765625,True,True,3,0
8051,5,age,129398,129397,32,1,False,0.296875,1,False,0.296875,1,False,0.296875,True,False,1,0
8052,5,age,129398,129399,32,3,True,0.140625;0.703125;0.828125,3,True,0.140625;0.703125;0.828125,3,True,0.140625;0.703125;0.828125,True,True,3,0
8053,5,age,129459,129458,32,1,False,0.296875,1,False,0.296875,1,False,0.296875,True,False,1,0
8054,5,age,129459,129460,32,3,True,0.078125;0.703125;0.984375,3,True,0.078125;0.703125;0.984375,3,True,0.078125;0.703125;0.984375,True,True,3,0
8055,5,age,129461,129460,32,1,False,0.296875,1,False,0.296875,1,False,0.296875,True,False,1,0
8056,5,age,129461,129462,32,3,True,0.140625;0.703125;0.828125,3,True,0.140625;0.703125;0.828125,3,True,0.140625;0.703125;0.828125,True,True,3,0
8057,5,age,129515,129514,32,3,True,0.109375;0.296875;0.921875,3,True,0.109375;0.296875;0.921875,3,True,0.109375;0.296875;0.921875,True,True,3,0
8058,5,age,129515,129516,32,1,False,0.078125,1,False,0.078125,1,False,0.078125,True,False,1,0
8059,5,age,129522,129521,32,1,False,0.984375,1,False,0.984375,1,False,0.984375,True,False,1,0
8060,5,age,129522,129523,32,1,False,0.765625,1,False,0.765625,1,False,0.765625,True,False,1,0
8061,5,age,129524,129523,32,1,False,0.296875,1,False,0.296875,1,False,0.296875,True,False,1,0
8062,5,age,129524,129525,32,3,True,0.140625;0.703125;0.828125,3,True,0.140625;0.703125;0.828125,3,True,0.140625;0.703125;0.828125,True,True,3,0
8063,5,age,129587,129586,32,1,False,0.296875,1,False,0.296875,1,False,0.296875,True,False,1,0
8064,5,age,129587,129588,32,3,True,0.140625;0.703125;0.828125,3,True,0.140625;0.703125;0.828125,3,True,0.140625;0.703125;0.828125,True,True,3,0
8065,5,age,129650,129649,32,1,False,0.296875,1,False,0.296875,1,False,0.296875,True,False,1,0
8066,5,age,129650,129651,32,3,True,0.140625;0.703125;0.828125,3,True,0.140625;0.703125;0.828125,3,True,0.140625;0.703125;0.828125,True,True,3,0
8067,5,age,129711,129710,32,1,False,0.296875,1,False,0.296875,1,False,0.296875,True,False,1,0
8068,5,age,129711,129712,32,3,True,0.078125;0.703125;0.765625,3,True,0.078125;0.703125;0.765625,3,True,0.078125;0.703125;0.765625,True,True,3,0
8069,5,age,129713,129712,32,1,False,0.296875,1,False,0.296875,1,False,0.296875,True,False,1,0
8070,5,age,129713,129714,32,3,True,0.140625;0.703125;0.828125,3,True,0.140625;0.703125;0.828125,3,True,0.140625;0.703125;0.828125,True,True,3,0
8071,5,age,129774,129773,32,1,False,0.296875,1,False,0.296875,1,False,0.296875,True,False,1,0
8072,5,age,129774,129775,32,3,True,0.078125;0.703125;0.984375,3,True,0.078125;0.703125;0.984375,3,True,0.078125;0.703125;0.984375,True,True,3,0
8073,5,age,129776,129775,32,1,False,0.296875,1,False,0.296875,1,False,0.296875,True,False,1,0
8074,5,age,129776,129777,32,3,True,0.140625;0.703125;0.828125,3,True,0.140625;0.703125;0.828125,3,True,0.140625;0.703125;0.828125,True,True,3,0
8075,5,age,129830,129829,32,3,True,0.109375;0.296875;0.921875,3,True,0.109375;0.296875;0.921875,3,True,0.109375;0.296875;0.921875,True,True,3,0
8076,5,age,129830,129831,32,1,False,0.078125,1,False,0.078125,1,False,0.078125,True,False,1,0
8077,5,age,129837,129836,32,1,False,0.984375,1,False,0.984375,1,False,0.984375,True,False,1,0
8078,5,age,129837,129838,32,1,False,0.765625,1,False,0.765625,1,False,0.765625,True,False,1,0
8079,5,age,129839,129838,32,1,False,0.296875,1,False,0.296875,1,False,0.296875,True,False,1,0
8080,5,age,129839,129840,32,3,True,0.140625;0.703125;0.828125,3,True,0.140625;0.703125;0.828125,3,True,0.140625;0.703125;0.828125,True,True,3,0
8081,5,age,129902,129901,32,1,False,0.296875,1,False,0.296875,1,False,0.296875,True,False,1,0
8082,5,age,129902,129903,32,3,True,0.140625;0.703125;0.828125,3,True,0.140625;0.703125;0.828125,3,True,0.140625;0.703125;0.828125,True,True,3,0
8083,5,age,129965,129964,32,1,False,0.296875,1,False,0.296875,1,False,0.296875,True,False,1,0
8084,5,age,129965,129966,32,3,True,0.140625;0.703125;0.828125,3,True,0.140625;0.703125;0.828125,3,True,0.140625;0.703125;0.828125,True,True,3,0
8085,5,age,130026,130025,32,1,False,0.296875,1,False,0.296875,1,False,0.296875,True,False,1,0
8086,5,age,130026,130027,32,3,True,0.078125;0.703125;0.765625,3,True,0.078125;0.703125;0.765625,3,True,0.078125;0.703125;0.765625,True,True,3,0
8087,5,age,130028,130027,32,1,False,0.296875,1,False,0.296875,1,False,0.296875,True,False,1,0
8088,5,age,130028,130029,32,3,True,0.140625;0.703125;0.828125,3,True,0.140625;0.703125;0.828125,3,True,0.140625;0.703125;0.828125,True,True,3,0
8089,5,age,130089,130088,32,1,False,0.296875,1,False,0.296875,1,False,0.296875,True,False,1,0
8090,5,age,130089,130090,32,3,True,0.078125;0.703125;0.984375,3,True,0.078125;0.703125;0.984375,3,True,0.078125;0.703125;0.984375,True,True,3,0
8091,5,age,130091,130090,32,1,False,0.296875,1,False,0.296875,1,False,0.296875,True,False,1,0
8092,5,age,130091,130092,32,3,True,0.140625;0.703125;0.828125,3,True,0.140625;0.703125;0.828125,3,True,0.140625;0.703125;0.828125,True,True,3,0
8093,5,age,130145,130144,32,3,True,0.109375;0.296875;0.921875,3,True,0.109375;0.296875;0.921875,3,True,0.109375;0.296875;0.921875,True,True,3,0
8094,5,age,130145,130146,32,1,False,0.078125,1,False,0.078125,1,False,0.078125,True,False,1,0
8095,5,age,130152,130151,32,1,False,0.984375,1,False,0.984375,1,False,0.984375,True,False,1,0
8096,5,age,130152,130153,32,1,False,0.765625,1,False,0.765625,1,False,0.765625,True,False,1,0
8097,5,age,130154,130153,32,1,False,0.296875,1,False,0.296875,1,False,0.296875,True,False,1,0
8098,5,age,130154,130155,32,3,True,0.140625;0.703125;0.828125,3,True,0.140625;0.703125;0.828125,3,True,0.140625;0.703125;0.828125,True,True,3,0
8099,5,age,130217,130216,32,1,False,0.296875,1,False,0.296875,1,False,0.296875,True,False,1,0
8100,5,age,130217,130218,32,3,True,0.140625;0.703125;0.828125,3,True,0.140625;0.703125;0.828125,3,True,0.140625;0.703125;0.828125,True,True,3,0
8101,5,age,130280,130279,32,1,False,0.296875,1,False,0.296875,1,False,0.296875,True,False,1,0
8102,5,age,130280,130281,32,3,True,0.140625;0.703125;0.828125,3,True,0.140625;0.703125;0.828125,3,True,0.140625;0.703125;0.828125,True,True,3,0
8103,5,age,130341,130340,32,1,False,0.296875,1,False,0.296875,1,False,0.296875,True,False,1,0
8104,5,age,130341,130342,32,3,True,0.078125;0.703125;0.765625,3,True,0.078125;0.703125;0.765625,3,True,0.078125;0.703125;0.765625,True,True,3,0
8105,5,age,130343,130342,32,1,False,0.296875,1,False,0.296875,1,False,0.296875,True,False,1,0
8106,5,age,130343,130344,32,3,True,0.140625;0.703125;0.828125,3,True,0.140625;0.703125;0.828125,3,True,0.140625;0.703125;0.828125,True,True,3,0
8107,5,age,130404,130403,32,1,False,0.296875,1,False,0.296875,1,False,0.296875,True,False,1,0
8108,5,age,130404,130405,32,3,True,0.078125;0.703125;0.984375,3,True,0.078125;0.703125;0.984375,3,True,0.078125;0.703125;0.984375,True,True,3,0
8109,5,age,130406,130405,32,1,False,0.296875,1,False,0.296875,1,False,0.296875,True,False,1,0
8110,5,age,130406,130407,32,3,True,0.140625;0.703125;0.828125,3,True,0.140625;0.703125;0.828125,3,True,0.140625;0.703125;0.828125,True,True,3,0
8111,5,age,130460,130459,32,3,True,0.109375;0.296875;0.921875,3,True,0.109375;0.296875;0.921875,3,True,0.109375;0.296875;0.921875,True,True,3,0
8112,5,age,130460,130461,32,1,False,0.078125,1,False,0.078125,1,False,0.078125,True,False,1,0
8113,5,age,130467,130466,32,1,False,0.984375,1,False,0.984375,1,False,0.984375,True,False,1,0
8114,5,age,130467,130468,32,1,False,0.765625,1,False,0.765625,1,False,0.765625,True,False,1,0
8115,5,age,130469,130468,32,1,False,0.296875,1,False,0.296875,1,False,0.296875,True,False,1,0
8116,5,age,130469,130470,32,3,True,0.140625;0.703125;0.828125,3,True,0.140625;0.703125;0.828125,3,True,0.140625;0.703125;0.828125,True,True,3,0
8117,5,age,130532,130531,32,1,False,0.296875,1,False,0.296875,1,False,0.296875,True,False,1,0
8118,5,age,130532,130533,32,3,True,0.140625;0.703125;0.828125,3,True,0.140625;0.703125;0.828125,3,True,0.140625;0.703125;0.828125,True,True,3,0
8119,5,age,130595,130594,32,1,False,0.296875,1,False,0.296875,1,False,0.296875,True,False,1,0
8120,5,age,130595,130596,32,3,True,0.140625;0.703125;0.828125,3,True,0.140625;0.703125;0.828125,3,True,0.140625;0.703125;0.828125,True,True,3,0
8121,5,age,130656,130655,32,1,False,0.296875,1,False,0.296875,1,False,0.296875,True,False,1,0
8122,5,age,130656,130657,32,3,True,0.078125;0.703125;0.765625,3,True,0.078125;0.703125;0.765625,3,True,0.078125;0.703125;0.765625,True,True,3,0
8123,5,age,130658,130657,32,1,False,0.296875,1,False,0.296875,1,False,0.296875,True,False,1,0
8124,5,age,130658,130659,32,3,True,0.140625;0.703125;0.828125,3,True,0.140625;0.703125;0.828125,3,True,0.140625;0.703125;0.828125,True,True,3,0
8125,5,age,130719,130718,32,1,False,0.296875,1,False,0.296875,1,False,0.296875,True,False,1,0
8126,5,age,130719,130720,32,3,True,0.078125;0.703125;0.984375,3,True,0.078125;0.703125;0.984375,3,True,0.078125;0.703125;0.984375,True,True,3,0
8127,5,age,130721,130720,32,1,False,0.296875,1,False,0.296875,1,False,0.296875,True,False,1,0
8128,5,age,130721,130722,32,3,True,0.140625;0.703125;0.828125,3,True,0.140625;0.703125;0.828125,3,True,0.140625;0.703125;0.828125,True,True,3,0
8129,5,age,130775,130774,32,3,True,0.109375;0.296875;0.921875,3,True,0.109375;0.296875;0.921875,3,True,0.109375;0.296875;0.921875,True,True,3,0
8130,5,age,130775,130776,32,1,False,0.078125,1,False,0.078125,1,False,0.078125,True,False,1,0
8131,5,age,130782,130781,32,1,False,0.984375,1,False,0.984375,1,False,0.984375,True,False,1,0
8132,5,age,130782,130783,32,1,False,0.765625,1,False,0.765625,1,False,0.765625,True,False,1,0
8133,5,age,130784,130783,32,1,False,0.296875,1,False,0.296875,1,False,0.296875,True,False,1,0
8134,5,age,130784,130785,32,3,True,0.140625;0.703125;0.828125,3,True,0.140625;0.703125;0.828125,3,True,0.140625;0.703125;0.828125,True,True,3,0
8135,5,age,130847,130846,32,1,False,0.296875,1,False,0.296875,1,False,0.296875,True,False,1,0
8136,5,age,130847,130848,32,3,True,0.140625;0.703125;0.828125,3,True,0.140625;0.703125;0.828125,3,True,0.140625;0.703125;0.828125,True,True,3,0
8137,5,age,130910,130909,32,1,False,0.296875,1,False,0.296875,1,False,0.296875,True,False,1,0
8138,5,age,130910,130911,32,3,True,0.140625;0.703125;0.828125,3,True,0.140625;0.703125;0.828125,3,True,0.140625;0.703125;0.828125,True,True,3,0
8139,5,age,130971,130970,32,1,False,0.296875,1,False,0.296875,1,False,0.296875,True,False,1,0
8140,5,age,130971,130972,32,3,True,0.078125;0.703125;0.765625,3,True,0.078125;0.703125;0.765625,3,True,0.078125;0.703125;0.765625,True,True,3,0
8141,5,age,130973,130972,32,1,False,0.296875,1,False,0.296875,1,False,0.296875,True,False,1,0
8142,5,age,130973,130974,32,3,True,0.140625;0.703125;0.828125,3,True,0.140625;0.703125;0.828125,3,True,0.140625;0.703125;0.828125,True,True,3,0
8143,5,age,131034,131033,32,1,False,0.296875,1,False,0.296875,1,False,0.296875,True,False,1,0
8144,5,age,131034,131035,32,3,True,0.078125;0.703125;0.984375,3,True,0.078125;0.703125;0.984375,3,True,0.078125;0.703125;0.984375,True,True,3,0
8145,5,age,131036,131035,32,1,False,0.296875,1,False,0.296875,1,False,0.296875,True,False,1,0
8146,5,age,131036,131037,32,3,True,0.140625;0.703125;0.828125,3,True,0.140625;0.703125;0.828125,3,True,0.140625;0.703125;0.828125,True,True,3,0
8147,5,age,131090,131089,32,3,True,0.109375;0.296875;0.921875,3,True,0.109375;0.296875;0.921875,3,True,0.109375;0.296875;0.921875,True,True,3,0
8148,5,age,131090,131091,32,1,False,0.078125,1,False,0.078125,1,False,0.078125,True,False,1,0
8149,5,age,131097,131096,32,1,False,0.984375,1,False,0.984375,1,False,0.984375,True,False,1,0
8150,5,age,131097,131098,32,1,False,0.765625,1,False,0.765625,1,False,0.765625,True,False,1,0
8151,5,age,131099,131098,32,1,False,0.296875,1,False,0.296875,1,False,0.296875,True,False,1,0
8152,5,age,131099,131100,32,3,True,0.140625;0.703125;0.828125,3,True,0.140625;0.703125;0.828125,3,True,0.140625;0.703125;0.828125,True,True,3,0
8153,5,age,131162,131161,32,1,False,0.296875,1,False,0.296875,1,False,0.296875,True,False,1,0
8154,5,age,131162,131163,32,3,True,0.140625;0.703125;0.828125,3,True,0.140625;0.703125;0.828125,3,True,0.140625;0.703125;0.828125,True,True,3,0
8155,5,age,131225,131224,32,1,False,0.296875,1,False,0.296875,1,False,0.296875,True,False,1,0
8156,5,age,131225,131226,32,3,True,0.140625;0.703125;0.828125,3,True,0.140625;0.703125;0.828125,3,True,0.140625;0.703125;0.828125,True,True,3,0
8157,5,age,131286,131285,32,1,False,0.296875,1,False,0.296875,1,False,0.296875,True,False,1,0
8158,5,age,131286,131287,32,3,True,0.078125;0.703125;0.765625,3,True,0.078125;0.703125;0.765625,3,True,0.078125;0.703125;0.765625,True,True,3,0
8159,5,age,131288,131287,32,1,False,0.296875,1,False,0.296875,1,False,0.296875,True,False,1,0
8160,5,age,131288,131289,32,3,True,0.140625;0.703125;0.828125,3,True,0.140625;0.703125;0.828125,3,True,0.140625;0.703125;0.828125,True,True,3,0
8161,5,age,131349,131348,32,1,False,0.296875,1,False,0.296875,1,False,0.296875,True,False,1,0
8162,5,age,131349,131350,32,3,True,0.078125;0.703125;0.984375,3,True,0.078125;0.703125;0.984375,3,True,0.078125;0.703125;0.984375,True,True,3,0
8163,5,age,131351,131350,32,1,False,0.296875,1,False,0.296875,1,False,0.296875,True,False,1,0
8164,5,age,131351,131352,32,3,True,0.140625;0.703125;0.828125,3,True,0.140625;0.703125;0.828125,3,True,0.140625;0.703125;0.828125,True,True,3,0
8165,5,age,131405,131404,32,3,True,0.109375;0.296875;0.921875,3,True,0.109375;0.296875;0.921875,3,True,0.109375;0.296875;0.921875,True,True,3,0
8166,5,age,131405,131406,32,1,False,0.078125,1,False,0.078125,1,False,0.078125,True,False,1,0
8167,5,age,131412,131411,32,1,False,0.984375,1,False,0.984375,1,False,0.984375,True,False,1,0
8168,5,age,131412,131413,32,1,False,0.765625,1,False,0.765625,1,False,0.765625,True,False,1,0
8169,5,age,131414,131413,32,1,False,0.296875,1,False,0.296875,1,False,0.296875,True,False,1,0
8170,5,age,131414,131415,32,3,True,0.140625;0.703125;0.828125,3,True,0.140625;0.703125;0.828125,3,True,0.140625;0.703125;0.828125,True,True,3,0
8171,5,age,131477,131476,32,1,False,0.296875,1,False,0.296875,1,False,0.296875,True,False,1,0
8172,5,age,131477,131478,32,3,True,0.140625;0.703125;0.828125,3,True,0.140625;0.703125;0.828125,3,True,0.140625;0.703125;0.828125,True,True,3,0
8173,5,age,131540,131539,32,1,False,0.296875,1,False,0.296875,1,False,0.296875,True,False,1,0
8174,5,age,131540,131541,32,3,True,0.140625;0.703125;0.828125,3,True,0.140625;0.703125;0.828125,3,True,0.140625;0.703125;0.828125,True,True,3,0
8175,5,age,131601,131600,32,1,False,0.296875,1,False,0.296875,1,False,0.296875,True,False,1,0
8176,5,age,131601,131602,32,3,True,0.078125;0.703125;0.765625,3,True,0.078125;0.703125;0.765625,3,True,0.078125;0.703125;0.765625,True,True,3,0
8177,5,age,131603,131602,32,1,False,0.296875,1,False,0.296875,1,False,0.296875,True,False,1,0
8178,5,age,131603,131604,32,3,True,0.140625;0.703125;0.828125,3,True,0.140625;0.703125;0.828125,3,True,0.140625;0.703125;0.828125,True,True,3,0
8179,5,age,131664,131663,32,1,False,0.296875,1,False,0.296875,1,False,0.296875,True,False,1,0
8180,5,age,131664,131665,32,3,True,0.078125;0.703125;0.984375,3,True,0.078125;0.703125;0.984375,3,True,0.078125;0.703125;0.984375,True,True,3,0
8181,5,age,131666,131665,32,1,False,0.296875,1,False,0.296875,1,False,0.296875,True,False,1,0
8182,5,age,131666,131667,32,3,True,0.140625;0.703125;0.828125,3,True,0.140625;0.703125;0.828125,3,True,0.140625;0.703125;0.828125,True,True,3,0
8183,5,age,131720,131719,32,3,True,0.109375;0.296875;0.921875,3,True,0.109375;0.296875;0.921875,3,True,0.109375;0.296875;0.921875,True,True,3,0
8184,5,age,131720,131721,32,1,False,0.078125,1,False,0.078125,1,False,0.078125,True,False,1,0
8185,5,age,131727,131726,32,1,False,0.984375,1,False,0.984375,1,False,0.984375,True,False,1,0
8186,5,age,131727,131728,32,1,False,0.765625,1,False,0.765625,1,False,0.765625,True,False,1,0
8187,5,age,131729,131728,32,1,False,0.296875,1,False,0.296875,1,False,0.296875,True,False,1,0
8188,5,age,131729,131730,32,3,True,0.140625;0.703125;0.828125,3,True,0.140625;0.703125;0.828125,3,True,0.140625;0.703125;0.828125,True,True,3,0
8189,5,age,131792,131791,32,1,False,0.296875,1,False,0.296875,1,False,0.296875,True,False,1,0
8190,5,age,131792,131793,32,3,True,0.140625;0.703125;0.828125,3,True,0.140625;0.703125;0.828125,3,True,0.140625;0.703125;0.828125,True,True,3,0
8191,5,age,131855,131854,32,1,False,0.296875,1,False,0.296875,1,False,0.296875,True,False,1,0
8192,5,age,131855,131856,32,3,True,0.140625;0.703125;0.828125,3,True,0.140625;0.703125;0.828125,3,True,0.140625;0.703125;0.828125,True,True,3,0
8193,5,age,131916,131915,32,1,False,0.296875,1,False,0.296875,1,False,0.296875,True,False,1,0
8194,5,age,131916,131917,32,3,True,0.078125;0.703125;0.765625,3,True,0.078125;0.703125;0.765625,3,True,0.078125;0.703125;0.765625,True,True,3,0
8195,5,age,131918,131917,32,1,False,0.296875,1,False,0.296875,1,False,0.296875,True,False,1,0
8196,5,age,131918,131919,32,3,True,0.140625;0.703125;0.828125,3,True,0.140625;0.703125;0.828125,3,True,0.140625;0.703125;0.828125,True,True,3,0
8197,5,age,131979,131978,32,1,False,0.296875,1,False,0.296875,1,False,0.296875,True,False,1,0
8198,5,age,131979,131980,32,3,True,0.078125;0.703125;0.984375,3,True,0.078125;0.703125;0.984375,3,True,0.078125;0.703125;0.984375,True,True,3,0
8199,5,age,131981,131980,32,1,False,0.296875,1,False,0.296875,1,False,0.296875,True,False,1,0
8200,5,age,131981,131982,32,3,True,0.140625;0.703125;0.828125,3,True,0.140625;0.703125;0.828125,3,True,0.140625;0.703125;0.828125,True,True,3,0
8201,5,age,132035,132034,32,3,True,0.109375;0.296875;0.921875,3,True,0.109375;0.296875;0.921875,3,True,0.109375;0.296875;0.921875,True,True,3,0
8202,5,age,132035,132036,32,1,False,0.078125,1,False,0.078125,1,False,0.078125,True,False,1,0
8203,5,age,132042,132041,32,1,False,0.984375,1,False,0.984375,1,False,0.984375,True,False,1,0
8204,5,age,132042,132043,32,1,False,0.765625,1,False,0.765625,1,False,0.765625,True,False,1,0
8205,5,age,132044,132043,32,1,False,0.296875,1,False,0.296875,1,False,0.296875,True,False,1,0
8206,5,age,132044,132045,32,3,True,0.140625;0.703125;0.828125,3,True,0.140625;0.703125;0.828125,3,True,0.140625;0.703125;0.828125,True,True,3,0
8207,5,age,132107,132106,32,1,False,0.296875,1,False,0.296875,1,False,0.296875,True,False,1,0
8208,5,age,132107,132108,32,3,True,0.140625;0.703125;0.828125,3,True,0.140625;0.703125;0.828125,3,True,0.140625;0.703125;0.828125,True,True,3,0
8209,5,age,132170,132169,32,1,False,0.296875,1,False,0.296875,1,False,0.296875,True,False,1,0
8210,5,age,132170,132171,32,3,True,0.140625;0.703125;0.828125,3,True,0.140625;0.703125;0.828125,3,True,0.140625;0.703125;0.828125,True,True,3,0
8211,5,age,132231,132230,32,1,False,0.296875,1,False,0.296875,1,False,0.296875,True,False,1,0
8212,5,age,132231,132232,32,3,True,0.078125;0.703125;0.765625,3,True,0.078125;0.703125;0.765625,3,True,0.078125;0.703125;0.765625,True,True,3,0
8213,5,age,132233,132232,32,1,False,0.296875,1,False,0.296875,1,False,0.296875,True,False,1,0
8214,5,age,132233,132234,32,3,True,0.140625;0.703125;0.828125,3,True,0.140625;0.703125;0.828125,3,True,0.140625;0.703125;0.828125,True,True,3,0
8215,5,age,132294,132293,32,1,False,0.296875,1,False,0.296875,1,False,0.296875,True,False,1,0
8216,5,age,132294,132295,32,3,True,0.078125;0.703125;0.984375,3,True,0.078125;0.703125;0.984375,3,True,0.078125;0.703125;0.984375,True,True,3,0
8217,5,age,132296,132295,32,1,False,0.296875,1,False,0.296875,1,False,0.296875,True,False,1,0
8218,5,age,132296,132297,32,3,True,0.140625;0.703125;0.828125,3,True,0.140625;0.703125;0.828125,3,True,0.140625;0.703125;0.828125,True,True,3,0
8219,5,age,132350,132349,32,3,True,0.109375;0.296875;0.921875,3,True,0.109375;0.296875;0.921875,3,True,0.109375;0.296875;0.921875,True,True,3,0
8220,5,age,132350,132351,32,1,False,0.078125,1,False,0.078125,1,False,0.078125,True,False,1,0
8221,5,age,132357,132356,32,1,False,0.984375,1,False,0.984375,1,False,0.984375,True,False,1,0
8222,5,age,132357,132358,32,1,False,0.765625,1,False,0.765625,1,False,0.765625,True,False,1,0
8223,5,age,132359,132358,32,1,False,0.296875,1,False,0.296875,1,False,0.296875,True,False,1,0
8224,5,age,132359,132360,32,3,True,0.140625;0.703125;0.828125,3,True,0.140625;0.703125;0.828125,3,True,0.140625;0.703125;0.828125,True,True,3,0
8225,5,age,132422,132421,32,1,False,0.296875,1,False,0.296875,1,False,0.296875,True,False,1,0
8226,5,age,132422,132423,32,3,True,0.140625;0.703125;0.828125,3,True,0.140625;0.703125;0.828125,3,True,0.140625;0.703125;0.828125,True,True,3,0
8227,5,age,132485,132484,32,1,False,0.296875,1,False,0.296875,1,False,0.296875,True,False,1,0
8228,5,age,132485,132486,32,3,True,0.140625;0.703125;0.828125,3,True,0.140625;0.703125;0.828125,3,True,0.140625;0.703125;0.828125,True,True,3,0
8229,5,age,132546,132545,32,1,False,0.296875,1,False,0.296875,1,False,0.296875,True,False,1,0
8230,5,age,132546,132547,32,3,True,0.078125;0.703125;0.765625,3,True,0.078125;0.703125;0.765625,3,True,0.078125;0.703125;0.765625,True,True,3,0
8231,5,age,132548,132547,32,1,False,0.296875,1,False,0.296875,1,False,0.296875,True,False,1,0
8232,5,age,132548,132549,32,3,True,0.140625;0.703125;0.828125,3,True,0.140625;0.703125;0.828125,3,True,0.140625;0.703125;0.828125,True,True,3,0
8233,5,age,132609,132608,32,1,False,0.296875,1,False,0.296875,1,False,0.296875,True,False,1,0
8234,5,age,132609,132610,32,3,True,0.078125;0.703125;0.984375,3,True,0.078125;0.703125;0.984375,3,True,0.078125;0.703125;0.984375,True,True,3,0
8235,5,age,132611,132610,32,1,False,0.296875,1,False,0.296875,1,False,0.296875,True,False,1,0
8236,5,age,132611,132612,32,3,True,0.140625;0.703125;0.828125,3,True,0.140625;0.703125;0.828125,3,True,0.140625;0.703125;0.828125,True,True,3,0
8237,5,age,132665,132664,32,3,True,0.109375;0.296875;0.921875,3,True,0.109375;0.296875;0.921875,3,True,0.109375;0.296875;0.921875,True,True,3,0
8238,5,age,132665,132666,32,1,False,0.078125,1,False,0.078125,1,False,0.078125,True,False,1,0
8239,5,age,132672,132671,32,1,False,0.984375,1,False,0.984375,1,False,0.984375,True,False,1,0
8240,5,age,132672,132673,32,1,False,0.765625,1,False,0.765625,1,False,0.765625,True,False,1,0
8241,5,age,132674,132673,32,1,False,0.296875,1,False,0.296875,1,False,0.296875,True,False,1,0
8242,5,age,132674,132675,32,3,True,0.140625;0.703125;0.828125,3,True,0.140625;0.703125;0.828125,3,True,0.140625;0.703125;0.828125,True,True,3,0
8243,5,age,132737,132736,32,1,False,0.296875,1,False,0.296875,1,False,0.296875,True,False,1,0
8244,5,age,132737,132738,32,3,True,0.140625;0.703125;0.828125,3,True,0.140625;0.703125;0.828125,3,True,0.140625;0.703125;0.828125,True,True,3,0
8245,5,age,132800,132799,32,1,False,0.296875,1,False,0.296875,1,False,0.296875,True,False,1,0
8246,5,age,132800,132801,32,3,True,0.140625;0.703125;0.828125,3,True,0.140625;0.703125;0.828125,3,True,0.140625;0.703125;0.828125,True,True,3,0
8247,5,age,132861,132860,32,1,False,0.296875,1,False,0.296875,1,False,0.296875,True,False,1,0
8248,5,age,132861,132862,32,3,True,0.078125;0.703125;0.765625,3,True,0.078125;0.703125;0.765625,3,True,0.078125;0.703125;0.765625,True,True,3,0
8249,5,age,132863,132862,32,1,False,0.296875,1,False,0.296875,1,False,0.296875,True,False,1,0
8250,5,age,132863,132864,32,3,True,0.140625;0.703125;0.828125,3,True,0.140625;0.703125;0.828125,3,True,0.140625;0.703125;0.828125,True,True,3,0
8251,5,age,132924,132923,32,1,False,0.296875,1,False,0.296875,1,False,0.296875,True,False,1,0
8252,5,age,132924,132925,32,3,True,0.078125;0.703125;0.984375,3,True,0.078125;0.703125;0.984375,3,True,0.078125;0.703125;0.984375,True,True,3,0
8253,5,age,132926,132925,32,1,False,0.296875,1,False,0.296875,1,False,0.296875,True,False,1,0
8254,5,age,132926,132927,32,3,True,0.140625;0.703125;0.828125,3,True,0.140625;0.703125;0.828125,3,True,0.140625;0.703125;0.828125,True,True,3,0
8255,5,age,132980,132979,32,3,True,0.109375;0.296875;0.921875,3,True,0.109375;0.296875;0.921875,3,True,0.109375;0.296875;0.921875,True,True,3,0
8256,5,age,132980,132981,32,1,False,0.078125,1,False,0.078125,1,False,0.078125,True,False,1,0
8257,5,age,132987,132986,32,1,False,0.984375,1,False,0.984375,1,False,0.984375,True,False,1,0
8258,5,age,132987,132988,32,1,False,0.765625,1,False,0.765625,1,False,0.765625,True,False,1,0
8259,5,age,132989,132988,32,1,False,0.296875,1,False,0.296875,1,False,0.296875,True,False,1,0
8260,5,age,132989,132990,32,3,True,0.140625;0.703125;0.828125,3,True,0.140625;0.703125;0.828125,3,True,0.140625;0.703125;0.828125,True,True,3,0
8261,5,age,133052,133051,32,1,False,0.296875,1,False,0.296875,1,False,0.296875,True,False,1,0
8262,5,age,133052,133053,32,3,True,0.140625;0.703125;0.828125,3,True,0.140625;0.703125;0.828125,3,True,0.140625;0.703125;0.828125,True,True,3,0
8263,5,age,133115,133114,32,1,False,0.296875,1,False,0.296875,1,False,0.296875,True,False,1,0
8264,5,age,133115,133116,32,3,True,0.140625;0.703125;0.828125,3,True,0.140625;0.703125;0.828125,3,True,0.140625;0.703125;0.828125,True,True,3,0
8265,5,age,133176,133175,32,1,False,0.296875,1,False,0.296875,1,False,0.296875,True,False,1,0
8266,5,age,133176,133177,32,3,True,0.078125;0.703125;0.765625,3,True,0.078125;0.703125;0.765625,3,True,0.078125;0.703125;0.765625,True,True,3,0
8267,5,age,133178,133177,32,1,False,0.296875,1,False,0.296875,1,False,0.296875,True,False,1,0
8268,5,age,133178,133179,32,3,True,0.140625;0.703125;0.828125,3,True,0.140625;0.703125;0.828125,3,True,0.140625;0.703125;0.828125,True,True,3,0
8269,5,age,133239,133238,32,1,False,0.296875,1,False,0.296875,1,False,0.296875,True,False,1,0
8270,5,age,133239,133240,32,3,True,0.078125;0.703125;0.984375,3,True,0.078125;0.703125;0.984375,3,True,0.078125;0.703125;0.984375,True,True,3,0
8271,5,age,133241,133240,32,1,False,0.296875,1,False,0.296875,1,False,0.296875,True,False,1,0
8272,5,age,133241,133242,32,3,True,0.140625;0.703125;0.828125,3,True,0.140625;0.703125;0.828125,3,True,0.140625;0.703125;0.828125,True,True,3,0
8273,5,age,133295,133294,32,3,True,0.109375;0.296875;0.921875,3,True,0.109375;0.296875;0.921875,3,True,0.109375;0.296875;0.921875,True,True,3,0
8274,5,age,133295,133296,32,1,False,0.078125,1,False,0.078125,1,False,0.078125,True,False,1,0
8275,5,age,133302,133301,32,1,False,0.984375,1,False,0.984375,1,False,0.984375,True,False,1,0
8276,5,age,133302,133303,32,1,False,0.765625,1,False,0.765625,1,False,0.765625,True,False,1,0
8277,5,age,133304,133303,32,1,False,0.296875,1,False,0.296875,1,False,0.296875,True,False,1,0
8278,5,age,133304,133305,32,3,True,0.140625;0.703125;0.828125,3,True,0.140625;0.703125;0.828125,3,True,0.140625;0.703125;0.828125,True,True,3,0
8279,5,age,133367,133366,32,1,False,0.296875,1,False,0.296875,1,False,0.296875,True,False,1,0
8280,5,age,133367,133368,32,3,True,0.140625;0.703125;0.828125,3,True,0.140625;0.703125;0.828125,3,True,0.140625;0.703125;0.828125,True,True,3,0
8281,5,age,133430,133429,32,1,False,0.296875,1,False,0.296875,1,False,0.296875,True,False,1,0
8282,5,age,133430,133431,32,3,True,0.140625;0.703125;0.828125,3,True,0.140625;0.703125;0.828125,3,True,0.140625;0.703125;0.828125,True,True,3,0
8283,5,age,133491,133490,32,1,False,0.296875,1,False,0.296875,1,False,0.296875,True,False,1,0
8284,5,age,133491,133492,32,3,True,0.078125;0.703125;0.765625,3,True,0.078125;0.703125;0.765625,3,True,0.078125;0.703125;0.765625,True,True,3,0
8285,5,age,133493,133492,32,1,False,0.296875,1,False,0.296875,1,False,0.296875,True,False,1,0
8286,5,age,133493,133494,32,3,True,0.140625;0.703125;0.828125,3,True,0.140625;0.703125;0.828125,3,True,0.140625;0.703125;0.828125,True,True,3,0
8287,5,age,133554,133553,32,1,False,0.296875,1,False,0.296875,1,False,0.296875,True,False,1,0
8288,5,age,133554,133555,32,3,True,0.078125;0.703125;0.984375,3,True,0.078125;0.703125;0.984375,3,True,0.078125;0.703125;0.984375,True,True,3,0
8289,5,age,133556,133555,32,1,False,0.296875,1,False,0.296875,1,False,0.296875,True,False,1,0
8290,5,age,133556,133557,32,3,True,0.140625;0.703125;0.828125,3,True,0.140625;0.703125;0.828125,3,True,0.140625;0.703125;0.828125,True,True,3,0
8291,5,age,133610,133609,32,3,True,0.109375;0.296875;0.921875,3,True,0.109375;0.296875;0.921875,3,True,0.109375;0.296875;0.921875,True,True,3,0
8292,5,age,133610,133611,32,1,False,0.078125,1,False,0.078125,1,False,0.078125,True,False,1,0
8293,5,age,133617,133616,32,1,False,0.984375,1,False,0.984375,1,False,0.984375,True,False,1,0
8294,5,age,133617,133618,32,1,False,0.765625,1,False,0.765625,1,False,0.765625,True,False,1,0
8295,5,age,133619,133618,32,1,False,0.296875,1,False,0.296875,1,False,0.296875,True,False,1,0
8296,5,age,133619,133620,32,3,True,0.140625;0.703125;0.828125,3,True,0.140625;0.703125;0.828125,3,True,0.140625;0.703125;0.828125,True,True,3,0
8297,5,age,133682,133681,32,1,False,0.296875,1,False,0.296875,1,False,0.296875,True,False,1,0
8298,5,age,133682,133683,32,3,True,0.140625;0.703125;0.828125,3,True,0.140625;0.703125;0.828125,3,True,0.140625;0.703125;0.828125,True,True,3,0
8299,5,age,133745,133744,32,1,False,0.296875,1,False,0.296875,1,False,0.296875,True,False,1,0
8300,5,age,133745,133746,32,3,True,0.140625;0.703125;0.828125,3,True,0.140625;0.703125;0.828125,3,True,0.140625;0.703125;0.828125,True,True,3,0
8301,5,age,133806,133805,32,1,False,0.296875,1,False,0.296875,1,False,0.296875,True,False,1,0
8302,5,age,133806,133807,32,3,True,0.078125;0.703125;0.765625,3,True,0.078125;0.703125;0.765625,3,True,0.078125;0.703125;0.765625,True,True,3,0
8303,5,age,133808,133807,32,1,False,0.296875,1,False,0.296875,1,False,0.296875,True,False,1,0
8304,5,age,133808,133809,32,3,True,0.140625;0.703125;0.828125,3,True,0.140625;0.703125;0.828125,3,True,0.140625;0.703125;0.828125,True,True,3,0
8305,5,age,133869,133868,32,1,False,0.296875,1,False,0.296875,1,False,0.296875,True,False,1,0
8306,5,age,133869,133870,32,3,True,0.078125;0.703125;0.984375,3,True,0.078125;0.703125;0.984375,3,True,0.078125;0.703125;0.984375,True,True,3,0
8307,5,age,133871,133870,32,1,False,0.296875,1,False,0.296875,1,False,0.296875,True,False,1,0
8308,5,age,133871,133872,32,3,True,0.140625;0.703125;0.828125,3,True,0.140625;0.703125;0.828125,3,True,0.140625;0.703125;0.828125,True,True,3,0
8309,5,age,133925,133924,32,3,True,0.109375;0.296875;0.921875,3,True,0.109375;0.296875;0.921875,3,True,0.109375;0.296875;0.921875,True,True,3,0
8310,5,age,133925,133926,32,1,False,0.078125,1,False,0.078125,1,False,0.078125,True,False,1,0
8311,5,age,133932,133931,32,1,False,0.984375,1,False,0.984375,1,False,0.984375,True,False,1,0
8312,5,age,133932,133933,32,1,False,0.765625,1,False,0.765625,1,False,0.765625,True,False,1,0
8313,5,age,133934,133933,32,1,False,0.296875,1,False,0.296875,1,False,0.296875,True,False,1,0
8314,5,age,133934,133935,32,3,True,0.140625;0.703125;0.828125,3,True,0.140625;0.703125;0.828125,3,True,0.140625;0.703125;0.828125,True,True,3,0
8315,5,age,133997,133996,32,1,False,0.296875,1,False,0.296875,1,False,0.296875,True,False,1,0
8316,5,age,133997,133998,32,3,True,0.140625;0.703125;0.828125,3,True,0.140625;0.703125;0.828125,3,True,0.140625;0.703125;0.828125,True,True,3,0
8317,5,age,134060,134059,32,1,False,0.296875,1,False,0.296875,1,False,0.296875,True,False,1,0
8318,5,age,134060,134061,32,3,True,0.140625;0.703125;0.828125,3,True,0.140625;0.703125;0.828125,3,True,0.140625;0.703125;0.828125,True,True,3,0
8319,5,age,134121,134120,32,1,False,0.296875,1,False,0.296875,1,False,0.296875,True,False,1,0
8320,5,age,134121,134122,32,3,True,0.078125;0.703125;0.765625,3,True,0.078125;0.703125;0.765625,3,True,0.078125;0.703125;0.765625,True,True,3,0
8321,5,age,134123,134122,32,1,False,0.296875,1,False,0.296875,1,False,0.296875,True,False,1,0
8322,5,age,134123,134124,32,3,True,0.140625;0.703125;0.828125,3,True,0.140625;0.703125;0.828125,3,True,0.140625;0.703125;0.828125,True,True,3,0
8323,5,age,134184,134183,32,1,False,0.296875,1,False,0.296875,1,False,0.296875,True,False,1,0
8324,5,age,134184,134185,32,3,True,0.078125;0.703125;0.984375,3,True,0.078125;0.703125;0.984375,3,True,0.078125;0.703125;0.984375,True,True,3,0
8325,5,age,134186,134185,32,1,False,0.296875,1,False,0.296875,1,False,0.296875,True,False,1,0
8326,5,age,134186,134187,32,3,True,0.140625;0.703125;0.828125,3,True,0.140625;0.703125;0.828125,3,True,0.140625;0.703125;0.828125,True,True,3,0
8327,5,age,134240,134239,32,3,True,0.109375;0.296875;0.921875,3,True,0.109375;0.296875;0.921875,3,True,0.109375;0.296875;0.921875,True,True,3,0
8328,5,age,134240,134241,32,1,False,0.078125,1,False,0.078125,1,False,0.078125,True,False,1,0
8329,5,age,134247,134246,32,1,False,0.984375,1,False,0.984375,1,False,0.984375,True,False,1,0
8330,5,age,134247,134248,32,1,False,0.765625,1,False,0.765625,1,False,0.765625,True,False,1,0
8331,5,age,134249,134248,32,1,False,0.296875,1,False,0.296875,1,False,0.296875,True,False,1,0
8332,5,age,134249,134250,32,3,True,0.140625;0.703125;0.828125,3,True,0.140625;0.703125;0.828125,3,True,0.140625;0.703125;0.828125,True,True,3,0
8333,5,age,134312,134311,32,1,False,0.296875,1,False,0.296875,1,False,0.296875,True,False,1,0
8334,5,age,134312,134313,32,3,True,0.140625;0.703125;0.828125,3,True,0.140625;0.703125;0.828125,3,True,0.140625;0.703125;0.828125,True,True,3,0
8335,5,age,134375,134374,32,1,False,0.296875,1,False,0.296875,1,False,0.296875,True,False,1,0
8336,5,age,134375,134376,32,3,True,0.140625;0.703125;0.828125,3,True,0.140625;0.703125;0.828125,3,True,0.140625;0.703125;0.828125,True,True,3,0
8337,5,age,134436,134435,32,1,False,0.296875,1,False,0.296875,1,False,0.296875,True,False,1,0
8338,5,age,134436,134437,32,3,True,0.078125;0.703125;0.765625,3,True,0.078125;0.703125;0.765625,3,True,0.078125;0.703125;0.765625,True,True,3,0
8339,5,age,134438,134437,32,1,False,0.296875,1,False,0.296875,1,False,0.296875,True,False,1,0
8340,5,age,134438,134439,32,3,True,0.140625;0.703125;0.828125,3,True,0.140625;0.703125;0.828125,3,True,0.140625;0.703125;0.828125,True,True,3,0
8341,5,age,134499,134498,32,1,False,0.296875,1,False,0.296875,1,False,0.296875,True,False,1,0
8342,5,age,134499,134500,32,3,True,0.078125;0.703125;0.984375,3,True,0.078125;0.703125;0.984375,3,True,0.078125;0.703125;0.984375,True,True,3,0
8343,5,age,134501,134500,32,1,False,0.296875,1,False,0.296875,1,False,0.296875,True,False,1,0
8344,5,age,134501,134502,32,3,True,0.140625;0.703125;0.828125,3,True,0.140625;0.703125;0.828125,3,True,0.140625;0.703125;0.828125,True,True,3,0
8345,5,age,134555,134554,32,3,True,0.109375;0.296875;0.921875,3,True,0.109375;0.296875;0.921875,3,True,0.109375;0.296875;0.921875,True,True,3,0
8346,5,age,134555,134556,32,1,False,0.078125,1,False,0.078125,1,False,0.078125,True,False,1,0
8347,5,age,134562,134561,32,1,False,0.984375,1,False,0.984375,1,False,0.984375,True,False,1,0
8348,5,age,134562,134563,32,1,False,0.765625,1,False,0.765625,1,False,0.765625,True,False,1,0
8349,5,age,134564,134563,32,1,False,0.296875,1,False,0.296875,1,False,0.296875,True,False,1,0
8350,5,age,134564,134565,32,3,True,0.140625;0.703125;0.828125,3,True,0.140625;0.703125;0.828125,3,True,0.140625;0.703125;0.828125,True,True,3,0
8351,5,age,134627,134626,32,1,False,0.296875,1,False,0.296875,1,False,0.296875,True,False,1,0
8352,5,age,134627,134628,32,3,True,0.140625;0.703125;0.828125,3,True,0.140625;0.703125;0.828125,3,True,0.140625;0.703125;0.828125,True,True,3,0
8353,5,age,134690,134689,32,1,False,0.296875,1,False,0.296875,1,False,0.296875,True,False,1,0
8354,5,age,134690,134691,32,3,True,0.140625;0.703125;0.828125,3,True,0.140625;0.703125;0.828125,3,True,0.140625;0.703125;0.828125,True,True,3,0
8355,5,age,134751,134750,32,1,False,0.296875,1,False,0.296875,1,False,0.296875,True,False,1,0
8356,5,age,134751,134752,32,3,True,0.078125;0.703125;0.765625,3,True,0.078125;0.703125;0.765625,3,True,0.078125;0.703125;0.765625,True,True,3,0
8357,5,age,134753,134752,32,1,False,0.296875,1,False,0.296875,1,False,0.296875,True,False,1,0
8358,5,age,134753,134754,32,3,True,0.140625;0.703125;0.828125,3,True,0.140625;0.703125;0.828125,3,True,0.140625;0.703125;0.828125,True,True,3,0
8359,5,age,134814,134813,32,1,False,0.296875,1,False,0.296875,1,False,0.296875,True,False,1,0
8360,5,age,134814,134815,32,3,True,0.078125;0.703125;0.984375,3,True,0.078125;0.703125;0.984375,3,True,0.078125;0.703125;0.984375,True,True,3,0
8361,5,age,134816,134815,32,1,False,0.296875,1,False,0.296875,1,False,0.296875,True,False,1,0
8362,5,age,134816,134817,32,3,True,0.140625;0.703125;0.828125,3,True,0.140625;0.703125;0.828125,3,True,0.140625;0.703125;0.828125,True,True,3,0
8363,5,age,134870,134869,32,3,True,0.109375;0.296875;0.921875,3,True,0.109375;0.296875;0.921875,3,True,0.109375;0.296875;0.921875,True,True,3,0
8364,5,age,134870,134871,32,1,False,0.078125,1,False,0.078125,1,False,0.078125,True,False,1,0
8365,5,age,134877,134876,32,1,False,0.984375,1,False,0.984375,1,False,0.984375,True,False,1,0
8366,5,age,134877,134878,32,1,False,0.765625,1,False,0.765625,1,False,0.765625,True,False,1,0
8367,5,age,134879,134878,32,1,False,0.296875,1,False,0.296875,1,False,0.296875,True,False,1,0
8368,5,age,134879,134880,32,3,True,0.140625;0.703125;0.828125,3,True,0.140625;0.703125;0.828125,3,True,0.140625;0.703125;0.828125,True,True,3,0
8369,5,age,134942,134941,32,1,False,0.296875,1,False,0.296875,1,False,0.296875,True,False,1,0
8370,5,age,134942,134943,32,3,True,0.140625;0.703125;0.828125,3,True,0.140625;0.703125;0.828125,3,True,0.140625;0.703125;0.828125,True,True,3,0
8371,5,age,135005,135004,32,1,False,0.296875,1,False,0.296875,1,False,0.296875,True,False,1,0
8372,5,age,135005,135006,32,3,True,0.140625;0.703125;0.828125,3,True,0.140625;0.703125;0.828125,3,True,0.140625;0.703125;0.828125,True,True,3,0
8373,5,age,135066,135065,32,1,False,0.296875,1,False,0.296875,1,False,0.296875,True,False,1,0
8374,5,age,135066,135067,32,3,True,0.078125;0.703125;0.765625,3,True,0.078125;0.703125;0.765625,3,True,0.078125;0.703125;0.765625,True,True,3,0
8375,5,age,135068,135067,32,1,False,0.296875,1,False,0.296875,1,False,0.296875,True,False,1,0
8376,5,age,135068,135069,32,3,True,0.140625;0.703125;0.828125,3,True,0.140625;0.703125;0.828125,3,True,0.140625;0.703125;0.828125,True,True,3,0
8377,5,age,135129,135128,32,1,False,0.296875,1,False,0.296875,1,False,0.296875,True,False,1,0
8378,5,age,135129,135130,32,3,True,0.078125;0.703125;0.984375,3,True,0.078125;0.703125;0.984375,3,True,0.078125;0.703125;0.984375,True,True,3,0
8379,5,age,135131,135130,32,1,False,0.296875,1,False,0.296875,1,False,0.296875,True,False,1,0
8380,5,age,135131,135132,32,3,True,0.140625;0.703125;0.828125,3,True,0.140625;0.703125;0.828125,3,True,0.140625;0.703125;0.828125,True,True,3,0
8381,5,age,135185,135184,32,3,True,0.109375;0.296875;0.921875,3,True,0.109375;0.296875;0.921875,3,True,0.109375;0.296875;0.921875,True,True,3,0
8382,5,age,135185,135186,32,1,False,0.078125,1,False,0.078125,1,False,0.078125,True,False,1,0
8383,5,age,135192,135191,32,1,False,0.984375,1,False,0.984375,1,False,0.984375,True,False,1,0
8384,5,age,135192,135193,32,1,False,0.765625,1,False,0.765625,1,False,0.765625,True,False,1,0
8385,5,age,135194,135193,32,1,False,0.296875,1,False,0.296875,1,False,0.296875,True,False,1,0
8386,5,age,135194,135195,32,3,True,0.140625;0.703125;0.828125,3,True,0.140625;0.703125;0.828125,3,True,0.140625;0.703125;0.828125,True,True,3,0
8387,5,age,135257,135256,32,1,False,0.296875,1,False,0.296875,1,False,0.296875,True,False,1,0
8388,5,age,135257,135258,32,3,True,0.140625;0.703125;0.828125,3,True,0.140625;0.703125;0.828125,3,True,0.140625;0.703125;0.828125,True,True,3,0
8389,5,age,135320,135319,32,1,False,0.296875,1,False,0.296875,1,False,0.296875,True,False,1,0
8390,5,age,135320,135321,32,3,True,0.140625;0.703125;0.828125,3,True,0.140625;0.703125;0.828125,3,True,0.140625;0.703125;0.828125,True,True,3,0
8391,5,age,135381,135380,32,1,False,0.296875,1,False,0.296875,1,False,0.296875,True,False,1,0
8392,5,age,135381,135382,32,3,True,0.078125;0.703125;0.765625,3,True,0.078125;0.703125;0.765625,3,True,0.078125;0.703125;0.765625,True,True,3,0
8393,5,age,135383,135382,32,1,False,0.296875,1,False,0.296875,1,False,0.296875,True,False,1,0
8394,5,age,135383,135384,32,3,True,0.140625;0.703125;0.828125,3,True,0.140625;0.703125;0.828125,3,True,0.140625;0.703125;0.828125,True,True,3,0
8395,5,age,135444,135443,32,1,False,0.296875,1,False,0.296875,1,False,0.296875,True,False,1,0
8396,5,age,135444,135445,32,3,True,0.078125;0.703125;0.984375,3,True,0.078125;0.703125;0.984375,3,True,0.078125;0.703125;0.984375,True,True,3,0
8397,5,age,135446,135445,32,1,False,0.296875,1,False,0.296875,1,False,0.296875,True,False,1,0
8398,5,age,135446,135447,32,3,True,0.140625;0.703125;0.828125,3,True,0.140625;0.703125;0.828125,3,True,0.140625;0.703125;0.828125,True,True,3,0
8399,5,age,135500,135499,32,3,True,0.109375;0.296875;0.921875,3,True,0.109375;0.296875;0.921875,3,True,0.109375;0.296875;0.921875,True,True,3,0
8400,5,age,135500,135501,32,1,False,0.078125,1,False,0.078125,1,False,0.078125,True,False,1,0
8401,5,age,135507,135506,32,1,False,0.984375,1,False,0.984375,1,False,0.984375,True,False,1,0
8402,5,age,135507,135508,32,1,False,0.765625,1,False,0.765625,1,False,0.765625,True,False,1,0
8403,5,age,135509,135508,32,1,False,0.296875,1,False,0.296875,1,False,0.296875,True,False,1,0
8404,5,age,135509,135510,32,3,True,0.140625;0.703125;0.828125,3,True,0.140625;0.703125;0.828125,3,True,0.140625;0.703125;0.828125,True,True,3,0
8405,5,age,135572,135571,32,1,False,0.296875,1,False,0.296875,1,False,0.296875,True,False,1,0
8406,5,age,135572,135573,32,3,True,0.140625;0.703125;0.828125,3,True,0.140625;0.703125;0.828125,3,True,0.140625;0.703125;0.828125,True,True,3,0
8407,5,age,135635,135634,32,1,False,0.296875,1,False,0.296875,1,False,0.296875,True,False,1,0
8408,5,age,135635,135636,32,3,True,0.140625;0.703125;0.828125,3,True,0.140625;0.703125;0.828125,3,True,0.140625;0.703125;0.828125,True,True,3,0
8409,5,age,135696,135695,32,1,False,0.296875,1,False,0.296875,1,False,0.296875,True,False,1,0
8410,5,age,135696,135697,32,3,True,0.078125;0.703125;0.765625,3,True,0.078125;0.703125;0.765625,3,True,0.078125;0.703125;0.765625,True,True,3,0
8411,5,age,135698,135697,32,1,False,0.296875,1,False,0.296875,1,False,0.296875,True,False,1,0
8412,5,age,135698,135699,32,3,True,0.140625;0.703125;0.828125,3,True,0.140625;0.703125;0.828125,3,True,0.140625;0.703125;0.828125,True,True,3,0
8413,5,age,135759,135758,32,1,False,0.296875,1,False,0.296875,1,False,0.296875,True,False,1,0
8414,5,age,135759,135760,32,3,True,0.078125;0.703125;0.984375,3,True,0.078125;0.703125;0.984375,3,True,0.078125;0.703125;0.984375,True,True,3,0
8415,5,age,135761,135760,32,1,False,0.296875,1,False,0.296875,1,False,0.296875,True,False,1,0
8416,5,age,135761,135762,32,3,True,0.140625;0.703125;0.828125,3,True,0.140625;0.703125;0.828125,3,True,0.140625;0.703125;0.828125,True,True,3,0
8417,5,age,135815,135814,32,3,True,0.109375;0.296875;0.921875,3,True,0.109375;0.296875;0.921875,3,True,0.109375;0.296875;0.921875,True,True,3,0
8418,5,age,135815,135816,32,1,False,0.078125,1,False,0.078125,1,False,0.078125,True,False,1,0
8419,5,age,135822,135821,32,1,False,0.984375,1,False,0.984375,1,False,0.984375,True,False,1,0
8420,5,age,135822,135823,32,1,False,0.765625,1,False,0.765625,1,False,0.765625,True,False,1,0
8421,5,age,135824,135823,32,1,False,0.296875,1,False,0.296875,1,False,0.296875,True,False,1,0
8422,5,age,135824,135825,32,3,True,0.140625;0.703125;0.828125,3,True,0.140625;0.703125;0.828125,3,True,0.140625;0.703125;0.828125,True,True,3,0
8423,5,age,135887,135886,32,1,False,0.296875,1,False,0.296875,1,False,0.296875,True,False,1,0
8424,5,age,135887,135888,32,3,True,0.140625;0.703125;0.828125,3,True,0.140625;0.703125;0.828125,3,True,0.140625;0.703125;0.828125,True,True,3,0
8425,5,age,135950,135949,32,1,False,0.296875,1,False,0.296875,1,False,0.296875,True,False,1,0
8426,5,age,135950,135951,32,3,True,0.140625;0.703125;0.828125,3,True,0.140625;0.703125;0.828125,3,True,0.140625;0.703125;0.828125,True,True,3,0
8427,5,age,136011,136010,32,1,False,0.296875,1,False,0.296875,1,False,0.296875,True,False,1,0
8428,5,age,136011,136012,32,3,True,0.078125;0.703125;0.765625,3,True,0.078125;0.703125;0.765625,3,True,0.078125;0.703125;0.765625,True,True,3,0
8429,5,age,136013,136012,32,1,False,0.296875,1,False,0.296875,1,False,0.296875,True,False,1,0
8430,5,age,136013,136014,32,3,True,0.140625;0.703125;0.828125,3,True,0.140625;0.703125;0.828125,3,True,0.140625;0.703125;0.828125,True,True,3,0
8431,5,age,136074,136073,32,1,False,0.296875,1,False,0.296875,1,False,0.296875,True,False,1,0
8432,5,age,136074,136075,32,3,True,0.078125;0.703125;0.984375,3,True,0.078125;0.703125;0.984375,3,True,0.078125;0.703125;0.984375,True,True,3,0
8433,5,age,136076,136075,32,1,False,0.296875,1,False,0.296875,1,False,0.296875,True,False,1,0
8434,5,age,136076,136077,32,3,True,0.140625;0.703125;0.828125,3,True,0.140625;0.703125;0.828125,3,True,0.140625;0.703125;0.828125,True,True,3,0
8435,5,age,136130,136129,32,3,True,0.109375;0.296875;0.921875,3,True,0.109375;0.296875;0.921875,3,True,0.109375;0.296875;0.921875,True,True,3,0
8436,5,age,136130,136131,32,1,False,0.078125,1,False,0.078125,1,False,0.078125,True,False,1,0
8437,5,age,136137,136136,32,1,False,0.984375,1,False,0.984375,1,False,0.984375,True,False,1,0
8438,5,age,136137,136138,32,1,False,0.765625,1,False,0.765625,1,False,0.765625,True,False,1,0
8439,5,age,136139,136138,32,1,False,0.296875,1,False,0.296875,1,False,0.296875,True,False,1,0
8440,5,age,136139,136140,32,3,True,0.140625;0.703125;0.828125,3,True,0.140625;0.703125;0.828125,3,True,0.140625;0.703125;0.828125,True,True,3,0
8441,5,age,136202,136201,32,1,False,0.296875,1,False,0.296875,1,False,0.296875,True,False,1,0
8442,5,age,136202,136203,32,3,True,0.140625;0.703125;0.828125,3,True,0.140625;0.703125;0.828125,3,True,0.140625;0.703125;0.828125,True,True,3,0
8443,5,age,136265,136264,32,1,False,0.296875,1,False,0.296875,1,False,0.296875,True,False,1,0
8444,5,age,136265,136266,32,3,True,0.140625;0.703125;0.828125,3,True,0.140625;0.703125;0.828125,3,True,0.140625;0.703125;0.828125,True,True,3,0
8445,5,age,136326,136325,32,1,False,0.296875,1,False,0.296875,1,False,0.296875,True,False,1,0
8446,5,age,136326,136327,32,3,True,0.078125;0.703125;0.765625,3,True,0.078125;0.703125;0.765625,3,True,0.078125;0.703125;0.765625,True,True,3,0
8447,5,age,136328,136327,32,1,False,0.296875,1,False,0.296875,1,False,0.296875,True,False,1,0
8448,5,age,136328,136329,32,3,True,0.140625;0.703125;0.828125,3,True,0.140625;0.703125;0.828125,3,True,0.140625;0.703125;0.828125,True,True,3,0
8449,5,age,136389,136388,32,1,False,0.296875,1,False,0.296875,1,False,0.296875,True,False,1,0
8450,5,age,136389,136390,32,3,True,0.078125;0.703125;0.984375,3,True,0.078125;0.703125;0.984375,3,True,0.078125;0.703125;0.984375,True,True,3,0
8451,5,age,136391,136390,32,1,False,0.296875,1,False,0.296875,1,False,0.296875,True,False,1,0
8452,5,age,136391,136392,32,3,True,0.140625;0.703125;0.828125,3,True,0.140625;0.703125;0.828125,3,True,0.140625;0.703125;0.828125,True,True,3,0
8453,5,age,136445,136444,32,3,True,0.109375;0.296875;0.921875,3,True,0.109375;0.296875;0.921875,3,True,0.109375;0.296875;0.921875,True,True,3,0
8454,5,age,136445,136446,32,1,False,0.078125,1,False,0.078125,1,False,0.078125,True,False,1,0
8455,5,age,136452,136451,32,1,False,0.984375,1,False,0.984375,1,False,0.984375,True,False,1,0
8456,5,age,136452,136453,32,1,False,0.765625,1,False,0.765625,1,False,0.765625,True,False,1,0
8457,5,age,136454,136453,32,1,False,0.296875,1,False,0.296875,1,False,0.296875,True,False,1,0
8458,5,age,136454,136455,32,3,True,0.140625;0.703125;0.828125,3,True,0.140625;0.703125;0.828125,3,True,0.140625;0.703125;0.828125,True,True,3,0
8459,5,age,136517,136516,32,1,False,0.296875,1,False,0.296875,1,False,0.296875,True,False,1,0
8460,5,age,136517,136518,32,3,True,0.140625;0.703125;0.828125,3,True,0.140625;0.703125;0.828125,3,True,0.140625;0.703125;0.828125,True,True,3,0
8461,5,age,136580,136579,32,1,False,0.296875,1,False,0.296875,1,False,0.296875,True,False,1,0
8462,5,age,136580,136581,32,3,True,0.140625;0.703125;0.828125,3,True,0.140625;0.703125;0.828125,3,True,0.140625;0.703125;0.828125,True,True,3,0
8463,5,age,136641,136640,32,1,False,0.296875,1,False,0.296875,1,False,0.296875,True,False,1,0
8464,5,age,136641,136642,32,3,True,0.078125;0.703125;0.765625,3,True,0.078125;0.703125;0.765625,3,True,0.078125;0.703125;0.765625,True,True,3,0
8465,5,age,136643,136642,32,1,False,0.296875,1,False,0.296875,1,False,0.296875,True,False,1,0
8466,5,age,136643,136644,32,3,True,0.140625;0.703125;0.828125,3,True,0.140625;0.703125;0.828125,3,True,0.140625;0.703125;0.828125,True,True,3,0
8467,5,age,136704,136703,32,1,False,0.296875,1,False,0.296875,1,False,0.296875,True,False,1,0
8468,5,age,136704,136705,32,3,True,0.078125;0.703125;0.984375,3,True,0.078125;0.703125;0.984375,3,True,0.078125;0.703125;0.984375,True,True,3,0
8469,5,age,136706,136705,32,1,False,0.296875,1,False,0.296875,1,False,0.296875,True,False,1,0
8470,5,age,136706,136707,32,3,True,0.140625;0.703125;0.828125,3,True,0.140625;0.703125;0.828125,3,True,0.140625;0.703125;0.828125,True,True,3,0
8471,5,age,136760,136759,32,3,True,0.109375;0.296875;0.921875,3,True,0.109375;0.296875;0.921875,3,True,0.109375;0.296875;0.921875,True,True,3,0
8472,5,age,136760,136761,32,1,False,0.078125,1,False,0.078125,1,False,0.078125,True,False,1,0
8473,5,age,136767,136766,32,1,False,0.984375,1,False,0.984375,1,False,0.984375,True,False,1,0
8474,5,age,136767,136768,32,1,False,0.765625,1,False,0.765625,1,False,0.765625,True,False,1,0
8475,5,age,136769,136768,32,1,False,0.296875,1,False,0.296875,1,False,0.296875,True,False,1,0
8476,5,age,136769,136770,32,3,True,0.140625;0.703125;0.828125,3,True,0.140625;0.703125;0.828125,3,True,0.140625;0.703125;0.828125,True,True,3,0
8477,5,age,136832,136831,32,1,False,0.296875,1,False,0.296875,1,False,0.296875,True,False,1,0
8478,5,age,136832,136833,32,3,True,0.140625;0.703125;0.828125,3,True,0.140625;0.703125;0.828125,3,True,0.140625;0.703125;0.828125,True,True,3,0
8479,5,age,136895,136894,32,1,False,0.296875,1,False,0.296875,1,False,0.296875,True,False,1,0
8480,5,age,136895,136896,32,3,True,0.140625;0.703125;0.828125,3,True,0.140625;0.703125;0.828125,3,True,0.140625;0.703125;0.828125,True,True,3,0
8481,5,age,136956,136955,32,1,False,0.296875,1,False,0.296875,1,False,0.296875,True,False,1,0
8482,5,age,136956,136957,32,3,True,0.078125;0.703125;0.765625,3,True,0.078125;0.703125;0.765625,3,True,0.078125;0.703125;0.765625,True,True,3,0
8483,5,age,136958,136957,32,1,False,0.296875,1,False,0.296875,1,False,0.296875,True,False,1,0
8484,5,age,136958,136959,32,3,True,0.140625;0.703125;0.828125,3,True,0.140625;0.703125;0.828125,3,True,0.140625;0.703125;0.828125,True,True,3,0
8485,5,age,137019,137018,32,1,False,0.296875,1,False,0.296875,1,False,0.296875,True,False,1,0
8486,5,age,137019,137020,32,3,True,0.078125;0.703125;0.984375,3,True,0.078125;0.703125;0.984375,3,True,0.078125;0.703125;0.984375,True,True,3,0
8487,5,age,137021,137020,32,1,False,0.296875,1,False,0.296875,1,False,0.296875,True,False,1,0
8488,5,age,137021,137022,32,3,True,0.140625;0.703125;0.828125,3,True,0.140625;0.703125;0.828125,3,True,0.140625;0.703125;0.828125,True,True,3,0
8489,5,age,137075,137074,32,3,True,0.109375;0.296875;0.921875,3,True,0.109375;0.296875;0.921875,3,True,0.109375;0.296875;0.921875,True,True,3,0
8490,5,age,137075,137076,32,1,False,0.078125,1,False,0.078125,1,False,0.078125,True,False,1,0
8491,5,age,137082,137081,32,1,False,0.984375,1,False,0.984375,1,False,0.984375,True,False,1,0
8492,5,age,137082,137083,32,1,False,0.765625,1,False,0.765625,1,False,0.765625,True,False,1,0
8493,5,age,137084,137083,32,1,False,0.296875,1,False,0.296875,1,False,0.296875,True,False,1,0
8494,5,age,137084,137085,32,3,True,0.140625;0.703125;0.828125,3,True,0.140625;0.703125;0.828125,3,True,0.140625;0.703125;0.828125,True,True,3,0
8495,5,age,137147,137146,32,1,False,0.296875,1,False,0.296875,1,False,0.296875,True,False,1,0
8496,5,age,137147,137148,32,3,True,0.140625;0.703125;0.828125,3,True,0.140625;0.703125;0.828125,3,True,0.140625;0.703125;0.828125,True,True,3,0
8497,5,age,137210,137209,32,1,False,0.296875,1,False,0.296875,1,False,0.296875,True,False,1,0
8498,5,age,137210,137211,32,3,True,0.140625;0.703125;0.828125,3,True,0.140625;0.703125;0.828125,3,True,0.140625;0.703125;0.828125,True,True,3,0
8499,5,age,137271,137270,32,1,False,0.296875,1,False,0.296875,1,False,0.296875,True,False,1,0
8500,5,age,137271,137272,32,3,True,0.078125;0.703125;0.765625,3,True,0.078125;0.703125;0.765625,3,True,0.078125;0.703125;0.765625,True,True,3,0
8501,5,age,137273,137272,32,1,False,0.296875,1,False,0.296875,1,False,0.296875,True,False,1,0
8502,5,age,137273,137274,32,3,True,0.140625;0.703125;0.828125,3,True,0.140625;0.703125;0.828125,3,True,0.140625;0.703125;0.828125,True,True,3,0
8503,5,age,137334,137333,32,1,False,0.296875,1,False,0.296875,1,False,0.296875,True,False,1,0
8504,5,age,137334,137335,32,3,True,0.078125;0.703125;0.984375,3,True,0.078125;0.703125;0.984375,3,True,0.078125;0.703125;0.984375,True,True,3,0
8505,5,age,137336,137335,32,1,False,0.296875,1,False,0.296875,1,False,0.296875,True,False,1,0
8506,5,age,137336,137337,32,3,True,0.140625;0.703125;0.828125,3,True,0.140625;0.703125;0.828125,3,True,0.140625;0.703125;0.828125,True,True,3,0
8507,5,age,137390,137389,32,3,True,0.109375;0.296875;0.921875,3,True,0.109375;0.296875;0.921875,3,True,0.109375;0.296875;0.921875,True,True,3,0
8508,5,age,137390,137391,32,1,False,0.078125,1,False,0.078125,1,False,0.078125,True,False,1,0
8509,5,age,137397,137396,32,1,False,0.984375,1,False,0.984375,1,False,0.984375,True,False,1,0
8510,5,age,137397,137398,32,1,False,0.765625,1,False,0.765625,1,False,0.765625,True,False,1,0
8511,5,age,137399,137398,32,1,False,0.296875,1,False,0.296875,1,False,0.296875,True,False,1,0
8512,5,age,137399,137400,32,3,True,0.140625;0.703125;0.828125,3,True,0.140625;0.703125;0.828125,3,True,0.140625;0.703125;0.828125,True,True,3,0
8513,5,age,137462,137461,32,1,False,0.296875,1,False,0.296875,1,False,0.296875,True,False,1,0
8514,5,age,137462,137463,32,3,True,0.140625;0.703125;0.828125,3,True,0.140625;0.703125;0.828125,3,True,0.140625;0.703125;0.828125,True,True,3,0
8515,5,age,137525,137524,32,1,False,0.296875,1,False,0.296875,1,False,0.296875,True,False,1,0
8516,5,age,137525,137526,32,3,True,0.140625;0.703125;0.828125,3,True,0.140625;0.703125;0.828125,3,True,0.140625;0.703125;0.828125,True,True,3,0
8517,5,age,137586,137585,32,1,False,0.296875,1,False,0.296875,1,False,0.296875,True,False,1,0
8518,5,age,137586,137587,32,3,True,0.078125;0.703125;0.765625,3,True,0.078125;0.703125;0.765625,3,True,0.078125;0.703125;0.765625,True,True,3,0
8519,5,age,137588,137587,32,1,False,0.296875,1,False,0.296875,1,False,0.296875,True,False,1,0
8520,5,age,137588,137589,32,3,True,0.140625;0.703125;0.828125,3,True,0.140625;0.703125;0.828125,3,True,0.140625;0.703125;0.828125,True,True,3,0
8521,5,age,137649,137648,32,1,False,0.296875,1,False,0.296875,1,False,0.296875,True,False,1,0
8522,5,age,137649,137650,32,3,True,0.078125;0.703125;0.984375,3,True,0.078125;0.703125;0.984375,3,True,0.078125;0.703125;0.984375,True,True,3,0
8523,5,age,137651,137650,32,1,False,0.296875,1,False,0.296875,1,False,0.296875,True,False,1,0
8524,5,age,137651,137652,32,3,True,0.140625;0.703125;0.828125,3,True,0.140625;0.703125;0.828125,3,True,0.140625;0.703125;0.828125,True,True,3,0
8525,5,age,137705,137704,32,3,True,0.109375;0.296875;0.921875,3,True,0.109375;0.296875;0.921875,3,True,0.109375;0.296875;0.921875,True,True,3,0
8526,5,age,137705,137706,32,1,False,0.078125,1,False,0.078125,1,False,0.078125,True,False,1,0
8527,5,age,137712,137711,32,1,False,0.984375,1,False,0.984375,1,False,0.984375,True,False,1,0
8528,5,age,137712,137713,32,1,False,0.765625,1,False,0.765625,1,False,0.765625,True,False,1,0
8529,5,age,137714,137713,32,1,False,0.296875,1,False,0.296875,1,False,0.296875,True,False,1,0
8530,5,age,137714,137715,32,3,True,0.140625;0.703125;0.828125,3,True,0.140625;0.703125;0.828125,3,True,0.140625;0.703125;0.828125,True,True,3,0
8531,5,age,137777,137776,32,1,False,0.296875,1,False,0.296875,1,False,0.296875,True,False,1,0
8532,5,age,137777,137778,32,3,True,0.140625;0.703125;0.828125,3,True,0.140625;0.703125;0.828125,3,True,0.140625;0.703125;0.828125,True,True,3,0
8533,5,age,137840,137839,32,1,False,0.296875,1,False,0.296875,1,False,0.296875,True,False,1,0
8534,5,age,137840,137841,32,3,True,0.140625;0.703125;0.828125,3,True,0.140625;0.703125;0.828125,3,True,0.140625;0.703125;0.828125,True,True,3,0
8535,5,age,137901,137900,32,1,False,0.296875,1,False,0.296875,1,False,0.296875,True,False,1,0
8536,5,age,137901,137902,32,3,True,0.078125;0.703125;0.765625,3,True,0.078125;0.703125;0.765625,3,True,0.078125;0.703125;0.765625,True,True,3,0
8537,5,age,137903,137902,32,1,False,0.296875,1,False,0.296875,1,False,0.296875,True,False,1,0
8538,5,age,137903,137904,32,3,True,0.140625;0.703125;0.828125,3,True,0.140625;0.703125;0.828125,3,True,0.140625;0.703125;0.828125,True,True,3,0
8539,5,age,137964,137963,32,1,False,0.296875,1,False,0.296875,1,False,0.296875,True,False,1,0
8540,5,age,137964,137965,32,3,True,0.078125;0.703125;0.984375,3,True,0.078125;0.703125;0.984375,3,True,0.078125;0.703125;0.984375,True,True,3,0
8541,5,age,137966,137965,32,1,False,0.296875,1,False,0.296875,1,False,0.296875,True,False,1,0
8542,5,age,137966,137967,32,3,True,0.140625;0.703125;0.828125,3,True,0.140625;0.703125;0.828125,3,True,0.140625;0.703125;0.828125,True,True,3,0
8543,5,age,138020,138019,32,3,True,0.109375;0.296875;0.921875,3,True,0.109375;0.296875;0.921875,3,True,0.109375;0.296875;0.921875,True,True,3,0
8544,5,age,138020,138021,32,1,False,0.078125,1,False,0.078125,1,False,0.078125,True,False,1,0
8545,5,age,138027,138026,32,1,False,0.984375,1,False,0.984375,1,False,0.984375,True,False,1,0
8546,5,age,138027,138028,32,1,False,0.765625,1,False,0.765625,1,False,0.765625,True,False,1,0
8547,5,age,138029,138028,32,1,False,0.296875,1,False,0.296875,1,False,0.296875,True,False,1,0
8548,5,age,138029,138030,32,3,True,0.140625;0.703125;0.828125,3,True,0.140625;0.703125;0.828125,3,True,0.140625;0.703125;0.828125,True,True,3,0
8549,5,age,138092,138091,32,1,False,0.296875,1,False,0.296875,1,False,0.296875,True,False,1,0
8550,5,age,138092,138093,32,3,True,0.140625;0.703125;0.828125,3,True,0.140625;0.703125;0.828125,3,True,0.140625;0.703125;0.828125,True,True,3,0
8551,5,age,138155,138154,32,1,False,0.296875,1,False,0.296875,1,False,0.296875,True,False,1,0
8552,5,age,138155,138156,32,3,True,0.140625;0.703125;0.828125,3,True,0.140625;0.703125;0.828125,3,True,0.140625;0.703125;0.828125,True,True,3,0
8553,5,age,138216,138215,32,1,False,0.296875,1,False,0.296875,1,False,0.296875,True,False,1,0
8554,5,age,138216,138217,32,3,True,0.078125;0.703125;0.765625,3,True,0.078125;0.703125;0.765625,3,True,0.078125;0.703125;0.765625,True,True,3,0
8555,5,age,138218,138217,32,1,False,0.296875,1,False,0.296875,1,False,0.296875,True,False,1,0
8556,5,age,138218,138219,32,3,True,0.140625;0.703125;0.828125,3,True,0.140625;0.703125;0.828125,3,True,0.140625;0.703125;0.828125,True,True,3,0
8557,5,age,138279,138278,32,1,False,0.296875,1,False,0.296875,1,False,0.296875,True,False,1,0
8558,5,age,138279,138280,32,3,True,0.078125;0.703125;0.984375,3,True,0.078125;0.703125;0.984375,3,True,0.078125;0.703125;0.984375,True,True,3,0
8559,5,age,138281,138280,32,1,False,0.296875,1,False,0.296875,1,False,0.296875,True,False,1,0
8560,5,age,138281,138282,32,3,True,0.140625;0.703125;0.828125,3,True,0.140625;0.703125;0.828125,3,True,0.140625;0.703125;0.828125,True,True,3,0
8561,5,age,138335,138334,32,3,True,0.109375;0.296875;0.921875,3,True,0.109375;0.296875;0.921875,3,True,0.109375;0.296875;0.921875,True,True,3,0
8562,5,age,138335,138336,32,1,False,0.078125,1,False,0.078125,1,False,0.078125,True,False,1,0
8563,5,age,138342,138341,32,1,False,0.984375,1,False,0.984375,1,False,0.984375,True,False,1,0
8564,5,age,138342,138343,32,1,False,0.765625,1,False,0.765625,1,False,0.765625,True,False,1,0
8565,5,age,138344,138343,32,1,False,0.296875,1,False,0.296875,1,False,0.296875,True,False,1,0
8566,5,age,138344,138345,32,3,True,0.140625;0.703125;0.828125,3,True,0.140625;0.703125;0.828125,3,True,0.140625;0.703125;0.828125,True,True,3,0
8567,5,age,138407,138406,32,1,False,0.296875,1,False,0.296875,1,False,0.296875,True,False,1,0
8568,5,age,138407,138408,32,3,True,0.140625;0.703125;0.828125,3,True,0.140625;0.703125;0.828125,3,True,0.140625;0.703125;0.828125,True,True,3,0
8569,5,age,138470,138469,32,1,False,0.296875,1,False,0.296875,1,False,0.296875,True,False,1,0
8570,5,age,138470,138471,32,3,True,0.140625;0.703125;0.828125,3,True,0.140625;0.703125;0.828125,3,True,0.140625;0.703125;0.828125,True,True,3,0
8571,5,age,138531,138530,32,1,False,0.296875,1,False,0.296875,1,False,0.296875,True,False,1,0
8572,5,age,138531,138532,32,3,True,0.078125;0.703125;0.765625,3,True,0.078125;0.703125;0.765625,3,True,0.078125;0.703125;0.765625,True,True,3,0
8573,5,age,138533,138532,32,1,False,0.296875,1,False,0.296875,1,False,0.296875,True,False,1,0
8574,5,age,138533,138534,32,3,True,0.140625;0.703125;0.828125,3,True,0.140625;0.703125;0.828125,3,True,0.140625;0.703125;0.828125,True,True,3,0
8575,5,age,138594,138593,32,1,False,0.296875,1,False,0.296875,1,False,0.296875,True,False,1,0
8576,5,age,138594,138595,32,3,True,0.078125;0.703125;0.984375,3,True,0.078125;0.703125;0.984375,3,True,0.078125;0.703125;0.984375,True,True,3,0
8577,5,age,138596,138595,32,1,False,0.296875,1,False,0.296875,1,False,0.296875,True,False,1,0
8578,5,age,138596,138597,32,3,True,0.140625;0.703125;0.828125,3,True,0.140625;0.703125;0.828125,3,True,0.140625;0.703125;0.828125,True,True,3,0
8579,5,age,138650,138649,32,3,True,0.109375;0.296875;0.921875,3,True,0.109375;0.296875;0.921875,3,True,0.109375;0.296875;0.921875,True,True,3,0
8580,5,age,138650,138651,32,1,False,0.078125,1,False,0.078125,1,False,0.078125,True,False,1,0
8581,5,age,138657,138656,32,1,False,0.984375,1,False,0.984375,1,False,0.984375,True,False,1,0
8582,5,age,138657,138658,32,1,False,0.765625,1,False,0.765625,1,False,0.765625,True,False,1,0
8583,5,age,138659,138658,32,1,False,0.296875,1,False,0.296875,1,False,0.296875,True,False,1,0
8584,5,age,138659,138660,32,3,True,0.140625;0.703125;0.828125,3,True,0.140625;0.703125;0.828125,3,True,0.140625;0.703125;0.828125,True,True,3,0
8585,5,age,138722,138721,32,1,False,0.296875,1,False,0.296875,1,False,0.296875,True,False,1,0
8586,5,age,138722,138723,32,3,True,0.140625;0.703125;0.828125,3,True,0.140625;0.703125;0.828125,3,True,0.140625;0.703125;0.828125,True,True,3,0
8587,5,age,138785,138784,32,1,False,0.296875,1,False,0.296875,1,False,0.296875,True,False,1,0
8588,5,age,138785,138786,32,3,True,0.140625;0.703125;0.828125,3,True,0.140625;0.703125;0.828125,3,True,0.140625;0.703125;0.828125,True,True,3,0
8589,5,age,138846,138845,32,1,False,0.296875,1,False,0.296875,1,False,0.296875,True,False,1,0
8590,5,age,138846,138847,32,3,True,0.078125;0.703125;0.765625,3,True,0.078125;0.703125;0.765625,3,True,0.078125;0.703125;0.765625,True,True,3,0
8591,5,age,138848,138847,32,1,False,0.296875,1,False,0.296875,1,False,0.296875,True,False,1,0
8592,5,age,138848,138849,32,3,True,0.140625;0.703125;0.828125,3,True,0.140625;0.703125;0.828125,3,True,0.140625;0.703125;0.828125,True,True,3,0
8593,5,age,138909,138908,32,1,False,0.296875,1,False,0.296875,1,False,0.296875,True,False,1,0
8594,5,age,138909,138910,32,3,True,0.078125;0.703125;0.984375,3,True,0.078125;0.703125;0.984375,3,True,0.078125;0.703125;0.984375,True,True,3,0
8595,5,age,138911,138910,32,1,False,0.296875,1,False,0.296875,1,False,0.296875,True,False,1,0
8596,5,age,138911,138912,32,3,True,0.140625;0.703125;0.828125,3,True,0.140625;0.703125;0.828125,3,True,0.140625;0.703125;0.828125,True,True,3,0
8597,5,age,138965,138964,32,3,True,0.109375;0.296875;0.921875,3,True,0.109375;0.296875;0.921875,3,True,0.109375;0.296875;0.921875,True,True,3,0
8598,5,age,138965,138966,32,1,False,0.078125,1,False,0.078125,1,False,0.078125,True,False,1,0
8599,5,age,138972,138971,32,1,False,0.984375,1,False,0.984375,1,False,0.984375,True,False,1,0
8600,5,age,138972,138973,32,1,False,0.765625,1,False,0.765625,1,False,0.765625,True,False,1,0
8601,5,age,138974,138973,32,1,False,0.296875,1,False,0.296875,1,False,0.296875,True,False,1,0
8602,5,age,138974,138975,32,3,True,0.140625;0.703125;0.828125,3,True,0.140625;0.703125;0.828125,3,True,0.140625;0.703125;0.828125,True,True,3,0
8603,5,age,139037,139036,32,1,False,0.296875,1,False,0.296875,1,False,0.296875,True,False,1,0
8604,5,age,139037,139038,32,3,True,0.140625;0.703125;0.828125,3,True,0.140625;0.703125;0.828125,3,True,0.140625;0.703125;0.828125,True,True,3,0
8605,5,age,139100,139099,32,1,False,0.296875,1,False,0.296875,1,False,0.296875,True,False,1,0
8606,5,age,139100,139101,32,3,True,0.140625;0.703125;0.828125,3,True,0.140625;0.703125;0.828125,3,True,0.140625;0.703125;0.828125,True,True,3,0
8607,5,age,139161,139160,32,1,False,0.296875,1,False,0.296875,1,False,0.296875,True,False,1,0
8608,5,age,139161,139162,32,3,True,0.078125;0.703125;0.765625,3,True,0.078125;0.703125;0.765625,3,True,0.078125;0.703125;0.765625,True,True,3,0
8609,5,age,139163,139162,32,1,False,0.296875,1,False,0.296875,1,False,0.296875,True,False,1,0
8610,5,age,139163,139164,32,3,True,0.140625;0.703125;0.828125,3,True,0.140625;0.703125;0.828125,3,True,0.140625;0.703125;0.828125,True,True,3,0
8611,5,age,139224,139223,32,1,False,0.296875,1,False,0.296875,1,False,0.296875,True,False,1,0
8612,5,age,139224,139225,32,3,True,0.078125;0.703125;0.984375,3,True,0.078125;0.703125;0.984375,3,True,0.078125;0.703125;0.984375,True,True,3,0
8613,5,age,139226,139225,32,1,False,0.296875,1,False,0.296875,1,False,0.296875,True,False,1,0
8614,5,age,139226,139227,32,3,True,0.140625;0.703125;0.828125,3,True,0.140625;0.703125;0.828125,3,True,0.140625;0.703125;0.828125,True,True,3,0
8615,5,age,139280,139279,32,3,True,0.109375;0.296875;0.921875,3,True,0.109375;0.296875;0.921875,3,True,0.109375;0.296875;0.921875,True,True,3,0
8616,5,age,139280,139281,32,1,False,0.078125,1,False,0.078125,1,False,0.078125,True,False,1,0
8617,5,age,139287,139286,32,1,False,0.984375,1,False,0.984375,1,False,0.984375,True,False,1,0
8618,5,age,139287,139288,32,1,False,0.765625,1,False,0.765625,1,False,0.765625,True,False,1,0
8619,5,age,139289,139288,32,1,False,0.296875,1,False,0.296875,1,False,0.296875,True,False,1,0
8620,5,age,139289,139290,32,3,True,0.140625;0.703125;0.828125,3,True,0.140625;0.703125;0.828125,3,True,0.140625;0.703125;0.828125,True,True,3,0
8621,5,age,139352,139351,32,1,False,0.296875,1,False,0.296875,1,False,0.296875,True,False,1,0
8622,5,age,139352,139353,32,3,True,0.140625;0.703125;0.828125,3,True,0.140625;0.703125;0.828125,3,True,0.140625;0.703125;0.828125,True,True,3,0
8623,5,age,139415,139414,32,1,False,0.296875,1,False,0.296875,1,False,0.296875,True,False,1,0
8624,5,age,139415,139416,32,3,True,0.140625;0.703125;0.828125,3,True,0.140625;0.703125;0.828125,3,True,0.140625;0.703125;0.828125,True,True,3,0
8625,5,age,139476,139475,32,1,False,0.296875,1,False,0.296875,1,False,0.296875,True,False,1,0
8626,5,age,139476,139477,32,3,True,0.078125;0.703125;0.765625,3,True,0.078125;0.703125;0.765625,3,True,0.078125;0.703125;0.765625,True,True,3,0
8627,5,age,139478,139477,32,1,False,0.296875,1,False,0.296875,1,False,0.296875,True,False,1,0
8628,5,age,139478,139479,32,3,True,0.140625;0.703125;0.828125,3,True,0.140625;0.703125;0.828125,3,True,0.140625;0.703125;0.828125,True,True,3,0
8629,5,age,139539,139538,32,1,False,0.296875,1,False,0.296875,1,False,0.296875,True,False,1,0
8630,5,age,139539,139540,32,3,True,0.078125;0.703125;0.984375,3,True,0.078125;0.703125;0.984375,3,True,0.078125;0.703125;0.984375,True,True,3,0
8631,5,age,139541,139540,32,1,False,0.296875,1,False,0.296875,1,False,0.296875,True,False,1,0
8632,5,age,139541,139542,32,3,True,0.140625;0.703125;0.828125,3,True,0.140625;0.703125;0.828125,3,True,0.140625;0.703125;0.828125,True,True,3,0
8633,5,age,139595,139594,32,3,True,0.109375;0.296875;0.921875,3,True,0.109375;0.296875;0.921875,3,True,0.109375;0.296875;0.921875,True,True,3,0
8634,5,age,139595,139596,32,1,False,0.078125,1,False,0.078125,1,False,0.078125,True,False,1,0
8635,5,age,139602,139601,32,1,False,0.984375,1,False,0.984375,1,False,0.984375,True,False,1,0
8636,5,age,139602,139603,32,1,False,0.765625,1,False,0.765625,1,False,0.765625,True,False,1,0
8637,5,age,139604,139603,32,1,False,0.296875,1,False,0.296875,1,False,0.296875,True,False,1,0
8638,5,age,139604,139605,32,3,True,0.140625;0.703125;0.828125,3,True,0.140625;0.703125;0.828125,3,True,0.140625;0.703125;0.828125,True,True,3,0
8639,5,age,139667,139666,32,1,False,0.296875,1,False,0.296875,1,False,0.296875,True,False,1,0
8640,5,age,139667,139668,32,3,True,0.140625;0.703125;0.828125,3,True,0.140625;0.703125;0.828125,3,True,0.140625;0.703125;0.828125,True,True,3,0
8641,5,age,139730,139729,32,1,False,0.296875,1,False,0.296875,1,False,0.296875,True,False,1,0
8642,5,age,139730,139731,32,3,True,0.140625;0.703125;0.828125,3,True,0.140625;0.703125;0.828125,3,True,0.140625;0.703125;0.828125,True,True,3,0
8643,5,age,139791,139790,32,1,False,0.296875,1,False,0.296875,1,False,0.296875,True,False,1,0
8644,5,age,139791,139792,32,3,True,0.078125;0.703125;0.765625,3,True,0.078125;0.703125;0.765625,3,True,0.078125;0.703125;0.765625,True,True,3,0
8645,5,age,139793,139792,32,1,False,0.296875,1,False,0.296875,1,False,0.296875,True,False,1,0
8646,5,age,139793,139794,32,3,True,0.140625;0.703125;0.828125,3,True,0.140625;0.703125;0.828125,3,True,0.140625;0.703125;0.828125,True,True,3,0
8647,5,age,139854,139853,32,1,False,0.296875,1,False,0.296875,1,False,0.296875,True,False,1,0
8648,5,age,139854,139855,32,3,True,0.078125;0.703125;0.984375,3,True,0.078125;0.703125;0.984375,3,True,0.078125;0.703125;0.984375,True,True,3,0
8649,5,age,139856,139855,32,1,False,0.296875,1,False,0.296875,1,False,0.296875,True,False,1,0
8650,5,age,139856,139857,32,3,True,0.140625;0.703125;0.828125,3,True,0.140625;0.703125;0.828125,3,True,0.140625;0.703125;0.828125,True,True,3,0
8651,5,age,139910,139909,32,3,True,0.109375;0.296875;0.921875,3,True,0.109375;0.296875;0.921875,3,True,0.109375;0.296875;0.921875,True,True,3,0
8652,5,age,139910,139911,32,1,False,0.078125,1,False,0.078125,1,False,0.078125,True,False,1,0
8653,5,age,139917,139916,32,1,False,0.984375,1,False,0.984375,1,False,0.984375,True,False,1,0
8654,5,age,139917,139918,32,1,False,0.765625,1,False,0.765625,1,False,0.765625,True,False,1,0
8655,5,age,139919,139918,32,1,False,0.296875,1,False,0.296875,1,False,0.296875,True,False,1,0
8656,5,age,139919,139920,32,3,True,0.140625;0.703125;0.828125,3,True,0.140625;0.703125;0.828125,3,True,0.140625;0.703125;0.828125,True,True,3,0
8657,5,age,139982,139981,32,1,False,0.296875,1,False,0.296875,1,False,0.296875,True,False,1,0
8658,5,age,139982,139983,32,3,True,0.140625;0.703125;0.828125,3,True,0.140625;0.703125;0.828125,3,True,0.140625;0.703125;0.828125,True,True,3,0
8659,5,age,140045,140044,32,1,False,0.296875,1,False,0.296875,1,False,0.296875,True,False,1,0
8660,5,age,140045,140046,32,3,True,0.140625;0.703125;0.828125,3,True,0.140625;0.703125;0.828125,3,True,0.140625;0.703125;0.828125,True,True,3,0
8661,5,age,140106,140105,32,1,False,0.296875,1,False,0.296875,1,False,0.296875,True,False,1,0
8662,5,age,140106,140107,32,3,True,0.078125;0.703125;0.765625,3,True,0.078125;0.703125;0.765625,3,True,0.078125;0.703125;0.765625,True,True,3,0
8663,5,age,140108,140107,32,1,False,0.296875,1,False,0.296875,1,False,0.296875,True,False,1,0
8664,5,age,140108,140109,32,3,True,0.140625;0.703125;0.828125,3,True,0.140625;0.703125;0.828125,3,True,0.140625;0.703125;0.828125,True,True,3,0
8665,5,age,140169,140168,32,1,False,0.296875,1,False,0.296875,1,False,0.296875,True,False,1,0
8666,5,age,140169,140170,32,3,True,0.078125;0.703125;0.984375,3,True,0.078125;0.703125;0.984375,3,True,0.078125;0.703125;0.984375,True,True,3,0
8667,5,age,140171,140170,32,1,False,0.296875,1,False,0.296875,1,False,0.296875,True,False,1,0
8668,5,age,140171,140172,32,3,True,0.140625;0.703125;0.828125,3,True,0.140625;0.703125;0.828125,3,True,0.140625;0.703125;0.828125,True,True,3,0
8669,5,age,140225,140224,32,3,True,0.109375;0.296875;0.921875,3,True,0.109375;0.296875;0.921875,3,True,0.109375;0.296875;0.921875,True,True,3,0
8670,5,age,140225,140226,32,1,False,0.078125,1,False,0.078125,1,False,0.078125,True,False,1,0
8671,5,age,140232,140231,32,1,False,0.984375,1,False,0.984375,1,False,0.984375,True,False,1,0
8672,5,age,140232,140233,32,1,False,0.765625,1,False,0.765625,1,False,0.765625,True,False,1,0
8673,5,age,140234,140233,32,1,False,0.296875,1,False,0.296875,1,False,0.296875,True,False,1,0
8674,5,age,140234,140235,32,3,True,0.140625;0.703125;0.828125,3,True,0.140625;0.703125;0.828125,3,True,0.140625;0.703125;0.828125,True,True,3,0
8675,5,age,140297,140296,32,1,False,0.296875,1,False,0.296875,1,False,0.296875,True,False,1,0
8676,5,age,140297,140298,32,3,True,0.140625;0.703125;0.828125,3,True,0.140625;0.703125;0.828125,3,True,0.140625;0.703125;0.828125,True,True,3,0
8677,5,age,140360,140359,32,1,False,0.296875,1,False,0.296875,1,False,0.296875,True,False,1,0
8678,5,age,140360,140361,32,3,True,0.140625;0.703125;0.828125,3,True,0.140625;0.703125;0.828125,3,True,0.140625;0.703125;0.828125,True,True,3,0
8679,5,age,140421,140420,32,1,False,0.296875,1,False,0.296875,1,False,0.296875,True,False,1,0
8680,5,age,140421,140422,32,3,True,0.078125;0.703125;0.765625,3,True,0.078125;0.703125;0.765625,3,True,0.078125;0.703125;0.765625,True,True,3,0
8681,5,age,140423,140422,32,1,False,0.296875,1,False,0.296875,1,False,0.296875,True,False,1,0
8682,5,age,140423,140424,32,3,True,0.140625;0.703125;0.828125,3,True,0.140625;0.703125;0.828125,3,True,0.140625;0.703125;0.828125,True,True,3,0
8683,5,age,140484,140483,32,1,False,0.296875,1,False,0.296875,1,False,0.296875,True,False,1,0
8684,5,age,140484,140485,32,3,True,0.078125;0.703125;0.984375,3,True,0.078125;0.703125;0.984375,3,True,0.078125;0.703125;0.984375,True,True,3,0
8685,5,age,140486,140485,32,1,False,0.296875,1,False,0.296875,1,False,0.296875,True,False,1,0
8686,5,age,140486,140487,32,3,True,0.140625;0.703125;0.828125,3,True,0.140625;0.703125;0.828125,3,True,0.140625;0.703125;0.828125,True,True,3,0
8687,5,age,140540,140539,32,3,True,0.109375;0.296875;0.921875,3,True,0.109375;0.296875;0.921875,3,True,0.109375;0.296875;0.921875,True,True,3,0
8688,5,age,140540,140541,32,1,False,0.078125,1,False,0.078125,1,False,0.078125,True,False,1,0
8689,5,age,140547,140546,32,1,False,0.984375,1,False,0.984375,1,False,0.984375,True,False,1,0
8690,5,age,140547,140548,32,1,False,0.765625,1,False,0.765625,1,False,0.765625,True,False,1,0
8691,5,age,140549,140548,32,1,False,0.296875,1,False,0.296875,1,False,0.296875,True,False,1,0
8692,5,age,140549,140550,32,3,True,0.140625;0.703125;0.828125,3,True,0.140625;0.703125;0.828125,3,True,0.140625;0.703125;0.828125,True,True,3,0
8693,5,age,140612,140611,32,1,False,0.296875,1,False,0.296875,1,False,0.296875,True,False,1,0
8694,5,age,140612,140613,32,3,True,0.140625;0.703125;0.828125,3,True,0.140625;0.703125;0.828125,3,True,0.140625;0.703125;0.828125,True,True,3,0
8695,5,age,140675,140674,32,1,False,0.296875,1,False,0.296875,1,False,0.296875,True,False,1,0
8696,5,age,140675,140676,32,3,True,0.140625;0.703125;0.828125,3,True,0.140625;0.703125;0.828125,3,True,0.140625;0.703125;0.828125,True,True,3,0
8697,5,age,140736,140735,32,1,False,0.296875,1,False,0.296875,1,False,0.296875,True,False,1,0
8698,5,age,140736,140737,32,3,True,0.078125;0.703125;0.765625,3,True,0.078125;0.703125;0.765625,3,True,0.078125;0.703125;0.765625,True,True,3,0
8699,5,age,140738,140737,32,1,False,0.296875,1,False,0.296875,1,False,0.296875,True,False,1,0
8700,5,age,140738,140739,32,3,True,0.140625;0.703125;0.828125,3,True,0.140625;0.703125;0.828125,3,True,0.140625;0.703125;0.828125,True,True,3,0
8701,5,age,140799,140798,32,1,False,0.296875,1,False,0.296875,1,False,0.296875,True,False,1,0
8702,5,age,140799,140800,32,3,True,0.078125;0.703125;0.984375,3,True,0.078125;0.703125;0.984375,3,True,0.078125;0.703125;0.984375,True,True,3,0
8703,5,age,140801,140800,32,1,False,0.296875,1,False,0.296875,1,False,0.296875,True,False,1,0
8704,5,age,140801,140802,32,3,True,0.140625;0.703125;0.828125,3,True,0.140625;0.703125;0.828125,3,True,0.140625;0.703125;0.828125,True,True,3,0
8705,5,age,140855,140854,32,3,True,0.109375;0.296875;0.921875,3,True,0.109375;0.296875;0.921875,3,True,0.109375;0.296875;0.921875,True,True,3,0
8706,5,age,140855,140856,32,1,False,0.078125,1,False,0.078125,1,False,0.078125,True,False,1,0
8707,5,age,140862,140861,32,1,False,0.984375,1,False,0.984375,1,False,0.984375,True,False,1,0
8708,5,age,140862,140863,32,1,False,0.765625,1,False,0.765625,1,False,0.765625,True,False,1,0
8709,5,age,140864,140863,32,1,False,0.296875,1,False,0.296875,1,False,0.296875,True,False,1,0
8710,5,age,140864,140865,32,3,True,0.140625;0.703125;0.828125,3,True,0.140625;0.703125;0.828125,3,True,0.140625;0.703125;0.828125,True,True,3,0
8711,5,age,140927,140926,32,1,False,0.296875,1,False,0.296875,1,False,0.296875,True,False,1,0
8712,5,age,140927,140928,32,3,True,0.140625;0.703125;0.828125,3,True,0.140625;0.703125;0.828125,3,True,0.140625;0.703125;0.828125,True,True,3,0
8713,5,age,140990,140989,32,1,False,0.296875,1,False,0.296875,1,False,0.296875,True,False,1,0
8714,5,age,140990,140991,32,3,True,0.140625;0.703125;0.828125,3,True,0.140625;0.703125;0.828125,3,True,0.140625;0.703125;0.828125,True,True,3,0
8715,5,age,141051,141050,32,1,False,0.296875,1,False,0.296875,1,False,0.296875,True,False,1,0
8716,5,age,141051,141052,32,3,True,0.078125;0.703125;0.765625,3,True,0.078125;0.703125;0.765625,3,True,0.078125;0.703125;0.765625,True,True,3,0
8717,5,age,141053,141052,32,1,False,0.296875,1,False,0.296875,1,False,0.296875,True,False,1,0
8718,5,age,141053,141054,32,3,True,0.140625;0.703125;0.828125,3,True,0.140625;0.703125;0.828125,3,True,0.140625;0.703125;0.828125,True,True,3,0
8719,5,age,141114,141113,32,1,False,0.296875,1,False,0.296875,1,False,0.296875,True,False,1,0
8720,5,age,141114,141115,32,3,True,0.078125;0.703125;0.984375,3,True,0.078125;0.703125;0.984375,3,True,0.078125;0.703125;0.984375,True,True,3,0
8721,5,age,141116,141115,32,1,False,0.296875,1,False,0.296875,1,False,0.296875,True,False,1,0
8722,5,age,141116,141117,32,3,True,0.140625;0.703125;0.828125,3,True,0.140625;0.703125;0.828125,3,True,0.140625;0.703125;0.828125,True,True,3,0
8723,5,age,141170,141169,32,3,True,0.109375;0.296875;0.921875,3,True,0.109375;0.296875;0.921875,3,True,0.109375;0.296875;0.921875,True,True,3,0
8724,5,age,141170,141171,32,1,False,0.078125,1,False,0.078125,1,False,0.078125,True,False,1,0
8725,5,age,141177,141176,32,1,False,0.984375,1,False,0.984375,1,False,0.984375,True,False,1,0
8726,5,age,141177,141178,32,1,False,0.765625,1,False,0.765625,1,False,0.765625,True,False,1,0
8727,5,age,141179,141178,32,1,False,0.296875,1,False,0.296875,1,False,0.296875,True,False,1,0
8728,5,age,141179,141180,32,3,True,0.140625;0.703125;0.828125,3,True,0.140625;0.703125;0.828125,3,True,0.140625;0.703125;0.828125,True,True,3,0
8729,5,age,141242,141241,32,1,False,0.296875,1,False,0.296875,1,False,0.296875,True,False,1,0
8730,5,age,141242,141243,32,3,True,0.140625;0.703125;0.828125,3,True,0.140625;0.703125;0.828125,3,True,0.140625;0.703125;0.828125,True,True,3,0
8731,5,age,141305,141304,32,1,False,0.296875,1,False,0.296875,1,False,0.296875,True,False,1,0
8732,5,age,141305,141306,32,3,True,0.140625;0.703125;0.828125,3,True,0.140625;0.703125;0.828125,3,True,0.140625;0.703125;0.828125,True,True,3,0
8733,5,age,141366,141365,32,1,False,0.296875,1,False,0.296875,1,False,0.296875,True,False,1,0
8734,5,age,141366,141367,32,3,True,0.078125;0.703125;0.765625,3,True,0.078125;0.703125;0.765625,3,True,0.078125;0.703125;0.765625,True,True,3,0
8735,5,age,141368,141367,32,1,False,0.296875,1,False,0.296875,1,False,0.296875,True,False,1,0
8736,5,age,141368,141369,32,3,True,0.140625;0.703125;0.828125,3,True,0.140625;0.703125;0.828125,3,True,0.140625;0.703125;0.828125,True,True,3,0
8737,5,age,141429,141428,32,1,False,0.296875,1,False,0.296875,1,False,0.296875,True,False,1,0
8738,5,age,141429,141430,32,3,True,0.078125;0.703125;0.984375,3,True,0.078125;0.703125;0.984375,3,True,0.078125;0.703125;0.984375,True,True,3,0
8739,5,age,141431,141430,32,1,False,0.296875,1,False,0.296875,1,False,0.296875,True,False,1,0
8740,5,age,141431,141432,32,3,True,0.140625;0.703125;0.828125,3,True,0.140625;0.703125;0.828125,3,True,0.140625;0.703125;0.828125,True,True,3,0
8741,5,age,141485,141484,32,3,True,0.109375;0.296875;0.921875,3,True,0.109375;0.296875;0.921875,3,True,0.109375;0.296875;0.921875,True,True,3,0
8742,5,age,141485,141486,32,1,False,0.078125,1,False,0.078125,1,False,0.078125,True,False,1,0
8743,5,age,141492,141491,32,1,False,0.984375,1,False,0.984375,1,False,0.984375,True,False,1,0
8744,5,age,141492,141493,32,1,False,0.765625,1,False,0.765625,1,False,0.765625,True,False,1,0
8745,5,age,141494,141493,32,1,False,0.296875,1,False,0.296875,1,False,0.296875,True,False,1,0
8746,5,age,141494,141495,32,3,True,0.140625;0.703125;0.828125,3,True,0.140625;0.703125;0.828125,3,True,0.140625;0.703125;0.828125,True,True,3,0
8747,5,age,141557,141556,32,1,False,0.296875,1,False,0.296875,1,False,0.296875,True,False,1,0
8748,5,age,141557,141558,32,3,True,0.140625;0.703125;0.828125,3,True,0.140625;0.703125;0.828125,3,True,0.140625;0.703125;0.828125,True,True,3,0
8749,5,age,141620,141619,32,1,False,0.296875,1,False,0.296875,1,False,0.296875,True,False,1,0
8750,5,age,141620,141621,32,3,True,0.140625;0.703125;0.828125,3,True,0.140625;0.703125;0.828125,3,True,0.140625;0.703125;0.828125,True,True,3,0
8751,5,age,141681,141680,32,1,False,0.296875,1,False,0.296875,1,False,0.296875,True,False,1,0
8752,5,age,141681,141682,32,3,True,0.078125;0.703125;0.765625,3,True,0.078125;0.703125;0.765625,3,True,0.078125;0.703125;0.765625,True,True,3,0
8753,5,age,141683,141682,32,1,False,0.296875,1,False,0.296875,1,False,0.296875,True,False,1,0
8754,5,age,141683,141684,32,3,True,0.140625;0.703125;0.828125,3,True,0.140625;0.703125;0.828125,3,True,0.140625;0.703125;0.828125,True,True,3,0
8755,5,age,141744,141743,32,1,False,0.296875,1,False,0.296875,1,False,0.296875,True,False,1,0
8756,5,age,141744,141745,32,3,True,0.078125;0.703125;0.984375,3,True,0.078125;0.703125;0.984375,3,True,0.078125;0.703125;0.984375,True,True,3,0
8757,5,age,141746,141745,32,1,False,0.296875,1,False,0.296875,1,False,0.296875,True,False,1,0
8758,5,age,141746,141747,32,3,True,0.140625;0.703125;0.828125,3,True,0.140625;0.703125;0.828125,3,True,0.140625;0.703125;0.828125,True,True,3,0
8759,5,age,141800,141799,32,3,True,0.109375;0.296875;0.921875,3,True,0.109375;0.296875;0.921875,3,True,0.109375;0.296875;0.921875,True,True,3,0
8760,5,age,141800,141801,32,1,False,0.078125,1,False,0.078125,1,False,0.078125,True,False,1,0
8761,5,age,141807,141806,32,1,False,0.984375,1,False,0.984375,1,False,0.984375,True,False,1,0
8762,5,age,141807,141808,32,1,False,0.765625,1,False,0.765625,1,False,0.765625,True,False,1,0
8763,5,age,141809,141808,32,1,False,0.296875,1,False,0.296875,1,False,0.296875,True,False,1,0
8764,5,age,141809,141810,32,3,True,0.140625;0.703125;0.828125,3,True,0.140625;0.703125;0.828125,3,True,0.140625;0.703125;0.828125,True,True,3,0
8765,5,age,141872,141871,32,1,False,0.296875,1,False,0.296875,1,False,0.296875,True,False,1,0
8766,5,age,141872,141873,32,3,True,0.140625;0.703125;0.828125,3,True,0.140625;0.703125;0.828125,3,True,0.140625;0.703125;0.828125,True,True,3,0
8767,5,age,141935,141934,32,1,False,0.296875,1,False,0.296875,1,False,0.296875,True,False,1,0
8768,5,age,141935,141936,32,3,True,0.140625;0.703125;0.828125,3,True,0.140625;0.703125;0.828125,3,True,0.140625;0.703125;0.828125,True,True,3,0
8769,5,age,141996,141995,32,1,False,0.296875,1,False,0.296875,1,False,0.296875,True,False,1,0
8770,5,age,141996,141997,32,3,True,0.078125;0.703125;0.765625,3,True,0.078125;0.703125;0.765625,3,True,0.078125;0.703125;0.765625,True,True,3,0
8771,5,age,141998,141997,32,1,False,0.296875,1,False,0.296875,1,False,0.296875,True,False,1,0
8772,5,age,141998,141999,32,3,True,0.140625;0.703125;0.828125,3,True,0.140625;0.703125;0.828125,3,True,0.140625;0.703125;0.828125,True,True,3,0
8773,5,age,142059,142058,32,1,False,0.296875,1,False,0.296875,1,False,0.296875,True,False,1,0
8774,5,age,142059,142060,32,3,True,0.078125;0.703125;0.984375,3,True,0.078125;0.703125;0.984375,3,True,0.078125;0.703125;0.984375,True,True,3,0
8775,5,age,142061,142060,32,1,False,0.296875,1,False,0.296875,1,False,0.296875,True,False,1,0
8776,5,age,142061,142062,32,3,True,0.140625;0.703125;0.828125,3,True,0.140625;0.703125;0.828125,3,True,0.140625;0.703125;0.828125,True,True,3,0
8777,5,age,142115,142114,32,3,True,0.109375;0.296875;0.921875,3,True,0.109375;0.296875;0.921875,3,True,0.109375;0.296875;0.921875,True,True,3,0
8778,5,age,142115,142116,32,1,False,0.078125,1,False,0.078125,1,False,0.078125,True,False,1,0
8779,5,age,142122,142121,32,1,False,0.984375,1,False,0.984375,1,False,0.984375,True,False,1,0
8780,5,age,142122,142123,32,1,False,0.765625,1,False,0.765625,1,False,0.765625,True,False,1,0
8781,5,age,142124,142123,32,1,False,0.296875,1,False,0.296875,1,False,0.296875,True,False,1,0
8782,5,age,142124,142125,32,3,True,0.140625;0.703125;0.828125,3,True,0.140625;0.703125;0.828125,3,True,0.140625;0.703125;0.828125,True,True,3,0
8783,5,age,142187,142186,32,1,False,0.296875,1,False,0.296875,1,False,0.296875,True,False,1,0
8784,5,age,142187,142188,32,3,True,0.140625;0.703125;0.828125,3,True,0.140625;0.703125;0.828125,3,True,0.140625;0.703125;0.828125,True,True,3,0
8785,5,age,142250,142249,32,1,False,0.296875,1,False,0.296875,1,False,0.296875,True,False,1,0
8786,5,age,142250,142251,32,3,True,0.140625;0.703125;0.828125,3,True,0.140625;0.703125;0.828125,3,True,0.140625;0.703125;0.828125,True,True,3,0
8787,5,age,142311,142310,32,1,False,0.296875,1,False,0.296875,1,False,0.296875,True,False,1,0
8788,5,age,142311,142312,32,3,True,0.078125;0.703125;0.765625,3,True,0.078125;0.703125;0.765625,3,True,0.078125;0.703125;0.765625,True,True,3,0
8789,5,age,142313,142312,32,1,False,0.296875,1,False,0.296875,1,False,0.296875,True,False,1,0
8790,5,age,142313,142314,32,3,True,0.140625;0.703125;0.828125,3,True,0.140625;0.703125;0.828125,3,True,0.140625;0.703125;0.828125,True,True,3,0
8791,5,age,142374,142373,32,1,False,0.296875,1,False,0.296875,1,False,0.296875,True,False,1,0
8792,5,age,142374,142375,32,3,True,0.078125;0.703125;0.984375,3,True,0.078125;0.703125;0.984375,3,True,0.078125;0.703125;0.984375,True,True,3,0
8793,5,age,142376,142375,32,1,False,0.296875,1,False,0.296875,1,False,0.296875,True,False,1,0
8794,5,age,142376,142377,32,3,True,0.140625;0.703125;0.828125,3,True,0.140625;0.703125;0.828125,3,True,0.140625;0.703125;0.828125,True,True,3,0
8795,5,age,142430,142429,32,3,True,0.109375;0.296875;0.921875,3,True,0.109375;0.296875;0.921875,3,True,0.109375;0.296875;0.921875,True,True,3,0
8796,5,age,142430,142431,32,1,False,0.078125,1,False,0.078125,1,False,0.078125,True,False,1,0
8797,5,age,142437,142436,32,1,False,0.984375,1,False,0.984375,1,False,0.984375,True,False,1,0
8798,5,age,142437,142438,32,1,False,0.765625,1,False,0.765625,1,False,0.765625,True,False,1,0
8799,5,age,142439,142438,32,1,False,0.296875,1,False,0.296875,1,False,0.296875,True,False,1,0
8800,5,age,142439,142440,32,3,True,0.140625;0.703125;0.828125,3,True,0.140625;0.703125;0.828125,3,True,0.140625;0.703125;0.828125,True,True,3,0
8801,5,age,142502,142501,32,1,False,0.296875,1,False,0.296875,1,False,0.296875,True,False,1,0
8802,5,age,142502,142503,32,3,True,0.140625;0.703125;0.828125,3,True,0.140625;0.703125;0.828125,3,True,0.140625;0.703125;0.828125,True,True,3,0
8803,5,age,142565,142564,32,1,False,0.296875,1,False,0.296875,1,False,0.296875,True,False,1,0
8804,5,age,142565,142566,32,3,True,0.140625;0.703125;0.828125,3,True,0.140625;0.703125;0.828125,3,True,0.140625;0.703125;0.828125,True,True,3,0
8805,5,age,142626,142625,32,1,False,0.296875,1,False,0.296875,1,False,0.296875,True,False,1,0
8806,5,age,142626,142627,32,3,True,0.078125;0.703125;0.765625,3,True,0.078125;0.703125;0.765625,3,True,0.078125;0.703125;0.765625,True,True,3,0
8807,5,age,142628,142627,32,1,False,0.296875,1,False,0.296875,1,False,0.296875,True,False,1,0
8808,5,age,142628,142629,32,3,True,0.140625;0.703125;0.828125,3,True,0.140625;0.703125;0.828125,3,True,0.140625;0.703125;0.828125,True,True,3,0
8809,5,age,142689,142688,32,1,False,0.296875,1,False,0.296875,1,False,0.296875,True,False,1,0
8810,5,age,142689,142690,32,3,True,0.078125;0.703125;0.984375,3,True,0.078125;0.703125;0.984375,3,True,0.078125;0.703125;0.984375,True,True,3,0
8811,5,age,142691,142690,32,1,False,0.296875,1,False,0.296875,1,False,0.296875,True,False,1,0
8812,5,age,142691,142692,32,3,True,0.140625;0.703125;0.828125,3,True,0.140625;0.703125;0.828125,3,True,0.140625;0.703125;0.828125,True,True,3,0
8813,5,age,142745,142744,32,3,True,0.109375;0.296875;0.921875,3,True,0.109375;0.296875;0.921875,3,True,0.109375;0.296875;0.921875,True,True,3,0
8814,5,age,142745,142746,32,1,False,0.078125,1,False,0.078125,1,False,0.078125,True,False,1,0
8815,5,age,142752,142751,32,1,False,0.984375,1,False,0.984375,1,False,0.984375,True,False,1,0
8816,5,age,142752,142753,32,1,False,0.765625,1,False,0.765625,1,False,0.765625,True,False,1,0
8817,5,age,142754,142753,32,1,False,0.296875,1,False,0.296875,1,False,0.296875,True,False,1,0
8818,5,age,142754,142755,32,3,True,0.140625;0.703125;0.828125,3,True,0.140625;0.703125;0.828125,3,True,0.140625;0.703125;0.828125,True,True,3,0
8819,5,age,142817,142816,32,1,False,0.296875,1,False,0.296875,1,False,0.296875,True,False,1,0
8820,5,age,142817,142818,32,3,True,0.140625;0.703125;0.828125,3,True,0.140625;0.703125;0.828125,3,True,0.140625;0.703125;0.828125,True,True,3,0
8821,5,age,142880,142879,32,1,False,0.296875,1,False,0.296875,1,False,0.296875,True,False,1,0
8822,5,age,142880,142881,32,3,True,0.140625;0.703125;0.828125,3,True,0.140625;0.703125;0.828125,3,True,0.140625;0.703125;0.828125,True,True,3,0
8823,5,age,142941,142940,32,1,False,0.296875,1,False,0.296875,1,False,0.296875,True,False,1,0
8824,5,age,142941,142942,32,3,True,0.078125;0.703125;0.765625,3,True,0.078125;0.703125;0.765625,3,True,0.078125;0.703125;0.765625,True,True,3,0
8825,5,age,142943,142942,32,1,False,0.296875,1,False,0.296875,1,False,0.296875,True,False,1,0
8826,5,age,142943,142944,32,3,True,0.140625;0.703125;0.828125,3,True,0.140625;0.703125;0.828125,3,True,0.140625;0.703125;0.828125,True,True,3,0
8827,5,age,143004,143003,32,1,False,0.296875,1,False,0.296875,1,False,0.296875,True,False,1,0
8828,5,age,143004,143005,32,3,True,0.078125;0.703125;0.984375,3,True,0.078125;0.703125;0.984375,3,True,0.078125;0.703125;0.984375,True,True,3,0
8829,5,age,143006,143005,32,1,False,0.296875,1,False,0.296875,1,False,0.296875,True,False,1,0
8830,5,age,143006,143007,32,3,True,0.140625;0.703125;0.828125,3,True,0.140625;0.703125;0.828125,3,True,0.140625;0.703125;0.828125,True,True,3,0
8831,5,age,143060,143059,32,3,True,0.109375;0.296875;0.921875,3,True,0.109375;0.296875;0.921875,3,True,0.109375;0.296875;0.921875,True,True,3,0
8832,5,age,143060,143061,32,1,False,0.078125,1,False,0.078125,1,False,0.078125,True,False,1,0
8833,5,age,143067,143066,32,1,False,0.984375,1,False,0.984375,1,False,0.984375,True,False,1,0
8834,5,age,143067,143068,32,1,False,0.765625,1,False,0.765625,1,False,0.765625,True,False,1,0
8835,5,age,143069,143068,32,1,False,0.296875,1,False,0.296875,1,False,0.296875,True,False,1,0
8836,5,age,143069,143070,32,3,True,0.140625;0.703125;0.828125,3,True,0.140625;0.703125;0.828125,3,True,0.140625;0.703125;0.828125,True,True,3,0
8837,5,age,143132,143131,32,1,False,0.296875,1,False,0.296875,1,False,0.296875,True,False,1,0
8838,5,age,143132,143133,32,3,True,0.140625;0.703125;0.828125,3,True,0.140625;0.703125;0.828125,3,True,0.140625;0.703125;0.828125,True,True,3,0
8839,5,age,143195,143194,32,1,False,0.296875,1,False,0.296875,1,False,0.296875,True,False,1,0
8840,5,age,143195,143196,32,3,True,0.140625;0.703125;0.828125,3,True,0.140625;0.703125;0.828125,3,True,0.140625;0.703125;0.828125,True,True,3,0
8841,5,age,143256,143255,32,1,False,0.296875,1,False,0.296875,1,False,0.296875,True,False,1,0
8842,5,age,143256,143257,32,3,True,0.078125;0.703125;0.765625,3,True,0.078125;0.703125;0.765625,3,True,0.078125;0.703125;0.765625,True,True,3,0
8843,5,age,143258,143257,32,1,False,0.296875,1,False,0.296875,1,False,0.296875,True,False,1,0
8844,5,age,143258,143259,32,3,True,0.140625;0.703125;0.828125,3,True,0.140625;0.703125;0.828125,3,True,0.140625;0.703125;0.828125,True,True,3,0
8845,5,age,143319,143318,32,1,False,0.296875,1,False,0.296875,1,False,0.296875,True,False,1,0
8846,5,age,143319,143320,32,3,True,0.078125;0.703125;0.984375,3,True,0.078125;0.703125;0.984375,3,True,0.078125;0.703125;0.984375,True,True,3,0
8847,5,age,143321,143320,32,1,False,0.296875,1,False,0.296875,1,False,0.296875,True,False,1,0
8848,5,age,143321,143322,32,3,True,0.140625;0.703125;0.828125,3,True,0.140625;0.703125;0.828125,3,True,0.140625;0.703125;0.828125,True,True,3,0
