edge_id,axis,axis_name,witness_node,nonwitness_node,subdivisions,interval_index,t_left,t_right,t_mid,left_switch,right_switch,lookup_signature_changed,left_action,right_action,left_completion_index,right_completion_index,left_defer_index,right_defer_index
3964,5,age,1821,1822,128,9,0.0703125,0.078125,0.07421875,True,False,True,0,0,2672,2664,2681,2681
3964,5,age,1821,1822,128,89,0.6953125,0.703125,0.69921875,False,True,True,0,0,2664,2664,2681,2682
3964,5,age,1821,1822,128,97,0.7578125,0.765625,0.76171875,True,False,True,0,0,2600,2592,2682,2682
3966,5,age,1884,1885,128,9,0.0703125,0.078125,0.07421875,True,False,True,0,0,2672,2664,2681,2681
3966,5,age,1884,1885,128,89,0.6953125,0.703125,0.69921875,False,True,True,0,0,2664,2664,2681,2682
3966,5,age,1884,1885,128,124,0.96875,0.9765625,0.97265625,True,False,True,0,0,2656,2592,2682,2682
3968,5,age,2136,2137,128,9,0.0703125,0.078125,0.07421875,True,False,True,0,0,2672,2664,2681,2681
3968,5,age,2136,2137,128,89,0.6953125,0.703125,0.69921875,False,True,True,0,0,2664,2664,2681,2682
3968,5,age,2136,2137,128,97,0.7578125,0.765625,0.76171875,True,False,True,0,0,2600,2592,2682,2682
3970,5,age,2199,2200,128,9,0.0703125,0.078125,0.07421875,True,False,True,0,0,2672,2664,2681,2681
3970,5,age,2199,2200,128,89,0.6953125,0.703125,0.69921875,False,True,True,0,0,2664,2664,2681,2682
3970,5,age,2199,2200,128,124,0.96875,0.9765625,0.97265625,True,False,True,0,0,2656,2592,2682,2682
3972,5,age,2451,2452,128,9,0.0703125,0.078125,0.07421875,True,False,True,0,0,2672,2664,2681,2681
3972,5,age,2451,2452,128,89,0.6953125,0.703125,0.69921875,False,True,True,0,0,2664,2664,2681,2682
3972,5,age,2451,2452,128,97,0.7578125,0.765625,0.76171875,True,False,True,0,0,2600,2592,2682,2682
3974,5,age,2514,2515,128,9,0.0703125,0.078125,0.07421875,True,False,True,0,0,2672,2664,2681,2681
3974,5,age,2514,2515,128,89,0.6953125,0.703125,0.69921875,False,True,True,0,0,2664,2664,2681,2682
3974,5,age,2514,2515,128,124,0.96875,0.9765625,0.97265625,True,False,True,0,0,2656,2592,2682,2682
3976,5,age,2766,2767,128,9,0.0703125,0.078125,0.07421875,True,False,True,0,0,2672,2664,2681,2681
3976,5,age,2766,2767,128,89,0.6953125,0.703125,0.69921875,False,True,True,0,0,2664,2664,2681,2682
3976,5,age,2766,2767,128,97,0.7578125,0.765625,0.76171875,True,False,True,0,0,2600,2592,2682,2682
3978,5,age,2829,2830,128,9,0.0703125,0.078125,0.07421875,True,False,True,0,0,2672,2664,2681,2681
3978,5,age,2829,2830,128,89,0.6953125,0.703125,0.69921875,False,True,True,0,0,2664,2664,2681,2682
3978,5,age,2829,2830,128,124,0.96875,0.9765625,0.97265625,True,False,True,0,0,2656,2592,2682,2682
3980,5,age,3081,3082,128,9,0.0703125,0.078125,0.07421875,True,False,True,0,0,2672,2664,2681,2681
3980,5,age,3081,3082,128,89,0.6953125,0.703125,0.69921875,False,True,True,0,0,2664,2664,2681,2682
3980,5,age,3081,3082,128,97,0.7578125,0.765625,0.76171875,True,False,True,0,0,2600,2592,2682,2682
3982,5,age,3144,3145,128,9,0.0703125,0.078125,0.07421875,True,False,True,0,0,2672,2664,2681,2681
3982,5,age,3144,3145,128,89,0.6953125,0.703125,0.69921875,False,True,True,0,0,2664,2664,2681,2682
3982,5,age,3144,3145,128,124,0.96875,0.9765625,0.97265625,True,False,True,0,0,2656,2592,2682,2682
3983,5,age,3200,3199,128,15,0.1171875,0.125,0.12109375,True,False,True,0,0,2600,2536,2489,2489
3983,5,age,3200,3199,128,38,0.296875,0.3046875,0.30078125,False,True,True,0,0,2536,2536,2489,2488
3983,5,age,3200,3199,128,118,0.921875,0.9296875,0.92578125,True,False,True,0,0,2544,2480,2488,2488
3988,5,age,3209,3210,128,17,0.1328125,0.140625,0.13671875,True,False,True,0,0,2584,2576,2491,2491
3988,5,age,3209,3210,128,89,0.6953125,0.703125,0.69921875,False,True,True,0,0,2512,2512,2491,2492
3988,5,age,3209,3210,128,105,0.8203125,0.828125,0.82421875,True,False,True,0,0,2512,2504,2492,2492
3990,5,age,3272,3273,128,17,0.1328125,0.140625,0.13671875,True,False,True,0,0,2584,2576,2555,2555
3990,5,age,3272,3273,128,89,0.6953125,0.703125,0.69921875,False,True,True,0,0,2512,2512,2555,2556
3990,5,age,3272,3273,128,105,0.8203125,0.828125,0.82421875,True,False,True,0,0,2512,2504,2556,2556
3992,5,age,3335,3336,128,17,0.1328125,0.140625,0.13671875,True,False,True,0,0,2584,2576,2619,2619
3992,5,age,3335,3336,128,89,0.6953125,0.703125,0.69921875,False,True,True,0,0,2512,2512,2619,2620
3992,5,age,3335,3336,128,105,0.8203125,0.828125,0.82421875,True,False,True,0,0,2512,2504,2620,2620
3994,5,age,3396,3397,128,9,0.0703125,0.078125,0.07421875,True,False,True,0,0,4208,4200,4217,4217
3994,5,age,3396,3397,128,89,0.6953125,0.703125,0.69921875,False,True,True,0,0,4200,4200,4217,4218
3994,5,age,3396,3397,128,97,0.7578125,0.765625,0.76171875,True,False,True,0,0,4136,4128,4218,4218
3996,5,age,3398,3399,128,17,0.1328125,0.140625,0.13671875,True,False,True,0,0,2584,2576,2683,2683
3996,5,age,3398,3399,128,89,0.6953125,0.703125,0.69921875,False,True,True,0,0,2512,2512,2683,2684
3996,5,age,3398,3399,128,105,0.8203125,0.828125,0.82421875,True,False,True,0,0,2512,2504,2684,2684
3998,5,age,3459,3460,128,9,0.0703125,0.078125,0.07421875,True,False,True,0,0,4208,4200,4217,4217
3998,5,age,3459,3460,128,89,0.6953125,0.703125,0.69921875,False,True,True,0,0,4200,4200,4217,4218
3998,5,age,3459,3460,128,124,0.96875,0.9765625,0.97265625,True,False,True,0,0,4192,4128,4218,4218
4000,5,age,3461,3462,128,17,0.1328125,0.140625,0.13671875,True,False,True,0,0,2584,2576,2683,2683
4000,5,age,3461,3462,128,89,0.6953125,0.703125,0.69921875,False,True,True,0,0,2512,2512,2683,2684
4000,5,age,3461,3462,128,105,0.8203125,0.828125,0.82421875,True,False,True,0,0,2512,2504,2684,2684
4001,5,age,3515,3514,128,15,0.1171875,0.125,0.12109375,True,False,True,0,0,2600,2536,2489,2489
4001,5,age,3515,3514,128,38,0.296875,0.3046875,0.30078125,False,True,True,0,0,2536,2536,2489,2488
4001,5,age,3515,3514,128,118,0.921875,0.9296875,0.92578125,True,False,True,0,0,2544,2480,2488,2488
4006,5,age,3524,3525,128,17,0.1328125,0.140625,0.13671875,True,False,True,0,0,2584,2576,2491,2491
4006,5,age,3524,3525,128,89,0.6953125,0.703125,0.69921875,False,True,True,0,0,2512,2512,2491,2492
4006,5,age,3524,3525,128,105,0.8203125,0.828125,0.82421875,True,False,True,0,0,2512,2504,2492,2492
4008,5,age,3587,3588,128,17,0.1328125,0.140625,0.13671875,True,False,True,0,0,2584,2576,2555,2555
4008,5,age,3587,3588,128,89,0.6953125,0.703125,0.69921875,False,True,True,0,0,2512,2512,2555,2556
4008,5,age,3587,3588,128,105,0.8203125,0.828125,0.82421875,True,False,True,0,0,2512,2504,2556,2556
4010,5,age,3650,3651,128,17,0.1328125,0.140625,0.13671875,True,False,True,0,0,2584,2576,2619,2619
4010,5,age,3650,3651,128,89,0.6953125,0.703125,0.69921875,False,True,True,0,0,2512,2512,2619,2620
4010,5,age,3650,3651,128,105,0.8203125,0.828125,0.82421875,True,False,True,0,0,2512,2504,2620,2620
4012,5,age,3711,3712,128,9,0.0703125,0.078125,0.07421875,True,False,True,0,0,4208,4200,4217,4217
4012,5,age,3711,3712,128,89,0.6953125,0.703125,0.69921875,False,True,True,0,0,4200,4200,4217,4218
4012,5,age,3711,3712,128,97,0.7578125,0.765625,0.76171875,True,False,True,0,0,4136,4128,4218,4218
4014,5,age,3713,3714,128,17,0.1328125,0.140625,0.13671875,True,False,True,0,0,2584,2576,2683,2683
4014,5,age,3713,3714,128,89,0.6953125,0.703125,0.69921875,False,True,True,0,0,2512,2512,2683,2684
4014,5,age,3713,3714,128,105,0.8203125,0.828125,0.82421875,True,False,True,0,0,2512,2504,2684,2684
4016,5,age,3774,3775,128,9,0.0703125,0.078125,0.07421875,True,False,True,0,0,4208,4200,4217,4217
4016,5,age,3774,3775,128,89,0.6953125,0.703125,0.69921875,False,True,True,0,0,4200,4200,4217,4218
4016,5,age,3774,3775,128,124,0.96875,0.9765625,0.97265625,True,False,True,0,0,4192,4128,4218,4218
4018,5,age,3776,3777,128,17,0.1328125,0.140625,0.13671875,True,False,True,0,0,2584,2576,2683,2683
4018,5,age,3776,3777,128,89,0.6953125,0.703125,0.69921875,False,True,True,0,0,2512,2512,2683,2684
4018,5,age,3776,3777,128,105,0.8203125,0.828125,0.82421875,True,False,True,0,0,2512,2504,2684,2684
4019,5,age,3830,3829,128,15,0.1171875,0.125,0.12109375,True,False,True,0,0,2600,2536,2489,2489
4019,5,age,3830,3829,128,38,0.296875,0.3046875,0.30078125,False,True,True,0,0,2536,2536,2489,2488
4019,5,age,3830,3829,128,118,0.921875,0.9296875,0.92578125,True,False,True,0,0,2544,2480,2488,2488
4024,5,age,3839,3840,128,17,0.1328125,0.140625,0.13671875,True,False,True,0,0,2584,2576,2491,2491
4024,5,age,3839,3840,128,89,0.6953125,0.703125,0.69921875,False,True,True,0,0,2512,2512,2491,2492
4024,5,age,3839,3840,128,105,0.8203125,0.828125,0.82421875,True,False,True,0,0,2512,2504,2492,2492
4026,5,age,3902,3903,128,17,0.1328125,0.140625,0.13671875,True,False,True,0,0,2584,2576,2555,2555
4026,5,age,3902,3903,128,89,0.6953125,0.703125,0.69921875,False,True,True,0,0,2512,2512,2555,2556
4026,5,age,3902,3903,128,105,0.8203125,0.828125,0.82421875,True,False,True,0,0,2512,2504,2556,2556
4028,5,age,3965,3966,128,17,0.1328125,0.140625,0.13671875,True,False,True,0,0,2584,2576,2619,2619
4028,5,age,3965,3966,128,89,0.6953125,0.703125,0.69921875,False,True,True,0,0,2512,2512,2619,2620
4028,5,age,3965,3966,128,105,0.8203125,0.828125,0.82421875,True,False,True,0,0,2512,2504,2620,2620
4030,5,age,4026,4027,128,9,0.0703125,0.078125,0.07421875,True,False,True,0,0,4208,4200,4217,4217
4030,5,age,4026,4027,128,89,0.6953125,0.703125,0.69921875,False,True,True,0,0,4200,4200,4217,4218
4030,5,age,4026,4027,128,97,0.7578125,0.765625,0.76171875,True,False,True,0,0,4136,4128,4218,4218
4032,5,age,4028,4029,128,17,0.1328125,0.140625,0.13671875,True,False,True,0,0,2584,2576,2683,2683
4032,5,age,4028,4029,128,89,0.6953125,0.703125,0.69921875,False,True,True,0,0,2512,2512,2683,2684
4032,5,age,4028,4029,128,105,0.8203125,0.828125,0.82421875,True,False,True,0,0,2512,2504,2684,2684
4034,5,age,4089,4090,128,9,0.0703125,0.078125,0.07421875,True,False,True,0,0,4208,4200,4217,4217
4034,5,age,4089,4090,128,89,0.6953125,0.703125,0.69921875,False,True,True,0,0,4200,4200,4217,4218
4034,5,age,4089,4090,128,124,0.96875,0.9765625,0.97265625,True,False,True,0,0,4192,4128,4218,4218
4036,5,age,4091,4092,128,17,0.1328125,0.140625,0.13671875,True,False,True,0,0,2584,2576,2683,2683
4036,5,age,4091,4092,128,89,0.6953125,0.703125,0.69921875,False,True,True,0,0,2512,2512,2683,2684
4036,5,age,4091,4092,128,105,0.8203125,0.828125,0.82421875,True,False,True,0,0,2512,2504,2684,2684
4037,5,age,4145,4144,128,15,0.1171875,0.125,0.12109375,True,False,True,0,0,2600,2536,2489,2489
4037,5,age,4145,4144,128,38,0.296875,0.3046875,0.30078125,False,True,True,0,0,2536,2536,2489,2488
4037,5,age,4145,4144,128,118,0.921875,0.9296875,0.92578125,True,False,True,0,0,2544,2480,2488,2488
4042,5,age,4154,4155,128,17,0.1328125,0.140625,0.13671875,True,False,True,0,0,2584,2576,2491,2491
4042,5,age,4154,4155,128,89,0.6953125,0.703125,0.69921875,False,True,True,0,0,2512,2512,2491,2492
4042,5,age,4154,4155,128,105,0.8203125,0.828125,0.82421875,True,False,True,0,0,2512,2504,2492,2492
4044,5,age,4217,4218,128,17,0.1328125,0.140625,0.13671875,True,False,True,0,0,2584,2576,2555,2555
4044,5,age,4217,4218,128,89,0.6953125,0.703125,0.69921875,False,True,True,0,0,2512,2512,2555,2556
4044,5,age,4217,4218,128,105,0.8203125,0.828125,0.82421875,True,False,True,0,0,2512,2504,2556,2556
4046,5,age,4280,4281,128,17,0.1328125,0.140625,0.13671875,True,False,True,0,0,2584,2576,2619,2619
4046,5,age,4280,4281,128,89,0.6953125,0.703125,0.69921875,False,True,True,0,0,2512,2512,2619,2620
4046,5,age,4280,4281,128,105,0.8203125,0.828125,0.82421875,True,False,True,0,0,2512,2504,2620,2620
4048,5,age,4341,4342,128,9,0.0703125,0.078125,0.07421875,True,False,True,0,0,4208,4200,4217,4217
4048,5,age,4341,4342,128,89,0.6953125,0.703125,0.69921875,False,True,True,0,0,4200,4200,4217,4218
4048,5,age,4341,4342,128,97,0.7578125,0.765625,0.76171875,True,False,True,0,0,4136,4128,4218,4218
4050,5,age,4343,4344,128,17,0.1328125,0.140625,0.13671875,True,False,True,0,0,2584,2576,2683,2683
4050,5,age,4343,4344,128,89,0.6953125,0.703125,0.69921875,False,True,True,0,0,2512,2512,2683,2684
4050,5,age,4343,4344,128,105,0.8203125,0.828125,0.82421875,True,False,True,0,0,2512,2504,2684,2684
4052,5,age,4404,4405,128,9,0.0703125,0.078125,0.07421875,True,False,True,0,0,4208,4200,4217,4217
4052,5,age,4404,4405,128,89,0.6953125,0.703125,0.69921875,False,True,True,0,0,4200,4200,4217,4218
4052,5,age,4404,4405,128,124,0.96875,0.9765625,0.97265625,True,False,True,0,0,4192,4128,4218,4218
4054,5,age,4406,4407,128,17,0.1328125,0.140625,0.13671875,True,False,True,0,0,2584,2576,2683,2683
4054,5,age,4406,4407,128,89,0.6953125,0.703125,0.69921875,False,True,True,0,0,2512,2512,2683,2684
4054,5,age,4406,4407,128,105,0.8203125,0.828125,0.82421875,True,False,True,0,0,2512,2504,2684,2684
4055,5,age,4460,4459,128,15,0.1171875,0.125,0.12109375,True,False,True,0,0,2600,2536,2489,2489
4055,5,age,4460,4459,128,38,0.296875,0.3046875,0.30078125,False,True,True,0,0,2536,2536,2489,2488
4055,5,age,4460,4459,128,118,0.921875,0.9296875,0.92578125,True,False,True,0,0,2544,2480,2488,2488
4060,5,age,4469,4470,128,17,0.1328125,0.140625,0.13671875,True,False,True,0,0,2584,2576,2491,2491
4060,5,age,4469,4470,128,89,0.6953125,0.703125,0.69921875,False,True,True,0,0,2512,2512,2491,2492
4060,5,age,4469,4470,128,105,0.8203125,0.828125,0.82421875,True,False,True,0,0,2512,2504,2492,2492
4062,5,age,4532,4533,128,17,0.1328125,0.140625,0.13671875,True,False,True,0,0,2584,2576,2555,2555
4062,5,age,4532,4533,128,89,0.6953125,0.703125,0.69921875,False,True,True,0,0,2512,2512,2555,2556
4062,5,age,4532,4533,128,105,0.8203125,0.828125,0.82421875,True,False,True,0,0,2512,2504,2556,2556
4064,5,age,4595,4596,128,17,0.1328125,0.140625,0.13671875,True,False,True,0,0,2584,2576,2619,2619
4064,5,age,4595,4596,128,89,0.6953125,0.703125,0.69921875,False,True,True,0,0,2512,2512,2619,2620
4064,5,age,4595,4596,128,105,0.8203125,0.828125,0.82421875,True,False,True,0,0,2512,2504,2620,2620
4066,5,age,4656,4657,128,9,0.0703125,0.078125,0.07421875,True,False,True,0,0,4208,4200,4217,4217
4066,5,age,4656,4657,128,89,0.6953125,0.703125,0.69921875,False,True,True,0,0,4200,4200,4217,4218
4066,5,age,4656,4657,128,97,0.7578125,0.765625,0.76171875,True,False,True,0,0,4136,4128,4218,4218
4068,5,age,4658,4659,128,17,0.1328125,0.140625,0.13671875,True,False,True,0,0,2584,2576,2683,2683
4068,5,age,4658,4659,128,89,0.6953125,0.703125,0.69921875,False,True,True,0,0,2512,2512,2683,2684
4068,5,age,4658,4659,128,105,0.8203125,0.828125,0.82421875,True,False,True,0,0,2512,2504,2684,2684
4070,5,age,4719,4720,128,9,0.0703125,0.078125,0.07421875,True,False,True,0,0,4208,4200,4217,4217
4070,5,age,4719,4720,128,89,0.6953125,0.703125,0.69921875,False,True,True,0,0,4200,4200,4217,4218
4070,5,age,4719,4720,128,124,0.96875,0.9765625,0.97265625,True,False,True,0,0,4192,4128,4218,4218
4072,5,age,4721,4722,128,17,0.1328125,0.140625,0.13671875,True,False,True,0,0,2584,2576,2683,2683
4072,5,age,4721,4722,128,89,0.6953125,0.703125,0.69921875,False,True,True,0,0,2512,2512,2683,2684
4072,5,age,4721,4722,128,105,0.8203125,0.828125,0.82421875,True,False,True,0,0,2512,2504,2684,2684
4073,5,age,4775,4774,128,15,0.1171875,0.125,0.12109375,True,False,True,0,0,4136,4072,4025,4025
4073,5,age,4775,4774,128,38,0.296875,0.3046875,0.30078125,False,True,True,0,0,4072,4072,4025,4024
4073,5,age,4775,4774,128,118,0.921875,0.9296875,0.92578125,True,False,True,0,0,4080,4016,4024,4024
4078,5,age,4784,4785,128,17,0.1328125,0.140625,0.13671875,True,False,True,0,0,4120,4112,4027,4027
4078,5,age,4784,4785,128,89,0.6953125,0.703125,0.69921875,False,True,True,0,0,4048,4048,4027,4028
4078,5,age,4784,4785,128,105,0.8203125,0.828125,0.82421875,True,False,True,0,0,4048,4040,4028,4028
4080,5,age,4847,4848,128,17,0.1328125,0.140625,0.13671875,True,False,True,0,0,4120,4112,4091,4091
4080,5,age,4847,4848,128,89,0.6953125,0.703125,0.69921875,False,True,True,0,0,4048,4048,4091,4092
4080,5,age,4847,4848,128,105,0.8203125,0.828125,0.82421875,True,False,True,0,0,4048,4040,4092,4092
4082,5,age,4910,4911,128,17,0.1328125,0.140625,0.13671875,True,False,True,0,0,4120,4112,4155,4155
4082,5,age,4910,4911,128,89,0.6953125,0.703125,0.69921875,False,True,True,0,0,4048,4048,4155,4156
4082,5,age,4910,4911,128,105,0.8203125,0.828125,0.82421875,True,False,True,0,0,4048,4040,4156,4156
4084,5,age,4973,4974,128,17,0.1328125,0.140625,0.13671875,True,False,True,0,0,4120,4112,4219,4219
4084,5,age,4973,4974,128,89,0.6953125,0.703125,0.69921875,False,True,True,0,0,4048,4048,4219,4220
4084,5,age,4973,4974,128,105,0.8203125,0.828125,0.82421875,True,False,True,0,0,4048,4040,4220,4220
4086,5,age,5036,5037,128,17,0.1328125,0.140625,0.13671875,True,False,True,0,0,4120,4112,4219,4219
4086,5,age,5036,5037,128,89,0.6953125,0.703125,0.69921875,False,True,True,0,0,4048,4048,4219,4220
4086,5,age,5036,5037,128,105,0.8203125,0.828125,0.82421875,True,False,True,0,0,4048,4040,4220,4220
4087,5,age,5090,5089,128,15,0.1171875,0.125,0.12109375,True,False,True,0,0,4136,4072,4025,4025
4087,5,age,5090,5089,128,38,0.296875,0.3046875,0.30078125,False,True,True,0,0,4072,4072,4025,4024
4087,5,age,5090,5089,128,118,0.921875,0.9296875,0.92578125,True,False,True,0,0,4080,4016,4024,4024
4092,5,age,5099,5100,128,17,0.1328125,0.140625,0.13671875,True,False,True,0,0,4120,4112,4027,4027
4092,5,age,5099,5100,128,89,0.6953125,0.703125,0.69921875,False,True,True,0,0,4048,4048,4027,4028
4092,5,age,5099,5100,128,105,0.8203125,0.828125,0.82421875,True,False,True,0,0,4048,4040,4028,4028
4094,5,age,5162,5163,128,17,0.1328125,0.140625,0.13671875,True,False,True,0,0,4120,4112,4091,4091
4094,5,age,5162,5163,128,89,0.6953125,0.703125,0.69921875,False,True,True,0,0,4048,4048,4091,4092
4094,5,age,5162,5163,128,105,0.8203125,0.828125,0.82421875,True,False,True,0,0,4048,4040,4092,4092
4096,5,age,5225,5226,128,17,0.1328125,0.140625,0.13671875,True,False,True,0,0,4120,4112,4155,4155
4096,5,age,5225,5226,128,89,0.6953125,0.703125,0.69921875,False,True,True,0,0,4048,4048,4155,4156
4096,5,age,5225,5226,128,105,0.8203125,0.828125,0.82421875,True,False,True,0,0,4048,4040,4156,4156
4098,5,age,5288,5289,128,17,0.1328125,0.140625,0.13671875,True,False,True,0,0,4120,4112,4219,4219
4098,5,age,5288,5289,128,89,0.6953125,0.703125,0.69921875,False,True,True,0,0,4048,4048,4219,4220
4098,5,age,5288,5289,128,105,0.8203125,0.828125,0.82421875,True,False,True,0,0,4048,4040,4220,4220
4100,5,age,5351,5352,128,17,0.1328125,0.140625,0.13671875,True,False,True,0,0,4120,4112,4219,4219
4100,5,age,5351,5352,128,89,0.6953125,0.703125,0.69921875,False,True,True,0,0,4048,4048,4219,4220
4100,5,age,5351,5352,128,105,0.8203125,0.828125,0.82421875,True,False,True,0,0,4048,4040,4220,4220
4101,5,age,5405,5404,128,15,0.1171875,0.125,0.12109375,True,False,True,0,0,4136,4072,4025,4025
4101,5,age,5405,5404,128,38,0.296875,0.3046875,0.30078125,False,True,True,0,0,4072,4072,4025,4024
4101,5,age,5405,5404,128,118,0.921875,0.9296875,0.92578125,True,False,True,0,0,4080,4016,4024,4024
4106,5,age,5414,5415,128,17,0.1328125,0.140625,0.13671875,True,False,True,0,0,4120,4112,4027,4027
4106,5,age,5414,5415,128,89,0.6953125,0.703125,0.69921875,False,True,True,0,0,4048,4048,4027,4028
4106,5,age,5414,5415,128,105,0.8203125,0.828125,0.82421875,True,False,True,0,0,4048,4040,4028,4028
4108,5,age,5477,5478,128,17,0.1328125,0.140625,0.13671875,True,False,True,0,0,4120,4112,4091,4091
4108,5,age,5477,5478,128,89,0.6953125,0.703125,0.69921875,False,True,True,0,0,4048,4048,4091,4092
4108,5,age,5477,5478,128,105,0.8203125,0.828125,0.82421875,True,False,True,0,0,4048,4040,4092,4092
4110,5,age,5540,5541,128,17,0.1328125,0.140625,0.13671875,True,False,True,0,0,4120,4112,4155,4155
4110,5,age,5540,5541,128,89,0.6953125,0.703125,0.69921875,False,True,True,0,0,4048,4048,4155,4156
4110,5,age,5540,5541,128,105,0.8203125,0.828125,0.82421875,True,False,True,0,0,4048,4040,4156,4156
4112,5,age,5603,5604,128,17,0.1328125,0.140625,0.13671875,True,False,True,0,0,4120,4112,4219,4219
4112,5,age,5603,5604,128,89,0.6953125,0.703125,0.69921875,False,True,True,0,0,4048,4048,4219,4220
4112,5,age,5603,5604,128,105,0.8203125,0.828125,0.82421875,True,False,True,0,0,4048,4040,4220,4220
4114,5,age,5666,5667,128,17,0.1328125,0.140625,0.13671875,True,False,True,0,0,4120,4112,4219,4219
4114,5,age,5666,5667,128,89,0.6953125,0.703125,0.69921875,False,True,True,0,0,4048,4048,4219,4220
4114,5,age,5666,5667,128,105,0.8203125,0.828125,0.82421875,True,False,True,0,0,4048,4040,4220,4220
4115,5,age,5720,5719,128,15,0.1171875,0.125,0.12109375,True,False,True,0,0,4136,4072,4025,4025
4115,5,age,5720,5719,128,38,0.296875,0.3046875,0.30078125,False,True,True,0,0,4072,4072,4025,4024
4115,5,age,5720,5719,128,118,0.921875,0.9296875,0.92578125,True,False,True,0,0,4080,4016,4024,4024
4120,5,age,5729,5730,128,17,0.1328125,0.140625,0.13671875,True,False,True,0,0,4120,4112,4027,4027
4120,5,age,5729,5730,128,89,0.6953125,0.703125,0.69921875,False,True,True,0,0,4048,4048,4027,4028
4120,5,age,5729,5730,128,105,0.8203125,0.828125,0.82421875,True,False,True,0,0,4048,4040,4028,4028
4122,5,age,5792,5793,128,17,0.1328125,0.140625,0.13671875,True,False,True,0,0,4120,4112,4091,4091
4122,5,age,5792,5793,128,89,0.6953125,0.703125,0.69921875,False,True,True,0,0,4048,4048,4091,4092
4122,5,age,5792,5793,128,105,0.8203125,0.828125,0.82421875,True,False,True,0,0,4048,4040,4092,4092
4124,5,age,5855,5856,128,17,0.1328125,0.140625,0.13671875,True,False,True,0,0,4120,4112,4155,4155
4124,5,age,5855,5856,128,89,0.6953125,0.703125,0.69921875,False,True,True,0,0,4048,4048,4155,4156
4124,5,age,5855,5856,128,105,0.8203125,0.828125,0.82421875,True,False,True,0,0,4048,4040,4156,4156
4126,5,age,5918,5919,128,17,0.1328125,0.140625,0.13671875,True,False,True,0,0,4120,4112,4219,4219
4126,5,age,5918,5919,128,89,0.6953125,0.703125,0.69921875,False,True,True,0,0,4048,4048,4219,4220
4126,5,age,5918,5919,128,105,0.8203125,0.828125,0.82421875,True,False,True,0,0,4048,4040,4220,4220
4128,5,age,5981,5982,128,17,0.1328125,0.140625,0.13671875,True,False,True,0,0,4120,4112,4219,4219
4128,5,age,5981,5982,128,89,0.6953125,0.703125,0.69921875,False,True,True,0,0,4048,4048,4219,4220
4128,5,age,5981,5982,128,105,0.8203125,0.828125,0.82421875,True,False,True,0,0,4048,4040,4220,4220
4129,5,age,6035,6034,128,15,0.1171875,0.125,0.12109375,True,False,True,0,0,4136,4072,4025,4025
4129,5,age,6035,6034,128,38,0.296875,0.3046875,0.30078125,False,True,True,0,0,4072,4072,4025,4024
4129,5,age,6035,6034,128,118,0.921875,0.9296875,0.92578125,True,False,True,0,0,4080,4016,4024,4024
4134,5,age,6044,6045,128,17,0.1328125,0.140625,0.13671875,True,False,True,0,0,4120,4112,4027,4027
4134,5,age,6044,6045,128,89,0.6953125,0.703125,0.69921875,False,True,True,0,0,4048,4048,4027,4028
4134,5,age,6044,6045,128,105,0.8203125,0.828125,0.82421875,True,False,True,0,0,4048,4040,4028,4028
4136,5,age,6107,6108,128,17,0.1328125,0.140625,0.13671875,True,False,True,0,0,4120,4112,4091,4091
4136,5,age,6107,6108,128,89,0.6953125,0.703125,0.69921875,False,True,True,0,0,4048,4048,4091,4092
4136,5,age,6107,6108,128,105,0.8203125,0.828125,0.82421875,True,False,True,0,0,4048,4040,4092,4092
4138,5,age,6170,6171,128,17,0.1328125,0.140625,0.13671875,True,False,True,0,0,4120,4112,4155,4155
4138,5,age,6170,6171,128,89,0.6953125,0.703125,0.69921875,False,True,True,0,0,4048,4048,4155,4156
4138,5,age,6170,6171,128,105,0.8203125,0.828125,0.82421875,True,False,True,0,0,4048,4040,4156,4156
4140,5,age,6233,6234,128,17,0.1328125,0.140625,0.13671875,True,False,True,0,0,4120,4112,4219,4219
4140,5,age,6233,6234,128,89,0.6953125,0.703125,0.69921875,False,True,True,0,0,4048,4048,4219,4220
4140,5,age,6233,6234,128,105,0.8203125,0.828125,0.82421875,True,False,True,0,0,4048,4040,4220,4220
4142,5,age,6296,6297,128,17,0.1328125,0.140625,0.13671875,True,False,True,0,0,4120,4112,4219,4219
4142,5,age,6296,6297,128,89,0.6953125,0.703125,0.69921875,False,True,True,0,0,4048,4048,4219,4220
4142,5,age,6296,6297,128,105,0.8203125,0.828125,0.82421875,True,False,True,0,0,4048,4040,4220,4220
4143,5,age,6350,6349,128,15,0.1171875,0.125,0.12109375,True,False,True,0,0,5672,5608,5561,5561
4143,5,age,6350,6349,128,38,0.296875,0.3046875,0.30078125,False,True,True,0,0,5608,5608,5561,5560
4143,5,age,6350,6349,128,118,0.921875,0.9296875,0.92578125,True,False,True,0,0,5616,5552,5560,5560
4148,5,age,6359,6360,128,17,0.1328125,0.140625,0.13671875,True,False,True,0,0,5656,5648,5563,5563
4148,5,age,6359,6360,128,89,0.6953125,0.703125,0.69921875,False,True,True,0,0,5584,5584,5563,5564
4148,5,age,6359,6360,128,105,0.8203125,0.828125,0.82421875,True,False,True,0,0,5584,5576,5564,5564
4150,5,age,6422,6423,128,17,0.1328125,0.140625,0.13671875,True,False,True,0,0,5656,5648,5627,5627
4150,5,age,6422,6423,128,89,0.6953125,0.703125,0.69921875,False,True,True,0,0,5584,5584,5627,5628
4150,5,age,6422,6423,128,105,0.8203125,0.828125,0.82421875,True,False,True,0,0,5584,5576,5628,5628
4152,5,age,6485,6486,128,17,0.1328125,0.140625,0.13671875,True,False,True,0,0,5656,5648,5691,5691
4152,5,age,6485,6486,128,89,0.6953125,0.703125,0.69921875,False,True,True,0,0,5584,5584,5691,5692
4152,5,age,6485,6486,128,105,0.8203125,0.828125,0.82421875,True,False,True,0,0,5584,5576,5692,5692
4154,5,age,6548,6549,128,17,0.1328125,0.140625,0.13671875,True,False,True,0,0,5656,5648,5755,5755
4154,5,age,6548,6549,128,89,0.6953125,0.703125,0.69921875,False,True,True,0,0,5584,5584,5755,5756
4154,5,age,6548,6549,128,105,0.8203125,0.828125,0.82421875,True,False,True,0,0,5584,5576,5756,5756
4156,5,age,6611,6612,128,17,0.1328125,0.140625,0.13671875,True,False,True,0,0,5656,5648,5755,5755
4156,5,age,6611,6612,128,89,0.6953125,0.703125,0.69921875,False,True,True,0,0,5584,5584,5755,5756
4156,5,age,6611,6612,128,105,0.8203125,0.828125,0.82421875,True,False,True,0,0,5584,5576,5756,5756
4157,5,age,6665,6664,128,15,0.1171875,0.125,0.12109375,True,False,True,0,0,5672,5608,5561,5561
4157,5,age,6665,6664,128,38,0.296875,0.3046875,0.30078125,False,True,True,0,0,5608,5608,5561,5560
4157,5,age,6665,6664,128,118,0.921875,0.9296875,0.92578125,True,False,True,0,0,5616,5552,5560,5560
4162,5,age,6674,6675,128,17,0.1328125,0.140625,0.13671875,True,False,True,0,0,5656,5648,5563,5563
4162,5,age,6674,6675,128,89,0.6953125,0.703125,0.69921875,False,True,True,0,0,5584,5584,5563,5564
4162,5,age,6674,6675,128,105,0.8203125,0.828125,0.82421875,True,False,True,0,0,5584,5576,5564,5564
4164,5,age,6737,6738,128,17,0.1328125,0.140625,0.13671875,True,False,True,0,0,5656,5648,5627,5627
4164,5,age,6737,6738,128,89,0.6953125,0.703125,0.69921875,False,True,True,0,0,5584,5584,5627,5628
4164,5,age,6737,6738,128,105,0.8203125,0.828125,0.82421875,True,False,True,0,0,5584,5576,5628,5628
4166,5,age,6800,6801,128,17,0.1328125,0.140625,0.13671875,True,False,True,0,0,5656,5648,5691,5691
4166,5,age,6800,6801,128,89,0.6953125,0.703125,0.69921875,False,True,True,0,0,5584,5584,5691,5692
4166,5,age,6800,6801,128,105,0.8203125,0.828125,0.82421875,True,False,True,0,0,5584,5576,5692,5692
4168,5,age,6863,6864,128,17,0.1328125,0.140625,0.13671875,True,False,True,0,0,5656,5648,5755,5755
4168,5,age,6863,6864,128,89,0.6953125,0.703125,0.69921875,False,True,True,0,0,5584,5584,5755,5756
4168,5,age,6863,6864,128,105,0.8203125,0.828125,0.82421875,True,False,True,0,0,5584,5576,5756,5756
4170,5,age,6926,6927,128,17,0.1328125,0.140625,0.13671875,True,False,True,0,0,5656,5648,5755,5755
4170,5,age,6926,6927,128,89,0.6953125,0.703125,0.69921875,False,True,True,0,0,5584,5584,5755,5756
4170,5,age,6926,6927,128,105,0.8203125,0.828125,0.82421875,True,False,True,0,0,5584,5576,5756,5756
4171,5,age,6980,6979,128,15,0.1171875,0.125,0.12109375,True,False,True,0,0,5672,5608,5561,5561
4171,5,age,6980,6979,128,38,0.296875,0.3046875,0.30078125,False,True,True,0,0,5608,5608,5561,5560
4171,5,age,6980,6979,128,118,0.921875,0.9296875,0.92578125,True,False,True,0,0,5616,5552,5560,5560
4176,5,age,6989,6990,128,17,0.1328125,0.140625,0.13671875,True,False,True,0,0,5656,5648,5563,5563
4176,5,age,6989,6990,128,89,0.6953125,0.703125,0.69921875,False,True,True,0,0,5584,5584,5563,5564
4176,5,age,6989,6990,128,105,0.8203125,0.828125,0.82421875,True,False,True,0,0,5584,5576,5564,5564
4178,5,age,7052,7053,128,17,0.1328125,0.140625,0.13671875,True,False,True,0,0,5656,5648,5627,5627
4178,5,age,7052,7053,128,89,0.6953125,0.703125,0.69921875,False,True,True,0,0,5584,5584,5627,5628
4178,5,age,7052,7053,128,105,0.8203125,0.828125,0.82421875,True,False,True,0,0,5584,5576,5628,5628
4180,5,age,7115,7116,128,17,0.1328125,0.140625,0.13671875,True,False,True,0,0,5656,5648,5691,5691
4180,5,age,7115,7116,128,89,0.6953125,0.703125,0.69921875,False,True,True,0,0,5584,5584,5691,5692
4180,5,age,7115,7116,128,105,0.8203125,0.828125,0.82421875,True,False,True,0,0,5584,5576,5692,5692
4182,5,age,7178,7179,128,17,0.1328125,0.140625,0.13671875,True,False,True,0,0,5656,5648,5755,5755
4182,5,age,7178,7179,128,89,0.6953125,0.703125,0.69921875,False,True,True,0,0,5584,5584,5755,5756
4182,5,age,7178,7179,128,105,0.8203125,0.828125,0.82421875,True,False,True,0,0,5584,5576,5756,5756
4184,5,age,7241,7242,128,17,0.1328125,0.140625,0.13671875,True,False,True,0,0,5656,5648,5755,5755
4184,5,age,7241,7242,128,89,0.6953125,0.703125,0.69921875,False,True,True,0,0,5584,5584,5755,5756
4184,5,age,7241,7242,128,105,0.8203125,0.828125,0.82421875,True,False,True,0,0,5584,5576,5756,5756
4185,5,age,7295,7294,128,15,0.1171875,0.125,0.12109375,True,False,True,0,0,5672,5608,5561,5561
4185,5,age,7295,7294,128,38,0.296875,0.3046875,0.30078125,False,True,True,0,0,5608,5608,5561,5560
4185,5,age,7295,7294,128,118,0.921875,0.9296875,0.92578125,True,False,True,0,0,5616,5552,5560,5560
4190,5,age,7304,7305,128,17,0.1328125,0.140625,0.13671875,True,False,True,0,0,5656,5648,5563,5563
4190,5,age,7304,7305,128,89,0.6953125,0.703125,0.69921875,False,True,True,0,0,5584,5584,5563,5564
4190,5,age,7304,7305,128,105,0.8203125,0.828125,0.82421875,True,False,True,0,0,5584,5576,5564,5564
4192,5,age,7367,7368,128,17,0.1328125,0.140625,0.13671875,True,False,True,0,0,5656,5648,5627,5627
4192,5,age,7367,7368,128,89,0.6953125,0.703125,0.69921875,False,True,True,0,0,5584,5584,5627,5628
4192,5,age,7367,7368,128,105,0.8203125,0.828125,0.82421875,True,False,True,0,0,5584,5576,5628,5628
4194,5,age,7430,7431,128,17,0.1328125,0.140625,0.13671875,True,False,True,0,0,5656,5648,5691,5691
4194,5,age,7430,7431,128,89,0.6953125,0.703125,0.69921875,False,True,True,0,0,5584,5584,5691,5692
4194,5,age,7430,7431,128,105,0.8203125,0.828125,0.82421875,True,False,True,0,0,5584,5576,5692,5692
4196,5,age,7493,7494,128,17,0.1328125,0.140625,0.13671875,True,False,True,0,0,5656,5648,5755,5755
4196,5,age,7493,7494,128,89,0.6953125,0.703125,0.69921875,False,True,True,0,0,5584,5584,5755,5756
4196,5,age,7493,7494,128,105,0.8203125,0.828125,0.82421875,True,False,True,0,0,5584,5576,5756,5756
4198,5,age,7556,7557,128,17,0.1328125,0.140625,0.13671875,True,False,True,0,0,5656,5648,5755,5755
4198,5,age,7556,7557,128,89,0.6953125,0.703125,0.69921875,False,True,True,0,0,5584,5584,5755,5756
4198,5,age,7556,7557,128,105,0.8203125,0.828125,0.82421875,True,False,True,0,0,5584,5576,5756,5756
4199,5,age,7610,7609,128,15,0.1171875,0.125,0.12109375,True,False,True,0,0,5672,5608,5561,5561
4199,5,age,7610,7609,128,38,0.296875,0.3046875,0.30078125,False,True,True,0,0,5608,5608,5561,5560
4199,5,age,7610,7609,128,118,0.921875,0.9296875,0.92578125,True,False,True,0,0,5616,5552,5560,5560
4204,5,age,7619,7620,128,17,0.1328125,0.140625,0.13671875,True,False,True,0,0,5656,5648,5563,5563
4204,5,age,7619,7620,128,89,0.6953125,0.703125,0.69921875,False,True,True,0,0,5584,5584,5563,5564
4204,5,age,7619,7620,128,105,0.8203125,0.828125,0.82421875,True,False,True,0,0,5584,5576,5564,5564
4206,5,age,7682,7683,128,17,0.1328125,0.140625,0.13671875,True,False,True,0,0,5656,5648,5627,5627
4206,5,age,7682,7683,128,89,0.6953125,0.703125,0.69921875,False,True,True,0,0,5584,5584,5627,5628
4206,5,age,7682,7683,128,105,0.8203125,0.828125,0.82421875,True,False,True,0,0,5584,5576,5628,5628
4208,5,age,7745,7746,128,17,0.1328125,0.140625,0.13671875,True,False,True,0,0,5656,5648,5691,5691
4208,5,age,7745,7746,128,89,0.6953125,0.703125,0.69921875,False,True,True,0,0,5584,5584,5691,5692
4208,5,age,7745,7746,128,105,0.8203125,0.828125,0.82421875,True,False,True,0,0,5584,5576,5692,5692
4210,5,age,7808,7809,128,17,0.1328125,0.140625,0.13671875,True,False,True,0,0,5656,5648,5755,5755
4210,5,age,7808,7809,128,89,0.6953125,0.703125,0.69921875,False,True,True,0,0,5584,5584,5755,5756
4210,5,age,7808,7809,128,105,0.8203125,0.828125,0.82421875,True,False,True,0,0,5584,5576,5756,5756
4212,5,age,7871,7872,128,17,0.1328125,0.140625,0.13671875,True,False,True,0,0,5656,5648,5755,5755
4212,5,age,7871,7872,128,89,0.6953125,0.703125,0.69921875,False,True,True,0,0,5584,5584,5755,5756
4212,5,age,7871,7872,128,105,0.8203125,0.828125,0.82421875,True,False,True,0,0,5584,5576,5756,5756
4214,5,age,22296,22297,128,9,0.0703125,0.078125,0.07421875,True,False,True,0,0,1904,1896,1913,1913
4214,5,age,22296,22297,128,89,0.6953125,0.703125,0.69921875,False,True,True,0,0,1896,1896,1913,1914
4214,5,age,22296,22297,128,97,0.7578125,0.765625,0.76171875,True,False,True,0,0,1832,1824,1914,1914
4216,5,age,22359,22360,128,9,0.0703125,0.078125,0.07421875,True,False,True,0,0,1904,1896,1913,1913
4216,5,age,22359,22360,128,89,0.6953125,0.703125,0.69921875,False,True,True,0,0,1896,1896,1913,1914
4216,5,age,22359,22360,128,124,0.96875,0.9765625,0.97265625,True,False,True,0,0,1888,1824,1914,1914
4218,5,age,22611,22612,128,9,0.0703125,0.078125,0.07421875,True,False,True,0,0,2288,2280,2297,2297
4218,5,age,22611,22612,128,89,0.6953125,0.703125,0.69921875,False,True,True,0,0,2280,2280,2297,2298
4218,5,age,22611,22612,128,97,0.7578125,0.765625,0.76171875,True,False,True,0,0,2216,2208,2298,2298
4220,5,age,22674,22675,128,9,0.0703125,0.078125,0.07421875,True,False,True,0,0,2288,2280,2297,2297
4220,5,age,22674,22675,128,89,0.6953125,0.703125,0.69921875,False,True,True,0,0,2280,2280,2297,2298
4220,5,age,22674,22675,128,124,0.96875,0.9765625,0.97265625,True,False,True,0,0,2272,2208,2298,2298
4222,5,age,22926,22927,128,9,0.0703125,0.078125,0.07421875,True,False,True,0,0,2288,2280,2297,2297
4222,5,age,22926,22927,128,89,0.6953125,0.703125,0.69921875,False,True,True,0,0,2280,2280,2297,2298
4222,5,age,22926,22927,128,97,0.7578125,0.765625,0.76171875,True,False,True,0,0,2216,2208,2298,2298
4224,5,age,22989,22990,128,9,0.0703125,0.078125,0.07421875,True,False,True,0,0,2288,2280,2297,2297
4224,5,age,22989,22990,128,89,0.6953125,0.703125,0.69921875,False,True,True,0,0,2280,2280,2297,2298
4224,5,age,22989,22990,128,124,0.96875,0.9765625,0.97265625,True,False,True,0,0,2272,2208,2298,2298
4226,5,age,23241,23242,128,9,0.0703125,0.078125,0.07421875,True,False,True,0,0,24176,24168,24185,24185
4226,5,age,23241,23242,128,89,0.6953125,0.703125,0.69921875,False,True,True,0,0,24168,24168,24185,24186
4226,5,age,23241,23242,128,97,0.7578125,0.765625,0.76171875,True,False,True,0,0,24104,24096,24186,24186
4228,5,age,23304,23305,128,9,0.0703125,0.078125,0.07421875,True,False,True,0,0,24176,24168,24185,24185
4228,5,age,23304,23305,128,89,0.6953125,0.703125,0.69921875,False,True,True,0,0,24168,24168,24185,24186
4228,5,age,23304,23305,128,124,0.96875,0.9765625,0.97265625,True,False,True,0,0,24160,24096,24186,24186
4230,5,age,23556,23557,128,9,0.0703125,0.078125,0.07421875,True,False,True,0,0,24560,24552,24569,24569
4230,5,age,23556,23557,128,89,0.6953125,0.703125,0.69921875,False,True,True,0,0,24552,24552,24569,24570
4230,5,age,23556,23557,128,97,0.7578125,0.765625,0.76171875,True,False,True,0,0,24488,24480,24570,24570
4232,5,age,23619,23620,128,9,0.0703125,0.078125,0.07421875,True,False,True,0,0,24560,24552,24569,24569
4232,5,age,23619,23620,128,89,0.6953125,0.703125,0.69921875,False,True,True,0,0,24552,24552,24569,24570
4232,5,age,23619,23620,128,124,0.96875,0.9765625,0.97265625,True,False,True,0,0,24544,24480,24570,24570
4233,5,age,23675,23674,128,15,0.1171875,0.125,0.12109375,True,False,True,0,0,1832,1768,1721,1721
4233,5,age,23675,23674,128,38,0.296875,0.3046875,0.30078125,False,True,True,0,0,1768,1768,1721,1720
4233,5,age,23675,23674,128,118,0.921875,0.9296875,0.92578125,True,False,True,0,0,1776,1712,1720,1720
4238,5,age,23684,23685,128,17,0.1328125,0.140625,0.13671875,True,False,True,0,0,1816,1808,1723,1723
4238,5,age,23684,23685,128,89,0.6953125,0.703125,0.69921875,False,True,True,0,0,1744,1744,1723,1724
4238,5,age,23684,23685,128,105,0.8203125,0.828125,0.82421875,True,False,True,0,0,1744,1736,1724,1724
4240,5,age,23747,23748,128,17,0.1328125,0.140625,0.13671875,True,False,True,0,0,1816,1808,1787,1787
4240,5,age,23747,23748,128,89,0.6953125,0.703125,0.69921875,False,True,True,0,0,1744,1744,1787,1788
4240,5,age,23747,23748,128,105,0.8203125,0.828125,0.82421875,True,False,True,0,0,1744,1736,1788,1788
4242,5,age,23810,23811,128,17,0.1328125,0.140625,0.13671875,True,False,True,0,0,1816,1808,1851,1851
4242,5,age,23810,23811,128,89,0.6953125,0.703125,0.69921875,False,True,True,0,0,1744,1744,1851,1852
4242,5,age,23810,23811,128,105,0.8203125,0.828125,0.82421875,True,False,True,0,0,1744,1736,1852,1852
4244,5,age,23871,23872,128,9,0.0703125,0.078125,0.07421875,True,False,True,0,0,3440,3432,3449,3449
4244,5,age,23871,23872,128,89,0.6953125,0.703125,0.69921875,False,True,True,0,0,3432,3432,3449,3450
4244,5,age,23871,23872,128,97,0.7578125,0.765625,0.76171875,True,False,True,0,0,3368,3360,3450,3450
4246,5,age,23873,23874,128,17,0.1328125,0.140625,0.13671875,True,False,True,0,0,1816,1808,1915,1915
4246,5,age,23873,23874,128,89,0.6953125,0.703125,0.69921875,False,True,True,0,0,1744,1744,1915,1916
4246,5,age,23873,23874,128,105,0.8203125,0.828125,0.82421875,True,False,True,0,0,1744,1736,1916,1916
4248,5,age,23934,23935,128,9,0.0703125,0.078125,0.07421875,True,False,True,0,0,3440,3432,3449,3449
4248,5,age,23934,23935,128,89,0.6953125,0.703125,0.69921875,False,True,True,0,0,3432,3432,3449,3450
4248,5,age,23934,23935,128,124,0.96875,0.9765625,0.97265625,True,False,True,0,0,3424,3360,3450,3450
4250,5,age,23936,23937,128,17,0.1328125,0.140625,0.13671875,True,False,True,0,0,1816,1808,1915,1915
4250,5,age,23936,23937,128,89,0.6953125,0.703125,0.69921875,False,True,True,0,0,1744,1744,1915,1916
4250,5,age,23936,23937,128,105,0.8203125,0.828125,0.82421875,True,False,True,0,0,1744,1736,1916,1916
4251,5,age,23990,23989,128,15,0.1171875,0.125,0.12109375,True,False,True,0,0,2216,2152,2105,2105
4251,5,age,23990,23989,128,38,0.296875,0.3046875,0.30078125,False,True,True,0,0,2152,2152,2105,2104
4251,5,age,23990,23989,128,118,0.921875,0.9296875,0.92578125,True,False,True,0,0,2160,2096,2104,2104
4256,5,age,23999,24000,128,17,0.1328125,0.140625,0.13671875,True,False,True,0,0,2200,2192,2107,2107
4256,5,age,23999,24000,128,89,0.6953125,0.703125,0.69921875,False,True,True,0,0,2128,2128,2107,2108
4256,5,age,23999,24000,128,105,0.8203125,0.828125,0.82421875,True,False,True,0,0,2128,2120,2108,2108
4258,5,age,24062,24063,128,17,0.1328125,0.140625,0.13671875,True,False,True,0,0,2200,2192,2171,2171
4258,5,age,24062,24063,128,89,0.6953125,0.703125,0.69921875,False,True,True,0,0,2128,2128,2171,2172
4258,5,age,24062,24063,128,105,0.8203125,0.828125,0.82421875,True,False,True,0,0,2128,2120,2172,2172
4260,5,age,24125,24126,128,17,0.1328125,0.140625,0.13671875,True,False,True,0,0,2200,2192,2235,2235
4260,5,age,24125,24126,128,89,0.6953125,0.703125,0.69921875,False,True,True,0,0,2128,2128,2235,2236
4260,5,age,24125,24126,128,105,0.8203125,0.828125,0.82421875,True,False,True,0,0,2128,2120,2236,2236
4262,5,age,24186,24187,128,9,0.0703125,0.078125,0.07421875,True,False,True,0,0,3824,3816,3833,3833
4262,5,age,24186,24187,128,89,0.6953125,0.703125,0.69921875,False,True,True,0,0,3816,3816,3833,3834
4262,5,age,24186,24187,128,97,0.7578125,0.765625,0.76171875,True,False,True,0,0,3752,3744,3834,3834
4264,5,age,24188,24189,128,17,0.1328125,0.140625,0.13671875,True,False,True,0,0,2200,2192,2299,2299
4264,5,age,24188,24189,128,89,0.6953125,0.703125,0.69921875,False,True,True,0,0,2128,2128,2299,2300
4264,5,age,24188,24189,128,105,0.8203125,0.828125,0.82421875,True,False,True,0,0,2128,2120,2300,2300
4266,5,age,24249,24250,128,9,0.0703125,0.078125,0.07421875,True,False,True,0,0,3824,3816,3833,3833
4266,5,age,24249,24250,128,89,0.6953125,0.703125,0.69921875,False,True,True,0,0,3816,3816,3833,3834
4266,5,age,24249,24250,128,124,0.96875,0.9765625,0.97265625,True,False,True,0,0,3808,3744,3834,3834
4268,5,age,24251,24252,128,17,0.1328125,0.140625,0.13671875,True,False,True,0,0,2200,2192,2299,2299
4268,5,age,24251,24252,128,89,0.6953125,0.703125,0.69921875,False,True,True,0,0,2128,2128,2299,2300
4268,5,age,24251,24252,128,105,0.8203125,0.828125,0.82421875,True,False,True,0,0,2128,2120,2300,2300
4269,5,age,24305,24304,128,15,0.1171875,0.125,0.12109375,True,False,True,0,0,2216,2152,2105,2105
4269,5,age,24305,24304,128,38,0.296875,0.3046875,0.30078125,False,True,True,0,0,2152,2152,2105,2104
4269,5,age,24305,24304,128,118,0.921875,0.9296875,0.92578125,True,False,True,0,0,2160,2096,2104,2104
4274,5,age,24314,24315,128,17,0.1328125,0.140625,0.13671875,True,False,True,0,0,2200,2192,2107,2107
4274,5,age,24314,24315,128,89,0.6953125,0.703125,0.69921875,False,True,True,0,0,2128,2128,2107,2108
4274,5,age,24314,24315,128,105,0.8203125,0.828125,0.82421875,True,False,True,0,0,2128,2120,2108,2108
4276,5,age,24377,24378,128,17,0.1328125,0.140625,0.13671875,True,False,True,0,0,2200,2192,2171,2171
4276,5,age,24377,24378,128,89,0.6953125,0.703125,0.69921875,False,True,True,0,0,2128,2128,2171,2172
4276,5,age,24377,24378,128,105,0.8203125,0.828125,0.82421875,True,False,True,0,0,2128,2120,2172,2172
4278,5,age,24440,24441,128,17,0.1328125,0.140625,0.13671875,True,False,True,0,0,2200,2192,2235,2235
4278,5,age,24440,24441,128,89,0.6953125,0.703125,0.69921875,False,True,True,0,0,2128,2128,2235,2236
4278,5,age,24440,24441,128,105,0.8203125,0.828125,0.82421875,True,False,True,0,0,2128,2120,2236,2236
4280,5,age,24501,24502,128,9,0.0703125,0.078125,0.07421875,True,False,True,0,0,3824,3816,3833,3833
4280,5,age,24501,24502,128,89,0.6953125,0.703125,0.69921875,False,True,True,0,0,3816,3816,3833,3834
4280,5,age,24501,24502,128,97,0.7578125,0.765625,0.76171875,True,False,True,0,0,3752,3744,3834,3834
4282,5,age,24503,24504,128,17,0.1328125,0.140625,0.13671875,True,False,True,0,0,2200,2192,2299,2299
4282,5,age,24503,24504,128,89,0.6953125,0.703125,0.69921875,False,True,True,0,0,2128,2128,2299,2300
4282,5,age,24503,24504,128,105,0.8203125,0.828125,0.82421875,True,False,True,0,0,2128,2120,2300,2300
4284,5,age,24564,24565,128,9,0.0703125,0.078125,0.07421875,True,False,True,0,0,3824,3816,3833,3833
4284,5,age,24564,24565,128,89,0.6953125,0.703125,0.69921875,False,True,True,0,0,3816,3816,3833,3834
4284,5,age,24564,24565,128,124,0.96875,0.9765625,0.97265625,True,False,True,0,0,3808,3744,3834,3834
4286,5,age,24566,24567,128,17,0.1328125,0.140625,0.13671875,True,False,True,0,0,2200,2192,2299,2299
4286,5,age,24566,24567,128,89,0.6953125,0.703125,0.69921875,False,True,True,0,0,2128,2128,2299,2300
4286,5,age,24566,24567,128,105,0.8203125,0.828125,0.82421875,True,False,True,0,0,2128,2120,2300,2300
4287,5,age,24620,24619,128,15,0.1171875,0.125,0.12109375,True,False,True,0,0,24104,24040,23993,23993
4287,5,age,24620,24619,128,38,0.296875,0.3046875,0.30078125,False,True,True,0,0,24040,24040,23993,23992
4287,5,age,24620,24619,128,118,0.921875,0.9296875,0.92578125,True,False,True,0,0,24048,23984,23992,23992
4292,5,age,24629,24630,128,17,0.1328125,0.140625,0.13671875,True,False,True,0,0,24088,24080,23995,23995
4292,5,age,24629,24630,128,89,0.6953125,0.703125,0.69921875,False,True,True,0,0,24016,24016,23995,23996
4292,5,age,24629,24630,128,105,0.8203125,0.828125,0.82421875,True,False,True,0,0,24016,24008,23996,23996
4294,5,age,24692,24693,128,17,0.1328125,0.140625,0.13671875,True,False,True,0,0,24088,24080,24059,24059
4294,5,age,24692,24693,128,89,0.6953125,0.703125,0.69921875,False,True,True,0,0,24016,24016,24059,24060
4294,5,age,24692,24693,128,105,0.8203125,0.828125,0.82421875,True,False,True,0,0,24016,24008,24060,24060
4296,5,age,24755,24756,128,17,0.1328125,0.140625,0.13671875,True,False,True,0,0,24088,24080,24123,24123
4296,5,age,24755,24756,128,89,0.6953125,0.703125,0.69921875,False,True,True,0,0,24016,24016,24123,24124
4296,5,age,24755,24756,128,105,0.8203125,0.828125,0.82421875,True,False,True,0,0,24016,24008,24124,24124
4298,5,age,24816,24817,128,9,0.0703125,0.078125,0.07421875,True,False,True,0,0,25712,25704,25721,25721
4298,5,age,24816,24817,128,89,0.6953125,0.703125,0.69921875,False,True,True,0,0,25704,25704,25721,25722
4298,5,age,24816,24817,128,97,0.7578125,0.765625,0.76171875,True,False,True,0,0,25640,25632,25722,25722
4300,5,age,24818,24819,128,17,0.1328125,0.140625,0.13671875,True,False,True,0,0,24088,24080,24187,24187
4300,5,age,24818,24819,128,89,0.6953125,0.703125,0.69921875,False,True,True,0,0,24016,24016,24187,24188
4300,5,age,24818,24819,128,105,0.8203125,0.828125,0.82421875,True,False,True,0,0,24016,24008,24188,24188
4302,5,age,24879,24880,128,9,0.0703125,0.078125,0.07421875,True,False,True,0,0,25712,25704,25721,25721
4302,5,age,24879,24880,128,89,0.6953125,0.703125,0.69921875,False,True,True,0,0,25704,25704,25721,25722
4302,5,age,24879,24880,128,124,0.96875,0.9765625,0.97265625,True,False,True,0,0,25696,25632,25722,25722
4304,5,age,24881,24882,128,17,0.1328125,0.140625,0.13671875,True,False,True,0,0,24088,24080,24187,24187
4304,5,age,24881,24882,128,89,0.6953125,0.703125,0.69921875,False,True,True,0,0,24016,24016,24187,24188
4304,5,age,24881,24882,128,105,0.8203125,0.828125,0.82421875,True,False,True,0,0,24016,24008,24188,24188
4305,5,age,24935,24934,128,15,0.1171875,0.125,0.12109375,True,False,True,0,0,24488,24424,24377,24377
4305,5,age,24935,24934,128,38,0.296875,0.3046875,0.30078125,False,True,True,0,0,24424,24424,24377,24376
4305,5,age,24935,24934,128,118,0.921875,0.9296875,0.92578125,True,False,True,0,0,24432,24368,24376,24376
4310,5,age,24944,24945,128,17,0.1328125,0.140625,0.13671875,True,False,True,0,0,24472,24464,24379,24379
4310,5,age,24944,24945,128,89,0.6953125,0.703125,0.69921875,False,True,True,0,0,24400,24400,24379,24380
4310,5,age,24944,24945,128,105,0.8203125,0.828125,0.82421875,True,False,True,0,0,24400,24392,24380,24380
4312,5,age,25007,25008,128,17,0.1328125,0.140625,0.13671875,True,False,True,0,0,24472,24464,24443,24443
4312,5,age,25007,25008,128,89,0.6953125,0.703125,0.69921875,False,True,True,0,0,24400,24400,24443,24444
4312,5,age,25007,25008,128,105,0.8203125,0.828125,0.82421875,True,False,True,0,0,24400,24392,24444,24444
4314,5,age,25070,25071,128,17,0.1328125,0.140625,0.13671875,True,False,True,0,0,24472,24464,24507,24507
4314,5,age,25070,25071,128,89,0.6953125,0.703125,0.69921875,False,True,True,0,0,24400,24400,24507,24508
4314,5,age,25070,25071,128,105,0.8203125,0.828125,0.82421875,True,False,True,0,0,24400,24392,24508,24508
4316,5,age,25131,25132,128,9,0.0703125,0.078125,0.07421875,True,False,True,0,0,26096,26088,26105,26105
4316,5,age,25131,25132,128,89,0.6953125,0.703125,0.69921875,False,True,True,0,0,26088,26088,26105,26106
4316,5,age,25131,25132,128,97,0.7578125,0.765625,0.76171875,True,False,True,0,0,26024,26016,26106,26106
4318,5,age,25133,25134,128,17,0.1328125,0.140625,0.13671875,True,False,True,0,0,24472,24464,24571,24571
4318,5,age,25133,25134,128,89,0.6953125,0.703125,0.69921875,False,True,True,0,0,24400,24400,24571,24572
4318,5,age,25133,25134,128,105,0.8203125,0.828125,0.82421875,True,False,True,0,0,24400,24392,24572,24572
4320,5,age,25194,25195,128,9,0.0703125,0.078125,0.07421875,True,False,True,0,0,26096,26088,26105,26105
4320,5,age,25194,25195,128,89,0.6953125,0.703125,0.69921875,False,True,True,0,0,26088,26088,26105,26106
4320,5,age,25194,25195,128,124,0.96875,0.9765625,0.97265625,True,False,True,0,0,26080,26016,26106,26106
4322,5,age,25196,25197,128,17,0.1328125,0.140625,0.13671875,True,False,True,0,0,24472,24464,24571,24571
4322,5,age,25196,25197,128,89,0.6953125,0.703125,0.69921875,False,True,True,0,0,24400,24400,24571,24572
4322,5,age,25196,25197,128,105,0.8203125,0.828125,0.82421875,True,False,True,0,0,24400,24392,24572,24572
4323,5,age,25250,25249,128,15,0.1171875,0.125,0.12109375,True,False,True,0,0,3368,3304,3257,3257
4323,5,age,25250,25249,128,38,0.296875,0.3046875,0.30078125,False,True,True,0,0,3304,3304,3257,3256
4323,5,age,25250,25249,128,118,0.921875,0.9296875,0.92578125,True,False,True,0,0,3312,3248,3256,3256
4328,5,age,25259,25260,128,17,0.1328125,0.140625,0.13671875,True,False,True,0,0,3352,3344,3259,3259
4328,5,age,25259,25260,128,89,0.6953125,0.703125,0.69921875,False,True,True,0,0,3280,3280,3259,3260
4328,5,age,25259,25260,128,105,0.8203125,0.828125,0.82421875,True,False,True,0,0,3280,3272,3260,3260
4330,5,age,25322,25323,128,17,0.1328125,0.140625,0.13671875,True,False,True,0,0,3352,3344,3323,3323
4330,5,age,25322,25323,128,89,0.6953125,0.703125,0.69921875,False,True,True,0,0,3280,3280,3323,3324
4330,5,age,25322,25323,128,105,0.8203125,0.828125,0.82421875,True,False,True,0,0,3280,3272,3324,3324
4332,5,age,25385,25386,128,17,0.1328125,0.140625,0.13671875,True,False,True,0,0,3352,3344,3387,3387
4332,5,age,25385,25386,128,89,0.6953125,0.703125,0.69921875,False,True,True,0,0,3280,3280,3387,3388
4332,5,age,25385,25386,128,105,0.8203125,0.828125,0.82421875,True,False,True,0,0,3280,3272,3388,3388
4334,5,age,25446,25447,128,9,0.0703125,0.078125,0.07421875,True,False,True,0,0,4976,4968,4985,4985
4334,5,age,25446,25447,128,89,0.6953125,0.703125,0.69921875,False,True,True,0,0,4968,4968,4985,4986
4334,5,age,25446,25447,128,97,0.7578125,0.765625,0.76171875,True,False,True,0,0,4904,4896,4986,4986
4336,5,age,25448,25449,128,17,0.1328125,0.140625,0.13671875,True,False,True,0,0,3352,3344,3451,3451
4336,5,age,25448,25449,128,89,0.6953125,0.703125,0.69921875,False,True,True,0,0,3280,3280,3451,3452
4336,5,age,25448,25449,128,105,0.8203125,0.828125,0.82421875,True,False,True,0,0,3280,3272,3452,3452
4338,5,age,25509,25510,128,9,0.0703125,0.078125,0.07421875,True,False,True,0,0,4976,4968,4985,4985
4338,5,age,25509,25510,128,89,0.6953125,0.703125,0.69921875,False,True,True,0,0,4968,4968,4985,4986
4338,5,age,25509,25510,128,124,0.96875,0.9765625,0.97265625,True,False,True,0,0,4960,4896,4986,4986
4340,5,age,25511,25512,128,17,0.1328125,0.140625,0.13671875,True,False,True,0,0,3352,3344,3451,3451
4340,5,age,25511,25512,128,89,0.6953125,0.703125,0.69921875,False,True,True,0,0,3280,3280,3451,3452
4340,5,age,25511,25512,128,105,0.8203125,0.828125,0.82421875,True,False,True,0,0,3280,3272,3452,3452
4341,5,age,25565,25564,128,15,0.1171875,0.125,0.12109375,True,False,True,0,0,3752,3688,3641,3641
4341,5,age,25565,25564,128,38,0.296875,0.3046875,0.30078125,False,True,True,0,0,3688,3688,3641,3640
4341,5,age,25565,25564,128,118,0.921875,0.9296875,0.92578125,True,False,True,0,0,3696,3632,3640,3640
4346,5,age,25574,25575,128,17,0.1328125,0.140625,0.13671875,True,False,True,0,0,3736,3728,3643,3643
4346,5,age,25574,25575,128,89,0.6953125,0.703125,0.69921875,False,True,True,0,0,3664,3664,3643,3644
4346,5,age,25574,25575,128,105,0.8203125,0.828125,0.82421875,True,False,True,0,0,3664,3656,3644,3644
4348,5,age,25637,25638,128,17,0.1328125,0.140625,0.13671875,True,False,True,0,0,3736,3728,3707,3707
4348,5,age,25637,25638,128,89,0.6953125,0.703125,0.69921875,False,True,True,0,0,3664,3664,3707,3708
4348,5,age,25637,25638,128,105,0.8203125,0.828125,0.82421875,True,False,True,0,0,3664,3656,3708,3708
4350,5,age,25700,25701,128,17,0.1328125,0.140625,0.13671875,True,False,True,0,0,3736,3728,3771,3771
4350,5,age,25700,25701,128,89,0.6953125,0.703125,0.69921875,False,True,True,0,0,3664,3664,3771,3772
4350,5,age,25700,25701,128,105,0.8203125,0.828125,0.82421875,True,False,True,0,0,3664,3656,3772,3772
4352,5,age,25761,25762,128,9,0.0703125,0.078125,0.07421875,True,False,True,0,0,5360,5352,5369,5369
4352,5,age,25761,25762,128,89,0.6953125,0.703125,0.69921875,False,True,True,0,0,5352,5352,5369,5370
4352,5,age,25761,25762,128,97,0.7578125,0.765625,0.76171875,True,False,True,0,0,5288,5280,5370,5370
4354,5,age,25763,25764,128,17,0.1328125,0.140625,0.13671875,True,False,True,0,0,3736,3728,3835,3835
4354,5,age,25763,25764,128,89,0.6953125,0.703125,0.69921875,False,True,True,0,0,3664,3664,3835,3836
4354,5,age,25763,25764,128,105,0.8203125,0.828125,0.82421875,True,False,True,0,0,3664,3656,3836,3836
4356,5,age,25824,25825,128,9,0.0703125,0.078125,0.07421875,True,False,True,0,0,5360,5352,5369,5369
4356,5,age,25824,25825,128,89,0.6953125,0.703125,0.69921875,False,True,True,0,0,5352,5352,5369,5370
4356,5,age,25824,25825,128,124,0.96875,0.9765625,0.97265625,True,False,True,0,0,5344,5280,5370,5370
4358,5,age,25826,25827,128,17,0.1328125,0.140625,0.13671875,True,False,True,0,0,3736,3728,3835,3835
4358,5,age,25826,25827,128,89,0.6953125,0.703125,0.69921875,False,True,True,0,0,3664,3664,3835,3836
4358,5,age,25826,25827,128,105,0.8203125,0.828125,0.82421875,True,False,True,0,0,3664,3656,3836,3836
4359,5,age,25880,25879,128,15,0.1171875,0.125,0.12109375,True,False,True,0,0,3752,3688,3641,3641
4359,5,age,25880,25879,128,38,0.296875,0.3046875,0.30078125,False,True,True,0,0,3688,3688,3641,3640
4359,5,age,25880,25879,128,118,0.921875,0.9296875,0.92578125,True,False,True,0,0,3696,3632,3640,3640
4364,5,age,25889,25890,128,17,0.1328125,0.140625,0.13671875,True,False,True,0,0,3736,3728,3643,3643
4364,5,age,25889,25890,128,89,0.6953125,0.703125,0.69921875,False,True,True,0,0,3664,3664,3643,3644
4364,5,age,25889,25890,128,105,0.8203125,0.828125,0.82421875,True,False,True,0,0,3664,3656,3644,3644
4366,5,age,25952,25953,128,17,0.1328125,0.140625,0.13671875,True,False,True,0,0,3736,3728,3707,3707
4366,5,age,25952,25953,128,89,0.6953125,0.703125,0.69921875,False,True,True,0,0,3664,3664,3707,3708
4366,5,age,25952,25953,128,105,0.8203125,0.828125,0.82421875,True,False,True,0,0,3664,3656,3708,3708
4368,5,age,26015,26016,128,17,0.1328125,0.140625,0.13671875,True,False,True,0,0,3736,3728,3771,3771
4368,5,age,26015,26016,128,89,0.6953125,0.703125,0.69921875,False,True,True,0,0,3664,3664,3771,3772
4368,5,age,26015,26016,128,105,0.8203125,0.828125,0.82421875,True,False,True,0,0,3664,3656,3772,3772
4370,5,age,26076,26077,128,9,0.0703125,0.078125,0.07421875,True,False,True,0,0,5360,5352,5369,5369
4370,5,age,26076,26077,128,89,0.6953125,0.703125,0.69921875,False,True,True,0,0,5352,5352,5369,5370
4370,5,age,26076,26077,128,97,0.7578125,0.765625,0.76171875,True,False,True,0,0,5288,5280,5370,5370
4372,5,age,26078,26079,128,17,0.1328125,0.140625,0.13671875,True,False,True,0,0,3736,3728,3835,3835
4372,5,age,26078,26079,128,89,0.6953125,0.703125,0.69921875,False,True,True,0,0,3664,3664,3835,3836
4372,5,age,26078,26079,128,105,0.8203125,0.828125,0.82421875,True,False,True,0,0,3664,3656,3836,3836
4374,5,age,26139,26140,128,9,0.0703125,0.078125,0.07421875,True,False,True,0,0,5360,5352,5369,5369
4374,5,age,26139,26140,128,89,0.6953125,0.703125,0.69921875,False,True,True,0,0,5352,5352,5369,5370
4374,5,age,26139,26140,128,124,0.96875,0.9765625,0.97265625,True,False,True,0,0,5344,5280,5370,5370
4376,5,age,26141,26142,128,17,0.1328125,0.140625,0.13671875,True,False,True,0,0,3736,3728,3835,3835
4376,5,age,26141,26142,128,89,0.6953125,0.703125,0.69921875,False,True,True,0,0,3664,3664,3835,3836
4376,5,age,26141,26142,128,105,0.8203125,0.828125,0.82421875,True,False,True,0,0,3664,3656,3836,3836
4377,5,age,26195,26194,128,15,0.1171875,0.125,0.12109375,True,False,True,0,0,25640,25576,25529,25529
4377,5,age,26195,26194,128,38,0.296875,0.3046875,0.30078125,False,True,True,0,0,25576,25576,25529,25528
4377,5,age,26195,26194,128,118,0.921875,0.9296875,0.92578125,True,False,True,0,0,25584,25520,25528,25528
4382,5,age,26204,26205,128,17,0.1328125,0.140625,0.13671875,True,False,True,0,0,25624,25616,25531,25531
4382,5,age,26204,26205,128,89,0.6953125,0.703125,0.69921875,False,True,True,0,0,25552,25552,25531,25532
4382,5,age,26204,26205,128,105,0.8203125,0.828125,0.82421875,True,False,True,0,0,25552,25544,25532,25532
4384,5,age,26267,26268,128,17,0.1328125,0.140625,0.13671875,True,False,True,0,0,25624,25616,25595,25595
4384,5,age,26267,26268,128,89,0.6953125,0.703125,0.69921875,False,True,True,0,0,25552,25552,25595,25596
4384,5,age,26267,26268,128,105,0.8203125,0.828125,0.82421875,True,False,True,0,0,25552,25544,25596,25596
4386,5,age,26330,26331,128,17,0.1328125,0.140625,0.13671875,True,False,True,0,0,25624,25616,25659,25659
4386,5,age,26330,26331,128,89,0.6953125,0.703125,0.69921875,False,True,True,0,0,25552,25552,25659,25660
4386,5,age,26330,26331,128,105,0.8203125,0.828125,0.82421875,True,False,True,0,0,25552,25544,25660,25660
4388,5,age,26391,26392,128,9,0.0703125,0.078125,0.07421875,True,False,True,0,0,27248,27240,27257,27257
4388,5,age,26391,26392,128,89,0.6953125,0.703125,0.69921875,False,True,True,0,0,27240,27240,27257,27258
4388,5,age,26391,26392,128,97,0.7578125,0.765625,0.76171875,True,False,True,0,0,27176,27168,27258,27258
4390,5,age,26393,26394,128,17,0.1328125,0.140625,0.13671875,True,False,True,0,0,25624,25616,25723,25723
4390,5,age,26393,26394,128,89,0.6953125,0.703125,0.69921875,False,True,True,0,0,25552,25552,25723,25724
4390,5,age,26393,26394,128,105,0.8203125,0.828125,0.82421875,True,False,True,0,0,25552,25544,25724,25724
4392,5,age,26454,26455,128,9,0.0703125,0.078125,0.07421875,True,False,True,0,0,27248,27240,27257,27257
4392,5,age,26454,26455,128,89,0.6953125,0.703125,0.69921875,False,True,True,0,0,27240,27240,27257,27258
4392,5,age,26454,26455,128,124,0.96875,0.9765625,0.97265625,True,False,True,0,0,27232,27168,27258,27258
4394,5,age,26456,26457,128,17,0.1328125,0.140625,0.13671875,True,False,True,0,0,25624,25616,25723,25723
4394,5,age,26456,26457,128,89,0.6953125,0.703125,0.69921875,False,True,True,0,0,25552,25552,25723,25724
4394,5,age,26456,26457,128,105,0.8203125,0.828125,0.82421875,True,False,True,0,0,25552,25544,25724,25724
4395,5,age,26510,26509,128,15,0.1171875,0.125,0.12109375,True,False,True,0,0,26024,25960,25913,25913
4395,5,age,26510,26509,128,38,0.296875,0.3046875,0.30078125,False,True,True,0,0,25960,25960,25913,25912
4395,5,age,26510,26509,128,118,0.921875,0.9296875,0.92578125,True,False,True,0,0,25968,25904,25912,25912
4400,5,age,26519,26520,128,17,0.1328125,0.140625,0.13671875,True,False,True,0,0,26008,26000,25915,25915
4400,5,age,26519,26520,128,89,0.6953125,0.703125,0.69921875,False,True,True,0,0,25936,25936,25915,25916
4400,5,age,26519,26520,128,105,0.8203125,0.828125,0.82421875,True,False,True,0,0,25936,25928,25916,25916
4402,5,age,26582,26583,128,17,0.1328125,0.140625,0.13671875,True,False,True,0,0,26008,26000,25979,25979
4402,5,age,26582,26583,128,89,0.6953125,0.703125,0.69921875,False,True,True,0,0,25936,25936,25979,25980
4402,5,age,26582,26583,128,105,0.8203125,0.828125,0.82421875,True,False,True,0,0,25936,25928,25980,25980
4404,5,age,26645,26646,128,17,0.1328125,0.140625,0.13671875,True,False,True,0,0,26008,26000,26043,26043
4404,5,age,26645,26646,128,89,0.6953125,0.703125,0.69921875,False,True,True,0,0,25936,25936,26043,26044
4404,5,age,26645,26646,128,105,0.8203125,0.828125,0.82421875,True,False,True,0,0,25936,25928,26044,26044
4406,5,age,26706,26707,128,9,0.0703125,0.078125,0.07421875,True,False,True,0,0,27632,27624,27641,27641
4406,5,age,26706,26707,128,89,0.6953125,0.703125,0.69921875,False,True,True,0,0,27624,27624,27641,27642
4406,5,age,26706,26707,128,97,0.7578125,0.765625,0.76171875,True,False,True,0,0,27560,27552,27642,27642
4408,5,age,26708,26709,128,17,0.1328125,0.140625,0.13671875,True,False,True,0,0,26008,26000,26107,26107
4408,5,age,26708,26709,128,89,0.6953125,0.703125,0.69921875,False,True,True,0,0,25936,25936,26107,26108
4408,5,age,26708,26709,128,105,0.8203125,0.828125,0.82421875,True,False,True,0,0,25936,25928,26108,26108
4410,5,age,26769,26770,128,9,0.0703125,0.078125,0.07421875,True,False,True,0,0,27632,27624,27641,27641
4410,5,age,26769,26770,128,89,0.6953125,0.703125,0.69921875,False,True,True,0,0,27624,27624,27641,27642
4410,5,age,26769,26770,128,124,0.96875,0.9765625,0.97265625,True,False,True,0,0,27616,27552,27642,27642
4412,5,age,26771,26772,128,17,0.1328125,0.140625,0.13671875,True,False,True,0,0,26008,26000,26107,26107
4412,5,age,26771,26772,128,89,0.6953125,0.703125,0.69921875,False,True,True,0,0,25936,25936,26107,26108
4412,5,age,26771,26772,128,105,0.8203125,0.828125,0.82421875,True,False,True,0,0,25936,25928,26108,26108
4413,5,age,26825,26824,128,15,0.1171875,0.125,0.12109375,True,False,True,0,0,4904,4840,4793,4793
4413,5,age,26825,26824,128,38,0.296875,0.3046875,0.30078125,False,True,True,0,0,4840,4840,4793,4792
4413,5,age,26825,26824,128,118,0.921875,0.9296875,0.92578125,True,False,True,0,0,4848,4784,4792,4792
4418,5,age,26834,26835,128,17,0.1328125,0.140625,0.13671875,True,False,True,0,0,4888,4880,4795,4795
4418,5,age,26834,26835,128,89,0.6953125,0.703125,0.69921875,False,True,True,0,0,4816,4816,4795,4796
4418,5,age,26834,26835,128,105,0.8203125,0.828125,0.82421875,True,False,True,0,0,4816,4808,4796,4796
4420,5,age,26897,26898,128,17,0.1328125,0.140625,0.13671875,True,False,True,0,0,4888,4880,4859,4859
4420,5,age,26897,26898,128,89,0.6953125,0.703125,0.69921875,False,True,True,0,0,4816,4816,4859,4860
4420,5,age,26897,26898,128,105,0.8203125,0.828125,0.82421875,True,False,True,0,0,4816,4808,4860,4860
4422,5,age,26960,26961,128,17,0.1328125,0.140625,0.13671875,True,False,True,0,0,4888,4880,4923,4923
4422,5,age,26960,26961,128,89,0.6953125,0.703125,0.69921875,False,True,True,0,0,4816,4816,4923,4924
4422,5,age,26960,26961,128,105,0.8203125,0.828125,0.82421875,True,False,True,0,0,4816,4808,4924,4924
4424,5,age,27023,27024,128,17,0.1328125,0.140625,0.13671875,True,False,True,0,0,4888,4880,4987,4987
4424,5,age,27023,27024,128,89,0.6953125,0.703125,0.69921875,False,True,True,0,0,4816,4816,4987,4988
4424,5,age,27023,27024,128,105,0.8203125,0.828125,0.82421875,True,False,True,0,0,4816,4808,4988,4988
4426,5,age,27086,27087,128,17,0.1328125,0.140625,0.13671875,True,False,True,0,0,4888,4880,4987,4987
4426,5,age,27086,27087,128,89,0.6953125,0.703125,0.69921875,False,True,True,0,0,4816,4816,4987,4988
4426,5,age,27086,27087,128,105,0.8203125,0.828125,0.82421875,True,False,True,0,0,4816,4808,4988,4988
4427,5,age,27140,27139,128,15,0.1171875,0.125,0.12109375,True,False,True,0,0,5288,5224,5177,5177
4427,5,age,27140,27139,128,38,0.296875,0.3046875,0.30078125,False,True,True,0,0,5224,5224,5177,5176
4427,5,age,27140,27139,128,118,0.921875,0.9296875,0.92578125,True,False,True,0,0,5232,5168,5176,5176
4432,5,age,27149,27150,128,17,0.1328125,0.140625,0.13671875,True,False,True,0,0,5272,5264,5179,5179
4432,5,age,27149,27150,128,89,0.6953125,0.703125,0.69921875,False,True,True,0,0,5200,5200,5179,5180
4432,5,age,27149,27150,128,105,0.8203125,0.828125,0.82421875,True,False,True,0,0,5200,5192,5180,5180
4434,5,age,27212,27213,128,17,0.1328125,0.140625,0.13671875,True,False,True,0,0,5272,5264,5243,5243
4434,5,age,27212,27213,128,89,0.6953125,0.703125,0.69921875,False,True,True,0,0,5200,5200,5243,5244
4434,5,age,27212,27213,128,105,0.8203125,0.828125,0.82421875,True,False,True,0,0,5200,5192,5244,5244
4436,5,age,27275,27276,128,17,0.1328125,0.140625,0.13671875,True,False,True,0,0,5272,5264,5307,5307
4436,5,age,27275,27276,128,89,0.6953125,0.703125,0.69921875,False,True,True,0,0,5200,5200,5307,5308
4436,5,age,27275,27276,128,105,0.8203125,0.828125,0.82421875,True,False,True,0,0,5200,5192,5308,5308
4438,5,age,27338,27339,128,17,0.1328125,0.140625,0.13671875,True,False,True,0,0,5272,5264,5371,5371
4438,5,age,27338,27339,128,89,0.6953125,0.703125,0.69921875,False,True,True,0,0,5200,5200,5371,5372
4438,5,age,27338,27339,128,105,0.8203125,0.828125,0.82421875,True,False,True,0,0,5200,5192,5372,5372
4440,5,age,27401,27402,128,17,0.1328125,0.140625,0.13671875,True,False,True,0,0,5272,5264,5371,5371
4440,5,age,27401,27402,128,89,0.6953125,0.703125,0.69921875,False,True,True,0,0,5200,5200,5371,5372
4440,5,age,27401,27402,128,105,0.8203125,0.828125,0.82421875,True,False,True,0,0,5200,5192,5372,5372
4441,5,age,27455,27454,128,15,0.1171875,0.125,0.12109375,True,False,True,0,0,5288,5224,5177,5177
4441,5,age,27455,27454,128,38,0.296875,0.3046875,0.30078125,False,True,True,0,0,5224,5224,5177,5176
4441,5,age,27455,27454,128,118,0.921875,0.9296875,0.92578125,True,False,True,0,0,5232,5168,5176,5176
4446,5,age,27464,27465,128,17,0.1328125,0.140625,0.13671875,True,False,True,0,0,5272,5264,5179,5179
4446,5,age,27464,27465,128,89,0.6953125,0.703125,0.69921875,False,True,True,0,0,5200,5200,5179,5180
4446,5,age,27464,27465,128,105,0.8203125,0.828125,0.82421875,True,False,True,0,0,5200,5192,5180,5180
4448,5,age,27527,27528,128,17,0.1328125,0.140625,0.13671875,True,False,True,0,0,5272,5264,5243,5243
4448,5,age,27527,27528,128,89,0.6953125,0.703125,0.69921875,False,True,True,0,0,5200,5200,5243,5244
4448,5,age,27527,27528,128,105,0.8203125,0.828125,0.82421875,True,False,True,0,0,5200,5192,5244,5244
4450,5,age,27590,27591,128,17,0.1328125,0.140625,0.13671875,True,False,True,0,0,5272,5264,5307,5307
4450,5,age,27590,27591,128,89,0.6953125,0.703125,0.69921875,False,True,True,0,0,5200,5200,5307,5308
4450,5,age,27590,27591,128,105,0.8203125,0.828125,0.82421875,True,False,True,0,0,5200,5192,5308,5308
4452,5,age,27653,27654,128,17,0.1328125,0.140625,0.13671875,True,False,True,0,0,5272,5264,5371,5371
4452,5,age,27653,27654,128,89,0.6953125,0.703125,0.69921875,False,True,True,0,0,5200,5200,5371,5372
4452,5,age,27653,27654,128,105,0.8203125,0.828125,0.82421875,True,False,True,0,0,5200,5192,5372,5372
4454,5,age,27716,27717,128,17,0.1328125,0.140625,0.13671875,True,False,True,0,0,5272,5264,5371,5371
4454,5,age,27716,27717,128,89,0.6953125,0.703125,0.69921875,False,True,True,0,0,5200,5200,5371,5372
4454,5,age,27716,27717,128,105,0.8203125,0.828125,0.82421875,True,False,True,0,0,5200,5192,5372,5372
4455,5,age,27770,27769,128,15,0.1171875,0.125,0.12109375,True,False,True,0,0,27176,27112,27065,27065
4455,5,age,27770,27769,128,38,0.296875,0.3046875,0.30078125,False,True,True,0,0,27112,27112,27065,27064
4455,5,age,27770,27769,128,118,0.921875,0.9296875,0.92578125,True,False,True,0,0,27120,27056,27064,27064
4460,5,age,27779,27780,128,17,0.1328125,0.140625,0.13671875,True,False,True,0,0,27160,27152,27067,27067
4460,5,age,27779,27780,128,89,0.6953125,0.703125,0.69921875,False,True,True,0,0,27088,27088,27067,27068
4460,5,age,27779,27780,128,105,0.8203125,0.828125,0.82421875,True,False,True,0,0,27088,27080,27068,27068
4462,5,age,27842,27843,128,17,0.1328125,0.140625,0.13671875,True,False,True,0,0,27160,27152,27131,27131
4462,5,age,27842,27843,128,89,0.6953125,0.703125,0.69921875,False,True,True,0,0,27088,27088,27131,27132
4462,5,age,27842,27843,128,105,0.8203125,0.828125,0.82421875,True,False,True,0,0,27088,27080,27132,27132
4464,5,age,27905,27906,128,17,0.1328125,0.140625,0.13671875,True,False,True,0,0,27160,27152,27195,27195
4464,5,age,27905,27906,128,89,0.6953125,0.703125,0.69921875,False,True,True,0,0,27088,27088,27195,27196
4464,5,age,27905,27906,128,105,0.8203125,0.828125,0.82421875,True,False,True,0,0,27088,27080,27196,27196
4466,5,age,27966,27967,128,9,0.0703125,0.078125,0.07421875,True,False,True,0,0,28784,28776,28793,28793
4466,5,age,27966,27967,128,89,0.6953125,0.703125,0.69921875,False,True,True,0,0,28776,28776,28793,28794
4466,5,age,27966,27967,128,97,0.7578125,0.765625,0.76171875,True,False,True,0,0,28712,28704,28794,28794
4468,5,age,27968,27969,128,17,0.1328125,0.140625,0.13671875,True,False,True,0,0,27160,27152,27259,27259
4468,5,age,27968,27969,128,89,0.6953125,0.703125,0.69921875,False,True,True,0,0,27088,27088,27259,27260
4468,5,age,27968,27969,128,105,0.8203125,0.828125,0.82421875,True,False,True,0,0,27088,27080,27260,27260
4470,5,age,28029,28030,128,9,0.0703125,0.078125,0.07421875,True,False,True,0,0,28784,28776,28793,28793
4470,5,age,28029,28030,128,89,0.6953125,0.703125,0.69921875,False,True,True,0,0,28776,28776,28793,28794
4470,5,age,28029,28030,128,124,0.96875,0.9765625,0.97265625,True,False,True,0,0,28768,28704,28794,28794
4472,5,age,28031,28032,128,17,0.1328125,0.140625,0.13671875,True,False,True,0,0,27160,27152,27259,27259
4472,5,age,28031,28032,128,89,0.6953125,0.703125,0.69921875,False,True,True,0,0,27088,27088,27259,27260
4472,5,age,28031,28032,128,105,0.8203125,0.828125,0.82421875,True,False,True,0,0,27088,27080,27260,27260
4473,5,age,28085,28084,128,15,0.1171875,0.125,0.12109375,True,False,True,0,0,27560,27496,27449,27449
4473,5,age,28085,28084,128,38,0.296875,0.3046875,0.30078125,False,True,True,0,0,27496,27496,27449,27448
4473,5,age,28085,28084,128,118,0.921875,0.9296875,0.92578125,True,False,True,0,0,27504,27440,27448,27448
4478,5,age,28094,28095,128,17,0.1328125,0.140625,0.13671875,True,False,True,0,0,27544,27536,27451,27451
4478,5,age,28094,28095,128,89,0.6953125,0.703125,0.69921875,False,True,True,0,0,27472,27472,27451,27452
4478,5,age,28094,28095,128,105,0.8203125,0.828125,0.82421875,True,False,True,0,0,27472,27464,27452,27452
4480,5,age,28157,28158,128,17,0.1328125,0.140625,0.13671875,True,False,True,0,0,27544,27536,27515,27515
4480,5,age,28157,28158,128,89,0.6953125,0.703125,0.69921875,False,True,True,0,0,27472,27472,27515,27516
4480,5,age,28157,28158,128,105,0.8203125,0.828125,0.82421875,True,False,True,0,0,27472,27464,27516,27516
4482,5,age,28220,28221,128,17,0.1328125,0.140625,0.13671875,True,False,True,0,0,27544,27536,27579,27579
4482,5,age,28220,28221,128,89,0.6953125,0.703125,0.69921875,False,True,True,0,0,27472,27472,27579,27580
4482,5,age,28220,28221,128,105,0.8203125,0.828125,0.82421875,True,False,True,0,0,27472,27464,27580,27580
4484,5,age,28281,28282,128,9,0.0703125,0.078125,0.07421875,True,False,True,0,0,29168,29160,29177,29177
4484,5,age,28281,28282,128,89,0.6953125,0.703125,0.69921875,False,True,True,0,0,29160,29160,29177,29178
4484,5,age,28281,28282,128,97,0.7578125,0.765625,0.76171875,True,False,True,0,0,29096,29088,29178,29178
4486,5,age,28283,28284,128,17,0.1328125,0.140625,0.13671875,True,False,True,0,0,27544,27536,27643,27643
4486,5,age,28283,28284,128,89,0.6953125,0.703125,0.69921875,False,True,True,0,0,27472,27472,27643,27644
4486,5,age,28283,28284,128,105,0.8203125,0.828125,0.82421875,True,False,True,0,0,27472,27464,27644,27644
4488,5,age,28344,28345,128,9,0.0703125,0.078125,0.07421875,True,False,True,0,0,29168,29160,29177,29177
4488,5,age,28344,28345,128,89,0.6953125,0.703125,0.69921875,False,True,True,0,0,29160,29160,29177,29178
4488,5,age,28344,28345,128,124,0.96875,0.9765625,0.97265625,True,False,True,0,0,29152,29088,29178,29178
4490,5,age,28346,28347,128,17,0.1328125,0.140625,0.13671875,True,False,True,0,0,27544,27536,27643,27643
4490,5,age,28346,28347,128,89,0.6953125,0.703125,0.69921875,False,True,True,0,0,27472,27472,27643,27644
4490,5,age,28346,28347,128,105,0.8203125,0.828125,0.82421875,True,False,True,0,0,27472,27464,27644,27644
4491,5,age,29345,29344,128,15,0.1171875,0.125,0.12109375,True,False,True,0,0,28712,28648,28601,28601
4491,5,age,29345,29344,128,38,0.296875,0.3046875,0.30078125,False,True,True,0,0,28648,28648,28601,28600
4491,5,age,29345,29344,128,118,0.921875,0.9296875,0.92578125,True,False,True,0,0,28656,28592,28600,28600
4496,5,age,29354,29355,128,17,0.1328125,0.140625,0.13671875,True,False,True,0,0,28696,28688,28603,28603
4496,5,age,29354,29355,128,89,0.6953125,0.703125,0.69921875,False,True,True,0,0,28624,28624,28603,28604
4496,5,age,29354,29355,128,105,0.8203125,0.828125,0.82421875,True,False,True,0,0,28624,28616,28604,28604
4498,5,age,29417,29418,128,17,0.1328125,0.140625,0.13671875,True,False,True,0,0,28696,28688,28667,28667
4498,5,age,29417,29418,128,89,0.6953125,0.703125,0.69921875,False,True,True,0,0,28624,28624,28667,28668
4498,5,age,29417,29418,128,105,0.8203125,0.828125,0.82421875,True,False,True,0,0,28624,28616,28668,28668
4500,5,age,29480,29481,128,17,0.1328125,0.140625,0.13671875,True,False,True,0,0,28696,28688,28731,28731
4500,5,age,29480,29481,128,89,0.6953125,0.703125,0.69921875,False,True,True,0,0,28624,28624,28731,28732
4500,5,age,29480,29481,128,105,0.8203125,0.828125,0.82421875,True,False,True,0,0,28624,28616,28732,28732
4502,5,age,29541,29542,128,9,0.0703125,0.078125,0.07421875,True,False,True,0,0,30320,30312,30329,30329
4502,5,age,29541,29542,128,89,0.6953125,0.703125,0.69921875,False,True,True,0,0,30312,30312,30329,30330
4502,5,age,29541,29542,128,97,0.7578125,0.765625,0.76171875,True,False,True,0,0,30248,30240,30330,30330
4504,5,age,29543,29544,128,17,0.1328125,0.140625,0.13671875,True,False,True,0,0,28696,28688,28795,28795
4504,5,age,29543,29544,128,89,0.6953125,0.703125,0.69921875,False,True,True,0,0,28624,28624,28795,28796
4504,5,age,29543,29544,128,105,0.8203125,0.828125,0.82421875,True,False,True,0,0,28624,28616,28796,28796
4506,5,age,29604,29605,128,9,0.0703125,0.078125,0.07421875,True,False,True,0,0,30320,30312,30329,30329
4506,5,age,29604,29605,128,89,0.6953125,0.703125,0.69921875,False,True,True,0,0,30312,30312,30329,30330
4506,5,age,29604,29605,128,124,0.96875,0.9765625,0.97265625,True,False,True,0,0,30304,30240,30330,30330
4508,5,age,29606,29607,128,17,0.1328125,0.140625,0.13671875,True,False,True,0,0,28696,28688,28795,28795
4508,5,age,29606,29607,128,89,0.6953125,0.703125,0.69921875,False,True,True,0,0,28624,28624,28795,28796
4508,5,age,29606,29607,128,105,0.8203125,0.828125,0.82421875,True,False,True,0,0,28624,28616,28796,28796
4509,5,age,29660,29659,128,15,0.1171875,0.125,0.12109375,True,False,True,0,0,29096,29032,28985,28985
4509,5,age,29660,29659,128,38,0.296875,0.3046875,0.30078125,False,True,True,0,0,29032,29032,28985,28984
4509,5,age,29660,29659,128,118,0.921875,0.9296875,0.92578125,True,False,True,0,0,29040,28976,28984,28984
4514,5,age,29669,29670,128,17,0.1328125,0.140625,0.13671875,True,False,True,0,0,29080,29072,28987,28987
4514,5,age,29669,29670,128,89,0.6953125,0.703125,0.69921875,False,True,True,0,0,29008,29008,28987,28988
4514,5,age,29669,29670,128,105,0.8203125,0.828125,0.82421875,True,False,True,0,0,29008,29000,28988,28988
4516,5,age,29732,29733,128,17,0.1328125,0.140625,0.13671875,True,False,True,0,0,29080,29072,29051,29051
4516,5,age,29732,29733,128,89,0.6953125,0.703125,0.69921875,False,True,True,0,0,29008,29008,29051,29052
4516,5,age,29732,29733,128,105,0.8203125,0.828125,0.82421875,True,False,True,0,0,29008,29000,29052,29052
4518,5,age,29795,29796,128,17,0.1328125,0.140625,0.13671875,True,False,True,0,0,29080,29072,29115,29115
4518,5,age,29795,29796,128,89,0.6953125,0.703125,0.69921875,False,True,True,0,0,29008,29008,29115,29116
4518,5,age,29795,29796,128,105,0.8203125,0.828125,0.82421875,True,False,True,0,0,29008,29000,29116,29116
4520,5,age,29856,29857,128,9,0.0703125,0.078125,0.07421875,True,False,True,0,0,30704,30696,30713,30713
4520,5,age,29856,29857,128,89,0.6953125,0.703125,0.69921875,False,True,True,0,0,30696,30696,30713,30714
4520,5,age,29856,29857,128,97,0.7578125,0.765625,0.76171875,True,False,True,0,0,30632,30624,30714,30714
4522,5,age,29858,29859,128,17,0.1328125,0.140625,0.13671875,True,False,True,0,0,29080,29072,29179,29179
4522,5,age,29858,29859,128,89,0.6953125,0.703125,0.69921875,False,True,True,0,0,29008,29008,29179,29180
4522,5,age,29858,29859,128,105,0.8203125,0.828125,0.82421875,True,False,True,0,0,29008,29000,29180,29180
4524,5,age,29919,29920,128,9,0.0703125,0.078125,0.07421875,True,False,True,0,0,30704,30696,30713,30713
4524,5,age,29919,29920,128,89,0.6953125,0.703125,0.69921875,False,True,True,0,0,30696,30696,30713,30714
4524,5,age,29919,29920,128,124,0.96875,0.9765625,0.97265625,True,False,True,0,0,30688,30624,30714,30714
4526,5,age,29921,29922,128,17,0.1328125,0.140625,0.13671875,True,False,True,0,0,29080,29072,29179,29179
4526,5,age,29921,29922,128,89,0.6953125,0.703125,0.69921875,False,True,True,0,0,29008,29008,29179,29180
4526,5,age,29921,29922,128,105,0.8203125,0.828125,0.82421875,True,False,True,0,0,29008,29000,29180,29180
4527,5,age,30920,30919,128,15,0.1171875,0.125,0.12109375,True,False,True,0,0,30248,30184,30137,30137
4527,5,age,30920,30919,128,38,0.296875,0.3046875,0.30078125,False,True,True,0,0,30184,30184,30137,30136
4527,5,age,30920,30919,128,118,0.921875,0.9296875,0.92578125,True,False,True,0,0,30192,30128,30136,30136
4532,5,age,30929,30930,128,17,0.1328125,0.140625,0.13671875,True,False,True,0,0,30232,30224,30139,30139
4532,5,age,30929,30930,128,89,0.6953125,0.703125,0.69921875,False,True,True,0,0,30160,30160,30139,30140
4532,5,age,30929,30930,128,105,0.8203125,0.828125,0.82421875,True,False,True,0,0,30160,30152,30140,30140
4534,5,age,30992,30993,128,17,0.1328125,0.140625,0.13671875,True,False,True,0,0,30232,30224,30203,30203
4534,5,age,30992,30993,128,89,0.6953125,0.703125,0.69921875,False,True,True,0,0,30160,30160,30203,30204
4534,5,age,30992,30993,128,105,0.8203125,0.828125,0.82421875,True,False,True,0,0,30160,30152,30204,30204
4536,5,age,31055,31056,128,17,0.1328125,0.140625,0.13671875,True,False,True,0,0,30232,30224,30267,30267
4536,5,age,31055,31056,128,89,0.6953125,0.703125,0.69921875,False,True,True,0,0,30160,30160,30267,30268
4536,5,age,31055,31056,128,105,0.8203125,0.828125,0.82421875,True,False,True,0,0,30160,30152,30268,30268
4538,5,age,31118,31119,128,17,0.1328125,0.140625,0.13671875,True,False,True,0,0,30232,30224,30331,30331
4538,5,age,31118,31119,128,89,0.6953125,0.703125,0.69921875,False,True,True,0,0,30160,30160,30331,30332
4538,5,age,31118,31119,128,105,0.8203125,0.828125,0.82421875,True,False,True,0,0,30160,30152,30332,30332
4540,5,age,31181,31182,128,17,0.1328125,0.140625,0.13671875,True,False,True,0,0,30232,30224,30331,30331
4540,5,age,31181,31182,128,89,0.6953125,0.703125,0.69921875,False,True,True,0,0,30160,30160,30331,30332
4540,5,age,31181,31182,128,105,0.8203125,0.828125,0.82421875,True,False,True,0,0,30160,30152,30332,30332
4541,5,age,31235,31234,128,15,0.1171875,0.125,0.12109375,True,False,True,0,0,30632,30568,30521,30521
4541,5,age,31235,31234,128,38,0.296875,0.3046875,0.30078125,False,True,True,0,0,30568,30568,30521,30520
4541,5,age,31235,31234,128,118,0.921875,0.9296875,0.92578125,True,False,True,0,0,30576,30512,30520,30520
4546,5,age,31244,31245,128,17,0.1328125,0.140625,0.13671875,True,False,True,0,0,30616,30608,30523,30523
4546,5,age,31244,31245,128,89,0.6953125,0.703125,0.69921875,False,True,True,0,0,30544,30544,30523,30524
4546,5,age,31244,31245,128,105,0.8203125,0.828125,0.82421875,True,False,True,0,0,30544,30536,30524,30524
4548,5,age,31307,31308,128,17,0.1328125,0.140625,0.13671875,True,False,True,0,0,30616,30608,30587,30587
4548,5,age,31307,31308,128,89,0.6953125,0.703125,0.69921875,False,True,True,0,0,30544,30544,30587,30588
4548,5,age,31307,31308,128,105,0.8203125,0.828125,0.82421875,True,False,True,0,0,30544,30536,30588,30588
4550,5,age,31370,31371,128,17,0.1328125,0.140625,0.13671875,True,False,True,0,0,30616,30608,30651,30651
4550,5,age,31370,31371,128,89,0.6953125,0.703125,0.69921875,False,True,True,0,0,30544,30544,30651,30652
4550,5,age,31370,31371,128,105,0.8203125,0.828125,0.82421875,True,False,True,0,0,30544,30536,30652,30652
4552,5,age,31433,31434,128,17,0.1328125,0.140625,0.13671875,True,False,True,0,0,30616,30608,30715,30715
4552,5,age,31433,31434,128,89,0.6953125,0.703125,0.69921875,False,True,True,0,0,30544,30544,30715,30716
4552,5,age,31433,31434,128,105,0.8203125,0.828125,0.82421875,True,False,True,0,0,30544,30536,30716,30716
4554,5,age,31496,31497,128,17,0.1328125,0.140625,0.13671875,True,False,True,0,0,30616,30608,30715,30715
4554,5,age,31496,31497,128,89,0.6953125,0.703125,0.69921875,False,True,True,0,0,30544,30544,30715,30716
4554,5,age,31496,31497,128,105,0.8203125,0.828125,0.82421875,True,False,True,0,0,30544,30536,30716,30716
4556,5,age,42771,42772,128,9,0.0703125,0.078125,0.07421875,True,False,True,0,0,23408,23400,23417,23417
4556,5,age,42771,42772,128,89,0.6953125,0.703125,0.69921875,False,True,True,0,0,23400,23400,23417,23418
4556,5,age,42771,42772,128,97,0.7578125,0.765625,0.76171875,True,False,True,0,0,23336,23328,23418,23418
4558,5,age,42834,42835,128,9,0.0703125,0.078125,0.07421875,True,False,True,0,0,23408,23400,23417,23417
4558,5,age,42834,42835,128,89,0.6953125,0.703125,0.69921875,False,True,True,0,0,23400,23400,23417,23418
4558,5,age,42834,42835,128,124,0.96875,0.9765625,0.97265625,True,False,True,0,0,23392,23328,23418,23418
4560,5,age,43086,43087,128,9,0.0703125,0.078125,0.07421875,True,False,True,0,0,23792,23784,23801,23801
4560,5,age,43086,43087,128,89,0.6953125,0.703125,0.69921875,False,True,True,0,0,23784,23784,23801,23802
4560,5,age,43086,43087,128,97,0.7578125,0.765625,0.76171875,True,False,True,0,0,23720,23712,23802,23802
4562,5,age,43149,43150,128,9,0.0703125,0.078125,0.07421875,True,False,True,0,0,23792,23784,23801,23801
4562,5,age,43149,43150,128,89,0.6953125,0.703125,0.69921875,False,True,True,0,0,23784,23784,23801,23802
4562,5,age,43149,43150,128,124,0.96875,0.9765625,0.97265625,True,False,True,0,0,23776,23712,23802,23802
4564,5,age,43401,43402,128,9,0.0703125,0.078125,0.07421875,True,False,True,0,0,23792,23784,23801,23801
4564,5,age,43401,43402,128,89,0.6953125,0.703125,0.69921875,False,True,True,0,0,23784,23784,23801,23802
4564,5,age,43401,43402,128,97,0.7578125,0.765625,0.76171875,True,False,True,0,0,23720,23712,23802,23802
4566,5,age,43464,43465,128,9,0.0703125,0.078125,0.07421875,True,False,True,0,0,23792,23784,23801,23801
4566,5,age,43464,43465,128,89,0.6953125,0.703125,0.69921875,False,True,True,0,0,23784,23784,23801,23802
4566,5,age,43464,43465,128,124,0.96875,0.9765625,0.97265625,True,False,True,0,0,23776,23712,23802,23802
4568,5,age,43716,43717,128,9,0.0703125,0.078125,0.07421875,True,False,True,0,0,45680,45672,45689,45689
4568,5,age,43716,43717,128,89,0.6953125,0.703125,0.69921875,False,True,True,0,0,45672,45672,45689,45690
4568,5,age,43716,43717,128,97,0.7578125,0.765625,0.76171875,True,False,True,0,0,45608,45600,45690,45690
4570,5,age,43779,43780,128,9,0.0703125,0.078125,0.07421875,True,False,True,0,0,45680,45672,45689,45689
4570,5,age,43779,43780,128,89,0.6953125,0.703125,0.69921875,False,True,True,0,0,45672,45672,45689,45690
4570,5,age,43779,43780,128,124,0.96875,0.9765625,0.97265625,True,False,True,0,0,45664,45600,45690,45690
4572,5,age,44031,44032,128,9,0.0703125,0.078125,0.07421875,True,False,True,0,0,46064,46056,46073,46073
4572,5,age,44031,44032,128,89,0.6953125,0.703125,0.69921875,False,True,True,0,0,46056,46056,46073,46074
4572,5,age,44031,44032,128,97,0.7578125,0.765625,0.76171875,True,False,True,0,0,45992,45984,46074,46074
4574,5,age,44094,44095,128,9,0.0703125,0.078125,0.07421875,True,False,True,0,0,46064,46056,46073,46073
4574,5,age,44094,44095,128,89,0.6953125,0.703125,0.69921875,False,True,True,0,0,46056,46056,46073,46074
4574,5,age,44094,44095,128,124,0.96875,0.9765625,0.97265625,True,False,True,0,0,46048,45984,46074,46074
4575,5,age,44150,44149,128,15,0.1171875,0.125,0.12109375,True,False,True,0,0,23336,23272,23225,23225
4575,5,age,44150,44149,128,38,0.296875,0.3046875,0.30078125,False,True,True,0,0,23272,23272,23225,23224
4575,5,age,44150,44149,128,118,0.921875,0.9296875,0.92578125,True,False,True,0,0,23280,23216,23224,23224
4580,5,age,44159,44160,128,17,0.1328125,0.140625,0.13671875,True,False,True,0,0,23320,23312,23227,23227
4580,5,age,44159,44160,128,89,0.6953125,0.703125,0.69921875,False,True,True,0,0,23248,23248,23227,23228
4580,5,age,44159,44160,128,105,0.8203125,0.828125,0.82421875,True,False,True,0,0,23248,23240,23228,23228
4582,5,age,44222,44223,128,17,0.1328125,0.140625,0.13671875,True,False,True,0,0,23320,23312,23291,23291
4582,5,age,44222,44223,128,89,0.6953125,0.703125,0.69921875,False,True,True,0,0,23248,23248,23291,23292
4582,5,age,44222,44223,128,105,0.8203125,0.828125,0.82421875,True,False,True,0,0,23248,23240,23292,23292
4584,5,age,44285,44286,128,17,0.1328125,0.140625,0.13671875,True,False,True,0,0,23320,23312,23355,23355
4584,5,age,44285,44286,128,89,0.6953125,0.703125,0.69921875,False,True,True,0,0,23248,23248,23355,23356
4584,5,age,44285,44286,128,105,0.8203125,0.828125,0.82421875,True,False,True,0,0,23248,23240,23356,23356
4586,5,age,44346,44347,128,9,0.0703125,0.078125,0.07421875,True,False,True,0,0,24944,24936,24953,24953
4586,5,age,44346,44347,128,89,0.6953125,0.703125,0.69921875,False,True,True,0,0,24936,24936,24953,24954
4586,5,age,44346,44347,128,97,0.7578125,0.765625,0.76171875,True,False,True,0,0,24872,24864,24954,24954
4588,5,age,44348,44349,128,17,0.1328125,0.140625,0.13671875,True,False,True,0,0,23320,23312,23419,23419
4588,5,age,44348,44349,128,89,0.6953125,0.703125,0.69921875,False,True,True,0,0,23248,23248,23419,23420
4588,5,age,44348,44349,128,105,0.8203125,0.828125,0.82421875,True,False,True,0,0,23248,23240,23420,23420
4590,5,age,44409,44410,128,9,0.0703125,0.078125,0.07421875,True,False,True,0,0,24944,24936,24953,24953
4590,5,age,44409,44410,128,89,0.6953125,0.703125,0.69921875,False,True,True,0,0,24936,24936,24953,24954
4590,5,age,44409,44410,128,124,0.96875,0.9765625,0.97265625,True,False,True,0,0,24928,24864,24954,24954
4592,5,age,44411,44412,128,17,0.1328125,0.140625,0.13671875,True,False,True,0,0,23320,23312,23419,23419
4592,5,age,44411,44412,128,89,0.6953125,0.703125,0.69921875,False,True,True,0,0,23248,23248,23419,23420
4592,5,age,44411,44412,128,105,0.8203125,0.828125,0.82421875,True,False,True,0,0,23248,23240,23420,23420
4593,5,age,44465,44464,128,15,0.1171875,0.125,0.12109375,True,False,True,0,0,23720,23656,23609,23609
4593,5,age,44465,44464,128,38,0.296875,0.3046875,0.30078125,False,True,True,0,0,23656,23656,23609,23608
4593,5,age,44465,44464,128,118,0.921875,0.9296875,0.92578125,True,False,True,0,0,23664,23600,23608,23608
4598,5,age,44474,44475,128,17,0.1328125,0.140625,0.13671875,True,False,True,0,0,23704,23696,23611,23611
4598,5,age,44474,44475,128,89,0.6953125,0.703125,0.69921875,False,True,True,0,0,23632,23632,23611,23612
4598,5,age,44474,44475,128,105,0.8203125,0.828125,0.82421875,True,False,True,0,0,23632,23624,23612,23612
4600,5,age,44537,44538,128,17,0.1328125,0.140625,0.13671875,True,False,True,0,0,23704,23696,23675,23675
4600,5,age,44537,44538,128,89,0.6953125,0.703125,0.69921875,False,True,True,0,0,23632,23632,23675,23676
4600,5,age,44537,44538,128,105,0.8203125,0.828125,0.82421875,True,False,True,0,0,23632,23624,23676,23676
4602,5,age,44600,44601,128,17,0.1328125,0.140625,0.13671875,True,False,True,0,0,23704,23696,23739,23739
4602,5,age,44600,44601,128,89,0.6953125,0.703125,0.69921875,False,True,True,0,0,23632,23632,23739,23740
4602,5,age,44600,44601,128,105,0.8203125,0.828125,0.82421875,True,False,True,0,0,23632,23624,23740,23740
4604,5,age,44661,44662,128,9,0.0703125,0.078125,0.07421875,True,False,True,0,0,25328,25320,25337,25337
4604,5,age,44661,44662,128,89,0.6953125,0.703125,0.69921875,False,True,True,0,0,25320,25320,25337,25338
4604,5,age,44661,44662,128,97,0.7578125,0.765625,0.76171875,True,False,True,0,0,25256,25248,25338,25338
4606,5,age,44663,44664,128,17,0.1328125,0.140625,0.13671875,True,False,True,0,0,23704,23696,23803,23803
4606,5,age,44663,44664,128,89,0.6953125,0.703125,0.69921875,False,True,True,0,0,23632,23632,23803,23804
4606,5,age,44663,44664,128,105,0.8203125,0.828125,0.82421875,True,False,True,0,0,23632,23624,23804,23804
4608,5,age,44724,44725,128,9,0.0703125,0.078125,0.07421875,True,False,True,0,0,25328,25320,25337,25337
4608,5,age,44724,44725,128,89,0.6953125,0.703125,0.69921875,False,True,True,0,0,25320,25320,25337,25338
4608,5,age,44724,44725,128,124,0.96875,0.9765625,0.97265625,True,False,True,0,0,25312,25248,25338,25338
4610,5,age,44726,44727,128,17,0.1328125,0.140625,0.13671875,True,False,True,0,0,23704,23696,23803,23803
4610,5,age,44726,44727,128,89,0.6953125,0.703125,0.69921875,False,True,True,0,0,23632,23632,23803,23804
4610,5,age,44726,44727,128,105,0.8203125,0.828125,0.82421875,True,False,True,0,0,23632,23624,23804,23804
4611,5,age,44780,44779,128,15,0.1171875,0.125,0.12109375,True,False,True,0,0,23720,23656,23609,23609
4611,5,age,44780,44779,128,38,0.296875,0.3046875,0.30078125,False,True,True,0,0,23656,23656,23609,23608
4611,5,age,44780,44779,128,118,0.921875,0.9296875,0.92578125,True,False,True,0,0,23664,23600,23608,23608
4616,5,age,44789,44790,128,17,0.1328125,0.140625,0.13671875,True,False,True,0,0,23704,23696,23611,23611
4616,5,age,44789,44790,128,89,0.6953125,0.703125,0.69921875,False,True,True,0,0,23632,23632,23611,23612
4616,5,age,44789,44790,128,105,0.8203125,0.828125,0.82421875,True,False,True,0,0,23632,23624,23612,23612
4618,5,age,44852,44853,128,17,0.1328125,0.140625,0.13671875,True,False,True,0,0,23704,23696,23675,23675
4618,5,age,44852,44853,128,89,0.6953125,0.703125,0.69921875,False,True,True,0,0,23632,23632,23675,23676
4618,5,age,44852,44853,128,105,0.8203125,0.828125,0.82421875,True,False,True,0,0,23632,23624,23676,23676
4620,5,age,44915,44916,128,17,0.1328125,0.140625,0.13671875,True,False,True,0,0,23704,23696,23739,23739
4620,5,age,44915,44916,128,89,0.6953125,0.703125,0.69921875,False,True,True,0,0,23632,23632,23739,23740
4620,5,age,44915,44916,128,105,0.8203125,0.828125,0.82421875,True,False,True,0,0,23632,23624,23740,23740
4622,5,age,44976,44977,128,9,0.0703125,0.078125,0.07421875,True,False,True,0,0,25328,25320,25337,25337
4622,5,age,44976,44977,128,89,0.6953125,0.703125,0.69921875,False,True,True,0,0,25320,25320,25337,25338
4622,5,age,44976,44977,128,97,0.7578125,0.765625,0.76171875,True,False,True,0,0,25256,25248,25338,25338
4624,5,age,44978,44979,128,17,0.1328125,0.140625,0.13671875,True,False,True,0,0,23704,23696,23803,23803
4624,5,age,44978,44979,128,89,0.6953125,0.703125,0.69921875,False,True,True,0,0,23632,23632,23803,23804
4624,5,age,44978,44979,128,105,0.8203125,0.828125,0.82421875,True,False,True,0,0,23632,23624,23804,23804
4626,5,age,45039,45040,128,9,0.0703125,0.078125,0.07421875,True,False,True,0,0,25328,25320,25337,25337
4626,5,age,45039,45040,128,89,0.6953125,0.703125,0.69921875,False,True,True,0,0,25320,25320,25337,25338
4626,5,age,45039,45040,128,124,0.96875,0.9765625,0.97265625,True,False,True,0,0,25312,25248,25338,25338
4628,5,age,45041,45042,128,17,0.1328125,0.140625,0.13671875,True,False,True,0,0,23704,23696,23803,23803
4628,5,age,45041,45042,128,89,0.6953125,0.703125,0.69921875,False,True,True,0,0,23632,23632,23803,23804
4628,5,age,45041,45042,128,105,0.8203125,0.828125,0.82421875,True,False,True,0,0,23632,23624,23804,23804
4629,5,age,45095,45094,128,15,0.1171875,0.125,0.12109375,True,False,True,0,0,45608,45544,45497,45497
4629,5,age,45095,45094,128,38,0.296875,0.3046875,0.30078125,False,True,True,0,0,45544,45544,45497,45496
4629,5,age,45095,45094,128,118,0.921875,0.9296875,0.92578125,True,False,True,0,0,45552,45488,45496,45496
4634,5,age,45104,45105,128,17,0.1328125,0.140625,0.13671875,True,False,True,0,0,45592,45584,45499,45499
4634,5,age,45104,45105,128,89,0.6953125,0.703125,0.69921875,False,True,True,0,0,45520,45520,45499,45500
4634,5,age,45104,45105,128,105,0.8203125,0.828125,0.82421875,True,False,True,0,0,45520,45512,45500,45500
4636,5,age,45167,45168,128,17,0.1328125,0.140625,0.13671875,True,False,True,0,0,45592,45584,45563,45563
4636,5,age,45167,45168,128,89,0.6953125,0.703125,0.69921875,False,True,True,0,0,45520,45520,45563,45564
4636,5,age,45167,45168,128,105,0.8203125,0.828125,0.82421875,True,False,True,0,0,45520,45512,45564,45564
4638,5,age,45230,45231,128,17,0.1328125,0.140625,0.13671875,True,False,True,0,0,45592,45584,45627,45627
4638,5,age,45230,45231,128,89,0.6953125,0.703125,0.69921875,False,True,True,0,0,45520,45520,45627,45628
4638,5,age,45230,45231,128,105,0.8203125,0.828125,0.82421875,True,False,True,0,0,45520,45512,45628,45628
4640,5,age,45291,45292,128,9,0.0703125,0.078125,0.07421875,True,False,True,0,0,47216,47208,47225,47225
4640,5,age,45291,45292,128,89,0.6953125,0.703125,0.69921875,False,True,True,0,0,47208,47208,47225,47226
4640,5,age,45291,45292,128,97,0.7578125,0.765625,0.76171875,True,False,True,0,0,47144,47136,47226,47226
4642,5,age,45293,45294,128,17,0.1328125,0.140625,0.13671875,True,False,True,0,0,45592,45584,45691,45691
4642,5,age,45293,45294,128,89,0.6953125,0.703125,0.69921875,False,True,True,0,0,45520,45520,45691,45692
4642,5,age,45293,45294,128,105,0.8203125,0.828125,0.82421875,True,False,True,0,0,45520,45512,45692,45692
4644,5,age,45354,45355,128,9,0.0703125,0.078125,0.07421875,True,False,True,0,0,47216,47208,47225,47225
4644,5,age,45354,45355,128,89,0.6953125,0.703125,0.69921875,False,True,True,0,0,47208,47208,47225,47226
4644,5,age,45354,45355,128,124,0.96875,0.9765625,0.97265625,True,False,True,0,0,47200,47136,47226,47226
4646,5,age,45356,45357,128,17,0.1328125,0.140625,0.13671875,True,False,True,0,0,45592,45584,45691,45691
4646,5,age,45356,45357,128,89,0.6953125,0.703125,0.69921875,False,True,True,0,0,45520,45520,45691,45692
4646,5,age,45356,45357,128,105,0.8203125,0.828125,0.82421875,True,False,True,0,0,45520,45512,45692,45692
4647,5,age,45410,45409,128,15,0.1171875,0.125,0.12109375,True,False,True,0,0,45992,45928,45881,45881
4647,5,age,45410,45409,128,38,0.296875,0.3046875,0.30078125,False,True,True,0,0,45928,45928,45881,45880
4647,5,age,45410,45409,128,118,0.921875,0.9296875,0.92578125,True,False,True,0,0,45936,45872,45880,45880
4652,5,age,45419,45420,128,17,0.1328125,0.140625,0.13671875,True,False,True,0,0,45976,45968,45883,45883
4652,5,age,45419,45420,128,89,0.6953125,0.703125,0.69921875,False,True,True,0,0,45904,45904,45883,45884
4652,5,age,45419,45420,128,105,0.8203125,0.828125,0.82421875,True,False,True,0,0,45904,45896,45884,45884
4654,5,age,45482,45483,128,17,0.1328125,0.140625,0.13671875,True,False,True,0,0,45976,45968,45947,45947
4654,5,age,45482,45483,128,89,0.6953125,0.703125,0.69921875,False,True,True,0,0,45904,45904,45947,45948
4654,5,age,45482,45483,128,105,0.8203125,0.828125,0.82421875,True,False,True,0,0,45904,45896,45948,45948
4656,5,age,45545,45546,128,17,0.1328125,0.140625,0.13671875,True,False,True,0,0,45976,45968,46011,46011
4656,5,age,45545,45546,128,89,0.6953125,0.703125,0.69921875,False,True,True,0,0,45904,45904,46011,46012
4656,5,age,45545,45546,128,105,0.8203125,0.828125,0.82421875,True,False,True,0,0,45904,45896,46012,46012
4658,5,age,45606,45607,128,9,0.0703125,0.078125,0.07421875,True,False,True,0,0,47600,47592,47609,47609
4658,5,age,45606,45607,128,89,0.6953125,0.703125,0.69921875,False,True,True,0,0,47592,47592,47609,47610
4658,5,age,45606,45607,128,97,0.7578125,0.765625,0.76171875,True,False,True,0,0,47528,47520,47610,47610
4660,5,age,45608,45609,128,17,0.1328125,0.140625,0.13671875,True,False,True,0,0,45976,45968,46075,46075
4660,5,age,45608,45609,128,89,0.6953125,0.703125,0.69921875,False,True,True,0,0,45904,45904,46075,46076
4660,5,age,45608,45609,128,105,0.8203125,0.828125,0.82421875,True,False,True,0,0,45904,45896,46076,46076
4662,5,age,45669,45670,128,9,0.0703125,0.078125,0.07421875,True,False,True,0,0,47600,47592,47609,47609
4662,5,age,45669,45670,128,89,0.6953125,0.703125,0.69921875,False,True,True,0,0,47592,47592,47609,47610
4662,5,age,45669,45670,128,124,0.96875,0.9765625,0.97265625,True,False,True,0,0,47584,47520,47610,47610
4664,5,age,45671,45672,128,17,0.1328125,0.140625,0.13671875,True,False,True,0,0,45976,45968,46075,46075
4664,5,age,45671,45672,128,89,0.6953125,0.703125,0.69921875,False,True,True,0,0,45904,45904,46075,46076
4664,5,age,45671,45672,128,105,0.8203125,0.828125,0.82421875,True,False,True,0,0,45904,45896,46076,46076
4665,5,age,45725,45724,128,15,0.1171875,0.125,0.12109375,True,False,True,0,0,24872,24808,24761,24761
4665,5,age,45725,45724,128,38,0.296875,0.3046875,0.30078125,False,True,True,0,0,24808,24808,24761,24760
4665,5,age,45725,45724,128,118,0.921875,0.9296875,0.92578125,True,False,True,0,0,24816,24752,24760,24760
4670,5,age,45734,45735,128,17,0.1328125,0.140625,0.13671875,True,False,True,0,0,24856,24848,24763,24763
4670,5,age,45734,45735,128,89,0.6953125,0.703125,0.69921875,False,True,True,0,0,24784,24784,24763,24764
4670,5,age,45734,45735,128,105,0.8203125,0.828125,0.82421875,True,False,True,0,0,24784,24776,24764,24764
4672,5,age,45797,45798,128,17,0.1328125,0.140625,0.13671875,True,False,True,0,0,24856,24848,24827,24827
4672,5,age,45797,45798,128,89,0.6953125,0.703125,0.69921875,False,True,True,0,0,24784,24784,24827,24828
4672,5,age,45797,45798,128,105,0.8203125,0.828125,0.82421875,True,False,True,0,0,24784,24776,24828,24828
4674,5,age,45860,45861,128,17,0.1328125,0.140625,0.13671875,True,False,True,0,0,24856,24848,24891,24891
4674,5,age,45860,45861,128,89,0.6953125,0.703125,0.69921875,False,True,True,0,0,24784,24784,24891,24892
4674,5,age,45860,45861,128,105,0.8203125,0.828125,0.82421875,True,False,True,0,0,24784,24776,24892,24892
4676,5,age,45921,45922,128,9,0.0703125,0.078125,0.07421875,True,False,True,0,0,26480,26472,26489,26489
4676,5,age,45921,45922,128,89,0.6953125,0.703125,0.69921875,False,True,True,0,0,26472,26472,26489,26490
4676,5,age,45921,45922,128,97,0.7578125,0.765625,0.76171875,True,False,True,0,0,26408,26400,26490,26490
4678,5,age,45923,45924,128,17,0.1328125,0.140625,0.13671875,True,False,True,0,0,24856,24848,24955,24955
4678,5,age,45923,45924,128,89,0.6953125,0.703125,0.69921875,False,True,True,0,0,24784,24784,24955,24956
4678,5,age,45923,45924,128,105,0.8203125,0.828125,0.82421875,True,False,True,0,0,24784,24776,24956,24956
4680,5,age,45984,45985,128,9,0.0703125,0.078125,0.07421875,True,False,True,0,0,26480,26472,26489,26489
4680,5,age,45984,45985,128,89,0.6953125,0.703125,0.69921875,False,True,True,0,0,26472,26472,26489,26490
4680,5,age,45984,45985,128,124,0.96875,0.9765625,0.97265625,True,False,True,0,0,26464,26400,26490,26490
4682,5,age,45986,45987,128,17,0.1328125,0.140625,0.13671875,True,False,True,0,0,24856,24848,24955,24955
4682,5,age,45986,45987,128,89,0.6953125,0.703125,0.69921875,False,True,True,0,0,24784,24784,24955,24956
4682,5,age,45986,45987,128,105,0.8203125,0.828125,0.82421875,True,False,True,0,0,24784,24776,24956,24956
4683,5,age,46040,46039,128,15,0.1171875,0.125,0.12109375,True,False,True,0,0,25256,25192,25145,25145
4683,5,age,46040,46039,128,38,0.296875,0.3046875,0.30078125,False,True,True,0,0,25192,25192,25145,25144
4683,5,age,46040,46039,128,118,0.921875,0.9296875,0.92578125,True,False,True,0,0,25200,25136,25144,25144
4688,5,age,46049,46050,128,17,0.1328125,0.140625,0.13671875,True,False,True,0,0,25240,25232,25147,25147
4688,5,age,46049,46050,128,89,0.6953125,0.703125,0.69921875,False,True,True,0,0,25168,25168,25147,25148
4688,5,age,46049,46050,128,105,0.8203125,0.828125,0.82421875,True,False,True,0,0,25168,25160,25148,25148
4690,5,age,46112,46113,128,17,0.1328125,0.140625,0.13671875,True,False,True,0,0,25240,25232,25211,25211
4690,5,age,46112,46113,128,89,0.6953125,0.703125,0.69921875,False,True,True,0,0,25168,25168,25211,25212
4690,5,age,46112,46113,128,105,0.8203125,0.828125,0.82421875,True,False,True,0,0,25168,25160,25212,25212
4692,5,age,46175,46176,128,17,0.1328125,0.140625,0.13671875,True,False,True,0,0,25240,25232,25275,25275
4692,5,age,46175,46176,128,89,0.6953125,0.703125,0.69921875,False,True,True,0,0,25168,25168,25275,25276
4692,5,age,46175,46176,128,105,0.8203125,0.828125,0.82421875,True,False,True,0,0,25168,25160,25276,25276
4694,5,age,46236,46237,128,9,0.0703125,0.078125,0.07421875,True,False,True,0,0,26864,26856,26873,26873
4694,5,age,46236,46237,128,89,0.6953125,0.703125,0.69921875,False,True,True,0,0,26856,26856,26873,26874
4694,5,age,46236,46237,128,97,0.7578125,0.765625,0.76171875,True,False,True,0,0,26792,26784,26874,26874
4696,5,age,46238,46239,128,17,0.1328125,0.140625,0.13671875,True,False,True,0,0,25240,25232,25339,25339
4696,5,age,46238,46239,128,89,0.6953125,0.703125,0.69921875,False,True,True,0,0,25168,25168,25339,25340
4696,5,age,46238,46239,128,105,0.8203125,0.828125,0.82421875,True,False,True,0,0,25168,25160,25340,25340
4698,5,age,46299,46300,128,9,0.0703125,0.078125,0.07421875,True,False,True,0,0,26864,26856,26873,26873
4698,5,age,46299,46300,128,89,0.6953125,0.703125,0.69921875,False,True,True,0,0,26856,26856,26873,26874
4698,5,age,46299,46300,128,124,0.96875,0.9765625,0.97265625,True,False,True,0,0,26848,26784,26874,26874
4700,5,age,46301,46302,128,17,0.1328125,0.140625,0.13671875,True,False,True,0,0,25240,25232,25339,25339
4700,5,age,46301,46302,128,89,0.6953125,0.703125,0.69921875,False,True,True,0,0,25168,25168,25339,25340
4700,5,age,46301,46302,128,105,0.8203125,0.828125,0.82421875,True,False,True,0,0,25168,25160,25340,25340
4701,5,age,46355,46354,128,15,0.1171875,0.125,0.12109375,True,False,True,0,0,25256,25192,25145,25145
4701,5,age,46355,46354,128,38,0.296875,0.3046875,0.30078125,False,True,True,0,0,25192,25192,25145,25144
4701,5,age,46355,46354,128,118,0.921875,0.9296875,0.92578125,True,False,True,0,0,25200,25136,25144,25144
4706,5,age,46364,46365,128,17,0.1328125,0.140625,0.13671875,True,False,True,0,0,25240,25232,25147,25147
4706,5,age,46364,46365,128,89,0.6953125,0.703125,0.69921875,False,True,True,0,0,25168,25168,25147,25148
4706,5,age,46364,46365,128,105,0.8203125,0.828125,0.82421875,True,False,True,0,0,25168,25160,25148,25148
4708,5,age,46427,46428,128,17,0.1328125,0.140625,0.13671875,True,False,True,0,0,25240,25232,25211,25211
4708,5,age,46427,46428,128,89,0.6953125,0.703125,0.69921875,False,True,True,0,0,25168,25168,25211,25212
4708,5,age,46427,46428,128,105,0.8203125,0.828125,0.82421875,True,False,True,0,0,25168,25160,25212,25212
4710,5,age,46490,46491,128,17,0.1328125,0.140625,0.13671875,True,False,True,0,0,25240,25232,25275,25275
4710,5,age,46490,46491,128,89,0.6953125,0.703125,0.69921875,False,True,True,0,0,25168,25168,25275,25276
4710,5,age,46490,46491,128,105,0.8203125,0.828125,0.82421875,True,False,True,0,0,25168,25160,25276,25276
4712,5,age,46551,46552,128,9,0.0703125,0.078125,0.07421875,True,False,True,0,0,26864,26856,26873,26873
4712,5,age,46551,46552,128,89,0.6953125,0.703125,0.69921875,False,True,True,0,0,26856,26856,26873,26874
4712,5,age,46551,46552,128,97,0.7578125,0.765625,0.76171875,True,False,True,0,0,26792,26784,26874,26874
4714,5,age,46553,46554,128,17,0.1328125,0.140625,0.13671875,True,False,True,0,0,25240,25232,25339,25339
4714,5,age,46553,46554,128,89,0.6953125,0.703125,0.69921875,False,True,True,0,0,25168,25168,25339,25340
4714,5,age,46553,46554,128,105,0.8203125,0.828125,0.82421875,True,False,True,0,0,25168,25160,25340,25340
4716,5,age,46614,46615,128,9,0.0703125,0.078125,0.07421875,True,False,True,0,0,26864,26856,26873,26873
4716,5,age,46614,46615,128,89,0.6953125,0.703125,0.69921875,False,True,True,0,0,26856,26856,26873,26874
4716,5,age,46614,46615,128,124,0.96875,0.9765625,0.97265625,True,False,True,0,0,26848,26784,26874,26874
4718,5,age,46616,46617,128,17,0.1328125,0.140625,0.13671875,True,False,True,0,0,25240,25232,25339,25339
4718,5,age,46616,46617,128,89,0.6953125,0.703125,0.69921875,False,True,True,0,0,25168,25168,25339,25340
4718,5,age,46616,46617,128,105,0.8203125,0.828125,0.82421875,True,False,True,0,0,25168,25160,25340,25340
4719,5,age,46670,46669,128,15,0.1171875,0.125,0.12109375,True,False,True,0,0,47144,47080,47033,47033
4719,5,age,46670,46669,128,38,0.296875,0.3046875,0.30078125,False,True,True,0,0,47080,47080,47033,47032
4719,5,age,46670,46669,128,118,0.921875,0.9296875,0.92578125,True,False,True,0,0,47088,47024,47032,47032
4724,5,age,46679,46680,128,17,0.1328125,0.140625,0.13671875,True,False,True,0,0,47128,47120,47035,47035
4724,5,age,46679,46680,128,89,0.6953125,0.703125,0.69921875,False,True,True,0,0,47056,47056,47035,47036
4724,5,age,46679,46680,128,105,0.8203125,0.828125,0.82421875,True,False,True,0,0,47056,47048,47036,47036
4726,5,age,46742,46743,128,17,0.1328125,0.140625,0.13671875,True,False,True,0,0,47128,47120,47099,47099
4726,5,age,46742,46743,128,89,0.6953125,0.703125,0.69921875,False,True,True,0,0,47056,47056,47099,47100
4726,5,age,46742,46743,128,105,0.8203125,0.828125,0.82421875,True,False,True,0,0,47056,47048,47100,47100
4728,5,age,46805,46806,128,17,0.1328125,0.140625,0.13671875,True,False,True,0,0,47128,47120,47163,47163
4728,5,age,46805,46806,128,89,0.6953125,0.703125,0.69921875,False,True,True,0,0,47056,47056,47163,47164
4728,5,age,46805,46806,128,105,0.8203125,0.828125,0.82421875,True,False,True,0,0,47056,47048,47164,47164
4730,5,age,46866,46867,128,9,0.0703125,0.078125,0.07421875,True,False,True,0,0,48752,48744,48761,48761
4730,5,age,46866,46867,128,89,0.6953125,0.703125,0.69921875,False,True,True,0,0,48744,48744,48761,48762
4730,5,age,46866,46867,128,97,0.7578125,0.765625,0.76171875,True,False,True,0,0,48680,48672,48762,48762
4732,5,age,46868,46869,128,17,0.1328125,0.140625,0.13671875,True,False,True,0,0,47128,47120,47227,47227
4732,5,age,46868,46869,128,89,0.6953125,0.703125,0.69921875,False,True,True,0,0,47056,47056,47227,47228
4732,5,age,46868,46869,128,105,0.8203125,0.828125,0.82421875,True,False,True,0,0,47056,47048,47228,47228
4734,5,age,46929,46930,128,9,0.0703125,0.078125,0.07421875,True,False,True,0,0,48752,48744,48761,48761
4734,5,age,46929,46930,128,89,0.6953125,0.703125,0.69921875,False,True,True,0,0,48744,48744,48761,48762
4734,5,age,46929,46930,128,124,0.96875,0.9765625,0.97265625,True,False,True,0,0,48736,48672,48762,48762
4736,5,age,46931,46932,128,17,0.1328125,0.140625,0.13671875,True,False,True,0,0,47128,47120,47227,47227
4736,5,age,46931,46932,128,89,0.6953125,0.703125,0.69921875,False,True,True,0,0,47056,47056,47227,47228
4736,5,age,46931,46932,128,105,0.8203125,0.828125,0.82421875,True,False,True,0,0,47056,47048,47228,47228
4737,5,age,46985,46984,128,15,0.1171875,0.125,0.12109375,True,False,True,0,0,47528,47464,47417,47417
4737,5,age,46985,46984,128,38,0.296875,0.3046875,0.30078125,False,True,True,0,0,47464,47464,47417,47416
4737,5,age,46985,46984,128,118,0.921875,0.9296875,0.92578125,True,False,True,0,0,47472,47408,47416,47416
4742,5,age,46994,46995,128,17,0.1328125,0.140625,0.13671875,True,False,True,0,0,47512,47504,47419,47419
4742,5,age,46994,46995,128,89,0.6953125,0.703125,0.69921875,False,True,True,0,0,47440,47440,47419,47420
4742,5,age,46994,46995,128,105,0.8203125,0.828125,0.82421875,True,False,True,0,0,47440,47432,47420,47420
4744,5,age,47057,47058,128,17,0.1328125,0.140625,0.13671875,True,False,True,0,0,47512,47504,47483,47483
4744,5,age,47057,47058,128,89,0.6953125,0.703125,0.69921875,False,True,True,0,0,47440,47440,47483,47484
4744,5,age,47057,47058,128,105,0.8203125,0.828125,0.82421875,True,False,True,0,0,47440,47432,47484,47484
4746,5,age,47120,47121,128,17,0.1328125,0.140625,0.13671875,True,False,True,0,0,47512,47504,47547,47547
4746,5,age,47120,47121,128,89,0.6953125,0.703125,0.69921875,False,True,True,0,0,47440,47440,47547,47548
4746,5,age,47120,47121,128,105,0.8203125,0.828125,0.82421875,True,False,True,0,0,47440,47432,47548,47548
4748,5,age,47181,47182,128,9,0.0703125,0.078125,0.07421875,True,False,True,0,0,49136,49128,49145,49145
4748,5,age,47181,47182,128,89,0.6953125,0.703125,0.69921875,False,True,True,0,0,49128,49128,49145,49146
4748,5,age,47181,47182,128,97,0.7578125,0.765625,0.76171875,True,False,True,0,0,49064,49056,49146,49146
4750,5,age,47183,47184,128,17,0.1328125,0.140625,0.13671875,True,False,True,0,0,47512,47504,47611,47611
4750,5,age,47183,47184,128,89,0.6953125,0.703125,0.69921875,False,True,True,0,0,47440,47440,47611,47612
4750,5,age,47183,47184,128,105,0.8203125,0.828125,0.82421875,True,False,True,0,0,47440,47432,47612,47612
4752,5,age,47244,47245,128,9,0.0703125,0.078125,0.07421875,True,False,True,0,0,49136,49128,49145,49145
4752,5,age,47244,47245,128,89,0.6953125,0.703125,0.69921875,False,True,True,0,0,49128,49128,49145,49146
4752,5,age,47244,47245,128,124,0.96875,0.9765625,0.97265625,True,False,True,0,0,49120,49056,49146,49146
4754,5,age,47246,47247,128,17,0.1328125,0.140625,0.13671875,True,False,True,0,0,47512,47504,47611,47611
4754,5,age,47246,47247,128,89,0.6953125,0.703125,0.69921875,False,True,True,0,0,47440,47440,47611,47612
4754,5,age,47246,47247,128,105,0.8203125,0.828125,0.82421875,True,False,True,0,0,47440,47432,47612,47612
4755,5,age,47300,47299,128,15,0.1171875,0.125,0.12109375,True,False,True,0,0,26408,26344,26297,26297
4755,5,age,47300,47299,128,38,0.296875,0.3046875,0.30078125,False,True,True,0,0,26344,26344,26297,26296
4755,5,age,47300,47299,128,118,0.921875,0.9296875,0.92578125,True,False,True,0,0,26352,26288,26296,26296
4760,5,age,47309,47310,128,17,0.1328125,0.140625,0.13671875,True,False,True,0,0,26392,26384,26299,26299
4760,5,age,47309,47310,128,89,0.6953125,0.703125,0.69921875,False,True,True,0,0,26320,26320,26299,26300
4760,5,age,47309,47310,128,105,0.8203125,0.828125,0.82421875,True,False,True,0,0,26320,26312,26300,26300
4762,5,age,47372,47373,128,17,0.1328125,0.140625,0.13671875,True,False,True,0,0,26392,26384,26363,26363
4762,5,age,47372,47373,128,89,0.6953125,0.703125,0.69921875,False,True,True,0,0,26320,26320,26363,26364
4762,5,age,47372,47373,128,105,0.8203125,0.828125,0.82421875,True,False,True,0,0,26320,26312,26364,26364
4764,5,age,47435,47436,128,17,0.1328125,0.140625,0.13671875,True,False,True,0,0,26392,26384,26427,26427
4764,5,age,47435,47436,128,89,0.6953125,0.703125,0.69921875,False,True,True,0,0,26320,26320,26427,26428
4764,5,age,47435,47436,128,105,0.8203125,0.828125,0.82421875,True,False,True,0,0,26320,26312,26428,26428
4766,5,age,47496,47497,128,9,0.0703125,0.078125,0.07421875,True,False,True,0,0,28016,28008,28025,28025
4766,5,age,47496,47497,128,89,0.6953125,0.703125,0.69921875,False,True,True,0,0,28008,28008,28025,28026
4766,5,age,47496,47497,128,97,0.7578125,0.765625,0.76171875,True,False,True,0,0,27944,27936,28026,28026
4768,5,age,47498,47499,128,17,0.1328125,0.140625,0.13671875,True,False,True,0,0,26392,26384,26491,26491
4768,5,age,47498,47499,128,89,0.6953125,0.703125,0.69921875,False,True,True,0,0,26320,26320,26491,26492
4768,5,age,47498,47499,128,105,0.8203125,0.828125,0.82421875,True,False,True,0,0,26320,26312,26492,26492
4770,5,age,47559,47560,128,9,0.0703125,0.078125,0.07421875,True,False,True,0,0,28016,28008,28025,28025
4770,5,age,47559,47560,128,89,0.6953125,0.703125,0.69921875,False,True,True,0,0,28008,28008,28025,28026
4770,5,age,47559,47560,128,124,0.96875,0.9765625,0.97265625,True,False,True,0,0,28000,27936,28026,28026
4772,5,age,47561,47562,128,17,0.1328125,0.140625,0.13671875,True,False,True,0,0,26392,26384,26491,26491
4772,5,age,47561,47562,128,89,0.6953125,0.703125,0.69921875,False,True,True,0,0,26320,26320,26491,26492
4772,5,age,47561,47562,128,105,0.8203125,0.828125,0.82421875,True,False,True,0,0,26320,26312,26492,26492
4773,5,age,47615,47614,128,15,0.1171875,0.125,0.12109375,True,False,True,0,0,26792,26728,26681,26681
4773,5,age,47615,47614,128,38,0.296875,0.3046875,0.30078125,False,True,True,0,0,26728,26728,26681,26680
4773,5,age,47615,47614,128,118,0.921875,0.9296875,0.92578125,True,False,True,0,0,26736,26672,26680,26680
4778,5,age,47624,47625,128,17,0.1328125,0.140625,0.13671875,True,False,True,0,0,26776,26768,26683,26683
4778,5,age,47624,47625,128,89,0.6953125,0.703125,0.69921875,False,True,True,0,0,26704,26704,26683,26684
4778,5,age,47624,47625,128,105,0.8203125,0.828125,0.82421875,True,False,True,0,0,26704,26696,26684,26684
4780,5,age,47687,47688,128,17,0.1328125,0.140625,0.13671875,True,False,True,0,0,26776,26768,26747,26747
4780,5,age,47687,47688,128,89,0.6953125,0.703125,0.69921875,False,True,True,0,0,26704,26704,26747,26748
4780,5,age,47687,47688,128,105,0.8203125,0.828125,0.82421875,True,False,True,0,0,26704,26696,26748,26748
4782,5,age,47750,47751,128,17,0.1328125,0.140625,0.13671875,True,False,True,0,0,26776,26768,26811,26811
4782,5,age,47750,47751,128,89,0.6953125,0.703125,0.69921875,False,True,True,0,0,26704,26704,26811,26812
4782,5,age,47750,47751,128,105,0.8203125,0.828125,0.82421875,True,False,True,0,0,26704,26696,26812,26812
4784,5,age,47811,47812,128,9,0.0703125,0.078125,0.07421875,True,False,True,0,0,28400,28392,28409,28409
4784,5,age,47811,47812,128,89,0.6953125,0.703125,0.69921875,False,True,True,0,0,28392,28392,28409,28410
4784,5,age,47811,47812,128,97,0.7578125,0.765625,0.76171875,True,False,True,0,0,28328,28320,28410,28410
4786,5,age,47813,47814,128,17,0.1328125,0.140625,0.13671875,True,False,True,0,0,26776,26768,26875,26875
4786,5,age,47813,47814,128,89,0.6953125,0.703125,0.69921875,False,True,True,0,0,26704,26704,26875,26876
4786,5,age,47813,47814,128,105,0.8203125,0.828125,0.82421875,True,False,True,0,0,26704,26696,26876,26876
4788,5,age,47874,47875,128,9,0.0703125,0.078125,0.07421875,True,False,True,0,0,28400,28392,28409,28409
4788,5,age,47874,47875,128,89,0.6953125,0.703125,0.69921875,False,True,True,0,0,28392,28392,28409,28410
4788,5,age,47874,47875,128,124,0.96875,0.9765625,0.97265625,True,False,True,0,0,28384,28320,28410,28410
4790,5,age,47876,47877,128,17,0.1328125,0.140625,0.13671875,True,False,True,0,0,26776,26768,26875,26875
4790,5,age,47876,47877,128,89,0.6953125,0.703125,0.69921875,False,True,True,0,0,26704,26704,26875,26876
4790,5,age,47876,47877,128,105,0.8203125,0.828125,0.82421875,True,False,True,0,0,26704,26696,26876,26876
4791,5,age,47930,47929,128,15,0.1171875,0.125,0.12109375,True,False,True,0,0,26792,26728,26681,26681
4791,5,age,47930,47929,128,38,0.296875,0.3046875,0.30078125,False,True,True,0,0,26728,26728,26681,26680
4791,5,age,47930,47929,128,118,0.921875,0.9296875,0.92578125,True,False,True,0,0,26736,26672,26680,26680
4796,5,age,47939,47940,128,17,0.1328125,0.140625,0.13671875,True,False,True,0,0,26776,26768,26683,26683
4796,5,age,47939,47940,128,89,0.6953125,0.703125,0.69921875,False,True,True,0,0,26704,26704,26683,26684
4796,5,age,47939,47940,128,105,0.8203125,0.828125,0.82421875,True,False,True,0,0,26704,26696,26684,26684
4798,5,age,48002,48003,128,17,0.1328125,0.140625,0.13671875,True,False,True,0,0,26776,26768,26747,26747
4798,5,age,48002,48003,128,89,0.6953125,0.703125,0.69921875,False,True,True,0,0,26704,26704,26747,26748
4798,5,age,48002,48003,128,105,0.8203125,0.828125,0.82421875,True,False,True,0,0,26704,26696,26748,26748
4800,5,age,48065,48066,128,17,0.1328125,0.140625,0.13671875,True,False,True,0,0,26776,26768,26811,26811
4800,5,age,48065,48066,128,89,0.6953125,0.703125,0.69921875,False,True,True,0,0,26704,26704,26811,26812
4800,5,age,48065,48066,128,105,0.8203125,0.828125,0.82421875,True,False,True,0,0,26704,26696,26812,26812
4802,5,age,48126,48127,128,9,0.0703125,0.078125,0.07421875,True,False,True,0,0,28400,28392,28409,28409
4802,5,age,48126,48127,128,89,0.6953125,0.703125,0.69921875,False,True,True,0,0,28392,28392,28409,28410
4802,5,age,48126,48127,128,97,0.7578125,0.765625,0.76171875,True,False,True,0,0,28328,28320,28410,28410
4804,5,age,48128,48129,128,17,0.1328125,0.140625,0.13671875,True,False,True,0,0,26776,26768,26875,26875
4804,5,age,48128,48129,128,89,0.6953125,0.703125,0.69921875,False,True,True,0,0,26704,26704,26875,26876
4804,5,age,48128,48129,128,105,0.8203125,0.828125,0.82421875,True,False,True,0,0,26704,26696,26876,26876
4806,5,age,48189,48190,128,9,0.0703125,0.078125,0.07421875,True,False,True,0,0,28400,28392,28409,28409
4806,5,age,48189,48190,128,89,0.6953125,0.703125,0.69921875,False,True,True,0,0,28392,28392,28409,28410
4806,5,age,48189,48190,128,124,0.96875,0.9765625,0.97265625,True,False,True,0,0,28384,28320,28410,28410
4808,5,age,48191,48192,128,17,0.1328125,0.140625,0.13671875,True,False,True,0,0,26776,26768,26875,26875
4808,5,age,48191,48192,128,89,0.6953125,0.703125,0.69921875,False,True,True,0,0,26704,26704,26875,26876
4808,5,age,48191,48192,128,105,0.8203125,0.828125,0.82421875,True,False,True,0,0,26704,26696,26876,26876
4809,5,age,48245,48244,128,15,0.1171875,0.125,0.12109375,True,False,True,0,0,48680,48616,48569,48569
4809,5,age,48245,48244,128,38,0.296875,0.3046875,0.30078125,False,True,True,0,0,48616,48616,48569,48568
4809,5,age,48245,48244,128,118,0.921875,0.9296875,0.92578125,True,False,True,0,0,48624,48560,48568,48568
4814,5,age,48254,48255,128,17,0.1328125,0.140625,0.13671875,True,False,True,0,0,48664,48656,48571,48571
4814,5,age,48254,48255,128,89,0.6953125,0.703125,0.69921875,False,True,True,0,0,48592,48592,48571,48572
4814,5,age,48254,48255,128,105,0.8203125,0.828125,0.82421875,True,False,True,0,0,48592,48584,48572,48572
4816,5,age,48317,48318,128,17,0.1328125,0.140625,0.13671875,True,False,True,0,0,48664,48656,48635,48635
4816,5,age,48317,48318,128,89,0.6953125,0.703125,0.69921875,False,True,True,0,0,48592,48592,48635,48636
4816,5,age,48317,48318,128,105,0.8203125,0.828125,0.82421875,True,False,True,0,0,48592,48584,48636,48636
4818,5,age,48380,48381,128,17,0.1328125,0.140625,0.13671875,True,False,True,0,0,48664,48656,48699,48699
4818,5,age,48380,48381,128,89,0.6953125,0.703125,0.69921875,False,True,True,0,0,48592,48592,48699,48700
4818,5,age,48380,48381,128,105,0.8203125,0.828125,0.82421875,True,False,True,0,0,48592,48584,48700,48700
4820,5,age,48441,48442,128,9,0.0703125,0.078125,0.07421875,True,False,True,0,0,50288,50280,50297,50297
4820,5,age,48441,48442,128,89,0.6953125,0.703125,0.69921875,False,True,True,0,0,50280,50280,50297,50298
4820,5,age,48441,48442,128,97,0.7578125,0.765625,0.76171875,True,False,True,0,0,50216,50208,50298,50298
4822,5,age,48443,48444,128,17,0.1328125,0.140625,0.13671875,True,False,True,0,0,48664,48656,48763,48763
4822,5,age,48443,48444,128,89,0.6953125,0.703125,0.69921875,False,True,True,0,0,48592,48592,48763,48764
4822,5,age,48443,48444,128,105,0.8203125,0.828125,0.82421875,True,False,True,0,0,48592,48584,48764,48764
4824,5,age,48504,48505,128,9,0.0703125,0.078125,0.07421875,True,False,True,0,0,50288,50280,50297,50297
4824,5,age,48504,48505,128,89,0.6953125,0.703125,0.69921875,False,True,True,0,0,50280,50280,50297,50298
4824,5,age,48504,48505,128,124,0.96875,0.9765625,0.97265625,True,False,True,0,0,50272,50208,50298,50298
4826,5,age,48506,48507,128,17,0.1328125,0.140625,0.13671875,True,False,True,0,0,48664,48656,48763,48763
4826,5,age,48506,48507,128,89,0.6953125,0.703125,0.69921875,False,True,True,0,0,48592,48592,48763,48764
4826,5,age,48506,48507,128,105,0.8203125,0.828125,0.82421875,True,False,True,0,0,48592,48584,48764,48764
4827,5,age,48560,48559,128,15,0.1171875,0.125,0.12109375,True,False,True,0,0,49064,49000,48953,48953
4827,5,age,48560,48559,128,38,0.296875,0.3046875,0.30078125,False,True,True,0,0,49000,49000,48953,48952
4827,5,age,48560,48559,128,118,0.921875,0.9296875,0.92578125,True,False,True,0,0,49008,48944,48952,48952
4832,5,age,48569,48570,128,17,0.1328125,0.140625,0.13671875,True,False,True,0,0,49048,49040,48955,48955
4832,5,age,48569,48570,128,89,0.6953125,0.703125,0.69921875,False,True,True,0,0,48976,48976,48955,48956
4832,5,age,48569,48570,128,105,0.8203125,0.828125,0.82421875,True,False,True,0,0,48976,48968,48956,48956
4834,5,age,48632,48633,128,17,0.1328125,0.140625,0.13671875,True,False,True,0,0,49048,49040,49019,49019
4834,5,age,48632,48633,128,89,0.6953125,0.703125,0.69921875,False,True,True,0,0,48976,48976,49019,49020
4834,5,age,48632,48633,128,105,0.8203125,0.828125,0.82421875,True,False,True,0,0,48976,48968,49020,49020
4836,5,age,48695,48696,128,17,0.1328125,0.140625,0.13671875,True,False,True,0,0,49048,49040,49083,49083
4836,5,age,48695,48696,128,89,0.6953125,0.703125,0.69921875,False,True,True,0,0,48976,48976,49083,49084
4836,5,age,48695,48696,128,105,0.8203125,0.828125,0.82421875,True,False,True,0,0,48976,48968,49084,49084
4838,5,age,48756,48757,128,9,0.0703125,0.078125,0.07421875,True,False,True,0,0,50672,50664,50681,50681
4838,5,age,48756,48757,128,89,0.6953125,0.703125,0.69921875,False,True,True,0,0,50664,50664,50681,50682
4838,5,age,48756,48757,128,97,0.7578125,0.765625,0.76171875,True,False,True,0,0,50600,50592,50682,50682
4840,5,age,48758,48759,128,17,0.1328125,0.140625,0.13671875,True,False,True,0,0,49048,49040,49147,49147
4840,5,age,48758,48759,128,89,0.6953125,0.703125,0.69921875,False,True,True,0,0,48976,48976,49147,49148
4840,5,age,48758,48759,128,105,0.8203125,0.828125,0.82421875,True,False,True,0,0,48976,48968,49148,49148
4842,5,age,48819,48820,128,9,0.0703125,0.078125,0.07421875,True,False,True,0,0,50672,50664,50681,50681
4842,5,age,48819,48820,128,89,0.6953125,0.703125,0.69921875,False,True,True,0,0,50664,50664,50681,50682
4842,5,age,48819,48820,128,124,0.96875,0.9765625,0.97265625,True,False,True,0,0,50656,50592,50682,50682
4844,5,age,48821,48822,128,17,0.1328125,0.140625,0.13671875,True,False,True,0,0,49048,49040,49147,49147
4844,5,age,48821,48822,128,89,0.6953125,0.703125,0.69921875,False,True,True,0,0,48976,48976,49147,49148
4844,5,age,48821,48822,128,105,0.8203125,0.828125,0.82421875,True,False,True,0,0,48976,48968,49148,49148
4845,5,age,48875,48874,128,15,0.1171875,0.125,0.12109375,True,False,True,0,0,27944,27880,27833,27833
4845,5,age,48875,48874,128,38,0.296875,0.3046875,0.30078125,False,True,True,0,0,27880,27880,27833,27832
4845,5,age,48875,48874,128,118,0.921875,0.9296875,0.92578125,True,False,True,0,0,27888,27824,27832,27832
4850,5,age,48884,48885,128,17,0.1328125,0.140625,0.13671875,True,False,True,0,0,27928,27920,27835,27835
4850,5,age,48884,48885,128,89,0.6953125,0.703125,0.69921875,False,True,True,0,0,27856,27856,27835,27836
4850,5,age,48884,48885,128,105,0.8203125,0.828125,0.82421875,True,False,True,0,0,27856,27848,27836,27836
4852,5,age,48947,48948,128,17,0.1328125,0.140625,0.13671875,True,False,True,0,0,27928,27920,27899,27899
4852,5,age,48947,48948,128,89,0.6953125,0.703125,0.69921875,False,True,True,0,0,27856,27856,27899,27900
4852,5,age,48947,48948,128,105,0.8203125,0.828125,0.82421875,True,False,True,0,0,27856,27848,27900,27900
4854,5,age,49010,49011,128,17,0.1328125,0.140625,0.13671875,True,False,True,0,0,27928,27920,27963,27963
4854,5,age,49010,49011,128,89,0.6953125,0.703125,0.69921875,False,True,True,0,0,27856,27856,27963,27964
4854,5,age,49010,49011,128,105,0.8203125,0.828125,0.82421875,True,False,True,0,0,27856,27848,27964,27964
4856,5,age,49071,49072,128,9,0.0703125,0.078125,0.07421875,True,False,True,0,0,29552,29544,29561,29561
4856,5,age,49071,49072,128,89,0.6953125,0.703125,0.69921875,False,True,True,0,0,29544,29544,29561,29562
4856,5,age,49071,49072,128,97,0.7578125,0.765625,0.76171875,True,False,True,0,0,29480,29472,29562,29562
4858,5,age,49073,49074,128,17,0.1328125,0.140625,0.13671875,True,False,True,0,0,27928,27920,28027,28027
4858,5,age,49073,49074,128,89,0.6953125,0.703125,0.69921875,False,True,True,0,0,27856,27856,28027,28028
4858,5,age,49073,49074,128,105,0.8203125,0.828125,0.82421875,True,False,True,0,0,27856,27848,28028,28028
4860,5,age,49134,49135,128,9,0.0703125,0.078125,0.07421875,True,False,True,0,0,29552,29544,29561,29561
4860,5,age,49134,49135,128,89,0.6953125,0.703125,0.69921875,False,True,True,0,0,29544,29544,29561,29562
4860,5,age,49134,49135,128,124,0.96875,0.9765625,0.97265625,True,False,True,0,0,29536,29472,29562,29562
4862,5,age,49136,49137,128,17,0.1328125,0.140625,0.13671875,True,False,True,0,0,27928,27920,28027,28027
4862,5,age,49136,49137,128,89,0.6953125,0.703125,0.69921875,False,True,True,0,0,27856,27856,28027,28028
4862,5,age,49136,49137,128,105,0.8203125,0.828125,0.82421875,True,False,True,0,0,27856,27848,28028,28028
4863,5,age,49190,49189,128,15,0.1171875,0.125,0.12109375,True,False,True,0,0,28328,28264,28217,28217
4863,5,age,49190,49189,128,38,0.296875,0.3046875,0.30078125,False,True,True,0,0,28264,28264,28217,28216
4863,5,age,49190,49189,128,118,0.921875,0.9296875,0.92578125,True,False,True,0,0,28272,28208,28216,28216
4868,5,age,49199,49200,128,17,0.1328125,0.140625,0.13671875,True,False,True,0,0,28312,28304,28219,28219
4868,5,age,49199,49200,128,89,0.6953125,0.703125,0.69921875,False,True,True,0,0,28240,28240,28219,28220
4868,5,age,49199,49200,128,105,0.8203125,0.828125,0.82421875,True,False,True,0,0,28240,28232,28220,28220
4870,5,age,49262,49263,128,17,0.1328125,0.140625,0.13671875,True,False,True,0,0,28312,28304,28283,28283
4870,5,age,49262,49263,128,89,0.6953125,0.703125,0.69921875,False,True,True,0,0,28240,28240,28283,28284
4870,5,age,49262,49263,128,105,0.8203125,0.828125,0.82421875,True,False,True,0,0,28240,28232,28284,28284
4872,5,age,49325,49326,128,17,0.1328125,0.140625,0.13671875,True,False,True,0,0,28312,28304,28347,28347
4872,5,age,49325,49326,128,89,0.6953125,0.703125,0.69921875,False,True,True,0,0,28240,28240,28347,28348
4872,5,age,49325,49326,128,105,0.8203125,0.828125,0.82421875,True,False,True,0,0,28240,28232,28348,28348
4874,5,age,49386,49387,128,9,0.0703125,0.078125,0.07421875,True,False,True,0,0,29936,29928,29945,29945
4874,5,age,49386,49387,128,89,0.6953125,0.703125,0.69921875,False,True,True,0,0,29928,29928,29945,29946
4874,5,age,49386,49387,128,97,0.7578125,0.765625,0.76171875,True,False,True,0,0,29864,29856,29946,29946
4876,5,age,49388,49389,128,17,0.1328125,0.140625,0.13671875,True,False,True,0,0,28312,28304,28411,28411
4876,5,age,49388,49389,128,89,0.6953125,0.703125,0.69921875,False,True,True,0,0,28240,28240,28411,28412
4876,5,age,49388,49389,128,105,0.8203125,0.828125,0.82421875,True,False,True,0,0,28240,28232,28412,28412
4878,5,age,49449,49450,128,9,0.0703125,0.078125,0.07421875,True,False,True,0,0,29936,29928,29945,29945
4878,5,age,49449,49450,128,89,0.6953125,0.703125,0.69921875,False,True,True,0,0,29928,29928,29945,29946
4878,5,age,49449,49450,128,124,0.96875,0.9765625,0.97265625,True,False,True,0,0,29920,29856,29946,29946
4880,5,age,49451,49452,128,17,0.1328125,0.140625,0.13671875,True,False,True,0,0,28312,28304,28411,28411
4880,5,age,49451,49452,128,89,0.6953125,0.703125,0.69921875,False,True,True,0,0,28240,28240,28411,28412
4880,5,age,49451,49452,128,105,0.8203125,0.828125,0.82421875,True,False,True,0,0,28240,28232,28412,28412
4881,5,age,49505,49504,128,15,0.1171875,0.125,0.12109375,True,False,True,0,0,28328,28264,28217,28217
4881,5,age,49505,49504,128,38,0.296875,0.3046875,0.30078125,False,True,True,0,0,28264,28264,28217,28216
4881,5,age,49505,49504,128,118,0.921875,0.9296875,0.92578125,True,False,True,0,0,28272,28208,28216,28216
4886,5,age,49514,49515,128,17,0.1328125,0.140625,0.13671875,True,False,True,0,0,28312,28304,28219,28219
4886,5,age,49514,49515,128,89,0.6953125,0.703125,0.69921875,False,True,True,0,0,28240,28240,28219,28220
4886,5,age,49514,49515,128,105,0.8203125,0.828125,0.82421875,True,False,True,0,0,28240,28232,28220,28220
4888,5,age,49577,49578,128,17,0.1328125,0.140625,0.13671875,True,False,True,0,0,28312,28304,28283,28283
4888,5,age,49577,49578,128,89,0.6953125,0.703125,0.69921875,False,True,True,0,0,28240,28240,28283,28284
4888,5,age,49577,49578,128,105,0.8203125,0.828125,0.82421875,True,False,True,0,0,28240,28232,28284,28284
4890,5,age,49640,49641,128,17,0.1328125,0.140625,0.13671875,True,False,True,0,0,28312,28304,28347,28347
4890,5,age,49640,49641,128,89,0.6953125,0.703125,0.69921875,False,True,True,0,0,28240,28240,28347,28348
4890,5,age,49640,49641,128,105,0.8203125,0.828125,0.82421875,True,False,True,0,0,28240,28232,28348,28348
4892,5,age,49701,49702,128,9,0.0703125,0.078125,0.07421875,True,False,True,0,0,29936,29928,29945,29945
4892,5,age,49701,49702,128,89,0.6953125,0.703125,0.69921875,False,True,True,0,0,29928,29928,29945,29946
4892,5,age,49701,49702,128,97,0.7578125,0.765625,0.76171875,True,False,True,0,0,29864,29856,29946,29946
4894,5,age,49703,49704,128,17,0.1328125,0.140625,0.13671875,True,False,True,0,0,28312,28304,28411,28411
4894,5,age,49703,49704,128,89,0.6953125,0.703125,0.69921875,False,True,True,0,0,28240,28240,28411,28412
4894,5,age,49703,49704,128,105,0.8203125,0.828125,0.82421875,True,False,True,0,0,28240,28232,28412,28412
4896,5,age,49764,49765,128,9,0.0703125,0.078125,0.07421875,True,False,True,0,0,29936,29928,29945,29945
4896,5,age,49764,49765,128,89,0.6953125,0.703125,0.69921875,False,True,True,0,0,29928,29928,29945,29946
4896,5,age,49764,49765,128,124,0.96875,0.9765625,0.97265625,True,False,True,0,0,29920,29856,29946,29946
4898,5,age,49766,49767,128,17,0.1328125,0.140625,0.13671875,True,False,True,0,0,28312,28304,28411,28411
4898,5,age,49766,49767,128,89,0.6953125,0.703125,0.69921875,False,True,True,0,0,28240,28240,28411,28412
4898,5,age,49766,49767,128,105,0.8203125,0.828125,0.82421875,True,False,True,0,0,28240,28232,28412,28412
4899,5,age,49820,49819,128,15,0.1171875,0.125,0.12109375,True,False,True,0,0,50216,50152,50105,50105
4899,5,age,49820,49819,128,38,0.296875,0.3046875,0.30078125,False,True,True,0,0,50152,50152,50105,50104
4899,5,age,49820,49819,128,118,0.921875,0.9296875,0.92578125,True,False,True,0,0,50160,50096,50104,50104
4904,5,age,49829,49830,128,17,0.1328125,0.140625,0.13671875,True,False,True,0,0,50200,50192,50107,50107
4904,5,age,49829,49830,128,89,0.6953125,0.703125,0.69921875,False,True,True,0,0,50128,50128,50107,50108
4904,5,age,49829,49830,128,105,0.8203125,0.828125,0.82421875,True,False,True,0,0,50128,50120,50108,50108
4906,5,age,49892,49893,128,17,0.1328125,0.140625,0.13671875,True,False,True,0,0,50200,50192,50171,50171
4906,5,age,49892,49893,128,89,0.6953125,0.703125,0.69921875,False,True,True,0,0,50128,50128,50171,50172
4906,5,age,49892,49893,128,105,0.8203125,0.828125,0.82421875,True,False,True,0,0,50128,50120,50172,50172
4908,5,age,49955,49956,128,17,0.1328125,0.140625,0.13671875,True,False,True,0,0,50200,50192,50235,50235
4908,5,age,49955,49956,128,89,0.6953125,0.703125,0.69921875,False,True,True,0,0,50128,50128,50235,50236
4908,5,age,49955,49956,128,105,0.8203125,0.828125,0.82421875,True,False,True,0,0,50128,50120,50236,50236
4910,5,age,50016,50017,128,9,0.0703125,0.078125,0.07421875,True,False,True,0,0,51824,51816,51833,51833
4910,5,age,50016,50017,128,89,0.6953125,0.703125,0.69921875,False,True,True,0,0,51816,51816,51833,51834
4910,5,age,50016,50017,128,97,0.7578125,0.765625,0.76171875,True,False,True,0,0,51752,51744,51834,51834
4912,5,age,50018,50019,128,17,0.1328125,0.140625,0.13671875,True,False,True,0,0,50200,50192,50299,50299
4912,5,age,50018,50019,128,89,0.6953125,0.703125,0.69921875,False,True,True,0,0,50128,50128,50299,50300
4912,5,age,50018,50019,128,105,0.8203125,0.828125,0.82421875,True,False,True,0,0,50128,50120,50300,50300
4914,5,age,50079,50080,128,9,0.0703125,0.078125,0.07421875,True,False,True,0,0,51824,51816,51833,51833
4914,5,age,50079,50080,128,89,0.6953125,0.703125,0.69921875,False,True,True,0,0,51816,51816,51833,51834
4914,5,age,50079,50080,128,124,0.96875,0.9765625,0.97265625,True,False,True,0,0,51808,51744,51834,51834
4916,5,age,50081,50082,128,17,0.1328125,0.140625,0.13671875,True,False,True,0,0,50200,50192,50299,50299
4916,5,age,50081,50082,128,89,0.6953125,0.703125,0.69921875,False,True,True,0,0,50128,50128,50299,50300
4916,5,age,50081,50082,128,105,0.8203125,0.828125,0.82421875,True,False,True,0,0,50128,50120,50300,50300
4917,5,age,50135,50134,128,15,0.1171875,0.125,0.12109375,True,False,True,0,0,50600,50536,50489,50489
4917,5,age,50135,50134,128,38,0.296875,0.3046875,0.30078125,False,True,True,0,0,50536,50536,50489,50488
4917,5,age,50135,50134,128,118,0.921875,0.9296875,0.92578125,True,False,True,0,0,50544,50480,50488,50488
4922,5,age,50144,50145,128,17,0.1328125,0.140625,0.13671875,True,False,True,0,0,50584,50576,50491,50491
4922,5,age,50144,50145,128,89,0.6953125,0.703125,0.69921875,False,True,True,0,0,50512,50512,50491,50492
4922,5,age,50144,50145,128,105,0.8203125,0.828125,0.82421875,True,False,True,0,0,50512,50504,50492,50492
4924,5,age,50207,50208,128,17,0.1328125,0.140625,0.13671875,True,False,True,0,0,50584,50576,50555,50555
4924,5,age,50207,50208,128,89,0.6953125,0.703125,0.69921875,False,True,True,0,0,50512,50512,50555,50556
4924,5,age,50207,50208,128,105,0.8203125,0.828125,0.82421875,True,False,True,0,0,50512,50504,50556,50556
4926,5,age,50270,50271,128,17,0.1328125,0.140625,0.13671875,True,False,True,0,0,50584,50576,50619,50619
4926,5,age,50270,50271,128,89,0.6953125,0.703125,0.69921875,False,True,True,0,0,50512,50512,50619,50620
4926,5,age,50270,50271,128,105,0.8203125,0.828125,0.82421875,True,False,True,0,0,50512,50504,50620,50620
4928,5,age,50331,50332,128,9,0.0703125,0.078125,0.07421875,True,False,True,0,0,52208,52200,52217,52217
4928,5,age,50331,50332,128,89,0.6953125,0.703125,0.69921875,False,True,True,0,0,52200,52200,52217,52218
4928,5,age,50331,50332,128,97,0.7578125,0.765625,0.76171875,True,False,True,0,0,52136,52128,52218,52218
4930,5,age,50333,50334,128,17,0.1328125,0.140625,0.13671875,True,False,True,0,0,50584,50576,50683,50683
4930,5,age,50333,50334,128,89,0.6953125,0.703125,0.69921875,False,True,True,0,0,50512,50512,50683,50684
4930,5,age,50333,50334,128,105,0.8203125,0.828125,0.82421875,True,False,True,0,0,50512,50504,50684,50684
4932,5,age,50394,50395,128,9,0.0703125,0.078125,0.07421875,True,False,True,0,0,52208,52200,52217,52217
4932,5,age,50394,50395,128,89,0.6953125,0.703125,0.69921875,False,True,True,0,0,52200,52200,52217,52218
4932,5,age,50394,50395,128,124,0.96875,0.9765625,0.97265625,True,False,True,0,0,52192,52128,52218,52218
4934,5,age,50396,50397,128,17,0.1328125,0.140625,0.13671875,True,False,True,0,0,50584,50576,50683,50683
4934,5,age,50396,50397,128,89,0.6953125,0.703125,0.69921875,False,True,True,0,0,50512,50512,50683,50684
4934,5,age,50396,50397,128,105,0.8203125,0.828125,0.82421875,True,False,True,0,0,50512,50504,50684,50684
4935,5,age,50450,50449,128,15,0.1171875,0.125,0.12109375,True,False,True,0,0,29480,29416,29369,29369
4935,5,age,50450,50449,128,38,0.296875,0.3046875,0.30078125,False,True,True,0,0,29416,29416,29369,29368
4935,5,age,50450,50449,128,118,0.921875,0.9296875,0.92578125,True,False,True,0,0,29424,29360,29368,29368
4940,5,age,50459,50460,128,17,0.1328125,0.140625,0.13671875,True,False,True,0,0,29464,29456,29371,29371
4940,5,age,50459,50460,128,89,0.6953125,0.703125,0.69921875,False,True,True,0,0,29392,29392,29371,29372
4940,5,age,50459,50460,128,105,0.8203125,0.828125,0.82421875,True,False,True,0,0,29392,29384,29372,29372
4942,5,age,50522,50523,128,17,0.1328125,0.140625,0.13671875,True,False,True,0,0,29464,29456,29435,29435
4942,5,age,50522,50523,128,89,0.6953125,0.703125,0.69921875,False,True,True,0,0,29392,29392,29435,29436
4942,5,age,50522,50523,128,105,0.8203125,0.828125,0.82421875,True,False,True,0,0,29392,29384,29436,29436
4944,5,age,50585,50586,128,17,0.1328125,0.140625,0.13671875,True,False,True,0,0,29464,29456,29499,29499
4944,5,age,50585,50586,128,89,0.6953125,0.703125,0.69921875,False,True,True,0,0,29392,29392,29499,29500
4944,5,age,50585,50586,128,105,0.8203125,0.828125,0.82421875,True,False,True,0,0,29392,29384,29500,29500
4946,5,age,50648,50649,128,17,0.1328125,0.140625,0.13671875,True,False,True,0,0,29464,29456,29563,29563
4946,5,age,50648,50649,128,89,0.6953125,0.703125,0.69921875,False,True,True,0,0,29392,29392,29563,29564
4946,5,age,50648,50649,128,105,0.8203125,0.828125,0.82421875,True,False,True,0,0,29392,29384,29564,29564
4948,5,age,50711,50712,128,17,0.1328125,0.140625,0.13671875,True,False,True,0,0,29464,29456,29563,29563
4948,5,age,50711,50712,128,89,0.6953125,0.703125,0.69921875,False,True,True,0,0,29392,29392,29563,29564
4948,5,age,50711,50712,128,105,0.8203125,0.828125,0.82421875,True,False,True,0,0,29392,29384,29564,29564
4949,5,age,50765,50764,128,15,0.1171875,0.125,0.12109375,True,False,True,0,0,29864,29800,29753,29753
4949,5,age,50765,50764,128,38,0.296875,0.3046875,0.30078125,False,True,True,0,0,29800,29800,29753,29752
4949,5,age,50765,50764,128,118,0.921875,0.9296875,0.92578125,True,False,True,0,0,29808,29744,29752,29752
4954,5,age,50774,50775,128,17,0.1328125,0.140625,0.13671875,True,False,True,0,0,29848,29840,29755,29755
4954,5,age,50774,50775,128,89,0.6953125,0.703125,0.69921875,False,True,True,0,0,29776,29776,29755,29756
4954,5,age,50774,50775,128,105,0.8203125,0.828125,0.82421875,True,False,True,0,0,29776,29768,29756,29756
4956,5,age,50837,50838,128,17,0.1328125,0.140625,0.13671875,True,False,True,0,0,29848,29840,29819,29819
4956,5,age,50837,50838,128,89,0.6953125,0.703125,0.69921875,False,True,True,0,0,29776,29776,29819,29820
4956,5,age,50837,50838,128,105,0.8203125,0.828125,0.82421875,True,False,True,0,0,29776,29768,29820,29820
4958,5,age,50900,50901,128,17,0.1328125,0.140625,0.13671875,True,False,True,0,0,29848,29840,29883,29883
4958,5,age,50900,50901,128,89,0.6953125,0.703125,0.69921875,False,True,True,0,0,29776,29776,29883,29884
4958,5,age,50900,50901,128,105,0.8203125,0.828125,0.82421875,True,False,True,0,0,29776,29768,29884,29884
4960,5,age,50963,50964,128,17,0.1328125,0.140625,0.13671875,True,False,True,0,0,29848,29840,29947,29947
4960,5,age,50963,50964,128,89,0.6953125,0.703125,0.69921875,False,True,True,0,0,29776,29776,29947,29948
4960,5,age,50963,50964,128,105,0.8203125,0.828125,0.82421875,True,False,True,0,0,29776,29768,29948,29948
4962,5,age,51026,51027,128,17,0.1328125,0.140625,0.13671875,True,False,True,0,0,29848,29840,29947,29947
4962,5,age,51026,51027,128,89,0.6953125,0.703125,0.69921875,False,True,True,0,0,29776,29776,29947,29948
4962,5,age,51026,51027,128,105,0.8203125,0.828125,0.82421875,True,False,True,0,0,29776,29768,29948,29948
4963,5,age,51080,51079,128,15,0.1171875,0.125,0.12109375,True,False,True,0,0,29864,29800,29753,29753
4963,5,age,51080,51079,128,38,0.296875,0.3046875,0.30078125,False,True,True,0,0,29800,29800,29753,29752
4963,5,age,51080,51079,128,118,0.921875,0.9296875,0.92578125,True,False,True,0,0,29808,29744,29752,29752
4968,5,age,51089,51090,128,17,0.1328125,0.140625,0.13671875,True,False,True,0,0,29848,29840,29755,29755
4968,5,age,51089,51090,128,89,0.6953125,0.703125,0.69921875,False,True,True,0,0,29776,29776,29755,29756
4968,5,age,51089,51090,128,105,0.8203125,0.828125,0.82421875,True,False,True,0,0,29776,29768,29756,29756
4970,5,age,51152,51153,128,17,0.1328125,0.140625,0.13671875,True,False,True,0,0,29848,29840,29819,29819
4970,5,age,51152,51153,128,89,0.6953125,0.703125,0.69921875,False,True,True,0,0,29776,29776,29819,29820
4970,5,age,51152,51153,128,105,0.8203125,0.828125,0.82421875,True,False,True,0,0,29776,29768,29820,29820
4972,5,age,51215,51216,128,17,0.1328125,0.140625,0.13671875,True,False,True,0,0,29848,29840,29883,29883
4972,5,age,51215,51216,128,89,0.6953125,0.703125,0.69921875,False,True,True,0,0,29776,29776,29883,29884
4972,5,age,51215,51216,128,105,0.8203125,0.828125,0.82421875,True,False,True,0,0,29776,29768,29884,29884
4974,5,age,51278,51279,128,17,0.1328125,0.140625,0.13671875,True,False,True,0,0,29848,29840,29947,29947
4974,5,age,51278,51279,128,89,0.6953125,0.703125,0.69921875,False,True,True,0,0,29776,29776,29947,29948
4974,5,age,51278,51279,128,105,0.8203125,0.828125,0.82421875,True,False,True,0,0,29776,29768,29948,29948
4976,5,age,51341,51342,128,17,0.1328125,0.140625,0.13671875,True,False,True,0,0,29848,29840,29947,29947
4976,5,age,51341,51342,128,89,0.6953125,0.703125,0.69921875,False,True,True,0,0,29776,29776,29947,29948
4976,5,age,51341,51342,128,105,0.8203125,0.828125,0.82421875,True,False,True,0,0,29776,29768,29948,29948
4977,5,age,51395,51394,128,15,0.1171875,0.125,0.12109375,True,False,True,0,0,51752,51688,51641,51641
4977,5,age,51395,51394,128,38,0.296875,0.3046875,0.30078125,False,True,True,0,0,51688,51688,51641,51640
4977,5,age,51395,51394,128,118,0.921875,0.9296875,0.92578125,True,False,True,0,0,51696,51632,51640,51640
4982,5,age,51404,51405,128,17,0.1328125,0.140625,0.13671875,True,False,True,0,0,51736,51728,51643,51643
4982,5,age,51404,51405,128,89,0.6953125,0.703125,0.69921875,False,True,True,0,0,51664,51664,51643,51644
4982,5,age,51404,51405,128,105,0.8203125,0.828125,0.82421875,True,False,True,0,0,51664,51656,51644,51644
4984,5,age,51467,51468,128,17,0.1328125,0.140625,0.13671875,True,False,True,0,0,51736,51728,51707,51707
4984,5,age,51467,51468,128,89,0.6953125,0.703125,0.69921875,False,True,True,0,0,51664,51664,51707,51708
4984,5,age,51467,51468,128,105,0.8203125,0.828125,0.82421875,True,False,True,0,0,51664,51656,51708,51708
4986,5,age,51530,51531,128,17,0.1328125,0.140625,0.13671875,True,False,True,0,0,51736,51728,51771,51771
4986,5,age,51530,51531,128,89,0.6953125,0.703125,0.69921875,False,True,True,0,0,51664,51664,51771,51772
4986,5,age,51530,51531,128,105,0.8203125,0.828125,0.82421875,True,False,True,0,0,51664,51656,51772,51772
4988,5,age,51591,51592,128,9,0.0703125,0.078125,0.07421875,True,False,True,0,0,53360,53352,53369,53369
4988,5,age,51591,51592,128,89,0.6953125,0.703125,0.69921875,False,True,True,0,0,53352,53352,53369,53370
4988,5,age,51591,51592,128,97,0.7578125,0.765625,0.76171875,True,False,True,0,0,53288,53280,53370,53370
4990,5,age,51593,51594,128,17,0.1328125,0.140625,0.13671875,True,False,True,0,0,51736,51728,51835,51835
4990,5,age,51593,51594,128,89,0.6953125,0.703125,0.69921875,False,True,True,0,0,51664,51664,51835,51836
4990,5,age,51593,51594,128,105,0.8203125,0.828125,0.82421875,True,False,True,0,0,51664,51656,51836,51836
4992,5,age,51654,51655,128,9,0.0703125,0.078125,0.07421875,True,False,True,0,0,53360,53352,53369,53369
4992,5,age,51654,51655,128,89,0.6953125,0.703125,0.69921875,False,True,True,0,0,53352,53352,53369,53370
4992,5,age,51654,51655,128,124,0.96875,0.9765625,0.97265625,True,False,True,0,0,53344,53280,53370,53370
4994,5,age,51656,51657,128,17,0.1328125,0.140625,0.13671875,True,False,True,0,0,51736,51728,51835,51835
4994,5,age,51656,51657,128,89,0.6953125,0.703125,0.69921875,False,True,True,0,0,51664,51664,51835,51836
4994,5,age,51656,51657,128,105,0.8203125,0.828125,0.82421875,True,False,True,0,0,51664,51656,51836,51836
4995,5,age,51710,51709,128,15,0.1171875,0.125,0.12109375,True,False,True,0,0,52136,52072,52025,52025
4995,5,age,51710,51709,128,38,0.296875,0.3046875,0.30078125,False,True,True,0,0,52072,52072,52025,52024
4995,5,age,51710,51709,128,118,0.921875,0.9296875,0.92578125,True,False,True,0,0,52080,52016,52024,52024
5000,5,age,51719,51720,128,17,0.1328125,0.140625,0.13671875,True,False,True,0,0,52120,52112,52027,52027
5000,5,age,51719,51720,128,89,0.6953125,0.703125,0.69921875,False,True,True,0,0,52048,52048,52027,52028
5000,5,age,51719,51720,128,105,0.8203125,0.828125,0.82421875,True,False,True,0,0,52048,52040,52028,52028
5002,5,age,51782,51783,128,17,0.1328125,0.140625,0.13671875,True,False,True,0,0,52120,52112,52091,52091
5002,5,age,51782,51783,128,89,0.6953125,0.703125,0.69921875,False,True,True,0,0,52048,52048,52091,52092
5002,5,age,51782,51783,128,105,0.8203125,0.828125,0.82421875,True,False,True,0,0,52048,52040,52092,52092
5004,5,age,51845,51846,128,17,0.1328125,0.140625,0.13671875,True,False,True,0,0,52120,52112,52155,52155
5004,5,age,51845,51846,128,89,0.6953125,0.703125,0.69921875,False,True,True,0,0,52048,52048,52155,52156
5004,5,age,51845,51846,128,105,0.8203125,0.828125,0.82421875,True,False,True,0,0,52048,52040,52156,52156
5006,5,age,51906,51907,128,9,0.0703125,0.078125,0.07421875,True,False,True,0,0,53744,53736,53753,53753
5006,5,age,51906,51907,128,89,0.6953125,0.703125,0.69921875,False,True,True,0,0,53736,53736,53753,53754
5006,5,age,51906,51907,128,97,0.7578125,0.765625,0.76171875,True,False,True,0,0,53672,53664,53754,53754
5008,5,age,51908,51909,128,17,0.1328125,0.140625,0.13671875,True,False,True,0,0,52120,52112,52219,52219
5008,5,age,51908,51909,128,89,0.6953125,0.703125,0.69921875,False,True,True,0,0,52048,52048,52219,52220
5008,5,age,51908,51909,128,105,0.8203125,0.828125,0.82421875,True,False,True,0,0,52048,52040,52220,52220
5010,5,age,51969,51970,128,9,0.0703125,0.078125,0.07421875,True,False,True,0,0,53744,53736,53753,53753
5010,5,age,51969,51970,128,89,0.6953125,0.703125,0.69921875,False,True,True,0,0,53736,53736,53753,53754
5010,5,age,51969,51970,128,124,0.96875,0.9765625,0.97265625,True,False,True,0,0,53728,53664,53754,53754
5012,5,age,51971,51972,128,17,0.1328125,0.140625,0.13671875,True,False,True,0,0,52120,52112,52219,52219
5012,5,age,51971,51972,128,89,0.6953125,0.703125,0.69921875,False,True,True,0,0,52048,52048,52219,52220
5012,5,age,51971,51972,128,105,0.8203125,0.828125,0.82421875,True,False,True,0,0,52048,52040,52220,52220
5013,5,age,52970,52969,128,15,0.1171875,0.125,0.12109375,True,False,True,0,0,53288,53224,53177,53177
5013,5,age,52970,52969,128,38,0.296875,0.3046875,0.30078125,False,True,True,0,0,53224,53224,53177,53176
5013,5,age,52970,52969,128,118,0.921875,0.9296875,0.92578125,True,False,True,0,0,53232,53168,53176,53176
5018,5,age,52979,52980,128,17,0.1328125,0.140625,0.13671875,True,False,True,0,0,53272,53264,53179,53179
5018,5,age,52979,52980,128,89,0.6953125,0.703125,0.69921875,False,True,True,0,0,53200,53200,53179,53180
5018,5,age,52979,52980,128,105,0.8203125,0.828125,0.82421875,True,False,True,0,0,53200,53192,53180,53180
5020,5,age,53042,53043,128,17,0.1328125,0.140625,0.13671875,True,False,True,0,0,53272,53264,53243,53243
5020,5,age,53042,53043,128,89,0.6953125,0.703125,0.69921875,False,True,True,0,0,53200,53200,53243,53244
5020,5,age,53042,53043,128,105,0.8203125,0.828125,0.82421875,True,False,True,0,0,53200,53192,53244,53244
5022,5,age,53105,53106,128,17,0.1328125,0.140625,0.13671875,True,False,True,0,0,53272,53264,53307,53307
5022,5,age,53105,53106,128,89,0.6953125,0.703125,0.69921875,False,True,True,0,0,53200,53200,53307,53308
5022,5,age,53105,53106,128,105,0.8203125,0.828125,0.82421875,True,False,True,0,0,53200,53192,53308,53308
5024,5,age,53166,53167,128,9,0.0703125,0.078125,0.07421875,True,False,True,0,0,54896,54888,54905,54905
5024,5,age,53166,53167,128,89,0.6953125,0.703125,0.69921875,False,True,True,0,0,54888,54888,54905,54906
5024,5,age,53166,53167,128,97,0.7578125,0.765625,0.76171875,True,False,True,0,0,54824,54816,54906,54906
5026,5,age,53168,53169,128,17,0.1328125,0.140625,0.13671875,True,False,True,0,0,53272,53264,53371,53371
5026,5,age,53168,53169,128,89,0.6953125,0.703125,0.69921875,False,True,True,0,0,53200,53200,53371,53372
5026,5,age,53168,53169,128,105,0.8203125,0.828125,0.82421875,True,False,True,0,0,53200,53192,53372,53372
5028,5,age,53229,53230,128,9,0.0703125,0.078125,0.07421875,True,False,True,0,0,54896,54888,54905,54905
5028,5,age,53229,53230,128,89,0.6953125,0.703125,0.69921875,False,True,True,0,0,54888,54888,54905,54906
5028,5,age,53229,53230,128,124,0.96875,0.9765625,0.97265625,True,False,True,0,0,54880,54816,54906,54906
5030,5,age,53231,53232,128,17,0.1328125,0.140625,0.13671875,True,False,True,0,0,53272,53264,53371,53371
5030,5,age,53231,53232,128,89,0.6953125,0.703125,0.69921875,False,True,True,0,0,53200,53200,53371,53372
5030,5,age,53231,53232,128,105,0.8203125,0.828125,0.82421875,True,False,True,0,0,53200,53192,53372,53372
5031,5,age,53285,53284,128,15,0.1171875,0.125,0.12109375,True,False,True,0,0,53672,53608,53561,53561
5031,5,age,53285,53284,128,38,0.296875,0.3046875,0.30078125,False,True,True,0,0,53608,53608,53561,53560
5031,5,age,53285,53284,128,118,0.921875,0.9296875,0.92578125,True,False,True,0,0,53616,53552,53560,53560
5036,5,age,53294,53295,128,17,0.1328125,0.140625,0.13671875,True,False,True,0,0,53656,53648,53563,53563
5036,5,age,53294,53295,128,89,0.6953125,0.703125,0.69921875,False,True,True,0,0,53584,53584,53563,53564
5036,5,age,53294,53295,128,105,0.8203125,0.828125,0.82421875,True,False,True,0,0,53584,53576,53564,53564
5038,5,age,53357,53358,128,17,0.1328125,0.140625,0.13671875,True,False,True,0,0,53656,53648,53627,53627
5038,5,age,53357,53358,128,89,0.6953125,0.703125,0.69921875,False,True,True,0,0,53584,53584,53627,53628
5038,5,age,53357,53358,128,105,0.8203125,0.828125,0.82421875,True,False,True,0,0,53584,53576,53628,53628
5040,5,age,53420,53421,128,17,0.1328125,0.140625,0.13671875,True,False,True,0,0,53656,53648,53691,53691
5040,5,age,53420,53421,128,89,0.6953125,0.703125,0.69921875,False,True,True,0,0,53584,53584,53691,53692
5040,5,age,53420,53421,128,105,0.8203125,0.828125,0.82421875,True,False,True,0,0,53584,53576,53692,53692
5042,5,age,53481,53482,128,9,0.0703125,0.078125,0.07421875,True,False,True,0,0,55280,55272,55289,55289
5042,5,age,53481,53482,128,89,0.6953125,0.703125,0.69921875,False,True,True,0,0,55272,55272,55289,55290
5042,5,age,53481,53482,128,97,0.7578125,0.765625,0.76171875,True,False,True,0,0,55208,55200,55290,55290
5044,5,age,53483,53484,128,17,0.1328125,0.140625,0.13671875,True,False,True,0,0,53656,53648,53755,53755
5044,5,age,53483,53484,128,89,0.6953125,0.703125,0.69921875,False,True,True,0,0,53584,53584,53755,53756
5044,5,age,53483,53484,128,105,0.8203125,0.828125,0.82421875,True,False,True,0,0,53584,53576,53756,53756
5046,5,age,53544,53545,128,9,0.0703125,0.078125,0.07421875,True,False,True,0,0,55280,55272,55289,55289
5046,5,age,53544,53545,128,89,0.6953125,0.703125,0.69921875,False,True,True,0,0,55272,55272,55289,55290
5046,5,age,53544,53545,128,124,0.96875,0.9765625,0.97265625,True,False,True,0,0,55264,55200,55290,55290
5048,5,age,53546,53547,128,17,0.1328125,0.140625,0.13671875,True,False,True,0,0,53656,53648,53755,53755
5048,5,age,53546,53547,128,89,0.6953125,0.703125,0.69921875,False,True,True,0,0,53584,53584,53755,53756
5048,5,age,53546,53547,128,105,0.8203125,0.828125,0.82421875,True,False,True,0,0,53584,53576,53756,53756
5049,5,age,54545,54544,128,15,0.1171875,0.125,0.12109375,True,False,True,0,0,54824,54760,54713,54713
5049,5,age,54545,54544,128,38,0.296875,0.3046875,0.30078125,False,True,True,0,0,54760,54760,54713,54712
5049,5,age,54545,54544,128,118,0.921875,0.9296875,0.92578125,True,False,True,0,0,54768,54704,54712,54712
5054,5,age,54554,54555,128,17,0.1328125,0.140625,0.13671875,True,False,True,0,0,54808,54800,54715,54715
5054,5,age,54554,54555,128,89,0.6953125,0.703125,0.69921875,False,True,True,0,0,54736,54736,54715,54716
5054,5,age,54554,54555,128,105,0.8203125,0.828125,0.82421875,True,False,True,0,0,54736,54728,54716,54716
5056,5,age,54617,54618,128,17,0.1328125,0.140625,0.13671875,True,False,True,0,0,54808,54800,54779,54779
5056,5,age,54617,54618,128,89,0.6953125,0.703125,0.69921875,False,True,True,0,0,54736,54736,54779,54780
5056,5,age,54617,54618,128,105,0.8203125,0.828125,0.82421875,True,False,True,0,0,54736,54728,54780,54780
5058,5,age,54680,54681,128,17,0.1328125,0.140625,0.13671875,True,False,True,0,0,54808,54800,54843,54843
5058,5,age,54680,54681,128,89,0.6953125,0.703125,0.69921875,False,True,True,0,0,54736,54736,54843,54844
5058,5,age,54680,54681,128,105,0.8203125,0.828125,0.82421875,True,False,True,0,0,54736,54728,54844,54844
5060,5,age,54743,54744,128,17,0.1328125,0.140625,0.13671875,True,False,True,0,0,54808,54800,54907,54907
5060,5,age,54743,54744,128,89,0.6953125,0.703125,0.69921875,False,True,True,0,0,54736,54736,54907,54908
5060,5,age,54743,54744,128,105,0.8203125,0.828125,0.82421875,True,False,True,0,0,54736,54728,54908,54908
5062,5,age,54806,54807,128,17,0.1328125,0.140625,0.13671875,True,False,True,0,0,54808,54800,54907,54907
5062,5,age,54806,54807,128,89,0.6953125,0.703125,0.69921875,False,True,True,0,0,54736,54736,54907,54908
5062,5,age,54806,54807,128,105,0.8203125,0.828125,0.82421875,True,False,True,0,0,54736,54728,54908,54908
5063,5,age,54860,54859,128,15,0.1171875,0.125,0.12109375,True,False,True,0,0,55208,55144,55097,55097
5063,5,age,54860,54859,128,38,0.296875,0.3046875,0.30078125,False,True,True,0,0,55144,55144,55097,55096
5063,5,age,54860,54859,128,118,0.921875,0.9296875,0.92578125,True,False,True,0,0,55152,55088,55096,55096
5068,5,age,54869,54870,128,17,0.1328125,0.140625,0.13671875,True,False,True,0,0,55192,55184,55099,55099
5068,5,age,54869,54870,128,89,0.6953125,0.703125,0.69921875,False,True,True,0,0,55120,55120,55099,55100
5068,5,age,54869,54870,128,105,0.8203125,0.828125,0.82421875,True,False,True,0,0,55120,55112,55100,55100
5070,5,age,54932,54933,128,17,0.1328125,0.140625,0.13671875,True,False,True,0,0,55192,55184,55163,55163
5070,5,age,54932,54933,128,89,0.6953125,0.703125,0.69921875,False,True,True,0,0,55120,55120,55163,55164
5070,5,age,54932,54933,128,105,0.8203125,0.828125,0.82421875,True,False,True,0,0,55120,55112,55164,55164
5072,5,age,54995,54996,128,17,0.1328125,0.140625,0.13671875,True,False,True,0,0,55192,55184,55227,55227
5072,5,age,54995,54996,128,89,0.6953125,0.703125,0.69921875,False,True,True,0,0,55120,55120,55227,55228
5072,5,age,54995,54996,128,105,0.8203125,0.828125,0.82421875,True,False,True,0,0,55120,55112,55228,55228
5074,5,age,55058,55059,128,17,0.1328125,0.140625,0.13671875,True,False,True,0,0,55192,55184,55291,55291
5074,5,age,55058,55059,128,89,0.6953125,0.703125,0.69921875,False,True,True,0,0,55120,55120,55291,55292
5074,5,age,55058,55059,128,105,0.8203125,0.828125,0.82421875,True,False,True,0,0,55120,55112,55292,55292
5076,5,age,55121,55122,128,17,0.1328125,0.140625,0.13671875,True,False,True,0,0,55192,55184,55291,55291
5076,5,age,55121,55122,128,89,0.6953125,0.703125,0.69921875,False,True,True,0,0,55120,55120,55291,55292
5076,5,age,55121,55122,128,105,0.8203125,0.828125,0.82421875,True,False,True,0,0,55120,55112,55292,55292
5077,5,age,56120,56119,128,15,0.1171875,0.125,0.12109375,True,False,True,0,0,56360,56296,56249,56249
5077,5,age,56120,56119,128,38,0.296875,0.3046875,0.30078125,False,True,True,0,0,56296,56296,56249,56248
5077,5,age,56120,56119,128,118,0.921875,0.9296875,0.92578125,True,False,True,0,0,56304,56240,56248,56248
5082,5,age,56129,56130,128,17,0.1328125,0.140625,0.13671875,True,False,True,0,0,56344,56336,56251,56251
5082,5,age,56129,56130,128,89,0.6953125,0.703125,0.69921875,False,True,True,0,0,56272,56272,56251,56252
5082,5,age,56129,56130,128,105,0.8203125,0.828125,0.82421875,True,False,True,0,0,56272,56264,56252,56252
5084,5,age,56192,56193,128,17,0.1328125,0.140625,0.13671875,True,False,True,0,0,56344,56336,56315,56315
5084,5,age,56192,56193,128,89,0.6953125,0.703125,0.69921875,False,True,True,0,0,56272,56272,56315,56316
5084,5,age,56192,56193,128,105,0.8203125,0.828125,0.82421875,True,False,True,0,0,56272,56264,56316,56316
5086,5,age,56255,56256,128,17,0.1328125,0.140625,0.13671875,True,False,True,0,0,56344,56336,56379,56379
5086,5,age,56255,56256,128,89,0.6953125,0.703125,0.69921875,False,True,True,0,0,56272,56272,56379,56380
5086,5,age,56255,56256,128,105,0.8203125,0.828125,0.82421875,True,False,True,0,0,56272,56264,56380,56380
5088,5,age,56318,56319,128,17,0.1328125,0.140625,0.13671875,True,False,True,0,0,56344,56336,56443,56443
5088,5,age,56318,56319,128,89,0.6953125,0.703125,0.69921875,False,True,True,0,0,56272,56272,56443,56444
5088,5,age,56318,56319,128,105,0.8203125,0.828125,0.82421875,True,False,True,0,0,56272,56264,56444,56444
5090,5,age,56381,56382,128,17,0.1328125,0.140625,0.13671875,True,False,True,0,0,56344,56336,56443,56443
5090,5,age,56381,56382,128,89,0.6953125,0.703125,0.69921875,False,True,True,0,0,56272,56272,56443,56444
5090,5,age,56381,56382,128,105,0.8203125,0.828125,0.82421875,True,False,True,0,0,56272,56264,56444,56444
5091,5,age,56435,56434,128,15,0.1171875,0.125,0.12109375,True,False,True,0,0,56744,56680,56633,56633
5091,5,age,56435,56434,128,38,0.296875,0.3046875,0.30078125,False,True,True,0,0,56680,56680,56633,56632
5091,5,age,56435,56434,128,118,0.921875,0.9296875,0.92578125,True,False,True,0,0,56688,56624,56632,56632
5096,5,age,56444,56445,128,17,0.1328125,0.140625,0.13671875,True,False,True,0,0,56728,56720,56635,56635
5096,5,age,56444,56445,128,89,0.6953125,0.703125,0.69921875,False,True,True,0,0,56656,56656,56635,56636
5096,5,age,56444,56445,128,105,0.8203125,0.828125,0.82421875,True,False,True,0,0,56656,56648,56636,56636
5098,5,age,56507,56508,128,17,0.1328125,0.140625,0.13671875,True,False,True,0,0,56728,56720,56699,56699
5098,5,age,56507,56508,128,89,0.6953125,0.703125,0.69921875,False,True,True,0,0,56656,56656,56699,56700
5098,5,age,56507,56508,128,105,0.8203125,0.828125,0.82421875,True,False,True,0,0,56656,56648,56700,56700
5100,5,age,56570,56571,128,17,0.1328125,0.140625,0.13671875,True,False,True,0,0,56728,56720,56763,56763
5100,5,age,56570,56571,128,89,0.6953125,0.703125,0.69921875,False,True,True,0,0,56656,56656,56763,56764
5100,5,age,56570,56571,128,105,0.8203125,0.828125,0.82421875,True,False,True,0,0,56656,56648,56764,56764
5102,5,age,56633,56634,128,17,0.1328125,0.140625,0.13671875,True,False,True,0,0,56728,56720,56827,56827
5102,5,age,56633,56634,128,89,0.6953125,0.703125,0.69921875,False,True,True,0,0,56656,56656,56827,56828
5102,5,age,56633,56634,128,105,0.8203125,0.828125,0.82421875,True,False,True,0,0,56656,56648,56828,56828
5104,5,age,56696,56697,128,17,0.1328125,0.140625,0.13671875,True,False,True,0,0,56728,56720,56827,56827
5104,5,age,56696,56697,128,89,0.6953125,0.703125,0.69921875,False,True,True,0,0,56656,56656,56827,56828
5104,5,age,56696,56697,128,105,0.8203125,0.828125,0.82421875,True,False,True,0,0,56656,56648,56828,56828
5106,5,age,63246,63247,128,9,0.0703125,0.078125,0.07421875,True,False,True,0,0,44912,44904,44921,44921
5106,5,age,63246,63247,128,89,0.6953125,0.703125,0.69921875,False,True,True,0,0,44904,44904,44921,44922
5106,5,age,63246,63247,128,97,0.7578125,0.765625,0.76171875,True,False,True,0,0,44840,44832,44922,44922
5108,5,age,63309,63310,128,9,0.0703125,0.078125,0.07421875,True,False,True,0,0,44912,44904,44921,44921
5108,5,age,63309,63310,128,89,0.6953125,0.703125,0.69921875,False,True,True,0,0,44904,44904,44921,44922
5108,5,age,63309,63310,128,124,0.96875,0.9765625,0.97265625,True,False,True,0,0,44896,44832,44922,44922
5110,5,age,63561,63562,128,9,0.0703125,0.078125,0.07421875,True,False,True,0,0,45296,45288,45305,45305
5110,5,age,63561,63562,128,89,0.6953125,0.703125,0.69921875,False,True,True,0,0,45288,45288,45305,45306
5110,5,age,63561,63562,128,97,0.7578125,0.765625,0.76171875,True,False,True,0,0,45224,45216,45306,45306
5112,5,age,63624,63625,128,9,0.0703125,0.078125,0.07421875,True,False,True,0,0,45296,45288,45305,45305
5112,5,age,63624,63625,128,89,0.6953125,0.703125,0.69921875,False,True,True,0,0,45288,45288,45305,45306
5112,5,age,63624,63625,128,124,0.96875,0.9765625,0.97265625,True,False,True,0,0,45280,45216,45306,45306
5114,5,age,63876,63877,128,9,0.0703125,0.078125,0.07421875,True,False,True,0,0,45296,45288,45305,45305
5114,5,age,63876,63877,128,89,0.6953125,0.703125,0.69921875,False,True,True,0,0,45288,45288,45305,45306
5114,5,age,63876,63877,128,97,0.7578125,0.765625,0.76171875,True,False,True,0,0,45224,45216,45306,45306
5116,5,age,63939,63940,128,9,0.0703125,0.078125,0.07421875,True,False,True,0,0,45296,45288,45305,45305
5116,5,age,63939,63940,128,89,0.6953125,0.703125,0.69921875,False,True,True,0,0,45288,45288,45305,45306
5116,5,age,63939,63940,128,124,0.96875,0.9765625,0.97265625,True,False,True,0,0,45280,45216,45306,45306
5118,5,age,64191,64192,128,9,0.0703125,0.078125,0.07421875,True,False,True,0,0,67184,67176,67193,67193
5118,5,age,64191,64192,128,89,0.6953125,0.703125,0.69921875,False,True,True,0,0,67176,67176,67193,67194
5118,5,age,64191,64192,128,97,0.7578125,0.765625,0.76171875,True,False,True,0,0,67112,67104,67194,67194
5120,5,age,64254,64255,128,9,0.0703125,0.078125,0.07421875,True,False,True,0,0,67184,67176,67193,67193
5120,5,age,64254,64255,128,89,0.6953125,0.703125,0.69921875,False,True,True,0,0,67176,67176,67193,67194
5120,5,age,64254,64255,128,124,0.96875,0.9765625,0.97265625,True,False,True,0,0,67168,67104,67194,67194
5122,5,age,64506,64507,128,9,0.0703125,0.078125,0.07421875,True,False,True,0,0,67568,67560,67577,67577
5122,5,age,64506,64507,128,89,0.6953125,0.703125,0.69921875,False,True,True,0,0,67560,67560,67577,67578
5122,5,age,64506,64507,128,97,0.7578125,0.765625,0.76171875,True,False,True,0,0,67496,67488,67578,67578
5124,5,age,64569,64570,128,9,0.0703125,0.078125,0.07421875,True,False,True,0,0,67568,67560,67577,67577
5124,5,age,64569,64570,128,89,0.6953125,0.703125,0.69921875,False,True,True,0,0,67560,67560,67577,67578
5124,5,age,64569,64570,128,124,0.96875,0.9765625,0.97265625,True,False,True,0,0,67552,67488,67578,67578
5125,5,age,64625,64624,128,15,0.1171875,0.125,0.12109375,True,False,True,0,0,44840,44776,44729,44729
5125,5,age,64625,64624,128,38,0.296875,0.3046875,0.30078125,False,True,True,0,0,44776,44776,44729,44728
5125,5,age,64625,64624,128,118,0.921875,0.9296875,0.92578125,True,False,True,0,0,44784,44720,44728,44728
5130,5,age,64634,64635,128,17,0.1328125,0.140625,0.13671875,True,False,True,0,0,44824,44816,44731,44731
5130,5,age,64634,64635,128,89,0.6953125,0.703125,0.69921875,False,True,True,0,0,44752,44752,44731,44732
5130,5,age,64634,64635,128,105,0.8203125,0.828125,0.82421875,True,False,True,0,0,44752,44744,44732,44732
5132,5,age,64697,64698,128,17,0.1328125,0.140625,0.13671875,True,False,True,0,0,44824,44816,44795,44795
5132,5,age,64697,64698,128,89,0.6953125,0.703125,0.69921875,False,True,True,0,0,44752,44752,44795,44796
5132,5,age,64697,64698,128,105,0.8203125,0.828125,0.82421875,True,False,True,0,0,44752,44744,44796,44796
5134,5,age,64760,64761,128,17,0.1328125,0.140625,0.13671875,True,False,True,0,0,44824,44816,44859,44859
5134,5,age,64760,64761,128,89,0.6953125,0.703125,0.69921875,False,True,True,0,0,44752,44752,44859,44860
5134,5,age,64760,64761,128,105,0.8203125,0.828125,0.82421875,True,False,True,0,0,44752,44744,44860,44860
5136,5,age,64821,64822,128,9,0.0703125,0.078125,0.07421875,True,False,True,0,0,46448,46440,46457,46457
5136,5,age,64821,64822,128,89,0.6953125,0.703125,0.69921875,False,True,True,0,0,46440,46440,46457,46458
5136,5,age,64821,64822,128,97,0.7578125,0.765625,0.76171875,True,False,True,0,0,46376,46368,46458,46458
5138,5,age,64823,64824,128,17,0.1328125,0.140625,0.13671875,True,False,True,0,0,44824,44816,44923,44923
5138,5,age,64823,64824,128,89,0.6953125,0.703125,0.69921875,False,True,True,0,0,44752,44752,44923,44924
5138,5,age,64823,64824,128,105,0.8203125,0.828125,0.82421875,True,False,True,0,0,44752,44744,44924,44924
5140,5,age,64884,64885,128,9,0.0703125,0.078125,0.07421875,True,False,True,0,0,46448,46440,46457,46457
5140,5,age,64884,64885,128,89,0.6953125,0.703125,0.69921875,False,True,True,0,0,46440,46440,46457,46458
5140,5,age,64884,64885,128,124,0.96875,0.9765625,0.97265625,True,False,True,0,0,46432,46368,46458,46458
5142,5,age,64886,64887,128,17,0.1328125,0.140625,0.13671875,True,False,True,0,0,44824,44816,44923,44923
5142,5,age,64886,64887,128,89,0.6953125,0.703125,0.69921875,False,True,True,0,0,44752,44752,44923,44924
5142,5,age,64886,64887,128,105,0.8203125,0.828125,0.82421875,True,False,True,0,0,44752,44744,44924,44924
5143,5,age,64940,64939,128,15,0.1171875,0.125,0.12109375,True,False,True,0,0,45224,45160,45113,45113
5143,5,age,64940,64939,128,38,0.296875,0.3046875,0.30078125,False,True,True,0,0,45160,45160,45113,45112
5143,5,age,64940,64939,128,118,0.921875,0.9296875,0.92578125,True,False,True,0,0,45168,45104,45112,45112
5148,5,age,64949,64950,128,17,0.1328125,0.140625,0.13671875,True,False,True,0,0,45208,45200,45115,45115
5148,5,age,64949,64950,128,89,0.6953125,0.703125,0.69921875,False,True,True,0,0,45136,45136,45115,45116
5148,5,age,64949,64950,128,105,0.8203125,0.828125,0.82421875,True,False,True,0,0,45136,45128,45116,45116
5150,5,age,65012,65013,128,17,0.1328125,0.140625,0.13671875,True,False,True,0,0,45208,45200,45179,45179
5150,5,age,65012,65013,128,89,0.6953125,0.703125,0.69921875,False,True,True,0,0,45136,45136,45179,45180
5150,5,age,65012,65013,128,105,0.8203125,0.828125,0.82421875,True,False,True,0,0,45136,45128,45180,45180
5152,5,age,65075,65076,128,17,0.1328125,0.140625,0.13671875,True,False,True,0,0,45208,45200,45243,45243
5152,5,age,65075,65076,128,89,0.6953125,0.703125,0.69921875,False,True,True,0,0,45136,45136,45243,45244
5152,5,age,65075,65076,128,105,0.8203125,0.828125,0.82421875,True,False,True,0,0,45136,45128,45244,45244
5154,5,age,65136,65137,128,9,0.0703125,0.078125,0.07421875,True,False,True,0,0,46832,46824,46841,46841
5154,5,age,65136,65137,128,89,0.6953125,0.703125,0.69921875,False,True,True,0,0,46824,46824,46841,46842
5154,5,age,65136,65137,128,97,0.7578125,0.765625,0.76171875,True,False,True,0,0,46760,46752,46842,46842
5156,5,age,65138,65139,128,17,0.1328125,0.140625,0.13671875,True,False,True,0,0,45208,45200,45307,45307
5156,5,age,65138,65139,128,89,0.6953125,0.703125,0.69921875,False,True,True,0,0,45136,45136,45307,45308
5156,5,age,65138,65139,128,105,0.8203125,0.828125,0.82421875,True,False,True,0,0,45136,45128,45308,45308
5158,5,age,65199,65200,128,9,0.0703125,0.078125,0.07421875,True,False,True,0,0,46832,46824,46841,46841
5158,5,age,65199,65200,128,89,0.6953125,0.703125,0.69921875,False,True,True,0,0,46824,46824,46841,46842
5158,5,age,65199,65200,128,124,0.96875,0.9765625,0.97265625,True,False,True,0,0,46816,46752,46842,46842
5160,5,age,65201,65202,128,17,0.1328125,0.140625,0.13671875,True,False,True,0,0,45208,45200,45307,45307
5160,5,age,65201,65202,128,89,0.6953125,0.703125,0.69921875,False,True,True,0,0,45136,45136,45307,45308
5160,5,age,65201,65202,128,105,0.8203125,0.828125,0.82421875,True,False,True,0,0,45136,45128,45308,45308
5161,5,age,65255,65254,128,15,0.1171875,0.125,0.12109375,True,False,True,0,0,45224,45160,45113,45113
5161,5,age,65255,65254,128,38,0.296875,0.3046875,0.30078125,False,True,True,0,0,45160,45160,45113,45112
5161,5,age,65255,65254,128,118,0.921875,0.9296875,0.92578125,True,False,True,0,0,45168,45104,45112,45112
5166,5,age,65264,65265,128,17,0.1328125,0.140625,0.13671875,True,False,True,0,0,45208,45200,45115,45115
5166,5,age,65264,65265,128,89,0.6953125,0.703125,0.69921875,False,True,True,0,0,45136,45136,45115,45116
5166,5,age,65264,65265,128,105,0.8203125,0.828125,0.82421875,True,False,True,0,0,45136,45128,45116,45116
5168,5,age,65327,65328,128,17,0.1328125,0.140625,0.13671875,True,False,True,0,0,45208,45200,45179,45179
5168,5,age,65327,65328,128,89,0.6953125,0.703125,0.69921875,False,True,True,0,0,45136,45136,45179,45180
5168,5,age,65327,65328,128,105,0.8203125,0.828125,0.82421875,True,False,True,0,0,45136,45128,45180,45180
5170,5,age,65390,65391,128,17,0.1328125,0.140625,0.13671875,True,False,True,0,0,45208,45200,45243,45243
5170,5,age,65390,65391,128,89,0.6953125,0.703125,0.69921875,False,True,True,0,0,45136,45136,45243,45244
5170,5,age,65390,65391,128,105,0.8203125,0.828125,0.82421875,True,False,True,0,0,45136,45128,45244,45244
5172,5,age,65451,65452,128,9,0.0703125,0.078125,0.07421875,True,False,True,0,0,46832,46824,46841,46841
5172,5,age,65451,65452,128,89,0.6953125,0.703125,0.69921875,False,True,True,0,0,46824,46824,46841,46842
5172,5,age,65451,65452,128,97,0.7578125,0.765625,0.76171875,True,False,True,0,0,46760,46752,46842,46842
5174,5,age,65453,65454,128,17,0.1328125,0.140625,0.13671875,True,False,True,0,0,45208,45200,45307,45307
5174,5,age,65453,65454,128,89,0.6953125,0.703125,0.69921875,False,True,True,0,0,45136,45136,45307,45308
5174,5,age,65453,65454,128,105,0.8203125,0.828125,0.82421875,True,False,True,0,0,45136,45128,45308,45308
5176,5,age,65514,65515,128,9,0.0703125,0.078125,0.07421875,True,False,True,0,0,46832,46824,46841,46841
5176,5,age,65514,65515,128,89,0.6953125,0.703125,0.69921875,False,True,True,0,0,46824,46824,46841,46842
5176,5,age,65514,65515,128,124,0.96875,0.9765625,0.97265625,True,False,True,0,0,46816,46752,46842,46842
5178,5,age,65516,65517,128,17,0.1328125,0.140625,0.13671875,True,False,True,0,0,45208,45200,45307,45307
5178,5,age,65516,65517,128,89,0.6953125,0.703125,0.69921875,False,True,True,0,0,45136,45136,45307,45308
5178,5,age,65516,65517,128,105,0.8203125,0.828125,0.82421875,True,False,True,0,0,45136,45128,45308,45308
5179,5,age,65570,65569,128,15,0.1171875,0.125,0.12109375,True,False,True,0,0,67112,67048,67001,67001
5179,5,age,65570,65569,128,38,0.296875,0.3046875,0.30078125,False,True,True,0,0,67048,67048,67001,67000
5179,5,age,65570,65569,128,118,0.921875,0.9296875,0.92578125,True,False,True,0,0,67056,66992,67000,67000
5184,5,age,65579,65580,128,17,0.1328125,0.140625,0.13671875,True,False,True,0,0,67096,67088,67003,67003
5184,5,age,65579,65580,128,89,0.6953125,0.703125,0.69921875,False,True,True,0,0,67024,67024,67003,67004
5184,5,age,65579,65580,128,105,0.8203125,0.828125,0.82421875,True,False,True,0,0,67024,67016,67004,67004
5186,5,age,65642,65643,128,17,0.1328125,0.140625,0.13671875,True,False,True,0,0,67096,67088,67067,67067
5186,5,age,65642,65643,128,89,0.6953125,0.703125,0.69921875,False,True,True,0,0,67024,67024,67067,67068
5186,5,age,65642,65643,128,105,0.8203125,0.828125,0.82421875,True,False,True,0,0,67024,67016,67068,67068
5188,5,age,65705,65706,128,17,0.1328125,0.140625,0.13671875,True,False,True,0,0,67096,67088,67131,67131
5188,5,age,65705,65706,128,89,0.6953125,0.703125,0.69921875,False,True,True,0,0,67024,67024,67131,67132
5188,5,age,65705,65706,128,105,0.8203125,0.828125,0.82421875,True,False,True,0,0,67024,67016,67132,67132
5190,5,age,65766,65767,128,9,0.0703125,0.078125,0.07421875,True,False,True,0,0,68720,68712,68729,68729
5190,5,age,65766,65767,128,89,0.6953125,0.703125,0.69921875,False,True,True,0,0,68712,68712,68729,68730
5190,5,age,65766,65767,128,97,0.7578125,0.765625,0.76171875,True,False,True,0,0,68648,68640,68730,68730
5192,5,age,65768,65769,128,17,0.1328125,0.140625,0.13671875,True,False,True,0,0,67096,67088,67195,67195
5192,5,age,65768,65769,128,89,0.6953125,0.703125,0.69921875,False,True,True,0,0,67024,67024,67195,67196
5192,5,age,65768,65769,128,105,0.8203125,0.828125,0.82421875,True,False,True,0,0,67024,67016,67196,67196
5194,5,age,65829,65830,128,9,0.0703125,0.078125,0.07421875,True,False,True,0,0,68720,68712,68729,68729
5194,5,age,65829,65830,128,89,0.6953125,0.703125,0.69921875,False,True,True,0,0,68712,68712,68729,68730
5194,5,age,65829,65830,128,124,0.96875,0.9765625,0.97265625,True,False,True,0,0,68704,68640,68730,68730
5196,5,age,65831,65832,128,17,0.1328125,0.140625,0.13671875,True,False,True,0,0,67096,67088,67195,67195
5196,5,age,65831,65832,128,89,0.6953125,0.703125,0.69921875,False,True,True,0,0,67024,67024,67195,67196
5196,5,age,65831,65832,128,105,0.8203125,0.828125,0.82421875,True,False,True,0,0,67024,67016,67196,67196
5197,5,age,65885,65884,128,15,0.1171875,0.125,0.12109375,True,False,True,0,0,67496,67432,67385,67385
5197,5,age,65885,65884,128,38,0.296875,0.3046875,0.30078125,False,True,True,0,0,67432,67432,67385,67384
5197,5,age,65885,65884,128,118,0.921875,0.9296875,0.92578125,True,False,True,0,0,67440,67376,67384,67384
5202,5,age,65894,65895,128,17,0.1328125,0.140625,0.13671875,True,False,True,0,0,67480,67472,67387,67387
5202,5,age,65894,65895,128,89,0.6953125,0.703125,0.69921875,False,True,True,0,0,67408,67408,67387,67388
5202,5,age,65894,65895,128,105,0.8203125,0.828125,0.82421875,True,False,True,0,0,67408,67400,67388,67388
5204,5,age,65957,65958,128,17,0.1328125,0.140625,0.13671875,True,False,True,0,0,67480,67472,67451,67451
5204,5,age,65957,65958,128,89,0.6953125,0.703125,0.69921875,False,True,True,0,0,67408,67408,67451,67452
5204,5,age,65957,65958,128,105,0.8203125,0.828125,0.82421875,True,False,True,0,0,67408,67400,67452,67452
5206,5,age,66020,66021,128,17,0.1328125,0.140625,0.13671875,True,False,True,0,0,67480,67472,67515,67515
5206,5,age,66020,66021,128,89,0.6953125,0.703125,0.69921875,False,True,True,0,0,67408,67408,67515,67516
5206,5,age,66020,66021,128,105,0.8203125,0.828125,0.82421875,True,False,True,0,0,67408,67400,67516,67516
5208,5,age,66081,66082,128,9,0.0703125,0.078125,0.07421875,True,False,True,0,0,69104,69096,69113,69113
5208,5,age,66081,66082,128,89,0.6953125,0.703125,0.69921875,False,True,True,0,0,69096,69096,69113,69114
5208,5,age,66081,66082,128,97,0.7578125,0.765625,0.76171875,True,False,True,0,0,69032,69024,69114,69114
5210,5,age,66083,66084,128,17,0.1328125,0.140625,0.13671875,True,False,True,0,0,67480,67472,67579,67579
5210,5,age,66083,66084,128,89,0.6953125,0.703125,0.69921875,False,True,True,0,0,67408,67408,67579,67580
5210,5,age,66083,66084,128,105,0.8203125,0.828125,0.82421875,True,False,True,0,0,67408,67400,67580,67580
5212,5,age,66144,66145,128,9,0.0703125,0.078125,0.07421875,True,False,True,0,0,69104,69096,69113,69113
5212,5,age,66144,66145,128,89,0.6953125,0.703125,0.69921875,False,True,True,0,0,69096,69096,69113,69114
5212,5,age,66144,66145,128,124,0.96875,0.9765625,0.97265625,True,False,True,0,0,69088,69024,69114,69114
5214,5,age,66146,66147,128,17,0.1328125,0.140625,0.13671875,True,False,True,0,0,67480,67472,67579,67579
5214,5,age,66146,66147,128,89,0.6953125,0.703125,0.69921875,False,True,True,0,0,67408,67408,67579,67580
5214,5,age,66146,66147,128,105,0.8203125,0.828125,0.82421875,True,False,True,0,0,67408,67400,67580,67580
5215,5,age,66200,66199,128,15,0.1171875,0.125,0.12109375,True,False,True,0,0,46376,46312,46265,46265
5215,5,age,66200,66199,128,38,0.296875,0.3046875,0.30078125,False,True,True,0,0,46312,46312,46265,46264
5215,5,age,66200,66199,128,118,0.921875,0.9296875,0.92578125,True,False,True,0,0,46320,46256,46264,46264
5220,5,age,66209,66210,128,17,0.1328125,0.140625,0.13671875,True,False,True,0,0,46360,46352,46267,46267
5220,5,age,66209,66210,128,89,0.6953125,0.703125,0.69921875,False,True,True,0,0,46288,46288,46267,46268
5220,5,age,66209,66210,128,105,0.8203125,0.828125,0.82421875,True,False,True,0,0,46288,46280,46268,46268
5222,5,age,66272,66273,128,17,0.1328125,0.140625,0.13671875,True,False,True,0,0,46360,46352,46331,46331
5222,5,age,66272,66273,128,89,0.6953125,0.703125,0.69921875,False,True,True,0,0,46288,46288,46331,46332
5222,5,age,66272,66273,128,105,0.8203125,0.828125,0.82421875,True,False,True,0,0,46288,46280,46332,46332
5224,5,age,66335,66336,128,17,0.1328125,0.140625,0.13671875,True,False,True,0,0,46360,46352,46395,46395
5224,5,age,66335,66336,128,89,0.6953125,0.703125,0.69921875,False,True,True,0,0,46288,46288,46395,46396
5224,5,age,66335,66336,128,105,0.8203125,0.828125,0.82421875,True,False,True,0,0,46288,46280,46396,46396
5226,5,age,66396,66397,128,9,0.0703125,0.078125,0.07421875,True,False,True,0,0,47984,47976,47993,47993
5226,5,age,66396,66397,128,89,0.6953125,0.703125,0.69921875,False,True,True,0,0,47976,47976,47993,47994
5226,5,age,66396,66397,128,97,0.7578125,0.765625,0.76171875,True,False,True,0,0,47912,47904,47994,47994
5228,5,age,66398,66399,128,17,0.1328125,0.140625,0.13671875,True,False,True,0,0,46360,46352,46459,46459
5228,5,age,66398,66399,128,89,0.6953125,0.703125,0.69921875,False,True,True,0,0,46288,46288,46459,46460
5228,5,age,66398,66399,128,105,0.8203125,0.828125,0.82421875,True,False,True,0,0,46288,46280,46460,46460
5230,5,age,66459,66460,128,9,0.0703125,0.078125,0.07421875,True,False,True,0,0,47984,47976,47993,47993
5230,5,age,66459,66460,128,89,0.6953125,0.703125,0.69921875,False,True,True,0,0,47976,47976,47993,47994
5230,5,age,66459,66460,128,124,0.96875,0.9765625,0.97265625,True,False,True,0,0,47968,47904,47994,47994
5232,5,age,66461,66462,128,17,0.1328125,0.140625,0.13671875,True,False,True,0,0,46360,46352,46459,46459
5232,5,age,66461,66462,128,89,0.6953125,0.703125,0.69921875,False,True,True,0,0,46288,46288,46459,46460
5232,5,age,66461,66462,128,105,0.8203125,0.828125,0.82421875,True,False,True,0,0,46288,46280,46460,46460
5233,5,age,66515,66514,128,15,0.1171875,0.125,0.12109375,True,False,True,0,0,46760,46696,46649,46649
5233,5,age,66515,66514,128,38,0.296875,0.3046875,0.30078125,False,True,True,0,0,46696,46696,46649,46648
5233,5,age,66515,66514,128,118,0.921875,0.9296875,0.92578125,True,False,True,0,0,46704,46640,46648,46648
5238,5,age,66524,66525,128,17,0.1328125,0.140625,0.13671875,True,False,True,0,0,46744,46736,46651,46651
5238,5,age,66524,66525,128,89,0.6953125,0.703125,0.69921875,False,True,True,0,0,46672,46672,46651,46652
5238,5,age,66524,66525,128,105,0.8203125,0.828125,0.82421875,True,False,True,0,0,46672,46664,46652,46652
5240,5,age,66587,66588,128,17,0.1328125,0.140625,0.13671875,True,False,True,0,0,46744,46736,46715,46715
5240,5,age,66587,66588,128,89,0.6953125,0.703125,0.69921875,False,True,True,0,0,46672,46672,46715,46716
5240,5,age,66587,66588,128,105,0.8203125,0.828125,0.82421875,True,False,True,0,0,46672,46664,46716,46716
5242,5,age,66650,66651,128,17,0.1328125,0.140625,0.13671875,True,False,True,0,0,46744,46736,46779,46779
5242,5,age,66650,66651,128,89,0.6953125,0.703125,0.69921875,False,True,True,0,0,46672,46672,46779,46780
5242,5,age,66650,66651,128,105,0.8203125,0.828125,0.82421875,True,False,True,0,0,46672,46664,46780,46780
5244,5,age,66711,66712,128,9,0.0703125,0.078125,0.07421875,True,False,True,0,0,48368,48360,48377,48377
5244,5,age,66711,66712,128,89,0.6953125,0.703125,0.69921875,False,True,True,0,0,48360,48360,48377,48378
5244,5,age,66711,66712,128,97,0.7578125,0.765625,0.76171875,True,False,True,0,0,48296,48288,48378,48378
5246,5,age,66713,66714,128,17,0.1328125,0.140625,0.13671875,True,False,True,0,0,46744,46736,46843,46843
5246,5,age,66713,66714,128,89,0.6953125,0.703125,0.69921875,False,True,True,0,0,46672,46672,46843,46844
5246,5,age,66713,66714,128,105,0.8203125,0.828125,0.82421875,True,False,True,0,0,46672,46664,46844,46844
5248,5,age,66774,66775,128,9,0.0703125,0.078125,0.07421875,True,False,True,0,0,48368,48360,48377,48377
5248,5,age,66774,66775,128,89,0.6953125,0.703125,0.69921875,False,True,True,0,0,48360,48360,48377,48378
5248,5,age,66774,66775,128,124,0.96875,0.9765625,0.97265625,True,False,True,0,0,48352,48288,48378,48378
5250,5,age,66776,66777,128,17,0.1328125,0.140625,0.13671875,True,False,True,0,0,46744,46736,46843,46843
5250,5,age,66776,66777,128,89,0.6953125,0.703125,0.69921875,False,True,True,0,0,46672,46672,46843,46844
5250,5,age,66776,66777,128,105,0.8203125,0.828125,0.82421875,True,False,True,0,0,46672,46664,46844,46844
5251,5,age,66830,66829,128,15,0.1171875,0.125,0.12109375,True,False,True,0,0,46760,46696,46649,46649
5251,5,age,66830,66829,128,38,0.296875,0.3046875,0.30078125,False,True,True,0,0,46696,46696,46649,46648
5251,5,age,66830,66829,128,118,0.921875,0.9296875,0.92578125,True,False,True,0,0,46704,46640,46648,46648
5256,5,age,66839,66840,128,17,0.1328125,0.140625,0.13671875,True,False,True,0,0,46744,46736,46651,46651
5256,5,age,66839,66840,128,89,0.6953125,0.703125,0.69921875,False,True,True,0,0,46672,46672,46651,46652
5256,5,age,66839,66840,128,105,0.8203125,0.828125,0.82421875,True,False,True,0,0,46672,46664,46652,46652
5258,5,age,66902,66903,128,17,0.1328125,0.140625,0.13671875,True,False,True,0,0,46744,46736,46715,46715
5258,5,age,66902,66903,128,89,0.6953125,0.703125,0.69921875,False,True,True,0,0,46672,46672,46715,46716
5258,5,age,66902,66903,128,105,0.8203125,0.828125,0.82421875,True,False,True,0,0,46672,46664,46716,46716
5260,5,age,66965,66966,128,17,0.1328125,0.140625,0.13671875,True,False,True,0,0,46744,46736,46779,46779
5260,5,age,66965,66966,128,89,0.6953125,0.703125,0.69921875,False,True,True,0,0,46672,46672,46779,46780
5260,5,age,66965,66966,128,105,0.8203125,0.828125,0.82421875,True,False,True,0,0,46672,46664,46780,46780
5262,5,age,67026,67027,128,9,0.0703125,0.078125,0.07421875,True,False,True,0,0,48368,48360,48377,48377
5262,5,age,67026,67027,128,89,0.6953125,0.703125,0.69921875,False,True,True,0,0,48360,48360,48377,48378
5262,5,age,67026,67027,128,97,0.7578125,0.765625,0.76171875,True,False,True,0,0,48296,48288,48378,48378
5264,5,age,67028,67029,128,17,0.1328125,0.140625,0.13671875,True,False,True,0,0,46744,46736,46843,46843
5264,5,age,67028,67029,128,89,0.6953125,0.703125,0.69921875,False,True,True,0,0,46672,46672,46843,46844
5264,5,age,67028,67029,128,105,0.8203125,0.828125,0.82421875,True,False,True,0,0,46672,46664,46844,46844
5266,5,age,67089,67090,128,9,0.0703125,0.078125,0.07421875,True,False,True,0,0,48368,48360,48377,48377
5266,5,age,67089,67090,128,89,0.6953125,0.703125,0.69921875,False,True,True,0,0,48360,48360,48377,48378
5266,5,age,67089,67090,128,124,0.96875,0.9765625,0.97265625,True,False,True,0,0,48352,48288,48378,48378
5268,5,age,67091,67092,128,17,0.1328125,0.140625,0.13671875,True,False,True,0,0,46744,46736,46843,46843
5268,5,age,67091,67092,128,89,0.6953125,0.703125,0.69921875,False,True,True,0,0,46672,46672,46843,46844
5268,5,age,67091,67092,128,105,0.8203125,0.828125,0.82421875,True,False,True,0,0,46672,46664,46844,46844
5269,5,age,67145,67144,128,15,0.1171875,0.125,0.12109375,True,False,True,0,0,68648,68584,68537,68537
5269,5,age,67145,67144,128,38,0.296875,0.3046875,0.30078125,False,True,True,0,0,68584,68584,68537,68536
5269,5,age,67145,67144,128,118,0.921875,0.9296875,0.92578125,True,False,True,0,0,68592,68528,68536,68536
5274,5,age,67154,67155,128,17,0.1328125,0.140625,0.13671875,True,False,True,0,0,68632,68624,68539,68539
5274,5,age,67154,67155,128,89,0.6953125,0.703125,0.69921875,False,True,True,0,0,68560,68560,68539,68540
5274,5,age,67154,67155,128,105,0.8203125,0.828125,0.82421875,True,False,True,0,0,68560,68552,68540,68540
5276,5,age,67217,67218,128,17,0.1328125,0.140625,0.13671875,True,False,True,0,0,68632,68624,68603,68603
5276,5,age,67217,67218,128,89,0.6953125,0.703125,0.69921875,False,True,True,0,0,68560,68560,68603,68604
5276,5,age,67217,67218,128,105,0.8203125,0.828125,0.82421875,True,False,True,0,0,68560,68552,68604,68604
5278,5,age,67280,67281,128,17,0.1328125,0.140625,0.13671875,True,False,True,0,0,68632,68624,68667,68667
5278,5,age,67280,67281,128,89,0.6953125,0.703125,0.69921875,False,True,True,0,0,68560,68560,68667,68668
5278,5,age,67280,67281,128,105,0.8203125,0.828125,0.82421875,True,False,True,0,0,68560,68552,68668,68668
5280,5,age,67341,67342,128,9,0.0703125,0.078125,0.07421875,True,False,True,0,0,70256,70248,70265,70265
5280,5,age,67341,67342,128,89,0.6953125,0.703125,0.69921875,False,True,True,0,0,70248,70248,70265,70266
5280,5,age,67341,67342,128,97,0.7578125,0.765625,0.76171875,True,False,True,0,0,70184,70176,70266,70266
5282,5,age,67343,67344,128,17,0.1328125,0.140625,0.13671875,True,False,True,0,0,68632,68624,68731,68731
5282,5,age,67343,67344,128,89,0.6953125,0.703125,0.69921875,False,True,True,0,0,68560,68560,68731,68732
5282,5,age,67343,67344,128,105,0.8203125,0.828125,0.82421875,True,False,True,0,0,68560,68552,68732,68732
5284,5,age,67404,67405,128,9,0.0703125,0.078125,0.07421875,True,False,True,0,0,70256,70248,70265,70265
5284,5,age,67404,67405,128,89,0.6953125,0.703125,0.69921875,False,True,True,0,0,70248,70248,70265,70266
5284,5,age,67404,67405,128,124,0.96875,0.9765625,0.97265625,True,False,True,0,0,70240,70176,70266,70266
5286,5,age,67406,67407,128,17,0.1328125,0.140625,0.13671875,True,False,True,0,0,68632,68624,68731,68731
5286,5,age,67406,67407,128,89,0.6953125,0.703125,0.69921875,False,True,True,0,0,68560,68560,68731,68732
5286,5,age,67406,67407,128,105,0.8203125,0.828125,0.82421875,True,False,True,0,0,68560,68552,68732,68732
5287,5,age,67460,67459,128,15,0.1171875,0.125,0.12109375,True,False,True,0,0,69032,68968,68921,68921
5287,5,age,67460,67459,128,38,0.296875,0.3046875,0.30078125,False,True,True,0,0,68968,68968,68921,68920
5287,5,age,67460,67459,128,118,0.921875,0.9296875,0.92578125,True,False,True,0,0,68976,68912,68920,68920
5292,5,age,67469,67470,128,17,0.1328125,0.140625,0.13671875,True,False,True,0,0,69016,69008,68923,68923
5292,5,age,67469,67470,128,89,0.6953125,0.703125,0.69921875,False,True,True,0,0,68944,68944,68923,68924
5292,5,age,67469,67470,128,105,0.8203125,0.828125,0.82421875,True,False,True,0,0,68944,68936,68924,68924
5294,5,age,67532,67533,128,17,0.1328125,0.140625,0.13671875,True,False,True,0,0,69016,69008,68987,68987
5294,5,age,67532,67533,128,89,0.6953125,0.703125,0.69921875,False,True,True,0,0,68944,68944,68987,68988
5294,5,age,67532,67533,128,105,0.8203125,0.828125,0.82421875,True,False,True,0,0,68944,68936,68988,68988
5296,5,age,67595,67596,128,17,0.1328125,0.140625,0.13671875,True,False,True,0,0,69016,69008,69051,69051
5296,5,age,67595,67596,128,89,0.6953125,0.703125,0.69921875,False,True,True,0,0,68944,68944,69051,69052
5296,5,age,67595,67596,128,105,0.8203125,0.828125,0.82421875,True,False,True,0,0,68944,68936,69052,69052
5298,5,age,67656,67657,128,9,0.0703125,0.078125,0.07421875,True,False,True,0,0,70640,70632,70649,70649
5298,5,age,67656,67657,128,89,0.6953125,0.703125,0.69921875,False,True,True,0,0,70632,70632,70649,70650
5298,5,age,67656,67657,128,97,0.7578125,0.765625,0.76171875,True,False,True,0,0,70568,70560,70650,70650
5300,5,age,67658,67659,128,17,0.1328125,0.140625,0.13671875,True,False,True,0,0,69016,69008,69115,69115
5300,5,age,67658,67659,128,89,0.6953125,0.703125,0.69921875,False,True,True,0,0,68944,68944,69115,69116
5300,5,age,67658,67659,128,105,0.8203125,0.828125,0.82421875,True,False,True,0,0,68944,68936,69116,69116
5302,5,age,67719,67720,128,9,0.0703125,0.078125,0.07421875,True,False,True,0,0,70640,70632,70649,70649
5302,5,age,67719,67720,128,89,0.6953125,0.703125,0.69921875,False,True,True,0,0,70632,70632,70649,70650
5302,5,age,67719,67720,128,124,0.96875,0.9765625,0.97265625,True,False,True,0,0,70624,70560,70650,70650
5304,5,age,67721,67722,128,17,0.1328125,0.140625,0.13671875,True,False,True,0,0,69016,69008,69115,69115
5304,5,age,67721,67722,128,89,0.6953125,0.703125,0.69921875,False,True,True,0,0,68944,68944,69115,69116
5304,5,age,67721,67722,128,105,0.8203125,0.828125,0.82421875,True,False,True,0,0,68944,68936,69116,69116
5305,5,age,67775,67774,128,15,0.1171875,0.125,0.12109375,True,False,True,0,0,47912,47848,47801,47801
5305,5,age,67775,67774,128,38,0.296875,0.3046875,0.30078125,False,True,True,0,0,47848,47848,47801,47800
5305,5,age,67775,67774,128,118,0.921875,0.9296875,0.92578125,True,False,True,0,0,47856,47792,47800,47800
5310,5,age,67784,67785,128,17,0.1328125,0.140625,0.13671875,True,False,True,0,0,47896,47888,47803,47803
5310,5,age,67784,67785,128,89,0.6953125,0.703125,0.69921875,False,True,True,0,0,47824,47824,47803,47804
5310,5,age,67784,67785,128,105,0.8203125,0.828125,0.82421875,True,False,True,0,0,47824,47816,47804,47804
5312,5,age,67847,67848,128,17,0.1328125,0.140625,0.13671875,True,False,True,0,0,47896,47888,47867,47867
5312,5,age,67847,67848,128,89,0.6953125,0.703125,0.69921875,False,True,True,0,0,47824,47824,47867,47868
5312,5,age,67847,67848,128,105,0.8203125,0.828125,0.82421875,True,False,True,0,0,47824,47816,47868,47868
5314,5,age,67910,67911,128,17,0.1328125,0.140625,0.13671875,True,False,True,0,0,47896,47888,47931,47931
5314,5,age,67910,67911,128,89,0.6953125,0.703125,0.69921875,False,True,True,0,0,47824,47824,47931,47932
5314,5,age,67910,67911,128,105,0.8203125,0.828125,0.82421875,True,False,True,0,0,47824,47816,47932,47932
5316,5,age,67971,67972,128,9,0.0703125,0.078125,0.07421875,True,False,True,0,0,49520,49512,49529,49529
5316,5,age,67971,67972,128,89,0.6953125,0.703125,0.69921875,False,True,True,0,0,49512,49512,49529,49530
5316,5,age,67971,67972,128,97,0.7578125,0.765625,0.76171875,True,False,True,0,0,49448,49440,49530,49530
5318,5,age,67973,67974,128,17,0.1328125,0.140625,0.13671875,True,False,True,0,0,47896,47888,47995,47995
5318,5,age,67973,67974,128,89,0.6953125,0.703125,0.69921875,False,True,True,0,0,47824,47824,47995,47996
5318,5,age,67973,67974,128,105,0.8203125,0.828125,0.82421875,True,False,True,0,0,47824,47816,47996,47996
5320,5,age,68034,68035,128,9,0.0703125,0.078125,0.07421875,True,False,True,0,0,49520,49512,49529,49529
5320,5,age,68034,68035,128,89,0.6953125,0.703125,0.69921875,False,True,True,0,0,49512,49512,49529,49530
5320,5,age,68034,68035,128,124,0.96875,0.9765625,0.97265625,True,False,True,0,0,49504,49440,49530,49530
5322,5,age,68036,68037,128,17,0.1328125,0.140625,0.13671875,True,False,True,0,0,47896,47888,47995,47995
5322,5,age,68036,68037,128,89,0.6953125,0.703125,0.69921875,False,True,True,0,0,47824,47824,47995,47996
5322,5,age,68036,68037,128,105,0.8203125,0.828125,0.82421875,True,False,True,0,0,47824,47816,47996,47996
5323,5,age,68090,68089,128,15,0.1171875,0.125,0.12109375,True,False,True,0,0,48296,48232,48185,48185
5323,5,age,68090,68089,128,38,0.296875,0.3046875,0.30078125,False,True,True,0,0,48232,48232,48185,48184
5323,5,age,68090,68089,128,118,0.921875,0.9296875,0.92578125,True,False,True,0,0,48240,48176,48184,48184
5328,5,age,68099,68100,128,17,0.1328125,0.140625,0.13671875,True,False,True,0,0,48280,48272,48187,48187
5328,5,age,68099,68100,128,89,0.6953125,0.703125,0.69921875,False,True,True,0,0,48208,48208,48187,48188
5328,5,age,68099,68100,128,105,0.8203125,0.828125,0.82421875,True,False,True,0,0,48208,48200,48188,48188
5330,5,age,68162,68163,128,17,0.1328125,0.140625,0.13671875,True,False,True,0,0,48280,48272,48251,48251
5330,5,age,68162,68163,128,89,0.6953125,0.703125,0.69921875,False,True,True,0,0,48208,48208,48251,48252
5330,5,age,68162,68163,128,105,0.8203125,0.828125,0.82421875,True,False,True,0,0,48208,48200,48252,48252
5332,5,age,68225,68226,128,17,0.1328125,0.140625,0.13671875,True,False,True,0,0,48280,48272,48315,48315
5332,5,age,68225,68226,128,89,0.6953125,0.703125,0.69921875,False,True,True,0,0,48208,48208,48315,48316
5332,5,age,68225,68226,128,105,0.8203125,0.828125,0.82421875,True,False,True,0,0,48208,48200,48316,48316
5334,5,age,68286,68287,128,9,0.0703125,0.078125,0.07421875,True,False,True,0,0,49904,49896,49913,49913
5334,5,age,68286,68287,128,89,0.6953125,0.703125,0.69921875,False,True,True,0,0,49896,49896,49913,49914
5334,5,age,68286,68287,128,97,0.7578125,0.765625,0.76171875,True,False,True,0,0,49832,49824,49914,49914
5336,5,age,68288,68289,128,17,0.1328125,0.140625,0.13671875,True,False,True,0,0,48280,48272,48379,48379
5336,5,age,68288,68289,128,89,0.6953125,0.703125,0.69921875,False,True,True,0,0,48208,48208,48379,48380
5336,5,age,68288,68289,128,105,0.8203125,0.828125,0.82421875,True,False,True,0,0,48208,48200,48380,48380
5338,5,age,68349,68350,128,9,0.0703125,0.078125,0.07421875,True,False,True,0,0,49904,49896,49913,49913
5338,5,age,68349,68350,128,89,0.6953125,0.703125,0.69921875,False,True,True,0,0,49896,49896,49913,49914
5338,5,age,68349,68350,128,124,0.96875,0.9765625,0.97265625,True,False,True,0,0,49888,49824,49914,49914
5340,5,age,68351,68352,128,17,0.1328125,0.140625,0.13671875,True,False,True,0,0,48280,48272,48379,48379
5340,5,age,68351,68352,128,89,0.6953125,0.703125,0.69921875,False,True,True,0,0,48208,48208,48379,48380
5340,5,age,68351,68352,128,105,0.8203125,0.828125,0.82421875,True,False,True,0,0,48208,48200,48380,48380
5341,5,age,68405,68404,128,15,0.1171875,0.125,0.12109375,True,False,True,0,0,48296,48232,48185,48185
5341,5,age,68405,68404,128,38,0.296875,0.3046875,0.30078125,False,True,True,0,0,48232,48232,48185,48184
5341,5,age,68405,68404,128,118,0.921875,0.9296875,0.92578125,True,False,True,0,0,48240,48176,48184,48184
5346,5,age,68414,68415,128,17,0.1328125,0.140625,0.13671875,True,False,True,0,0,48280,48272,48187,48187
5346,5,age,68414,68415,128,89,0.6953125,0.703125,0.69921875,False,True,True,0,0,48208,48208,48187,48188
5346,5,age,68414,68415,128,105,0.8203125,0.828125,0.82421875,True,False,True,0,0,48208,48200,48188,48188
5348,5,age,68477,68478,128,17,0.1328125,0.140625,0.13671875,True,False,True,0,0,48280,48272,48251,48251
5348,5,age,68477,68478,128,89,0.6953125,0.703125,0.69921875,False,True,True,0,0,48208,48208,48251,48252
5348,5,age,68477,68478,128,105,0.8203125,0.828125,0.82421875,True,False,True,0,0,48208,48200,48252,48252
5350,5,age,68540,68541,128,17,0.1328125,0.140625,0.13671875,True,False,True,0,0,48280,48272,48315,48315
5350,5,age,68540,68541,128,89,0.6953125,0.703125,0.69921875,False,True,True,0,0,48208,48208,48315,48316
5350,5,age,68540,68541,128,105,0.8203125,0.828125,0.82421875,True,False,True,0,0,48208,48200,48316,48316
5352,5,age,68601,68602,128,9,0.0703125,0.078125,0.07421875,True,False,True,0,0,49904,49896,49913,49913
5352,5,age,68601,68602,128,89,0.6953125,0.703125,0.69921875,False,True,True,0,0,49896,49896,49913,49914
5352,5,age,68601,68602,128,97,0.7578125,0.765625,0.76171875,True,False,True,0,0,49832,49824,49914,49914
5354,5,age,68603,68604,128,17,0.1328125,0.140625,0.13671875,True,False,True,0,0,48280,48272,48379,48379
5354,5,age,68603,68604,128,89,0.6953125,0.703125,0.69921875,False,True,True,0,0,48208,48208,48379,48380
5354,5,age,68603,68604,128,105,0.8203125,0.828125,0.82421875,True,False,True,0,0,48208,48200,48380,48380
5356,5,age,68664,68665,128,9,0.0703125,0.078125,0.07421875,True,False,True,0,0,49904,49896,49913,49913
5356,5,age,68664,68665,128,89,0.6953125,0.703125,0.69921875,False,True,True,0,0,49896,49896,49913,49914
5356,5,age,68664,68665,128,124,0.96875,0.9765625,0.97265625,True,False,True,0,0,49888,49824,49914,49914
5358,5,age,68666,68667,128,17,0.1328125,0.140625,0.13671875,True,False,True,0,0,48280,48272,48379,48379
5358,5,age,68666,68667,128,89,0.6953125,0.703125,0.69921875,False,True,True,0,0,48208,48208,48379,48380
5358,5,age,68666,68667,128,105,0.8203125,0.828125,0.82421875,True,False,True,0,0,48208,48200,48380,48380
5359,5,age,68720,68719,128,15,0.1171875,0.125,0.12109375,True,False,True,0,0,70184,70120,70073,70073
5359,5,age,68720,68719,128,38,0.296875,0.3046875,0.30078125,False,True,True,0,0,70120,70120,70073,70072
5359,5,age,68720,68719,128,118,0.921875,0.9296875,0.92578125,True,False,True,0,0,70128,70064,70072,70072
5364,5,age,68729,68730,128,17,0.1328125,0.140625,0.13671875,True,False,True,0,0,70168,70160,70075,70075
5364,5,age,68729,68730,128,89,0.6953125,0.703125,0.69921875,False,True,True,0,0,70096,70096,70075,70076
5364,5,age,68729,68730,128,105,0.8203125,0.828125,0.82421875,True,False,True,0,0,70096,70088,70076,70076
5366,5,age,68792,68793,128,17,0.1328125,0.140625,0.13671875,True,False,True,0,0,70168,70160,70139,70139
5366,5,age,68792,68793,128,89,0.6953125,0.703125,0.69921875,False,True,True,0,0,70096,70096,70139,70140
5366,5,age,68792,68793,128,105,0.8203125,0.828125,0.82421875,True,False,True,0,0,70096,70088,70140,70140
5368,5,age,68855,68856,128,17,0.1328125,0.140625,0.13671875,True,False,True,0,0,70168,70160,70203,70203
5368,5,age,68855,68856,128,89,0.6953125,0.703125,0.69921875,False,True,True,0,0,70096,70096,70203,70204
5368,5,age,68855,68856,128,105,0.8203125,0.828125,0.82421875,True,False,True,0,0,70096,70088,70204,70204
5370,5,age,68916,68917,128,9,0.0703125,0.078125,0.07421875,True,False,True,0,0,71792,71784,71801,71801
5370,5,age,68916,68917,128,89,0.6953125,0.703125,0.69921875,False,True,True,0,0,71784,71784,71801,71802
5370,5,age,68916,68917,128,97,0.7578125,0.765625,0.76171875,True,False,True,0,0,71720,71712,71802,71802
5372,5,age,68918,68919,128,17,0.1328125,0.140625,0.13671875,True,False,True,0,0,70168,70160,70267,70267
5372,5,age,68918,68919,128,89,0.6953125,0.703125,0.69921875,False,True,True,0,0,70096,70096,70267,70268
5372,5,age,68918,68919,128,105,0.8203125,0.828125,0.82421875,True,False,True,0,0,70096,70088,70268,70268
5374,5,age,68979,68980,128,9,0.0703125,0.078125,0.07421875,True,False,True,0,0,71792,71784,71801,71801
5374,5,age,68979,68980,128,89,0.6953125,0.703125,0.69921875,False,True,True,0,0,71784,71784,71801,71802
5374,5,age,68979,68980,128,124,0.96875,0.9765625,0.97265625,True,False,True,0,0,71776,71712,71802,71802
5376,5,age,68981,68982,128,17,0.1328125,0.140625,0.13671875,True,False,True,0,0,70168,70160,70267,70267
5376,5,age,68981,68982,128,89,0.6953125,0.703125,0.69921875,False,True,True,0,0,70096,70096,70267,70268
5376,5,age,68981,68982,128,105,0.8203125,0.828125,0.82421875,True,False,True,0,0,70096,70088,70268,70268
5377,5,age,69035,69034,128,15,0.1171875,0.125,0.12109375,True,False,True,0,0,70568,70504,70457,70457
5377,5,age,69035,69034,128,38,0.296875,0.3046875,0.30078125,False,True,True,0,0,70504,70504,70457,70456
5377,5,age,69035,69034,128,118,0.921875,0.9296875,0.92578125,True,False,True,0,0,70512,70448,70456,70456
5382,5,age,69044,69045,128,17,0.1328125,0.140625,0.13671875,True,False,True,0,0,70552,70544,70459,70459
5382,5,age,69044,69045,128,89,0.6953125,0.703125,0.69921875,False,True,True,0,0,70480,70480,70459,70460
5382,5,age,69044,69045,128,105,0.8203125,0.828125,0.82421875,True,False,True,0,0,70480,70472,70460,70460
5384,5,age,69107,69108,128,17,0.1328125,0.140625,0.13671875,True,False,True,0,0,70552,70544,70523,70523
5384,5,age,69107,69108,128,89,0.6953125,0.703125,0.69921875,False,True,True,0,0,70480,70480,70523,70524
5384,5,age,69107,69108,128,105,0.8203125,0.828125,0.82421875,True,False,True,0,0,70480,70472,70524,70524
5386,5,age,69170,69171,128,17,0.1328125,0.140625,0.13671875,True,False,True,0,0,70552,70544,70587,70587
5386,5,age,69170,69171,128,89,0.6953125,0.703125,0.69921875,False,True,True,0,0,70480,70480,70587,70588
5386,5,age,69170,69171,128,105,0.8203125,0.828125,0.82421875,True,False,True,0,0,70480,70472,70588,70588
5388,5,age,69231,69232,128,9,0.0703125,0.078125,0.07421875,True,False,True,0,0,72176,72168,72185,72185
5388,5,age,69231,69232,128,89,0.6953125,0.703125,0.69921875,False,True,True,0,0,72168,72168,72185,72186
5388,5,age,69231,69232,128,97,0.7578125,0.765625,0.76171875,True,False,True,0,0,72104,72096,72186,72186
5390,5,age,69233,69234,128,17,0.1328125,0.140625,0.13671875,True,False,True,0,0,70552,70544,70651,70651
5390,5,age,69233,69234,128,89,0.6953125,0.703125,0.69921875,False,True,True,0,0,70480,70480,70651,70652
5390,5,age,69233,69234,128,105,0.8203125,0.828125,0.82421875,True,False,True,0,0,70480,70472,70652,70652
5392,5,age,69294,69295,128,9,0.0703125,0.078125,0.07421875,True,False,True,0,0,72176,72168,72185,72185
5392,5,age,69294,69295,128,89,0.6953125,0.703125,0.69921875,False,True,True,0,0,72168,72168,72185,72186
5392,5,age,69294,69295,128,124,0.96875,0.9765625,0.97265625,True,False,True,0,0,72160,72096,72186,72186
5394,5,age,69296,69297,128,17,0.1328125,0.140625,0.13671875,True,False,True,0,0,70552,70544,70651,70651
5394,5,age,69296,69297,128,89,0.6953125,0.703125,0.69921875,False,True,True,0,0,70480,70480,70651,70652
5394,5,age,69296,69297,128,105,0.8203125,0.828125,0.82421875,True,False,True,0,0,70480,70472,70652,70652
5395,5,age,69350,69349,128,15,0.1171875,0.125,0.12109375,True,False,True,0,0,49448,49384,49337,49337
5395,5,age,69350,69349,128,38,0.296875,0.3046875,0.30078125,False,True,True,0,0,49384,49384,49337,49336
5395,5,age,69350,69349,128,118,0.921875,0.9296875,0.92578125,True,False,True,0,0,49392,49328,49336,49336
5400,5,age,69359,69360,128,17,0.1328125,0.140625,0.13671875,True,False,True,0,0,49432,49424,49339,49339
5400,5,age,69359,69360,128,89,0.6953125,0.703125,0.69921875,False,True,True,0,0,49360,49360,49339,49340
5400,5,age,69359,69360,128,105,0.8203125,0.828125,0.82421875,True,False,True,0,0,49360,49352,49340,49340
5402,5,age,69422,69423,128,17,0.1328125,0.140625,0.13671875,True,False,True,0,0,49432,49424,49403,49403
5402,5,age,69422,69423,128,89,0.6953125,0.703125,0.69921875,False,True,True,0,0,49360,49360,49403,49404
5402,5,age,69422,69423,128,105,0.8203125,0.828125,0.82421875,True,False,True,0,0,49360,49352,49404,49404
5404,5,age,69485,69486,128,17,0.1328125,0.140625,0.13671875,True,False,True,0,0,49432,49424,49467,49467
5404,5,age,69485,69486,128,89,0.6953125,0.703125,0.69921875,False,True,True,0,0,49360,49360,49467,49468
5404,5,age,69485,69486,128,105,0.8203125,0.828125,0.82421875,True,False,True,0,0,49360,49352,49468,49468
5406,5,age,69546,69547,128,9,0.0703125,0.078125,0.07421875,True,False,True,0,0,51056,51048,51065,51065
5406,5,age,69546,69547,128,89,0.6953125,0.703125,0.69921875,False,True,True,0,0,51048,51048,51065,51066
5406,5,age,69546,69547,128,97,0.7578125,0.765625,0.76171875,True,False,True,0,0,50984,50976,51066,51066
5408,5,age,69548,69549,128,17,0.1328125,0.140625,0.13671875,True,False,True,0,0,49432,49424,49531,49531
5408,5,age,69548,69549,128,89,0.6953125,0.703125,0.69921875,False,True,True,0,0,49360,49360,49531,49532
5408,5,age,69548,69549,128,105,0.8203125,0.828125,0.82421875,True,False,True,0,0,49360,49352,49532,49532
5410,5,age,69609,69610,128,9,0.0703125,0.078125,0.07421875,True,False,True,0,0,51056,51048,51065,51065
5410,5,age,69609,69610,128,89,0.6953125,0.703125,0.69921875,False,True,True,0,0,51048,51048,51065,51066
5410,5,age,69609,69610,128,124,0.96875,0.9765625,0.97265625,True,False,True,0,0,51040,50976,51066,51066
5412,5,age,69611,69612,128,17,0.1328125,0.140625,0.13671875,True,False,True,0,0,49432,49424,49531,49531
5412,5,age,69611,69612,128,89,0.6953125,0.703125,0.69921875,False,True,True,0,0,49360,49360,49531,49532
5412,5,age,69611,69612,128,105,0.8203125,0.828125,0.82421875,True,False,True,0,0,49360,49352,49532,49532
5413,5,age,69665,69664,128,15,0.1171875,0.125,0.12109375,True,False,True,0,0,49832,49768,49721,49721
5413,5,age,69665,69664,128,38,0.296875,0.3046875,0.30078125,False,True,True,0,0,49768,49768,49721,49720
5413,5,age,69665,69664,128,118,0.921875,0.9296875,0.92578125,True,False,True,0,0,49776,49712,49720,49720
5418,5,age,69674,69675,128,17,0.1328125,0.140625,0.13671875,True,False,True,0,0,49816,49808,49723,49723
5418,5,age,69674,69675,128,89,0.6953125,0.703125,0.69921875,False,True,True,0,0,49744,49744,49723,49724
5418,5,age,69674,69675,128,105,0.8203125,0.828125,0.82421875,True,False,True,0,0,49744,49736,49724,49724
5420,5,age,69737,69738,128,17,0.1328125,0.140625,0.13671875,True,False,True,0,0,49816,49808,49787,49787
5420,5,age,69737,69738,128,89,0.6953125,0.703125,0.69921875,False,True,True,0,0,49744,49744,49787,49788
5420,5,age,69737,69738,128,105,0.8203125,0.828125,0.82421875,True,False,True,0,0,49744,49736,49788,49788
5422,5,age,69800,69801,128,17,0.1328125,0.140625,0.13671875,True,False,True,0,0,49816,49808,49851,49851
5422,5,age,69800,69801,128,89,0.6953125,0.703125,0.69921875,False,True,True,0,0,49744,49744,49851,49852
5422,5,age,69800,69801,128,105,0.8203125,0.828125,0.82421875,True,False,True,0,0,49744,49736,49852,49852
5424,5,age,69861,69862,128,9,0.0703125,0.078125,0.07421875,True,False,True,0,0,51440,51432,51449,51449
5424,5,age,69861,69862,128,89,0.6953125,0.703125,0.69921875,False,True,True,0,0,51432,51432,51449,51450
5424,5,age,69861,69862,128,97,0.7578125,0.765625,0.76171875,True,False,True,0,0,51368,51360,51450,51450
5426,5,age,69863,69864,128,17,0.1328125,0.140625,0.13671875,True,False,True,0,0,49816,49808,49915,49915
5426,5,age,69863,69864,128,89,0.6953125,0.703125,0.69921875,False,True,True,0,0,49744,49744,49915,49916
5426,5,age,69863,69864,128,105,0.8203125,0.828125,0.82421875,True,False,True,0,0,49744,49736,49916,49916
5428,5,age,69924,69925,128,9,0.0703125,0.078125,0.07421875,True,False,True,0,0,51440,51432,51449,51449
5428,5,age,69924,69925,128,89,0.6953125,0.703125,0.69921875,False,True,True,0,0,51432,51432,51449,51450
5428,5,age,69924,69925,128,124,0.96875,0.9765625,0.97265625,True,False,True,0,0,51424,51360,51450,51450
5430,5,age,69926,69927,128,17,0.1328125,0.140625,0.13671875,True,False,True,0,0,49816,49808,49915,49915
5430,5,age,69926,69927,128,89,0.6953125,0.703125,0.69921875,False,True,True,0,0,49744,49744,49915,49916
5430,5,age,69926,69927,128,105,0.8203125,0.828125,0.82421875,True,False,True,0,0,49744,49736,49916,49916
5431,5,age,69980,69979,128,15,0.1171875,0.125,0.12109375,True,False,True,0,0,49832,49768,49721,49721
5431,5,age,69980,69979,128,38,0.296875,0.3046875,0.30078125,False,True,True,0,0,49768,49768,49721,49720
5431,5,age,69980,69979,128,118,0.921875,0.9296875,0.92578125,True,False,True,0,0,49776,49712,49720,49720
5436,5,age,69989,69990,128,17,0.1328125,0.140625,0.13671875,True,False,True,0,0,49816,49808,49723,49723
5436,5,age,69989,69990,128,89,0.6953125,0.703125,0.69921875,False,True,True,0,0,49744,49744,49723,49724
5436,5,age,69989,69990,128,105,0.8203125,0.828125,0.82421875,True,False,True,0,0,49744,49736,49724,49724
5438,5,age,70052,70053,128,17,0.1328125,0.140625,0.13671875,True,False,True,0,0,49816,49808,49787,49787
5438,5,age,70052,70053,128,89,0.6953125,0.703125,0.69921875,False,True,True,0,0,49744,49744,49787,49788
5438,5,age,70052,70053,128,105,0.8203125,0.828125,0.82421875,True,False,True,0,0,49744,49736,49788,49788
5440,5,age,70115,70116,128,17,0.1328125,0.140625,0.13671875,True,False,True,0,0,49816,49808,49851,49851
5440,5,age,70115,70116,128,89,0.6953125,0.703125,0.69921875,False,True,True,0,0,49744,49744,49851,49852
5440,5,age,70115,70116,128,105,0.8203125,0.828125,0.82421875,True,False,True,0,0,49744,49736,49852,49852
5442,5,age,70176,70177,128,9,0.0703125,0.078125,0.07421875,True,False,True,0,0,51440,51432,51449,51449
5442,5,age,70176,70177,128,89,0.6953125,0.703125,0.69921875,False,True,True,0,0,51432,51432,51449,51450
5442,5,age,70176,70177,128,97,0.7578125,0.765625,0.76171875,True,False,True,0,0,51368,51360,51450,51450
5444,5,age,70178,70179,128,17,0.1328125,0.140625,0.13671875,True,False,True,0,0,49816,49808,49915,49915
5444,5,age,70178,70179,128,89,0.6953125,0.703125,0.69921875,False,True,True,0,0,49744,49744,49915,49916
5444,5,age,70178,70179,128,105,0.8203125,0.828125,0.82421875,True,False,True,0,0,49744,49736,49916,49916
5446,5,age,70239,70240,128,9,0.0703125,0.078125,0.07421875,True,False,True,0,0,51440,51432,51449,51449
5446,5,age,70239,70240,128,89,0.6953125,0.703125,0.69921875,False,True,True,0,0,51432,51432,51449,51450
5446,5,age,70239,70240,128,124,0.96875,0.9765625,0.97265625,True,False,True,0,0,51424,51360,51450,51450
5448,5,age,70241,70242,128,17,0.1328125,0.140625,0.13671875,True,False,True,0,0,49816,49808,49915,49915
5448,5,age,70241,70242,128,89,0.6953125,0.703125,0.69921875,False,True,True,0,0,49744,49744,49915,49916
5448,5,age,70241,70242,128,105,0.8203125,0.828125,0.82421875,True,False,True,0,0,49744,49736,49916,49916
5449,5,age,70295,70294,128,15,0.1171875,0.125,0.12109375,True,False,True,0,0,71720,71656,71609,71609
5449,5,age,70295,70294,128,38,0.296875,0.3046875,0.30078125,False,True,True,0,0,71656,71656,71609,71608
5449,5,age,70295,70294,128,118,0.921875,0.9296875,0.92578125,True,False,True,0,0,71664,71600,71608,71608
5454,5,age,70304,70305,128,17,0.1328125,0.140625,0.13671875,True,False,True,0,0,71704,71696,71611,71611
5454,5,age,70304,70305,128,89,0.6953125,0.703125,0.69921875,False,True,True,0,0,71632,71632,71611,71612
5454,5,age,70304,70305,128,105,0.8203125,0.828125,0.82421875,True,False,True,0,0,71632,71624,71612,71612
5456,5,age,70367,70368,128,17,0.1328125,0.140625,0.13671875,True,False,True,0,0,71704,71696,71675,71675
5456,5,age,70367,70368,128,89,0.6953125,0.703125,0.69921875,False,True,True,0,0,71632,71632,71675,71676
5456,5,age,70367,70368,128,105,0.8203125,0.828125,0.82421875,True,False,True,0,0,71632,71624,71676,71676
5458,5,age,70430,70431,128,17,0.1328125,0.140625,0.13671875,True,False,True,0,0,71704,71696,71739,71739
5458,5,age,70430,70431,128,89,0.6953125,0.703125,0.69921875,False,True,True,0,0,71632,71632,71739,71740
5458,5,age,70430,70431,128,105,0.8203125,0.828125,0.82421875,True,False,True,0,0,71632,71624,71740,71740
5460,5,age,70491,70492,128,9,0.0703125,0.078125,0.07421875,True,False,True,0,0,73328,73320,73337,73337
5460,5,age,70491,70492,128,89,0.6953125,0.703125,0.69921875,False,True,True,0,0,73320,73320,73337,73338
5460,5,age,70491,70492,128,97,0.7578125,0.765625,0.76171875,True,False,True,0,0,73256,73248,73338,73338
5462,5,age,70493,70494,128,17,0.1328125,0.140625,0.13671875,True,False,True,0,0,71704,71696,71803,71803
5462,5,age,70493,70494,128,89,0.6953125,0.703125,0.69921875,False,True,True,0,0,71632,71632,71803,71804
5462,5,age,70493,70494,128,105,0.8203125,0.828125,0.82421875,True,False,True,0,0,71632,71624,71804,71804
5464,5,age,70554,70555,128,9,0.0703125,0.078125,0.07421875,True,False,True,0,0,73328,73320,73337,73337
5464,5,age,70554,70555,128,89,0.6953125,0.703125,0.69921875,False,True,True,0,0,73320,73320,73337,73338
5464,5,age,70554,70555,128,124,0.96875,0.9765625,0.97265625,True,False,True,0,0,73312,73248,73338,73338
5466,5,age,70556,70557,128,17,0.1328125,0.140625,0.13671875,True,False,True,0,0,71704,71696,71803,71803
5466,5,age,70556,70557,128,89,0.6953125,0.703125,0.69921875,False,True,True,0,0,71632,71632,71803,71804
5466,5,age,70556,70557,128,105,0.8203125,0.828125,0.82421875,True,False,True,0,0,71632,71624,71804,71804
5467,5,age,70610,70609,128,15,0.1171875,0.125,0.12109375,True,False,True,0,0,72104,72040,71993,71993
5467,5,age,70610,70609,128,38,0.296875,0.3046875,0.30078125,False,True,True,0,0,72040,72040,71993,71992
5467,5,age,70610,70609,128,118,0.921875,0.9296875,0.92578125,True,False,True,0,0,72048,71984,71992,71992
5472,5,age,70619,70620,128,17,0.1328125,0.140625,0.13671875,True,False,True,0,0,72088,72080,71995,71995
5472,5,age,70619,70620,128,89,0.6953125,0.703125,0.69921875,False,True,True,0,0,72016,72016,71995,71996
5472,5,age,70619,70620,128,105,0.8203125,0.828125,0.82421875,True,False,True,0,0,72016,72008,71996,71996
5474,5,age,70682,70683,128,17,0.1328125,0.140625,0.13671875,True,False,True,0,0,72088,72080,72059,72059
5474,5,age,70682,70683,128,89,0.6953125,0.703125,0.69921875,False,True,True,0,0,72016,72016,72059,72060
5474,5,age,70682,70683,128,105,0.8203125,0.828125,0.82421875,True,False,True,0,0,72016,72008,72060,72060
5476,5,age,70745,70746,128,17,0.1328125,0.140625,0.13671875,True,False,True,0,0,72088,72080,72123,72123
5476,5,age,70745,70746,128,89,0.6953125,0.703125,0.69921875,False,True,True,0,0,72016,72016,72123,72124
5476,5,age,70745,70746,128,105,0.8203125,0.828125,0.82421875,True,False,True,0,0,72016,72008,72124,72124
5478,5,age,70806,70807,128,9,0.0703125,0.078125,0.07421875,True,False,True,0,0,73712,73704,73721,73721
5478,5,age,70806,70807,128,89,0.6953125,0.703125,0.69921875,False,True,True,0,0,73704,73704,73721,73722
5478,5,age,70806,70807,128,97,0.7578125,0.765625,0.76171875,True,False,True,0,0,73640,73632,73722,73722
5480,5,age,70808,70809,128,17,0.1328125,0.140625,0.13671875,True,False,True,0,0,72088,72080,72187,72187
5480,5,age,70808,70809,128,89,0.6953125,0.703125,0.69921875,False,True,True,0,0,72016,72016,72187,72188
5480,5,age,70808,70809,128,105,0.8203125,0.828125,0.82421875,True,False,True,0,0,72016,72008,72188,72188
5482,5,age,70869,70870,128,9,0.0703125,0.078125,0.07421875,True,False,True,0,0,73712,73704,73721,73721
5482,5,age,70869,70870,128,89,0.6953125,0.703125,0.69921875,False,True,True,0,0,73704,73704,73721,73722
5482,5,age,70869,70870,128,124,0.96875,0.9765625,0.97265625,True,False,True,0,0,73696,73632,73722,73722
5484,5,age,70871,70872,128,17,0.1328125,0.140625,0.13671875,True,False,True,0,0,72088,72080,72187,72187
5484,5,age,70871,70872,128,89,0.6953125,0.703125,0.69921875,False,True,True,0,0,72016,72016,72187,72188
5484,5,age,70871,70872,128,105,0.8203125,0.828125,0.82421875,True,False,True,0,0,72016,72008,72188,72188
5485,5,age,70925,70924,128,15,0.1171875,0.125,0.12109375,True,False,True,0,0,50984,50920,50873,50873
5485,5,age,70925,70924,128,38,0.296875,0.3046875,0.30078125,False,True,True,0,0,50920,50920,50873,50872
5485,5,age,70925,70924,128,118,0.921875,0.9296875,0.92578125,True,False,True,0,0,50928,50864,50872,50872
5490,5,age,70934,70935,128,17,0.1328125,0.140625,0.13671875,True,False,True,0,0,50968,50960,50875,50875
5490,5,age,70934,70935,128,89,0.6953125,0.703125,0.69921875,False,True,True,0,0,50896,50896,50875,50876
5490,5,age,70934,70935,128,105,0.8203125,0.828125,0.82421875,True,False,True,0,0,50896,50888,50876,50876
5492,5,age,70997,70998,128,17,0.1328125,0.140625,0.13671875,True,False,True,0,0,50968,50960,50939,50939
5492,5,age,70997,70998,128,89,0.6953125,0.703125,0.69921875,False,True,True,0,0,50896,50896,50939,50940
5492,5,age,70997,70998,128,105,0.8203125,0.828125,0.82421875,True,False,True,0,0,50896,50888,50940,50940
5494,5,age,71060,71061,128,17,0.1328125,0.140625,0.13671875,True,False,True,0,0,50968,50960,51003,51003
5494,5,age,71060,71061,128,89,0.6953125,0.703125,0.69921875,False,True,True,0,0,50896,50896,51003,51004
5494,5,age,71060,71061,128,105,0.8203125,0.828125,0.82421875,True,False,True,0,0,50896,50888,51004,51004
5496,5,age,71121,71122,128,9,0.0703125,0.078125,0.07421875,True,False,True,0,0,52592,52584,52601,52601
5496,5,age,71121,71122,128,89,0.6953125,0.703125,0.69921875,False,True,True,0,0,52584,52584,52601,52602
5496,5,age,71121,71122,128,97,0.7578125,0.765625,0.76171875,True,False,True,0,0,52520,52512,52602,52602
5498,5,age,71123,71124,128,17,0.1328125,0.140625,0.13671875,True,False,True,0,0,50968,50960,51067,51067
5498,5,age,71123,71124,128,89,0.6953125,0.703125,0.69921875,False,True,True,0,0,50896,50896,51067,51068
5498,5,age,71123,71124,128,105,0.8203125,0.828125,0.82421875,True,False,True,0,0,50896,50888,51068,51068
5500,5,age,71184,71185,128,9,0.0703125,0.078125,0.07421875,True,False,True,0,0,52592,52584,52601,52601
5500,5,age,71184,71185,128,89,0.6953125,0.703125,0.69921875,False,True,True,0,0,52584,52584,52601,52602
5500,5,age,71184,71185,128,124,0.96875,0.9765625,0.97265625,True,False,True,0,0,52576,52512,52602,52602
5502,5,age,71186,71187,128,17,0.1328125,0.140625,0.13671875,True,False,True,0,0,50968,50960,51067,51067
5502,5,age,71186,71187,128,89,0.6953125,0.703125,0.69921875,False,True,True,0,0,50896,50896,51067,51068
5502,5,age,71186,71187,128,105,0.8203125,0.828125,0.82421875,True,False,True,0,0,50896,50888,51068,51068
5503,5,age,71240,71239,128,15,0.1171875,0.125,0.12109375,True,False,True,0,0,51368,51304,51257,51257
5503,5,age,71240,71239,128,38,0.296875,0.3046875,0.30078125,False,True,True,0,0,51304,51304,51257,51256
5503,5,age,71240,71239,128,118,0.921875,0.9296875,0.92578125,True,False,True,0,0,51312,51248,51256,51256
5508,5,age,71249,71250,128,17,0.1328125,0.140625,0.13671875,True,False,True,0,0,51352,51344,51259,51259
5508,5,age,71249,71250,128,89,0.6953125,0.703125,0.69921875,False,True,True,0,0,51280,51280,51259,51260
5508,5,age,71249,71250,128,105,0.8203125,0.828125,0.82421875,True,False,True,0,0,51280,51272,51260,51260
5510,5,age,71312,71313,128,17,0.1328125,0.140625,0.13671875,True,False,True,0,0,51352,51344,51323,51323
5510,5,age,71312,71313,128,89,0.6953125,0.703125,0.69921875,False,True,True,0,0,51280,51280,51323,51324
5510,5,age,71312,71313,128,105,0.8203125,0.828125,0.82421875,True,False,True,0,0,51280,51272,51324,51324
5512,5,age,71375,71376,128,17,0.1328125,0.140625,0.13671875,True,False,True,0,0,51352,51344,51387,51387
5512,5,age,71375,71376,128,89,0.6953125,0.703125,0.69921875,False,True,True,0,0,51280,51280,51387,51388
5512,5,age,71375,71376,128,105,0.8203125,0.828125,0.82421875,True,False,True,0,0,51280,51272,51388,51388
5514,5,age,71436,71437,128,9,0.0703125,0.078125,0.07421875,True,False,True,0,0,52976,52968,52985,52985
5514,5,age,71436,71437,128,89,0.6953125,0.703125,0.69921875,False,True,True,0,0,52968,52968,52985,52986
5514,5,age,71436,71437,128,97,0.7578125,0.765625,0.76171875,True,False,True,0,0,52904,52896,52986,52986
5516,5,age,71438,71439,128,17,0.1328125,0.140625,0.13671875,True,False,True,0,0,51352,51344,51451,51451
5516,5,age,71438,71439,128,89,0.6953125,0.703125,0.69921875,False,True,True,0,0,51280,51280,51451,51452
5516,5,age,71438,71439,128,105,0.8203125,0.828125,0.82421875,True,False,True,0,0,51280,51272,51452,51452
5518,5,age,71499,71500,128,9,0.0703125,0.078125,0.07421875,True,False,True,0,0,52976,52968,52985,52985
5518,5,age,71499,71500,128,89,0.6953125,0.703125,0.69921875,False,True,True,0,0,52968,52968,52985,52986
5518,5,age,71499,71500,128,124,0.96875,0.9765625,0.97265625,True,False,True,0,0,52960,52896,52986,52986
5520,5,age,71501,71502,128,17,0.1328125,0.140625,0.13671875,True,False,True,0,0,51352,51344,51451,51451
5520,5,age,71501,71502,128,89,0.6953125,0.703125,0.69921875,False,True,True,0,0,51280,51280,51451,51452
5520,5,age,71501,71502,128,105,0.8203125,0.828125,0.82421875,True,False,True,0,0,51280,51272,51452,51452
5521,5,age,71555,71554,128,15,0.1171875,0.125,0.12109375,True,False,True,0,0,51368,51304,51257,51257
5521,5,age,71555,71554,128,38,0.296875,0.3046875,0.30078125,False,True,True,0,0,51304,51304,51257,51256
5521,5,age,71555,71554,128,118,0.921875,0.9296875,0.92578125,True,False,True,0,0,51312,51248,51256,51256
5526,5,age,71564,71565,128,17,0.1328125,0.140625,0.13671875,True,False,True,0,0,51352,51344,51259,51259
5526,5,age,71564,71565,128,89,0.6953125,0.703125,0.69921875,False,True,True,0,0,51280,51280,51259,51260
5526,5,age,71564,71565,128,105,0.8203125,0.828125,0.82421875,True,False,True,0,0,51280,51272,51260,51260
5528,5,age,71627,71628,128,17,0.1328125,0.140625,0.13671875,True,False,True,0,0,51352,51344,51323,51323
5528,5,age,71627,71628,128,89,0.6953125,0.703125,0.69921875,False,True,True,0,0,51280,51280,51323,51324
5528,5,age,71627,71628,128,105,0.8203125,0.828125,0.82421875,True,False,True,0,0,51280,51272,51324,51324
5530,5,age,71690,71691,128,17,0.1328125,0.140625,0.13671875,True,False,True,0,0,51352,51344,51387,51387
5530,5,age,71690,71691,128,89,0.6953125,0.703125,0.69921875,False,True,True,0,0,51280,51280,51387,51388
5530,5,age,71690,71691,128,105,0.8203125,0.828125,0.82421875,True,False,True,0,0,51280,51272,51388,51388
5532,5,age,71751,71752,128,9,0.0703125,0.078125,0.07421875,True,False,True,0,0,52976,52968,52985,52985
5532,5,age,71751,71752,128,89,0.6953125,0.703125,0.69921875,False,True,True,0,0,52968,52968,52985,52986
5532,5,age,71751,71752,128,97,0.7578125,0.765625,0.76171875,True,False,True,0,0,52904,52896,52986,52986
5534,5,age,71753,71754,128,17,0.1328125,0.140625,0.13671875,True,False,True,0,0,51352,51344,51451,51451
5534,5,age,71753,71754,128,89,0.6953125,0.703125,0.69921875,False,True,True,0,0,51280,51280,51451,51452
5534,5,age,71753,71754,128,105,0.8203125,0.828125,0.82421875,True,False,True,0,0,51280,51272,51452,51452
5536,5,age,71814,71815,128,9,0.0703125,0.078125,0.07421875,True,False,True,0,0,52976,52968,52985,52985
5536,5,age,71814,71815,128,89,0.6953125,0.703125,0.69921875,False,True,True,0,0,52968,52968,52985,52986
5536,5,age,71814,71815,128,124,0.96875,0.9765625,0.97265625,True,False,True,0,0,52960,52896,52986,52986
5538,5,age,71816,71817,128,17,0.1328125,0.140625,0.13671875,True,False,True,0,0,51352,51344,51451,51451
5538,5,age,71816,71817,128,89,0.6953125,0.703125,0.69921875,False,True,True,0,0,51280,51280,51451,51452
5538,5,age,71816,71817,128,105,0.8203125,0.828125,0.82421875,True,False,True,0,0,51280,51272,51452,51452
5539,5,age,71870,71869,128,15,0.1171875,0.125,0.12109375,True,False,True,0,0,73256,73192,73145,73145
5539,5,age,71870,71869,128,38,0.296875,0.3046875,0.30078125,False,True,True,0,0,73192,73192,73145,73144
5539,5,age,71870,71869,128,118,0.921875,0.9296875,0.92578125,True,False,True,0,0,73200,73136,73144,73144
5544,5,age,71879,71880,128,17,0.1328125,0.140625,0.13671875,True,False,True,0,0,73240,73232,73147,73147
5544,5,age,71879,71880,128,89,0.6953125,0.703125,0.69921875,False,True,True,0,0,73168,73168,73147,73148
5544,5,age,71879,71880,128,105,0.8203125,0.828125,0.82421875,True,False,True,0,0,73168,73160,73148,73148
5546,5,age,71942,71943,128,17,0.1328125,0.140625,0.13671875,True,False,True,0,0,73240,73232,73211,73211
5546,5,age,71942,71943,128,89,0.6953125,0.703125,0.69921875,False,True,True,0,0,73168,73168,73211,73212
5546,5,age,71942,71943,128,105,0.8203125,0.828125,0.82421875,True,False,True,0,0,73168,73160,73212,73212
5548,5,age,72005,72006,128,17,0.1328125,0.140625,0.13671875,True,False,True,0,0,73240,73232,73275,73275
5548,5,age,72005,72006,128,89,0.6953125,0.703125,0.69921875,False,True,True,0,0,73168,73168,73275,73276
5548,5,age,72005,72006,128,105,0.8203125,0.828125,0.82421875,True,False,True,0,0,73168,73160,73276,73276
5550,5,age,72066,72067,128,9,0.0703125,0.078125,0.07421875,True,False,True,0,0,74864,74856,74873,74873
5550,5,age,72066,72067,128,89,0.6953125,0.703125,0.69921875,False,True,True,0,0,74856,74856,74873,74874
5550,5,age,72066,72067,128,97,0.7578125,0.765625,0.76171875,True,False,True,0,0,74792,74784,74874,74874
5552,5,age,72068,72069,128,17,0.1328125,0.140625,0.13671875,True,False,True,0,0,73240,73232,73339,73339
5552,5,age,72068,72069,128,89,0.6953125,0.703125,0.69921875,False,True,True,0,0,73168,73168,73339,73340
5552,5,age,72068,72069,128,105,0.8203125,0.828125,0.82421875,True,False,True,0,0,73168,73160,73340,73340
5554,5,age,72129,72130,128,9,0.0703125,0.078125,0.07421875,True,False,True,0,0,74864,74856,74873,74873
5554,5,age,72129,72130,128,89,0.6953125,0.703125,0.69921875,False,True,True,0,0,74856,74856,74873,74874
5554,5,age,72129,72130,128,124,0.96875,0.9765625,0.97265625,True,False,True,0,0,74848,74784,74874,74874
5556,5,age,72131,72132,128,17,0.1328125,0.140625,0.13671875,True,False,True,0,0,73240,73232,73339,73339
5556,5,age,72131,72132,128,89,0.6953125,0.703125,0.69921875,False,True,True,0,0,73168,73168,73339,73340
5556,5,age,72131,72132,128,105,0.8203125,0.828125,0.82421875,True,False,True,0,0,73168,73160,73340,73340
5557,5,age,72185,72184,128,15,0.1171875,0.125,0.12109375,True,False,True,0,0,73640,73576,73529,73529
5557,5,age,72185,72184,128,38,0.296875,0.3046875,0.30078125,False,True,True,0,0,73576,73576,73529,73528
5557,5,age,72185,72184,128,118,0.921875,0.9296875,0.92578125,True,False,True,0,0,73584,73520,73528,73528
5562,5,age,72194,72195,128,17,0.1328125,0.140625,0.13671875,True,False,True,0,0,73624,73616,73531,73531
5562,5,age,72194,72195,128,89,0.6953125,0.703125,0.69921875,False,True,True,0,0,73552,73552,73531,73532
5562,5,age,72194,72195,128,105,0.8203125,0.828125,0.82421875,True,False,True,0,0,73552,73544,73532,73532
5564,5,age,72257,72258,128,17,0.1328125,0.140625,0.13671875,True,False,True,0,0,73624,73616,73595,73595
5564,5,age,72257,72258,128,89,0.6953125,0.703125,0.69921875,False,True,True,0,0,73552,73552,73595,73596
5564,5,age,72257,72258,128,105,0.8203125,0.828125,0.82421875,True,False,True,0,0,73552,73544,73596,73596
5566,5,age,72320,72321,128,17,0.1328125,0.140625,0.13671875,True,False,True,0,0,73624,73616,73659,73659
5566,5,age,72320,72321,128,89,0.6953125,0.703125,0.69921875,False,True,True,0,0,73552,73552,73659,73660
5566,5,age,72320,72321,128,105,0.8203125,0.828125,0.82421875,True,False,True,0,0,73552,73544,73660,73660
5568,5,age,72381,72382,128,9,0.0703125,0.078125,0.07421875,True,False,True,0,0,75248,75240,75257,75257
5568,5,age,72381,72382,128,89,0.6953125,0.703125,0.69921875,False,True,True,0,0,75240,75240,75257,75258
5568,5,age,72381,72382,128,97,0.7578125,0.765625,0.76171875,True,False,True,0,0,75176,75168,75258,75258
5570,5,age,72383,72384,128,17,0.1328125,0.140625,0.13671875,True,False,True,0,0,73624,73616,73723,73723
5570,5,age,72383,72384,128,89,0.6953125,0.703125,0.69921875,False,True,True,0,0,73552,73552,73723,73724
5570,5,age,72383,72384,128,105,0.8203125,0.828125,0.82421875,True,False,True,0,0,73552,73544,73724,73724
5572,5,age,72444,72445,128,9,0.0703125,0.078125,0.07421875,True,False,True,0,0,75248,75240,75257,75257
5572,5,age,72444,72445,128,89,0.6953125,0.703125,0.69921875,False,True,True,0,0,75240,75240,75257,75258
5572,5,age,72444,72445,128,124,0.96875,0.9765625,0.97265625,True,False,True,0,0,75232,75168,75258,75258
5574,5,age,72446,72447,128,17,0.1328125,0.140625,0.13671875,True,False,True,0,0,73624,73616,73723,73723
5574,5,age,72446,72447,128,89,0.6953125,0.703125,0.69921875,False,True,True,0,0,73552,73552,73723,73724
5574,5,age,72446,72447,128,105,0.8203125,0.828125,0.82421875,True,False,True,0,0,73552,73544,73724,73724
5575,5,age,72500,72499,128,15,0.1171875,0.125,0.12109375,True,False,True,0,0,52520,52456,52409,52409
5575,5,age,72500,72499,128,38,0.296875,0.3046875,0.30078125,False,True,True,0,0,52456,52456,52409,52408
5575,5,age,72500,72499,128,118,0.921875,0.9296875,0.92578125,True,False,True,0,0,52464,52400,52408,52408
5580,5,age,72509,72510,128,17,0.1328125,0.140625,0.13671875,True,False,True,0,0,52504,52496,52411,52411
5580,5,age,72509,72510,128,89,0.6953125,0.703125,0.69921875,False,True,True,0,0,52432,52432,52411,52412
5580,5,age,72509,72510,128,105,0.8203125,0.828125,0.82421875,True,False,True,0,0,52432,52424,52412,52412
5582,5,age,72572,72573,128,17,0.1328125,0.140625,0.13671875,True,False,True,0,0,52504,52496,52475,52475
5582,5,age,72572,72573,128,89,0.6953125,0.703125,0.69921875,False,True,True,0,0,52432,52432,52475,52476
5582,5,age,72572,72573,128,105,0.8203125,0.828125,0.82421875,True,False,True,0,0,52432,52424,52476,52476
5584,5,age,72635,72636,128,17,0.1328125,0.140625,0.13671875,True,False,True,0,0,52504,52496,52539,52539
5584,5,age,72635,72636,128,89,0.6953125,0.703125,0.69921875,False,True,True,0,0,52432,52432,52539,52540
5584,5,age,72635,72636,128,105,0.8203125,0.828125,0.82421875,True,False,True,0,0,52432,52424,52540,52540
5586,5,age,72696,72697,128,9,0.0703125,0.078125,0.07421875,True,False,True,0,0,54128,54120,54137,54137
5586,5,age,72696,72697,128,89,0.6953125,0.703125,0.69921875,False,True,True,0,0,54120,54120,54137,54138
5586,5,age,72696,72697,128,97,0.7578125,0.765625,0.76171875,True,False,True,0,0,54056,54048,54138,54138
5588,5,age,72698,72699,128,17,0.1328125,0.140625,0.13671875,True,False,True,0,0,52504,52496,52603,52603
5588,5,age,72698,72699,128,89,0.6953125,0.703125,0.69921875,False,True,True,0,0,52432,52432,52603,52604
5588,5,age,72698,72699,128,105,0.8203125,0.828125,0.82421875,True,False,True,0,0,52432,52424,52604,52604
5590,5,age,72759,72760,128,9,0.0703125,0.078125,0.07421875,True,False,True,0,0,54128,54120,54137,54137
5590,5,age,72759,72760,128,89,0.6953125,0.703125,0.69921875,False,True,True,0,0,54120,54120,54137,54138
5590,5,age,72759,72760,128,124,0.96875,0.9765625,0.97265625,True,False,True,0,0,54112,54048,54138,54138
5592,5,age,72761,72762,128,17,0.1328125,0.140625,0.13671875,True,False,True,0,0,52504,52496,52603,52603
5592,5,age,72761,72762,128,89,0.6953125,0.703125,0.69921875,False,True,True,0,0,52432,52432,52603,52604
5592,5,age,72761,72762,128,105,0.8203125,0.828125,0.82421875,True,False,True,0,0,52432,52424,52604,52604
5593,5,age,72815,72814,128,15,0.1171875,0.125,0.12109375,True,False,True,0,0,52904,52840,52793,52793
5593,5,age,72815,72814,128,38,0.296875,0.3046875,0.30078125,False,True,True,0,0,52840,52840,52793,52792
5593,5,age,72815,72814,128,118,0.921875,0.9296875,0.92578125,True,False,True,0,0,52848,52784,52792,52792
5598,5,age,72824,72825,128,17,0.1328125,0.140625,0.13671875,True,False,True,0,0,52888,52880,52795,52795
5598,5,age,72824,72825,128,89,0.6953125,0.703125,0.69921875,False,True,True,0,0,52816,52816,52795,52796
5598,5,age,72824,72825,128,105,0.8203125,0.828125,0.82421875,True,False,True,0,0,52816,52808,52796,52796
5600,5,age,72887,72888,128,17,0.1328125,0.140625,0.13671875,True,False,True,0,0,52888,52880,52859,52859
5600,5,age,72887,72888,128,89,0.6953125,0.703125,0.69921875,False,True,True,0,0,52816,52816,52859,52860
5600,5,age,72887,72888,128,105,0.8203125,0.828125,0.82421875,True,False,True,0,0,52816,52808,52860,52860
5602,5,age,72950,72951,128,17,0.1328125,0.140625,0.13671875,True,False,True,0,0,52888,52880,52923,52923
5602,5,age,72950,72951,128,89,0.6953125,0.703125,0.69921875,False,True,True,0,0,52816,52816,52923,52924
5602,5,age,72950,72951,128,105,0.8203125,0.828125,0.82421875,True,False,True,0,0,52816,52808,52924,52924
5604,5,age,73011,73012,128,9,0.0703125,0.078125,0.07421875,True,False,True,0,0,54512,54504,54521,54521
5604,5,age,73011,73012,128,89,0.6953125,0.703125,0.69921875,False,True,True,0,0,54504,54504,54521,54522
5604,5,age,73011,73012,128,97,0.7578125,0.765625,0.76171875,True,False,True,0,0,54440,54432,54522,54522
5606,5,age,73013,73014,128,17,0.1328125,0.140625,0.13671875,True,False,True,0,0,52888,52880,52987,52987
5606,5,age,73013,73014,128,89,0.6953125,0.703125,0.69921875,False,True,True,0,0,52816,52816,52987,52988
5606,5,age,73013,73014,128,105,0.8203125,0.828125,0.82421875,True,False,True,0,0,52816,52808,52988,52988
5608,5,age,73074,73075,128,9,0.0703125,0.078125,0.07421875,True,False,True,0,0,54512,54504,54521,54521
5608,5,age,73074,73075,128,89,0.6953125,0.703125,0.69921875,False,True,True,0,0,54504,54504,54521,54522
5608,5,age,73074,73075,128,124,0.96875,0.9765625,0.97265625,True,False,True,0,0,54496,54432,54522,54522
5610,5,age,73076,73077,128,17,0.1328125,0.140625,0.13671875,True,False,True,0,0,52888,52880,52987,52987
5610,5,age,73076,73077,128,89,0.6953125,0.703125,0.69921875,False,True,True,0,0,52816,52816,52987,52988
5610,5,age,73076,73077,128,105,0.8203125,0.828125,0.82421875,True,False,True,0,0,52816,52808,52988,52988
5611,5,age,73130,73129,128,15,0.1171875,0.125,0.12109375,True,False,True,0,0,52904,52840,52793,52793
5611,5,age,73130,73129,128,38,0.296875,0.3046875,0.30078125,False,True,True,0,0,52840,52840,52793,52792
5611,5,age,73130,73129,128,118,0.921875,0.9296875,0.92578125,True,False,True,0,0,52848,52784,52792,52792
5616,5,age,73139,73140,128,17,0.1328125,0.140625,0.13671875,True,False,True,0,0,52888,52880,52795,52795
5616,5,age,73139,73140,128,89,0.6953125,0.703125,0.69921875,False,True,True,0,0,52816,52816,52795,52796
5616,5,age,73139,73140,128,105,0.8203125,0.828125,0.82421875,True,False,True,0,0,52816,52808,52796,52796
5618,5,age,73202,73203,128,17,0.1328125,0.140625,0.13671875,True,False,True,0,0,52888,52880,52859,52859
5618,5,age,73202,73203,128,89,0.6953125,0.703125,0.69921875,False,True,True,0,0,52816,52816,52859,52860
5618,5,age,73202,73203,128,105,0.8203125,0.828125,0.82421875,True,False,True,0,0,52816,52808,52860,52860
5620,5,age,73265,73266,128,17,0.1328125,0.140625,0.13671875,True,False,True,0,0,52888,52880,52923,52923
5620,5,age,73265,73266,128,89,0.6953125,0.703125,0.69921875,False,True,True,0,0,52816,52816,52923,52924
5620,5,age,73265,73266,128,105,0.8203125,0.828125,0.82421875,True,False,True,0,0,52816,52808,52924,52924
5622,5,age,73326,73327,128,9,0.0703125,0.078125,0.07421875,True,False,True,0,0,54512,54504,54521,54521
5622,5,age,73326,73327,128,89,0.6953125,0.703125,0.69921875,False,True,True,0,0,54504,54504,54521,54522
5622,5,age,73326,73327,128,97,0.7578125,0.765625,0.76171875,True,False,True,0,0,54440,54432,54522,54522
5624,5,age,73328,73329,128,17,0.1328125,0.140625,0.13671875,True,False,True,0,0,52888,52880,52987,52987
5624,5,age,73328,73329,128,89,0.6953125,0.703125,0.69921875,False,True,True,0,0,52816,52816,52987,52988
5624,5,age,73328,73329,128,105,0.8203125,0.828125,0.82421875,True,False,True,0,0,52816,52808,52988,52988
5626,5,age,73389,73390,128,9,0.0703125,0.078125,0.07421875,True,False,True,0,0,54512,54504,54521,54521
5626,5,age,73389,73390,128,89,0.6953125,0.703125,0.69921875,False,True,True,0,0,54504,54504,54521,54522
5626,5,age,73389,73390,128,124,0.96875,0.9765625,0.97265625,True,False,True,0,0,54496,54432,54522,54522
5628,5,age,73391,73392,128,17,0.1328125,0.140625,0.13671875,True,False,True,0,0,52888,52880,52987,52987
5628,5,age,73391,73392,128,89,0.6953125,0.703125,0.69921875,False,True,True,0,0,52816,52816,52987,52988
5628,5,age,73391,73392,128,105,0.8203125,0.828125,0.82421875,True,False,True,0,0,52816,52808,52988,52988
5629,5,age,73445,73444,128,15,0.1171875,0.125,0.12109375,True,False,True,0,0,74792,74728,74681,74681
5629,5,age,73445,73444,128,38,0.296875,0.3046875,0.30078125,False,True,True,0,0,74728,74728,74681,74680
5629,5,age,73445,73444,128,118,0.921875,0.9296875,0.92578125,True,False,True,0,0,74736,74672,74680,74680
5634,5,age,73454,73455,128,17,0.1328125,0.140625,0.13671875,True,False,True,0,0,74776,74768,74683,74683
5634,5,age,73454,73455,128,89,0.6953125,0.703125,0.69921875,False,True,True,0,0,74704,74704,74683,74684
5634,5,age,73454,73455,128,105,0.8203125,0.828125,0.82421875,True,False,True,0,0,74704,74696,74684,74684
5636,5,age,73517,73518,128,17,0.1328125,0.140625,0.13671875,True,False,True,0,0,74776,74768,74747,74747
5636,5,age,73517,73518,128,89,0.6953125,0.703125,0.69921875,False,True,True,0,0,74704,74704,74747,74748
5636,5,age,73517,73518,128,105,0.8203125,0.828125,0.82421875,True,False,True,0,0,74704,74696,74748,74748
5638,5,age,73580,73581,128,17,0.1328125,0.140625,0.13671875,True,False,True,0,0,74776,74768,74811,74811
5638,5,age,73580,73581,128,89,0.6953125,0.703125,0.69921875,False,True,True,0,0,74704,74704,74811,74812
5638,5,age,73580,73581,128,105,0.8203125,0.828125,0.82421875,True,False,True,0,0,74704,74696,74812,74812
5640,5,age,73641,73642,128,9,0.0703125,0.078125,0.07421875,True,False,True,0,0,76400,76392,76409,76409
5640,5,age,73641,73642,128,89,0.6953125,0.703125,0.69921875,False,True,True,0,0,76392,76392,76409,76410
5640,5,age,73641,73642,128,97,0.7578125,0.765625,0.76171875,True,False,True,0,0,76328,76320,76410,76410
5642,5,age,73643,73644,128,17,0.1328125,0.140625,0.13671875,True,False,True,0,0,74776,74768,74875,74875
5642,5,age,73643,73644,128,89,0.6953125,0.703125,0.69921875,False,True,True,0,0,74704,74704,74875,74876
5642,5,age,73643,73644,128,105,0.8203125,0.828125,0.82421875,True,False,True,0,0,74704,74696,74876,74876
5644,5,age,73704,73705,128,9,0.0703125,0.078125,0.07421875,True,False,True,0,0,76400,76392,76409,76409
5644,5,age,73704,73705,128,89,0.6953125,0.703125,0.69921875,False,True,True,0,0,76392,76392,76409,76410
5644,5,age,73704,73705,128,124,0.96875,0.9765625,0.97265625,True,False,True,0,0,76384,76320,76410,76410
5646,5,age,73706,73707,128,17,0.1328125,0.140625,0.13671875,True,False,True,0,0,74776,74768,74875,74875
5646,5,age,73706,73707,128,89,0.6953125,0.703125,0.69921875,False,True,True,0,0,74704,74704,74875,74876
5646,5,age,73706,73707,128,105,0.8203125,0.828125,0.82421875,True,False,True,0,0,74704,74696,74876,74876
5647,5,age,73760,73759,128,15,0.1171875,0.125,0.12109375,True,False,True,0,0,75176,75112,75065,75065
5647,5,age,73760,73759,128,38,0.296875,0.3046875,0.30078125,False,True,True,0,0,75112,75112,75065,75064
5647,5,age,73760,73759,128,118,0.921875,0.9296875,0.92578125,True,False,True,0,0,75120,75056,75064,75064
5652,5,age,73769,73770,128,17,0.1328125,0.140625,0.13671875,True,False,True,0,0,75160,75152,75067,75067
5652,5,age,73769,73770,128,89,0.6953125,0.703125,0.69921875,False,True,True,0,0,75088,75088,75067,75068
5652,5,age,73769,73770,128,105,0.8203125,0.828125,0.82421875,True,False,True,0,0,75088,75080,75068,75068
5654,5,age,73832,73833,128,17,0.1328125,0.140625,0.13671875,True,False,True,0,0,75160,75152,75131,75131
5654,5,age,73832,73833,128,89,0.6953125,0.703125,0.69921875,False,True,True,0,0,75088,75088,75131,75132
5654,5,age,73832,73833,128,105,0.8203125,0.828125,0.82421875,True,False,True,0,0,75088,75080,75132,75132
5656,5,age,73895,73896,128,17,0.1328125,0.140625,0.13671875,True,False,True,0,0,75160,75152,75195,75195
5656,5,age,73895,73896,128,89,0.6953125,0.703125,0.69921875,False,True,True,0,0,75088,75088,75195,75196
5656,5,age,73895,73896,128,105,0.8203125,0.828125,0.82421875,True,False,True,0,0,75088,75080,75196,75196
5658,5,age,73956,73957,128,9,0.0703125,0.078125,0.07421875,True,False,True,0,0,76784,76776,76793,76793
5658,5,age,73956,73957,128,89,0.6953125,0.703125,0.69921875,False,True,True,0,0,76776,76776,76793,76794
5658,5,age,73956,73957,128,97,0.7578125,0.765625,0.76171875,True,False,True,0,0,76712,76704,76794,76794
5660,5,age,73958,73959,128,17,0.1328125,0.140625,0.13671875,True,False,True,0,0,75160,75152,75259,75259
5660,5,age,73958,73959,128,89,0.6953125,0.703125,0.69921875,False,True,True,0,0,75088,75088,75259,75260
5660,5,age,73958,73959,128,105,0.8203125,0.828125,0.82421875,True,False,True,0,0,75088,75080,75260,75260
5662,5,age,74019,74020,128,9,0.0703125,0.078125,0.07421875,True,False,True,0,0,76784,76776,76793,76793
5662,5,age,74019,74020,128,89,0.6953125,0.703125,0.69921875,False,True,True,0,0,76776,76776,76793,76794
5662,5,age,74019,74020,128,124,0.96875,0.9765625,0.97265625,True,False,True,0,0,76768,76704,76794,76794
5664,5,age,74021,74022,128,17,0.1328125,0.140625,0.13671875,True,False,True,0,0,75160,75152,75259,75259
5664,5,age,74021,74022,128,89,0.6953125,0.703125,0.69921875,False,True,True,0,0,75088,75088,75259,75260
5664,5,age,74021,74022,128,105,0.8203125,0.828125,0.82421875,True,False,True,0,0,75088,75080,75260,75260
5665,5,age,74075,74074,128,15,0.1171875,0.125,0.12109375,True,False,True,0,0,54056,53992,53945,53945
5665,5,age,74075,74074,128,38,0.296875,0.3046875,0.30078125,False,True,True,0,0,53992,53992,53945,53944
5665,5,age,74075,74074,128,118,0.921875,0.9296875,0.92578125,True,False,True,0,0,54000,53936,53944,53944
5670,5,age,74084,74085,128,17,0.1328125,0.140625,0.13671875,True,False,True,0,0,54040,54032,53947,53947
5670,5,age,74084,74085,128,89,0.6953125,0.703125,0.69921875,False,True,True,0,0,53968,53968,53947,53948
5670,5,age,74084,74085,128,105,0.8203125,0.828125,0.82421875,True,False,True,0,0,53968,53960,53948,53948
5672,5,age,74147,74148,128,17,0.1328125,0.140625,0.13671875,True,False,True,0,0,54040,54032,54011,54011
5672,5,age,74147,74148,128,89,0.6953125,0.703125,0.69921875,False,True,True,0,0,53968,53968,54011,54012
5672,5,age,74147,74148,128,105,0.8203125,0.828125,0.82421875,True,False,True,0,0,53968,53960,54012,54012
5674,5,age,74210,74211,128,17,0.1328125,0.140625,0.13671875,True,False,True,0,0,54040,54032,54075,54075
5674,5,age,74210,74211,128,89,0.6953125,0.703125,0.69921875,False,True,True,0,0,53968,53968,54075,54076
5674,5,age,74210,74211,128,105,0.8203125,0.828125,0.82421875,True,False,True,0,0,53968,53960,54076,54076
5676,5,age,74273,74274,128,17,0.1328125,0.140625,0.13671875,True,False,True,0,0,54040,54032,54139,54139
5676,5,age,74273,74274,128,89,0.6953125,0.703125,0.69921875,False,True,True,0,0,53968,53968,54139,54140
5676,5,age,74273,74274,128,105,0.8203125,0.828125,0.82421875,True,False,True,0,0,53968,53960,54140,54140
5678,5,age,74336,74337,128,17,0.1328125,0.140625,0.13671875,True,False,True,0,0,54040,54032,54139,54139
5678,5,age,74336,74337,128,89,0.6953125,0.703125,0.69921875,False,True,True,0,0,53968,53968,54139,54140
5678,5,age,74336,74337,128,105,0.8203125,0.828125,0.82421875,True,False,True,0,0,53968,53960,54140,54140
5679,5,age,74390,74389,128,15,0.1171875,0.125,0.12109375,True,False,True,0,0,54440,54376,54329,54329
5679,5,age,74390,74389,128,38,0.296875,0.3046875,0.30078125,False,True,True,0,0,54376,54376,54329,54328
5679,5,age,74390,74389,128,118,0.921875,0.9296875,0.92578125,True,False,True,0,0,54384,54320,54328,54328
5684,5,age,74399,74400,128,17,0.1328125,0.140625,0.13671875,True,False,True,0,0,54424,54416,54331,54331
5684,5,age,74399,74400,128,89,0.6953125,0.703125,0.69921875,False,True,True,0,0,54352,54352,54331,54332
5684,5,age,74399,74400,128,105,0.8203125,0.828125,0.82421875,True,False,True,0,0,54352,54344,54332,54332
5686,5,age,74462,74463,128,17,0.1328125,0.140625,0.13671875,True,False,True,0,0,54424,54416,54395,54395
5686,5,age,74462,74463,128,89,0.6953125,0.703125,0.69921875,False,True,True,0,0,54352,54352,54395,54396
5686,5,age,74462,74463,128,105,0.8203125,0.828125,0.82421875,True,False,True,0,0,54352,54344,54396,54396
5688,5,age,74525,74526,128,17,0.1328125,0.140625,0.13671875,True,False,True,0,0,54424,54416,54459,54459
5688,5,age,74525,74526,128,89,0.6953125,0.703125,0.69921875,False,True,True,0,0,54352,54352,54459,54460
5688,5,age,74525,74526,128,105,0.8203125,0.828125,0.82421875,True,False,True,0,0,54352,54344,54460,54460
5690,5,age,74588,74589,128,17,0.1328125,0.140625,0.13671875,True,False,True,0,0,54424,54416,54523,54523
5690,5,age,74588,74589,128,89,0.6953125,0.703125,0.69921875,False,True,True,0,0,54352,54352,54523,54524
5690,5,age,74588,74589,128,105,0.8203125,0.828125,0.82421875,True,False,True,0,0,54352,54344,54524,54524
5692,5,age,74651,74652,128,17,0.1328125,0.140625,0.13671875,True,False,True,0,0,54424,54416,54523,54523
5692,5,age,74651,74652,128,89,0.6953125,0.703125,0.69921875,False,True,True,0,0,54352,54352,54523,54524
5692,5,age,74651,74652,128,105,0.8203125,0.828125,0.82421875,True,False,True,0,0,54352,54344,54524,54524
5693,5,age,74705,74704,128,15,0.1171875,0.125,0.12109375,True,False,True,0,0,54440,54376,54329,54329
5693,5,age,74705,74704,128,38,0.296875,0.3046875,0.30078125,False,True,True,0,0,54376,54376,54329,54328
5693,5,age,74705,74704,128,118,0.921875,0.9296875,0.92578125,True,False,True,0,0,54384,54320,54328,54328
5698,5,age,74714,74715,128,17,0.1328125,0.140625,0.13671875,True,False,True,0,0,54424,54416,54331,54331
5698,5,age,74714,74715,128,89,0.6953125,0.703125,0.69921875,False,True,True,0,0,54352,54352,54331,54332
5698,5,age,74714,74715,128,105,0.8203125,0.828125,0.82421875,True,False,True,0,0,54352,54344,54332,54332
5700,5,age,74777,74778,128,17,0.1328125,0.140625,0.13671875,True,False,True,0,0,54424,54416,54395,54395
5700,5,age,74777,74778,128,89,0.6953125,0.703125,0.69921875,False,True,True,0,0,54352,54352,54395,54396
5700,5,age,74777,74778,128,105,0.8203125,0.828125,0.82421875,True,False,True,0,0,54352,54344,54396,54396
5702,5,age,74840,74841,128,17,0.1328125,0.140625,0.13671875,True,False,True,0,0,54424,54416,54459,54459
5702,5,age,74840,74841,128,89,0.6953125,0.703125,0.69921875,False,True,True,0,0,54352,54352,54459,54460
5702,5,age,74840,74841,128,105,0.8203125,0.828125,0.82421875,True,False,True,0,0,54352,54344,54460,54460
5704,5,age,74903,74904,128,17,0.1328125,0.140625,0.13671875,True,False,True,0,0,54424,54416,54523,54523
5704,5,age,74903,74904,128,89,0.6953125,0.703125,0.69921875,False,True,True,0,0,54352,54352,54523,54524
5704,5,age,74903,74904,128,105,0.8203125,0.828125,0.82421875,True,False,True,0,0,54352,54344,54524,54524
5706,5,age,74966,74967,128,17,0.1328125,0.140625,0.13671875,True,False,True,0,0,54424,54416,54523,54523
5706,5,age,74966,74967,128,89,0.6953125,0.703125,0.69921875,False,True,True,0,0,54352,54352,54523,54524
5706,5,age,74966,74967,128,105,0.8203125,0.828125,0.82421875,True,False,True,0,0,54352,54344,54524,54524
5707,5,age,75020,75019,128,15,0.1171875,0.125,0.12109375,True,False,True,0,0,76328,76264,76217,76217
5707,5,age,75020,75019,128,38,0.296875,0.3046875,0.30078125,False,True,True,0,0,76264,76264,76217,76216
5707,5,age,75020,75019,128,118,0.921875,0.9296875,0.92578125,True,False,True,0,0,76272,76208,76216,76216
5712,5,age,75029,75030,128,17,0.1328125,0.140625,0.13671875,True,False,True,0,0,76312,76304,76219,76219
5712,5,age,75029,75030,128,89,0.6953125,0.703125,0.69921875,False,True,True,0,0,76240,76240,76219,76220
5712,5,age,75029,75030,128,105,0.8203125,0.828125,0.82421875,True,False,True,0,0,76240,76232,76220,76220
5714,5,age,75092,75093,128,17,0.1328125,0.140625,0.13671875,True,False,True,0,0,76312,76304,76283,76283
5714,5,age,75092,75093,128,89,0.6953125,0.703125,0.69921875,False,True,True,0,0,76240,76240,76283,76284
5714,5,age,75092,75093,128,105,0.8203125,0.828125,0.82421875,True,False,True,0,0,76240,76232,76284,76284
5716,5,age,75155,75156,128,17,0.1328125,0.140625,0.13671875,True,False,True,0,0,76312,76304,76347,76347
5716,5,age,75155,75156,128,89,0.6953125,0.703125,0.69921875,False,True,True,0,0,76240,76240,76347,76348
5716,5,age,75155,75156,128,105,0.8203125,0.828125,0.82421875,True,False,True,0,0,76240,76232,76348,76348
5718,5,age,75216,75217,128,9,0.0703125,0.078125,0.07421875,True,False,True,0,0,77936,77928,77945,77945
5718,5,age,75216,75217,128,89,0.6953125,0.703125,0.69921875,False,True,True,0,0,77928,77928,77945,77946
5718,5,age,75216,75217,128,97,0.7578125,0.765625,0.76171875,True,False,True,0,0,77864,77856,77946,77946
5720,5,age,75218,75219,128,17,0.1328125,0.140625,0.13671875,True,False,True,0,0,76312,76304,76411,76411
5720,5,age,75218,75219,128,89,0.6953125,0.703125,0.69921875,False,True,True,0,0,76240,76240,76411,76412
5720,5,age,75218,75219,128,105,0.8203125,0.828125,0.82421875,True,False,True,0,0,76240,76232,76412,76412
5722,5,age,75279,75280,128,9,0.0703125,0.078125,0.07421875,True,False,True,0,0,77936,77928,77945,77945
5722,5,age,75279,75280,128,89,0.6953125,0.703125,0.69921875,False,True,True,0,0,77928,77928,77945,77946
5722,5,age,75279,75280,128,124,0.96875,0.9765625,0.97265625,True,False,True,0,0,77920,77856,77946,77946
5724,5,age,75281,75282,128,17,0.1328125,0.140625,0.13671875,True,False,True,0,0,76312,76304,76411,76411
5724,5,age,75281,75282,128,89,0.6953125,0.703125,0.69921875,False,True,True,0,0,76240,76240,76411,76412
5724,5,age,75281,75282,128,105,0.8203125,0.828125,0.82421875,True,False,True,0,0,76240,76232,76412,76412
5725,5,age,75335,75334,128,15,0.1171875,0.125,0.12109375,True,False,True,0,0,76712,76648,76601,76601
5725,5,age,75335,75334,128,38,0.296875,0.3046875,0.30078125,False,True,True,0,0,76648,76648,76601,76600
5725,5,age,75335,75334,128,118,0.921875,0.9296875,0.92578125,True,False,True,0,0,76656,76592,76600,76600
5730,5,age,75344,75345,128,17,0.1328125,0.140625,0.13671875,True,False,True,0,0,76696,76688,76603,76603
5730,5,age,75344,75345,128,89,0.6953125,0.703125,0.69921875,False,True,True,0,0,76624,76624,76603,76604
5730,5,age,75344,75345,128,105,0.8203125,0.828125,0.82421875,True,False,True,0,0,76624,76616,76604,76604
5732,5,age,75407,75408,128,17,0.1328125,0.140625,0.13671875,True,False,True,0,0,76696,76688,76667,76667
5732,5,age,75407,75408,128,89,0.6953125,0.703125,0.69921875,False,True,True,0,0,76624,76624,76667,76668
5732,5,age,75407,75408,128,105,0.8203125,0.828125,0.82421875,True,False,True,0,0,76624,76616,76668,76668
5734,5,age,75470,75471,128,17,0.1328125,0.140625,0.13671875,True,False,True,0,0,76696,76688,76731,76731
5734,5,age,75470,75471,128,89,0.6953125,0.703125,0.69921875,False,True,True,0,0,76624,76624,76731,76732
5734,5,age,75470,75471,128,105,0.8203125,0.828125,0.82421875,True,False,True,0,0,76624,76616,76732,76732
5736,5,age,75531,75532,128,9,0.0703125,0.078125,0.07421875,True,False,True,0,0,78320,78312,78329,78329
5736,5,age,75531,75532,128,89,0.6953125,0.703125,0.69921875,False,True,True,0,0,78312,78312,78329,78330
5736,5,age,75531,75532,128,97,0.7578125,0.765625,0.76171875,True,False,True,0,0,78248,78240,78330,78330
5738,5,age,75533,75534,128,17,0.1328125,0.140625,0.13671875,True,False,True,0,0,76696,76688,76795,76795
5738,5,age,75533,75534,128,89,0.6953125,0.703125,0.69921875,False,True,True,0,0,76624,76624,76795,76796
5738,5,age,75533,75534,128,105,0.8203125,0.828125,0.82421875,True,False,True,0,0,76624,76616,76796,76796
5740,5,age,75594,75595,128,9,0.0703125,0.078125,0.07421875,True,False,True,0,0,78320,78312,78329,78329
5740,5,age,75594,75595,128,89,0.6953125,0.703125,0.69921875,False,True,True,0,0,78312,78312,78329,78330
5740,5,age,75594,75595,128,124,0.96875,0.9765625,0.97265625,True,False,True,0,0,78304,78240,78330,78330
5742,5,age,75596,75597,128,17,0.1328125,0.140625,0.13671875,True,False,True,0,0,76696,76688,76795,76795
5742,5,age,75596,75597,128,89,0.6953125,0.703125,0.69921875,False,True,True,0,0,76624,76624,76795,76796
5742,5,age,75596,75597,128,105,0.8203125,0.828125,0.82421875,True,False,True,0,0,76624,76616,76796,76796
5743,5,age,75650,75649,128,15,0.1171875,0.125,0.12109375,True,False,True,0,0,55592,55528,55481,55481
5743,5,age,75650,75649,128,38,0.296875,0.3046875,0.30078125,False,True,True,0,0,55528,55528,55481,55480
5743,5,age,75650,75649,128,118,0.921875,0.9296875,0.92578125,True,False,True,0,0,55536,55472,55480,55480
5748,5,age,75659,75660,128,17,0.1328125,0.140625,0.13671875,True,False,True,0,0,55576,55568,55483,55483
5748,5,age,75659,75660,128,89,0.6953125,0.703125,0.69921875,False,True,True,0,0,55504,55504,55483,55484
5748,5,age,75659,75660,128,105,0.8203125,0.828125,0.82421875,True,False,True,0,0,55504,55496,55484,55484
5750,5,age,75722,75723,128,17,0.1328125,0.140625,0.13671875,True,False,True,0,0,55576,55568,55547,55547
5750,5,age,75722,75723,128,89,0.6953125,0.703125,0.69921875,False,True,True,0,0,55504,55504,55547,55548
5750,5,age,75722,75723,128,105,0.8203125,0.828125,0.82421875,True,False,True,0,0,55504,55496,55548,55548
5752,5,age,75785,75786,128,17,0.1328125,0.140625,0.13671875,True,False,True,0,0,55576,55568,55611,55611
5752,5,age,75785,75786,128,89,0.6953125,0.703125,0.69921875,False,True,True,0,0,55504,55504,55611,55612
5752,5,age,75785,75786,128,105,0.8203125,0.828125,0.82421875,True,False,True,0,0,55504,55496,55612,55612
5754,5,age,75848,75849,128,17,0.1328125,0.140625,0.13671875,True,False,True,0,0,55576,55568,55675,55675
5754,5,age,75848,75849,128,89,0.6953125,0.703125,0.69921875,False,True,True,0,0,55504,55504,55675,55676
5754,5,age,75848,75849,128,105,0.8203125,0.828125,0.82421875,True,False,True,0,0,55504,55496,55676,55676
5756,5,age,75911,75912,128,17,0.1328125,0.140625,0.13671875,True,False,True,0,0,55576,55568,55675,55675
5756,5,age,75911,75912,128,89,0.6953125,0.703125,0.69921875,False,True,True,0,0,55504,55504,55675,55676
5756,5,age,75911,75912,128,105,0.8203125,0.828125,0.82421875,True,False,True,0,0,55504,55496,55676,55676
5757,5,age,75965,75964,128,15,0.1171875,0.125,0.12109375,True,False,True,0,0,55976,55912,55865,55865
5757,5,age,75965,75964,128,38,0.296875,0.3046875,0.30078125,False,True,True,0,0,55912,55912,55865,55864
5757,5,age,75965,75964,128,118,0.921875,0.9296875,0.92578125,True,False,True,0,0,55920,55856,55864,55864
5762,5,age,75974,75975,128,17,0.1328125,0.140625,0.13671875,True,False,True,0,0,55960,55952,55867,55867
5762,5,age,75974,75975,128,89,0.6953125,0.703125,0.69921875,False,True,True,0,0,55888,55888,55867,55868
5762,5,age,75974,75975,128,105,0.8203125,0.828125,0.82421875,True,False,True,0,0,55888,55880,55868,55868
5764,5,age,76037,76038,128,17,0.1328125,0.140625,0.13671875,True,False,True,0,0,55960,55952,55931,55931
5764,5,age,76037,76038,128,89,0.6953125,0.703125,0.69921875,False,True,True,0,0,55888,55888,55931,55932
5764,5,age,76037,76038,128,105,0.8203125,0.828125,0.82421875,True,False,True,0,0,55888,55880,55932,55932
5766,5,age,76100,76101,128,17,0.1328125,0.140625,0.13671875,True,False,True,0,0,55960,55952,55995,55995
5766,5,age,76100,76101,128,89,0.6953125,0.703125,0.69921875,False,True,True,0,0,55888,55888,55995,55996
5766,5,age,76100,76101,128,105,0.8203125,0.828125,0.82421875,True,False,True,0,0,55888,55880,55996,55996
5768,5,age,76163,76164,128,17,0.1328125,0.140625,0.13671875,True,False,True,0,0,55960,55952,56059,56059
5768,5,age,76163,76164,128,89,0.6953125,0.703125,0.69921875,False,True,True,0,0,55888,55888,56059,56060
5768,5,age,76163,76164,128,105,0.8203125,0.828125,0.82421875,True,False,True,0,0,55888,55880,56060,56060
5770,5,age,76226,76227,128,17,0.1328125,0.140625,0.13671875,True,False,True,0,0,55960,55952,56059,56059
5770,5,age,76226,76227,128,89,0.6953125,0.703125,0.69921875,False,True,True,0,0,55888,55888,56059,56060
5770,5,age,76226,76227,128,105,0.8203125,0.828125,0.82421875,True,False,True,0,0,55888,55880,56060,56060
5771,5,age,76280,76279,128,15,0.1171875,0.125,0.12109375,True,False,True,0,0,55976,55912,55865,55865
5771,5,age,76280,76279,128,38,0.296875,0.3046875,0.30078125,False,True,True,0,0,55912,55912,55865,55864
5771,5,age,76280,76279,128,118,0.921875,0.9296875,0.92578125,True,False,True,0,0,55920,55856,55864,55864
5776,5,age,76289,76290,128,17,0.1328125,0.140625,0.13671875,True,False,True,0,0,55960,55952,55867,55867
5776,5,age,76289,76290,128,89,0.6953125,0.703125,0.69921875,False,True,True,0,0,55888,55888,55867,55868
5776,5,age,76289,76290,128,105,0.8203125,0.828125,0.82421875,True,False,True,0,0,55888,55880,55868,55868
5778,5,age,76352,76353,128,17,0.1328125,0.140625,0.13671875,True,False,True,0,0,55960,55952,55931,55931
5778,5,age,76352,76353,128,89,0.6953125,0.703125,0.69921875,False,True,True,0,0,55888,55888,55931,55932
5778,5,age,76352,76353,128,105,0.8203125,0.828125,0.82421875,True,False,True,0,0,55888,55880,55932,55932
5780,5,age,76415,76416,128,17,0.1328125,0.140625,0.13671875,True,False,True,0,0,55960,55952,55995,55995
5780,5,age,76415,76416,128,89,0.6953125,0.703125,0.69921875,False,True,True,0,0,55888,55888,55995,55996
5780,5,age,76415,76416,128,105,0.8203125,0.828125,0.82421875,True,False,True,0,0,55888,55880,55996,55996
5782,5,age,76478,76479,128,17,0.1328125,0.140625,0.13671875,True,False,True,0,0,55960,55952,56059,56059
5782,5,age,76478,76479,128,89,0.6953125,0.703125,0.69921875,False,True,True,0,0,55888,55888,56059,56060
5782,5,age,76478,76479,128,105,0.8203125,0.828125,0.82421875,True,False,True,0,0,55888,55880,56060,56060
5784,5,age,76541,76542,128,17,0.1328125,0.140625,0.13671875,True,False,True,0,0,55960,55952,56059,56059
5784,5,age,76541,76542,128,89,0.6953125,0.703125,0.69921875,False,True,True,0,0,55888,55888,56059,56060
5784,5,age,76541,76542,128,105,0.8203125,0.828125,0.82421875,True,False,True,0,0,55888,55880,56060,56060
5785,5,age,76595,76594,128,15,0.1171875,0.125,0.12109375,True,False,True,0,0,77864,77800,77753,77753
5785,5,age,76595,76594,128,38,0.296875,0.3046875,0.30078125,False,True,True,0,0,77800,77800,77753,77752
5785,5,age,76595,76594,128,118,0.921875,0.9296875,0.92578125,True,False,True,0,0,77808,77744,77752,77752
5790,5,age,76604,76605,128,17,0.1328125,0.140625,0.13671875,True,False,True,0,0,77848,77840,77755,77755
5790,5,age,76604,76605,128,89,0.6953125,0.703125,0.69921875,False,True,True,0,0,77776,77776,77755,77756
5790,5,age,76604,76605,128,105,0.8203125,0.828125,0.82421875,True,False,True,0,0,77776,77768,77756,77756
5792,5,age,76667,76668,128,17,0.1328125,0.140625,0.13671875,True,False,True,0,0,77848,77840,77819,77819
5792,5,age,76667,76668,128,89,0.6953125,0.703125,0.69921875,False,True,True,0,0,77776,77776,77819,77820
5792,5,age,76667,76668,128,105,0.8203125,0.828125,0.82421875,True,False,True,0,0,77776,77768,77820,77820
5794,5,age,76730,76731,128,17,0.1328125,0.140625,0.13671875,True,False,True,0,0,77848,77840,77883,77883
5794,5,age,76730,76731,128,89,0.6953125,0.703125,0.69921875,False,True,True,0,0,77776,77776,77883,77884
5794,5,age,76730,76731,128,105,0.8203125,0.828125,0.82421875,True,False,True,0,0,77776,77768,77884,77884
5796,5,age,76791,76792,128,9,0.0703125,0.078125,0.07421875,True,False,True,0,0,79472,79464,79481,79481
5796,5,age,76791,76792,128,89,0.6953125,0.703125,0.69921875,False,True,True,0,0,79464,79464,79481,79482
5796,5,age,76791,76792,128,97,0.7578125,0.765625,0.76171875,True,False,True,0,0,79400,79392,79482,79482
5798,5,age,76793,76794,128,17,0.1328125,0.140625,0.13671875,True,False,True,0,0,77848,77840,77947,77947
5798,5,age,76793,76794,128,89,0.6953125,0.703125,0.69921875,False,True,True,0,0,77776,77776,77947,77948
5798,5,age,76793,76794,128,105,0.8203125,0.828125,0.82421875,True,False,True,0,0,77776,77768,77948,77948
5800,5,age,76854,76855,128,9,0.0703125,0.078125,0.07421875,True,False,True,0,0,79472,79464,79481,79481
5800,5,age,76854,76855,128,89,0.6953125,0.703125,0.69921875,False,True,True,0,0,79464,79464,79481,79482
5800,5,age,76854,76855,128,124,0.96875,0.9765625,0.97265625,True,False,True,0,0,79456,79392,79482,79482
5802,5,age,76856,76857,128,17,0.1328125,0.140625,0.13671875,True,False,True,0,0,77848,77840,77947,77947
5802,5,age,76856,76857,128,89,0.6953125,0.703125,0.69921875,False,True,True,0,0,77776,77776,77947,77948
5802,5,age,76856,76857,128,105,0.8203125,0.828125,0.82421875,True,False,True,0,0,77776,77768,77948,77948
5803,5,age,76910,76909,128,15,0.1171875,0.125,0.12109375,True,False,True,0,0,78248,78184,78137,78137
5803,5,age,76910,76909,128,38,0.296875,0.3046875,0.30078125,False,True,True,0,0,78184,78184,78137,78136
5803,5,age,76910,76909,128,118,0.921875,0.9296875,0.92578125,True,False,True,0,0,78192,78128,78136,78136
5808,5,age,76919,76920,128,17,0.1328125,0.140625,0.13671875,True,False,True,0,0,78232,78224,78139,78139
5808,5,age,76919,76920,128,89,0.6953125,0.703125,0.69921875,False,True,True,0,0,78160,78160,78139,78140
5808,5,age,76919,76920,128,105,0.8203125,0.828125,0.82421875,True,False,True,0,0,78160,78152,78140,78140
5810,5,age,76982,76983,128,17,0.1328125,0.140625,0.13671875,True,False,True,0,0,78232,78224,78203,78203
5810,5,age,76982,76983,128,89,0.6953125,0.703125,0.69921875,False,True,True,0,0,78160,78160,78203,78204
5810,5,age,76982,76983,128,105,0.8203125,0.828125,0.82421875,True,False,True,0,0,78160,78152,78204,78204
5812,5,age,77045,77046,128,17,0.1328125,0.140625,0.13671875,True,False,True,0,0,78232,78224,78267,78267
5812,5,age,77045,77046,128,89,0.6953125,0.703125,0.69921875,False,True,True,0,0,78160,78160,78267,78268
5812,5,age,77045,77046,128,105,0.8203125,0.828125,0.82421875,True,False,True,0,0,78160,78152,78268,78268
5814,5,age,77106,77107,128,9,0.0703125,0.078125,0.07421875,True,False,True,0,0,79856,79848,79865,79865
5814,5,age,77106,77107,128,89,0.6953125,0.703125,0.69921875,False,True,True,0,0,79848,79848,79865,79866
5814,5,age,77106,77107,128,97,0.7578125,0.765625,0.76171875,True,False,True,0,0,79784,79776,79866,79866
5816,5,age,77108,77109,128,17,0.1328125,0.140625,0.13671875,True,False,True,0,0,78232,78224,78331,78331
5816,5,age,77108,77109,128,89,0.6953125,0.703125,0.69921875,False,True,True,0,0,78160,78160,78331,78332
5816,5,age,77108,77109,128,105,0.8203125,0.828125,0.82421875,True,False,True,0,0,78160,78152,78332,78332
5818,5,age,77169,77170,128,9,0.0703125,0.078125,0.07421875,True,False,True,0,0,79856,79848,79865,79865
5818,5,age,77169,77170,128,89,0.6953125,0.703125,0.69921875,False,True,True,0,0,79848,79848,79865,79866
5818,5,age,77169,77170,128,124,0.96875,0.9765625,0.97265625,True,False,True,0,0,79840,79776,79866,79866
5820,5,age,77171,77172,128,17,0.1328125,0.140625,0.13671875,True,False,True,0,0,78232,78224,78331,78331
5820,5,age,77171,77172,128,89,0.6953125,0.703125,0.69921875,False,True,True,0,0,78160,78160,78331,78332
5820,5,age,77171,77172,128,105,0.8203125,0.828125,0.82421875,True,False,True,0,0,78160,78152,78332,78332
5821,5,age,78170,78169,128,15,0.1171875,0.125,0.12109375,True,False,True,0,0,79400,79336,79289,79289
5821,5,age,78170,78169,128,38,0.296875,0.3046875,0.30078125,False,True,True,0,0,79336,79336,79289,79288
5821,5,age,78170,78169,128,118,0.921875,0.9296875,0.92578125,True,False,True,0,0,79344,79280,79288,79288
5826,5,age,78179,78180,128,17,0.1328125,0.140625,0.13671875,True,False,True,0,0,79384,79376,79291,79291
5826,5,age,78179,78180,128,89,0.6953125,0.703125,0.69921875,False,True,True,0,0,79312,79312,79291,79292
5826,5,age,78179,78180,128,105,0.8203125,0.828125,0.82421875,True,False,True,0,0,79312,79304,79292,79292
5828,5,age,78242,78243,128,17,0.1328125,0.140625,0.13671875,True,False,True,0,0,79384,79376,79355,79355
5828,5,age,78242,78243,128,89,0.6953125,0.703125,0.69921875,False,True,True,0,0,79312,79312,79355,79356
5828,5,age,78242,78243,128,105,0.8203125,0.828125,0.82421875,True,False,True,0,0,79312,79304,79356,79356
5830,5,age,78305,78306,128,17,0.1328125,0.140625,0.13671875,True,False,True,0,0,79384,79376,79419,79419
5830,5,age,78305,78306,128,89,0.6953125,0.703125,0.69921875,False,True,True,0,0,79312,79312,79419,79420
5830,5,age,78305,78306,128,105,0.8203125,0.828125,0.82421875,True,False,True,0,0,79312,79304,79420,79420
5832,5,age,78366,78367,128,9,0.0703125,0.078125,0.07421875,True,False,True,0,0,81008,81000,81017,81017
5832,5,age,78366,78367,128,89,0.6953125,0.703125,0.69921875,False,True,True,0,0,81000,81000,81017,81018
5832,5,age,78366,78367,128,97,0.7578125,0.765625,0.76171875,True,False,True,0,0,80936,80928,81018,81018
5834,5,age,78368,78369,128,17,0.1328125,0.140625,0.13671875,True,False,True,0,0,79384,79376,79483,79483
5834,5,age,78368,78369,128,89,0.6953125,0.703125,0.69921875,False,True,True,0,0,79312,79312,79483,79484
5834,5,age,78368,78369,128,105,0.8203125,0.828125,0.82421875,True,False,True,0,0,79312,79304,79484,79484
5836,5,age,78429,78430,128,9,0.0703125,0.078125,0.07421875,True,False,True,0,0,81008,81000,81017,81017
5836,5,age,78429,78430,128,89,0.6953125,0.703125,0.69921875,False,True,True,0,0,81000,81000,81017,81018
5836,5,age,78429,78430,128,124,0.96875,0.9765625,0.97265625,True,False,True,0,0,80992,80928,81018,81018
5838,5,age,78431,78432,128,17,0.1328125,0.140625,0.13671875,True,False,True,0,0,79384,79376,79483,79483
5838,5,age,78431,78432,128,89,0.6953125,0.703125,0.69921875,False,True,True,0,0,79312,79312,79483,79484
5838,5,age,78431,78432,128,105,0.8203125,0.828125,0.82421875,True,False,True,0,0,79312,79304,79484,79484
5839,5,age,78485,78484,128,15,0.1171875,0.125,0.12109375,True,False,True,0,0,79784,79720,79673,79673
5839,5,age,78485,78484,128,38,0.296875,0.3046875,0.30078125,False,True,True,0,0,79720,79720,79673,79672
5839,5,age,78485,78484,128,118,0.921875,0.9296875,0.92578125,True,False,True,0,0,79728,79664,79672,79672
5844,5,age,78494,78495,128,17,0.1328125,0.140625,0.13671875,True,False,True,0,0,79768,79760,79675,79675
5844,5,age,78494,78495,128,89,0.6953125,0.703125,0.69921875,False,True,True,0,0,79696,79696,79675,79676
5844,5,age,78494,78495,128,105,0.8203125,0.828125,0.82421875,True,False,True,0,0,79696,79688,79676,79676
5846,5,age,78557,78558,128,17,0.1328125,0.140625,0.13671875,True,False,True,0,0,79768,79760,79739,79739
5846,5,age,78557,78558,128,89,0.6953125,0.703125,0.69921875,False,True,True,0,0,79696,79696,79739,79740
5846,5,age,78557,78558,128,105,0.8203125,0.828125,0.82421875,True,False,True,0,0,79696,79688,79740,79740
5848,5,age,78620,78621,128,17,0.1328125,0.140625,0.13671875,True,False,True,0,0,79768,79760,79803,79803
5848,5,age,78620,78621,128,89,0.6953125,0.703125,0.69921875,False,True,True,0,0,79696,79696,79803,79804
5848,5,age,78620,78621,128,105,0.8203125,0.828125,0.82421875,True,False,True,0,0,79696,79688,79804,79804
5850,5,age,78681,78682,128,9,0.0703125,0.078125,0.07421875,True,False,True,0,0,81392,81384,81401,81401
5850,5,age,78681,78682,128,89,0.6953125,0.703125,0.69921875,False,True,True,0,0,81384,81384,81401,81402
5850,5,age,78681,78682,128,97,0.7578125,0.765625,0.76171875,True,False,True,0,0,81320,81312,81402,81402
5852,5,age,78683,78684,128,17,0.1328125,0.140625,0.13671875,True,False,True,0,0,79768,79760,79867,79867
5852,5,age,78683,78684,128,89,0.6953125,0.703125,0.69921875,False,True,True,0,0,79696,79696,79867,79868
5852,5,age,78683,78684,128,105,0.8203125,0.828125,0.82421875,True,False,True,0,0,79696,79688,79868,79868
5854,5,age,78744,78745,128,9,0.0703125,0.078125,0.07421875,True,False,True,0,0,81392,81384,81401,81401
5854,5,age,78744,78745,128,89,0.6953125,0.703125,0.69921875,False,True,True,0,0,81384,81384,81401,81402
5854,5,age,78744,78745,128,124,0.96875,0.9765625,0.97265625,True,False,True,0,0,81376,81312,81402,81402
5856,5,age,78746,78747,128,17,0.1328125,0.140625,0.13671875,True,False,True,0,0,79768,79760,79867,79867
5856,5,age,78746,78747,128,89,0.6953125,0.703125,0.69921875,False,True,True,0,0,79696,79696,79867,79868
5856,5,age,78746,78747,128,105,0.8203125,0.828125,0.82421875,True,False,True,0,0,79696,79688,79868,79868
5857,5,age,79745,79744,128,15,0.1171875,0.125,0.12109375,True,False,True,0,0,80936,80872,80825,80825
5857,5,age,79745,79744,128,38,0.296875,0.3046875,0.30078125,False,True,True,0,0,80872,80872,80825,80824
5857,5,age,79745,79744,128,118,0.921875,0.9296875,0.92578125,True,False,True,0,0,80880,80816,80824,80824
5862,5,age,79754,79755,128,17,0.1328125,0.140625,0.13671875,True,False,True,0,0,80920,80912,80827,80827
5862,5,age,79754,79755,128,89,0.6953125,0.703125,0.69921875,False,True,True,0,0,80848,80848,80827,80828
5862,5,age,79754,79755,128,105,0.8203125,0.828125,0.82421875,True,False,True,0,0,80848,80840,80828,80828
5864,5,age,79817,79818,128,17,0.1328125,0.140625,0.13671875,True,False,True,0,0,80920,80912,80891,80891
5864,5,age,79817,79818,128,89,0.6953125,0.703125,0.69921875,False,True,True,0,0,80848,80848,80891,80892
5864,5,age,79817,79818,128,105,0.8203125,0.828125,0.82421875,True,False,True,0,0,80848,80840,80892,80892
5866,5,age,79880,79881,128,17,0.1328125,0.140625,0.13671875,True,False,True,0,0,80920,80912,80955,80955
5866,5,age,79880,79881,128,89,0.6953125,0.703125,0.69921875,False,True,True,0,0,80848,80848,80955,80956
5866,5,age,79880,79881,128,105,0.8203125,0.828125,0.82421875,True,False,True,0,0,80848,80840,80956,80956
5868,5,age,79943,79944,128,17,0.1328125,0.140625,0.13671875,True,False,True,0,0,80920,80912,81019,81019
5868,5,age,79943,79944,128,89,0.6953125,0.703125,0.69921875,False,True,True,0,0,80848,80848,81019,81020
5868,5,age,79943,79944,128,105,0.8203125,0.828125,0.82421875,True,False,True,0,0,80848,80840,81020,81020
5870,5,age,80006,80007,128,17,0.1328125,0.140625,0.13671875,True,False,True,0,0,80920,80912,81019,81019
5870,5,age,80006,80007,128,89,0.6953125,0.703125,0.69921875,False,True,True,0,0,80848,80848,81019,81020
5870,5,age,80006,80007,128,105,0.8203125,0.828125,0.82421875,True,False,True,0,0,80848,80840,81020,81020
5871,5,age,80060,80059,128,15,0.1171875,0.125,0.12109375,True,False,True,0,0,81320,81256,81209,81209
5871,5,age,80060,80059,128,38,0.296875,0.3046875,0.30078125,False,True,True,0,0,81256,81256,81209,81208
5871,5,age,80060,80059,128,118,0.921875,0.9296875,0.92578125,True,False,True,0,0,81264,81200,81208,81208
5876,5,age,80069,80070,128,17,0.1328125,0.140625,0.13671875,True,False,True,0,0,81304,81296,81211,81211
5876,5,age,80069,80070,128,89,0.6953125,0.703125,0.69921875,False,True,True,0,0,81232,81232,81211,81212
5876,5,age,80069,80070,128,105,0.8203125,0.828125,0.82421875,True,False,True,0,0,81232,81224,81212,81212
5878,5,age,80132,80133,128,17,0.1328125,0.140625,0.13671875,True,False,True,0,0,81304,81296,81275,81275
5878,5,age,80132,80133,128,89,0.6953125,0.703125,0.69921875,False,True,True,0,0,81232,81232,81275,81276
5878,5,age,80132,80133,128,105,0.8203125,0.828125,0.82421875,True,False,True,0,0,81232,81224,81276,81276
5880,5,age,80195,80196,128,17,0.1328125,0.140625,0.13671875,True,False,True,0,0,81304,81296,81339,81339
5880,5,age,80195,80196,128,89,0.6953125,0.703125,0.69921875,False,True,True,0,0,81232,81232,81339,81340
5880,5,age,80195,80196,128,105,0.8203125,0.828125,0.82421875,True,False,True,0,0,81232,81224,81340,81340
5882,5,age,80258,80259,128,17,0.1328125,0.140625,0.13671875,True,False,True,0,0,81304,81296,81403,81403
5882,5,age,80258,80259,128,89,0.6953125,0.703125,0.69921875,False,True,True,0,0,81232,81232,81403,81404
5882,5,age,80258,80259,128,105,0.8203125,0.828125,0.82421875,True,False,True,0,0,81232,81224,81404,81404
5884,5,age,80321,80322,128,17,0.1328125,0.140625,0.13671875,True,False,True,0,0,81304,81296,81403,81403
5884,5,age,80321,80322,128,89,0.6953125,0.703125,0.69921875,False,True,True,0,0,81232,81232,81403,81404
5884,5,age,80321,80322,128,105,0.8203125,0.828125,0.82421875,True,False,True,0,0,81232,81224,81404,81404
5886,5,age,83721,83722,128,9,0.0703125,0.078125,0.07421875,True,False,True,0,0,66416,66408,66425,66425
5886,5,age,83721,83722,128,89,0.6953125,0.703125,0.69921875,False,True,True,0,0,66408,66408,66425,66426
5886,5,age,83721,83722,128,97,0.7578125,0.765625,0.76171875,True,False,True,0,0,66344,66336,66426,66426
5888,5,age,83784,83785,128,9,0.0703125,0.078125,0.07421875,True,False,True,0,0,66416,66408,66425,66425
5888,5,age,83784,83785,128,89,0.6953125,0.703125,0.69921875,False,True,True,0,0,66408,66408,66425,66426
5888,5,age,83784,83785,128,124,0.96875,0.9765625,0.97265625,True,False,True,0,0,66400,66336,66426,66426
5890,5,age,84036,84037,128,9,0.0703125,0.078125,0.07421875,True,False,True,0,0,66800,66792,66809,66809
5890,5,age,84036,84037,128,89,0.6953125,0.703125,0.69921875,False,True,True,0,0,66792,66792,66809,66810
5890,5,age,84036,84037,128,97,0.7578125,0.765625,0.76171875,True,False,True,0,0,66728,66720,66810,66810
5892,5,age,84099,84100,128,9,0.0703125,0.078125,0.07421875,True,False,True,0,0,66800,66792,66809,66809
5892,5,age,84099,84100,128,89,0.6953125,0.703125,0.69921875,False,True,True,0,0,66792,66792,66809,66810
5892,5,age,84099,84100,128,124,0.96875,0.9765625,0.97265625,True,False,True,0,0,66784,66720,66810,66810
5894,5,age,84351,84352,128,9,0.0703125,0.078125,0.07421875,True,False,True,0,0,66800,66792,66809,66809
5894,5,age,84351,84352,128,89,0.6953125,0.703125,0.69921875,False,True,True,0,0,66792,66792,66809,66810
5894,5,age,84351,84352,128,97,0.7578125,0.765625,0.76171875,True,False,True,0,0,66728,66720,66810,66810
5896,5,age,84414,84415,128,9,0.0703125,0.078125,0.07421875,True,False,True,0,0,66800,66792,66809,66809
5896,5,age,84414,84415,128,89,0.6953125,0.703125,0.69921875,False,True,True,0,0,66792,66792,66809,66810
5896,5,age,84414,84415,128,124,0.96875,0.9765625,0.97265625,True,False,True,0,0,66784,66720,66810,66810
5898,5,age,84666,84667,128,9,0.0703125,0.078125,0.07421875,True,False,True,0,0,88688,88680,88697,88697
5898,5,age,84666,84667,128,89,0.6953125,0.703125,0.69921875,False,True,True,0,0,88680,88680,88697,88698
5898,5,age,84666,84667,128,97,0.7578125,0.765625,0.76171875,True,False,True,0,0,88616,88608,88698,88698
5900,5,age,84729,84730,128,9,0.0703125,0.078125,0.07421875,True,False,True,0,0,88688,88680,88697,88697
5900,5,age,84729,84730,128,89,0.6953125,0.703125,0.69921875,False,True,True,0,0,88680,88680,88697,88698
5900,5,age,84729,84730,128,124,0.96875,0.9765625,0.97265625,True,False,True,0,0,88672,88608,88698,88698
5902,5,age,84981,84982,128,9,0.0703125,0.078125,0.07421875,True,False,True,0,0,89072,89064,89081,89081
5902,5,age,84981,84982,128,89,0.6953125,0.703125,0.69921875,False,True,True,0,0,89064,89064,89081,89082
5902,5,age,84981,84982,128,97,0.7578125,0.765625,0.76171875,True,False,True,0,0,89000,88992,89082,89082
5904,5,age,85044,85045,128,9,0.0703125,0.078125,0.07421875,True,False,True,0,0,89072,89064,89081,89081
5904,5,age,85044,85045,128,89,0.6953125,0.703125,0.69921875,False,True,True,0,0,89064,89064,89081,89082
5904,5,age,85044,85045,128,124,0.96875,0.9765625,0.97265625,True,False,True,0,0,89056,88992,89082,89082
5905,5,age,85100,85099,128,15,0.1171875,0.125,0.12109375,True,False,True,0,0,66344,66280,66233,66233
5905,5,age,85100,85099,128,38,0.296875,0.3046875,0.30078125,False,True,True,0,0,66280,66280,66233,66232
5905,5,age,85100,85099,128,118,0.921875,0.9296875,0.92578125,True,False,True,0,0,66288,66224,66232,66232
5910,5,age,85109,85110,128,17,0.1328125,0.140625,0.13671875,True,False,True,0,0,66328,66320,66235,66235
5910,5,age,85109,85110,128,89,0.6953125,0.703125,0.69921875,False,True,True,0,0,66256,66256,66235,66236
5910,5,age,85109,85110,128,105,0.8203125,0.828125,0.82421875,True,False,True,0,0,66256,66248,66236,66236
5912,5,age,85172,85173,128,17,0.1328125,0.140625,0.13671875,True,False,True,0,0,66328,66320,66299,66299
5912,5,age,85172,85173,128,89,0.6953125,0.703125,0.69921875,False,True,True,0,0,66256,66256,66299,66300
5912,5,age,85172,85173,128,105,0.8203125,0.828125,0.82421875,True,False,True,0,0,66256,66248,66300,66300
5914,5,age,85235,85236,128,17,0.1328125,0.140625,0.13671875,True,False,True,0,0,66328,66320,66363,66363
5914,5,age,85235,85236,128,89,0.6953125,0.703125,0.69921875,False,True,True,0,0,66256,66256,66363,66364
5914,5,age,85235,85236,128,105,0.8203125,0.828125,0.82421875,True,False,True,0,0,66256,66248,66364,66364
5916,5,age,85296,85297,128,9,0.0703125,0.078125,0.07421875,True,False,True,0,0,67952,67944,67961,67961
5916,5,age,85296,85297,128,89,0.6953125,0.703125,0.69921875,False,True,True,0,0,67944,67944,67961,67962
5916,5,age,85296,85297,128,97,0.7578125,0.765625,0.76171875,True,False,True,0,0,67880,67872,67962,67962
5918,5,age,85298,85299,128,17,0.1328125,0.140625,0.13671875,True,False,True,0,0,66328,66320,66427,66427
5918,5,age,85298,85299,128,89,0.6953125,0.703125,0.69921875,False,True,True,0,0,66256,66256,66427,66428
5918,5,age,85298,85299,128,105,0.8203125,0.828125,0.82421875,True,False,True,0,0,66256,66248,66428,66428
5920,5,age,85359,85360,128,9,0.0703125,0.078125,0.07421875,True,False,True,0,0,67952,67944,67961,67961
5920,5,age,85359,85360,128,89,0.6953125,0.703125,0.69921875,False,True,True,0,0,67944,67944,67961,67962
5920,5,age,85359,85360,128,124,0.96875,0.9765625,0.97265625,True,False,True,0,0,67936,67872,67962,67962
5922,5,age,85361,85362,128,17,0.1328125,0.140625,0.13671875,True,False,True,0,0,66328,66320,66427,66427
5922,5,age,85361,85362,128,89,0.6953125,0.703125,0.69921875,False,True,True,0,0,66256,66256,66427,66428
5922,5,age,85361,85362,128,105,0.8203125,0.828125,0.82421875,True,False,True,0,0,66256,66248,66428,66428
5923,5,age,85415,85414,128,15,0.1171875,0.125,0.12109375,True,False,True,0,0,66728,66664,66617,66617
5923,5,age,85415,85414,128,38,0.296875,0.3046875,0.30078125,False,True,True,0,0,66664,66664,66617,66616
5923,5,age,85415,85414,128,118,0.921875,0.9296875,0.92578125,True,False,True,0,0,66672,66608,66616,66616
5928,5,age,85424,85425,128,17,0.1328125,0.140625,0.13671875,True,False,True,0,0,66712,66704,66619,66619
5928,5,age,85424,85425,128,89,0.6953125,0.703125,0.69921875,False,True,True,0,0,66640,66640,66619,66620
5928,5,age,85424,85425,128,105,0.8203125,0.828125,0.82421875,True,False,True,0,0,66640,66632,66620,66620
5930,5,age,85487,85488,128,17,0.1328125,0.140625,0.13671875,True,False,True,0,0,66712,66704,66683,66683
5930,5,age,85487,85488,128,89,0.6953125,0.703125,0.69921875,False,True,True,0,0,66640,66640,66683,66684
5930,5,age,85487,85488,128,105,0.8203125,0.828125,0.82421875,True,False,True,0,0,66640,66632,66684,66684
5932,5,age,85550,85551,128,17,0.1328125,0.140625,0.13671875,True,False,True,0,0,66712,66704,66747,66747
5932,5,age,85550,85551,128,89,0.6953125,0.703125,0.69921875,False,True,True,0,0,66640,66640,66747,66748
5932,5,age,85550,85551,128,105,0.8203125,0.828125,0.82421875,True,False,True,0,0,66640,66632,66748,66748
5934,5,age,85611,85612,128,9,0.0703125,0.078125,0.07421875,True,False,True,0,0,68336,68328,68345,68345
5934,5,age,85611,85612,128,89,0.6953125,0.703125,0.69921875,False,True,True,0,0,68328,68328,68345,68346
5934,5,age,85611,85612,128,97,0.7578125,0.765625,0.76171875,True,False,True,0,0,68264,68256,68346,68346
5936,5,age,85613,85614,128,17,0.1328125,0.140625,0.13671875,True,False,True,0,0,66712,66704,66811,66811
5936,5,age,85613,85614,128,89,0.6953125,0.703125,0.69921875,False,True,True,0,0,66640,66640,66811,66812
5936,5,age,85613,85614,128,105,0.8203125,0.828125,0.82421875,True,False,True,0,0,66640,66632,66812,66812
5938,5,age,85674,85675,128,9,0.0703125,0.078125,0.07421875,True,False,True,0,0,68336,68328,68345,68345
5938,5,age,85674,85675,128,89,0.6953125,0.703125,0.69921875,False,True,True,0,0,68328,68328,68345,68346
5938,5,age,85674,85675,128,124,0.96875,0.9765625,0.97265625,True,False,True,0,0,68320,68256,68346,68346
5940,5,age,85676,85677,128,17,0.1328125,0.140625,0.13671875,True,False,True,0,0,66712,66704,66811,66811
5940,5,age,85676,85677,128,89,0.6953125,0.703125,0.69921875,False,True,True,0,0,66640,66640,66811,66812
5940,5,age,85676,85677,128,105,0.8203125,0.828125,0.82421875,True,False,True,0,0,66640,66632,66812,66812
5941,5,age,85730,85729,128,15,0.1171875,0.125,0.12109375,True,False,True,0,0,66728,66664,66617,66617
5941,5,age,85730,85729,128,38,0.296875,0.3046875,0.30078125,False,True,True,0,0,66664,66664,66617,66616
5941,5,age,85730,85729,128,118,0.921875,0.9296875,0.92578125,True,False,True,0,0,66672,66608,66616,66616
5946,5,age,85739,85740,128,17,0.1328125,0.140625,0.13671875,True,False,True,0,0,66712,66704,66619,66619
5946,5,age,85739,85740,128,89,0.6953125,0.703125,0.69921875,False,True,True,0,0,66640,66640,66619,66620
5946,5,age,85739,85740,128,105,0.8203125,0.828125,0.82421875,True,False,True,0,0,66640,66632,66620,66620
5948,5,age,85802,85803,128,17,0.1328125,0.140625,0.13671875,True,False,True,0,0,66712,66704,66683,66683
5948,5,age,85802,85803,128,89,0.6953125,0.703125,0.69921875,False,True,True,0,0,66640,66640,66683,66684
5948,5,age,85802,85803,128,105,0.8203125,0.828125,0.82421875,True,False,True,0,0,66640,66632,66684,66684
5950,5,age,85865,85866,128,17,0.1328125,0.140625,0.13671875,True,False,True,0,0,66712,66704,66747,66747
5950,5,age,85865,85866,128,89,0.6953125,0.703125,0.69921875,False,True,True,0,0,66640,66640,66747,66748
5950,5,age,85865,85866,128,105,0.8203125,0.828125,0.82421875,True,False,True,0,0,66640,66632,66748,66748
5952,5,age,85926,85927,128,9,0.0703125,0.078125,0.07421875,True,False,True,0,0,68336,68328,68345,68345
5952,5,age,85926,85927,128,89,0.6953125,0.703125,0.69921875,False,True,True,0,0,68328,68328,68345,68346
5952,5,age,85926,85927,128,97,0.7578125,0.765625,0.76171875,True,False,True,0,0,68264,68256,68346,68346
5954,5,age,85928,85929,128,17,0.1328125,0.140625,0.13671875,True,False,True,0,0,66712,66704,66811,66811
5954,5,age,85928,85929,128,89,0.6953125,0.703125,0.69921875,False,True,True,0,0,66640,66640,66811,66812
5954,5,age,85928,85929,128,105,0.8203125,0.828125,0.82421875,True,False,True,0,0,66640,66632,66812,66812
5956,5,age,85989,85990,128,9,0.0703125,0.078125,0.07421875,True,False,True,0,0,68336,68328,68345,68345
5956,5,age,85989,85990,128,89,0.6953125,0.703125,0.69921875,False,True,True,0,0,68328,68328,68345,68346
5956,5,age,85989,85990,128,124,0.96875,0.9765625,0.97265625,True,False,True,0,0,68320,68256,68346,68346
5958,5,age,85991,85992,128,17,0.1328125,0.140625,0.13671875,True,False,True,0,0,66712,66704,66811,66811
5958,5,age,85991,85992,128,89,0.6953125,0.703125,0.69921875,False,True,True,0,0,66640,66640,66811,66812
5958,5,age,85991,85992,128,105,0.8203125,0.828125,0.82421875,True,False,True,0,0,66640,66632,66812,66812
5959,5,age,86045,86044,128,15,0.1171875,0.125,0.12109375,True,False,True,0,0,88616,88552,88505,88505
5959,5,age,86045,86044,128,38,0.296875,0.3046875,0.30078125,False,True,True,0,0,88552,88552,88505,88504
5959,5,age,86045,86044,128,118,0.921875,0.9296875,0.92578125,True,False,True,0,0,88560,88496,88504,88504
5964,5,age,86054,86055,128,17,0.1328125,0.140625,0.13671875,True,False,True,0,0,88600,88592,88507,88507
5964,5,age,86054,86055,128,89,0.6953125,0.703125,0.69921875,False,True,True,0,0,88528,88528,88507,88508
5964,5,age,86054,86055,128,105,0.8203125,0.828125,0.82421875,True,False,True,0,0,88528,88520,88508,88508
5966,5,age,86117,86118,128,17,0.1328125,0.140625,0.13671875,True,False,True,0,0,88600,88592,88571,88571
5966,5,age,86117,86118,128,89,0.6953125,0.703125,0.69921875,False,True,True,0,0,88528,88528,88571,88572
5966,5,age,86117,86118,128,105,0.8203125,0.828125,0.82421875,True,False,True,0,0,88528,88520,88572,88572
5968,5,age,86180,86181,128,17,0.1328125,0.140625,0.13671875,True,False,True,0,0,88600,88592,88635,88635
5968,5,age,86180,86181,128,89,0.6953125,0.703125,0.69921875,False,True,True,0,0,88528,88528,88635,88636
5968,5,age,86180,86181,128,105,0.8203125,0.828125,0.82421875,True,False,True,0,0,88528,88520,88636,88636
5970,5,age,86241,86242,128,9,0.0703125,0.078125,0.07421875,True,False,True,0,0,90224,90216,90233,90233
5970,5,age,86241,86242,128,89,0.6953125,0.703125,0.69921875,False,True,True,0,0,90216,90216,90233,90234
5970,5,age,86241,86242,128,97,0.7578125,0.765625,0.76171875,True,False,True,0,0,90152,90144,90234,90234
5972,5,age,86243,86244,128,17,0.1328125,0.140625,0.13671875,True,False,True,0,0,88600,88592,88699,88699
5972,5,age,86243,86244,128,89,0.6953125,0.703125,0.69921875,False,True,True,0,0,88528,88528,88699,88700
5972,5,age,86243,86244,128,105,0.8203125,0.828125,0.82421875,True,False,True,0,0,88528,88520,88700,88700
5974,5,age,86304,86305,128,9,0.0703125,0.078125,0.07421875,True,False,True,0,0,90224,90216,90233,90233
5974,5,age,86304,86305,128,89,0.6953125,0.703125,0.69921875,False,True,True,0,0,90216,90216,90233,90234
5974,5,age,86304,86305,128,124,0.96875,0.9765625,0.97265625,True,False,True,0,0,90208,90144,90234,90234
5976,5,age,86306,86307,128,17,0.1328125,0.140625,0.13671875,True,False,True,0,0,88600,88592,88699,88699
5976,5,age,86306,86307,128,89,0.6953125,0.703125,0.69921875,False,True,True,0,0,88528,88528,88699,88700
5976,5,age,86306,86307,128,105,0.8203125,0.828125,0.82421875,True,False,True,0,0,88528,88520,88700,88700
5977,5,age,86360,86359,128,15,0.1171875,0.125,0.12109375,True,False,True,0,0,89000,88936,88889,88889
5977,5,age,86360,86359,128,38,0.296875,0.3046875,0.30078125,False,True,True,0,0,88936,88936,88889,88888
5977,5,age,86360,86359,128,118,0.921875,0.9296875,0.92578125,True,False,True,0,0,88944,88880,88888,88888
5982,5,age,86369,86370,128,17,0.1328125,0.140625,0.13671875,True,False,True,0,0,88984,88976,88891,88891
5982,5,age,86369,86370,128,89,0.6953125,0.703125,0.69921875,False,True,True,0,0,88912,88912,88891,88892
5982,5,age,86369,86370,128,105,0.8203125,0.828125,0.82421875,True,False,True,0,0,88912,88904,88892,88892
5984,5,age,86432,86433,128,17,0.1328125,0.140625,0.13671875,True,False,True,0,0,88984,88976,88955,88955
5984,5,age,86432,86433,128,89,0.6953125,0.703125,0.69921875,False,True,True,0,0,88912,88912,88955,88956
5984,5,age,86432,86433,128,105,0.8203125,0.828125,0.82421875,True,False,True,0,0,88912,88904,88956,88956
5986,5,age,86495,86496,128,17,0.1328125,0.140625,0.13671875,True,False,True,0,0,88984,88976,89019,89019
5986,5,age,86495,86496,128,89,0.6953125,0.703125,0.69921875,False,True,True,0,0,88912,88912,89019,89020
5986,5,age,86495,86496,128,105,0.8203125,0.828125,0.82421875,True,False,True,0,0,88912,88904,89020,89020
5988,5,age,86556,86557,128,9,0.0703125,0.078125,0.07421875,True,False,True,0,0,90608,90600,90617,90617
5988,5,age,86556,86557,128,89,0.6953125,0.703125,0.69921875,False,True,True,0,0,90600,90600,90617,90618
5988,5,age,86556,86557,128,97,0.7578125,0.765625,0.76171875,True,False,True,0,0,90536,90528,90618,90618
5990,5,age,86558,86559,128,17,0.1328125,0.140625,0.13671875,True,False,True,0,0,88984,88976,89083,89083
5990,5,age,86558,86559,128,89,0.6953125,0.703125,0.69921875,False,True,True,0,0,88912,88912,89083,89084
5990,5,age,86558,86559,128,105,0.8203125,0.828125,0.82421875,True,False,True,0,0,88912,88904,89084,89084
5992,5,age,86619,86620,128,9,0.0703125,0.078125,0.07421875,True,False,True,0,0,90608,90600,90617,90617
5992,5,age,86619,86620,128,89,0.6953125,0.703125,0.69921875,False,True,True,0,0,90600,90600,90617,90618
5992,5,age,86619,86620,128,124,0.96875,0.9765625,0.97265625,True,False,True,0,0,90592,90528,90618,90618
5994,5,age,86621,86622,128,17,0.1328125,0.140625,0.13671875,True,False,True,0,0,88984,88976,89083,89083
5994,5,age,86621,86622,128,89,0.6953125,0.703125,0.69921875,False,True,True,0,0,88912,88912,89083,89084
5994,5,age,86621,86622,128,105,0.8203125,0.828125,0.82421875,True,False,True,0,0,88912,88904,89084,89084
5995,5,age,86675,86674,128,15,0.1171875,0.125,0.12109375,True,False,True,0,0,67880,67816,67769,67769
5995,5,age,86675,86674,128,38,0.296875,0.3046875,0.30078125,False,True,True,0,0,67816,67816,67769,67768
5995,5,age,86675,86674,128,118,0.921875,0.9296875,0.92578125,True,False,True,0,0,67824,67760,67768,67768
6000,5,age,86684,86685,128,17,0.1328125,0.140625,0.13671875,True,False,True,0,0,67864,67856,67771,67771
6000,5,age,86684,86685,128,89,0.6953125,0.703125,0.69921875,False,True,True,0,0,67792,67792,67771,67772
6000,5,age,86684,86685,128,105,0.8203125,0.828125,0.82421875,True,False,True,0,0,67792,67784,67772,67772
6002,5,age,86747,86748,128,17,0.1328125,0.140625,0.13671875,True,False,True,0,0,67864,67856,67835,67835
6002,5,age,86747,86748,128,89,0.6953125,0.703125,0.69921875,False,True,True,0,0,67792,67792,67835,67836
6002,5,age,86747,86748,128,105,0.8203125,0.828125,0.82421875,True,False,True,0,0,67792,67784,67836,67836
6004,5,age,86810,86811,128,17,0.1328125,0.140625,0.13671875,True,False,True,0,0,67864,67856,67899,67899
6004,5,age,86810,86811,128,89,0.6953125,0.703125,0.69921875,False,True,True,0,0,67792,67792,67899,67900
6004,5,age,86810,86811,128,105,0.8203125,0.828125,0.82421875,True,False,True,0,0,67792,67784,67900,67900
6006,5,age,86871,86872,128,9,0.0703125,0.078125,0.07421875,True,False,True,0,0,69488,69480,69497,69497
6006,5,age,86871,86872,128,89,0.6953125,0.703125,0.69921875,False,True,True,0,0,69480,69480,69497,69498
6006,5,age,86871,86872,128,97,0.7578125,0.765625,0.76171875,True,False,True,0,0,69416,69408,69498,69498
6008,5,age,86873,86874,128,17,0.1328125,0.140625,0.13671875,True,False,True,0,0,67864,67856,67963,67963
6008,5,age,86873,86874,128,89,0.6953125,0.703125,0.69921875,False,True,True,0,0,67792,67792,67963,67964
6008,5,age,86873,86874,128,105,0.8203125,0.828125,0.82421875,True,False,True,0,0,67792,67784,67964,67964
6010,5,age,86934,86935,128,9,0.0703125,0.078125,0.07421875,True,False,True,0,0,69488,69480,69497,69497
6010,5,age,86934,86935,128,89,0.6953125,0.703125,0.69921875,False,True,True,0,0,69480,69480,69497,69498
6010,5,age,86934,86935,128,124,0.96875,0.9765625,0.97265625,True,False,True,0,0,69472,69408,69498,69498
6012,5,age,86936,86937,128,17,0.1328125,0.140625,0.13671875,True,False,True,0,0,67864,67856,67963,67963
6012,5,age,86936,86937,128,89,0.6953125,0.703125,0.69921875,False,True,True,0,0,67792,67792,67963,67964
6012,5,age,86936,86937,128,105,0.8203125,0.828125,0.82421875,True,False,True,0,0,67792,67784,67964,67964
6013,5,age,86990,86989,128,15,0.1171875,0.125,0.12109375,True,False,True,0,0,68264,68200,68153,68153
6013,5,age,86990,86989,128,38,0.296875,0.3046875,0.30078125,False,True,True,0,0,68200,68200,68153,68152
6013,5,age,86990,86989,128,118,0.921875,0.9296875,0.92578125,True,False,True,0,0,68208,68144,68152,68152
6018,5,age,86999,87000,128,17,0.1328125,0.140625,0.13671875,True,False,True,0,0,68248,68240,68155,68155
6018,5,age,86999,87000,128,89,0.6953125,0.703125,0.69921875,False,True,True,0,0,68176,68176,68155,68156
6018,5,age,86999,87000,128,105,0.8203125,0.828125,0.82421875,True,False,True,0,0,68176,68168,68156,68156
6020,5,age,87062,87063,128,17,0.1328125,0.140625,0.13671875,True,False,True,0,0,68248,68240,68219,68219
6020,5,age,87062,87063,128,89,0.6953125,0.703125,0.69921875,False,True,True,0,0,68176,68176,68219,68220
6020,5,age,87062,87063,128,105,0.8203125,0.828125,0.82421875,True,False,True,0,0,68176,68168,68220,68220
6022,5,age,87125,87126,128,17,0.1328125,0.140625,0.13671875,True,False,True,0,0,68248,68240,68283,68283
6022,5,age,87125,87126,128,89,0.6953125,0.703125,0.69921875,False,True,True,0,0,68176,68176,68283,68284
6022,5,age,87125,87126,128,105,0.8203125,0.828125,0.82421875,True,False,True,0,0,68176,68168,68284,68284
6024,5,age,87186,87187,128,9,0.0703125,0.078125,0.07421875,True,False,True,0,0,69872,69864,69881,69881
6024,5,age,87186,87187,128,89,0.6953125,0.703125,0.69921875,False,True,True,0,0,69864,69864,69881,69882
6024,5,age,87186,87187,128,97,0.7578125,0.765625,0.76171875,True,False,True,0,0,69800,69792,69882,69882
6026,5,age,87188,87189,128,17,0.1328125,0.140625,0.13671875,True,False,True,0,0,68248,68240,68347,68347
6026,5,age,87188,87189,128,89,0.6953125,0.703125,0.69921875,False,True,True,0,0,68176,68176,68347,68348
6026,5,age,87188,87189,128,105,0.8203125,0.828125,0.82421875,True,False,True,0,0,68176,68168,68348,68348
6028,5,age,87249,87250,128,9,0.0703125,0.078125,0.07421875,True,False,True,0,0,69872,69864,69881,69881
6028,5,age,87249,87250,128,89,0.6953125,0.703125,0.69921875,False,True,True,0,0,69864,69864,69881,69882
6028,5,age,87249,87250,128,124,0.96875,0.9765625,0.97265625,True,False,True,0,0,69856,69792,69882,69882
6030,5,age,87251,87252,128,17,0.1328125,0.140625,0.13671875,True,False,True,0,0,68248,68240,68347,68347
6030,5,age,87251,87252,128,89,0.6953125,0.703125,0.69921875,False,True,True,0,0,68176,68176,68347,68348
6030,5,age,87251,87252,128,105,0.8203125,0.828125,0.82421875,True,False,True,0,0,68176,68168,68348,68348
6031,5,age,87305,87304,128,15,0.1171875,0.125,0.12109375,True,False,True,0,0,68264,68200,68153,68153
6031,5,age,87305,87304,128,38,0.296875,0.3046875,0.30078125,False,True,True,0,0,68200,68200,68153,68152
6031,5,age,87305,87304,128,118,0.921875,0.9296875,0.92578125,True,False,True,0,0,68208,68144,68152,68152
6036,5,age,87314,87315,128,17,0.1328125,0.140625,0.13671875,True,False,True,0,0,68248,68240,68155,68155
6036,5,age,87314,87315,128,89,0.6953125,0.703125,0.69921875,False,True,True,0,0,68176,68176,68155,68156
6036,5,age,87314,87315,128,105,0.8203125,0.828125,0.82421875,True,False,True,0,0,68176,68168,68156,68156
6038,5,age,87377,87378,128,17,0.1328125,0.140625,0.13671875,True,False,True,0,0,68248,68240,68219,68219
6038,5,age,87377,87378,128,89,0.6953125,0.703125,0.69921875,False,True,True,0,0,68176,68176,68219,68220
6038,5,age,87377,87378,128,105,0.8203125,0.828125,0.82421875,True,False,True,0,0,68176,68168,68220,68220
6040,5,age,87440,87441,128,17,0.1328125,0.140625,0.13671875,True,False,True,0,0,68248,68240,68283,68283
6040,5,age,87440,87441,128,89,0.6953125,0.703125,0.69921875,False,True,True,0,0,68176,68176,68283,68284
6040,5,age,87440,87441,128,105,0.8203125,0.828125,0.82421875,True,False,True,0,0,68176,68168,68284,68284
6042,5,age,87501,87502,128,9,0.0703125,0.078125,0.07421875,True,False,True,0,0,69872,69864,69881,69881
6042,5,age,87501,87502,128,89,0.6953125,0.703125,0.69921875,False,True,True,0,0,69864,69864,69881,69882
6042,5,age,87501,87502,128,97,0.7578125,0.765625,0.76171875,True,False,True,0,0,69800,69792,69882,69882
6044,5,age,87503,87504,128,17,0.1328125,0.140625,0.13671875,True,False,True,0,0,68248,68240,68347,68347
6044,5,age,87503,87504,128,89,0.6953125,0.703125,0.69921875,False,True,True,0,0,68176,68176,68347,68348
6044,5,age,87503,87504,128,105,0.8203125,0.828125,0.82421875,True,False,True,0,0,68176,68168,68348,68348
6046,5,age,87564,87565,128,9,0.0703125,0.078125,0.07421875,True,False,True,0,0,69872,69864,69881,69881
6046,5,age,87564,87565,128,89,0.6953125,0.703125,0.69921875,False,True,True,0,0,69864,69864,69881,69882
6046,5,age,87564,87565,128,124,0.96875,0.9765625,0.97265625,True,False,True,0,0,69856,69792,69882,69882
6048,5,age,87566,87567,128,17,0.1328125,0.140625,0.13671875,True,False,True,0,0,68248,68240,68347,68347
6048,5,age,87566,87567,128,89,0.6953125,0.703125,0.69921875,False,True,True,0,0,68176,68176,68347,68348
6048,5,age,87566,87567,128,105,0.8203125,0.828125,0.82421875,True,False,True,0,0,68176,68168,68348,68348
6049,5,age,87620,87619,128,15,0.1171875,0.125,0.12109375,True,False,True,0,0,90152,90088,90041,90041
6049,5,age,87620,87619,128,38,0.296875,0.3046875,0.30078125,False,True,True,0,0,90088,90088,90041,90040
6049,5,age,87620,87619,128,118,0.921875,0.9296875,0.92578125,True,False,True,0,0,90096,90032,90040,90040
6054,5,age,87629,87630,128,17,0.1328125,0.140625,0.13671875,True,False,True,0,0,90136,90128,90043,90043
6054,5,age,87629,87630,128,89,0.6953125,0.703125,0.69921875,False,True,True,0,0,90064,90064,90043,90044
6054,5,age,87629,87630,128,105,0.8203125,0.828125,0.82421875,True,False,True,0,0,90064,90056,90044,90044
6056,5,age,87692,87693,128,17,0.1328125,0.140625,0.13671875,True,False,True,0,0,90136,90128,90107,90107
6056,5,age,87692,87693,128,89,0.6953125,0.703125,0.69921875,False,True,True,0,0,90064,90064,90107,90108
6056,5,age,87692,87693,128,105,0.8203125,0.828125,0.82421875,True,False,True,0,0,90064,90056,90108,90108
6058,5,age,87755,87756,128,17,0.1328125,0.140625,0.13671875,True,False,True,0,0,90136,90128,90171,90171
6058,5,age,87755,87756,128,89,0.6953125,0.703125,0.69921875,False,True,True,0,0,90064,90064,90171,90172
6058,5,age,87755,87756,128,105,0.8203125,0.828125,0.82421875,True,False,True,0,0,90064,90056,90172,90172
6060,5,age,87816,87817,128,9,0.0703125,0.078125,0.07421875,True,False,True,0,0,91760,91752,91769,91769
6060,5,age,87816,87817,128,89,0.6953125,0.703125,0.69921875,False,True,True,0,0,91752,91752,91769,91770
6060,5,age,87816,87817,128,97,0.7578125,0.765625,0.76171875,True,False,True,0,0,91688,91680,91770,91770
6062,5,age,87818,87819,128,17,0.1328125,0.140625,0.13671875,True,False,True,0,0,90136,90128,90235,90235
6062,5,age,87818,87819,128,89,0.6953125,0.703125,0.69921875,False,True,True,0,0,90064,90064,90235,90236
6062,5,age,87818,87819,128,105,0.8203125,0.828125,0.82421875,True,False,True,0,0,90064,90056,90236,90236
6064,5,age,87879,87880,128,9,0.0703125,0.078125,0.07421875,True,False,True,0,0,91760,91752,91769,91769
6064,5,age,87879,87880,128,89,0.6953125,0.703125,0.69921875,False,True,True,0,0,91752,91752,91769,91770
6064,5,age,87879,87880,128,124,0.96875,0.9765625,0.97265625,True,False,True,0,0,91744,91680,91770,91770
6066,5,age,87881,87882,128,17,0.1328125,0.140625,0.13671875,True,False,True,0,0,90136,90128,90235,90235
6066,5,age,87881,87882,128,89,0.6953125,0.703125,0.69921875,False,True,True,0,0,90064,90064,90235,90236
6066,5,age,87881,87882,128,105,0.8203125,0.828125,0.82421875,True,False,True,0,0,90064,90056,90236,90236
6067,5,age,87935,87934,128,15,0.1171875,0.125,0.12109375,True,False,True,0,0,90536,90472,90425,90425
6067,5,age,87935,87934,128,38,0.296875,0.3046875,0.30078125,False,True,True,0,0,90472,90472,90425,90424
6067,5,age,87935,87934,128,118,0.921875,0.9296875,0.92578125,True,False,True,0,0,90480,90416,90424,90424
6072,5,age,87944,87945,128,17,0.1328125,0.140625,0.13671875,True,False,True,0,0,90520,90512,90427,90427
6072,5,age,87944,87945,128,89,0.6953125,0.703125,0.69921875,False,True,True,0,0,90448,90448,90427,90428
6072,5,age,87944,87945,128,105,0.8203125,0.828125,0.82421875,True,False,True,0,0,90448,90440,90428,90428
6074,5,age,88007,88008,128,17,0.1328125,0.140625,0.13671875,True,False,True,0,0,90520,90512,90491,90491
6074,5,age,88007,88008,128,89,0.6953125,0.703125,0.69921875,False,True,True,0,0,90448,90448,90491,90492
6074,5,age,88007,88008,128,105,0.8203125,0.828125,0.82421875,True,False,True,0,0,90448,90440,90492,90492
6076,5,age,88070,88071,128,17,0.1328125,0.140625,0.13671875,True,False,True,0,0,90520,90512,90555,90555
6076,5,age,88070,88071,128,89,0.6953125,0.703125,0.69921875,False,True,True,0,0,90448,90448,90555,90556
6076,5,age,88070,88071,128,105,0.8203125,0.828125,0.82421875,True,False,True,0,0,90448,90440,90556,90556
6078,5,age,88131,88132,128,9,0.0703125,0.078125,0.07421875,True,False,True,0,0,92144,92136,92153,92153
6078,5,age,88131,88132,128,89,0.6953125,0.703125,0.69921875,False,True,True,0,0,92136,92136,92153,92154
6078,5,age,88131,88132,128,97,0.7578125,0.765625,0.76171875,True,False,True,0,0,92072,92064,92154,92154
6080,5,age,88133,88134,128,17,0.1328125,0.140625,0.13671875,True,False,True,0,0,90520,90512,90619,90619
6080,5,age,88133,88134,128,89,0.6953125,0.703125,0.69921875,False,True,True,0,0,90448,90448,90619,90620
6080,5,age,88133,88134,128,105,0.8203125,0.828125,0.82421875,True,False,True,0,0,90448,90440,90620,90620
6082,5,age,88194,88195,128,9,0.0703125,0.078125,0.07421875,True,False,True,0,0,92144,92136,92153,92153
6082,5,age,88194,88195,128,89,0.6953125,0.703125,0.69921875,False,True,True,0,0,92136,92136,92153,92154
6082,5,age,88194,88195,128,124,0.96875,0.9765625,0.97265625,True,False,True,0,0,92128,92064,92154,92154
6084,5,age,88196,88197,128,17,0.1328125,0.140625,0.13671875,True,False,True,0,0,90520,90512,90619,90619
6084,5,age,88196,88197,128,89,0.6953125,0.703125,0.69921875,False,True,True,0,0,90448,90448,90619,90620
6084,5,age,88196,88197,128,105,0.8203125,0.828125,0.82421875,True,False,True,0,0,90448,90440,90620,90620
6085,5,age,88250,88249,128,15,0.1171875,0.125,0.12109375,True,False,True,0,0,69416,69352,69305,69305
6085,5,age,88250,88249,128,38,0.296875,0.3046875,0.30078125,False,True,True,0,0,69352,69352,69305,69304
6085,5,age,88250,88249,128,118,0.921875,0.9296875,0.92578125,True,False,True,0,0,69360,69296,69304,69304
6090,5,age,88259,88260,128,17,0.1328125,0.140625,0.13671875,True,False,True,0,0,69400,69392,69307,69307
6090,5,age,88259,88260,128,89,0.6953125,0.703125,0.69921875,False,True,True,0,0,69328,69328,69307,69308
6090,5,age,88259,88260,128,105,0.8203125,0.828125,0.82421875,True,False,True,0,0,69328,69320,69308,69308
6092,5,age,88322,88323,128,17,0.1328125,0.140625,0.13671875,True,False,True,0,0,69400,69392,69371,69371
6092,5,age,88322,88323,128,89,0.6953125,0.703125,0.69921875,False,True,True,0,0,69328,69328,69371,69372
6092,5,age,88322,88323,128,105,0.8203125,0.828125,0.82421875,True,False,True,0,0,69328,69320,69372,69372
6094,5,age,88385,88386,128,17,0.1328125,0.140625,0.13671875,True,False,True,0,0,69400,69392,69435,69435
6094,5,age,88385,88386,128,89,0.6953125,0.703125,0.69921875,False,True,True,0,0,69328,69328,69435,69436
6094,5,age,88385,88386,128,105,0.8203125,0.828125,0.82421875,True,False,True,0,0,69328,69320,69436,69436
6096,5,age,88446,88447,128,9,0.0703125,0.078125,0.07421875,True,False,True,0,0,71024,71016,71033,71033
6096,5,age,88446,88447,128,89,0.6953125,0.703125,0.69921875,False,True,True,0,0,71016,71016,71033,71034
6096,5,age,88446,88447,128,97,0.7578125,0.765625,0.76171875,True,False,True,0,0,70952,70944,71034,71034
6098,5,age,88448,88449,128,17,0.1328125,0.140625,0.13671875,True,False,True,0,0,69400,69392,69499,69499
6098,5,age,88448,88449,128,89,0.6953125,0.703125,0.69921875,False,True,True,0,0,69328,69328,69499,69500
6098,5,age,88448,88449,128,105,0.8203125,0.828125,0.82421875,True,False,True,0,0,69328,69320,69500,69500
6100,5,age,88509,88510,128,9,0.0703125,0.078125,0.07421875,True,False,True,0,0,71024,71016,71033,71033
6100,5,age,88509,88510,128,89,0.6953125,0.703125,0.69921875,False,True,True,0,0,71016,71016,71033,71034
6100,5,age,88509,88510,128,124,0.96875,0.9765625,0.97265625,True,False,True,0,0,71008,70944,71034,71034
6102,5,age,88511,88512,128,17,0.1328125,0.140625,0.13671875,True,False,True,0,0,69400,69392,69499,69499
6102,5,age,88511,88512,128,89,0.6953125,0.703125,0.69921875,False,True,True,0,0,69328,69328,69499,69500
6102,5,age,88511,88512,128,105,0.8203125,0.828125,0.82421875,True,False,True,0,0,69328,69320,69500,69500
6103,5,age,88565,88564,128,15,0.1171875,0.125,0.12109375,True,False,True,0,0,69800,69736,69689,69689
6103,5,age,88565,88564,128,38,0.296875,0.3046875,0.30078125,False,True,True,0,0,69736,69736,69689,69688
6103,5,age,88565,88564,128,118,0.921875,0.9296875,0.92578125,True,False,True,0,0,69744,69680,69688,69688
6108,5,age,88574,88575,128,17,0.1328125,0.140625,0.13671875,True,False,True,0,0,69784,69776,69691,69691
6108,5,age,88574,88575,128,89,0.6953125,0.703125,0.69921875,False,True,True,0,0,69712,69712,69691,69692
6108,5,age,88574,88575,128,105,0.8203125,0.828125,0.82421875,True,False,True,0,0,69712,69704,69692,69692
6110,5,age,88637,88638,128,17,0.1328125,0.140625,0.13671875,True,False,True,0,0,69784,69776,69755,69755
6110,5,age,88637,88638,128,89,0.6953125,0.703125,0.69921875,False,True,True,0,0,69712,69712,69755,69756
6110,5,age,88637,88638,128,105,0.8203125,0.828125,0.82421875,True,False,True,0,0,69712,69704,69756,69756
6112,5,age,88700,88701,128,17,0.1328125,0.140625,0.13671875,True,False,True,0,0,69784,69776,69819,69819
6112,5,age,88700,88701,128,89,0.6953125,0.703125,0.69921875,False,True,True,0,0,69712,69712,69819,69820
6112,5,age,88700,88701,128,105,0.8203125,0.828125,0.82421875,True,False,True,0,0,69712,69704,69820,69820
6114,5,age,88761,88762,128,9,0.0703125,0.078125,0.07421875,True,False,True,0,0,71408,71400,71417,71417
6114,5,age,88761,88762,128,89,0.6953125,0.703125,0.69921875,False,True,True,0,0,71400,71400,71417,71418
6114,5,age,88761,88762,128,97,0.7578125,0.765625,0.76171875,True,False,True,0,0,71336,71328,71418,71418
6116,5,age,88763,88764,128,17,0.1328125,0.140625,0.13671875,True,False,True,0,0,69784,69776,69883,69883
6116,5,age,88763,88764,128,89,0.6953125,0.703125,0.69921875,False,True,True,0,0,69712,69712,69883,69884
6116,5,age,88763,88764,128,105,0.8203125,0.828125,0.82421875,True,False,True,0,0,69712,69704,69884,69884
6118,5,age,88824,88825,128,9,0.0703125,0.078125,0.07421875,True,False,True,0,0,71408,71400,71417,71417
6118,5,age,88824,88825,128,89,0.6953125,0.703125,0.69921875,False,True,True,0,0,71400,71400,71417,71418
6118,5,age,88824,88825,128,124,0.96875,0.9765625,0.97265625,True,False,True,0,0,71392,71328,71418,71418
6120,5,age,88826,88827,128,17,0.1328125,0.140625,0.13671875,True,False,True,0,0,69784,69776,69883,69883
6120,5,age,88826,88827,128,89,0.6953125,0.703125,0.69921875,False,True,True,0,0,69712,69712,69883,69884
6120,5,age,88826,88827,128,105,0.8203125,0.828125,0.82421875,True,False,True,0,0,69712,69704,69884,69884
6121,5,age,88880,88879,128,15,0.1171875,0.125,0.12109375,True,False,True,0,0,69800,69736,69689,69689
6121,5,age,88880,88879,128,38,0.296875,0.3046875,0.30078125,False,True,True,0,0,69736,69736,69689,69688
6121,5,age,88880,88879,128,118,0.921875,0.9296875,0.92578125,True,False,True,0,0,69744,69680,69688,69688
6126,5,age,88889,88890,128,17,0.1328125,0.140625,0.13671875,True,False,True,0,0,69784,69776,69691,69691
6126,5,age,88889,88890,128,89,0.6953125,0.703125,0.69921875,False,True,True,0,0,69712,69712,69691,69692
6126,5,age,88889,88890,128,105,0.8203125,0.828125,0.82421875,True,False,True,0,0,69712,69704,69692,69692
6128,5,age,88952,88953,128,17,0.1328125,0.140625,0.13671875,True,False,True,0,0,69784,69776,69755,69755
6128,5,age,88952,88953,128,89,0.6953125,0.703125,0.69921875,False,True,True,0,0,69712,69712,69755,69756
6128,5,age,88952,88953,128,105,0.8203125,0.828125,0.82421875,True,False,True,0,0,69712,69704,69756,69756
6130,5,age,89015,89016,128,17,0.1328125,0.140625,0.13671875,True,False,True,0,0,69784,69776,69819,69819
6130,5,age,89015,89016,128,89,0.6953125,0.703125,0.69921875,False,True,True,0,0,69712,69712,69819,69820
6130,5,age,89015,89016,128,105,0.8203125,0.828125,0.82421875,True,False,True,0,0,69712,69704,69820,69820
6132,5,age,89076,89077,128,9,0.0703125,0.078125,0.07421875,True,False,True,0,0,71408,71400,71417,71417
6132,5,age,89076,89077,128,89,0.6953125,0.703125,0.69921875,False,True,True,0,0,71400,71400,71417,71418
6132,5,age,89076,89077,128,97,0.7578125,0.765625,0.76171875,True,False,True,0,0,71336,71328,71418,71418
6134,5,age,89078,89079,128,17,0.1328125,0.140625,0.13671875,True,False,True,0,0,69784,69776,69883,69883
6134,5,age,89078,89079,128,89,0.6953125,0.703125,0.69921875,False,True,True,0,0,69712,69712,69883,69884
6134,5,age,89078,89079,128,105,0.8203125,0.828125,0.82421875,True,False,True,0,0,69712,69704,69884,69884
6136,5,age,89139,89140,128,9,0.0703125,0.078125,0.07421875,True,False,True,0,0,71408,71400,71417,71417
6136,5,age,89139,89140,128,89,0.6953125,0.703125,0.69921875,False,True,True,0,0,71400,71400,71417,71418
6136,5,age,89139,89140,128,124,0.96875,0.9765625,0.97265625,True,False,True,0,0,71392,71328,71418,71418
6138,5,age,89141,89142,128,17,0.1328125,0.140625,0.13671875,True,False,True,0,0,69784,69776,69883,69883
6138,5,age,89141,89142,128,89,0.6953125,0.703125,0.69921875,False,True,True,0,0,69712,69712,69883,69884
6138,5,age,89141,89142,128,105,0.8203125,0.828125,0.82421875,True,False,True,0,0,69712,69704,69884,69884
6139,5,age,89195,89194,128,15,0.1171875,0.125,0.12109375,True,False,True,0,0,91688,91624,91577,91577
6139,5,age,89195,89194,128,38,0.296875,0.3046875,0.30078125,False,True,True,0,0,91624,91624,91577,91576
6139,5,age,89195,89194,128,118,0.921875,0.9296875,0.92578125,True,False,True,0,0,91632,91568,91576,91576
6144,5,age,89204,89205,128,17,0.1328125,0.140625,0.13671875,True,False,True,0,0,91672,91664,91579,91579
6144,5,age,89204,89205,128,89,0.6953125,0.703125,0.69921875,False,True,True,0,0,91600,91600,91579,91580
6144,5,age,89204,89205,128,105,0.8203125,0.828125,0.82421875,True,False,True,0,0,91600,91592,91580,91580
6146,5,age,89267,89268,128,17,0.1328125,0.140625,0.13671875,True,False,True,0,0,91672,91664,91643,91643
6146,5,age,89267,89268,128,89,0.6953125,0.703125,0.69921875,False,True,True,0,0,91600,91600,91643,91644
6146,5,age,89267,89268,128,105,0.8203125,0.828125,0.82421875,True,False,True,0,0,91600,91592,91644,91644
6148,5,age,89330,89331,128,17,0.1328125,0.140625,0.13671875,True,False,True,0,0,91672,91664,91707,91707
6148,5,age,89330,89331,128,89,0.6953125,0.703125,0.69921875,False,True,True,0,0,91600,91600,91707,91708
6148,5,age,89330,89331,128,105,0.8203125,0.828125,0.82421875,True,False,True,0,0,91600,91592,91708,91708
6150,5,age,89391,89392,128,9,0.0703125,0.078125,0.07421875,True,False,True,0,0,93296,93288,93305,93305
6150,5,age,89391,89392,128,89,0.6953125,0.703125,0.69921875,False,True,True,0,0,93288,93288,93305,93306
6150,5,age,89391,89392,128,97,0.7578125,0.765625,0.76171875,True,False,True,0,0,93224,93216,93306,93306
6152,5,age,89393,89394,128,17,0.1328125,0.140625,0.13671875,True,False,True,0,0,91672,91664,91771,91771
6152,5,age,89393,89394,128,89,0.6953125,0.703125,0.69921875,False,True,True,0,0,91600,91600,91771,91772
6152,5,age,89393,89394,128,105,0.8203125,0.828125,0.82421875,True,False,True,0,0,91600,91592,91772,91772
6154,5,age,89454,89455,128,9,0.0703125,0.078125,0.07421875,True,False,True,0,0,93296,93288,93305,93305
6154,5,age,89454,89455,128,89,0.6953125,0.703125,0.69921875,False,True,True,0,0,93288,93288,93305,93306
6154,5,age,89454,89455,128,124,0.96875,0.9765625,0.97265625,True,False,True,0,0,93280,93216,93306,93306
6156,5,age,89456,89457,128,17,0.1328125,0.140625,0.13671875,True,False,True,0,0,91672,91664,91771,91771
6156,5,age,89456,89457,128,89,0.6953125,0.703125,0.69921875,False,True,True,0,0,91600,91600,91771,91772
6156,5,age,89456,89457,128,105,0.8203125,0.828125,0.82421875,True,False,True,0,0,91600,91592,91772,91772
6157,5,age,89510,89509,128,15,0.1171875,0.125,0.12109375,True,False,True,0,0,92072,92008,91961,91961
6157,5,age,89510,89509,128,38,0.296875,0.3046875,0.30078125,False,True,True,0,0,92008,92008,91961,91960
6157,5,age,89510,89509,128,118,0.921875,0.9296875,0.92578125,True,False,True,0,0,92016,91952,91960,91960
6162,5,age,89519,89520,128,17,0.1328125,0.140625,0.13671875,True,False,True,0,0,92056,92048,91963,91963
6162,5,age,89519,89520,128,89,0.6953125,0.703125,0.69921875,False,True,True,0,0,91984,91984,91963,91964
6162,5,age,89519,89520,128,105,0.8203125,0.828125,0.82421875,True,False,True,0,0,91984,91976,91964,91964
6164,5,age,89582,89583,128,17,0.1328125,0.140625,0.13671875,True,False,True,0,0,92056,92048,92027,92027
6164,5,age,89582,89583,128,89,0.6953125,0.703125,0.69921875,False,True,True,0,0,91984,91984,92027,92028
6164,5,age,89582,89583,128,105,0.8203125,0.828125,0.82421875,True,False,True,0,0,91984,91976,92028,92028
6166,5,age,89645,89646,128,17,0.1328125,0.140625,0.13671875,True,False,True,0,0,92056,92048,92091,92091
6166,5,age,89645,89646,128,89,0.6953125,0.703125,0.69921875,False,True,True,0,0,91984,91984,92091,92092
6166,5,age,89645,89646,128,105,0.8203125,0.828125,0.82421875,True,False,True,0,0,91984,91976,92092,92092
6168,5,age,89706,89707,128,9,0.0703125,0.078125,0.07421875,True,False,True,0,0,93680,93672,93689,93689
6168,5,age,89706,89707,128,89,0.6953125,0.703125,0.69921875,False,True,True,0,0,93672,93672,93689,93690
6168,5,age,89706,89707,128,97,0.7578125,0.765625,0.76171875,True,False,True,0,0,93608,93600,93690,93690
6170,5,age,89708,89709,128,17,0.1328125,0.140625,0.13671875,True,False,True,0,0,92056,92048,92155,92155
6170,5,age,89708,89709,128,89,0.6953125,0.703125,0.69921875,False,True,True,0,0,91984,91984,92155,92156
6170,5,age,89708,89709,128,105,0.8203125,0.828125,0.82421875,True,False,True,0,0,91984,91976,92156,92156
6172,5,age,89769,89770,128,9,0.0703125,0.078125,0.07421875,True,False,True,0,0,93680,93672,93689,93689
6172,5,age,89769,89770,128,89,0.6953125,0.703125,0.69921875,False,True,True,0,0,93672,93672,93689,93690
6172,5,age,89769,89770,128,124,0.96875,0.9765625,0.97265625,True,False,True,0,0,93664,93600,93690,93690
6174,5,age,89771,89772,128,17,0.1328125,0.140625,0.13671875,True,False,True,0,0,92056,92048,92155,92155
6174,5,age,89771,89772,128,89,0.6953125,0.703125,0.69921875,False,True,True,0,0,91984,91984,92155,92156
6174,5,age,89771,89772,128,105,0.8203125,0.828125,0.82421875,True,False,True,0,0,91984,91976,92156,92156
6175,5,age,89825,89824,128,15,0.1171875,0.125,0.12109375,True,False,True,0,0,70952,70888,70841,70841
6175,5,age,89825,89824,128,38,0.296875,0.3046875,0.30078125,False,True,True,0,0,70888,70888,70841,70840
6175,5,age,89825,89824,128,118,0.921875,0.9296875,0.92578125,True,False,True,0,0,70896,70832,70840,70840
6180,5,age,89834,89835,128,17,0.1328125,0.140625,0.13671875,True,False,True,0,0,70936,70928,70843,70843
6180,5,age,89834,89835,128,89,0.6953125,0.703125,0.69921875,False,True,True,0,0,70864,70864,70843,70844
6180,5,age,89834,89835,128,105,0.8203125,0.828125,0.82421875,True,False,True,0,0,70864,70856,70844,70844
6182,5,age,89897,89898,128,17,0.1328125,0.140625,0.13671875,True,False,True,0,0,70936,70928,70907,70907
6182,5,age,89897,89898,128,89,0.6953125,0.703125,0.69921875,False,True,True,0,0,70864,70864,70907,70908
6182,5,age,89897,89898,128,105,0.8203125,0.828125,0.82421875,True,False,True,0,0,70864,70856,70908,70908
6184,5,age,89960,89961,128,17,0.1328125,0.140625,0.13671875,True,False,True,0,0,70936,70928,70971,70971
6184,5,age,89960,89961,128,89,0.6953125,0.703125,0.69921875,False,True,True,0,0,70864,70864,70971,70972
6184,5,age,89960,89961,128,105,0.8203125,0.828125,0.82421875,True,False,True,0,0,70864,70856,70972,70972
6186,5,age,90021,90022,128,9,0.0703125,0.078125,0.07421875,True,False,True,0,0,72560,72552,72569,72569
6186,5,age,90021,90022,128,89,0.6953125,0.703125,0.69921875,False,True,True,0,0,72552,72552,72569,72570
6186,5,age,90021,90022,128,97,0.7578125,0.765625,0.76171875,True,False,True,0,0,72488,72480,72570,72570
6188,5,age,90023,90024,128,17,0.1328125,0.140625,0.13671875,True,False,True,0,0,70936,70928,71035,71035
6188,5,age,90023,90024,128,89,0.6953125,0.703125,0.69921875,False,True,True,0,0,70864,70864,71035,71036
6188,5,age,90023,90024,128,105,0.8203125,0.828125,0.82421875,True,False,True,0,0,70864,70856,71036,71036
6190,5,age,90084,90085,128,9,0.0703125,0.078125,0.07421875,True,False,True,0,0,72560,72552,72569,72569
6190,5,age,90084,90085,128,89,0.6953125,0.703125,0.69921875,False,True,True,0,0,72552,72552,72569,72570
6190,5,age,90084,90085,128,124,0.96875,0.9765625,0.97265625,True,False,True,0,0,72544,72480,72570,72570
6192,5,age,90086,90087,128,17,0.1328125,0.140625,0.13671875,True,False,True,0,0,70936,70928,71035,71035
6192,5,age,90086,90087,128,89,0.6953125,0.703125,0.69921875,False,True,True,0,0,70864,70864,71035,71036
6192,5,age,90086,90087,128,105,0.8203125,0.828125,0.82421875,True,False,True,0,0,70864,70856,71036,71036
6193,5,age,90140,90139,128,15,0.1171875,0.125,0.12109375,True,False,True,0,0,71336,71272,71225,71225
6193,5,age,90140,90139,128,38,0.296875,0.3046875,0.30078125,False,True,True,0,0,71272,71272,71225,71224
6193,5,age,90140,90139,128,118,0.921875,0.9296875,0.92578125,True,False,True,0,0,71280,71216,71224,71224
6198,5,age,90149,90150,128,17,0.1328125,0.140625,0.13671875,True,False,True,0,0,71320,71312,71227,71227
6198,5,age,90149,90150,128,89,0.6953125,0.703125,0.69921875,False,True,True,0,0,71248,71248,71227,71228
6198,5,age,90149,90150,128,105,0.8203125,0.828125,0.82421875,True,False,True,0,0,71248,71240,71228,71228
6200,5,age,90212,90213,128,17,0.1328125,0.140625,0.13671875,True,False,True,0,0,71320,71312,71291,71291
6200,5,age,90212,90213,128,89,0.6953125,0.703125,0.69921875,False,True,True,0,0,71248,71248,71291,71292
6200,5,age,90212,90213,128,105,0.8203125,0.828125,0.82421875,True,False,True,0,0,71248,71240,71292,71292
6202,5,age,90275,90276,128,17,0.1328125,0.140625,0.13671875,True,False,True,0,0,71320,71312,71355,71355
6202,5,age,90275,90276,128,89,0.6953125,0.703125,0.69921875,False,True,True,0,0,71248,71248,71355,71356
6202,5,age,90275,90276,128,105,0.8203125,0.828125,0.82421875,True,False,True,0,0,71248,71240,71356,71356
6204,5,age,90336,90337,128,9,0.0703125,0.078125,0.07421875,True,False,True,0,0,72944,72936,72953,72953
6204,5,age,90336,90337,128,89,0.6953125,0.703125,0.69921875,False,True,True,0,0,72936,72936,72953,72954
6204,5,age,90336,90337,128,97,0.7578125,0.765625,0.76171875,True,False,True,0,0,72872,72864,72954,72954
6206,5,age,90338,90339,128,17,0.1328125,0.140625,0.13671875,True,False,True,0,0,71320,71312,71419,71419
6206,5,age,90338,90339,128,89,0.6953125,0.703125,0.69921875,False,True,True,0,0,71248,71248,71419,71420
6206,5,age,90338,90339,128,105,0.8203125,0.828125,0.82421875,True,False,True,0,0,71248,71240,71420,71420
6208,5,age,90399,90400,128,9,0.0703125,0.078125,0.07421875,True,False,True,0,0,72944,72936,72953,72953
6208,5,age,90399,90400,128,89,0.6953125,0.703125,0.69921875,False,True,True,0,0,72936,72936,72953,72954
6208,5,age,90399,90400,128,124,0.96875,0.9765625,0.97265625,True,False,True,0,0,72928,72864,72954,72954
6210,5,age,90401,90402,128,17,0.1328125,0.140625,0.13671875,True,False,True,0,0,71320,71312,71419,71419
6210,5,age,90401,90402,128,89,0.6953125,0.703125,0.69921875,False,True,True,0,0,71248,71248,71419,71420
6210,5,age,90401,90402,128,105,0.8203125,0.828125,0.82421875,True,False,True,0,0,71248,71240,71420,71420
6211,5,age,90455,90454,128,15,0.1171875,0.125,0.12109375,True,False,True,0,0,71336,71272,71225,71225
6211,5,age,90455,90454,128,38,0.296875,0.3046875,0.30078125,False,True,True,0,0,71272,71272,71225,71224
6211,5,age,90455,90454,128,118,0.921875,0.9296875,0.92578125,True,False,True,0,0,71280,71216,71224,71224
6216,5,age,90464,90465,128,17,0.1328125,0.140625,0.13671875,True,False,True,0,0,71320,71312,71227,71227
6216,5,age,90464,90465,128,89,0.6953125,0.703125,0.69921875,False,True,True,0,0,71248,71248,71227,71228
6216,5,age,90464,90465,128,105,0.8203125,0.828125,0.82421875,True,False,True,0,0,71248,71240,71228,71228
6218,5,age,90527,90528,128,17,0.1328125,0.140625,0.13671875,True,False,True,0,0,71320,71312,71291,71291
6218,5,age,90527,90528,128,89,0.6953125,0.703125,0.69921875,False,True,True,0,0,71248,71248,71291,71292
6218,5,age,90527,90528,128,105,0.8203125,0.828125,0.82421875,True,False,True,0,0,71248,71240,71292,71292
6220,5,age,90590,90591,128,17,0.1328125,0.140625,0.13671875,True,False,True,0,0,71320,71312,71355,71355
6220,5,age,90590,90591,128,89,0.6953125,0.703125,0.69921875,False,True,True,0,0,71248,71248,71355,71356
6220,5,age,90590,90591,128,105,0.8203125,0.828125,0.82421875,True,False,True,0,0,71248,71240,71356,71356
6222,5,age,90651,90652,128,9,0.0703125,0.078125,0.07421875,True,False,True,0,0,72944,72936,72953,72953
6222,5,age,90651,90652,128,89,0.6953125,0.703125,0.69921875,False,True,True,0,0,72936,72936,72953,72954
6222,5,age,90651,90652,128,97,0.7578125,0.765625,0.76171875,True,False,True,0,0,72872,72864,72954,72954
6224,5,age,90653,90654,128,17,0.1328125,0.140625,0.13671875,True,False,True,0,0,71320,71312,71419,71419
6224,5,age,90653,90654,128,89,0.6953125,0.703125,0.69921875,False,True,True,0,0,71248,71248,71419,71420
6224,5,age,90653,90654,128,105,0.8203125,0.828125,0.82421875,True,False,True,0,0,71248,71240,71420,71420
6226,5,age,90714,90715,128,9,0.0703125,0.078125,0.07421875,True,False,True,0,0,72944,72936,72953,72953
6226,5,age,90714,90715,128,89,0.6953125,0.703125,0.69921875,False,True,True,0,0,72936,72936,72953,72954
6226,5,age,90714,90715,128,124,0.96875,0.9765625,0.97265625,True,False,True,0,0,72928,72864,72954,72954
6228,5,age,90716,90717,128,17,0.1328125,0.140625,0.13671875,True,False,True,0,0,71320,71312,71419,71419
6228,5,age,90716,90717,128,89,0.6953125,0.703125,0.69921875,False,True,True,0,0,71248,71248,71419,71420
6228,5,age,90716,90717,128,105,0.8203125,0.828125,0.82421875,True,False,True,0,0,71248,71240,71420,71420
6229,5,age,90770,90769,128,15,0.1171875,0.125,0.12109375,True,False,True,0,0,93224,93160,93113,93113
6229,5,age,90770,90769,128,38,0.296875,0.3046875,0.30078125,False,True,True,0,0,93160,93160,93113,93112
6229,5,age,90770,90769,128,118,0.921875,0.9296875,0.92578125,True,False,True,0,0,93168,93104,93112,93112
6234,5,age,90779,90780,128,17,0.1328125,0.140625,0.13671875,True,False,True,0,0,93208,93200,93115,93115
6234,5,age,90779,90780,128,89,0.6953125,0.703125,0.69921875,False,True,True,0,0,93136,93136,93115,93116
6234,5,age,90779,90780,128,105,0.8203125,0.828125,0.82421875,True,False,True,0,0,93136,93128,93116,93116
6236,5,age,90842,90843,128,17,0.1328125,0.140625,0.13671875,True,False,True,0,0,93208,93200,93179,93179
6236,5,age,90842,90843,128,89,0.6953125,0.703125,0.69921875,False,True,True,0,0,93136,93136,93179,93180
6236,5,age,90842,90843,128,105,0.8203125,0.828125,0.82421875,True,False,True,0,0,93136,93128,93180,93180
6238,5,age,90905,90906,128,17,0.1328125,0.140625,0.13671875,True,False,True,0,0,93208,93200,93243,93243
6238,5,age,90905,90906,128,89,0.6953125,0.703125,0.69921875,False,True,True,0,0,93136,93136,93243,93244
6238,5,age,90905,90906,128,105,0.8203125,0.828125,0.82421875,True,False,True,0,0,93136,93128,93244,93244
6240,5,age,90966,90967,128,9,0.0703125,0.078125,0.07421875,True,False,True,0,0,94832,94824,94841,94841
6240,5,age,90966,90967,128,89,0.6953125,0.703125,0.69921875,False,True,True,0,0,94824,94824,94841,94842
6240,5,age,90966,90967,128,97,0.7578125,0.765625,0.76171875,True,False,True,0,0,94760,94752,94842,94842
6242,5,age,90968,90969,128,17,0.1328125,0.140625,0.13671875,True,False,True,0,0,93208,93200,93307,93307
6242,5,age,90968,90969,128,89,0.6953125,0.703125,0.69921875,False,True,True,0,0,93136,93136,93307,93308
6242,5,age,90968,90969,128,105,0.8203125,0.828125,0.82421875,True,False,True,0,0,93136,93128,93308,93308
6244,5,age,91029,91030,128,9,0.0703125,0.078125,0.07421875,True,False,True,0,0,94832,94824,94841,94841
6244,5,age,91029,91030,128,89,0.6953125,0.703125,0.69921875,False,True,True,0,0,94824,94824,94841,94842
6244,5,age,91029,91030,128,124,0.96875,0.9765625,0.97265625,True,False,True,0,0,94816,94752,94842,94842
6246,5,age,91031,91032,128,17,0.1328125,0.140625,0.13671875,True,False,True,0,0,93208,93200,93307,93307
6246,5,age,91031,91032,128,89,0.6953125,0.703125,0.69921875,False,True,True,0,0,93136,93136,93307,93308
6246,5,age,91031,91032,128,105,0.8203125,0.828125,0.82421875,True,False,True,0,0,93136,93128,93308,93308
6247,5,age,91085,91084,128,15,0.1171875,0.125,0.12109375,True,False,True,0,0,93608,93544,93497,93497
6247,5,age,91085,91084,128,38,0.296875,0.3046875,0.30078125,False,True,True,0,0,93544,93544,93497,93496
6247,5,age,91085,91084,128,118,0.921875,0.9296875,0.92578125,True,False,True,0,0,93552,93488,93496,93496
6252,5,age,91094,91095,128,17,0.1328125,0.140625,0.13671875,True,False,True,0,0,93592,93584,93499,93499
6252,5,age,91094,91095,128,89,0.6953125,0.703125,0.69921875,False,True,True,0,0,93520,93520,93499,93500
6252,5,age,91094,91095,128,105,0.8203125,0.828125,0.82421875,True,False,True,0,0,93520,93512,93500,93500
6254,5,age,91157,91158,128,17,0.1328125,0.140625,0.13671875,True,False,True,0,0,93592,93584,93563,93563
6254,5,age,91157,91158,128,89,0.6953125,0.703125,0.69921875,False,True,True,0,0,93520,93520,93563,93564
6254,5,age,91157,91158,128,105,0.8203125,0.828125,0.82421875,True,False,True,0,0,93520,93512,93564,93564
6256,5,age,91220,91221,128,17,0.1328125,0.140625,0.13671875,True,False,True,0,0,93592,93584,93627,93627
6256,5,age,91220,91221,128,89,0.6953125,0.703125,0.69921875,False,True,True,0,0,93520,93520,93627,93628
6256,5,age,91220,91221,128,105,0.8203125,0.828125,0.82421875,True,False,True,0,0,93520,93512,93628,93628
6258,5,age,91281,91282,128,9,0.0703125,0.078125,0.07421875,True,False,True,0,0,95216,95208,95225,95225
6258,5,age,91281,91282,128,89,0.6953125,0.703125,0.69921875,False,True,True,0,0,95208,95208,95225,95226
6258,5,age,91281,91282,128,97,0.7578125,0.765625,0.76171875,True,False,True,0,0,95144,95136,95226,95226
6260,5,age,91283,91284,128,17,0.1328125,0.140625,0.13671875,True,False,True,0,0,93592,93584,93691,93691
6260,5,age,91283,91284,128,89,0.6953125,0.703125,0.69921875,False,True,True,0,0,93520,93520,93691,93692
6260,5,age,91283,91284,128,105,0.8203125,0.828125,0.82421875,True,False,True,0,0,93520,93512,93692,93692
6262,5,age,91344,91345,128,9,0.0703125,0.078125,0.07421875,True,False,True,0,0,95216,95208,95225,95225
6262,5,age,91344,91345,128,89,0.6953125,0.703125,0.69921875,False,True,True,0,0,95208,95208,95225,95226
6262,5,age,91344,91345,128,124,0.96875,0.9765625,0.97265625,True,False,True,0,0,95200,95136,95226,95226
6264,5,age,91346,91347,128,17,0.1328125,0.140625,0.13671875,True,False,True,0,0,93592,93584,93691,93691
6264,5,age,91346,91347,128,89,0.6953125,0.703125,0.69921875,False,True,True,0,0,93520,93520,93691,93692
6264,5,age,91346,91347,128,105,0.8203125,0.828125,0.82421875,True,False,True,0,0,93520,93512,93692,93692
6265,5,age,91400,91399,128,15,0.1171875,0.125,0.12109375,True,False,True,0,0,72488,72424,72377,72377
6265,5,age,91400,91399,128,38,0.296875,0.3046875,0.30078125,False,True,True,0,0,72424,72424,72377,72376
6265,5,age,91400,91399,128,118,0.921875,0.9296875,0.92578125,True,False,True,0,0,72432,72368,72376,72376
6270,5,age,91409,91410,128,17,0.1328125,0.140625,0.13671875,True,False,True,0,0,72472,72464,72379,72379
6270,5,age,91409,91410,128,89,0.6953125,0.703125,0.69921875,False,True,True,0,0,72400,72400,72379,72380
6270,5,age,91409,91410,128,105,0.8203125,0.828125,0.82421875,True,False,True,0,0,72400,72392,72380,72380
6272,5,age,91472,91473,128,17,0.1328125,0.140625,0.13671875,True,False,True,0,0,72472,72464,72443,72443
6272,5,age,91472,91473,128,89,0.6953125,0.703125,0.69921875,False,True,True,0,0,72400,72400,72443,72444
6272,5,age,91472,91473,128,105,0.8203125,0.828125,0.82421875,True,False,True,0,0,72400,72392,72444,72444
6274,5,age,91535,91536,128,17,0.1328125,0.140625,0.13671875,True,False,True,0,0,72472,72464,72507,72507
6274,5,age,91535,91536,128,89,0.6953125,0.703125,0.69921875,False,True,True,0,0,72400,72400,72507,72508
6274,5,age,91535,91536,128,105,0.8203125,0.828125,0.82421875,True,False,True,0,0,72400,72392,72508,72508
6276,5,age,91596,91597,128,9,0.0703125,0.078125,0.07421875,True,False,True,0,0,74096,74088,74105,74105
6276,5,age,91596,91597,128,89,0.6953125,0.703125,0.69921875,False,True,True,0,0,74088,74088,74105,74106
6276,5,age,91596,91597,128,97,0.7578125,0.765625,0.76171875,True,False,True,0,0,74024,74016,74106,74106
6278,5,age,91598,91599,128,17,0.1328125,0.140625,0.13671875,True,False,True,0,0,72472,72464,72571,72571
6278,5,age,91598,91599,128,89,0.6953125,0.703125,0.69921875,False,True,True,0,0,72400,72400,72571,72572
6278,5,age,91598,91599,128,105,0.8203125,0.828125,0.82421875,True,False,True,0,0,72400,72392,72572,72572
6280,5,age,91659,91660,128,9,0.0703125,0.078125,0.07421875,True,False,True,0,0,74096,74088,74105,74105
6280,5,age,91659,91660,128,89,0.6953125,0.703125,0.69921875,False,True,True,0,0,74088,74088,74105,74106
6280,5,age,91659,91660,128,124,0.96875,0.9765625,0.97265625,True,False,True,0,0,74080,74016,74106,74106
6282,5,age,91661,91662,128,17,0.1328125,0.140625,0.13671875,True,False,True,0,0,72472,72464,72571,72571
6282,5,age,91661,91662,128,89,0.6953125,0.703125,0.69921875,False,True,True,0,0,72400,72400,72571,72572
6282,5,age,91661,91662,128,105,0.8203125,0.828125,0.82421875,True,False,True,0,0,72400,72392,72572,72572
6283,5,age,91715,91714,128,15,0.1171875,0.125,0.12109375,True,False,True,0,0,72872,72808,72761,72761
6283,5,age,91715,91714,128,38,0.296875,0.3046875,0.30078125,False,True,True,0,0,72808,72808,72761,72760
6283,5,age,91715,91714,128,118,0.921875,0.9296875,0.92578125,True,False,True,0,0,72816,72752,72760,72760
6288,5,age,91724,91725,128,17,0.1328125,0.140625,0.13671875,True,False,True,0,0,72856,72848,72763,72763
6288,5,age,91724,91725,128,89,0.6953125,0.703125,0.69921875,False,True,True,0,0,72784,72784,72763,72764
6288,5,age,91724,91725,128,105,0.8203125,0.828125,0.82421875,True,False,True,0,0,72784,72776,72764,72764
6290,5,age,91787,91788,128,17,0.1328125,0.140625,0.13671875,True,False,True,0,0,72856,72848,72827,72827
6290,5,age,91787,91788,128,89,0.6953125,0.703125,0.69921875,False,True,True,0,0,72784,72784,72827,72828
6290,5,age,91787,91788,128,105,0.8203125,0.828125,0.82421875,True,False,True,0,0,72784,72776,72828,72828
6292,5,age,91850,91851,128,17,0.1328125,0.140625,0.13671875,True,False,True,0,0,72856,72848,72891,72891
6292,5,age,91850,91851,128,89,0.6953125,0.703125,0.69921875,False,True,True,0,0,72784,72784,72891,72892
6292,5,age,91850,91851,128,105,0.8203125,0.828125,0.82421875,True,False,True,0,0,72784,72776,72892,72892
6294,5,age,91911,91912,128,9,0.0703125,0.078125,0.07421875,True,False,True,0,0,74480,74472,74489,74489
6294,5,age,91911,91912,128,89,0.6953125,0.703125,0.69921875,False,True,True,0,0,74472,74472,74489,74490
6294,5,age,91911,91912,128,97,0.7578125,0.765625,0.76171875,True,False,True,0,0,74408,74400,74490,74490
6296,5,age,91913,91914,128,17,0.1328125,0.140625,0.13671875,True,False,True,0,0,72856,72848,72955,72955
6296,5,age,91913,91914,128,89,0.6953125,0.703125,0.69921875,False,True,True,0,0,72784,72784,72955,72956
6296,5,age,91913,91914,128,105,0.8203125,0.828125,0.82421875,True,False,True,0,0,72784,72776,72956,72956
6298,5,age,91974,91975,128,9,0.0703125,0.078125,0.07421875,True,False,True,0,0,74480,74472,74489,74489
6298,5,age,91974,91975,128,89,0.6953125,0.703125,0.69921875,False,True,True,0,0,74472,74472,74489,74490
6298,5,age,91974,91975,128,124,0.96875,0.9765625,0.97265625,True,False,True,0,0,74464,74400,74490,74490
6300,5,age,91976,91977,128,17,0.1328125,0.140625,0.13671875,True,False,True,0,0,72856,72848,72955,72955
6300,5,age,91976,91977,128,89,0.6953125,0.703125,0.69921875,False,True,True,0,0,72784,72784,72955,72956
6300,5,age,91976,91977,128,105,0.8203125,0.828125,0.82421875,True,False,True,0,0,72784,72776,72956,72956
6301,5,age,92030,92029,128,15,0.1171875,0.125,0.12109375,True,False,True,0,0,72872,72808,72761,72761
6301,5,age,92030,92029,128,38,0.296875,0.3046875,0.30078125,False,True,True,0,0,72808,72808,72761,72760
6301,5,age,92030,92029,128,118,0.921875,0.9296875,0.92578125,True,False,True,0,0,72816,72752,72760,72760
6306,5,age,92039,92040,128,17,0.1328125,0.140625,0.13671875,True,False,True,0,0,72856,72848,72763,72763
6306,5,age,92039,92040,128,89,0.6953125,0.703125,0.69921875,False,True,True,0,0,72784,72784,72763,72764
6306,5,age,92039,92040,128,105,0.8203125,0.828125,0.82421875,True,False,True,0,0,72784,72776,72764,72764
6308,5,age,92102,92103,128,17,0.1328125,0.140625,0.13671875,True,False,True,0,0,72856,72848,72827,72827
6308,5,age,92102,92103,128,89,0.6953125,0.703125,0.69921875,False,True,True,0,0,72784,72784,72827,72828
6308,5,age,92102,92103,128,105,0.8203125,0.828125,0.82421875,True,False,True,0,0,72784,72776,72828,72828
6310,5,age,92165,92166,128,17,0.1328125,0.140625,0.13671875,True,False,True,0,0,72856,72848,72891,72891
6310,5,age,92165,92166,128,89,0.6953125,0.703125,0.69921875,False,True,True,0,0,72784,72784,72891,72892
6310,5,age,92165,92166,128,105,0.8203125,0.828125,0.82421875,True,False,True,0,0,72784,72776,72892,72892
6312,5,age,92226,92227,128,9,0.0703125,0.078125,0.07421875,True,False,True,0,0,74480,74472,74489,74489
6312,5,age,92226,92227,128,89,0.6953125,0.703125,0.69921875,False,True,True,0,0,74472,74472,74489,74490
6312,5,age,92226,92227,128,97,0.7578125,0.765625,0.76171875,True,False,True,0,0,74408,74400,74490,74490
6314,5,age,92228,92229,128,17,0.1328125,0.140625,0.13671875,True,False,True,0,0,72856,72848,72955,72955
6314,5,age,92228,92229,128,89,0.6953125,0.703125,0.69921875,False,True,True,0,0,72784,72784,72955,72956
6314,5,age,92228,92229,128,105,0.8203125,0.828125,0.82421875,True,False,True,0,0,72784,72776,72956,72956
6316,5,age,92289,92290,128,9,0.0703125,0.078125,0.07421875,True,False,True,0,0,74480,74472,74489,74489
6316,5,age,92289,92290,128,89,0.6953125,0.703125,0.69921875,False,True,True,0,0,74472,74472,74489,74490
6316,5,age,92289,92290,128,124,0.96875,0.9765625,0.97265625,True,False,True,0,0,74464,74400,74490,74490
6318,5,age,92291,92292,128,17,0.1328125,0.140625,0.13671875,True,False,True,0,0,72856,72848,72955,72955
6318,5,age,92291,92292,128,89,0.6953125,0.703125,0.69921875,False,True,True,0,0,72784,72784,72955,72956
6318,5,age,92291,92292,128,105,0.8203125,0.828125,0.82421875,True,False,True,0,0,72784,72776,72956,72956
6319,5,age,92345,92344,128,15,0.1171875,0.125,0.12109375,True,False,True,0,0,94760,94696,94649,94649
6319,5,age,92345,92344,128,38,0.296875,0.3046875,0.30078125,False,True,True,0,0,94696,94696,94649,94648
6319,5,age,92345,92344,128,118,0.921875,0.9296875,0.92578125,True,False,True,0,0,94704,94640,94648,94648
6324,5,age,92354,92355,128,17,0.1328125,0.140625,0.13671875,True,False,True,0,0,94744,94736,94651,94651
6324,5,age,92354,92355,128,89,0.6953125,0.703125,0.69921875,False,True,True,0,0,94672,94672,94651,94652
6324,5,age,92354,92355,128,105,0.8203125,0.828125,0.82421875,True,False,True,0,0,94672,94664,94652,94652
6326,5,age,92417,92418,128,17,0.1328125,0.140625,0.13671875,True,False,True,0,0,94744,94736,94715,94715
6326,5,age,92417,92418,128,89,0.6953125,0.703125,0.69921875,False,True,True,0,0,94672,94672,94715,94716
6326,5,age,92417,92418,128,105,0.8203125,0.828125,0.82421875,True,False,True,0,0,94672,94664,94716,94716
6328,5,age,92480,92481,128,17,0.1328125,0.140625,0.13671875,True,False,True,0,0,94744,94736,94779,94779
6328,5,age,92480,92481,128,89,0.6953125,0.703125,0.69921875,False,True,True,0,0,94672,94672,94779,94780
6328,5,age,92480,92481,128,105,0.8203125,0.828125,0.82421875,True,False,True,0,0,94672,94664,94780,94780
6330,5,age,92541,92542,128,9,0.0703125,0.078125,0.07421875,True,False,True,0,0,96368,96360,96377,96377
6330,5,age,92541,92542,128,89,0.6953125,0.703125,0.69921875,False,True,True,0,0,96360,96360,96377,96378
6330,5,age,92541,92542,128,97,0.7578125,0.765625,0.76171875,True,False,True,0,0,96296,96288,96378,96378
6332,5,age,92543,92544,128,17,0.1328125,0.140625,0.13671875,True,False,True,0,0,94744,94736,94843,94843
6332,5,age,92543,92544,128,89,0.6953125,0.703125,0.69921875,False,True,True,0,0,94672,94672,94843,94844
6332,5,age,92543,92544,128,105,0.8203125,0.828125,0.82421875,True,False,True,0,0,94672,94664,94844,94844
6334,5,age,92604,92605,128,9,0.0703125,0.078125,0.07421875,True,False,True,0,0,96368,96360,96377,96377
6334,5,age,92604,92605,128,89,0.6953125,0.703125,0.69921875,False,True,True,0,0,96360,96360,96377,96378
6334,5,age,92604,92605,128,124,0.96875,0.9765625,0.97265625,True,False,True,0,0,96352,96288,96378,96378
6336,5,age,92606,92607,128,17,0.1328125,0.140625,0.13671875,True,False,True,0,0,94744,94736,94843,94843
6336,5,age,92606,92607,128,89,0.6953125,0.703125,0.69921875,False,True,True,0,0,94672,94672,94843,94844
6336,5,age,92606,92607,128,105,0.8203125,0.828125,0.82421875,True,False,True,0,0,94672,94664,94844,94844
6337,5,age,92660,92659,128,15,0.1171875,0.125,0.12109375,True,False,True,0,0,95144,95080,95033,95033
6337,5,age,92660,92659,128,38,0.296875,0.3046875,0.30078125,False,True,True,0,0,95080,95080,95033,95032
6337,5,age,92660,92659,128,118,0.921875,0.9296875,0.92578125,True,False,True,0,0,95088,95024,95032,95032
6342,5,age,92669,92670,128,17,0.1328125,0.140625,0.13671875,True,False,True,0,0,95128,95120,95035,95035
6342,5,age,92669,92670,128,89,0.6953125,0.703125,0.69921875,False,True,True,0,0,95056,95056,95035,95036
6342,5,age,92669,92670,128,105,0.8203125,0.828125,0.82421875,True,False,True,0,0,95056,95048,95036,95036
6344,5,age,92732,92733,128,17,0.1328125,0.140625,0.13671875,True,False,True,0,0,95128,95120,95099,95099
6344,5,age,92732,92733,128,89,0.6953125,0.703125,0.69921875,False,True,True,0,0,95056,95056,95099,95100
6344,5,age,92732,92733,128,105,0.8203125,0.828125,0.82421875,True,False,True,0,0,95056,95048,95100,95100
6346,5,age,92795,92796,128,17,0.1328125,0.140625,0.13671875,True,False,True,0,0,95128,95120,95163,95163
6346,5,age,92795,92796,128,89,0.6953125,0.703125,0.69921875,False,True,True,0,0,95056,95056,95163,95164
6346,5,age,92795,92796,128,105,0.8203125,0.828125,0.82421875,True,False,True,0,0,95056,95048,95164,95164
6348,5,age,92856,92857,128,9,0.0703125,0.078125,0.07421875,True,False,True,0,0,96752,96744,96761,96761
6348,5,age,92856,92857,128,89,0.6953125,0.703125,0.69921875,False,True,True,0,0,96744,96744,96761,96762
6348,5,age,92856,92857,128,97,0.7578125,0.765625,0.76171875,True,False,True,0,0,96680,96672,96762,96762
6350,5,age,92858,92859,128,17,0.1328125,0.140625,0.13671875,True,False,True,0,0,95128,95120,95227,95227
6350,5,age,92858,92859,128,89,0.6953125,0.703125,0.69921875,False,True,True,0,0,95056,95056,95227,95228
6350,5,age,92858,92859,128,105,0.8203125,0.828125,0.82421875,True,False,True,0,0,95056,95048,95228,95228
6352,5,age,92919,92920,128,9,0.0703125,0.078125,0.07421875,True,False,True,0,0,96752,96744,96761,96761
6352,5,age,92919,92920,128,89,0.6953125,0.703125,0.69921875,False,True,True,0,0,96744,96744,96761,96762
6352,5,age,92919,92920,128,124,0.96875,0.9765625,0.97265625,True,False,True,0,0,96736,96672,96762,96762
6354,5,age,92921,92922,128,17,0.1328125,0.140625,0.13671875,True,False,True,0,0,95128,95120,95227,95227
6354,5,age,92921,92922,128,89,0.6953125,0.703125,0.69921875,False,True,True,0,0,95056,95056,95227,95228
6354,5,age,92921,92922,128,105,0.8203125,0.828125,0.82421875,True,False,True,0,0,95056,95048,95228,95228
6355,5,age,92975,92974,128,15,0.1171875,0.125,0.12109375,True,False,True,0,0,74024,73960,73913,73913
6355,5,age,92975,92974,128,38,0.296875,0.3046875,0.30078125,False,True,True,0,0,73960,73960,73913,73912
6355,5,age,92975,92974,128,118,0.921875,0.9296875,0.92578125,True,False,True,0,0,73968,73904,73912,73912
6360,5,age,92984,92985,128,17,0.1328125,0.140625,0.13671875,True,False,True,0,0,74008,74000,73915,73915
6360,5,age,92984,92985,128,89,0.6953125,0.703125,0.69921875,False,True,True,0,0,73936,73936,73915,73916
6360,5,age,92984,92985,128,105,0.8203125,0.828125,0.82421875,True,False,True,0,0,73936,73928,73916,73916
6362,5,age,93047,93048,128,17,0.1328125,0.140625,0.13671875,True,False,True,0,0,74008,74000,73979,73979
6362,5,age,93047,93048,128,89,0.6953125,0.703125,0.69921875,False,True,True,0,0,73936,73936,73979,73980
6362,5,age,93047,93048,128,105,0.8203125,0.828125,0.82421875,True,False,True,0,0,73936,73928,73980,73980
6364,5,age,93110,93111,128,17,0.1328125,0.140625,0.13671875,True,False,True,0,0,74008,74000,74043,74043
6364,5,age,93110,93111,128,89,0.6953125,0.703125,0.69921875,False,True,True,0,0,73936,73936,74043,74044
6364,5,age,93110,93111,128,105,0.8203125,0.828125,0.82421875,True,False,True,0,0,73936,73928,74044,74044
6366,5,age,93171,93172,128,9,0.0703125,0.078125,0.07421875,True,False,True,0,0,75632,75624,75641,75641
6366,5,age,93171,93172,128,89,0.6953125,0.703125,0.69921875,False,True,True,0,0,75624,75624,75641,75642
6366,5,age,93171,93172,128,97,0.7578125,0.765625,0.76171875,True,False,True,0,0,75560,75552,75642,75642
6368,5,age,93173,93174,128,17,0.1328125,0.140625,0.13671875,True,False,True,0,0,74008,74000,74107,74107
6368,5,age,93173,93174,128,89,0.6953125,0.703125,0.69921875,False,True,True,0,0,73936,73936,74107,74108
6368,5,age,93173,93174,128,105,0.8203125,0.828125,0.82421875,True,False,True,0,0,73936,73928,74108,74108
6370,5,age,93234,93235,128,9,0.0703125,0.078125,0.07421875,True,False,True,0,0,75632,75624,75641,75641
6370,5,age,93234,93235,128,89,0.6953125,0.703125,0.69921875,False,True,True,0,0,75624,75624,75641,75642
6370,5,age,93234,93235,128,124,0.96875,0.9765625,0.97265625,True,False,True,0,0,75616,75552,75642,75642
6372,5,age,93236,93237,128,17,0.1328125,0.140625,0.13671875,True,False,True,0,0,74008,74000,74107,74107
6372,5,age,93236,93237,128,89,0.6953125,0.703125,0.69921875,False,True,True,0,0,73936,73936,74107,74108
6372,5,age,93236,93237,128,105,0.8203125,0.828125,0.82421875,True,False,True,0,0,73936,73928,74108,74108
6373,5,age,93290,93289,128,15,0.1171875,0.125,0.12109375,True,False,True,0,0,74408,74344,74297,74297
6373,5,age,93290,93289,128,38,0.296875,0.3046875,0.30078125,False,True,True,0,0,74344,74344,74297,74296
6373,5,age,93290,93289,128,118,0.921875,0.9296875,0.92578125,True,False,True,0,0,74352,74288,74296,74296
6378,5,age,93299,93300,128,17,0.1328125,0.140625,0.13671875,True,False,True,0,0,74392,74384,74299,74299
6378,5,age,93299,93300,128,89,0.6953125,0.703125,0.69921875,False,True,True,0,0,74320,74320,74299,74300
6378,5,age,93299,93300,128,105,0.8203125,0.828125,0.82421875,True,False,True,0,0,74320,74312,74300,74300
6380,5,age,93362,93363,128,17,0.1328125,0.140625,0.13671875,True,False,True,0,0,74392,74384,74363,74363
6380,5,age,93362,93363,128,89,0.6953125,0.703125,0.69921875,False,True,True,0,0,74320,74320,74363,74364
6380,5,age,93362,93363,128,105,0.8203125,0.828125,0.82421875,True,False,True,0,0,74320,74312,74364,74364
6382,5,age,93425,93426,128,17,0.1328125,0.140625,0.13671875,True,False,True,0,0,74392,74384,74427,74427
6382,5,age,93425,93426,128,89,0.6953125,0.703125,0.69921875,False,True,True,0,0,74320,74320,74427,74428
6382,5,age,93425,93426,128,105,0.8203125,0.828125,0.82421875,True,False,True,0,0,74320,74312,74428,74428
6384,5,age,93486,93487,128,9,0.0703125,0.078125,0.07421875,True,False,True,0,0,76016,76008,76025,76025
6384,5,age,93486,93487,128,89,0.6953125,0.703125,0.69921875,False,True,True,0,0,76008,76008,76025,76026
6384,5,age,93486,93487,128,97,0.7578125,0.765625,0.76171875,True,False,True,0,0,75944,75936,76026,76026
6386,5,age,93488,93489,128,17,0.1328125,0.140625,0.13671875,True,False,True,0,0,74392,74384,74491,74491
6386,5,age,93488,93489,128,89,0.6953125,0.703125,0.69921875,False,True,True,0,0,74320,74320,74491,74492
6386,5,age,93488,93489,128,105,0.8203125,0.828125,0.82421875,True,False,True,0,0,74320,74312,74492,74492
6388,5,age,93549,93550,128,9,0.0703125,0.078125,0.07421875,True,False,True,0,0,76016,76008,76025,76025
6388,5,age,93549,93550,128,89,0.6953125,0.703125,0.69921875,False,True,True,0,0,76008,76008,76025,76026
6388,5,age,93549,93550,128,124,0.96875,0.9765625,0.97265625,True,False,True,0,0,76000,75936,76026,76026
6390,5,age,93551,93552,128,17,0.1328125,0.140625,0.13671875,True,False,True,0,0,74392,74384,74491,74491
6390,5,age,93551,93552,128,89,0.6953125,0.703125,0.69921875,False,True,True,0,0,74320,74320,74491,74492
6390,5,age,93551,93552,128,105,0.8203125,0.828125,0.82421875,True,False,True,0,0,74320,74312,74492,74492
6391,5,age,93605,93604,128,15,0.1171875,0.125,0.12109375,True,False,True,0,0,74408,74344,74297,74297
6391,5,age,93605,93604,128,38,0.296875,0.3046875,0.30078125,False,True,True,0,0,74344,74344,74297,74296
6391,5,age,93605,93604,128,118,0.921875,0.9296875,0.92578125,True,False,True,0,0,74352,74288,74296,74296
6396,5,age,93614,93615,128,17,0.1328125,0.140625,0.13671875,True,False,True,0,0,74392,74384,74299,74299
6396,5,age,93614,93615,128,89,0.6953125,0.703125,0.69921875,False,True,True,0,0,74320,74320,74299,74300
6396,5,age,93614,93615,128,105,0.8203125,0.828125,0.82421875,True,False,True,0,0,74320,74312,74300,74300
6398,5,age,93677,93678,128,17,0.1328125,0.140625,0.13671875,True,False,True,0,0,74392,74384,74363,74363
6398,5,age,93677,93678,128,89,0.6953125,0.703125,0.69921875,False,True,True,0,0,74320,74320,74363,74364
6398,5,age,93677,93678,128,105,0.8203125,0.828125,0.82421875,True,False,True,0,0,74320,74312,74364,74364
6400,5,age,93740,93741,128,17,0.1328125,0.140625,0.13671875,True,False,True,0,0,74392,74384,74427,74427
6400,5,age,93740,93741,128,89,0.6953125,0.703125,0.69921875,False,True,True,0,0,74320,74320,74427,74428
6400,5,age,93740,93741,128,105,0.8203125,0.828125,0.82421875,True,False,True,0,0,74320,74312,74428,74428
6402,5,age,93801,93802,128,9,0.0703125,0.078125,0.07421875,True,False,True,0,0,76016,76008,76025,76025
6402,5,age,93801,93802,128,89,0.6953125,0.703125,0.69921875,False,True,True,0,0,76008,76008,76025,76026
6402,5,age,93801,93802,128,97,0.7578125,0.765625,0.76171875,True,False,True,0,0,75944,75936,76026,76026
6404,5,age,93803,93804,128,17,0.1328125,0.140625,0.13671875,True,False,True,0,0,74392,74384,74491,74491
6404,5,age,93803,93804,128,89,0.6953125,0.703125,0.69921875,False,True,True,0,0,74320,74320,74491,74492
6404,5,age,93803,93804,128,105,0.8203125,0.828125,0.82421875,True,False,True,0,0,74320,74312,74492,74492
6406,5,age,93864,93865,128,9,0.0703125,0.078125,0.07421875,True,False,True,0,0,76016,76008,76025,76025
6406,5,age,93864,93865,128,89,0.6953125,0.703125,0.69921875,False,True,True,0,0,76008,76008,76025,76026
6406,5,age,93864,93865,128,124,0.96875,0.9765625,0.97265625,True,False,True,0,0,76000,75936,76026,76026
6408,5,age,93866,93867,128,17,0.1328125,0.140625,0.13671875,True,False,True,0,0,74392,74384,74491,74491
6408,5,age,93866,93867,128,89,0.6953125,0.703125,0.69921875,False,True,True,0,0,74320,74320,74491,74492
6408,5,age,93866,93867,128,105,0.8203125,0.828125,0.82421875,True,False,True,0,0,74320,74312,74492,74492
6409,5,age,93920,93919,128,15,0.1171875,0.125,0.12109375,True,False,True,0,0,96296,96232,96185,96185
6409,5,age,93920,93919,128,38,0.296875,0.3046875,0.30078125,False,True,True,0,0,96232,96232,96185,96184
6409,5,age,93920,93919,128,118,0.921875,0.9296875,0.92578125,True,False,True,0,0,96240,96176,96184,96184
6414,5,age,93929,93930,128,17,0.1328125,0.140625,0.13671875,True,False,True,0,0,96280,96272,96187,96187
6414,5,age,93929,93930,128,89,0.6953125,0.703125,0.69921875,False,True,True,0,0,96208,96208,96187,96188
6414,5,age,93929,93930,128,105,0.8203125,0.828125,0.82421875,True,False,True,0,0,96208,96200,96188,96188
6416,5,age,93992,93993,128,17,0.1328125,0.140625,0.13671875,True,False,True,0,0,96280,96272,96251,96251
6416,5,age,93992,93993,128,89,0.6953125,0.703125,0.69921875,False,True,True,0,0,96208,96208,96251,96252
6416,5,age,93992,93993,128,105,0.8203125,0.828125,0.82421875,True,False,True,0,0,96208,96200,96252,96252
6418,5,age,94055,94056,128,17,0.1328125,0.140625,0.13671875,True,False,True,0,0,96280,96272,96315,96315
6418,5,age,94055,94056,128,89,0.6953125,0.703125,0.69921875,False,True,True,0,0,96208,96208,96315,96316
6418,5,age,94055,94056,128,105,0.8203125,0.828125,0.82421875,True,False,True,0,0,96208,96200,96316,96316
6420,5,age,94116,94117,128,9,0.0703125,0.078125,0.07421875,True,False,True,0,0,97904,97896,97913,97913
6420,5,age,94116,94117,128,89,0.6953125,0.703125,0.69921875,False,True,True,0,0,97896,97896,97913,97914
6420,5,age,94116,94117,128,97,0.7578125,0.765625,0.76171875,True,False,True,0,0,97832,97824,97914,97914
6422,5,age,94118,94119,128,17,0.1328125,0.140625,0.13671875,True,False,True,0,0,96280,96272,96379,96379
6422,5,age,94118,94119,128,89,0.6953125,0.703125,0.69921875,False,True,True,0,0,96208,96208,96379,96380
6422,5,age,94118,94119,128,105,0.8203125,0.828125,0.82421875,True,False,True,0,0,96208,96200,96380,96380
6424,5,age,94179,94180,128,9,0.0703125,0.078125,0.07421875,True,False,True,0,0,97904,97896,97913,97913
6424,5,age,94179,94180,128,89,0.6953125,0.703125,0.69921875,False,True,True,0,0,97896,97896,97913,97914
6424,5,age,94179,94180,128,124,0.96875,0.9765625,0.97265625,True,False,True,0,0,97888,97824,97914,97914
6426,5,age,94181,94182,128,17,0.1328125,0.140625,0.13671875,True,False,True,0,0,96280,96272,96379,96379
6426,5,age,94181,94182,128,89,0.6953125,0.703125,0.69921875,False,True,True,0,0,96208,96208,96379,96380
6426,5,age,94181,94182,128,105,0.8203125,0.828125,0.82421875,True,False,True,0,0,96208,96200,96380,96380
6427,5,age,94235,94234,128,15,0.1171875,0.125,0.12109375,True,False,True,0,0,96680,96616,96569,96569
6427,5,age,94235,94234,128,38,0.296875,0.3046875,0.30078125,False,True,True,0,0,96616,96616,96569,96568
6427,5,age,94235,94234,128,118,0.921875,0.9296875,0.92578125,True,False,True,0,0,96624,96560,96568,96568
6432,5,age,94244,94245,128,17,0.1328125,0.140625,0.13671875,True,False,True,0,0,96664,96656,96571,96571
6432,5,age,94244,94245,128,89,0.6953125,0.703125,0.69921875,False,True,True,0,0,96592,96592,96571,96572
6432,5,age,94244,94245,128,105,0.8203125,0.828125,0.82421875,True,False,True,0,0,96592,96584,96572,96572
6434,5,age,94307,94308,128,17,0.1328125,0.140625,0.13671875,True,False,True,0,0,96664,96656,96635,96635
6434,5,age,94307,94308,128,89,0.6953125,0.703125,0.69921875,False,True,True,0,0,96592,96592,96635,96636
6434,5,age,94307,94308,128,105,0.8203125,0.828125,0.82421875,True,False,True,0,0,96592,96584,96636,96636
6436,5,age,94370,94371,128,17,0.1328125,0.140625,0.13671875,True,False,True,0,0,96664,96656,96699,96699
6436,5,age,94370,94371,128,89,0.6953125,0.703125,0.69921875,False,True,True,0,0,96592,96592,96699,96700
6436,5,age,94370,94371,128,105,0.8203125,0.828125,0.82421875,True,False,True,0,0,96592,96584,96700,96700
6438,5,age,94431,94432,128,9,0.0703125,0.078125,0.07421875,True,False,True,0,0,98288,98280,98297,98297
6438,5,age,94431,94432,128,89,0.6953125,0.703125,0.69921875,False,True,True,0,0,98280,98280,98297,98298
6438,5,age,94431,94432,128,97,0.7578125,0.765625,0.76171875,True,False,True,0,0,98216,98208,98298,98298
6440,5,age,94433,94434,128,17,0.1328125,0.140625,0.13671875,True,False,True,0,0,96664,96656,96763,96763
6440,5,age,94433,94434,128,89,0.6953125,0.703125,0.69921875,False,True,True,0,0,96592,96592,96763,96764
6440,5,age,94433,94434,128,105,0.8203125,0.828125,0.82421875,True,False,True,0,0,96592,96584,96764,96764
6442,5,age,94494,94495,128,9,0.0703125,0.078125,0.07421875,True,False,True,0,0,98288,98280,98297,98297
6442,5,age,94494,94495,128,89,0.6953125,0.703125,0.69921875,False,True,True,0,0,98280,98280,98297,98298
6442,5,age,94494,94495,128,124,0.96875,0.9765625,0.97265625,True,False,True,0,0,98272,98208,98298,98298
6444,5,age,94496,94497,128,17,0.1328125,0.140625,0.13671875,True,False,True,0,0,96664,96656,96763,96763
6444,5,age,94496,94497,128,89,0.6953125,0.703125,0.69921875,False,True,True,0,0,96592,96592,96763,96764
6444,5,age,94496,94497,128,105,0.8203125,0.828125,0.82421875,True,False,True,0,0,96592,96584,96764,96764
6445,5,age,94550,94549,128,15,0.1171875,0.125,0.12109375,True,False,True,0,0,75560,75496,75449,75449
6445,5,age,94550,94549,128,38,0.296875,0.3046875,0.30078125,False,True,True,0,0,75496,75496,75449,75448
6445,5,age,94550,94549,128,118,0.921875,0.9296875,0.92578125,True,False,True,0,0,75504,75440,75448,75448
6450,5,age,94559,94560,128,17,0.1328125,0.140625,0.13671875,True,False,True,0,0,75544,75536,75451,75451
6450,5,age,94559,94560,128,89,0.6953125,0.703125,0.69921875,False,True,True,0,0,75472,75472,75451,75452
6450,5,age,94559,94560,128,105,0.8203125,0.828125,0.82421875,True,False,True,0,0,75472,75464,75452,75452
6452,5,age,94622,94623,128,17,0.1328125,0.140625,0.13671875,True,False,True,0,0,75544,75536,75515,75515
6452,5,age,94622,94623,128,89,0.6953125,0.703125,0.69921875,False,True,True,0,0,75472,75472,75515,75516
6452,5,age,94622,94623,128,105,0.8203125,0.828125,0.82421875,True,False,True,0,0,75472,75464,75516,75516
6454,5,age,94685,94686,128,17,0.1328125,0.140625,0.13671875,True,False,True,0,0,75544,75536,75579,75579
6454,5,age,94685,94686,128,89,0.6953125,0.703125,0.69921875,False,True,True,0,0,75472,75472,75579,75580
6454,5,age,94685,94686,128,105,0.8203125,0.828125,0.82421875,True,False,True,0,0,75472,75464,75580,75580
6456,5,age,94746,94747,128,9,0.0703125,0.078125,0.07421875,True,False,True,0,0,77168,77160,77177,77177
6456,5,age,94746,94747,128,89,0.6953125,0.703125,0.69921875,False,True,True,0,0,77160,77160,77177,77178
6456,5,age,94746,94747,128,97,0.7578125,0.765625,0.76171875,True,False,True,0,0,77096,77088,77178,77178
6458,5,age,94748,94749,128,17,0.1328125,0.140625,0.13671875,True,False,True,0,0,75544,75536,75643,75643
6458,5,age,94748,94749,128,89,0.6953125,0.703125,0.69921875,False,True,True,0,0,75472,75472,75643,75644
6458,5,age,94748,94749,128,105,0.8203125,0.828125,0.82421875,True,False,True,0,0,75472,75464,75644,75644
6460,5,age,94809,94810,128,9,0.0703125,0.078125,0.07421875,True,False,True,0,0,77168,77160,77177,77177
6460,5,age,94809,94810,128,89,0.6953125,0.703125,0.69921875,False,True,True,0,0,77160,77160,77177,77178
6460,5,age,94809,94810,128,124,0.96875,0.9765625,0.97265625,True,False,True,0,0,77152,77088,77178,77178
6462,5,age,94811,94812,128,17,0.1328125,0.140625,0.13671875,True,False,True,0,0,75544,75536,75643,75643
6462,5,age,94811,94812,128,89,0.6953125,0.703125,0.69921875,False,True,True,0,0,75472,75472,75643,75644
6462,5,age,94811,94812,128,105,0.8203125,0.828125,0.82421875,True,False,True,0,0,75472,75464,75644,75644
6463,5,age,94865,94864,128,15,0.1171875,0.125,0.12109375,True,False,True,0,0,75944,75880,75833,75833
6463,5,age,94865,94864,128,38,0.296875,0.3046875,0.30078125,False,True,True,0,0,75880,75880,75833,75832
6463,5,age,94865,94864,128,118,0.921875,0.9296875,0.92578125,True,False,True,0,0,75888,75824,75832,75832
6468,5,age,94874,94875,128,17,0.1328125,0.140625,0.13671875,True,False,True,0,0,75928,75920,75835,75835
6468,5,age,94874,94875,128,89,0.6953125,0.703125,0.69921875,False,True,True,0,0,75856,75856,75835,75836
6468,5,age,94874,94875,128,105,0.8203125,0.828125,0.82421875,True,False,True,0,0,75856,75848,75836,75836
6470,5,age,94937,94938,128,17,0.1328125,0.140625,0.13671875,True,False,True,0,0,75928,75920,75899,75899
6470,5,age,94937,94938,128,89,0.6953125,0.703125,0.69921875,False,True,True,0,0,75856,75856,75899,75900
6470,5,age,94937,94938,128,105,0.8203125,0.828125,0.82421875,True,False,True,0,0,75856,75848,75900,75900
6472,5,age,95000,95001,128,17,0.1328125,0.140625,0.13671875,True,False,True,0,0,75928,75920,75963,75963
6472,5,age,95000,95001,128,89,0.6953125,0.703125,0.69921875,False,True,True,0,0,75856,75856,75963,75964
6472,5,age,95000,95001,128,105,0.8203125,0.828125,0.82421875,True,False,True,0,0,75856,75848,75964,75964
6474,5,age,95061,95062,128,9,0.0703125,0.078125,0.07421875,True,False,True,0,0,77552,77544,77561,77561
6474,5,age,95061,95062,128,89,0.6953125,0.703125,0.69921875,False,True,True,0,0,77544,77544,77561,77562
6474,5,age,95061,95062,128,97,0.7578125,0.765625,0.76171875,True,False,True,0,0,77480,77472,77562,77562
6476,5,age,95063,95064,128,17,0.1328125,0.140625,0.13671875,True,False,True,0,0,75928,75920,76027,76027
6476,5,age,95063,95064,128,89,0.6953125,0.703125,0.69921875,False,True,True,0,0,75856,75856,76027,76028
6476,5,age,95063,95064,128,105,0.8203125,0.828125,0.82421875,True,False,True,0,0,75856,75848,76028,76028
6478,5,age,95124,95125,128,9,0.0703125,0.078125,0.07421875,True,False,True,0,0,77552,77544,77561,77561
6478,5,age,95124,95125,128,89,0.6953125,0.703125,0.69921875,False,True,True,0,0,77544,77544,77561,77562
6478,5,age,95124,95125,128,124,0.96875,0.9765625,0.97265625,True,False,True,0,0,77536,77472,77562,77562
6480,5,age,95126,95127,128,17,0.1328125,0.140625,0.13671875,True,False,True,0,0,75928,75920,76027,76027
6480,5,age,95126,95127,128,89,0.6953125,0.703125,0.69921875,False,True,True,0,0,75856,75856,76027,76028
6480,5,age,95126,95127,128,105,0.8203125,0.828125,0.82421875,True,False,True,0,0,75856,75848,76028,76028
6481,5,age,95180,95179,128,15,0.1171875,0.125,0.12109375,True,False,True,0,0,75944,75880,75833,75833
6481,5,age,95180,95179,128,38,0.296875,0.3046875,0.30078125,False,True,True,0,0,75880,75880,75833,75832
6481,5,age,95180,95179,128,118,0.921875,0.9296875,0.92578125,True,False,True,0,0,75888,75824,75832,75832
6486,5,age,95189,95190,128,17,0.1328125,0.140625,0.13671875,True,False,True,0,0,75928,75920,75835,75835
6486,5,age,95189,95190,128,89,0.6953125,0.703125,0.69921875,False,True,True,0,0,75856,75856,75835,75836
6486,5,age,95189,95190,128,105,0.8203125,0.828125,0.82421875,True,False,True,0,0,75856,75848,75836,75836
6488,5,age,95252,95253,128,17,0.1328125,0.140625,0.13671875,True,False,True,0,0,75928,75920,75899,75899
6488,5,age,95252,95253,128,89,0.6953125,0.703125,0.69921875,False,True,True,0,0,75856,75856,75899,75900
6488,5,age,95252,95253,128,105,0.8203125,0.828125,0.82421875,True,False,True,0,0,75856,75848,75900,75900
6490,5,age,95315,95316,128,17,0.1328125,0.140625,0.13671875,True,False,True,0,0,75928,75920,75963,75963
6490,5,age,95315,95316,128,89,0.6953125,0.703125,0.69921875,False,True,True,0,0,75856,75856,75963,75964
6490,5,age,95315,95316,128,105,0.8203125,0.828125,0.82421875,True,False,True,0,0,75856,75848,75964,75964
6492,5,age,95376,95377,128,9,0.0703125,0.078125,0.07421875,True,False,True,0,0,77552,77544,77561,77561
6492,5,age,95376,95377,128,89,0.6953125,0.703125,0.69921875,False,True,True,0,0,77544,77544,77561,77562
6492,5,age,95376,95377,128,97,0.7578125,0.765625,0.76171875,True,False,True,0,0,77480,77472,77562,77562
6494,5,age,95378,95379,128,17,0.1328125,0.140625,0.13671875,True,False,True,0,0,75928,75920,76027,76027
6494,5,age,95378,95379,128,89,0.6953125,0.703125,0.69921875,False,True,True,0,0,75856,75856,76027,76028
6494,5,age,95378,95379,128,105,0.8203125,0.828125,0.82421875,True,False,True,0,0,75856,75848,76028,76028
6496,5,age,95439,95440,128,9,0.0703125,0.078125,0.07421875,True,False,True,0,0,77552,77544,77561,77561
6496,5,age,95439,95440,128,89,0.6953125,0.703125,0.69921875,False,True,True,0,0,77544,77544,77561,77562
6496,5,age,95439,95440,128,124,0.96875,0.9765625,0.97265625,True,False,True,0,0,77536,77472,77562,77562
6498,5,age,95441,95442,128,17,0.1328125,0.140625,0.13671875,True,False,True,0,0,75928,75920,76027,76027
6498,5,age,95441,95442,128,89,0.6953125,0.703125,0.69921875,False,True,True,0,0,75856,75856,76027,76028
6498,5,age,95441,95442,128,105,0.8203125,0.828125,0.82421875,True,False,True,0,0,75856,75848,76028,76028
6499,5,age,95495,95494,128,15,0.1171875,0.125,0.12109375,True,False,True,0,0,97832,97768,97721,97721
6499,5,age,95495,95494,128,38,0.296875,0.3046875,0.30078125,False,True,True,0,0,97768,97768,97721,97720
6499,5,age,95495,95494,128,118,0.921875,0.9296875,0.92578125,True,False,True,0,0,97776,97712,97720,97720
6504,5,age,95504,95505,128,17,0.1328125,0.140625,0.13671875,True,False,True,0,0,97816,97808,97723,97723
6504,5,age,95504,95505,128,89,0.6953125,0.703125,0.69921875,False,True,True,0,0,97744,97744,97723,97724
6504,5,age,95504,95505,128,105,0.8203125,0.828125,0.82421875,True,False,True,0,0,97744,97736,97724,97724
6506,5,age,95567,95568,128,17,0.1328125,0.140625,0.13671875,True,False,True,0,0,97816,97808,97787,97787
6506,5,age,95567,95568,128,89,0.6953125,0.703125,0.69921875,False,True,True,0,0,97744,97744,97787,97788
6506,5,age,95567,95568,128,105,0.8203125,0.828125,0.82421875,True,False,True,0,0,97744,97736,97788,97788
6508,5,age,95630,95631,128,17,0.1328125,0.140625,0.13671875,True,False,True,0,0,97816,97808,97851,97851
6508,5,age,95630,95631,128,89,0.6953125,0.703125,0.69921875,False,True,True,0,0,97744,97744,97851,97852
6508,5,age,95630,95631,128,105,0.8203125,0.828125,0.82421875,True,False,True,0,0,97744,97736,97852,97852
6510,5,age,95691,95692,128,9,0.0703125,0.078125,0.07421875,True,False,True,0,0,99440,99432,99449,99449
6510,5,age,95691,95692,128,89,0.6953125,0.703125,0.69921875,False,True,True,0,0,99432,99432,99449,99450
6510,5,age,95691,95692,128,97,0.7578125,0.765625,0.76171875,True,False,True,0,0,99368,99360,99450,99450
6512,5,age,95693,95694,128,17,0.1328125,0.140625,0.13671875,True,False,True,0,0,97816,97808,97915,97915
6512,5,age,95693,95694,128,89,0.6953125,0.703125,0.69921875,False,True,True,0,0,97744,97744,97915,97916
6512,5,age,95693,95694,128,105,0.8203125,0.828125,0.82421875,True,False,True,0,0,97744,97736,97916,97916
6514,5,age,95754,95755,128,9,0.0703125,0.078125,0.07421875,True,False,True,0,0,99440,99432,99449,99449
6514,5,age,95754,95755,128,89,0.6953125,0.703125,0.69921875,False,True,True,0,0,99432,99432,99449,99450
6514,5,age,95754,95755,128,124,0.96875,0.9765625,0.97265625,True,False,True,0,0,99424,99360,99450,99450
6516,5,age,95756,95757,128,17,0.1328125,0.140625,0.13671875,True,False,True,0,0,97816,97808,97915,97915
6516,5,age,95756,95757,128,89,0.6953125,0.703125,0.69921875,False,True,True,0,0,97744,97744,97915,97916
6516,5,age,95756,95757,128,105,0.8203125,0.828125,0.82421875,True,False,True,0,0,97744,97736,97916,97916
6517,5,age,95810,95809,128,15,0.1171875,0.125,0.12109375,True,False,True,0,0,98216,98152,98105,98105
6517,5,age,95810,95809,128,38,0.296875,0.3046875,0.30078125,False,True,True,0,0,98152,98152,98105,98104
6517,5,age,95810,95809,128,118,0.921875,0.9296875,0.92578125,True,False,True,0,0,98160,98096,98104,98104
6522,5,age,95819,95820,128,17,0.1328125,0.140625,0.13671875,True,False,True,0,0,98200,98192,98107,98107
6522,5,age,95819,95820,128,89,0.6953125,0.703125,0.69921875,False,True,True,0,0,98128,98128,98107,98108
6522,5,age,95819,95820,128,105,0.8203125,0.828125,0.82421875,True,False,True,0,0,98128,98120,98108,98108
6524,5,age,95882,95883,128,17,0.1328125,0.140625,0.13671875,True,False,True,0,0,98200,98192,98171,98171
6524,5,age,95882,95883,128,89,0.6953125,0.703125,0.69921875,False,True,True,0,0,98128,98128,98171,98172
6524,5,age,95882,95883,128,105,0.8203125,0.828125,0.82421875,True,False,True,0,0,98128,98120,98172,98172
6526,5,age,95945,95946,128,17,0.1328125,0.140625,0.13671875,True,False,True,0,0,98200,98192,98235,98235
6526,5,age,95945,95946,128,89,0.6953125,0.703125,0.69921875,False,True,True,0,0,98128,98128,98235,98236
6526,5,age,95945,95946,128,105,0.8203125,0.828125,0.82421875,True,False,True,0,0,98128,98120,98236,98236
6528,5,age,96006,96007,128,9,0.0703125,0.078125,0.07421875,True,False,True,0,0,99824,99816,99833,99833
6528,5,age,96006,96007,128,89,0.6953125,0.703125,0.69921875,False,True,True,0,0,99816,99816,99833,99834
6528,5,age,96006,96007,128,97,0.7578125,0.765625,0.76171875,True,False,True,0,0,99752,99744,99834,99834
6530,5,age,96008,96009,128,17,0.1328125,0.140625,0.13671875,True,False,True,0,0,98200,98192,98299,98299
6530,5,age,96008,96009,128,89,0.6953125,0.703125,0.69921875,False,True,True,0,0,98128,98128,98299,98300
6530,5,age,96008,96009,128,105,0.8203125,0.828125,0.82421875,True,False,True,0,0,98128,98120,98300,98300
6532,5,age,96069,96070,128,9,0.0703125,0.078125,0.07421875,True,False,True,0,0,99824,99816,99833,99833
6532,5,age,96069,96070,128,89,0.6953125,0.703125,0.69921875,False,True,True,0,0,99816,99816,99833,99834
6532,5,age,96069,96070,128,124,0.96875,0.9765625,0.97265625,True,False,True,0,0,99808,99744,99834,99834
6534,5,age,96071,96072,128,17,0.1328125,0.140625,0.13671875,True,False,True,0,0,98200,98192,98299,98299
6534,5,age,96071,96072,128,89,0.6953125,0.703125,0.69921875,False,True,True,0,0,98128,98128,98299,98300
6534,5,age,96071,96072,128,105,0.8203125,0.828125,0.82421875,True,False,True,0,0,98128,98120,98300,98300
6535,5,age,96125,96124,128,15,0.1171875,0.125,0.12109375,True,False,True,0,0,77096,77032,76985,76985
6535,5,age,96125,96124,128,38,0.296875,0.3046875,0.30078125,False,True,True,0,0,77032,77032,76985,76984
6535,5,age,96125,96124,128,118,0.921875,0.9296875,0.92578125,True,False,True,0,0,77040,76976,76984,76984
6540,5,age,96134,96135,128,17,0.1328125,0.140625,0.13671875,True,False,True,0,0,77080,77072,76987,76987
6540,5,age,96134,96135,128,89,0.6953125,0.703125,0.69921875,False,True,True,0,0,77008,77008,76987,76988
6540,5,age,96134,96135,128,105,0.8203125,0.828125,0.82421875,True,False,True,0,0,77008,77000,76988,76988
6542,5,age,96197,96198,128,17,0.1328125,0.140625,0.13671875,True,False,True,0,0,77080,77072,77051,77051
6542,5,age,96197,96198,128,89,0.6953125,0.703125,0.69921875,False,True,True,0,0,77008,77008,77051,77052
6542,5,age,96197,96198,128,105,0.8203125,0.828125,0.82421875,True,False,True,0,0,77008,77000,77052,77052
6544,5,age,96260,96261,128,17,0.1328125,0.140625,0.13671875,True,False,True,0,0,77080,77072,77115,77115
6544,5,age,96260,96261,128,89,0.6953125,0.703125,0.69921875,False,True,True,0,0,77008,77008,77115,77116
6544,5,age,96260,96261,128,105,0.8203125,0.828125,0.82421875,True,False,True,0,0,77008,77000,77116,77116
6546,5,age,96321,96322,128,9,0.0703125,0.078125,0.07421875,True,False,True,0,0,78704,78696,78713,78713
6546,5,age,96321,96322,128,89,0.6953125,0.703125,0.69921875,False,True,True,0,0,78696,78696,78713,78714
6546,5,age,96321,96322,128,97,0.7578125,0.765625,0.76171875,True,False,True,0,0,78632,78624,78714,78714
6548,5,age,96323,96324,128,17,0.1328125,0.140625,0.13671875,True,False,True,0,0,77080,77072,77179,77179
6548,5,age,96323,96324,128,89,0.6953125,0.703125,0.69921875,False,True,True,0,0,77008,77008,77179,77180
6548,5,age,96323,96324,128,105,0.8203125,0.828125,0.82421875,True,False,True,0,0,77008,77000,77180,77180
6550,5,age,96384,96385,128,9,0.0703125,0.078125,0.07421875,True,False,True,0,0,78704,78696,78713,78713
6550,5,age,96384,96385,128,89,0.6953125,0.703125,0.69921875,False,True,True,0,0,78696,78696,78713,78714
6550,5,age,96384,96385,128,124,0.96875,0.9765625,0.97265625,True,False,True,0,0,78688,78624,78714,78714
6552,5,age,96386,96387,128,17,0.1328125,0.140625,0.13671875,True,False,True,0,0,77080,77072,77179,77179
6552,5,age,96386,96387,128,89,0.6953125,0.703125,0.69921875,False,True,True,0,0,77008,77008,77179,77180
6552,5,age,96386,96387,128,105,0.8203125,0.828125,0.82421875,True,False,True,0,0,77008,77000,77180,77180
6553,5,age,96440,96439,128,15,0.1171875,0.125,0.12109375,True,False,True,0,0,77480,77416,77369,77369
6553,5,age,96440,96439,128,38,0.296875,0.3046875,0.30078125,False,True,True,0,0,77416,77416,77369,77368
6553,5,age,96440,96439,128,118,0.921875,0.9296875,0.92578125,True,False,True,0,0,77424,77360,77368,77368
6558,5,age,96449,96450,128,17,0.1328125,0.140625,0.13671875,True,False,True,0,0,77464,77456,77371,77371
6558,5,age,96449,96450,128,89,0.6953125,0.703125,0.69921875,False,True,True,0,0,77392,77392,77371,77372
6558,5,age,96449,96450,128,105,0.8203125,0.828125,0.82421875,True,False,True,0,0,77392,77384,77372,77372
6560,5,age,96512,96513,128,17,0.1328125,0.140625,0.13671875,True,False,True,0,0,77464,77456,77435,77435
6560,5,age,96512,96513,128,89,0.6953125,0.703125,0.69921875,False,True,True,0,0,77392,77392,77435,77436
6560,5,age,96512,96513,128,105,0.8203125,0.828125,0.82421875,True,False,True,0,0,77392,77384,77436,77436
6562,5,age,96575,96576,128,17,0.1328125,0.140625,0.13671875,True,False,True,0,0,77464,77456,77499,77499
6562,5,age,96575,96576,128,89,0.6953125,0.703125,0.69921875,False,True,True,0,0,77392,77392,77499,77500
6562,5,age,96575,96576,128,105,0.8203125,0.828125,0.82421875,True,False,True,0,0,77392,77384,77500,77500
6564,5,age,96636,96637,128,9,0.0703125,0.078125,0.07421875,True,False,True,0,0,79088,79080,79097,79097
6564,5,age,96636,96637,128,89,0.6953125,0.703125,0.69921875,False,True,True,0,0,79080,79080,79097,79098
6564,5,age,96636,96637,128,97,0.7578125,0.765625,0.76171875,True,False,True,0,0,79016,79008,79098,79098
6566,5,age,96638,96639,128,17,0.1328125,0.140625,0.13671875,True,False,True,0,0,77464,77456,77563,77563
6566,5,age,96638,96639,128,89,0.6953125,0.703125,0.69921875,False,True,True,0,0,77392,77392,77563,77564
6566,5,age,96638,96639,128,105,0.8203125,0.828125,0.82421875,True,False,True,0,0,77392,77384,77564,77564
6568,5,age,96699,96700,128,9,0.0703125,0.078125,0.07421875,True,False,True,0,0,79088,79080,79097,79097
6568,5,age,96699,96700,128,89,0.6953125,0.703125,0.69921875,False,True,True,0,0,79080,79080,79097,79098
6568,5,age,96699,96700,128,124,0.96875,0.9765625,0.97265625,True,False,True,0,0,79072,79008,79098,79098
6570,5,age,96701,96702,128,17,0.1328125,0.140625,0.13671875,True,False,True,0,0,77464,77456,77563,77563
6570,5,age,96701,96702,128,89,0.6953125,0.703125,0.69921875,False,True,True,0,0,77392,77392,77563,77564
6570,5,age,96701,96702,128,105,0.8203125,0.828125,0.82421875,True,False,True,0,0,77392,77384,77564,77564
6571,5,age,96755,96754,128,15,0.1171875,0.125,0.12109375,True,False,True,0,0,77480,77416,77369,77369
6571,5,age,96755,96754,128,38,0.296875,0.3046875,0.30078125,False,True,True,0,0,77416,77416,77369,77368
6571,5,age,96755,96754,128,118,0.921875,0.9296875,0.92578125,True,False,True,0,0,77424,77360,77368,77368
6576,5,age,96764,96765,128,17,0.1328125,0.140625,0.13671875,True,False,True,0,0,77464,77456,77371,77371
6576,5,age,96764,96765,128,89,0.6953125,0.703125,0.69921875,False,True,True,0,0,77392,77392,77371,77372
6576,5,age,96764,96765,128,105,0.8203125,0.828125,0.82421875,True,False,True,0,0,77392,77384,77372,77372
6578,5,age,96827,96828,128,17,0.1328125,0.140625,0.13671875,True,False,True,0,0,77464,77456,77435,77435
6578,5,age,96827,96828,128,89,0.6953125,0.703125,0.69921875,False,True,True,0,0,77392,77392,77435,77436
6578,5,age,96827,96828,128,105,0.8203125,0.828125,0.82421875,True,False,True,0,0,77392,77384,77436,77436
6580,5,age,96890,96891,128,17,0.1328125,0.140625,0.13671875,True,False,True,0,0,77464,77456,77499,77499
6580,5,age,96890,96891,128,89,0.6953125,0.703125,0.69921875,False,True,True,0,0,77392,77392,77499,77500
6580,5,age,96890,96891,128,105,0.8203125,0.828125,0.82421875,True,False,True,0,0,77392,77384,77500,77500
6582,5,age,96951,96952,128,9,0.0703125,0.078125,0.07421875,True,False,True,0,0,79088,79080,79097,79097
6582,5,age,96951,96952,128,89,0.6953125,0.703125,0.69921875,False,True,True,0,0,79080,79080,79097,79098
6582,5,age,96951,96952,128,97,0.7578125,0.765625,0.76171875,True,False,True,0,0,79016,79008,79098,79098
6584,5,age,96953,96954,128,17,0.1328125,0.140625,0.13671875,True,False,True,0,0,77464,77456,77563,77563
6584,5,age,96953,96954,128,89,0.6953125,0.703125,0.69921875,False,True,True,0,0,77392,77392,77563,77564
6584,5,age,96953,96954,128,105,0.8203125,0.828125,0.82421875,True,False,True,0,0,77392,77384,77564,77564
6586,5,age,97014,97015,128,9,0.0703125,0.078125,0.07421875,True,False,True,0,0,79088,79080,79097,79097
6586,5,age,97014,97015,128,89,0.6953125,0.703125,0.69921875,False,True,True,0,0,79080,79080,79097,79098
6586,5,age,97014,97015,128,124,0.96875,0.9765625,0.97265625,True,False,True,0,0,79072,79008,79098,79098
6588,5,age,97016,97017,128,17,0.1328125,0.140625,0.13671875,True,False,True,0,0,77464,77456,77563,77563
6588,5,age,97016,97017,128,89,0.6953125,0.703125,0.69921875,False,True,True,0,0,77392,77392,77563,77564
6588,5,age,97016,97017,128,105,0.8203125,0.828125,0.82421875,True,False,True,0,0,77392,77384,77564,77564
6589,5,age,97070,97069,128,15,0.1171875,0.125,0.12109375,True,False,True,0,0,99368,99304,99257,99257
6589,5,age,97070,97069,128,38,0.296875,0.3046875,0.30078125,False,True,True,0,0,99304,99304,99257,99256
6589,5,age,97070,97069,128,118,0.921875,0.9296875,0.92578125,True,False,True,0,0,99312,99248,99256,99256
6594,5,age,97079,97080,128,17,0.1328125,0.140625,0.13671875,True,False,True,0,0,99352,99344,99259,99259
6594,5,age,97079,97080,128,89,0.6953125,0.703125,0.69921875,False,True,True,0,0,99280,99280,99259,99260
6594,5,age,97079,97080,128,105,0.8203125,0.828125,0.82421875,True,False,True,0,0,99280,99272,99260,99260
6596,5,age,97142,97143,128,17,0.1328125,0.140625,0.13671875,True,False,True,0,0,99352,99344,99323,99323
6596,5,age,97142,97143,128,89,0.6953125,0.703125,0.69921875,False,True,True,0,0,99280,99280,99323,99324
6596,5,age,97142,97143,128,105,0.8203125,0.828125,0.82421875,True,False,True,0,0,99280,99272,99324,99324
6598,5,age,97205,97206,128,17,0.1328125,0.140625,0.13671875,True,False,True,0,0,99352,99344,99387,99387
6598,5,age,97205,97206,128,89,0.6953125,0.703125,0.69921875,False,True,True,0,0,99280,99280,99387,99388
6598,5,age,97205,97206,128,105,0.8203125,0.828125,0.82421875,True,False,True,0,0,99280,99272,99388,99388
6600,5,age,97266,97267,128,9,0.0703125,0.078125,0.07421875,True,False,True,0,0,100976,100968,100985,100985
6600,5,age,97266,97267,128,89,0.6953125,0.703125,0.69921875,False,True,True,0,0,100968,100968,100985,100986
6600,5,age,97266,97267,128,97,0.7578125,0.765625,0.76171875,True,False,True,0,0,100904,100896,100986,100986
6602,5,age,97268,97269,128,17,0.1328125,0.140625,0.13671875,True,False,True,0,0,99352,99344,99451,99451
6602,5,age,97268,97269,128,89,0.6953125,0.703125,0.69921875,False,True,True,0,0,99280,99280,99451,99452
6602,5,age,97268,97269,128,105,0.8203125,0.828125,0.82421875,True,False,True,0,0,99280,99272,99452,99452
6604,5,age,97329,97330,128,9,0.0703125,0.078125,0.07421875,True,False,True,0,0,100976,100968,100985,100985
6604,5,age,97329,97330,128,89,0.6953125,0.703125,0.69921875,False,True,True,0,0,100968,100968,100985,100986
6604,5,age,97329,97330,128,124,0.96875,0.9765625,0.97265625,True,False,True,0,0,100960,100896,100986,100986
6606,5,age,97331,97332,128,17,0.1328125,0.140625,0.13671875,True,False,True,0,0,99352,99344,99451,99451
6606,5,age,97331,97332,128,89,0.6953125,0.703125,0.69921875,False,True,True,0,0,99280,99280,99451,99452
6606,5,age,97331,97332,128,105,0.8203125,0.828125,0.82421875,True,False,True,0,0,99280,99272,99452,99452
6607,5,age,97385,97384,128,15,0.1171875,0.125,0.12109375,True,False,True,0,0,99752,99688,99641,99641
6607,5,age,97385,97384,128,38,0.296875,0.3046875,0.30078125,False,True,True,0,0,99688,99688,99641,99640
6607,5,age,97385,97384,128,118,0.921875,0.9296875,0.92578125,True,False,True,0,0,99696,99632,99640,99640
6612,5,age,97394,97395,128,17,0.1328125,0.140625,0.13671875,True,False,True,0,0,99736,99728,99643,99643
6612,5,age,97394,97395,128,89,0.6953125,0.703125,0.69921875,False,True,True,0,0,99664,99664,99643,99644
6612,5,age,97394,97395,128,105,0.8203125,0.828125,0.82421875,True,False,True,0,0,99664,99656,99644,99644
6614,5,age,97457,97458,128,17,0.1328125,0.140625,0.13671875,True,False,True,0,0,99736,99728,99707,99707
6614,5,age,97457,97458,128,89,0.6953125,0.703125,0.69921875,False,True,True,0,0,99664,99664,99707,99708
6614,5,age,97457,97458,128,105,0.8203125,0.828125,0.82421875,True,False,True,0,0,99664,99656,99708,99708
6616,5,age,97520,97521,128,17,0.1328125,0.140625,0.13671875,True,False,True,0,0,99736,99728,99771,99771
6616,5,age,97520,97521,128,89,0.6953125,0.703125,0.69921875,False,True,True,0,0,99664,99664,99771,99772
6616,5,age,97520,97521,128,105,0.8203125,0.828125,0.82421875,True,False,True,0,0,99664,99656,99772,99772
6618,5,age,97581,97582,128,9,0.0703125,0.078125,0.07421875,True,False,True,0,0,101360,101352,101369,101369
6618,5,age,97581,97582,128,89,0.6953125,0.703125,0.69921875,False,True,True,0,0,101352,101352,101369,101370
6618,5,age,97581,97582,128,97,0.7578125,0.765625,0.76171875,True,False,True,0,0,101288,101280,101370,101370
6620,5,age,97583,97584,128,17,0.1328125,0.140625,0.13671875,True,False,True,0,0,99736,99728,99835,99835
6620,5,age,97583,97584,128,89,0.6953125,0.703125,0.69921875,False,True,True,0,0,99664,99664,99835,99836
6620,5,age,97583,97584,128,105,0.8203125,0.828125,0.82421875,True,False,True,0,0,99664,99656,99836,99836
6622,5,age,97644,97645,128,9,0.0703125,0.078125,0.07421875,True,False,True,0,0,101360,101352,101369,101369
6622,5,age,97644,97645,128,89,0.6953125,0.703125,0.69921875,False,True,True,0,0,101352,101352,101369,101370
6622,5,age,97644,97645,128,124,0.96875,0.9765625,0.97265625,True,False,True,0,0,101344,101280,101370,101370
6624,5,age,97646,97647,128,17,0.1328125,0.140625,0.13671875,True,False,True,0,0,99736,99728,99835,99835
6624,5,age,97646,97647,128,89,0.6953125,0.703125,0.69921875,False,True,True,0,0,99664,99664,99835,99836
6624,5,age,97646,97647,128,105,0.8203125,0.828125,0.82421875,True,False,True,0,0,99664,99656,99836,99836
6625,5,age,97700,97699,128,15,0.1171875,0.125,0.12109375,True,False,True,0,0,78632,78568,78521,78521
6625,5,age,97700,97699,128,38,0.296875,0.3046875,0.30078125,False,True,True,0,0,78568,78568,78521,78520
6625,5,age,97700,97699,128,118,0.921875,0.9296875,0.92578125,True,False,True,0,0,78576,78512,78520,78520
6630,5,age,97709,97710,128,17,0.1328125,0.140625,0.13671875,True,False,True,0,0,78616,78608,78523,78523
6630,5,age,97709,97710,128,89,0.6953125,0.703125,0.69921875,False,True,True,0,0,78544,78544,78523,78524
6630,5,age,97709,97710,128,105,0.8203125,0.828125,0.82421875,True,False,True,0,0,78544,78536,78524,78524
6632,5,age,97772,97773,128,17,0.1328125,0.140625,0.13671875,True,False,True,0,0,78616,78608,78587,78587
6632,5,age,97772,97773,128,89,0.6953125,0.703125,0.69921875,False,True,True,0,0,78544,78544,78587,78588
6632,5,age,97772,97773,128,105,0.8203125,0.828125,0.82421875,True,False,True,0,0,78544,78536,78588,78588
6634,5,age,97835,97836,128,17,0.1328125,0.140625,0.13671875,True,False,True,0,0,78616,78608,78651,78651
6634,5,age,97835,97836,128,89,0.6953125,0.703125,0.69921875,False,True,True,0,0,78544,78544,78651,78652
6634,5,age,97835,97836,128,105,0.8203125,0.828125,0.82421875,True,False,True,0,0,78544,78536,78652,78652
6636,5,age,97896,97897,128,9,0.0703125,0.078125,0.07421875,True,False,True,0,0,80240,80232,80249,80249
6636,5,age,97896,97897,128,89,0.6953125,0.703125,0.69921875,False,True,True,0,0,80232,80232,80249,80250
6636,5,age,97896,97897,128,97,0.7578125,0.765625,0.76171875,True,False,True,0,0,80168,80160,80250,80250
6638,5,age,97898,97899,128,17,0.1328125,0.140625,0.13671875,True,False,True,0,0,78616,78608,78715,78715
6638,5,age,97898,97899,128,89,0.6953125,0.703125,0.69921875,False,True,True,0,0,78544,78544,78715,78716
6638,5,age,97898,97899,128,105,0.8203125,0.828125,0.82421875,True,False,True,0,0,78544,78536,78716,78716
6640,5,age,97959,97960,128,9,0.0703125,0.078125,0.07421875,True,False,True,0,0,80240,80232,80249,80249
6640,5,age,97959,97960,128,89,0.6953125,0.703125,0.69921875,False,True,True,0,0,80232,80232,80249,80250
6640,5,age,97959,97960,128,124,0.96875,0.9765625,0.97265625,True,False,True,0,0,80224,80160,80250,80250
6642,5,age,97961,97962,128,17,0.1328125,0.140625,0.13671875,True,False,True,0,0,78616,78608,78715,78715
6642,5,age,97961,97962,128,89,0.6953125,0.703125,0.69921875,False,True,True,0,0,78544,78544,78715,78716
6642,5,age,97961,97962,128,105,0.8203125,0.828125,0.82421875,True,False,True,0,0,78544,78536,78716,78716
6643,5,age,98015,98014,128,15,0.1171875,0.125,0.12109375,True,False,True,0,0,79016,78952,78905,78905
6643,5,age,98015,98014,128,38,0.296875,0.3046875,0.30078125,False,True,True,0,0,78952,78952,78905,78904
6643,5,age,98015,98014,128,118,0.921875,0.9296875,0.92578125,True,False,True,0,0,78960,78896,78904,78904
6648,5,age,98024,98025,128,17,0.1328125,0.140625,0.13671875,True,False,True,0,0,79000,78992,78907,78907
6648,5,age,98024,98025,128,89,0.6953125,0.703125,0.69921875,False,True,True,0,0,78928,78928,78907,78908
6648,5,age,98024,98025,128,105,0.8203125,0.828125,0.82421875,True,False,True,0,0,78928,78920,78908,78908
6650,5,age,98087,98088,128,17,0.1328125,0.140625,0.13671875,True,False,True,0,0,79000,78992,78971,78971
6650,5,age,98087,98088,128,89,0.6953125,0.703125,0.69921875,False,True,True,0,0,78928,78928,78971,78972
6650,5,age,98087,98088,128,105,0.8203125,0.828125,0.82421875,True,False,True,0,0,78928,78920,78972,78972
6652,5,age,98150,98151,128,17,0.1328125,0.140625,0.13671875,True,False,True,0,0,79000,78992,79035,79035
6652,5,age,98150,98151,128,89,0.6953125,0.703125,0.69921875,False,True,True,0,0,78928,78928,79035,79036
6652,5,age,98150,98151,128,105,0.8203125,0.828125,0.82421875,True,False,True,0,0,78928,78920,79036,79036
6654,5,age,98211,98212,128,9,0.0703125,0.078125,0.07421875,True,False,True,0,0,80624,80616,80633,80633
6654,5,age,98211,98212,128,89,0.6953125,0.703125,0.69921875,False,True,True,0,0,80616,80616,80633,80634
6654,5,age,98211,98212,128,97,0.7578125,0.765625,0.76171875,True,False,True,0,0,80552,80544,80634,80634
6656,5,age,98213,98214,128,17,0.1328125,0.140625,0.13671875,True,False,True,0,0,79000,78992,79099,79099
6656,5,age,98213,98214,128,89,0.6953125,0.703125,0.69921875,False,True,True,0,0,78928,78928,79099,79100
6656,5,age,98213,98214,128,105,0.8203125,0.828125,0.82421875,True,False,True,0,0,78928,78920,79100,79100
6658,5,age,98274,98275,128,9,0.0703125,0.078125,0.07421875,True,False,True,0,0,80624,80616,80633,80633
6658,5,age,98274,98275,128,89,0.6953125,0.703125,0.69921875,False,True,True,0,0,80616,80616,80633,80634
6658,5,age,98274,98275,128,124,0.96875,0.9765625,0.97265625,True,False,True,0,0,80608,80544,80634,80634
6660,5,age,98276,98277,128,17,0.1328125,0.140625,0.13671875,True,False,True,0,0,79000,78992,79099,79099
6660,5,age,98276,98277,128,89,0.6953125,0.703125,0.69921875,False,True,True,0,0,78928,78928,79099,79100
6660,5,age,98276,98277,128,105,0.8203125,0.828125,0.82421875,True,False,True,0,0,78928,78920,79100,79100
6661,5,age,98330,98329,128,15,0.1171875,0.125,0.12109375,True,False,True,0,0,79016,78952,78905,78905
6661,5,age,98330,98329,128,38,0.296875,0.3046875,0.30078125,False,True,True,0,0,78952,78952,78905,78904
6661,5,age,98330,98329,128,118,0.921875,0.9296875,0.92578125,True,False,True,0,0,78960,78896,78904,78904
6666,5,age,98339,98340,128,17,0.1328125,0.140625,0.13671875,True,False,True,0,0,79000,78992,78907,78907
6666,5,age,98339,98340,128,89,0.6953125,0.703125,0.69921875,False,True,True,0,0,78928,78928,78907,78908
6666,5,age,98339,98340,128,105,0.8203125,0.828125,0.82421875,True,False,True,0,0,78928,78920,78908,78908
6668,5,age,98402,98403,128,17,0.1328125,0.140625,0.13671875,True,False,True,0,0,79000,78992,78971,78971
6668,5,age,98402,98403,128,89,0.6953125,0.703125,0.69921875,False,True,True,0,0,78928,78928,78971,78972
6668,5,age,98402,98403,128,105,0.8203125,0.828125,0.82421875,True,False,True,0,0,78928,78920,78972,78972
6670,5,age,98465,98466,128,17,0.1328125,0.140625,0.13671875,True,False,True,0,0,79000,78992,79035,79035
6670,5,age,98465,98466,128,89,0.6953125,0.703125,0.69921875,False,True,True,0,0,78928,78928,79035,79036
6670,5,age,98465,98466,128,105,0.8203125,0.828125,0.82421875,True,False,True,0,0,78928,78920,79036,79036
6672,5,age,98526,98527,128,9,0.0703125,0.078125,0.07421875,True,False,True,0,0,80624,80616,80633,80633
6672,5,age,98526,98527,128,89,0.6953125,0.703125,0.69921875,False,True,True,0,0,80616,80616,80633,80634
6672,5,age,98526,98527,128,97,0.7578125,0.765625,0.76171875,True,False,True,0,0,80552,80544,80634,80634
6674,5,age,98528,98529,128,17,0.1328125,0.140625,0.13671875,True,False,True,0,0,79000,78992,79099,79099
6674,5,age,98528,98529,128,89,0.6953125,0.703125,0.69921875,False,True,True,0,0,78928,78928,79099,79100
6674,5,age,98528,98529,128,105,0.8203125,0.828125,0.82421875,True,False,True,0,0,78928,78920,79100,79100
6676,5,age,98589,98590,128,9,0.0703125,0.078125,0.07421875,True,False,True,0,0,80624,80616,80633,80633
6676,5,age,98589,98590,128,89,0.6953125,0.703125,0.69921875,False,True,True,0,0,80616,80616,80633,80634
6676,5,age,98589,98590,128,124,0.96875,0.9765625,0.97265625,True,False,True,0,0,80608,80544,80634,80634
6678,5,age,98591,98592,128,17,0.1328125,0.140625,0.13671875,True,False,True,0,0,79000,78992,79099,79099
6678,5,age,98591,98592,128,89,0.6953125,0.703125,0.69921875,False,True,True,0,0,78928,78928,79099,79100
6678,5,age,98591,98592,128,105,0.8203125,0.828125,0.82421875,True,False,True,0,0,78928,78920,79100,79100
6679,5,age,98645,98644,128,15,0.1171875,0.125,0.12109375,True,False,True,0,0,100904,100840,100793,100793
6679,5,age,98645,98644,128,38,0.296875,0.3046875,0.30078125,False,True,True,0,0,100840,100840,100793,100792
6679,5,age,98645,98644,128,118,0.921875,0.9296875,0.92578125,True,False,True,0,0,100848,100784,100792,100792
6684,5,age,98654,98655,128,17,0.1328125,0.140625,0.13671875,True,False,True,0,0,100888,100880,100795,100795
6684,5,age,98654,98655,128,89,0.6953125,0.703125,0.69921875,False,True,True,0,0,100816,100816,100795,100796
6684,5,age,98654,98655,128,105,0.8203125,0.828125,0.82421875,True,False,True,0,0,100816,100808,100796,100796
6686,5,age,98717,98718,128,17,0.1328125,0.140625,0.13671875,True,False,True,0,0,100888,100880,100859,100859
6686,5,age,98717,98718,128,89,0.6953125,0.703125,0.69921875,False,True,True,0,0,100816,100816,100859,100860
6686,5,age,98717,98718,128,105,0.8203125,0.828125,0.82421875,True,False,True,0,0,100816,100808,100860,100860
6688,5,age,98780,98781,128,17,0.1328125,0.140625,0.13671875,True,False,True,0,0,100888,100880,100923,100923
6688,5,age,98780,98781,128,89,0.6953125,0.703125,0.69921875,False,True,True,0,0,100816,100816,100923,100924
6688,5,age,98780,98781,128,105,0.8203125,0.828125,0.82421875,True,False,True,0,0,100816,100808,100924,100924
6690,5,age,98841,98842,128,9,0.0703125,0.078125,0.07421875,True,False,True,0,0,102512,102504,102521,102521
6690,5,age,98841,98842,128,89,0.6953125,0.703125,0.69921875,False,True,True,0,0,102504,102504,102521,102522
6690,5,age,98841,98842,128,97,0.7578125,0.765625,0.76171875,True,False,True,0,0,102440,102432,102522,102522
6692,5,age,98843,98844,128,17,0.1328125,0.140625,0.13671875,True,False,True,0,0,100888,100880,100987,100987
6692,5,age,98843,98844,128,89,0.6953125,0.703125,0.69921875,False,True,True,0,0,100816,100816,100987,100988
6692,5,age,98843,98844,128,105,0.8203125,0.828125,0.82421875,True,False,True,0,0,100816,100808,100988,100988
6694,5,age,98904,98905,128,9,0.0703125,0.078125,0.07421875,True,False,True,0,0,102512,102504,102521,102521
6694,5,age,98904,98905,128,89,0.6953125,0.703125,0.69921875,False,True,True,0,0,102504,102504,102521,102522
6694,5,age,98904,98905,128,124,0.96875,0.9765625,0.97265625,True,False,True,0,0,102496,102432,102522,102522
6696,5,age,98906,98907,128,17,0.1328125,0.140625,0.13671875,True,False,True,0,0,100888,100880,100987,100987
6696,5,age,98906,98907,128,89,0.6953125,0.703125,0.69921875,False,True,True,0,0,100816,100816,100987,100988
6696,5,age,98906,98907,128,105,0.8203125,0.828125,0.82421875,True,False,True,0,0,100816,100808,100988,100988
6697,5,age,98960,98959,128,15,0.1171875,0.125,0.12109375,True,False,True,0,0,101288,101224,101177,101177
6697,5,age,98960,98959,128,38,0.296875,0.3046875,0.30078125,False,True,True,0,0,101224,101224,101177,101176
6697,5,age,98960,98959,128,118,0.921875,0.9296875,0.92578125,True,False,True,0,0,101232,101168,101176,101176
6702,5,age,98969,98970,128,17,0.1328125,0.140625,0.13671875,True,False,True,0,0,101272,101264,101179,101179
6702,5,age,98969,98970,128,89,0.6953125,0.703125,0.69921875,False,True,True,0,0,101200,101200,101179,101180
6702,5,age,98969,98970,128,105,0.8203125,0.828125,0.82421875,True,False,True,0,0,101200,101192,101180,101180
6704,5,age,99032,99033,128,17,0.1328125,0.140625,0.13671875,True,False,True,0,0,101272,101264,101243,101243
6704,5,age,99032,99033,128,89,0.6953125,0.703125,0.69921875,False,True,True,0,0,101200,101200,101243,101244
6704,5,age,99032,99033,128,105,0.8203125,0.828125,0.82421875,True,False,True,0,0,101200,101192,101244,101244
6706,5,age,99095,99096,128,17,0.1328125,0.140625,0.13671875,True,False,True,0,0,101272,101264,101307,101307
6706,5,age,99095,99096,128,89,0.6953125,0.703125,0.69921875,False,True,True,0,0,101200,101200,101307,101308
6706,5,age,99095,99096,128,105,0.8203125,0.828125,0.82421875,True,False,True,0,0,101200,101192,101308,101308
6708,5,age,99156,99157,128,9,0.0703125,0.078125,0.07421875,True,False,True,0,0,102896,102888,102905,102905
6708,5,age,99156,99157,128,89,0.6953125,0.703125,0.69921875,False,True,True,0,0,102888,102888,102905,102906
6708,5,age,99156,99157,128,97,0.7578125,0.765625,0.76171875,True,False,True,0,0,102824,102816,102906,102906
6710,5,age,99158,99159,128,17,0.1328125,0.140625,0.13671875,True,False,True,0,0,101272,101264,101371,101371
6710,5,age,99158,99159,128,89,0.6953125,0.703125,0.69921875,False,True,True,0,0,101200,101200,101371,101372
6710,5,age,99158,99159,128,105,0.8203125,0.828125,0.82421875,True,False,True,0,0,101200,101192,101372,101372
6712,5,age,99219,99220,128,9,0.0703125,0.078125,0.07421875,True,False,True,0,0,102896,102888,102905,102905
6712,5,age,99219,99220,128,89,0.6953125,0.703125,0.69921875,False,True,True,0,0,102888,102888,102905,102906
6712,5,age,99219,99220,128,124,0.96875,0.9765625,0.97265625,True,False,True,0,0,102880,102816,102906,102906
6714,5,age,99221,99222,128,17,0.1328125,0.140625,0.13671875,True,False,True,0,0,101272,101264,101371,101371
6714,5,age,99221,99222,128,89,0.6953125,0.703125,0.69921875,False,True,True,0,0,101200,101200,101371,101372
6714,5,age,99221,99222,128,105,0.8203125,0.828125,0.82421875,True,False,True,0,0,101200,101192,101372,101372
6715,5,age,99275,99274,128,15,0.1171875,0.125,0.12109375,True,False,True,0,0,80168,80104,80057,80057
6715,5,age,99275,99274,128,38,0.296875,0.3046875,0.30078125,False,True,True,0,0,80104,80104,80057,80056
6715,5,age,99275,99274,128,118,0.921875,0.9296875,0.92578125,True,False,True,0,0,80112,80048,80056,80056
6720,5,age,99284,99285,128,17,0.1328125,0.140625,0.13671875,True,False,True,0,0,80152,80144,80059,80059
6720,5,age,99284,99285,128,89,0.6953125,0.703125,0.69921875,False,True,True,0,0,80080,80080,80059,80060
6720,5,age,99284,99285,128,105,0.8203125,0.828125,0.82421875,True,False,True,0,0,80080,80072,80060,80060
6722,5,age,99347,99348,128,17,0.1328125,0.140625,0.13671875,True,False,True,0,0,80152,80144,80123,80123
6722,5,age,99347,99348,128,89,0.6953125,0.703125,0.69921875,False,True,True,0,0,80080,80080,80123,80124
6722,5,age,99347,99348,128,105,0.8203125,0.828125,0.82421875,True,False,True,0,0,80080,80072,80124,80124
6724,5,age,99410,99411,128,17,0.1328125,0.140625,0.13671875,True,False,True,0,0,80152,80144,80187,80187
6724,5,age,99410,99411,128,89,0.6953125,0.703125,0.69921875,False,True,True,0,0,80080,80080,80187,80188
6724,5,age,99410,99411,128,105,0.8203125,0.828125,0.82421875,True,False,True,0,0,80080,80072,80188,80188
6726,5,age,99473,99474,128,17,0.1328125,0.140625,0.13671875,True,False,True,0,0,80152,80144,80251,80251
6726,5,age,99473,99474,128,89,0.6953125,0.703125,0.69921875,False,True,True,0,0,80080,80080,80251,80252
6726,5,age,99473,99474,128,105,0.8203125,0.828125,0.82421875,True,False,True,0,0,80080,80072,80252,80252
6728,5,age,99536,99537,128,17,0.1328125,0.140625,0.13671875,True,False,True,0,0,80152,80144,80251,80251
6728,5,age,99536,99537,128,89,0.6953125,0.703125,0.69921875,False,True,True,0,0,80080,80080,80251,80252
6728,5,age,99536,99537,128,105,0.8203125,0.828125,0.82421875,True,False,True,0,0,80080,80072,80252,80252
6729,5,age,99590,99589,128,15,0.1171875,0.125,0.12109375,True,False,True,0,0,80552,80488,80441,80441
6729,5,age,99590,99589,128,38,0.296875,0.3046875,0.30078125,False,True,True,0,0,80488,80488,80441,80440
6729,5,age,99590,99589,128,118,0.921875,0.9296875,0.92578125,True,False,True,0,0,80496,80432,80440,80440
6734,5,age,99599,99600,128,17,0.1328125,0.140625,0.13671875,True,False,True,0,0,80536,80528,80443,80443
6734,5,age,99599,99600,128,89,0.6953125,0.703125,0.69921875,False,True,True,0,0,80464,80464,80443,80444
6734,5,age,99599,99600,128,105,0.8203125,0.828125,0.82421875,True,False,True,0,0,80464,80456,80444,80444
6736,5,age,99662,99663,128,17,0.1328125,0.140625,0.13671875,True,False,True,0,0,80536,80528,80507,80507
6736,5,age,99662,99663,128,89,0.6953125,0.703125,0.69921875,False,True,True,0,0,80464,80464,80507,80508
6736,5,age,99662,99663,128,105,0.8203125,0.828125,0.82421875,True,False,True,0,0,80464,80456,80508,80508
6738,5,age,99725,99726,128,17,0.1328125,0.140625,0.13671875,True,False,True,0,0,80536,80528,80571,80571
6738,5,age,99725,99726,128,89,0.6953125,0.703125,0.69921875,False,True,True,0,0,80464,80464,80571,80572
6738,5,age,99725,99726,128,105,0.8203125,0.828125,0.82421875,True,False,True,0,0,80464,80456,80572,80572
6740,5,age,99788,99789,128,17,0.1328125,0.140625,0.13671875,True,False,True,0,0,80536,80528,80635,80635
6740,5,age,99788,99789,128,89,0.6953125,0.703125,0.69921875,False,True,True,0,0,80464,80464,80635,80636
6740,5,age,99788,99789,128,105,0.8203125,0.828125,0.82421875,True,False,True,0,0,80464,80456,80636,80636
6742,5,age,99851,99852,128,17,0.1328125,0.140625,0.13671875,True,False,True,0,0,80536,80528,80635,80635
6742,5,age,99851,99852,128,89,0.6953125,0.703125,0.69921875,False,True,True,0,0,80464,80464,80635,80636
6742,5,age,99851,99852,128,105,0.8203125,0.828125,0.82421875,True,False,True,0,0,80464,80456,80636,80636
6743,5,age,99905,99904,128,15,0.1171875,0.125,0.12109375,True,False,True,0,0,80552,80488,80441,80441
6743,5,age,99905,99904,128,38,0.296875,0.3046875,0.30078125,False,True,True,0,0,80488,80488,80441,80440
6743,5,age,99905,99904,128,118,0.921875,0.9296875,0.92578125,True,False,True,0,0,80496,80432,80440,80440
6748,5,age,99914,99915,128,17,0.1328125,0.140625,0.13671875,True,False,True,0,0,80536,80528,80443,80443
6748,5,age,99914,99915,128,89,0.6953125,0.703125,0.69921875,False,True,True,0,0,80464,80464,80443,80444
6748,5,age,99914,99915,128,105,0.8203125,0.828125,0.82421875,True,False,True,0,0,80464,80456,80444,80444
6750,5,age,99977,99978,128,17,0.1328125,0.140625,0.13671875,True,False,True,0,0,80536,80528,80507,80507
6750,5,age,99977,99978,128,89,0.6953125,0.703125,0.69921875,False,True,True,0,0,80464,80464,80507,80508
6750,5,age,99977,99978,128,105,0.8203125,0.828125,0.82421875,True,False,True,0,0,80464,80456,80508,80508
6752,5,age,100040,100041,128,17,0.1328125,0.140625,0.13671875,True,False,True,0,0,80536,80528,80571,80571
6752,5,age,100040,100041,128,89,0.6953125,0.703125,0.69921875,False,True,True,0,0,80464,80464,80571,80572
6752,5,age,100040,100041,128,105,0.8203125,0.828125,0.82421875,True,False,True,0,0,80464,80456,80572,80572
6754,5,age,100103,100104,128,17,0.1328125,0.140625,0.13671875,True,False,True,0,0,80536,80528,80635,80635
6754,5,age,100103,100104,128,89,0.6953125,0.703125,0.69921875,False,True,True,0,0,80464,80464,80635,80636
6754,5,age,100103,100104,128,105,0.8203125,0.828125,0.82421875,True,False,True,0,0,80464,80456,80636,80636
6756,5,age,100166,100167,128,17,0.1328125,0.140625,0.13671875,True,False,True,0,0,80536,80528,80635,80635
6756,5,age,100166,100167,128,89,0.6953125,0.703125,0.69921875,False,True,True,0,0,80464,80464,80635,80636
6756,5,age,100166,100167,128,105,0.8203125,0.828125,0.82421875,True,False,True,0,0,80464,80456,80636,80636
6757,5,age,100220,100219,128,15,0.1171875,0.125,0.12109375,True,False,True,0,0,102440,102376,102329,102329
6757,5,age,100220,100219,128,38,0.296875,0.3046875,0.30078125,False,True,True,0,0,102376,102376,102329,102328
6757,5,age,100220,100219,128,118,0.921875,0.9296875,0.92578125,True,False,True,0,0,102384,102320,102328,102328
6762,5,age,100229,100230,128,17,0.1328125,0.140625,0.13671875,True,False,True,0,0,102424,102416,102331,102331
6762,5,age,100229,100230,128,89,0.6953125,0.703125,0.69921875,False,True,True,0,0,102352,102352,102331,102332
6762,5,age,100229,100230,128,105,0.8203125,0.828125,0.82421875,True,False,True,0,0,102352,102344,102332,102332
6764,5,age,100292,100293,128,17,0.1328125,0.140625,0.13671875,True,False,True,0,0,102424,102416,102395,102395
6764,5,age,100292,100293,128,89,0.6953125,0.703125,0.69921875,False,True,True,0,0,102352,102352,102395,102396
6764,5,age,100292,100293,128,105,0.8203125,0.828125,0.82421875,True,False,True,0,0,102352,102344,102396,102396
6766,5,age,100355,100356,128,17,0.1328125,0.140625,0.13671875,True,False,True,0,0,102424,102416,102459,102459
6766,5,age,100355,100356,128,89,0.6953125,0.703125,0.69921875,False,True,True,0,0,102352,102352,102459,102460
6766,5,age,100355,100356,128,105,0.8203125,0.828125,0.82421875,True,False,True,0,0,102352,102344,102460,102460
6768,5,age,100416,100417,128,9,0.0703125,0.078125,0.07421875,True,False,True,0,0,104048,104040,104057,104057
6768,5,age,100416,100417,128,89,0.6953125,0.703125,0.69921875,False,True,True,0,0,104040,104040,104057,104058
6768,5,age,100416,100417,128,97,0.7578125,0.765625,0.76171875,True,False,True,0,0,103976,103968,104058,104058
6770,5,age,100418,100419,128,17,0.1328125,0.140625,0.13671875,True,False,True,0,0,102424,102416,102523,102523
6770,5,age,100418,100419,128,89,0.6953125,0.703125,0.69921875,False,True,True,0,0,102352,102352,102523,102524
6770,5,age,100418,100419,128,105,0.8203125,0.828125,0.82421875,True,False,True,0,0,102352,102344,102524,102524
6772,5,age,100479,100480,128,9,0.0703125,0.078125,0.07421875,True,False,True,0,0,104048,104040,104057,104057
6772,5,age,100479,100480,128,89,0.6953125,0.703125,0.69921875,False,True,True,0,0,104040,104040,104057,104058
6772,5,age,100479,100480,128,124,0.96875,0.9765625,0.97265625,True,False,True,0,0,104032,103968,104058,104058
6774,5,age,100481,100482,128,17,0.1328125,0.140625,0.13671875,True,False,True,0,0,102424,102416,102523,102523
6774,5,age,100481,100482,128,89,0.6953125,0.703125,0.69921875,False,True,True,0,0,102352,102352,102523,102524
6774,5,age,100481,100482,128,105,0.8203125,0.828125,0.82421875,True,False,True,0,0,102352,102344,102524,102524
6775,5,age,100535,100534,128,15,0.1171875,0.125,0.12109375,True,False,True,0,0,102824,102760,102713,102713
6775,5,age,100535,100534,128,38,0.296875,0.3046875,0.30078125,False,True,True,0,0,102760,102760,102713,102712
6775,5,age,100535,100534,128,118,0.921875,0.9296875,0.92578125,True,False,True,0,0,102768,102704,102712,102712
6780,5,age,100544,100545,128,17,0.1328125,0.140625,0.13671875,True,False,True,0,0,102808,102800,102715,102715
6780,5,age,100544,100545,128,89,0.6953125,0.703125,0.69921875,False,True,True,0,0,102736,102736,102715,102716
6780,5,age,100544,100545,128,105,0.8203125,0.828125,0.82421875,True,False,True,0,0,102736,102728,102716,102716
6782,5,age,100607,100608,128,17,0.1328125,0.140625,0.13671875,True,False,True,0,0,102808,102800,102779,102779
6782,5,age,100607,100608,128,89,0.6953125,0.703125,0.69921875,False,True,True,0,0,102736,102736,102779,102780
6782,5,age,100607,100608,128,105,0.8203125,0.828125,0.82421875,True,False,True,0,0,102736,102728,102780,102780
6784,5,age,100670,100671,128,17,0.1328125,0.140625,0.13671875,True,False,True,0,0,102808,102800,102843,102843
6784,5,age,100670,100671,128,89,0.6953125,0.703125,0.69921875,False,True,True,0,0,102736,102736,102843,102844
6784,5,age,100670,100671,128,105,0.8203125,0.828125,0.82421875,True,False,True,0,0,102736,102728,102844,102844
6786,5,age,100731,100732,128,9,0.0703125,0.078125,0.07421875,True,False,True,0,0,104432,104424,104441,104441
6786,5,age,100731,100732,128,89,0.6953125,0.703125,0.69921875,False,True,True,0,0,104424,104424,104441,104442
6786,5,age,100731,100732,128,97,0.7578125,0.765625,0.76171875,True,False,True,0,0,104360,104352,104442,104442
6788,5,age,100733,100734,128,17,0.1328125,0.140625,0.13671875,True,False,True,0,0,102808,102800,102907,102907
6788,5,age,100733,100734,128,89,0.6953125,0.703125,0.69921875,False,True,True,0,0,102736,102736,102907,102908
6788,5,age,100733,100734,128,105,0.8203125,0.828125,0.82421875,True,False,True,0,0,102736,102728,102908,102908
6790,5,age,100794,100795,128,9,0.0703125,0.078125,0.07421875,True,False,True,0,0,104432,104424,104441,104441
6790,5,age,100794,100795,128,89,0.6953125,0.703125,0.69921875,False,True,True,0,0,104424,104424,104441,104442
6790,5,age,100794,100795,128,124,0.96875,0.9765625,0.97265625,True,False,True,0,0,104416,104352,104442,104442
6792,5,age,100796,100797,128,17,0.1328125,0.140625,0.13671875,True,False,True,0,0,102808,102800,102907,102907
6792,5,age,100796,100797,128,89,0.6953125,0.703125,0.69921875,False,True,True,0,0,102736,102736,102907,102908
6792,5,age,100796,100797,128,105,0.8203125,0.828125,0.82421875,True,False,True,0,0,102736,102728,102908,102908
6793,5,age,101795,101794,128,15,0.1171875,0.125,0.12109375,True,False,True,0,0,103976,103912,103865,103865
6793,5,age,101795,101794,128,38,0.296875,0.3046875,0.30078125,False,True,True,0,0,103912,103912,103865,103864
6793,5,age,101795,101794,128,118,0.921875,0.9296875,0.92578125,True,False,True,0,0,103920,103856,103864,103864
6798,5,age,101804,101805,128,17,0.1328125,0.140625,0.13671875,True,False,True,0,0,103960,103952,103867,103867
6798,5,age,101804,101805,128,89,0.6953125,0.703125,0.69921875,False,True,True,0,0,103888,103888,103867,103868
6798,5,age,101804,101805,128,105,0.8203125,0.828125,0.82421875,True,False,True,0,0,103888,103880,103868,103868
6800,5,age,101867,101868,128,17,0.1328125,0.140625,0.13671875,True,False,True,0,0,103960,103952,103931,103931
6800,5,age,101867,101868,128,89,0.6953125,0.703125,0.69921875,False,True,True,0,0,103888,103888,103931,103932
6800,5,age,101867,101868,128,105,0.8203125,0.828125,0.82421875,True,False,True,0,0,103888,103880,103932,103932
6802,5,age,101930,101931,128,17,0.1328125,0.140625,0.13671875,True,False,True,0,0,103960,103952,103995,103995
6802,5,age,101930,101931,128,89,0.6953125,0.703125,0.69921875,False,True,True,0,0,103888,103888,103995,103996
6802,5,age,101930,101931,128,105,0.8203125,0.828125,0.82421875,True,False,True,0,0,103888,103880,103996,103996
6804,5,age,101991,101992,128,9,0.0703125,0.078125,0.07421875,True,False,True,0,0,105584,105576,105593,105593
6804,5,age,101991,101992,128,89,0.6953125,0.703125,0.69921875,False,True,True,0,0,105576,105576,105593,105594
6804,5,age,101991,101992,128,97,0.7578125,0.765625,0.76171875,True,False,True,0,0,105512,105504,105594,105594
6806,5,age,101993,101994,128,17,0.1328125,0.140625,0.13671875,True,False,True,0,0,103960,103952,104059,104059
6806,5,age,101993,101994,128,89,0.6953125,0.703125,0.69921875,False,True,True,0,0,103888,103888,104059,104060
6806,5,age,101993,101994,128,105,0.8203125,0.828125,0.82421875,True,False,True,0,0,103888,103880,104060,104060
6808,5,age,102054,102055,128,9,0.0703125,0.078125,0.07421875,True,False,True,0,0,105584,105576,105593,105593
6808,5,age,102054,102055,128,89,0.6953125,0.703125,0.69921875,False,True,True,0,0,105576,105576,105593,105594
6808,5,age,102054,102055,128,124,0.96875,0.9765625,0.97265625,True,False,True,0,0,105568,105504,105594,105594
6810,5,age,102056,102057,128,17,0.1328125,0.140625,0.13671875,True,False,True,0,0,103960,103952,104059,104059
6810,5,age,102056,102057,128,89,0.6953125,0.703125,0.69921875,False,True,True,0,0,103888,103888,104059,104060
6810,5,age,102056,102057,128,105,0.8203125,0.828125,0.82421875,True,False,True,0,0,103888,103880,104060,104060
6811,5,age,102110,102109,128,15,0.1171875,0.125,0.12109375,True,False,True,0,0,104360,104296,104249,104249
6811,5,age,102110,102109,128,38,0.296875,0.3046875,0.30078125,False,True,True,0,0,104296,104296,104249,104248
6811,5,age,102110,102109,128,118,0.921875,0.9296875,0.92578125,True,False,True,0,0,104304,104240,104248,104248
6816,5,age,102119,102120,128,17,0.1328125,0.140625,0.13671875,True,False,True,0,0,104344,104336,104251,104251
6816,5,age,102119,102120,128,89,0.6953125,0.703125,0.69921875,False,True,True,0,0,104272,104272,104251,104252
6816,5,age,102119,102120,128,105,0.8203125,0.828125,0.82421875,True,False,True,0,0,104272,104264,104252,104252
6818,5,age,102182,102183,128,17,0.1328125,0.140625,0.13671875,True,False,True,0,0,104344,104336,104315,104315
6818,5,age,102182,102183,128,89,0.6953125,0.703125,0.69921875,False,True,True,0,0,104272,104272,104315,104316
6818,5,age,102182,102183,128,105,0.8203125,0.828125,0.82421875,True,False,True,0,0,104272,104264,104316,104316
6820,5,age,102245,102246,128,17,0.1328125,0.140625,0.13671875,True,False,True,0,0,104344,104336,104379,104379
6820,5,age,102245,102246,128,89,0.6953125,0.703125,0.69921875,False,True,True,0,0,104272,104272,104379,104380
6820,5,age,102245,102246,128,105,0.8203125,0.828125,0.82421875,True,False,True,0,0,104272,104264,104380,104380
6822,5,age,102306,102307,128,9,0.0703125,0.078125,0.07421875,True,False,True,0,0,105968,105960,105977,105977
6822,5,age,102306,102307,128,89,0.6953125,0.703125,0.69921875,False,True,True,0,0,105960,105960,105977,105978
6822,5,age,102306,102307,128,97,0.7578125,0.765625,0.76171875,True,False,True,0,0,105896,105888,105978,105978
6824,5,age,102308,102309,128,17,0.1328125,0.140625,0.13671875,True,False,True,0,0,104344,104336,104443,104443
6824,5,age,102308,102309,128,89,0.6953125,0.703125,0.69921875,False,True,True,0,0,104272,104272,104443,104444
6824,5,age,102308,102309,128,105,0.8203125,0.828125,0.82421875,True,False,True,0,0,104272,104264,104444,104444
6826,5,age,102369,102370,128,9,0.0703125,0.078125,0.07421875,True,False,True,0,0,105968,105960,105977,105977
6826,5,age,102369,102370,128,89,0.6953125,0.703125,0.69921875,False,True,True,0,0,105960,105960,105977,105978
6826,5,age,102369,102370,128,124,0.96875,0.9765625,0.97265625,True,False,True,0,0,105952,105888,105978,105978
6828,5,age,102371,102372,128,17,0.1328125,0.140625,0.13671875,True,False,True,0,0,104344,104336,104443,104443
6828,5,age,102371,102372,128,89,0.6953125,0.703125,0.69921875,False,True,True,0,0,104272,104272,104443,104444
6828,5,age,102371,102372,128,105,0.8203125,0.828125,0.82421875,True,False,True,0,0,104272,104264,104444,104444
6830,5,age,104196,104197,128,9,0.0703125,0.078125,0.07421875,True,False,True,0,0,87920,87912,87929,87929
6830,5,age,104196,104197,128,89,0.6953125,0.703125,0.69921875,False,True,True,0,0,87912,87912,87929,87930
6830,5,age,104196,104197,128,97,0.7578125,0.765625,0.76171875,True,False,True,0,0,87848,87840,87930,87930
6832,5,age,104259,104260,128,9,0.0703125,0.078125,0.07421875,True,False,True,0,0,87920,87912,87929,87929
6832,5,age,104259,104260,128,89,0.6953125,0.703125,0.69921875,False,True,True,0,0,87912,87912,87929,87930
6832,5,age,104259,104260,128,124,0.96875,0.9765625,0.97265625,True,False,True,0,0,87904,87840,87930,87930
6834,5,age,104511,104512,128,9,0.0703125,0.078125,0.07421875,True,False,True,0,0,88304,88296,88313,88313
6834,5,age,104511,104512,128,89,0.6953125,0.703125,0.69921875,False,True,True,0,0,88296,88296,88313,88314
6834,5,age,104511,104512,128,97,0.7578125,0.765625,0.76171875,True,False,True,0,0,88232,88224,88314,88314
6836,5,age,104574,104575,128,9,0.0703125,0.078125,0.07421875,True,False,True,0,0,88304,88296,88313,88313
6836,5,age,104574,104575,128,89,0.6953125,0.703125,0.69921875,False,True,True,0,0,88296,88296,88313,88314
6836,5,age,104574,104575,128,124,0.96875,0.9765625,0.97265625,True,False,True,0,0,88288,88224,88314,88314
6838,5,age,104826,104827,128,9,0.0703125,0.078125,0.07421875,True,False,True,0,0,88304,88296,88313,88313
6838,5,age,104826,104827,128,89,0.6953125,0.703125,0.69921875,False,True,True,0,0,88296,88296,88313,88314
6838,5,age,104826,104827,128,97,0.7578125,0.765625,0.76171875,True,False,True,0,0,88232,88224,88314,88314
6840,5,age,104889,104890,128,9,0.0703125,0.078125,0.07421875,True,False,True,0,0,88304,88296,88313,88313
6840,5,age,104889,104890,128,89,0.6953125,0.703125,0.69921875,False,True,True,0,0,88296,88296,88313,88314
6840,5,age,104889,104890,128,124,0.96875,0.9765625,0.97265625,True,False,True,0,0,88288,88224,88314,88314
6842,5,age,105141,105142,128,9,0.0703125,0.078125,0.07421875,True,False,True,0,0,110192,110184,110201,110201
6842,5,age,105141,105142,128,89,0.6953125,0.703125,0.69921875,False,True,True,0,0,110184,110184,110201,110202
6842,5,age,105141,105142,128,97,0.7578125,0.765625,0.76171875,True,False,True,0,0,110120,110112,110202,110202
6844,5,age,105204,105205,128,9,0.0703125,0.078125,0.07421875,True,False,True,0,0,110192,110184,110201,110201
6844,5,age,105204,105205,128,89,0.6953125,0.703125,0.69921875,False,True,True,0,0,110184,110184,110201,110202
6844,5,age,105204,105205,128,124,0.96875,0.9765625,0.97265625,True,False,True,0,0,110176,110112,110202,110202
6846,5,age,105456,105457,128,9,0.0703125,0.078125,0.07421875,True,False,True,0,0,110576,110568,110585,110585
6846,5,age,105456,105457,128,89,0.6953125,0.703125,0.69921875,False,True,True,0,0,110568,110568,110585,110586
6846,5,age,105456,105457,128,97,0.7578125,0.765625,0.76171875,True,False,True,0,0,110504,110496,110586,110586
6848,5,age,105519,105520,128,9,0.0703125,0.078125,0.07421875,True,False,True,0,0,110576,110568,110585,110585
6848,5,age,105519,105520,128,89,0.6953125,0.703125,0.69921875,False,True,True,0,0,110568,110568,110585,110586
6848,5,age,105519,105520,128,124,0.96875,0.9765625,0.97265625,True,False,True,0,0,110560,110496,110586,110586
6849,5,age,105575,105574,128,15,0.1171875,0.125,0.12109375,True,False,True,0,0,87848,87784,87737,87737
6849,5,age,105575,105574,128,38,0.296875,0.3046875,0.30078125,False,True,True,0,0,87784,87784,87737,87736
6849,5,age,105575,105574,128,118,0.921875,0.9296875,0.92578125,True,False,True,0,0,87792,87728,87736,87736
6854,5,age,105584,105585,128,17,0.1328125,0.140625,0.13671875,True,False,True,0,0,87832,87824,87739,87739
6854,5,age,105584,105585,128,89,0.6953125,0.703125,0.69921875,False,True,True,0,0,87760,87760,87739,87740
6854,5,age,105584,105585,128,105,0.8203125,0.828125,0.82421875,True,False,True,0,0,87760,87752,87740,87740
6856,5,age,105647,105648,128,17,0.1328125,0.140625,0.13671875,True,False,True,0,0,87832,87824,87803,87803
6856,5,age,105647,105648,128,89,0.6953125,0.703125,0.69921875,False,True,True,0,0,87760,87760,87803,87804
6856,5,age,105647,105648,128,105,0.8203125,0.828125,0.82421875,True,False,True,0,0,87760,87752,87804,87804
6858,5,age,105710,105711,128,17,0.1328125,0.140625,0.13671875,True,False,True,0,0,87832,87824,87867,87867
6858,5,age,105710,105711,128,89,0.6953125,0.703125,0.69921875,False,True,True,0,0,87760,87760,87867,87868
6858,5,age,105710,105711,128,105,0.8203125,0.828125,0.82421875,True,False,True,0,0,87760,87752,87868,87868
6860,5,age,105771,105772,128,9,0.0703125,0.078125,0.07421875,True,False,True,0,0,89456,89448,89465,89465
6860,5,age,105771,105772,128,89,0.6953125,0.703125,0.69921875,False,True,True,0,0,89448,89448,89465,89466
6860,5,age,105771,105772,128,97,0.7578125,0.765625,0.76171875,True,False,True,0,0,89384,89376,89466,89466
6862,5,age,105773,105774,128,17,0.1328125,0.140625,0.13671875,True,False,True,0,0,87832,87824,87931,87931
6862,5,age,105773,105774,128,89,0.6953125,0.703125,0.69921875,False,True,True,0,0,87760,87760,87931,87932
6862,5,age,105773,105774,128,105,0.8203125,0.828125,0.82421875,True,False,True,0,0,87760,87752,87932,87932
6864,5,age,105834,105835,128,9,0.0703125,0.078125,0.07421875,True,False,True,0,0,89456,89448,89465,89465
6864,5,age,105834,105835,128,89,0.6953125,0.703125,0.69921875,False,True,True,0,0,89448,89448,89465,89466
6864,5,age,105834,105835,128,124,0.96875,0.9765625,0.97265625,True,False,True,0,0,89440,89376,89466,89466
6866,5,age,105836,105837,128,17,0.1328125,0.140625,0.13671875,True,False,True,0,0,87832,87824,87931,87931
6866,5,age,105836,105837,128,89,0.6953125,0.703125,0.69921875,False,True,True,0,0,87760,87760,87931,87932
6866,5,age,105836,105837,128,105,0.8203125,0.828125,0.82421875,True,False,True,0,0,87760,87752,87932,87932
6867,5,age,105890,105889,128,15,0.1171875,0.125,0.12109375,True,False,True,0,0,88232,88168,88121,88121
6867,5,age,105890,105889,128,38,0.296875,0.3046875,0.30078125,False,True,True,0,0,88168,88168,88121,88120
6867,5,age,105890,105889,128,118,0.921875,0.9296875,0.92578125,True,False,True,0,0,88176,88112,88120,88120
6872,5,age,105899,105900,128,17,0.1328125,0.140625,0.13671875,True,False,True,0,0,88216,88208,88123,88123
6872,5,age,105899,105900,128,89,0.6953125,0.703125,0.69921875,False,True,True,0,0,88144,88144,88123,88124
6872,5,age,105899,105900,128,105,0.8203125,0.828125,0.82421875,True,False,True,0,0,88144,88136,88124,88124
6874,5,age,105962,105963,128,17,0.1328125,0.140625,0.13671875,True,False,True,0,0,88216,88208,88187,88187
6874,5,age,105962,105963,128,89,0.6953125,0.703125,0.69921875,False,True,True,0,0,88144,88144,88187,88188
6874,5,age,105962,105963,128,105,0.8203125,0.828125,0.82421875,True,False,True,0,0,88144,88136,88188,88188
6876,5,age,106025,106026,128,17,0.1328125,0.140625,0.13671875,True,False,True,0,0,88216,88208,88251,88251
6876,5,age,106025,106026,128,89,0.6953125,0.703125,0.69921875,False,True,True,0,0,88144,88144,88251,88252
6876,5,age,106025,106026,128,105,0.8203125,0.828125,0.82421875,True,False,True,0,0,88144,88136,88252,88252
6878,5,age,106086,106087,128,9,0.0703125,0.078125,0.07421875,True,False,True,0,0,89840,89832,89849,89849
6878,5,age,106086,106087,128,89,0.6953125,0.703125,0.69921875,False,True,True,0,0,89832,89832,89849,89850
6878,5,age,106086,106087,128,97,0.7578125,0.765625,0.76171875,True,False,True,0,0,89768,89760,89850,89850
6880,5,age,106088,106089,128,17,0.1328125,0.140625,0.13671875,True,False,True,0,0,88216,88208,88315,88315
6880,5,age,106088,106089,128,89,0.6953125,0.703125,0.69921875,False,True,True,0,0,88144,88144,88315,88316
6880,5,age,106088,106089,128,105,0.8203125,0.828125,0.82421875,True,False,True,0,0,88144,88136,88316,88316
6882,5,age,106149,106150,128,9,0.0703125,0.078125,0.07421875,True,False,True,0,0,89840,89832,89849,89849
6882,5,age,106149,106150,128,89,0.6953125,0.703125,0.69921875,False,True,True,0,0,89832,89832,89849,89850
6882,5,age,106149,106150,128,124,0.96875,0.9765625,0.97265625,True,False,True,0,0,89824,89760,89850,89850
6884,5,age,106151,106152,128,17,0.1328125,0.140625,0.13671875,True,False,True,0,0,88216,88208,88315,88315
6884,5,age,106151,106152,128,89,0.6953125,0.703125,0.69921875,False,True,True,0,0,88144,88144,88315,88316
6884,5,age,106151,106152,128,105,0.8203125,0.828125,0.82421875,True,False,True,0,0,88144,88136,88316,88316
6885,5,age,106205,106204,128,15,0.1171875,0.125,0.12109375,True,False,True,0,0,88232,88168,88121,88121
6885,5,age,106205,106204,128,38,0.296875,0.3046875,0.30078125,False,True,True,0,0,88168,88168,88121,88120
6885,5,age,106205,106204,128,118,0.921875,0.9296875,0.92578125,True,False,True,0,0,88176,88112,88120,88120
6890,5,age,106214,106215,128,17,0.1328125,0.140625,0.13671875,True,False,True,0,0,88216,88208,88123,88123
6890,5,age,106214,106215,128,89,0.6953125,0.703125,0.69921875,False,True,True,0,0,88144,88144,88123,88124
6890,5,age,106214,106215,128,105,0.8203125,0.828125,0.82421875,True,False,True,0,0,88144,88136,88124,88124
6892,5,age,106277,106278,128,17,0.1328125,0.140625,0.13671875,True,False,True,0,0,88216,88208,88187,88187
6892,5,age,106277,106278,128,89,0.6953125,0.703125,0.69921875,False,True,True,0,0,88144,88144,88187,88188
6892,5,age,106277,106278,128,105,0.8203125,0.828125,0.82421875,True,False,True,0,0,88144,88136,88188,88188
6894,5,age,106340,106341,128,17,0.1328125,0.140625,0.13671875,True,False,True,0,0,88216,88208,88251,88251
6894,5,age,106340,106341,128,89,0.6953125,0.703125,0.69921875,False,True,True,0,0,88144,88144,88251,88252
6894,5,age,106340,106341,128,105,0.8203125,0.828125,0.82421875,True,False,True,0,0,88144,88136,88252,88252
6896,5,age,106401,106402,128,9,0.0703125,0.078125,0.07421875,True,False,True,0,0,89840,89832,89849,89849
6896,5,age,106401,106402,128,89,0.6953125,0.703125,0.69921875,False,True,True,0,0,89832,89832,89849,89850
6896,5,age,106401,106402,128,97,0.7578125,0.765625,0.76171875,True,False,True,0,0,89768,89760,89850,89850
6898,5,age,106403,106404,128,17,0.1328125,0.140625,0.13671875,True,False,True,0,0,88216,88208,88315,88315
6898,5,age,106403,106404,128,89,0.6953125,0.703125,0.69921875,False,True,True,0,0,88144,88144,88315,88316
6898,5,age,106403,106404,128,105,0.8203125,0.828125,0.82421875,True,False,True,0,0,88144,88136,88316,88316
6900,5,age,106464,106465,128,9,0.0703125,0.078125,0.07421875,True,False,True,0,0,89840,89832,89849,89849
6900,5,age,106464,106465,128,89,0.6953125,0.703125,0.69921875,False,True,True,0,0,89832,89832,89849,89850
6900,5,age,106464,106465,128,124,0.96875,0.9765625,0.97265625,True,False,True,0,0,89824,89760,89850,89850
6902,5,age,106466,106467,128,17,0.1328125,0.140625,0.13671875,True,False,True,0,0,88216,88208,88315,88315
6902,5,age,106466,106467,128,89,0.6953125,0.703125,0.69921875,False,True,True,0,0,88144,88144,88315,88316
6902,5,age,106466,106467,128,105,0.8203125,0.828125,0.82421875,True,False,True,0,0,88144,88136,88316,88316
6903,5,age,106520,106519,128,15,0.1171875,0.125,0.12109375,True,False,True,0,0,110120,110056,110009,110009
6903,5,age,106520,106519,128,38,0.296875,0.3046875,0.30078125,False,True,True,0,0,110056,110056,110009,110008
6903,5,age,106520,106519,128,118,0.921875,0.9296875,0.92578125,True,False,True,0,0,110064,110000,110008,110008
6908,5,age,106529,106530,128,17,0.1328125,0.140625,0.13671875,True,False,True,0,0,110104,110096,110011,110011
6908,5,age,106529,106530,128,89,0.6953125,0.703125,0.69921875,False,True,True,0,0,110032,110032,110011,110012
6908,5,age,106529,106530,128,105,0.8203125,0.828125,0.82421875,True,False,True,0,0,110032,110024,110012,110012
6910,5,age,106592,106593,128,17,0.1328125,0.140625,0.13671875,True,False,True,0,0,110104,110096,110075,110075
6910,5,age,106592,106593,128,89,0.6953125,0.703125,0.69921875,False,True,True,0,0,110032,110032,110075,110076
6910,5,age,106592,106593,128,105,0.8203125,0.828125,0.82421875,True,False,True,0,0,110032,110024,110076,110076
6912,5,age,106655,106656,128,17,0.1328125,0.140625,0.13671875,True,False,True,0,0,110104,110096,110139,110139
6912,5,age,106655,106656,128,89,0.6953125,0.703125,0.69921875,False,True,True,0,0,110032,110032,110139,110140
6912,5,age,106655,106656,128,105,0.8203125,0.828125,0.82421875,True,False,True,0,0,110032,110024,110140,110140
6914,5,age,106716,106717,128,9,0.0703125,0.078125,0.07421875,True,False,True,0,0,111728,111720,111737,111737
6914,5,age,106716,106717,128,89,0.6953125,0.703125,0.69921875,False,True,True,0,0,111720,111720,111737,111738
6914,5,age,106716,106717,128,97,0.7578125,0.765625,0.76171875,True,False,True,0,0,111656,111648,111738,111738
6916,5,age,106718,106719,128,17,0.1328125,0.140625,0.13671875,True,False,True,0,0,110104,110096,110203,110203
6916,5,age,106718,106719,128,89,0.6953125,0.703125,0.69921875,False,True,True,0,0,110032,110032,110203,110204
6916,5,age,106718,106719,128,105,0.8203125,0.828125,0.82421875,True,False,True,0,0,110032,110024,110204,110204
6918,5,age,106779,106780,128,9,0.0703125,0.078125,0.07421875,True,False,True,0,0,111728,111720,111737,111737
6918,5,age,106779,106780,128,89,0.6953125,0.703125,0.69921875,False,True,True,0,0,111720,111720,111737,111738
6918,5,age,106779,106780,128,124,0.96875,0.9765625,0.97265625,True,False,True,0,0,111712,111648,111738,111738
6920,5,age,106781,106782,128,17,0.1328125,0.140625,0.13671875,True,False,True,0,0,110104,110096,110203,110203
6920,5,age,106781,106782,128,89,0.6953125,0.703125,0.69921875,False,True,True,0,0,110032,110032,110203,110204
6920,5,age,106781,106782,128,105,0.8203125,0.828125,0.82421875,True,False,True,0,0,110032,110024,110204,110204
6921,5,age,106835,106834,128,15,0.1171875,0.125,0.12109375,True,False,True,0,0,110504,110440,110393,110393
6921,5,age,106835,106834,128,38,0.296875,0.3046875,0.30078125,False,True,True,0,0,110440,110440,110393,110392
6921,5,age,106835,106834,128,118,0.921875,0.9296875,0.92578125,True,False,True,0,0,110448,110384,110392,110392
6926,5,age,106844,106845,128,17,0.1328125,0.140625,0.13671875,True,False,True,0,0,110488,110480,110395,110395
6926,5,age,106844,106845,128,89,0.6953125,0.703125,0.69921875,False,True,True,0,0,110416,110416,110395,110396
6926,5,age,106844,106845,128,105,0.8203125,0.828125,0.82421875,True,False,True,0,0,110416,110408,110396,110396
6928,5,age,106907,106908,128,17,0.1328125,0.140625,0.13671875,True,False,True,0,0,110488,110480,110459,110459
6928,5,age,106907,106908,128,89,0.6953125,0.703125,0.69921875,False,True,True,0,0,110416,110416,110459,110460
6928,5,age,106907,106908,128,105,0.8203125,0.828125,0.82421875,True,False,True,0,0,110416,110408,110460,110460
6930,5,age,106970,106971,128,17,0.1328125,0.140625,0.13671875,True,False,True,0,0,110488,110480,110523,110523
6930,5,age,106970,106971,128,89,0.6953125,0.703125,0.69921875,False,True,True,0,0,110416,110416,110523,110524
6930,5,age,106970,106971,128,105,0.8203125,0.828125,0.82421875,True,False,True,0,0,110416,110408,110524,110524
6932,5,age,107031,107032,128,9,0.0703125,0.078125,0.07421875,True,False,True,0,0,112112,112104,112121,112121
6932,5,age,107031,107032,128,89,0.6953125,0.703125,0.69921875,False,True,True,0,0,112104,112104,112121,112122
6932,5,age,107031,107032,128,97,0.7578125,0.765625,0.76171875,True,False,True,0,0,112040,112032,112122,112122
6934,5,age,107033,107034,128,17,0.1328125,0.140625,0.13671875,True,False,True,0,0,110488,110480,110587,110587
6934,5,age,107033,107034,128,89,0.6953125,0.703125,0.69921875,False,True,True,0,0,110416,110416,110587,110588
6934,5,age,107033,107034,128,105,0.8203125,0.828125,0.82421875,True,False,True,0,0,110416,110408,110588,110588
6936,5,age,107094,107095,128,9,0.0703125,0.078125,0.07421875,True,False,True,0,0,112112,112104,112121,112121
6936,5,age,107094,107095,128,89,0.6953125,0.703125,0.69921875,False,True,True,0,0,112104,112104,112121,112122
6936,5,age,107094,107095,128,124,0.96875,0.9765625,0.97265625,True,False,True,0,0,112096,112032,112122,112122
6938,5,age,107096,107097,128,17,0.1328125,0.140625,0.13671875,True,False,True,0,0,110488,110480,110587,110587
6938,5,age,107096,107097,128,89,0.6953125,0.703125,0.69921875,False,True,True,0,0,110416,110416,110587,110588
6938,5,age,107096,107097,128,105,0.8203125,0.828125,0.82421875,True,False,True,0,0,110416,110408,110588,110588
6939,5,age,107150,107149,128,15,0.1171875,0.125,0.12109375,True,False,True,0,0,89384,89320,89273,89273
6939,5,age,107150,107149,128,38,0.296875,0.3046875,0.30078125,False,True,True,0,0,89320,89320,89273,89272
6939,5,age,107150,107149,128,118,0.921875,0.9296875,0.92578125,True,False,True,0,0,89328,89264,89272,89272
6944,5,age,107159,107160,128,17,0.1328125,0.140625,0.13671875,True,False,True,0,0,89368,89360,89275,89275
6944,5,age,107159,107160,128,89,0.6953125,0.703125,0.69921875,False,True,True,0,0,89296,89296,89275,89276
6944,5,age,107159,107160,128,105,0.8203125,0.828125,0.82421875,True,False,True,0,0,89296,89288,89276,89276
6946,5,age,107222,107223,128,17,0.1328125,0.140625,0.13671875,True,False,True,0,0,89368,89360,89339,89339
6946,5,age,107222,107223,128,89,0.6953125,0.703125,0.69921875,False,True,True,0,0,89296,89296,89339,89340
6946,5,age,107222,107223,128,105,0.8203125,0.828125,0.82421875,True,False,True,0,0,89296,89288,89340,89340
6948,5,age,107285,107286,128,17,0.1328125,0.140625,0.13671875,True,False,True,0,0,89368,89360,89403,89403
6948,5,age,107285,107286,128,89,0.6953125,0.703125,0.69921875,False,True,True,0,0,89296,89296,89403,89404
6948,5,age,107285,107286,128,105,0.8203125,0.828125,0.82421875,True,False,True,0,0,89296,89288,89404,89404
6950,5,age,107346,107347,128,9,0.0703125,0.078125,0.07421875,True,False,True,0,0,90992,90984,91001,91001
6950,5,age,107346,107347,128,89,0.6953125,0.703125,0.69921875,False,True,True,0,0,90984,90984,91001,91002
6950,5,age,107346,107347,128,97,0.7578125,0.765625,0.76171875,True,False,True,0,0,90920,90912,91002,91002
6952,5,age,107348,107349,128,17,0.1328125,0.140625,0.13671875,True,False,True,0,0,89368,89360,89467,89467
6952,5,age,107348,107349,128,89,0.6953125,0.703125,0.69921875,False,True,True,0,0,89296,89296,89467,89468
6952,5,age,107348,107349,128,105,0.8203125,0.828125,0.82421875,True,False,True,0,0,89296,89288,89468,89468
6954,5,age,107409,107410,128,9,0.0703125,0.078125,0.07421875,True,False,True,0,0,90992,90984,91001,91001
6954,5,age,107409,107410,128,89,0.6953125,0.703125,0.69921875,False,True,True,0,0,90984,90984,91001,91002
6954,5,age,107409,107410,128,124,0.96875,0.9765625,0.97265625,True,False,True,0,0,90976,90912,91002,91002
6956,5,age,107411,107412,128,17,0.1328125,0.140625,0.13671875,True,False,True,0,0,89368,89360,89467,89467
6956,5,age,107411,107412,128,89,0.6953125,0.703125,0.69921875,False,True,True,0,0,89296,89296,89467,89468
6956,5,age,107411,107412,128,105,0.8203125,0.828125,0.82421875,True,False,True,0,0,89296,89288,89468,89468
6957,5,age,107465,107464,128,15,0.1171875,0.125,0.12109375,True,False,True,0,0,89768,89704,89657,89657
6957,5,age,107465,107464,128,38,0.296875,0.3046875,0.30078125,False,True,True,0,0,89704,89704,89657,89656
6957,5,age,107465,107464,128,118,0.921875,0.9296875,0.92578125,True,False,True,0,0,89712,89648,89656,89656
6962,5,age,107474,107475,128,17,0.1328125,0.140625,0.13671875,True,False,True,0,0,89752,89744,89659,89659
6962,5,age,107474,107475,128,89,0.6953125,0.703125,0.69921875,False,True,True,0,0,89680,89680,89659,89660
6962,5,age,107474,107475,128,105,0.8203125,0.828125,0.82421875,True,False,True,0,0,89680,89672,89660,89660
6964,5,age,107537,107538,128,17,0.1328125,0.140625,0.13671875,True,False,True,0,0,89752,89744,89723,89723
6964,5,age,107537,107538,128,89,0.6953125,0.703125,0.69921875,False,True,True,0,0,89680,89680,89723,89724
6964,5,age,107537,107538,128,105,0.8203125,0.828125,0.82421875,True,False,True,0,0,89680,89672,89724,89724
6966,5,age,107600,107601,128,17,0.1328125,0.140625,0.13671875,True,False,True,0,0,89752,89744,89787,89787
6966,5,age,107600,107601,128,89,0.6953125,0.703125,0.69921875,False,True,True,0,0,89680,89680,89787,89788
6966,5,age,107600,107601,128,105,0.8203125,0.828125,0.82421875,True,False,True,0,0,89680,89672,89788,89788
6968,5,age,107661,107662,128,9,0.0703125,0.078125,0.07421875,True,False,True,0,0,91376,91368,91385,91385
6968,5,age,107661,107662,128,89,0.6953125,0.703125,0.69921875,False,True,True,0,0,91368,91368,91385,91386
6968,5,age,107661,107662,128,97,0.7578125,0.765625,0.76171875,True,False,True,0,0,91304,91296,91386,91386
6970,5,age,107663,107664,128,17,0.1328125,0.140625,0.13671875,True,False,True,0,0,89752,89744,89851,89851
6970,5,age,107663,107664,128,89,0.6953125,0.703125,0.69921875,False,True,True,0,0,89680,89680,89851,89852
6970,5,age,107663,107664,128,105,0.8203125,0.828125,0.82421875,True,False,True,0,0,89680,89672,89852,89852
6972,5,age,107724,107725,128,9,0.0703125,0.078125,0.07421875,True,False,True,0,0,91376,91368,91385,91385
6972,5,age,107724,107725,128,89,0.6953125,0.703125,0.69921875,False,True,True,0,0,91368,91368,91385,91386
6972,5,age,107724,107725,128,124,0.96875,0.9765625,0.97265625,True,False,True,0,0,91360,91296,91386,91386
6974,5,age,107726,107727,128,17,0.1328125,0.140625,0.13671875,True,False,True,0,0,89752,89744,89851,89851
6974,5,age,107726,107727,128,89,0.6953125,0.703125,0.69921875,False,True,True,0,0,89680,89680,89851,89852
6974,5,age,107726,107727,128,105,0.8203125,0.828125,0.82421875,True,False,True,0,0,89680,89672,89852,89852
6975,5,age,107780,107779,128,15,0.1171875,0.125,0.12109375,True,False,True,0,0,89768,89704,89657,89657
6975,5,age,107780,107779,128,38,0.296875,0.3046875,0.30078125,False,True,True,0,0,89704,89704,89657,89656
6975,5,age,107780,107779,128,118,0.921875,0.9296875,0.92578125,True,False,True,0,0,89712,89648,89656,89656
6980,5,age,107789,107790,128,17,0.1328125,0.140625,0.13671875,True,False,True,0,0,89752,89744,89659,89659
6980,5,age,107789,107790,128,89,0.6953125,0.703125,0.69921875,False,True,True,0,0,89680,89680,89659,89660
6980,5,age,107789,107790,128,105,0.8203125,0.828125,0.82421875,True,False,True,0,0,89680,89672,89660,89660
6982,5,age,107852,107853,128,17,0.1328125,0.140625,0.13671875,True,False,True,0,0,89752,89744,89723,89723
6982,5,age,107852,107853,128,89,0.6953125,0.703125,0.69921875,False,True,True,0,0,89680,89680,89723,89724
6982,5,age,107852,107853,128,105,0.8203125,0.828125,0.82421875,True,False,True,0,0,89680,89672,89724,89724
6984,5,age,107915,107916,128,17,0.1328125,0.140625,0.13671875,True,False,True,0,0,89752,89744,89787,89787
6984,5,age,107915,107916,128,89,0.6953125,0.703125,0.69921875,False,True,True,0,0,89680,89680,89787,89788
6984,5,age,107915,107916,128,105,0.8203125,0.828125,0.82421875,True,False,True,0,0,89680,89672,89788,89788
6986,5,age,107976,107977,128,9,0.0703125,0.078125,0.07421875,True,False,True,0,0,91376,91368,91385,91385
6986,5,age,107976,107977,128,89,0.6953125,0.703125,0.69921875,False,True,True,0,0,91368,91368,91385,91386
6986,5,age,107976,107977,128,97,0.7578125,0.765625,0.76171875,True,False,True,0,0,91304,91296,91386,91386
6988,5,age,107978,107979,128,17,0.1328125,0.140625,0.13671875,True,False,True,0,0,89752,89744,89851,89851
6988,5,age,107978,107979,128,89,0.6953125,0.703125,0.69921875,False,True,True,0,0,89680,89680,89851,89852
6988,5,age,107978,107979,128,105,0.8203125,0.828125,0.82421875,True,False,True,0,0,89680,89672,89852,89852
6990,5,age,108039,108040,128,9,0.0703125,0.078125,0.07421875,True,False,True,0,0,91376,91368,91385,91385
6990,5,age,108039,108040,128,89,0.6953125,0.703125,0.69921875,False,True,True,0,0,91368,91368,91385,91386
6990,5,age,108039,108040,128,124,0.96875,0.9765625,0.97265625,True,False,True,0,0,91360,91296,91386,91386
6992,5,age,108041,108042,128,17,0.1328125,0.140625,0.13671875,True,False,True,0,0,89752,89744,89851,89851
6992,5,age,108041,108042,128,89,0.6953125,0.703125,0.69921875,False,True,True,0,0,89680,89680,89851,89852
6992,5,age,108041,108042,128,105,0.8203125,0.828125,0.82421875,True,False,True,0,0,89680,89672,89852,89852
6993,5,age,108095,108094,128,15,0.1171875,0.125,0.12109375,True,False,True,0,0,111656,111592,111545,111545
6993,5,age,108095,108094,128,38,0.296875,0.3046875,0.30078125,False,True,True,0,0,111592,111592,111545,111544
6993,5,age,108095,108094,128,118,0.921875,0.9296875,0.92578125,True,False,True,0,0,111600,111536,111544,111544
6998,5,age,108104,108105,128,17,0.1328125,0.140625,0.13671875,True,False,True,0,0,111640,111632,111547,111547
6998,5,age,108104,108105,128,89,0.6953125,0.703125,0.69921875,False,True,True,0,0,111568,111568,111547,111548
6998,5,age,108104,108105,128,105,0.8203125,0.828125,0.82421875,True,False,True,0,0,111568,111560,111548,111548
7000,5,age,108167,108168,128,17,0.1328125,0.140625,0.13671875,True,False,True,0,0,111640,111632,111611,111611
7000,5,age,108167,108168,128,89,0.6953125,0.703125,0.69921875,False,True,True,0,0,111568,111568,111611,111612
7000,5,age,108167,108168,128,105,0.8203125,0.828125,0.82421875,True,False,True,0,0,111568,111560,111612,111612
7002,5,age,108230,108231,128,17,0.1328125,0.140625,0.13671875,True,False,True,0,0,111640,111632,111675,111675
7002,5,age,108230,108231,128,89,0.6953125,0.703125,0.69921875,False,True,True,0,0,111568,111568,111675,111676
7002,5,age,108230,108231,128,105,0.8203125,0.828125,0.82421875,True,False,True,0,0,111568,111560,111676,111676
7004,5,age,108291,108292,128,9,0.0703125,0.078125,0.07421875,True,False,True,0,0,113264,113256,113273,113273
7004,5,age,108291,108292,128,89,0.6953125,0.703125,0.69921875,False,True,True,0,0,113256,113256,113273,113274
7004,5,age,108291,108292,128,97,0.7578125,0.765625,0.76171875,True,False,True,0,0,113192,113184,113274,113274
7006,5,age,108293,108294,128,17,0.1328125,0.140625,0.13671875,True,False,True,0,0,111640,111632,111739,111739
7006,5,age,108293,108294,128,89,0.6953125,0.703125,0.69921875,False,True,True,0,0,111568,111568,111739,111740
7006,5,age,108293,108294,128,105,0.8203125,0.828125,0.82421875,True,False,True,0,0,111568,111560,111740,111740
7008,5,age,108354,108355,128,9,0.0703125,0.078125,0.07421875,True,False,True,0,0,113264,113256,113273,113273
7008,5,age,108354,108355,128,89,0.6953125,0.703125,0.69921875,False,True,True,0,0,113256,113256,113273,113274
7008,5,age,108354,108355,128,124,0.96875,0.9765625,0.97265625,True,False,True,0,0,113248,113184,113274,113274
7010,5,age,108356,108357,128,17,0.1328125,0.140625,0.13671875,True,False,True,0,0,111640,111632,111739,111739
7010,5,age,108356,108357,128,89,0.6953125,0.703125,0.69921875,False,True,True,0,0,111568,111568,111739,111740
7010,5,age,108356,108357,128,105,0.8203125,0.828125,0.82421875,True,False,True,0,0,111568,111560,111740,111740
7011,5,age,108410,108409,128,15,0.1171875,0.125,0.12109375,True,False,True,0,0,112040,111976,111929,111929
7011,5,age,108410,108409,128,38,0.296875,0.3046875,0.30078125,False,True,True,0,0,111976,111976,111929,111928
7011,5,age,108410,108409,128,118,0.921875,0.9296875,0.92578125,True,False,True,0,0,111984,111920,111928,111928
7016,5,age,108419,108420,128,17,0.1328125,0.140625,0.13671875,True,False,True,0,0,112024,112016,111931,111931
7016,5,age,108419,108420,128,89,0.6953125,0.703125,0.69921875,False,True,True,0,0,111952,111952,111931,111932
7016,5,age,108419,108420,128,105,0.8203125,0.828125,0.82421875,True,False,True,0,0,111952,111944,111932,111932
7018,5,age,108482,108483,128,17,0.1328125,0.140625,0.13671875,True,False,True,0,0,112024,112016,111995,111995
7018,5,age,108482,108483,128,89,0.6953125,0.703125,0.69921875,False,True,True,0,0,111952,111952,111995,111996
7018,5,age,108482,108483,128,105,0.8203125,0.828125,0.82421875,True,False,True,0,0,111952,111944,111996,111996
7020,5,age,108545,108546,128,17,0.1328125,0.140625,0.13671875,True,False,True,0,0,112024,112016,112059,112059
7020,5,age,108545,108546,128,89,0.6953125,0.703125,0.69921875,False,True,True,0,0,111952,111952,112059,112060
7020,5,age,108545,108546,128,105,0.8203125,0.828125,0.82421875,True,False,True,0,0,111952,111944,112060,112060
7022,5,age,108606,108607,128,9,0.0703125,0.078125,0.07421875,True,False,True,0,0,113648,113640,113657,113657
7022,5,age,108606,108607,128,89,0.6953125,0.703125,0.69921875,False,True,True,0,0,113640,113640,113657,113658
7022,5,age,108606,108607,128,97,0.7578125,0.765625,0.76171875,True,False,True,0,0,113576,113568,113658,113658
7024,5,age,108608,108609,128,17,0.1328125,0.140625,0.13671875,True,False,True,0,0,112024,112016,112123,112123
7024,5,age,108608,108609,128,89,0.6953125,0.703125,0.69921875,False,True,True,0,0,111952,111952,112123,112124
7024,5,age,108608,108609,128,105,0.8203125,0.828125,0.82421875,True,False,True,0,0,111952,111944,112124,112124
7026,5,age,108669,108670,128,9,0.0703125,0.078125,0.07421875,True,False,True,0,0,113648,113640,113657,113657
7026,5,age,108669,108670,128,89,0.6953125,0.703125,0.69921875,False,True,True,0,0,113640,113640,113657,113658
7026,5,age,108669,108670,128,124,0.96875,0.9765625,0.97265625,True,False,True,0,0,113632,113568,113658,113658
7028,5,age,108671,108672,128,17,0.1328125,0.140625,0.13671875,True,False,True,0,0,112024,112016,112123,112123
7028,5,age,108671,108672,128,89,0.6953125,0.703125,0.69921875,False,True,True,0,0,111952,111952,112123,112124
7028,5,age,108671,108672,128,105,0.8203125,0.828125,0.82421875,True,False,True,0,0,111952,111944,112124,112124
7029,5,age,108725,108724,128,15,0.1171875,0.125,0.12109375,True,False,True,0,0,90920,90856,90809,90809
7029,5,age,108725,108724,128,38,0.296875,0.3046875,0.30078125,False,True,True,0,0,90856,90856,90809,90808
7029,5,age,108725,108724,128,118,0.921875,0.9296875,0.92578125,True,False,True,0,0,90864,90800,90808,90808
7034,5,age,108734,108735,128,17,0.1328125,0.140625,0.13671875,True,False,True,0,0,90904,90896,90811,90811
7034,5,age,108734,108735,128,89,0.6953125,0.703125,0.69921875,False,True,True,0,0,90832,90832,90811,90812
7034,5,age,108734,108735,128,105,0.8203125,0.828125,0.82421875,True,False,True,0,0,90832,90824,90812,90812
7036,5,age,108797,108798,128,17,0.1328125,0.140625,0.13671875,True,False,True,0,0,90904,90896,90875,90875
7036,5,age,108797,108798,128,89,0.6953125,0.703125,0.69921875,False,True,True,0,0,90832,90832,90875,90876
7036,5,age,108797,108798,128,105,0.8203125,0.828125,0.82421875,True,False,True,0,0,90832,90824,90876,90876
7038,5,age,108860,108861,128,17,0.1328125,0.140625,0.13671875,True,False,True,0,0,90904,90896,90939,90939
7038,5,age,108860,108861,128,89,0.6953125,0.703125,0.69921875,False,True,True,0,0,90832,90832,90939,90940
7038,5,age,108860,108861,128,105,0.8203125,0.828125,0.82421875,True,False,True,0,0,90832,90824,90940,90940
7040,5,age,108921,108922,128,9,0.0703125,0.078125,0.07421875,True,False,True,0,0,92528,92520,92537,92537
7040,5,age,108921,108922,128,89,0.6953125,0.703125,0.69921875,False,True,True,0,0,92520,92520,92537,92538
7040,5,age,108921,108922,128,97,0.7578125,0.765625,0.76171875,True,False,True,0,0,92456,92448,92538,92538
7042,5,age,108923,108924,128,17,0.1328125,0.140625,0.13671875,True,False,True,0,0,90904,90896,91003,91003
7042,5,age,108923,108924,128,89,0.6953125,0.703125,0.69921875,False,True,True,0,0,90832,90832,91003,91004
7042,5,age,108923,108924,128,105,0.8203125,0.828125,0.82421875,True,False,True,0,0,90832,90824,91004,91004
7044,5,age,108984,108985,128,9,0.0703125,0.078125,0.07421875,True,False,True,0,0,92528,92520,92537,92537
7044,5,age,108984,108985,128,89,0.6953125,0.703125,0.69921875,False,True,True,0,0,92520,92520,92537,92538
7044,5,age,108984,108985,128,124,0.96875,0.9765625,0.97265625,True,False,True,0,0,92512,92448,92538,92538
7046,5,age,108986,108987,128,17,0.1328125,0.140625,0.13671875,True,False,True,0,0,90904,90896,91003,91003
7046,5,age,108986,108987,128,89,0.6953125,0.703125,0.69921875,False,True,True,0,0,90832,90832,91003,91004
7046,5,age,108986,108987,128,105,0.8203125,0.828125,0.82421875,True,False,True,0,0,90832,90824,91004,91004
7047,5,age,109040,109039,128,15,0.1171875,0.125,0.12109375,True,False,True,0,0,91304,91240,91193,91193
7047,5,age,109040,109039,128,38,0.296875,0.3046875,0.30078125,False,True,True,0,0,91240,91240,91193,91192
7047,5,age,109040,109039,128,118,0.921875,0.9296875,0.92578125,True,False,True,0,0,91248,91184,91192,91192
7052,5,age,109049,109050,128,17,0.1328125,0.140625,0.13671875,True,False,True,0,0,91288,91280,91195,91195
7052,5,age,109049,109050,128,89,0.6953125,0.703125,0.69921875,False,True,True,0,0,91216,91216,91195,91196
7052,5,age,109049,109050,128,105,0.8203125,0.828125,0.82421875,True,False,True,0,0,91216,91208,91196,91196
7054,5,age,109112,109113,128,17,0.1328125,0.140625,0.13671875,True,False,True,0,0,91288,91280,91259,91259
7054,5,age,109112,109113,128,89,0.6953125,0.703125,0.69921875,False,True,True,0,0,91216,91216,91259,91260
7054,5,age,109112,109113,128,105,0.8203125,0.828125,0.82421875,True,False,True,0,0,91216,91208,91260,91260
7056,5,age,109175,109176,128,17,0.1328125,0.140625,0.13671875,True,False,True,0,0,91288,91280,91323,91323
7056,5,age,109175,109176,128,89,0.6953125,0.703125,0.69921875,False,True,True,0,0,91216,91216,91323,91324
7056,5,age,109175,109176,128,105,0.8203125,0.828125,0.82421875,True,False,True,0,0,91216,91208,91324,91324
7058,5,age,109236,109237,128,9,0.0703125,0.078125,0.07421875,True,False,True,0,0,92912,92904,92921,92921
7058,5,age,109236,109237,128,89,0.6953125,0.703125,0.69921875,False,True,True,0,0,92904,92904,92921,92922
7058,5,age,109236,109237,128,97,0.7578125,0.765625,0.76171875,True,False,True,0,0,92840,92832,92922,92922
7060,5,age,109238,109239,128,17,0.1328125,0.140625,0.13671875,True,False,True,0,0,91288,91280,91387,91387
7060,5,age,109238,109239,128,89,0.6953125,0.703125,0.69921875,False,True,True,0,0,91216,91216,91387,91388
7060,5,age,109238,109239,128,105,0.8203125,0.828125,0.82421875,True,False,True,0,0,91216,91208,91388,91388
7062,5,age,109299,109300,128,9,0.0703125,0.078125,0.07421875,True,False,True,0,0,92912,92904,92921,92921
7062,5,age,109299,109300,128,89,0.6953125,0.703125,0.69921875,False,True,True,0,0,92904,92904,92921,92922
7062,5,age,109299,109300,128,124,0.96875,0.9765625,0.97265625,True,False,True,0,0,92896,92832,92922,92922
7064,5,age,109301,109302,128,17,0.1328125,0.140625,0.13671875,True,False,True,0,0,91288,91280,91387,91387
7064,5,age,109301,109302,128,89,0.6953125,0.703125,0.69921875,False,True,True,0,0,91216,91216,91387,91388
7064,5,age,109301,109302,128,105,0.8203125,0.828125,0.82421875,True,False,True,0,0,91216,91208,91388,91388
7065,5,age,109355,109354,128,15,0.1171875,0.125,0.12109375,True,False,True,0,0,91304,91240,91193,91193
7065,5,age,109355,109354,128,38,0.296875,0.3046875,0.30078125,False,True,True,0,0,91240,91240,91193,91192
7065,5,age,109355,109354,128,118,0.921875,0.9296875,0.92578125,True,False,True,0,0,91248,91184,91192,91192
7070,5,age,109364,109365,128,17,0.1328125,0.140625,0.13671875,True,False,True,0,0,91288,91280,91195,91195
7070,5,age,109364,109365,128,89,0.6953125,0.703125,0.69921875,False,True,True,0,0,91216,91216,91195,91196
7070,5,age,109364,109365,128,105,0.8203125,0.828125,0.82421875,True,False,True,0,0,91216,91208,91196,91196
7072,5,age,109427,109428,128,17,0.1328125,0.140625,0.13671875,True,False,True,0,0,91288,91280,91259,91259
7072,5,age,109427,109428,128,89,0.6953125,0.703125,0.69921875,False,True,True,0,0,91216,91216,91259,91260
7072,5,age,109427,109428,128,105,0.8203125,0.828125,0.82421875,True,False,True,0,0,91216,91208,91260,91260
7074,5,age,109490,109491,128,17,0.1328125,0.140625,0.13671875,True,False,True,0,0,91288,91280,91323,91323
7074,5,age,109490,109491,128,89,0.6953125,0.703125,0.69921875,False,True,True,0,0,91216,91216,91323,91324
7074,5,age,109490,109491,128,105,0.8203125,0.828125,0.82421875,True,False,True,0,0,91216,91208,91324,91324
7076,5,age,109551,109552,128,9,0.0703125,0.078125,0.07421875,True,False,True,0,0,92912,92904,92921,92921
7076,5,age,109551,109552,128,89,0.6953125,0.703125,0.69921875,False,True,True,0,0,92904,92904,92921,92922
7076,5,age,109551,109552,128,97,0.7578125,0.765625,0.76171875,True,False,True,0,0,92840,92832,92922,92922
7078,5,age,109553,109554,128,17,0.1328125,0.140625,0.13671875,True,False,True,0,0,91288,91280,91387,91387
7078,5,age,109553,109554,128,89,0.6953125,0.703125,0.69921875,False,True,True,0,0,91216,91216,91387,91388
7078,5,age,109553,109554,128,105,0.8203125,0.828125,0.82421875,True,False,True,0,0,91216,91208,91388,91388
7080,5,age,109614,109615,128,9,0.0703125,0.078125,0.07421875,True,False,True,0,0,92912,92904,92921,92921
7080,5,age,109614,109615,128,89,0.6953125,0.703125,0.69921875,False,True,True,0,0,92904,92904,92921,92922
7080,5,age,109614,109615,128,124,0.96875,0.9765625,0.97265625,True,False,True,0,0,92896,92832,92922,92922
7082,5,age,109616,109617,128,17,0.1328125,0.140625,0.13671875,True,False,True,0,0,91288,91280,91387,91387
7082,5,age,109616,109617,128,89,0.6953125,0.703125,0.69921875,False,True,True,0,0,91216,91216,91387,91388
7082,5,age,109616,109617,128,105,0.8203125,0.828125,0.82421875,True,False,True,0,0,91216,91208,91388,91388
7083,5,age,109670,109669,128,15,0.1171875,0.125,0.12109375,True,False,True,0,0,113192,113128,113081,113081
7083,5,age,109670,109669,128,38,0.296875,0.3046875,0.30078125,False,True,True,0,0,113128,113128,113081,113080
7083,5,age,109670,109669,128,118,0.921875,0.9296875,0.92578125,True,False,True,0,0,113136,113072,113080,113080
7088,5,age,109679,109680,128,17,0.1328125,0.140625,0.13671875,True,False,True,0,0,113176,113168,113083,113083
7088,5,age,109679,109680,128,89,0.6953125,0.703125,0.69921875,False,True,True,0,0,113104,113104,113083,113084
7088,5,age,109679,109680,128,105,0.8203125,0.828125,0.82421875,True,False,True,0,0,113104,113096,113084,113084
7090,5,age,109742,109743,128,17,0.1328125,0.140625,0.13671875,True,False,True,0,0,113176,113168,113147,113147
7090,5,age,109742,109743,128,89,0.6953125,0.703125,0.69921875,False,True,True,0,0,113104,113104,113147,113148
7090,5,age,109742,109743,128,105,0.8203125,0.828125,0.82421875,True,False,True,0,0,113104,113096,113148,113148
7092,5,age,109805,109806,128,17,0.1328125,0.140625,0.13671875,True,False,True,0,0,113176,113168,113211,113211
7092,5,age,109805,109806,128,89,0.6953125,0.703125,0.69921875,False,True,True,0,0,113104,113104,113211,113212
7092,5,age,109805,109806,128,105,0.8203125,0.828125,0.82421875,True,False,True,0,0,113104,113096,113212,113212
7094,5,age,109866,109867,128,9,0.0703125,0.078125,0.07421875,True,False,True,0,0,114800,114792,114809,114809
7094,5,age,109866,109867,128,89,0.6953125,0.703125,0.69921875,False,True,True,0,0,114792,114792,114809,114810
7094,5,age,109866,109867,128,97,0.7578125,0.765625,0.76171875,True,False,True,0,0,114728,114720,114810,114810
7096,5,age,109868,109869,128,17,0.1328125,0.140625,0.13671875,True,False,True,0,0,113176,113168,113275,113275
7096,5,age,109868,109869,128,89,0.6953125,0.703125,0.69921875,False,True,True,0,0,113104,113104,113275,113276
7096,5,age,109868,109869,128,105,0.8203125,0.828125,0.82421875,True,False,True,0,0,113104,113096,113276,113276
7098,5,age,109929,109930,128,9,0.0703125,0.078125,0.07421875,True,False,True,0,0,114800,114792,114809,114809
7098,5,age,109929,109930,128,89,0.6953125,0.703125,0.69921875,False,True,True,0,0,114792,114792,114809,114810
7098,5,age,109929,109930,128,124,0.96875,0.9765625,0.97265625,True,False,True,0,0,114784,114720,114810,114810
7100,5,age,109931,109932,128,17,0.1328125,0.140625,0.13671875,True,False,True,0,0,113176,113168,113275,113275
7100,5,age,109931,109932,128,89,0.6953125,0.703125,0.69921875,False,True,True,0,0,113104,113104,113275,113276
7100,5,age,109931,109932,128,105,0.8203125,0.828125,0.82421875,True,False,True,0,0,113104,113096,113276,113276
7101,5,age,109985,109984,128,15,0.1171875,0.125,0.12109375,True,False,True,0,0,113576,113512,113465,113465
7101,5,age,109985,109984,128,38,0.296875,0.3046875,0.30078125,False,True,True,0,0,113512,113512,113465,113464
7101,5,age,109985,109984,128,118,0.921875,0.9296875,0.92578125,True,False,True,0,0,113520,113456,113464,113464
7106,5,age,109994,109995,128,17,0.1328125,0.140625,0.13671875,True,False,True,0,0,113560,113552,113467,113467
7106,5,age,109994,109995,128,89,0.6953125,0.703125,0.69921875,False,True,True,0,0,113488,113488,113467,113468
7106,5,age,109994,109995,128,105,0.8203125,0.828125,0.82421875,True,False,True,0,0,113488,113480,113468,113468
7108,5,age,110057,110058,128,17,0.1328125,0.140625,0.13671875,True,False,True,0,0,113560,113552,113531,113531
7108,5,age,110057,110058,128,89,0.6953125,0.703125,0.69921875,False,True,True,0,0,113488,113488,113531,113532
7108,5,age,110057,110058,128,105,0.8203125,0.828125,0.82421875,True,False,True,0,0,113488,113480,113532,113532
7110,5,age,110120,110121,128,17,0.1328125,0.140625,0.13671875,True,False,True,0,0,113560,113552,113595,113595
7110,5,age,110120,110121,128,89,0.6953125,0.703125,0.69921875,False,True,True,0,0,113488,113488,113595,113596
7110,5,age,110120,110121,128,105,0.8203125,0.828125,0.82421875,True,False,True,0,0,113488,113480,113596,113596
7112,5,age,110181,110182,128,9,0.0703125,0.078125,0.07421875,True,False,True,0,0,115184,115176,115193,115193
7112,5,age,110181,110182,128,89,0.6953125,0.703125,0.69921875,False,True,True,0,0,115176,115176,115193,115194
7112,5,age,110181,110182,128,97,0.7578125,0.765625,0.76171875,True,False,True,0,0,115112,115104,115194,115194
7114,5,age,110183,110184,128,17,0.1328125,0.140625,0.13671875,True,False,True,0,0,113560,113552,113659,113659
7114,5,age,110183,110184,128,89,0.6953125,0.703125,0.69921875,False,True,True,0,0,113488,113488,113659,113660
7114,5,age,110183,110184,128,105,0.8203125,0.828125,0.82421875,True,False,True,0,0,113488,113480,113660,113660
7116,5,age,110244,110245,128,9,0.0703125,0.078125,0.07421875,True,False,True,0,0,115184,115176,115193,115193
7116,5,age,110244,110245,128,89,0.6953125,0.703125,0.69921875,False,True,True,0,0,115176,115176,115193,115194
7116,5,age,110244,110245,128,124,0.96875,0.9765625,0.97265625,True,False,True,0,0,115168,115104,115194,115194
7118,5,age,110246,110247,128,17,0.1328125,0.140625,0.13671875,True,False,True,0,0,113560,113552,113659,113659
7118,5,age,110246,110247,128,89,0.6953125,0.703125,0.69921875,False,True,True,0,0,113488,113488,113659,113660
7118,5,age,110246,110247,128,105,0.8203125,0.828125,0.82421875,True,False,True,0,0,113488,113480,113660,113660
7119,5,age,110300,110299,128,15,0.1171875,0.125,0.12109375,True,False,True,0,0,92456,92392,92345,92345
7119,5,age,110300,110299,128,38,0.296875,0.3046875,0.30078125,False,True,True,0,0,92392,92392,92345,92344
7119,5,age,110300,110299,128,118,0.921875,0.9296875,0.92578125,True,False,True,0,0,92400,92336,92344,92344
7124,5,age,110309,110310,128,17,0.1328125,0.140625,0.13671875,True,False,True,0,0,92440,92432,92347,92347
7124,5,age,110309,110310,128,89,0.6953125,0.703125,0.69921875,False,True,True,0,0,92368,92368,92347,92348
7124,5,age,110309,110310,128,105,0.8203125,0.828125,0.82421875,True,False,True,0,0,92368,92360,92348,92348
7126,5,age,110372,110373,128,17,0.1328125,0.140625,0.13671875,True,False,True,0,0,92440,92432,92411,92411
7126,5,age,110372,110373,128,89,0.6953125,0.703125,0.69921875,False,True,True,0,0,92368,92368,92411,92412
7126,5,age,110372,110373,128,105,0.8203125,0.828125,0.82421875,True,False,True,0,0,92368,92360,92412,92412
7128,5,age,110435,110436,128,17,0.1328125,0.140625,0.13671875,True,False,True,0,0,92440,92432,92475,92475
7128,5,age,110435,110436,128,89,0.6953125,0.703125,0.69921875,False,True,True,0,0,92368,92368,92475,92476
7128,5,age,110435,110436,128,105,0.8203125,0.828125,0.82421875,True,False,True,0,0,92368,92360,92476,92476
7130,5,age,110496,110497,128,9,0.0703125,0.078125,0.07421875,True,False,True,0,0,94064,94056,94073,94073
7130,5,age,110496,110497,128,89,0.6953125,0.703125,0.69921875,False,True,True,0,0,94056,94056,94073,94074
7130,5,age,110496,110497,128,97,0.7578125,0.765625,0.76171875,True,False,True,0,0,93992,93984,94074,94074
7132,5,age,110498,110499,128,17,0.1328125,0.140625,0.13671875,True,False,True,0,0,92440,92432,92539,92539
7132,5,age,110498,110499,128,89,0.6953125,0.703125,0.69921875,False,True,True,0,0,92368,92368,92539,92540
7132,5,age,110498,110499,128,105,0.8203125,0.828125,0.82421875,True,False,True,0,0,92368,92360,92540,92540
7134,5,age,110559,110560,128,9,0.0703125,0.078125,0.07421875,True,False,True,0,0,94064,94056,94073,94073
7134,5,age,110559,110560,128,89,0.6953125,0.703125,0.69921875,False,True,True,0,0,94056,94056,94073,94074
7134,5,age,110559,110560,128,124,0.96875,0.9765625,0.97265625,True,False,True,0,0,94048,93984,94074,94074
7136,5,age,110561,110562,128,17,0.1328125,0.140625,0.13671875,True,False,True,0,0,92440,92432,92539,92539
7136,5,age,110561,110562,128,89,0.6953125,0.703125,0.69921875,False,True,True,0,0,92368,92368,92539,92540
7136,5,age,110561,110562,128,105,0.8203125,0.828125,0.82421875,True,False,True,0,0,92368,92360,92540,92540
7137,5,age,110615,110614,128,15,0.1171875,0.125,0.12109375,True,False,True,0,0,92840,92776,92729,92729
7137,5,age,110615,110614,128,38,0.296875,0.3046875,0.30078125,False,True,True,0,0,92776,92776,92729,92728
7137,5,age,110615,110614,128,118,0.921875,0.9296875,0.92578125,True,False,True,0,0,92784,92720,92728,92728
7142,5,age,110624,110625,128,17,0.1328125,0.140625,0.13671875,True,False,True,0,0,92824,92816,92731,92731
7142,5,age,110624,110625,128,89,0.6953125,0.703125,0.69921875,False,True,True,0,0,92752,92752,92731,92732
7142,5,age,110624,110625,128,105,0.8203125,0.828125,0.82421875,True,False,True,0,0,92752,92744,92732,92732
7144,5,age,110687,110688,128,17,0.1328125,0.140625,0.13671875,True,False,True,0,0,92824,92816,92795,92795
7144,5,age,110687,110688,128,89,0.6953125,0.703125,0.69921875,False,True,True,0,0,92752,92752,92795,92796
7144,5,age,110687,110688,128,105,0.8203125,0.828125,0.82421875,True,False,True,0,0,92752,92744,92796,92796
7146,5,age,110750,110751,128,17,0.1328125,0.140625,0.13671875,True,False,True,0,0,92824,92816,92859,92859
7146,5,age,110750,110751,128,89,0.6953125,0.703125,0.69921875,False,True,True,0,0,92752,92752,92859,92860
7146,5,age,110750,110751,128,105,0.8203125,0.828125,0.82421875,True,False,True,0,0,92752,92744,92860,92860
7148,5,age,110811,110812,128,9,0.0703125,0.078125,0.07421875,True,False,True,0,0,94448,94440,94457,94457
7148,5,age,110811,110812,128,89,0.6953125,0.703125,0.69921875,False,True,True,0,0,94440,94440,94457,94458
7148,5,age,110811,110812,128,97,0.7578125,0.765625,0.76171875,True,False,True,0,0,94376,94368,94458,94458
7150,5,age,110813,110814,128,17,0.1328125,0.140625,0.13671875,True,False,True,0,0,92824,92816,92923,92923
7150,5,age,110813,110814,128,89,0.6953125,0.703125,0.69921875,False,True,True,0,0,92752,92752,92923,92924
7150,5,age,110813,110814,128,105,0.8203125,0.828125,0.82421875,True,False,True,0,0,92752,92744,92924,92924
7152,5,age,110874,110875,128,9,0.0703125,0.078125,0.07421875,True,False,True,0,0,94448,94440,94457,94457
7152,5,age,110874,110875,128,89,0.6953125,0.703125,0.69921875,False,True,True,0,0,94440,94440,94457,94458
7152,5,age,110874,110875,128,124,0.96875,0.9765625,0.97265625,True,False,True,0,0,94432,94368,94458,94458
7154,5,age,110876,110877,128,17,0.1328125,0.140625,0.13671875,True,False,True,0,0,92824,92816,92923,92923
7154,5,age,110876,110877,128,89,0.6953125,0.703125,0.69921875,False,True,True,0,0,92752,92752,92923,92924
7154,5,age,110876,110877,128,105,0.8203125,0.828125,0.82421875,True,False,True,0,0,92752,92744,92924,92924
7155,5,age,110930,110929,128,15,0.1171875,0.125,0.12109375,True,False,True,0,0,92840,92776,92729,92729
7155,5,age,110930,110929,128,38,0.296875,0.3046875,0.30078125,False,True,True,0,0,92776,92776,92729,92728
7155,5,age,110930,110929,128,118,0.921875,0.9296875,0.92578125,True,False,True,0,0,92784,92720,92728,92728
7160,5,age,110939,110940,128,17,0.1328125,0.140625,0.13671875,True,False,True,0,0,92824,92816,92731,92731
7160,5,age,110939,110940,128,89,0.6953125,0.703125,0.69921875,False,True,True,0,0,92752,92752,92731,92732
7160,5,age,110939,110940,128,105,0.8203125,0.828125,0.82421875,True,False,True,0,0,92752,92744,92732,92732
7162,5,age,111002,111003,128,17,0.1328125,0.140625,0.13671875,True,False,True,0,0,92824,92816,92795,92795
7162,5,age,111002,111003,128,89,0.6953125,0.703125,0.69921875,False,True,True,0,0,92752,92752,92795,92796
7162,5,age,111002,111003,128,105,0.8203125,0.828125,0.82421875,True,False,True,0,0,92752,92744,92796,92796
7164,5,age,111065,111066,128,17,0.1328125,0.140625,0.13671875,True,False,True,0,0,92824,92816,92859,92859
7164,5,age,111065,111066,128,89,0.6953125,0.703125,0.69921875,False,True,True,0,0,92752,92752,92859,92860
7164,5,age,111065,111066,128,105,0.8203125,0.828125,0.82421875,True,False,True,0,0,92752,92744,92860,92860
7166,5,age,111126,111127,128,9,0.0703125,0.078125,0.07421875,True,False,True,0,0,94448,94440,94457,94457
7166,5,age,111126,111127,128,89,0.6953125,0.703125,0.69921875,False,True,True,0,0,94440,94440,94457,94458
7166,5,age,111126,111127,128,97,0.7578125,0.765625,0.76171875,True,False,True,0,0,94376,94368,94458,94458
7168,5,age,111128,111129,128,17,0.1328125,0.140625,0.13671875,True,False,True,0,0,92824,92816,92923,92923
7168,5,age,111128,111129,128,89,0.6953125,0.703125,0.69921875,False,True,True,0,0,92752,92752,92923,92924
7168,5,age,111128,111129,128,105,0.8203125,0.828125,0.82421875,True,False,True,0,0,92752,92744,92924,92924
7170,5,age,111189,111190,128,9,0.0703125,0.078125,0.07421875,True,False,True,0,0,94448,94440,94457,94457
7170,5,age,111189,111190,128,89,0.6953125,0.703125,0.69921875,False,True,True,0,0,94440,94440,94457,94458
7170,5,age,111189,111190,128,124,0.96875,0.9765625,0.97265625,True,False,True,0,0,94432,94368,94458,94458
7172,5,age,111191,111192,128,17,0.1328125,0.140625,0.13671875,True,False,True,0,0,92824,92816,92923,92923
7172,5,age,111191,111192,128,89,0.6953125,0.703125,0.69921875,False,True,True,0,0,92752,92752,92923,92924
7172,5,age,111191,111192,128,105,0.8203125,0.828125,0.82421875,True,False,True,0,0,92752,92744,92924,92924
7173,5,age,111245,111244,128,15,0.1171875,0.125,0.12109375,True,False,True,0,0,114728,114664,114617,114617
7173,5,age,111245,111244,128,38,0.296875,0.3046875,0.30078125,False,True,True,0,0,114664,114664,114617,114616
7173,5,age,111245,111244,128,118,0.921875,0.9296875,0.92578125,True,False,True,0,0,114672,114608,114616,114616
7178,5,age,111254,111255,128,17,0.1328125,0.140625,0.13671875,True,False,True,0,0,114712,114704,114619,114619
7178,5,age,111254,111255,128,89,0.6953125,0.703125,0.69921875,False,True,True,0,0,114640,114640,114619,114620
7178,5,age,111254,111255,128,105,0.8203125,0.828125,0.82421875,True,False,True,0,0,114640,114632,114620,114620
7180,5,age,111317,111318,128,17,0.1328125,0.140625,0.13671875,True,False,True,0,0,114712,114704,114683,114683
7180,5,age,111317,111318,128,89,0.6953125,0.703125,0.69921875,False,True,True,0,0,114640,114640,114683,114684
7180,5,age,111317,111318,128,105,0.8203125,0.828125,0.82421875,True,False,True,0,0,114640,114632,114684,114684
7182,5,age,111380,111381,128,17,0.1328125,0.140625,0.13671875,True,False,True,0,0,114712,114704,114747,114747
7182,5,age,111380,111381,128,89,0.6953125,0.703125,0.69921875,False,True,True,0,0,114640,114640,114747,114748
7182,5,age,111380,111381,128,105,0.8203125,0.828125,0.82421875,True,False,True,0,0,114640,114632,114748,114748
7184,5,age,111441,111442,128,9,0.0703125,0.078125,0.07421875,True,False,True,0,0,116336,116328,116345,116345
7184,5,age,111441,111442,128,89,0.6953125,0.703125,0.69921875,False,True,True,0,0,116328,116328,116345,116346
7184,5,age,111441,111442,128,97,0.7578125,0.765625,0.76171875,True,False,True,0,0,116264,116256,116346,116346
7186,5,age,111443,111444,128,17,0.1328125,0.140625,0.13671875,True,False,True,0,0,114712,114704,114811,114811
7186,5,age,111443,111444,128,89,0.6953125,0.703125,0.69921875,False,True,True,0,0,114640,114640,114811,114812
7186,5,age,111443,111444,128,105,0.8203125,0.828125,0.82421875,True,False,True,0,0,114640,114632,114812,114812
7188,5,age,111504,111505,128,9,0.0703125,0.078125,0.07421875,True,False,True,0,0,116336,116328,116345,116345
7188,5,age,111504,111505,128,89,0.6953125,0.703125,0.69921875,False,True,True,0,0,116328,116328,116345,116346
7188,5,age,111504,111505,128,124,0.96875,0.9765625,0.97265625,True,False,True,0,0,116320,116256,116346,116346
7190,5,age,111506,111507,128,17,0.1328125,0.140625,0.13671875,True,False,True,0,0,114712,114704,114811,114811
7190,5,age,111506,111507,128,89,0.6953125,0.703125,0.69921875,False,True,True,0,0,114640,114640,114811,114812
7190,5,age,111506,111507,128,105,0.8203125,0.828125,0.82421875,True,False,True,0,0,114640,114632,114812,114812
7191,5,age,111560,111559,128,15,0.1171875,0.125,0.12109375,True,False,True,0,0,115112,115048,115001,115001
7191,5,age,111560,111559,128,38,0.296875,0.3046875,0.30078125,False,True,True,0,0,115048,115048,115001,115000
7191,5,age,111560,111559,128,118,0.921875,0.9296875,0.92578125,True,False,True,0,0,115056,114992,115000,115000
7196,5,age,111569,111570,128,17,0.1328125,0.140625,0.13671875,True,False,True,0,0,115096,115088,115003,115003
7196,5,age,111569,111570,128,89,0.6953125,0.703125,0.69921875,False,True,True,0,0,115024,115024,115003,115004
7196,5,age,111569,111570,128,105,0.8203125,0.828125,0.82421875,True,False,True,0,0,115024,115016,115004,115004
7198,5,age,111632,111633,128,17,0.1328125,0.140625,0.13671875,True,False,True,0,0,115096,115088,115067,115067
7198,5,age,111632,111633,128,89,0.6953125,0.703125,0.69921875,False,True,True,0,0,115024,115024,115067,115068
7198,5,age,111632,111633,128,105,0.8203125,0.828125,0.82421875,True,False,True,0,0,115024,115016,115068,115068
7200,5,age,111695,111696,128,17,0.1328125,0.140625,0.13671875,True,False,True,0,0,115096,115088,115131,115131
7200,5,age,111695,111696,128,89,0.6953125,0.703125,0.69921875,False,True,True,0,0,115024,115024,115131,115132
7200,5,age,111695,111696,128,105,0.8203125,0.828125,0.82421875,True,False,True,0,0,115024,115016,115132,115132
7202,5,age,111756,111757,128,9,0.0703125,0.078125,0.07421875,True,False,True,0,0,116720,116712,116729,116729
7202,5,age,111756,111757,128,89,0.6953125,0.703125,0.69921875,False,True,True,0,0,116712,116712,116729,116730
7202,5,age,111756,111757,128,97,0.7578125,0.765625,0.76171875,True,False,True,0,0,116648,116640,116730,116730
7204,5,age,111758,111759,128,17,0.1328125,0.140625,0.13671875,True,False,True,0,0,115096,115088,115195,115195
7204,5,age,111758,111759,128,89,0.6953125,0.703125,0.69921875,False,True,True,0,0,115024,115024,115195,115196
7204,5,age,111758,111759,128,105,0.8203125,0.828125,0.82421875,True,False,True,0,0,115024,115016,115196,115196
7206,5,age,111819,111820,128,9,0.0703125,0.078125,0.07421875,True,False,True,0,0,116720,116712,116729,116729
7206,5,age,111819,111820,128,89,0.6953125,0.703125,0.69921875,False,True,True,0,0,116712,116712,116729,116730
7206,5,age,111819,111820,128,124,0.96875,0.9765625,0.97265625,True,False,True,0,0,116704,116640,116730,116730
7208,5,age,111821,111822,128,17,0.1328125,0.140625,0.13671875,True,False,True,0,0,115096,115088,115195,115195
7208,5,age,111821,111822,128,89,0.6953125,0.703125,0.69921875,False,True,True,0,0,115024,115024,115195,115196
7208,5,age,111821,111822,128,105,0.8203125,0.828125,0.82421875,True,False,True,0,0,115024,115016,115196,115196
7209,5,age,111875,111874,128,15,0.1171875,0.125,0.12109375,True,False,True,0,0,93992,93928,93881,93881
7209,5,age,111875,111874,128,38,0.296875,0.3046875,0.30078125,False,True,True,0,0,93928,93928,93881,93880
7209,5,age,111875,111874,128,118,0.921875,0.9296875,0.92578125,True,False,True,0,0,93936,93872,93880,93880
7214,5,age,111884,111885,128,17,0.1328125,0.140625,0.13671875,True,False,True,0,0,93976,93968,93883,93883
7214,5,age,111884,111885,128,89,0.6953125,0.703125,0.69921875,False,True,True,0,0,93904,93904,93883,93884
7214,5,age,111884,111885,128,105,0.8203125,0.828125,0.82421875,True,False,True,0,0,93904,93896,93884,93884
7216,5,age,111947,111948,128,17,0.1328125,0.140625,0.13671875,True,False,True,0,0,93976,93968,93947,93947
7216,5,age,111947,111948,128,89,0.6953125,0.703125,0.69921875,False,True,True,0,0,93904,93904,93947,93948
7216,5,age,111947,111948,128,105,0.8203125,0.828125,0.82421875,True,False,True,0,0,93904,93896,93948,93948
7218,5,age,112010,112011,128,17,0.1328125,0.140625,0.13671875,True,False,True,0,0,93976,93968,94011,94011
7218,5,age,112010,112011,128,89,0.6953125,0.703125,0.69921875,False,True,True,0,0,93904,93904,94011,94012
7218,5,age,112010,112011,128,105,0.8203125,0.828125,0.82421875,True,False,True,0,0,93904,93896,94012,94012
7220,5,age,112071,112072,128,9,0.0703125,0.078125,0.07421875,True,False,True,0,0,95600,95592,95609,95609
7220,5,age,112071,112072,128,89,0.6953125,0.703125,0.69921875,False,True,True,0,0,95592,95592,95609,95610
7220,5,age,112071,112072,128,97,0.7578125,0.765625,0.76171875,True,False,True,0,0,95528,95520,95610,95610
7222,5,age,112073,112074,128,17,0.1328125,0.140625,0.13671875,True,False,True,0,0,93976,93968,94075,94075
7222,5,age,112073,112074,128,89,0.6953125,0.703125,0.69921875,False,True,True,0,0,93904,93904,94075,94076
7222,5,age,112073,112074,128,105,0.8203125,0.828125,0.82421875,True,False,True,0,0,93904,93896,94076,94076
7224,5,age,112134,112135,128,9,0.0703125,0.078125,0.07421875,True,False,True,0,0,95600,95592,95609,95609
7224,5,age,112134,112135,128,89,0.6953125,0.703125,0.69921875,False,True,True,0,0,95592,95592,95609,95610
7224,5,age,112134,112135,128,124,0.96875,0.9765625,0.97265625,True,False,True,0,0,95584,95520,95610,95610
7226,5,age,112136,112137,128,17,0.1328125,0.140625,0.13671875,True,False,True,0,0,93976,93968,94075,94075
7226,5,age,112136,112137,128,89,0.6953125,0.703125,0.69921875,False,True,True,0,0,93904,93904,94075,94076
7226,5,age,112136,112137,128,105,0.8203125,0.828125,0.82421875,True,False,True,0,0,93904,93896,94076,94076
7227,5,age,112190,112189,128,15,0.1171875,0.125,0.12109375,True,False,True,0,0,94376,94312,94265,94265
7227,5,age,112190,112189,128,38,0.296875,0.3046875,0.30078125,False,True,True,0,0,94312,94312,94265,94264
7227,5,age,112190,112189,128,118,0.921875,0.9296875,0.92578125,True,False,True,0,0,94320,94256,94264,94264
7232,5,age,112199,112200,128,17,0.1328125,0.140625,0.13671875,True,False,True,0,0,94360,94352,94267,94267
7232,5,age,112199,112200,128,89,0.6953125,0.703125,0.69921875,False,True,True,0,0,94288,94288,94267,94268
7232,5,age,112199,112200,128,105,0.8203125,0.828125,0.82421875,True,False,True,0,0,94288,94280,94268,94268
7234,5,age,112262,112263,128,17,0.1328125,0.140625,0.13671875,True,False,True,0,0,94360,94352,94331,94331
7234,5,age,112262,112263,128,89,0.6953125,0.703125,0.69921875,False,True,True,0,0,94288,94288,94331,94332
7234,5,age,112262,112263,128,105,0.8203125,0.828125,0.82421875,True,False,True,0,0,94288,94280,94332,94332
7236,5,age,112325,112326,128,17,0.1328125,0.140625,0.13671875,True,False,True,0,0,94360,94352,94395,94395
7236,5,age,112325,112326,128,89,0.6953125,0.703125,0.69921875,False,True,True,0,0,94288,94288,94395,94396
7236,5,age,112325,112326,128,105,0.8203125,0.828125,0.82421875,True,False,True,0,0,94288,94280,94396,94396
7238,5,age,112386,112387,128,9,0.0703125,0.078125,0.07421875,True,False,True,0,0,95984,95976,95993,95993
7238,5,age,112386,112387,128,89,0.6953125,0.703125,0.69921875,False,True,True,0,0,95976,95976,95993,95994
7238,5,age,112386,112387,128,97,0.7578125,0.765625,0.76171875,True,False,True,0,0,95912,95904,95994,95994
7240,5,age,112388,112389,128,17,0.1328125,0.140625,0.13671875,True,False,True,0,0,94360,94352,94459,94459
7240,5,age,112388,112389,128,89,0.6953125,0.703125,0.69921875,False,True,True,0,0,94288,94288,94459,94460
7240,5,age,112388,112389,128,105,0.8203125,0.828125,0.82421875,True,False,True,0,0,94288,94280,94460,94460
7242,5,age,112449,112450,128,9,0.0703125,0.078125,0.07421875,True,False,True,0,0,95984,95976,95993,95993
7242,5,age,112449,112450,128,89,0.6953125,0.703125,0.69921875,False,True,True,0,0,95976,95976,95993,95994
7242,5,age,112449,112450,128,124,0.96875,0.9765625,0.97265625,True,False,True,0,0,95968,95904,95994,95994
7244,5,age,112451,112452,128,17,0.1328125,0.140625,0.13671875,True,False,True,0,0,94360,94352,94459,94459
7244,5,age,112451,112452,128,89,0.6953125,0.703125,0.69921875,False,True,True,0,0,94288,94288,94459,94460
7244,5,age,112451,112452,128,105,0.8203125,0.828125,0.82421875,True,False,True,0,0,94288,94280,94460,94460
7245,5,age,112505,112504,128,15,0.1171875,0.125,0.12109375,True,False,True,0,0,94376,94312,94265,94265
7245,5,age,112505,112504,128,38,0.296875,0.3046875,0.30078125,False,True,True,0,0,94312,94312,94265,94264
7245,5,age,112505,112504,128,118,0.921875,0.9296875,0.92578125,True,False,True,0,0,94320,94256,94264,94264
7250,5,age,112514,112515,128,17,0.1328125,0.140625,0.13671875,True,False,True,0,0,94360,94352,94267,94267
7250,5,age,112514,112515,128,89,0.6953125,0.703125,0.69921875,False,True,True,0,0,94288,94288,94267,94268
7250,5,age,112514,112515,128,105,0.8203125,0.828125,0.82421875,True,False,True,0,0,94288,94280,94268,94268
7252,5,age,112577,112578,128,17,0.1328125,0.140625,0.13671875,True,False,True,0,0,94360,94352,94331,94331
7252,5,age,112577,112578,128,89,0.6953125,0.703125,0.69921875,False,True,True,0,0,94288,94288,94331,94332
7252,5,age,112577,112578,128,105,0.8203125,0.828125,0.82421875,True,False,True,0,0,94288,94280,94332,94332
7254,5,age,112640,112641,128,17,0.1328125,0.140625,0.13671875,True,False,True,0,0,94360,94352,94395,94395
7254,5,age,112640,112641,128,89,0.6953125,0.703125,0.69921875,False,True,True,0,0,94288,94288,94395,94396
7254,5,age,112640,112641,128,105,0.8203125,0.828125,0.82421875,True,False,True,0,0,94288,94280,94396,94396
7256,5,age,112701,112702,128,9,0.0703125,0.078125,0.07421875,True,False,True,0,0,95984,95976,95993,95993
7256,5,age,112701,112702,128,89,0.6953125,0.703125,0.69921875,False,True,True,0,0,95976,95976,95993,95994
7256,5,age,112701,112702,128,97,0.7578125,0.765625,0.76171875,True,False,True,0,0,95912,95904,95994,95994
7258,5,age,112703,112704,128,17,0.1328125,0.140625,0.13671875,True,False,True,0,0,94360,94352,94459,94459
7258,5,age,112703,112704,128,89,0.6953125,0.703125,0.69921875,False,True,True,0,0,94288,94288,94459,94460
7258,5,age,112703,112704,128,105,0.8203125,0.828125,0.82421875,True,False,True,0,0,94288,94280,94460,94460
7260,5,age,112764,112765,128,9,0.0703125,0.078125,0.07421875,True,False,True,0,0,95984,95976,95993,95993
7260,5,age,112764,112765,128,89,0.6953125,0.703125,0.69921875,False,True,True,0,0,95976,95976,95993,95994
7260,5,age,112764,112765,128,124,0.96875,0.9765625,0.97265625,True,False,True,0,0,95968,95904,95994,95994
7262,5,age,112766,112767,128,17,0.1328125,0.140625,0.13671875,True,False,True,0,0,94360,94352,94459,94459
7262,5,age,112766,112767,128,89,0.6953125,0.703125,0.69921875,False,True,True,0,0,94288,94288,94459,94460
7262,5,age,112766,112767,128,105,0.8203125,0.828125,0.82421875,True,False,True,0,0,94288,94280,94460,94460
7263,5,age,112820,112819,128,15,0.1171875,0.125,0.12109375,True,False,True,0,0,116264,116200,116153,116153
7263,5,age,112820,112819,128,38,0.296875,0.3046875,0.30078125,False,True,True,0,0,116200,116200,116153,116152
7263,5,age,112820,112819,128,118,0.921875,0.9296875,0.92578125,True,False,True,0,0,116208,116144,116152,116152
7268,5,age,112829,112830,128,17,0.1328125,0.140625,0.13671875,True,False,True,0,0,116248,116240,116155,116155
7268,5,age,112829,112830,128,89,0.6953125,0.703125,0.69921875,False,True,True,0,0,116176,116176,116155,116156
7268,5,age,112829,112830,128,105,0.8203125,0.828125,0.82421875,True,False,True,0,0,116176,116168,116156,116156
7270,5,age,112892,112893,128,17,0.1328125,0.140625,0.13671875,True,False,True,0,0,116248,116240,116219,116219
7270,5,age,112892,112893,128,89,0.6953125,0.703125,0.69921875,False,True,True,0,0,116176,116176,116219,116220
7270,5,age,112892,112893,128,105,0.8203125,0.828125,0.82421875,True,False,True,0,0,116176,116168,116220,116220
7272,5,age,112955,112956,128,17,0.1328125,0.140625,0.13671875,True,False,True,0,0,116248,116240,116283,116283
7272,5,age,112955,112956,128,89,0.6953125,0.703125,0.69921875,False,True,True,0,0,116176,116176,116283,116284
7272,5,age,112955,112956,128,105,0.8203125,0.828125,0.82421875,True,False,True,0,0,116176,116168,116284,116284
7274,5,age,113016,113017,128,9,0.0703125,0.078125,0.07421875,True,False,True,0,0,117872,117864,117881,117881
7274,5,age,113016,113017,128,89,0.6953125,0.703125,0.69921875,False,True,True,0,0,117864,117864,117881,117882
7274,5,age,113016,113017,128,97,0.7578125,0.765625,0.76171875,True,False,True,0,0,117800,117792,117882,117882
7276,5,age,113018,113019,128,17,0.1328125,0.140625,0.13671875,True,False,True,0,0,116248,116240,116347,116347
7276,5,age,113018,113019,128,89,0.6953125,0.703125,0.69921875,False,True,True,0,0,116176,116176,116347,116348
7276,5,age,113018,113019,128,105,0.8203125,0.828125,0.82421875,True,False,True,0,0,116176,116168,116348,116348
7278,5,age,113079,113080,128,9,0.0703125,0.078125,0.07421875,True,False,True,0,0,117872,117864,117881,117881
7278,5,age,113079,113080,128,89,0.6953125,0.703125,0.69921875,False,True,True,0,0,117864,117864,117881,117882
7278,5,age,113079,113080,128,124,0.96875,0.9765625,0.97265625,True,False,True,0,0,117856,117792,117882,117882
7280,5,age,113081,113082,128,17,0.1328125,0.140625,0.13671875,True,False,True,0,0,116248,116240,116347,116347
7280,5,age,113081,113082,128,89,0.6953125,0.703125,0.69921875,False,True,True,0,0,116176,116176,116347,116348
7280,5,age,113081,113082,128,105,0.8203125,0.828125,0.82421875,True,False,True,0,0,116176,116168,116348,116348
7281,5,age,113135,113134,128,15,0.1171875,0.125,0.12109375,True,False,True,0,0,116648,116584,116537,116537
7281,5,age,113135,113134,128,38,0.296875,0.3046875,0.30078125,False,True,True,0,0,116584,116584,116537,116536
7281,5,age,113135,113134,128,118,0.921875,0.9296875,0.92578125,True,False,True,0,0,116592,116528,116536,116536
7286,5,age,113144,113145,128,17,0.1328125,0.140625,0.13671875,True,False,True,0,0,116632,116624,116539,116539
7286,5,age,113144,113145,128,89,0.6953125,0.703125,0.69921875,False,True,True,0,0,116560,116560,116539,116540
7286,5,age,113144,113145,128,105,0.8203125,0.828125,0.82421875,True,False,True,0,0,116560,116552,116540,116540
7288,5,age,113207,113208,128,17,0.1328125,0.140625,0.13671875,True,False,True,0,0,116632,116624,116603,116603
7288,5,age,113207,113208,128,89,0.6953125,0.703125,0.69921875,False,True,True,0,0,116560,116560,116603,116604
7288,5,age,113207,113208,128,105,0.8203125,0.828125,0.82421875,True,False,True,0,0,116560,116552,116604,116604
7290,5,age,113270,113271,128,17,0.1328125,0.140625,0.13671875,True,False,True,0,0,116632,116624,116667,116667
7290,5,age,113270,113271,128,89,0.6953125,0.703125,0.69921875,False,True,True,0,0,116560,116560,116667,116668
7290,5,age,113270,113271,128,105,0.8203125,0.828125,0.82421875,True,False,True,0,0,116560,116552,116668,116668
7292,5,age,113331,113332,128,9,0.0703125,0.078125,0.07421875,True,False,True,0,0,118256,118248,118265,118265
7292,5,age,113331,113332,128,89,0.6953125,0.703125,0.69921875,False,True,True,0,0,118248,118248,118265,118266
7292,5,age,113331,113332,128,97,0.7578125,0.765625,0.76171875,True,False,True,0,0,118184,118176,118266,118266
7294,5,age,113333,113334,128,17,0.1328125,0.140625,0.13671875,True,False,True,0,0,116632,116624,116731,116731
7294,5,age,113333,113334,128,89,0.6953125,0.703125,0.69921875,False,True,True,0,0,116560,116560,116731,116732
7294,5,age,113333,113334,128,105,0.8203125,0.828125,0.82421875,True,False,True,0,0,116560,116552,116732,116732
7296,5,age,113394,113395,128,9,0.0703125,0.078125,0.07421875,True,False,True,0,0,118256,118248,118265,118265
7296,5,age,113394,113395,128,89,0.6953125,0.703125,0.69921875,False,True,True,0,0,118248,118248,118265,118266
7296,5,age,113394,113395,128,124,0.96875,0.9765625,0.97265625,True,False,True,0,0,118240,118176,118266,118266
7298,5,age,113396,113397,128,17,0.1328125,0.140625,0.13671875,True,False,True,0,0,116632,116624,116731,116731
7298,5,age,113396,113397,128,89,0.6953125,0.703125,0.69921875,False,True,True,0,0,116560,116560,116731,116732
7298,5,age,113396,113397,128,105,0.8203125,0.828125,0.82421875,True,False,True,0,0,116560,116552,116732,116732
7299,5,age,113450,113449,128,15,0.1171875,0.125,0.12109375,True,False,True,0,0,95528,95464,95417,95417
7299,5,age,113450,113449,128,38,0.296875,0.3046875,0.30078125,False,True,True,0,0,95464,95464,95417,95416
7299,5,age,113450,113449,128,118,0.921875,0.9296875,0.92578125,True,False,True,0,0,95472,95408,95416,95416
7304,5,age,113459,113460,128,17,0.1328125,0.140625,0.13671875,True,False,True,0,0,95512,95504,95419,95419
7304,5,age,113459,113460,128,89,0.6953125,0.703125,0.69921875,False,True,True,0,0,95440,95440,95419,95420
7304,5,age,113459,113460,128,105,0.8203125,0.828125,0.82421875,True,False,True,0,0,95440,95432,95420,95420
7306,5,age,113522,113523,128,17,0.1328125,0.140625,0.13671875,True,False,True,0,0,95512,95504,95483,95483
7306,5,age,113522,113523,128,89,0.6953125,0.703125,0.69921875,False,True,True,0,0,95440,95440,95483,95484
7306,5,age,113522,113523,128,105,0.8203125,0.828125,0.82421875,True,False,True,0,0,95440,95432,95484,95484
7308,5,age,113585,113586,128,17,0.1328125,0.140625,0.13671875,True,False,True,0,0,95512,95504,95547,95547
7308,5,age,113585,113586,128,89,0.6953125,0.703125,0.69921875,False,True,True,0,0,95440,95440,95547,95548
7308,5,age,113585,113586,128,105,0.8203125,0.828125,0.82421875,True,False,True,0,0,95440,95432,95548,95548
7310,5,age,113646,113647,128,9,0.0703125,0.078125,0.07421875,True,False,True,0,0,97136,97128,97145,97145
7310,5,age,113646,113647,128,89,0.6953125,0.703125,0.69921875,False,True,True,0,0,97128,97128,97145,97146
7310,5,age,113646,113647,128,97,0.7578125,0.765625,0.76171875,True,False,True,0,0,97064,97056,97146,97146
7312,5,age,113648,113649,128,17,0.1328125,0.140625,0.13671875,True,False,True,0,0,95512,95504,95611,95611
7312,5,age,113648,113649,128,89,0.6953125,0.703125,0.69921875,False,True,True,0,0,95440,95440,95611,95612
7312,5,age,113648,113649,128,105,0.8203125,0.828125,0.82421875,True,False,True,0,0,95440,95432,95612,95612
7314,5,age,113709,113710,128,9,0.0703125,0.078125,0.07421875,True,False,True,0,0,97136,97128,97145,97145
7314,5,age,113709,113710,128,89,0.6953125,0.703125,0.69921875,False,True,True,0,0,97128,97128,97145,97146
7314,5,age,113709,113710,128,124,0.96875,0.9765625,0.97265625,True,False,True,0,0,97120,97056,97146,97146
7316,5,age,113711,113712,128,17,0.1328125,0.140625,0.13671875,True,False,True,0,0,95512,95504,95611,95611
7316,5,age,113711,113712,128,89,0.6953125,0.703125,0.69921875,False,True,True,0,0,95440,95440,95611,95612
7316,5,age,113711,113712,128,105,0.8203125,0.828125,0.82421875,True,False,True,0,0,95440,95432,95612,95612
7317,5,age,113765,113764,128,15,0.1171875,0.125,0.12109375,True,False,True,0,0,95912,95848,95801,95801
7317,5,age,113765,113764,128,38,0.296875,0.3046875,0.30078125,False,True,True,0,0,95848,95848,95801,95800
7317,5,age,113765,113764,128,118,0.921875,0.9296875,0.92578125,True,False,True,0,0,95856,95792,95800,95800
7322,5,age,113774,113775,128,17,0.1328125,0.140625,0.13671875,True,False,True,0,0,95896,95888,95803,95803
7322,5,age,113774,113775,128,89,0.6953125,0.703125,0.69921875,False,True,True,0,0,95824,95824,95803,95804
7322,5,age,113774,113775,128,105,0.8203125,0.828125,0.82421875,True,False,True,0,0,95824,95816,95804,95804
7324,5,age,113837,113838,128,17,0.1328125,0.140625,0.13671875,True,False,True,0,0,95896,95888,95867,95867
7324,5,age,113837,113838,128,89,0.6953125,0.703125,0.69921875,False,True,True,0,0,95824,95824,95867,95868
7324,5,age,113837,113838,128,105,0.8203125,0.828125,0.82421875,True,False,True,0,0,95824,95816,95868,95868
7326,5,age,113900,113901,128,17,0.1328125,0.140625,0.13671875,True,False,True,0,0,95896,95888,95931,95931
7326,5,age,113900,113901,128,89,0.6953125,0.703125,0.69921875,False,True,True,0,0,95824,95824,95931,95932
7326,5,age,113900,113901,128,105,0.8203125,0.828125,0.82421875,True,False,True,0,0,95824,95816,95932,95932
7328,5,age,113961,113962,128,9,0.0703125,0.078125,0.07421875,True,False,True,0,0,97520,97512,97529,97529
7328,5,age,113961,113962,128,89,0.6953125,0.703125,0.69921875,False,True,True,0,0,97512,97512,97529,97530
7328,5,age,113961,113962,128,97,0.7578125,0.765625,0.76171875,True,False,True,0,0,97448,97440,97530,97530
7330,5,age,113963,113964,128,17,0.1328125,0.140625,0.13671875,True,False,True,0,0,95896,95888,95995,95995
7330,5,age,113963,113964,128,89,0.6953125,0.703125,0.69921875,False,True,True,0,0,95824,95824,95995,95996
7330,5,age,113963,113964,128,105,0.8203125,0.828125,0.82421875,True,False,True,0,0,95824,95816,95996,95996
7332,5,age,114024,114025,128,9,0.0703125,0.078125,0.07421875,True,False,True,0,0,97520,97512,97529,97529
7332,5,age,114024,114025,128,89,0.6953125,0.703125,0.69921875,False,True,True,0,0,97512,97512,97529,97530
7332,5,age,114024,114025,128,124,0.96875,0.9765625,0.97265625,True,False,True,0,0,97504,97440,97530,97530
7334,5,age,114026,114027,128,17,0.1328125,0.140625,0.13671875,True,False,True,0,0,95896,95888,95995,95995
7334,5,age,114026,114027,128,89,0.6953125,0.703125,0.69921875,False,True,True,0,0,95824,95824,95995,95996
7334,5,age,114026,114027,128,105,0.8203125,0.828125,0.82421875,True,False,True,0,0,95824,95816,95996,95996
7335,5,age,114080,114079,128,15,0.1171875,0.125,0.12109375,True,False,True,0,0,95912,95848,95801,95801
7335,5,age,114080,114079,128,38,0.296875,0.3046875,0.30078125,False,True,True,0,0,95848,95848,95801,95800
7335,5,age,114080,114079,128,118,0.921875,0.9296875,0.92578125,True,False,True,0,0,95856,95792,95800,95800
7340,5,age,114089,114090,128,17,0.1328125,0.140625,0.13671875,True,False,True,0,0,95896,95888,95803,95803
7340,5,age,114089,114090,128,89,0.6953125,0.703125,0.69921875,False,True,True,0,0,95824,95824,95803,95804
7340,5,age,114089,114090,128,105,0.8203125,0.828125,0.82421875,True,False,True,0,0,95824,95816,95804,95804
7342,5,age,114152,114153,128,17,0.1328125,0.140625,0.13671875,True,False,True,0,0,95896,95888,95867,95867
7342,5,age,114152,114153,128,89,0.6953125,0.703125,0.69921875,False,True,True,0,0,95824,95824,95867,95868
7342,5,age,114152,114153,128,105,0.8203125,0.828125,0.82421875,True,False,True,0,0,95824,95816,95868,95868
7344,5,age,114215,114216,128,17,0.1328125,0.140625,0.13671875,True,False,True,0,0,95896,95888,95931,95931
7344,5,age,114215,114216,128,89,0.6953125,0.703125,0.69921875,False,True,True,0,0,95824,95824,95931,95932
7344,5,age,114215,114216,128,105,0.8203125,0.828125,0.82421875,True,False,True,0,0,95824,95816,95932,95932
7346,5,age,114276,114277,128,9,0.0703125,0.078125,0.07421875,True,False,True,0,0,97520,97512,97529,97529
7346,5,age,114276,114277,128,89,0.6953125,0.703125,0.69921875,False,True,True,0,0,97512,97512,97529,97530
7346,5,age,114276,114277,128,97,0.7578125,0.765625,0.76171875,True,False,True,0,0,97448,97440,97530,97530
7348,5,age,114278,114279,128,17,0.1328125,0.140625,0.13671875,True,False,True,0,0,95896,95888,95995,95995
7348,5,age,114278,114279,128,89,0.6953125,0.703125,0.69921875,False,True,True,0,0,95824,95824,95995,95996
7348,5,age,114278,114279,128,105,0.8203125,0.828125,0.82421875,True,False,True,0,0,95824,95816,95996,95996
7350,5,age,114339,114340,128,9,0.0703125,0.078125,0.07421875,True,False,True,0,0,97520,97512,97529,97529
7350,5,age,114339,114340,128,89,0.6953125,0.703125,0.69921875,False,True,True,0,0,97512,97512,97529,97530
7350,5,age,114339,114340,128,124,0.96875,0.9765625,0.97265625,True,False,True,0,0,97504,97440,97530,97530
7352,5,age,114341,114342,128,17,0.1328125,0.140625,0.13671875,True,False,True,0,0,95896,95888,95995,95995
7352,5,age,114341,114342,128,89,0.6953125,0.703125,0.69921875,False,True,True,0,0,95824,95824,95995,95996
7352,5,age,114341,114342,128,105,0.8203125,0.828125,0.82421875,True,False,True,0,0,95824,95816,95996,95996
7353,5,age,114395,114394,128,15,0.1171875,0.125,0.12109375,True,False,True,0,0,117800,117736,117689,117689
7353,5,age,114395,114394,128,38,0.296875,0.3046875,0.30078125,False,True,True,0,0,117736,117736,117689,117688
7353,5,age,114395,114394,128,118,0.921875,0.9296875,0.92578125,True,False,True,0,0,117744,117680,117688,117688
7358,5,age,114404,114405,128,17,0.1328125,0.140625,0.13671875,True,False,True,0,0,117784,117776,117691,117691
7358,5,age,114404,114405,128,89,0.6953125,0.703125,0.69921875,False,True,True,0,0,117712,117712,117691,117692
7358,5,age,114404,114405,128,105,0.8203125,0.828125,0.82421875,True,False,True,0,0,117712,117704,117692,117692
7360,5,age,114467,114468,128,17,0.1328125,0.140625,0.13671875,True,False,True,0,0,117784,117776,117755,117755
7360,5,age,114467,114468,128,89,0.6953125,0.703125,0.69921875,False,True,True,0,0,117712,117712,117755,117756
7360,5,age,114467,114468,128,105,0.8203125,0.828125,0.82421875,True,False,True,0,0,117712,117704,117756,117756
7362,5,age,114530,114531,128,17,0.1328125,0.140625,0.13671875,True,False,True,0,0,117784,117776,117819,117819
7362,5,age,114530,114531,128,89,0.6953125,0.703125,0.69921875,False,True,True,0,0,117712,117712,117819,117820
7362,5,age,114530,114531,128,105,0.8203125,0.828125,0.82421875,True,False,True,0,0,117712,117704,117820,117820
7364,5,age,114591,114592,128,9,0.0703125,0.078125,0.07421875,True,False,True,0,0,119408,119400,119417,119417
7364,5,age,114591,114592,128,89,0.6953125,0.703125,0.69921875,False,True,True,0,0,119400,119400,119417,119418
7364,5,age,114591,114592,128,97,0.7578125,0.765625,0.76171875,True,False,True,0,0,119336,119328,119418,119418
7366,5,age,114593,114594,128,17,0.1328125,0.140625,0.13671875,True,False,True,0,0,117784,117776,117883,117883
7366,5,age,114593,114594,128,89,0.6953125,0.703125,0.69921875,False,True,True,0,0,117712,117712,117883,117884
7366,5,age,114593,114594,128,105,0.8203125,0.828125,0.82421875,True,False,True,0,0,117712,117704,117884,117884
7368,5,age,114654,114655,128,9,0.0703125,0.078125,0.07421875,True,False,True,0,0,119408,119400,119417,119417
7368,5,age,114654,114655,128,89,0.6953125,0.703125,0.69921875,False,True,True,0,0,119400,119400,119417,119418
7368,5,age,114654,114655,128,124,0.96875,0.9765625,0.97265625,True,False,True,0,0,119392,119328,119418,119418
7370,5,age,114656,114657,128,17,0.1328125,0.140625,0.13671875,True,False,True,0,0,117784,117776,117883,117883
7370,5,age,114656,114657,128,89,0.6953125,0.703125,0.69921875,False,True,True,0,0,117712,117712,117883,117884
7370,5,age,114656,114657,128,105,0.8203125,0.828125,0.82421875,True,False,True,0,0,117712,117704,117884,117884
7371,5,age,114710,114709,128,15,0.1171875,0.125,0.12109375,True,False,True,0,0,118184,118120,118073,118073
7371,5,age,114710,114709,128,38,0.296875,0.3046875,0.30078125,False,True,True,0,0,118120,118120,118073,118072
7371,5,age,114710,114709,128,118,0.921875,0.9296875,0.92578125,True,False,True,0,0,118128,118064,118072,118072
7376,5,age,114719,114720,128,17,0.1328125,0.140625,0.13671875,True,False,True,0,0,118168,118160,118075,118075
7376,5,age,114719,114720,128,89,0.6953125,0.703125,0.69921875,False,True,True,0,0,118096,118096,118075,118076
7376,5,age,114719,114720,128,105,0.8203125,0.828125,0.82421875,True,False,True,0,0,118096,118088,118076,118076
7378,5,age,114782,114783,128,17,0.1328125,0.140625,0.13671875,True,False,True,0,0,118168,118160,118139,118139
7378,5,age,114782,114783,128,89,0.6953125,0.703125,0.69921875,False,True,True,0,0,118096,118096,118139,118140
7378,5,age,114782,114783,128,105,0.8203125,0.828125,0.82421875,True,False,True,0,0,118096,118088,118140,118140
7380,5,age,114845,114846,128,17,0.1328125,0.140625,0.13671875,True,False,True,0,0,118168,118160,118203,118203
7380,5,age,114845,114846,128,89,0.6953125,0.703125,0.69921875,False,True,True,0,0,118096,118096,118203,118204
7380,5,age,114845,114846,128,105,0.8203125,0.828125,0.82421875,True,False,True,0,0,118096,118088,118204,118204
7382,5,age,114906,114907,128,9,0.0703125,0.078125,0.07421875,True,False,True,0,0,119792,119784,119801,119801
7382,5,age,114906,114907,128,89,0.6953125,0.703125,0.69921875,False,True,True,0,0,119784,119784,119801,119802
7382,5,age,114906,114907,128,97,0.7578125,0.765625,0.76171875,True,False,True,0,0,119720,119712,119802,119802
7384,5,age,114908,114909,128,17,0.1328125,0.140625,0.13671875,True,False,True,0,0,118168,118160,118267,118267
7384,5,age,114908,114909,128,89,0.6953125,0.703125,0.69921875,False,True,True,0,0,118096,118096,118267,118268
7384,5,age,114908,114909,128,105,0.8203125,0.828125,0.82421875,True,False,True,0,0,118096,118088,118268,118268
7386,5,age,114969,114970,128,9,0.0703125,0.078125,0.07421875,True,False,True,0,0,119792,119784,119801,119801
7386,5,age,114969,114970,128,89,0.6953125,0.703125,0.69921875,False,True,True,0,0,119784,119784,119801,119802
7386,5,age,114969,114970,128,124,0.96875,0.9765625,0.97265625,True,False,True,0,0,119776,119712,119802,119802
7388,5,age,114971,114972,128,17,0.1328125,0.140625,0.13671875,True,False,True,0,0,118168,118160,118267,118267
7388,5,age,114971,114972,128,89,0.6953125,0.703125,0.69921875,False,True,True,0,0,118096,118096,118267,118268
7388,5,age,114971,114972,128,105,0.8203125,0.828125,0.82421875,True,False,True,0,0,118096,118088,118268,118268
7389,5,age,115025,115024,128,15,0.1171875,0.125,0.12109375,True,False,True,0,0,97064,97000,96953,96953
7389,5,age,115025,115024,128,38,0.296875,0.3046875,0.30078125,False,True,True,0,0,97000,97000,96953,96952
7389,5,age,115025,115024,128,118,0.921875,0.9296875,0.92578125,True,False,True,0,0,97008,96944,96952,96952
7394,5,age,115034,115035,128,17,0.1328125,0.140625,0.13671875,True,False,True,0,0,97048,97040,96955,96955
7394,5,age,115034,115035,128,89,0.6953125,0.703125,0.69921875,False,True,True,0,0,96976,96976,96955,96956
7394,5,age,115034,115035,128,105,0.8203125,0.828125,0.82421875,True,False,True,0,0,96976,96968,96956,96956
7396,5,age,115097,115098,128,17,0.1328125,0.140625,0.13671875,True,False,True,0,0,97048,97040,97019,97019
7396,5,age,115097,115098,128,89,0.6953125,0.703125,0.69921875,False,True,True,0,0,96976,96976,97019,97020
7396,5,age,115097,115098,128,105,0.8203125,0.828125,0.82421875,True,False,True,0,0,96976,96968,97020,97020
7398,5,age,115160,115161,128,17,0.1328125,0.140625,0.13671875,True,False,True,0,0,97048,97040,97083,97083
7398,5,age,115160,115161,128,89,0.6953125,0.703125,0.69921875,False,True,True,0,0,96976,96976,97083,97084
7398,5,age,115160,115161,128,105,0.8203125,0.828125,0.82421875,True,False,True,0,0,96976,96968,97084,97084
7400,5,age,115221,115222,128,9,0.0703125,0.078125,0.07421875,True,False,True,0,0,98672,98664,98681,98681
7400,5,age,115221,115222,128,89,0.6953125,0.703125,0.69921875,False,True,True,0,0,98664,98664,98681,98682
7400,5,age,115221,115222,128,97,0.7578125,0.765625,0.76171875,True,False,True,0,0,98600,98592,98682,98682
7402,5,age,115223,115224,128,17,0.1328125,0.140625,0.13671875,True,False,True,0,0,97048,97040,97147,97147
7402,5,age,115223,115224,128,89,0.6953125,0.703125,0.69921875,False,True,True,0,0,96976,96976,97147,97148
7402,5,age,115223,115224,128,105,0.8203125,0.828125,0.82421875,True,False,True,0,0,96976,96968,97148,97148
7404,5,age,115284,115285,128,9,0.0703125,0.078125,0.07421875,True,False,True,0,0,98672,98664,98681,98681
7404,5,age,115284,115285,128,89,0.6953125,0.703125,0.69921875,False,True,True,0,0,98664,98664,98681,98682
7404,5,age,115284,115285,128,124,0.96875,0.9765625,0.97265625,True,False,True,0,0,98656,98592,98682,98682
7406,5,age,115286,115287,128,17,0.1328125,0.140625,0.13671875,True,False,True,0,0,97048,97040,97147,97147
7406,5,age,115286,115287,128,89,0.6953125,0.703125,0.69921875,False,True,True,0,0,96976,96976,97147,97148
7406,5,age,115286,115287,128,105,0.8203125,0.828125,0.82421875,True,False,True,0,0,96976,96968,97148,97148
7407,5,age,115340,115339,128,15,0.1171875,0.125,0.12109375,True,False,True,0,0,97448,97384,97337,97337
7407,5,age,115340,115339,128,38,0.296875,0.3046875,0.30078125,False,True,True,0,0,97384,97384,97337,97336
7407,5,age,115340,115339,128,118,0.921875,0.9296875,0.92578125,True,False,True,0,0,97392,97328,97336,97336
7412,5,age,115349,115350,128,17,0.1328125,0.140625,0.13671875,True,False,True,0,0,97432,97424,97339,97339
7412,5,age,115349,115350,128,89,0.6953125,0.703125,0.69921875,False,True,True,0,0,97360,97360,97339,97340
7412,5,age,115349,115350,128,105,0.8203125,0.828125,0.82421875,True,False,True,0,0,97360,97352,97340,97340
7414,5,age,115412,115413,128,17,0.1328125,0.140625,0.13671875,True,False,True,0,0,97432,97424,97403,97403
7414,5,age,115412,115413,128,89,0.6953125,0.703125,0.69921875,False,True,True,0,0,97360,97360,97403,97404
7414,5,age,115412,115413,128,105,0.8203125,0.828125,0.82421875,True,False,True,0,0,97360,97352,97404,97404
7416,5,age,115475,115476,128,17,0.1328125,0.140625,0.13671875,True,False,True,0,0,97432,97424,97467,97467
7416,5,age,115475,115476,128,89,0.6953125,0.703125,0.69921875,False,True,True,0,0,97360,97360,97467,97468
7416,5,age,115475,115476,128,105,0.8203125,0.828125,0.82421875,True,False,True,0,0,97360,97352,97468,97468
7418,5,age,115536,115537,128,9,0.0703125,0.078125,0.07421875,True,False,True,0,0,99056,99048,99065,99065
7418,5,age,115536,115537,128,89,0.6953125,0.703125,0.69921875,False,True,True,0,0,99048,99048,99065,99066
7418,5,age,115536,115537,128,97,0.7578125,0.765625,0.76171875,True,False,True,0,0,98984,98976,99066,99066
7420,5,age,115538,115539,128,17,0.1328125,0.140625,0.13671875,True,False,True,0,0,97432,97424,97531,97531
7420,5,age,115538,115539,128,89,0.6953125,0.703125,0.69921875,False,True,True,0,0,97360,97360,97531,97532
7420,5,age,115538,115539,128,105,0.8203125,0.828125,0.82421875,True,False,True,0,0,97360,97352,97532,97532
7422,5,age,115599,115600,128,9,0.0703125,0.078125,0.07421875,True,False,True,0,0,99056,99048,99065,99065
7422,5,age,115599,115600,128,89,0.6953125,0.703125,0.69921875,False,True,True,0,0,99048,99048,99065,99066
7422,5,age,115599,115600,128,124,0.96875,0.9765625,0.97265625,True,False,True,0,0,99040,98976,99066,99066
7424,5,age,115601,115602,128,17,0.1328125,0.140625,0.13671875,True,False,True,0,0,97432,97424,97531,97531
7424,5,age,115601,115602,128,89,0.6953125,0.703125,0.69921875,False,True,True,0,0,97360,97360,97531,97532
7424,5,age,115601,115602,128,105,0.8203125,0.828125,0.82421875,True,False,True,0,0,97360,97352,97532,97532
7425,5,age,115655,115654,128,15,0.1171875,0.125,0.12109375,True,False,True,0,0,97448,97384,97337,97337
7425,5,age,115655,115654,128,38,0.296875,0.3046875,0.30078125,False,True,True,0,0,97384,97384,97337,97336
7425,5,age,115655,115654,128,118,0.921875,0.9296875,0.92578125,True,False,True,0,0,97392,97328,97336,97336
7430,5,age,115664,115665,128,17,0.1328125,0.140625,0.13671875,True,False,True,0,0,97432,97424,97339,97339
7430,5,age,115664,115665,128,89,0.6953125,0.703125,0.69921875,False,True,True,0,0,97360,97360,97339,97340
7430,5,age,115664,115665,128,105,0.8203125,0.828125,0.82421875,True,False,True,0,0,97360,97352,97340,97340
7432,5,age,115727,115728,128,17,0.1328125,0.140625,0.13671875,True,False,True,0,0,97432,97424,97403,97403
7432,5,age,115727,115728,128,89,0.6953125,0.703125,0.69921875,False,True,True,0,0,97360,97360,97403,97404
7432,5,age,115727,115728,128,105,0.8203125,0.828125,0.82421875,True,False,True,0,0,97360,97352,97404,97404
7434,5,age,115790,115791,128,17,0.1328125,0.140625,0.13671875,True,False,True,0,0,97432,97424,97467,97467
7434,5,age,115790,115791,128,89,0.6953125,0.703125,0.69921875,False,True,True,0,0,97360,97360,97467,97468
7434,5,age,115790,115791,128,105,0.8203125,0.828125,0.82421875,True,False,True,0,0,97360,97352,97468,97468
7436,5,age,115851,115852,128,9,0.0703125,0.078125,0.07421875,True,False,True,0,0,99056,99048,99065,99065
7436,5,age,115851,115852,128,89,0.6953125,0.703125,0.69921875,False,True,True,0,0,99048,99048,99065,99066
7436,5,age,115851,115852,128,97,0.7578125,0.765625,0.76171875,True,False,True,0,0,98984,98976,99066,99066
7438,5,age,115853,115854,128,17,0.1328125,0.140625,0.13671875,True,False,True,0,0,97432,97424,97531,97531
7438,5,age,115853,115854,128,89,0.6953125,0.703125,0.69921875,False,True,True,0,0,97360,97360,97531,97532
7438,5,age,115853,115854,128,105,0.8203125,0.828125,0.82421875,True,False,True,0,0,97360,97352,97532,97532
7440,5,age,115914,115915,128,9,0.0703125,0.078125,0.07421875,True,False,True,0,0,99056,99048,99065,99065
7440,5,age,115914,115915,128,89,0.6953125,0.703125,0.69921875,False,True,True,0,0,99048,99048,99065,99066
7440,5,age,115914,115915,128,124,0.96875,0.9765625,0.97265625,True,False,True,0,0,99040,98976,99066,99066
7442,5,age,115916,115917,128,17,0.1328125,0.140625,0.13671875,True,False,True,0,0,97432,97424,97531,97531
7442,5,age,115916,115917,128,89,0.6953125,0.703125,0.69921875,False,True,True,0,0,97360,97360,97531,97532
7442,5,age,115916,115917,128,105,0.8203125,0.828125,0.82421875,True,False,True,0,0,97360,97352,97532,97532
7443,5,age,115970,115969,128,15,0.1171875,0.125,0.12109375,True,False,True,0,0,119336,119272,119225,119225
7443,5,age,115970,115969,128,38,0.296875,0.3046875,0.30078125,False,True,True,0,0,119272,119272,119225,119224
7443,5,age,115970,115969,128,118,0.921875,0.9296875,0.92578125,True,False,True,0,0,119280,119216,119224,119224
7448,5,age,115979,115980,128,17,0.1328125,0.140625,0.13671875,True,False,True,0,0,119320,119312,119227,119227
7448,5,age,115979,115980,128,89,0.6953125,0.703125,0.69921875,False,True,True,0,0,119248,119248,119227,119228
7448,5,age,115979,115980,128,105,0.8203125,0.828125,0.82421875,True,False,True,0,0,119248,119240,119228,119228
7450,5,age,116042,116043,128,17,0.1328125,0.140625,0.13671875,True,False,True,0,0,119320,119312,119291,119291
7450,5,age,116042,116043,128,89,0.6953125,0.703125,0.69921875,False,True,True,0,0,119248,119248,119291,119292
7450,5,age,116042,116043,128,105,0.8203125,0.828125,0.82421875,True,False,True,0,0,119248,119240,119292,119292
7452,5,age,116105,116106,128,17,0.1328125,0.140625,0.13671875,True,False,True,0,0,119320,119312,119355,119355
7452,5,age,116105,116106,128,89,0.6953125,0.703125,0.69921875,False,True,True,0,0,119248,119248,119355,119356
7452,5,age,116105,116106,128,105,0.8203125,0.828125,0.82421875,True,False,True,0,0,119248,119240,119356,119356
7454,5,age,116166,116167,128,9,0.0703125,0.078125,0.07421875,True,False,True,0,0,120944,120936,120953,120953
7454,5,age,116166,116167,128,89,0.6953125,0.703125,0.69921875,False,True,True,0,0,120936,120936,120953,120954
7454,5,age,116166,116167,128,97,0.7578125,0.765625,0.76171875,True,False,True,0,0,120872,120864,120954,120954
7456,5,age,116168,116169,128,17,0.1328125,0.140625,0.13671875,True,False,True,0,0,119320,119312,119419,119419
7456,5,age,116168,116169,128,89,0.6953125,0.703125,0.69921875,False,True,True,0,0,119248,119248,119419,119420
7456,5,age,116168,116169,128,105,0.8203125,0.828125,0.82421875,True,False,True,0,0,119248,119240,119420,119420
7458,5,age,116229,116230,128,9,0.0703125,0.078125,0.07421875,True,False,True,0,0,120944,120936,120953,120953
7458,5,age,116229,116230,128,89,0.6953125,0.703125,0.69921875,False,True,True,0,0,120936,120936,120953,120954
7458,5,age,116229,116230,128,124,0.96875,0.9765625,0.97265625,True,False,True,0,0,120928,120864,120954,120954
7460,5,age,116231,116232,128,17,0.1328125,0.140625,0.13671875,True,False,True,0,0,119320,119312,119419,119419
7460,5,age,116231,116232,128,89,0.6953125,0.703125,0.69921875,False,True,True,0,0,119248,119248,119419,119420
7460,5,age,116231,116232,128,105,0.8203125,0.828125,0.82421875,True,False,True,0,0,119248,119240,119420,119420
7461,5,age,116285,116284,128,15,0.1171875,0.125,0.12109375,True,False,True,0,0,119720,119656,119609,119609
7461,5,age,116285,116284,128,38,0.296875,0.3046875,0.30078125,False,True,True,0,0,119656,119656,119609,119608
7461,5,age,116285,116284,128,118,0.921875,0.9296875,0.92578125,True,False,True,0,0,119664,119600,119608,119608
7466,5,age,116294,116295,128,17,0.1328125,0.140625,0.13671875,True,False,True,0,0,119704,119696,119611,119611
7466,5,age,116294,116295,128,89,0.6953125,0.703125,0.69921875,False,True,True,0,0,119632,119632,119611,119612
7466,5,age,116294,116295,128,105,0.8203125,0.828125,0.82421875,True,False,True,0,0,119632,119624,119612,119612
7468,5,age,116357,116358,128,17,0.1328125,0.140625,0.13671875,True,False,True,0,0,119704,119696,119675,119675
7468,5,age,116357,116358,128,89,0.6953125,0.703125,0.69921875,False,True,True,0,0,119632,119632,119675,119676
7468,5,age,116357,116358,128,105,0.8203125,0.828125,0.82421875,True,False,True,0,0,119632,119624,119676,119676
7470,5,age,116420,116421,128,17,0.1328125,0.140625,0.13671875,True,False,True,0,0,119704,119696,119739,119739
7470,5,age,116420,116421,128,89,0.6953125,0.703125,0.69921875,False,True,True,0,0,119632,119632,119739,119740
7470,5,age,116420,116421,128,105,0.8203125,0.828125,0.82421875,True,False,True,0,0,119632,119624,119740,119740
7472,5,age,116481,116482,128,9,0.0703125,0.078125,0.07421875,True,False,True,0,0,121328,121320,121337,121337
7472,5,age,116481,116482,128,89,0.6953125,0.703125,0.69921875,False,True,True,0,0,121320,121320,121337,121338
7472,5,age,116481,116482,128,97,0.7578125,0.765625,0.76171875,True,False,True,0,0,121256,121248,121338,121338
7474,5,age,116483,116484,128,17,0.1328125,0.140625,0.13671875,True,False,True,0,0,119704,119696,119803,119803
7474,5,age,116483,116484,128,89,0.6953125,0.703125,0.69921875,False,True,True,0,0,119632,119632,119803,119804
7474,5,age,116483,116484,128,105,0.8203125,0.828125,0.82421875,True,False,True,0,0,119632,119624,119804,119804
7476,5,age,116544,116545,128,9,0.0703125,0.078125,0.07421875,True,False,True,0,0,121328,121320,121337,121337
7476,5,age,116544,116545,128,89,0.6953125,0.703125,0.69921875,False,True,True,0,0,121320,121320,121337,121338
7476,5,age,116544,116545,128,124,0.96875,0.9765625,0.97265625,True,False,True,0,0,121312,121248,121338,121338
7478,5,age,116546,116547,128,17,0.1328125,0.140625,0.13671875,True,False,True,0,0,119704,119696,119803,119803
7478,5,age,116546,116547,128,89,0.6953125,0.703125,0.69921875,False,True,True,0,0,119632,119632,119803,119804
7478,5,age,116546,116547,128,105,0.8203125,0.828125,0.82421875,True,False,True,0,0,119632,119624,119804,119804
7479,5,age,116600,116599,128,15,0.1171875,0.125,0.12109375,True,False,True,0,0,98600,98536,98489,98489
7479,5,age,116600,116599,128,38,0.296875,0.3046875,0.30078125,False,True,True,0,0,98536,98536,98489,98488
7479,5,age,116600,116599,128,118,0.921875,0.9296875,0.92578125,True,False,True,0,0,98544,98480,98488,98488
7484,5,age,116609,116610,128,17,0.1328125,0.140625,0.13671875,True,False,True,0,0,98584,98576,98491,98491
7484,5,age,116609,116610,128,89,0.6953125,0.703125,0.69921875,False,True,True,0,0,98512,98512,98491,98492
7484,5,age,116609,116610,128,105,0.8203125,0.828125,0.82421875,True,False,True,0,0,98512,98504,98492,98492
7486,5,age,116672,116673,128,17,0.1328125,0.140625,0.13671875,True,False,True,0,0,98584,98576,98555,98555
7486,5,age,116672,116673,128,89,0.6953125,0.703125,0.69921875,False,True,True,0,0,98512,98512,98555,98556
7486,5,age,116672,116673,128,105,0.8203125,0.828125,0.82421875,True,False,True,0,0,98512,98504,98556,98556
7488,5,age,116735,116736,128,17,0.1328125,0.140625,0.13671875,True,False,True,0,0,98584,98576,98619,98619
7488,5,age,116735,116736,128,89,0.6953125,0.703125,0.69921875,False,True,True,0,0,98512,98512,98619,98620
7488,5,age,116735,116736,128,105,0.8203125,0.828125,0.82421875,True,False,True,0,0,98512,98504,98620,98620
7490,5,age,116796,116797,128,9,0.0703125,0.078125,0.07421875,True,False,True,0,0,100208,100200,100217,100217
7490,5,age,116796,116797,128,89,0.6953125,0.703125,0.69921875,False,True,True,0,0,100200,100200,100217,100218
7490,5,age,116796,116797,128,97,0.7578125,0.765625,0.76171875,True,False,True,0,0,100136,100128,100218,100218
7492,5,age,116798,116799,128,17,0.1328125,0.140625,0.13671875,True,False,True,0,0,98584,98576,98683,98683
7492,5,age,116798,116799,128,89,0.6953125,0.703125,0.69921875,False,True,True,0,0,98512,98512,98683,98684
7492,5,age,116798,116799,128,105,0.8203125,0.828125,0.82421875,True,False,True,0,0,98512,98504,98684,98684
7494,5,age,116859,116860,128,9,0.0703125,0.078125,0.07421875,True,False,True,0,0,100208,100200,100217,100217
7494,5,age,116859,116860,128,89,0.6953125,0.703125,0.69921875,False,True,True,0,0,100200,100200,100217,100218
7494,5,age,116859,116860,128,124,0.96875,0.9765625,0.97265625,True,False,True,0,0,100192,100128,100218,100218
7496,5,age,116861,116862,128,17,0.1328125,0.140625,0.13671875,True,False,True,0,0,98584,98576,98683,98683
7496,5,age,116861,116862,128,89,0.6953125,0.703125,0.69921875,False,True,True,0,0,98512,98512,98683,98684
7496,5,age,116861,116862,128,105,0.8203125,0.828125,0.82421875,True,False,True,0,0,98512,98504,98684,98684
7497,5,age,116915,116914,128,15,0.1171875,0.125,0.12109375,True,False,True,0,0,98984,98920,98873,98873
7497,5,age,116915,116914,128,38,0.296875,0.3046875,0.30078125,False,True,True,0,0,98920,98920,98873,98872
7497,5,age,116915,116914,128,118,0.921875,0.9296875,0.92578125,True,False,True,0,0,98928,98864,98872,98872
7502,5,age,116924,116925,128,17,0.1328125,0.140625,0.13671875,True,False,True,0,0,98968,98960,98875,98875
7502,5,age,116924,116925,128,89,0.6953125,0.703125,0.69921875,False,True,True,0,0,98896,98896,98875,98876
7502,5,age,116924,116925,128,105,0.8203125,0.828125,0.82421875,True,False,True,0,0,98896,98888,98876,98876
7504,5,age,116987,116988,128,17,0.1328125,0.140625,0.13671875,True,False,True,0,0,98968,98960,98939,98939
7504,5,age,116987,116988,128,89,0.6953125,0.703125,0.69921875,False,True,True,0,0,98896,98896,98939,98940
7504,5,age,116987,116988,128,105,0.8203125,0.828125,0.82421875,True,False,True,0,0,98896,98888,98940,98940
7506,5,age,117050,117051,128,17,0.1328125,0.140625,0.13671875,True,False,True,0,0,98968,98960,99003,99003
7506,5,age,117050,117051,128,89,0.6953125,0.703125,0.69921875,False,True,True,0,0,98896,98896,99003,99004
7506,5,age,117050,117051,128,105,0.8203125,0.828125,0.82421875,True,False,True,0,0,98896,98888,99004,99004
7508,5,age,117111,117112,128,9,0.0703125,0.078125,0.07421875,True,False,True,0,0,100592,100584,100601,100601
7508,5,age,117111,117112,128,89,0.6953125,0.703125,0.69921875,False,True,True,0,0,100584,100584,100601,100602
7508,5,age,117111,117112,128,97,0.7578125,0.765625,0.76171875,True,False,True,0,0,100520,100512,100602,100602
7510,5,age,117113,117114,128,17,0.1328125,0.140625,0.13671875,True,False,True,0,0,98968,98960,99067,99067
7510,5,age,117113,117114,128,89,0.6953125,0.703125,0.69921875,False,True,True,0,0,98896,98896,99067,99068
7510,5,age,117113,117114,128,105,0.8203125,0.828125,0.82421875,True,False,True,0,0,98896,98888,99068,99068
7512,5,age,117174,117175,128,9,0.0703125,0.078125,0.07421875,True,False,True,0,0,100592,100584,100601,100601
7512,5,age,117174,117175,128,89,0.6953125,0.703125,0.69921875,False,True,True,0,0,100584,100584,100601,100602
7512,5,age,117174,117175,128,124,0.96875,0.9765625,0.97265625,True,False,True,0,0,100576,100512,100602,100602
7514,5,age,117176,117177,128,17,0.1328125,0.140625,0.13671875,True,False,True,0,0,98968,98960,99067,99067
7514,5,age,117176,117177,128,89,0.6953125,0.703125,0.69921875,False,True,True,0,0,98896,98896,99067,99068
7514,5,age,117176,117177,128,105,0.8203125,0.828125,0.82421875,True,False,True,0,0,98896,98888,99068,99068
7515,5,age,117230,117229,128,15,0.1171875,0.125,0.12109375,True,False,True,0,0,98984,98920,98873,98873
7515,5,age,117230,117229,128,38,0.296875,0.3046875,0.30078125,False,True,True,0,0,98920,98920,98873,98872
7515,5,age,117230,117229,128,118,0.921875,0.9296875,0.92578125,True,False,True,0,0,98928,98864,98872,98872
7520,5,age,117239,117240,128,17,0.1328125,0.140625,0.13671875,True,False,True,0,0,98968,98960,98875,98875
7520,5,age,117239,117240,128,89,0.6953125,0.703125,0.69921875,False,True,True,0,0,98896,98896,98875,98876
7520,5,age,117239,117240,128,105,0.8203125,0.828125,0.82421875,True,False,True,0,0,98896,98888,98876,98876
7522,5,age,117302,117303,128,17,0.1328125,0.140625,0.13671875,True,False,True,0,0,98968,98960,98939,98939
7522,5,age,117302,117303,128,89,0.6953125,0.703125,0.69921875,False,True,True,0,0,98896,98896,98939,98940
7522,5,age,117302,117303,128,105,0.8203125,0.828125,0.82421875,True,False,True,0,0,98896,98888,98940,98940
7524,5,age,117365,117366,128,17,0.1328125,0.140625,0.13671875,True,False,True,0,0,98968,98960,99003,99003
7524,5,age,117365,117366,128,89,0.6953125,0.703125,0.69921875,False,True,True,0,0,98896,98896,99003,99004
7524,5,age,117365,117366,128,105,0.8203125,0.828125,0.82421875,True,False,True,0,0,98896,98888,99004,99004
7526,5,age,117426,117427,128,9,0.0703125,0.078125,0.07421875,True,False,True,0,0,100592,100584,100601,100601
7526,5,age,117426,117427,128,89,0.6953125,0.703125,0.69921875,False,True,True,0,0,100584,100584,100601,100602
7526,5,age,117426,117427,128,97,0.7578125,0.765625,0.76171875,True,False,True,0,0,100520,100512,100602,100602
7528,5,age,117428,117429,128,17,0.1328125,0.140625,0.13671875,True,False,True,0,0,98968,98960,99067,99067
7528,5,age,117428,117429,128,89,0.6953125,0.703125,0.69921875,False,True,True,0,0,98896,98896,99067,99068
7528,5,age,117428,117429,128,105,0.8203125,0.828125,0.82421875,True,False,True,0,0,98896,98888,99068,99068
7530,5,age,117489,117490,128,9,0.0703125,0.078125,0.07421875,True,False,True,0,0,100592,100584,100601,100601
7530,5,age,117489,117490,128,89,0.6953125,0.703125,0.69921875,False,True,True,0,0,100584,100584,100601,100602
7530,5,age,117489,117490,128,124,0.96875,0.9765625,0.97265625,True,False,True,0,0,100576,100512,100602,100602
7532,5,age,117491,117492,128,17,0.1328125,0.140625,0.13671875,True,False,True,0,0,98968,98960,99067,99067
7532,5,age,117491,117492,128,89,0.6953125,0.703125,0.69921875,False,True,True,0,0,98896,98896,99067,99068
7532,5,age,117491,117492,128,105,0.8203125,0.828125,0.82421875,True,False,True,0,0,98896,98888,99068,99068
7533,5,age,117545,117544,128,15,0.1171875,0.125,0.12109375,True,False,True,0,0,120872,120808,120761,120761
7533,5,age,117545,117544,128,38,0.296875,0.3046875,0.30078125,False,True,True,0,0,120808,120808,120761,120760
7533,5,age,117545,117544,128,118,0.921875,0.9296875,0.92578125,True,False,True,0,0,120816,120752,120760,120760
7538,5,age,117554,117555,128,17,0.1328125,0.140625,0.13671875,True,False,True,0,0,120856,120848,120763,120763
7538,5,age,117554,117555,128,89,0.6953125,0.703125,0.69921875,False,True,True,0,0,120784,120784,120763,120764
7538,5,age,117554,117555,128,105,0.8203125,0.828125,0.82421875,True,False,True,0,0,120784,120776,120764,120764
7540,5,age,117617,117618,128,17,0.1328125,0.140625,0.13671875,True,False,True,0,0,120856,120848,120827,120827
7540,5,age,117617,117618,128,89,0.6953125,0.703125,0.69921875,False,True,True,0,0,120784,120784,120827,120828
7540,5,age,117617,117618,128,105,0.8203125,0.828125,0.82421875,True,False,True,0,0,120784,120776,120828,120828
7542,5,age,117680,117681,128,17,0.1328125,0.140625,0.13671875,True,False,True,0,0,120856,120848,120891,120891
7542,5,age,117680,117681,128,89,0.6953125,0.703125,0.69921875,False,True,True,0,0,120784,120784,120891,120892
7542,5,age,117680,117681,128,105,0.8203125,0.828125,0.82421875,True,False,True,0,0,120784,120776,120892,120892
7544,5,age,117741,117742,128,9,0.0703125,0.078125,0.07421875,True,False,True,0,0,122480,122472,122489,122489
7544,5,age,117741,117742,128,89,0.6953125,0.703125,0.69921875,False,True,True,0,0,122472,122472,122489,122490
7544,5,age,117741,117742,128,97,0.7578125,0.765625,0.76171875,True,False,True,0,0,122408,122400,122490,122490
7546,5,age,117743,117744,128,17,0.1328125,0.140625,0.13671875,True,False,True,0,0,120856,120848,120955,120955
7546,5,age,117743,117744,128,89,0.6953125,0.703125,0.69921875,False,True,True,0,0,120784,120784,120955,120956
7546,5,age,117743,117744,128,105,0.8203125,0.828125,0.82421875,True,False,True,0,0,120784,120776,120956,120956
7548,5,age,117804,117805,128,9,0.0703125,0.078125,0.07421875,True,False,True,0,0,122480,122472,122489,122489
7548,5,age,117804,117805,128,89,0.6953125,0.703125,0.69921875,False,True,True,0,0,122472,122472,122489,122490
7548,5,age,117804,117805,128,124,0.96875,0.9765625,0.97265625,True,False,True,0,0,122464,122400,122490,122490
7550,5,age,117806,117807,128,17,0.1328125,0.140625,0.13671875,True,False,True,0,0,120856,120848,120955,120955
7550,5,age,117806,117807,128,89,0.6953125,0.703125,0.69921875,False,True,True,0,0,120784,120784,120955,120956
7550,5,age,117806,117807,128,105,0.8203125,0.828125,0.82421875,True,False,True,0,0,120784,120776,120956,120956
7551,5,age,117860,117859,128,15,0.1171875,0.125,0.12109375,True,False,True,0,0,121256,121192,121145,121145
7551,5,age,117860,117859,128,38,0.296875,0.3046875,0.30078125,False,True,True,0,0,121192,121192,121145,121144
7551,5,age,117860,117859,128,118,0.921875,0.9296875,0.92578125,True,False,True,0,0,121200,121136,121144,121144
7556,5,age,117869,117870,128,17,0.1328125,0.140625,0.13671875,True,False,True,0,0,121240,121232,121147,121147
7556,5,age,117869,117870,128,89,0.6953125,0.703125,0.69921875,False,True,True,0,0,121168,121168,121147,121148
7556,5,age,117869,117870,128,105,0.8203125,0.828125,0.82421875,True,False,True,0,0,121168,121160,121148,121148
7558,5,age,117932,117933,128,17,0.1328125,0.140625,0.13671875,True,False,True,0,0,121240,121232,121211,121211
7558,5,age,117932,117933,128,89,0.6953125,0.703125,0.69921875,False,True,True,0,0,121168,121168,121211,121212
7558,5,age,117932,117933,128,105,0.8203125,0.828125,0.82421875,True,False,True,0,0,121168,121160,121212,121212
7560,5,age,117995,117996,128,17,0.1328125,0.140625,0.13671875,True,False,True,0,0,121240,121232,121275,121275
7560,5,age,117995,117996,128,89,0.6953125,0.703125,0.69921875,False,True,True,0,0,121168,121168,121275,121276
7560,5,age,117995,117996,128,105,0.8203125,0.828125,0.82421875,True,False,True,0,0,121168,121160,121276,121276
7562,5,age,118056,118057,128,9,0.0703125,0.078125,0.07421875,True,False,True,0,0,122864,122856,122873,122873
7562,5,age,118056,118057,128,89,0.6953125,0.703125,0.69921875,False,True,True,0,0,122856,122856,122873,122874
7562,5,age,118056,118057,128,97,0.7578125,0.765625,0.76171875,True,False,True,0,0,122792,122784,122874,122874
7564,5,age,118058,118059,128,17,0.1328125,0.140625,0.13671875,True,False,True,0,0,121240,121232,121339,121339
7564,5,age,118058,118059,128,89,0.6953125,0.703125,0.69921875,False,True,True,0,0,121168,121168,121339,121340
7564,5,age,118058,118059,128,105,0.8203125,0.828125,0.82421875,True,False,True,0,0,121168,121160,121340,121340
7566,5,age,118119,118120,128,9,0.0703125,0.078125,0.07421875,True,False,True,0,0,122864,122856,122873,122873
7566,5,age,118119,118120,128,89,0.6953125,0.703125,0.69921875,False,True,True,0,0,122856,122856,122873,122874
7566,5,age,118119,118120,128,124,0.96875,0.9765625,0.97265625,True,False,True,0,0,122848,122784,122874,122874
7568,5,age,118121,118122,128,17,0.1328125,0.140625,0.13671875,True,False,True,0,0,121240,121232,121339,121339
7568,5,age,118121,118122,128,89,0.6953125,0.703125,0.69921875,False,True,True,0,0,121168,121168,121339,121340
7568,5,age,118121,118122,128,105,0.8203125,0.828125,0.82421875,True,False,True,0,0,121168,121160,121340,121340
7569,5,age,118175,118174,128,15,0.1171875,0.125,0.12109375,True,False,True,0,0,100136,100072,100025,100025
7569,5,age,118175,118174,128,38,0.296875,0.3046875,0.30078125,False,True,True,0,0,100072,100072,100025,100024
7569,5,age,118175,118174,128,118,0.921875,0.9296875,0.92578125,True,False,True,0,0,100080,100016,100024,100024
7574,5,age,118184,118185,128,17,0.1328125,0.140625,0.13671875,True,False,True,0,0,100120,100112,100027,100027
7574,5,age,118184,118185,128,89,0.6953125,0.703125,0.69921875,False,True,True,0,0,100048,100048,100027,100028
7574,5,age,118184,118185,128,105,0.8203125,0.828125,0.82421875,True,False,True,0,0,100048,100040,100028,100028
7576,5,age,118247,118248,128,17,0.1328125,0.140625,0.13671875,True,False,True,0,0,100120,100112,100091,100091
7576,5,age,118247,118248,128,89,0.6953125,0.703125,0.69921875,False,True,True,0,0,100048,100048,100091,100092
7576,5,age,118247,118248,128,105,0.8203125,0.828125,0.82421875,True,False,True,0,0,100048,100040,100092,100092
7578,5,age,118310,118311,128,17,0.1328125,0.140625,0.13671875,True,False,True,0,0,100120,100112,100155,100155
7578,5,age,118310,118311,128,89,0.6953125,0.703125,0.69921875,False,True,True,0,0,100048,100048,100155,100156
7578,5,age,118310,118311,128,105,0.8203125,0.828125,0.82421875,True,False,True,0,0,100048,100040,100156,100156
7580,5,age,118371,118372,128,9,0.0703125,0.078125,0.07421875,True,False,True,0,0,101744,101736,101753,101753
7580,5,age,118371,118372,128,89,0.6953125,0.703125,0.69921875,False,True,True,0,0,101736,101736,101753,101754
7580,5,age,118371,118372,128,97,0.7578125,0.765625,0.76171875,True,False,True,0,0,101672,101664,101754,101754
7582,5,age,118373,118374,128,17,0.1328125,0.140625,0.13671875,True,False,True,0,0,100120,100112,100219,100219
7582,5,age,118373,118374,128,89,0.6953125,0.703125,0.69921875,False,True,True,0,0,100048,100048,100219,100220
7582,5,age,118373,118374,128,105,0.8203125,0.828125,0.82421875,True,False,True,0,0,100048,100040,100220,100220
7584,5,age,118434,118435,128,9,0.0703125,0.078125,0.07421875,True,False,True,0,0,101744,101736,101753,101753
7584,5,age,118434,118435,128,89,0.6953125,0.703125,0.69921875,False,True,True,0,0,101736,101736,101753,101754
7584,5,age,118434,118435,128,124,0.96875,0.9765625,0.97265625,True,False,True,0,0,101728,101664,101754,101754
7586,5,age,118436,118437,128,17,0.1328125,0.140625,0.13671875,True,False,True,0,0,100120,100112,100219,100219
7586,5,age,118436,118437,128,89,0.6953125,0.703125,0.69921875,False,True,True,0,0,100048,100048,100219,100220
7586,5,age,118436,118437,128,105,0.8203125,0.828125,0.82421875,True,False,True,0,0,100048,100040,100220,100220
7587,5,age,118490,118489,128,15,0.1171875,0.125,0.12109375,True,False,True,0,0,100520,100456,100409,100409
7587,5,age,118490,118489,128,38,0.296875,0.3046875,0.30078125,False,True,True,0,0,100456,100456,100409,100408
7587,5,age,118490,118489,128,118,0.921875,0.9296875,0.92578125,True,False,True,0,0,100464,100400,100408,100408
7592,5,age,118499,118500,128,17,0.1328125,0.140625,0.13671875,True,False,True,0,0,100504,100496,100411,100411
7592,5,age,118499,118500,128,89,0.6953125,0.703125,0.69921875,False,True,True,0,0,100432,100432,100411,100412
7592,5,age,118499,118500,128,105,0.8203125,0.828125,0.82421875,True,False,True,0,0,100432,100424,100412,100412
7594,5,age,118562,118563,128,17,0.1328125,0.140625,0.13671875,True,False,True,0,0,100504,100496,100475,100475
7594,5,age,118562,118563,128,89,0.6953125,0.703125,0.69921875,False,True,True,0,0,100432,100432,100475,100476
7594,5,age,118562,118563,128,105,0.8203125,0.828125,0.82421875,True,False,True,0,0,100432,100424,100476,100476
7596,5,age,118625,118626,128,17,0.1328125,0.140625,0.13671875,True,False,True,0,0,100504,100496,100539,100539
7596,5,age,118625,118626,128,89,0.6953125,0.703125,0.69921875,False,True,True,0,0,100432,100432,100539,100540
7596,5,age,118625,118626,128,105,0.8203125,0.828125,0.82421875,True,False,True,0,0,100432,100424,100540,100540
7598,5,age,118686,118687,128,9,0.0703125,0.078125,0.07421875,True,False,True,0,0,102128,102120,102137,102137
7598,5,age,118686,118687,128,89,0.6953125,0.703125,0.69921875,False,True,True,0,0,102120,102120,102137,102138
7598,5,age,118686,118687,128,97,0.7578125,0.765625,0.76171875,True,False,True,0,0,102056,102048,102138,102138
7600,5,age,118688,118689,128,17,0.1328125,0.140625,0.13671875,True,False,True,0,0,100504,100496,100603,100603
7600,5,age,118688,118689,128,89,0.6953125,0.703125,0.69921875,False,True,True,0,0,100432,100432,100603,100604
7600,5,age,118688,118689,128,105,0.8203125,0.828125,0.82421875,True,False,True,0,0,100432,100424,100604,100604
7602,5,age,118749,118750,128,9,0.0703125,0.078125,0.07421875,True,False,True,0,0,102128,102120,102137,102137
7602,5,age,118749,118750,128,89,0.6953125,0.703125,0.69921875,False,True,True,0,0,102120,102120,102137,102138
7602,5,age,118749,118750,128,124,0.96875,0.9765625,0.97265625,True,False,True,0,0,102112,102048,102138,102138
7604,5,age,118751,118752,128,17,0.1328125,0.140625,0.13671875,True,False,True,0,0,100504,100496,100603,100603
7604,5,age,118751,118752,128,89,0.6953125,0.703125,0.69921875,False,True,True,0,0,100432,100432,100603,100604
7604,5,age,118751,118752,128,105,0.8203125,0.828125,0.82421875,True,False,True,0,0,100432,100424,100604,100604
7605,5,age,118805,118804,128,15,0.1171875,0.125,0.12109375,True,False,True,0,0,100520,100456,100409,100409
7605,5,age,118805,118804,128,38,0.296875,0.3046875,0.30078125,False,True,True,0,0,100456,100456,100409,100408
7605,5,age,118805,118804,128,118,0.921875,0.9296875,0.92578125,True,False,True,0,0,100464,100400,100408,100408
7610,5,age,118814,118815,128,17,0.1328125,0.140625,0.13671875,True,False,True,0,0,100504,100496,100411,100411
7610,5,age,118814,118815,128,89,0.6953125,0.703125,0.69921875,False,True,True,0,0,100432,100432,100411,100412
7610,5,age,118814,118815,128,105,0.8203125,0.828125,0.82421875,True,False,True,0,0,100432,100424,100412,100412
7612,5,age,118877,118878,128,17,0.1328125,0.140625,0.13671875,True,False,True,0,0,100504,100496,100475,100475
7612,5,age,118877,118878,128,89,0.6953125,0.703125,0.69921875,False,True,True,0,0,100432,100432,100475,100476
7612,5,age,118877,118878,128,105,0.8203125,0.828125,0.82421875,True,False,True,0,0,100432,100424,100476,100476
7614,5,age,118940,118941,128,17,0.1328125,0.140625,0.13671875,True,False,True,0,0,100504,100496,100539,100539
7614,5,age,118940,118941,128,89,0.6953125,0.703125,0.69921875,False,True,True,0,0,100432,100432,100539,100540
7614,5,age,118940,118941,128,105,0.8203125,0.828125,0.82421875,True,False,True,0,0,100432,100424,100540,100540
7616,5,age,119001,119002,128,9,0.0703125,0.078125,0.07421875,True,False,True,0,0,102128,102120,102137,102137
7616,5,age,119001,119002,128,89,0.6953125,0.703125,0.69921875,False,True,True,0,0,102120,102120,102137,102138
7616,5,age,119001,119002,128,97,0.7578125,0.765625,0.76171875,True,False,True,0,0,102056,102048,102138,102138
7618,5,age,119003,119004,128,17,0.1328125,0.140625,0.13671875,True,False,True,0,0,100504,100496,100603,100603
7618,5,age,119003,119004,128,89,0.6953125,0.703125,0.69921875,False,True,True,0,0,100432,100432,100603,100604
7618,5,age,119003,119004,128,105,0.8203125,0.828125,0.82421875,True,False,True,0,0,100432,100424,100604,100604
7620,5,age,119064,119065,128,9,0.0703125,0.078125,0.07421875,True,False,True,0,0,102128,102120,102137,102137
7620,5,age,119064,119065,128,89,0.6953125,0.703125,0.69921875,False,True,True,0,0,102120,102120,102137,102138
7620,5,age,119064,119065,128,124,0.96875,0.9765625,0.97265625,True,False,True,0,0,102112,102048,102138,102138
7622,5,age,119066,119067,128,17,0.1328125,0.140625,0.13671875,True,False,True,0,0,100504,100496,100603,100603
7622,5,age,119066,119067,128,89,0.6953125,0.703125,0.69921875,False,True,True,0,0,100432,100432,100603,100604
7622,5,age,119066,119067,128,105,0.8203125,0.828125,0.82421875,True,False,True,0,0,100432,100424,100604,100604
7623,5,age,119120,119119,128,15,0.1171875,0.125,0.12109375,True,False,True,0,0,122408,122344,122297,122297
7623,5,age,119120,119119,128,38,0.296875,0.3046875,0.30078125,False,True,True,0,0,122344,122344,122297,122296
7623,5,age,119120,119119,128,118,0.921875,0.9296875,0.92578125,True,False,True,0,0,122352,122288,122296,122296
7628,5,age,119129,119130,128,17,0.1328125,0.140625,0.13671875,True,False,True,0,0,122392,122384,122299,122299
7628,5,age,119129,119130,128,89,0.6953125,0.703125,0.69921875,False,True,True,0,0,122320,122320,122299,122300
7628,5,age,119129,119130,128,105,0.8203125,0.828125,0.82421875,True,False,True,0,0,122320,122312,122300,122300
7630,5,age,119192,119193,128,17,0.1328125,0.140625,0.13671875,True,False,True,0,0,122392,122384,122363,122363
7630,5,age,119192,119193,128,89,0.6953125,0.703125,0.69921875,False,True,True,0,0,122320,122320,122363,122364
7630,5,age,119192,119193,128,105,0.8203125,0.828125,0.82421875,True,False,True,0,0,122320,122312,122364,122364
7632,5,age,119255,119256,128,17,0.1328125,0.140625,0.13671875,True,False,True,0,0,122392,122384,122427,122427
7632,5,age,119255,119256,128,89,0.6953125,0.703125,0.69921875,False,True,True,0,0,122320,122320,122427,122428
7632,5,age,119255,119256,128,105,0.8203125,0.828125,0.82421875,True,False,True,0,0,122320,122312,122428,122428
7634,5,age,119316,119317,128,9,0.0703125,0.078125,0.07421875,True,False,True,0,0,124016,124008,124025,124025
7634,5,age,119316,119317,128,89,0.6953125,0.703125,0.69921875,False,True,True,0,0,124008,124008,124025,124026
7634,5,age,119316,119317,128,97,0.7578125,0.765625,0.76171875,True,False,True,0,0,123944,123936,124026,124026
7636,5,age,119318,119319,128,17,0.1328125,0.140625,0.13671875,True,False,True,0,0,122392,122384,122491,122491
7636,5,age,119318,119319,128,89,0.6953125,0.703125,0.69921875,False,True,True,0,0,122320,122320,122491,122492
7636,5,age,119318,119319,128,105,0.8203125,0.828125,0.82421875,True,False,True,0,0,122320,122312,122492,122492
7638,5,age,119379,119380,128,9,0.0703125,0.078125,0.07421875,True,False,True,0,0,124016,124008,124025,124025
7638,5,age,119379,119380,128,89,0.6953125,0.703125,0.69921875,False,True,True,0,0,124008,124008,124025,124026
7638,5,age,119379,119380,128,124,0.96875,0.9765625,0.97265625,True,False,True,0,0,124000,123936,124026,124026
7640,5,age,119381,119382,128,17,0.1328125,0.140625,0.13671875,True,False,True,0,0,122392,122384,122491,122491
7640,5,age,119381,119382,128,89,0.6953125,0.703125,0.69921875,False,True,True,0,0,122320,122320,122491,122492
7640,5,age,119381,119382,128,105,0.8203125,0.828125,0.82421875,True,False,True,0,0,122320,122312,122492,122492
7641,5,age,119435,119434,128,15,0.1171875,0.125,0.12109375,True,False,True,0,0,122792,122728,122681,122681
7641,5,age,119435,119434,128,38,0.296875,0.3046875,0.30078125,False,True,True,0,0,122728,122728,122681,122680
7641,5,age,119435,119434,128,118,0.921875,0.9296875,0.92578125,True,False,True,0,0,122736,122672,122680,122680
7646,5,age,119444,119445,128,17,0.1328125,0.140625,0.13671875,True,False,True,0,0,122776,122768,122683,122683
7646,5,age,119444,119445,128,89,0.6953125,0.703125,0.69921875,False,True,True,0,0,122704,122704,122683,122684
7646,5,age,119444,119445,128,105,0.8203125,0.828125,0.82421875,True,False,True,0,0,122704,122696,122684,122684
7648,5,age,119507,119508,128,17,0.1328125,0.140625,0.13671875,True,False,True,0,0,122776,122768,122747,122747
7648,5,age,119507,119508,128,89,0.6953125,0.703125,0.69921875,False,True,True,0,0,122704,122704,122747,122748
7648,5,age,119507,119508,128,105,0.8203125,0.828125,0.82421875,True,False,True,0,0,122704,122696,122748,122748
7650,5,age,119570,119571,128,17,0.1328125,0.140625,0.13671875,True,False,True,0,0,122776,122768,122811,122811
7650,5,age,119570,119571,128,89,0.6953125,0.703125,0.69921875,False,True,True,0,0,122704,122704,122811,122812
7650,5,age,119570,119571,128,105,0.8203125,0.828125,0.82421875,True,False,True,0,0,122704,122696,122812,122812
7652,5,age,119631,119632,128,9,0.0703125,0.078125,0.07421875,True,False,True,0,0,124400,124392,124409,124409
7652,5,age,119631,119632,128,89,0.6953125,0.703125,0.69921875,False,True,True,0,0,124392,124392,124409,124410
7652,5,age,119631,119632,128,97,0.7578125,0.765625,0.76171875,True,False,True,0,0,124328,124320,124410,124410
7654,5,age,119633,119634,128,17,0.1328125,0.140625,0.13671875,True,False,True,0,0,122776,122768,122875,122875
7654,5,age,119633,119634,128,89,0.6953125,0.703125,0.69921875,False,True,True,0,0,122704,122704,122875,122876
7654,5,age,119633,119634,128,105,0.8203125,0.828125,0.82421875,True,False,True,0,0,122704,122696,122876,122876
7656,5,age,119694,119695,128,9,0.0703125,0.078125,0.07421875,True,False,True,0,0,124400,124392,124409,124409
7656,5,age,119694,119695,128,89,0.6953125,0.703125,0.69921875,False,True,True,0,0,124392,124392,124409,124410
7656,5,age,119694,119695,128,124,0.96875,0.9765625,0.97265625,True,False,True,0,0,124384,124320,124410,124410
7658,5,age,119696,119697,128,17,0.1328125,0.140625,0.13671875,True,False,True,0,0,122776,122768,122875,122875
7658,5,age,119696,119697,128,89,0.6953125,0.703125,0.69921875,False,True,True,0,0,122704,122704,122875,122876
7658,5,age,119696,119697,128,105,0.8203125,0.828125,0.82421875,True,False,True,0,0,122704,122696,122876,122876
7659,5,age,119750,119749,128,15,0.1171875,0.125,0.12109375,True,False,True,0,0,101672,101608,101561,101561
7659,5,age,119750,119749,128,38,0.296875,0.3046875,0.30078125,False,True,True,0,0,101608,101608,101561,101560
7659,5,age,119750,119749,128,118,0.921875,0.9296875,0.92578125,True,False,True,0,0,101616,101552,101560,101560
7664,5,age,119759,119760,128,17,0.1328125,0.140625,0.13671875,True,False,True,0,0,101656,101648,101563,101563
7664,5,age,119759,119760,128,89,0.6953125,0.703125,0.69921875,False,True,True,0,0,101584,101584,101563,101564
7664,5,age,119759,119760,128,105,0.8203125,0.828125,0.82421875,True,False,True,0,0,101584,101576,101564,101564
7666,5,age,119822,119823,128,17,0.1328125,0.140625,0.13671875,True,False,True,0,0,101656,101648,101627,101627
7666,5,age,119822,119823,128,89,0.6953125,0.703125,0.69921875,False,True,True,0,0,101584,101584,101627,101628
7666,5,age,119822,119823,128,105,0.8203125,0.828125,0.82421875,True,False,True,0,0,101584,101576,101628,101628
7668,5,age,119885,119886,128,17,0.1328125,0.140625,0.13671875,True,False,True,0,0,101656,101648,101691,101691
7668,5,age,119885,119886,128,89,0.6953125,0.703125,0.69921875,False,True,True,0,0,101584,101584,101691,101692
7668,5,age,119885,119886,128,105,0.8203125,0.828125,0.82421875,True,False,True,0,0,101584,101576,101692,101692
7670,5,age,119946,119947,128,9,0.0703125,0.078125,0.07421875,True,False,True,0,0,103280,103272,103289,103289
7670,5,age,119946,119947,128,89,0.6953125,0.703125,0.69921875,False,True,True,0,0,103272,103272,103289,103290
7670,5,age,119946,119947,128,97,0.7578125,0.765625,0.76171875,True,False,True,0,0,103208,103200,103290,103290
7672,5,age,119948,119949,128,17,0.1328125,0.140625,0.13671875,True,False,True,0,0,101656,101648,101755,101755
7672,5,age,119948,119949,128,89,0.6953125,0.703125,0.69921875,False,True,True,0,0,101584,101584,101755,101756
7672,5,age,119948,119949,128,105,0.8203125,0.828125,0.82421875,True,False,True,0,0,101584,101576,101756,101756
7674,5,age,120009,120010,128,9,0.0703125,0.078125,0.07421875,True,False,True,0,0,103280,103272,103289,103289
7674,5,age,120009,120010,128,89,0.6953125,0.703125,0.69921875,False,True,True,0,0,103272,103272,103289,103290
7674,5,age,120009,120010,128,124,0.96875,0.9765625,0.97265625,True,False,True,0,0,103264,103200,103290,103290
7676,5,age,120011,120012,128,17,0.1328125,0.140625,0.13671875,True,False,True,0,0,101656,101648,101755,101755
7676,5,age,120011,120012,128,89,0.6953125,0.703125,0.69921875,False,True,True,0,0,101584,101584,101755,101756
7676,5,age,120011,120012,128,105,0.8203125,0.828125,0.82421875,True,False,True,0,0,101584,101576,101756,101756
7677,5,age,120065,120064,128,15,0.1171875,0.125,0.12109375,True,False,True,0,0,102056,101992,101945,101945
7677,5,age,120065,120064,128,38,0.296875,0.3046875,0.30078125,False,True,True,0,0,101992,101992,101945,101944
7677,5,age,120065,120064,128,118,0.921875,0.9296875,0.92578125,True,False,True,0,0,102000,101936,101944,101944
7682,5,age,120074,120075,128,17,0.1328125,0.140625,0.13671875,True,False,True,0,0,102040,102032,101947,101947
7682,5,age,120074,120075,128,89,0.6953125,0.703125,0.69921875,False,True,True,0,0,101968,101968,101947,101948
7682,5,age,120074,120075,128,105,0.8203125,0.828125,0.82421875,True,False,True,0,0,101968,101960,101948,101948
7684,5,age,120137,120138,128,17,0.1328125,0.140625,0.13671875,True,False,True,0,0,102040,102032,102011,102011
7684,5,age,120137,120138,128,89,0.6953125,0.703125,0.69921875,False,True,True,0,0,101968,101968,102011,102012
7684,5,age,120137,120138,128,105,0.8203125,0.828125,0.82421875,True,False,True,0,0,101968,101960,102012,102012
7686,5,age,120200,120201,128,17,0.1328125,0.140625,0.13671875,True,False,True,0,0,102040,102032,102075,102075
7686,5,age,120200,120201,128,89,0.6953125,0.703125,0.69921875,False,True,True,0,0,101968,101968,102075,102076
7686,5,age,120200,120201,128,105,0.8203125,0.828125,0.82421875,True,False,True,0,0,101968,101960,102076,102076
7688,5,age,120261,120262,128,9,0.0703125,0.078125,0.07421875,True,False,True,0,0,103664,103656,103673,103673
7688,5,age,120261,120262,128,89,0.6953125,0.703125,0.69921875,False,True,True,0,0,103656,103656,103673,103674
7688,5,age,120261,120262,128,97,0.7578125,0.765625,0.76171875,True,False,True,0,0,103592,103584,103674,103674
7690,5,age,120263,120264,128,17,0.1328125,0.140625,0.13671875,True,False,True,0,0,102040,102032,102139,102139
7690,5,age,120263,120264,128,89,0.6953125,0.703125,0.69921875,False,True,True,0,0,101968,101968,102139,102140
7690,5,age,120263,120264,128,105,0.8203125,0.828125,0.82421875,True,False,True,0,0,101968,101960,102140,102140
7692,5,age,120324,120325,128,9,0.0703125,0.078125,0.07421875,True,False,True,0,0,103664,103656,103673,103673
7692,5,age,120324,120325,128,89,0.6953125,0.703125,0.69921875,False,True,True,0,0,103656,103656,103673,103674
7692,5,age,120324,120325,128,124,0.96875,0.9765625,0.97265625,True,False,True,0,0,103648,103584,103674,103674
7694,5,age,120326,120327,128,17,0.1328125,0.140625,0.13671875,True,False,True,0,0,102040,102032,102139,102139
7694,5,age,120326,120327,128,89,0.6953125,0.703125,0.69921875,False,True,True,0,0,101968,101968,102139,102140
7694,5,age,120326,120327,128,105,0.8203125,0.828125,0.82421875,True,False,True,0,0,101968,101960,102140,102140
7695,5,age,120380,120379,128,15,0.1171875,0.125,0.12109375,True,False,True,0,0,102056,101992,101945,101945
7695,5,age,120380,120379,128,38,0.296875,0.3046875,0.30078125,False,True,True,0,0,101992,101992,101945,101944
7695,5,age,120380,120379,128,118,0.921875,0.9296875,0.92578125,True,False,True,0,0,102000,101936,101944,101944
7700,5,age,120389,120390,128,17,0.1328125,0.140625,0.13671875,True,False,True,0,0,102040,102032,101947,101947
7700,5,age,120389,120390,128,89,0.6953125,0.703125,0.69921875,False,True,True,0,0,101968,101968,101947,101948
7700,5,age,120389,120390,128,105,0.8203125,0.828125,0.82421875,True,False,True,0,0,101968,101960,101948,101948
7702,5,age,120452,120453,128,17,0.1328125,0.140625,0.13671875,True,False,True,0,0,102040,102032,102011,102011
7702,5,age,120452,120453,128,89,0.6953125,0.703125,0.69921875,False,True,True,0,0,101968,101968,102011,102012
7702,5,age,120452,120453,128,105,0.8203125,0.828125,0.82421875,True,False,True,0,0,101968,101960,102012,102012
7704,5,age,120515,120516,128,17,0.1328125,0.140625,0.13671875,True,False,True,0,0,102040,102032,102075,102075
7704,5,age,120515,120516,128,89,0.6953125,0.703125,0.69921875,False,True,True,0,0,101968,101968,102075,102076
7704,5,age,120515,120516,128,105,0.8203125,0.828125,0.82421875,True,False,True,0,0,101968,101960,102076,102076
7706,5,age,120576,120577,128,9,0.0703125,0.078125,0.07421875,True,False,True,0,0,103664,103656,103673,103673
7706,5,age,120576,120577,128,89,0.6953125,0.703125,0.69921875,False,True,True,0,0,103656,103656,103673,103674
7706,5,age,120576,120577,128,97,0.7578125,0.765625,0.76171875,True,False,True,0,0,103592,103584,103674,103674
7708,5,age,120578,120579,128,17,0.1328125,0.140625,0.13671875,True,False,True,0,0,102040,102032,102139,102139
7708,5,age,120578,120579,128,89,0.6953125,0.703125,0.69921875,False,True,True,0,0,101968,101968,102139,102140
7708,5,age,120578,120579,128,105,0.8203125,0.828125,0.82421875,True,False,True,0,0,101968,101960,102140,102140
7710,5,age,120639,120640,128,9,0.0703125,0.078125,0.07421875,True,False,True,0,0,103664,103656,103673,103673
7710,5,age,120639,120640,128,89,0.6953125,0.703125,0.69921875,False,True,True,0,0,103656,103656,103673,103674
7710,5,age,120639,120640,128,124,0.96875,0.9765625,0.97265625,True,False,True,0,0,103648,103584,103674,103674
7712,5,age,120641,120642,128,17,0.1328125,0.140625,0.13671875,True,False,True,0,0,102040,102032,102139,102139
7712,5,age,120641,120642,128,89,0.6953125,0.703125,0.69921875,False,True,True,0,0,101968,101968,102139,102140
7712,5,age,120641,120642,128,105,0.8203125,0.828125,0.82421875,True,False,True,0,0,101968,101960,102140,102140
7713,5,age,120695,120694,128,15,0.1171875,0.125,0.12109375,True,False,True,0,0,123944,123880,123833,123833
7713,5,age,120695,120694,128,38,0.296875,0.3046875,0.30078125,False,True,True,0,0,123880,123880,123833,123832
7713,5,age,120695,120694,128,118,0.921875,0.9296875,0.92578125,True,False,True,0,0,123888,123824,123832,123832
7718,5,age,120704,120705,128,17,0.1328125,0.140625,0.13671875,True,False,True,0,0,123928,123920,123835,123835
7718,5,age,120704,120705,128,89,0.6953125,0.703125,0.69921875,False,True,True,0,0,123856,123856,123835,123836
7718,5,age,120704,120705,128,105,0.8203125,0.828125,0.82421875,True,False,True,0,0,123856,123848,123836,123836
7720,5,age,120767,120768,128,17,0.1328125,0.140625,0.13671875,True,False,True,0,0,123928,123920,123899,123899
7720,5,age,120767,120768,128,89,0.6953125,0.703125,0.69921875,False,True,True,0,0,123856,123856,123899,123900
7720,5,age,120767,120768,128,105,0.8203125,0.828125,0.82421875,True,False,True,0,0,123856,123848,123900,123900
7722,5,age,120830,120831,128,17,0.1328125,0.140625,0.13671875,True,False,True,0,0,123928,123920,123963,123963
7722,5,age,120830,120831,128,89,0.6953125,0.703125,0.69921875,False,True,True,0,0,123856,123856,123963,123964
7722,5,age,120830,120831,128,105,0.8203125,0.828125,0.82421875,True,False,True,0,0,123856,123848,123964,123964
7724,5,age,120891,120892,128,9,0.0703125,0.078125,0.07421875,True,False,True,0,0,125552,125544,125561,125561
7724,5,age,120891,120892,128,89,0.6953125,0.703125,0.69921875,False,True,True,0,0,125544,125544,125561,125562
7724,5,age,120891,120892,128,97,0.7578125,0.765625,0.76171875,True,False,True,0,0,125480,125472,125562,125562
7726,5,age,120893,120894,128,17,0.1328125,0.140625,0.13671875,True,False,True,0,0,123928,123920,124027,124027
7726,5,age,120893,120894,128,89,0.6953125,0.703125,0.69921875,False,True,True,0,0,123856,123856,124027,124028
7726,5,age,120893,120894,128,105,0.8203125,0.828125,0.82421875,True,False,True,0,0,123856,123848,124028,124028
7728,5,age,120954,120955,128,9,0.0703125,0.078125,0.07421875,True,False,True,0,0,125552,125544,125561,125561
7728,5,age,120954,120955,128,89,0.6953125,0.703125,0.69921875,False,True,True,0,0,125544,125544,125561,125562
7728,5,age,120954,120955,128,124,0.96875,0.9765625,0.97265625,True,False,True,0,0,125536,125472,125562,125562
7730,5,age,120956,120957,128,17,0.1328125,0.140625,0.13671875,True,False,True,0,0,123928,123920,124027,124027
7730,5,age,120956,120957,128,89,0.6953125,0.703125,0.69921875,False,True,True,0,0,123856,123856,124027,124028
7730,5,age,120956,120957,128,105,0.8203125,0.828125,0.82421875,True,False,True,0,0,123856,123848,124028,124028
7731,5,age,121010,121009,128,15,0.1171875,0.125,0.12109375,True,False,True,0,0,124328,124264,124217,124217
7731,5,age,121010,121009,128,38,0.296875,0.3046875,0.30078125,False,True,True,0,0,124264,124264,124217,124216
7731,5,age,121010,121009,128,118,0.921875,0.9296875,0.92578125,True,False,True,0,0,124272,124208,124216,124216
7736,5,age,121019,121020,128,17,0.1328125,0.140625,0.13671875,True,False,True,0,0,124312,124304,124219,124219
7736,5,age,121019,121020,128,89,0.6953125,0.703125,0.69921875,False,True,True,0,0,124240,124240,124219,124220
7736,5,age,121019,121020,128,105,0.8203125,0.828125,0.82421875,True,False,True,0,0,124240,124232,124220,124220
7738,5,age,121082,121083,128,17,0.1328125,0.140625,0.13671875,True,False,True,0,0,124312,124304,124283,124283
7738,5,age,121082,121083,128,89,0.6953125,0.703125,0.69921875,False,True,True,0,0,124240,124240,124283,124284
7738,5,age,121082,121083,128,105,0.8203125,0.828125,0.82421875,True,False,True,0,0,124240,124232,124284,124284
7740,5,age,121145,121146,128,17,0.1328125,0.140625,0.13671875,True,False,True,0,0,124312,124304,124347,124347
7740,5,age,121145,121146,128,89,0.6953125,0.703125,0.69921875,False,True,True,0,0,124240,124240,124347,124348
7740,5,age,121145,121146,128,105,0.8203125,0.828125,0.82421875,True,False,True,0,0,124240,124232,124348,124348
7742,5,age,121206,121207,128,9,0.0703125,0.078125,0.07421875,True,False,True,0,0,125936,125928,125945,125945
7742,5,age,121206,121207,128,89,0.6953125,0.703125,0.69921875,False,True,True,0,0,125928,125928,125945,125946
7742,5,age,121206,121207,128,97,0.7578125,0.765625,0.76171875,True,False,True,0,0,125864,125856,125946,125946
7744,5,age,121208,121209,128,17,0.1328125,0.140625,0.13671875,True,False,True,0,0,124312,124304,124411,124411
7744,5,age,121208,121209,128,89,0.6953125,0.703125,0.69921875,False,True,True,0,0,124240,124240,124411,124412
7744,5,age,121208,121209,128,105,0.8203125,0.828125,0.82421875,True,False,True,0,0,124240,124232,124412,124412
7746,5,age,121269,121270,128,9,0.0703125,0.078125,0.07421875,True,False,True,0,0,125936,125928,125945,125945
7746,5,age,121269,121270,128,89,0.6953125,0.703125,0.69921875,False,True,True,0,0,125928,125928,125945,125946
7746,5,age,121269,121270,128,124,0.96875,0.9765625,0.97265625,True,False,True,0,0,125920,125856,125946,125946
7748,5,age,121271,121272,128,17,0.1328125,0.140625,0.13671875,True,False,True,0,0,124312,124304,124411,124411
7748,5,age,121271,121272,128,89,0.6953125,0.703125,0.69921875,False,True,True,0,0,124240,124240,124411,124412
7748,5,age,121271,121272,128,105,0.8203125,0.828125,0.82421875,True,False,True,0,0,124240,124232,124412,124412
7749,5,age,121325,121324,128,15,0.1171875,0.125,0.12109375,True,False,True,0,0,103208,103144,103097,103097
7749,5,age,121325,121324,128,38,0.296875,0.3046875,0.30078125,False,True,True,0,0,103144,103144,103097,103096
7749,5,age,121325,121324,128,118,0.921875,0.9296875,0.92578125,True,False,True,0,0,103152,103088,103096,103096
7754,5,age,121334,121335,128,17,0.1328125,0.140625,0.13671875,True,False,True,0,0,103192,103184,103099,103099
7754,5,age,121334,121335,128,89,0.6953125,0.703125,0.69921875,False,True,True,0,0,103120,103120,103099,103100
7754,5,age,121334,121335,128,105,0.8203125,0.828125,0.82421875,True,False,True,0,0,103120,103112,103100,103100
7756,5,age,121397,121398,128,17,0.1328125,0.140625,0.13671875,True,False,True,0,0,103192,103184,103163,103163
7756,5,age,121397,121398,128,89,0.6953125,0.703125,0.69921875,False,True,True,0,0,103120,103120,103163,103164
7756,5,age,121397,121398,128,105,0.8203125,0.828125,0.82421875,True,False,True,0,0,103120,103112,103164,103164
7758,5,age,121460,121461,128,17,0.1328125,0.140625,0.13671875,True,False,True,0,0,103192,103184,103227,103227
7758,5,age,121460,121461,128,89,0.6953125,0.703125,0.69921875,False,True,True,0,0,103120,103120,103227,103228
7758,5,age,121460,121461,128,105,0.8203125,0.828125,0.82421875,True,False,True,0,0,103120,103112,103228,103228
7760,5,age,121521,121522,128,9,0.0703125,0.078125,0.07421875,True,False,True,0,0,104816,104808,104825,104825
7760,5,age,121521,121522,128,89,0.6953125,0.703125,0.69921875,False,True,True,0,0,104808,104808,104825,104826
7760,5,age,121521,121522,128,97,0.7578125,0.765625,0.76171875,True,False,True,0,0,104744,104736,104826,104826
7762,5,age,121523,121524,128,17,0.1328125,0.140625,0.13671875,True,False,True,0,0,103192,103184,103291,103291
7762,5,age,121523,121524,128,89,0.6953125,0.703125,0.69921875,False,True,True,0,0,103120,103120,103291,103292
7762,5,age,121523,121524,128,105,0.8203125,0.828125,0.82421875,True,False,True,0,0,103120,103112,103292,103292
7764,5,age,121584,121585,128,9,0.0703125,0.078125,0.07421875,True,False,True,0,0,104816,104808,104825,104825
7764,5,age,121584,121585,128,89,0.6953125,0.703125,0.69921875,False,True,True,0,0,104808,104808,104825,104826
7764,5,age,121584,121585,128,124,0.96875,0.9765625,0.97265625,True,False,True,0,0,104800,104736,104826,104826
7766,5,age,121586,121587,128,17,0.1328125,0.140625,0.13671875,True,False,True,0,0,103192,103184,103291,103291
7766,5,age,121586,121587,128,89,0.6953125,0.703125,0.69921875,False,True,True,0,0,103120,103120,103291,103292
7766,5,age,121586,121587,128,105,0.8203125,0.828125,0.82421875,True,False,True,0,0,103120,103112,103292,103292
7767,5,age,121640,121639,128,15,0.1171875,0.125,0.12109375,True,False,True,0,0,103592,103528,103481,103481
7767,5,age,121640,121639,128,38,0.296875,0.3046875,0.30078125,False,True,True,0,0,103528,103528,103481,103480
7767,5,age,121640,121639,128,118,0.921875,0.9296875,0.92578125,True,False,True,0,0,103536,103472,103480,103480
7772,5,age,121649,121650,128,17,0.1328125,0.140625,0.13671875,True,False,True,0,0,103576,103568,103483,103483
7772,5,age,121649,121650,128,89,0.6953125,0.703125,0.69921875,False,True,True,0,0,103504,103504,103483,103484
7772,5,age,121649,121650,128,105,0.8203125,0.828125,0.82421875,True,False,True,0,0,103504,103496,103484,103484
7774,5,age,121712,121713,128,17,0.1328125,0.140625,0.13671875,True,False,True,0,0,103576,103568,103547,103547
7774,5,age,121712,121713,128,89,0.6953125,0.703125,0.69921875,False,True,True,0,0,103504,103504,103547,103548
7774,5,age,121712,121713,128,105,0.8203125,0.828125,0.82421875,True,False,True,0,0,103504,103496,103548,103548
7776,5,age,121775,121776,128,17,0.1328125,0.140625,0.13671875,True,False,True,0,0,103576,103568,103611,103611
7776,5,age,121775,121776,128,89,0.6953125,0.703125,0.69921875,False,True,True,0,0,103504,103504,103611,103612
7776,5,age,121775,121776,128,105,0.8203125,0.828125,0.82421875,True,False,True,0,0,103504,103496,103612,103612
7778,5,age,121836,121837,128,9,0.0703125,0.078125,0.07421875,True,False,True,0,0,105200,105192,105209,105209
7778,5,age,121836,121837,128,89,0.6953125,0.703125,0.69921875,False,True,True,0,0,105192,105192,105209,105210
7778,5,age,121836,121837,128,97,0.7578125,0.765625,0.76171875,True,False,True,0,0,105128,105120,105210,105210
7780,5,age,121838,121839,128,17,0.1328125,0.140625,0.13671875,True,False,True,0,0,103576,103568,103675,103675
7780,5,age,121838,121839,128,89,0.6953125,0.703125,0.69921875,False,True,True,0,0,103504,103504,103675,103676
7780,5,age,121838,121839,128,105,0.8203125,0.828125,0.82421875,True,False,True,0,0,103504,103496,103676,103676
7782,5,age,121899,121900,128,9,0.0703125,0.078125,0.07421875,True,False,True,0,0,105200,105192,105209,105209
7782,5,age,121899,121900,128,89,0.6953125,0.703125,0.69921875,False,True,True,0,0,105192,105192,105209,105210
7782,5,age,121899,121900,128,124,0.96875,0.9765625,0.97265625,True,False,True,0,0,105184,105120,105210,105210
7784,5,age,121901,121902,128,17,0.1328125,0.140625,0.13671875,True,False,True,0,0,103576,103568,103675,103675
7784,5,age,121901,121902,128,89,0.6953125,0.703125,0.69921875,False,True,True,0,0,103504,103504,103675,103676
7784,5,age,121901,121902,128,105,0.8203125,0.828125,0.82421875,True,False,True,0,0,103504,103496,103676,103676
7785,5,age,121955,121954,128,15,0.1171875,0.125,0.12109375,True,False,True,0,0,103592,103528,103481,103481
7785,5,age,121955,121954,128,38,0.296875,0.3046875,0.30078125,False,True,True,0,0,103528,103528,103481,103480
7785,5,age,121955,121954,128,118,0.921875,0.9296875,0.92578125,True,False,True,0,0,103536,103472,103480,103480
7790,5,age,121964,121965,128,17,0.1328125,0.140625,0.13671875,True,False,True,0,0,103576,103568,103483,103483
7790,5,age,121964,121965,128,89,0.6953125,0.703125,0.69921875,False,True,True,0,0,103504,103504,103483,103484
7790,5,age,121964,121965,128,105,0.8203125,0.828125,0.82421875,True,False,True,0,0,103504,103496,103484,103484
7792,5,age,122027,122028,128,17,0.1328125,0.140625,0.13671875,True,False,True,0,0,103576,103568,103547,103547
7792,5,age,122027,122028,128,89,0.6953125,0.703125,0.69921875,False,True,True,0,0,103504,103504,103547,103548
7792,5,age,122027,122028,128,105,0.8203125,0.828125,0.82421875,True,False,True,0,0,103504,103496,103548,103548
7794,5,age,122090,122091,128,17,0.1328125,0.140625,0.13671875,True,False,True,0,0,103576,103568,103611,103611
7794,5,age,122090,122091,128,89,0.6953125,0.703125,0.69921875,False,True,True,0,0,103504,103504,103611,103612
7794,5,age,122090,122091,128,105,0.8203125,0.828125,0.82421875,True,False,True,0,0,103504,103496,103612,103612
7796,5,age,122151,122152,128,9,0.0703125,0.078125,0.07421875,True,False,True,0,0,105200,105192,105209,105209
7796,5,age,122151,122152,128,89,0.6953125,0.703125,0.69921875,False,True,True,0,0,105192,105192,105209,105210
7796,5,age,122151,122152,128,97,0.7578125,0.765625,0.76171875,True,False,True,0,0,105128,105120,105210,105210
7798,5,age,122153,122154,128,17,0.1328125,0.140625,0.13671875,True,False,True,0,0,103576,103568,103675,103675
7798,5,age,122153,122154,128,89,0.6953125,0.703125,0.69921875,False,True,True,0,0,103504,103504,103675,103676
7798,5,age,122153,122154,128,105,0.8203125,0.828125,0.82421875,True,False,True,0,0,103504,103496,103676,103676
7800,5,age,122214,122215,128,9,0.0703125,0.078125,0.07421875,True,False,True,0,0,105200,105192,105209,105209
7800,5,age,122214,122215,128,89,0.6953125,0.703125,0.69921875,False,True,True,0,0,105192,105192,105209,105210
7800,5,age,122214,122215,128,124,0.96875,0.9765625,0.97265625,True,False,True,0,0,105184,105120,105210,105210
7802,5,age,122216,122217,128,17,0.1328125,0.140625,0.13671875,True,False,True,0,0,103576,103568,103675,103675
7802,5,age,122216,122217,128,89,0.6953125,0.703125,0.69921875,False,True,True,0,0,103504,103504,103675,103676
7802,5,age,122216,122217,128,105,0.8203125,0.828125,0.82421875,True,False,True,0,0,103504,103496,103676,103676
7803,5,age,122270,122269,128,15,0.1171875,0.125,0.12109375,True,False,True,0,0,125480,125416,125369,125369
7803,5,age,122270,122269,128,38,0.296875,0.3046875,0.30078125,False,True,True,0,0,125416,125416,125369,125368
7803,5,age,122270,122269,128,118,0.921875,0.9296875,0.92578125,True,False,True,0,0,125424,125360,125368,125368
7808,5,age,122279,122280,128,17,0.1328125,0.140625,0.13671875,True,False,True,0,0,125464,125456,125371,125371
7808,5,age,122279,122280,128,89,0.6953125,0.703125,0.69921875,False,True,True,0,0,125392,125392,125371,125372
7808,5,age,122279,122280,128,105,0.8203125,0.828125,0.82421875,True,False,True,0,0,125392,125384,125372,125372
7810,5,age,122342,122343,128,17,0.1328125,0.140625,0.13671875,True,False,True,0,0,125464,125456,125435,125435
7810,5,age,122342,122343,128,89,0.6953125,0.703125,0.69921875,False,True,True,0,0,125392,125392,125435,125436
7810,5,age,122342,122343,128,105,0.8203125,0.828125,0.82421875,True,False,True,0,0,125392,125384,125436,125436
7812,5,age,122405,122406,128,17,0.1328125,0.140625,0.13671875,True,False,True,0,0,125464,125456,125499,125499
7812,5,age,122405,122406,128,89,0.6953125,0.703125,0.69921875,False,True,True,0,0,125392,125392,125499,125500
7812,5,age,122405,122406,128,105,0.8203125,0.828125,0.82421875,True,False,True,0,0,125392,125384,125500,125500
7814,5,age,122466,122467,128,9,0.0703125,0.078125,0.07421875,True,False,True,0,0,127088,127080,127097,127097
7814,5,age,122466,122467,128,89,0.6953125,0.703125,0.69921875,False,True,True,0,0,127080,127080,127097,127098
7814,5,age,122466,122467,128,97,0.7578125,0.765625,0.76171875,True,False,True,0,0,127016,127008,127098,127098
7816,5,age,122468,122469,128,17,0.1328125,0.140625,0.13671875,True,False,True,0,0,125464,125456,125563,125563
7816,5,age,122468,122469,128,89,0.6953125,0.703125,0.69921875,False,True,True,0,0,125392,125392,125563,125564
7816,5,age,122468,122469,128,105,0.8203125,0.828125,0.82421875,True,False,True,0,0,125392,125384,125564,125564
7818,5,age,122529,122530,128,9,0.0703125,0.078125,0.07421875,True,False,True,0,0,127088,127080,127097,127097
7818,5,age,122529,122530,128,89,0.6953125,0.703125,0.69921875,False,True,True,0,0,127080,127080,127097,127098
7818,5,age,122529,122530,128,124,0.96875,0.9765625,0.97265625,True,False,True,0,0,127072,127008,127098,127098
7820,5,age,122531,122532,128,17,0.1328125,0.140625,0.13671875,True,False,True,0,0,125464,125456,125563,125563
7820,5,age,122531,122532,128,89,0.6953125,0.703125,0.69921875,False,True,True,0,0,125392,125392,125563,125564
7820,5,age,122531,122532,128,105,0.8203125,0.828125,0.82421875,True,False,True,0,0,125392,125384,125564,125564
7821,5,age,122585,122584,128,15,0.1171875,0.125,0.12109375,True,False,True,0,0,125864,125800,125753,125753
7821,5,age,122585,122584,128,38,0.296875,0.3046875,0.30078125,False,True,True,0,0,125800,125800,125753,125752
7821,5,age,122585,122584,128,118,0.921875,0.9296875,0.92578125,True,False,True,0,0,125808,125744,125752,125752
7826,5,age,122594,122595,128,17,0.1328125,0.140625,0.13671875,True,False,True,0,0,125848,125840,125755,125755
7826,5,age,122594,122595,128,89,0.6953125,0.703125,0.69921875,False,True,True,0,0,125776,125776,125755,125756
7826,5,age,122594,122595,128,105,0.8203125,0.828125,0.82421875,True,False,True,0,0,125776,125768,125756,125756
7828,5,age,122657,122658,128,17,0.1328125,0.140625,0.13671875,True,False,True,0,0,125848,125840,125819,125819
7828,5,age,122657,122658,128,89,0.6953125,0.703125,0.69921875,False,True,True,0,0,125776,125776,125819,125820
7828,5,age,122657,122658,128,105,0.8203125,0.828125,0.82421875,True,False,True,0,0,125776,125768,125820,125820
7830,5,age,122720,122721,128,17,0.1328125,0.140625,0.13671875,True,False,True,0,0,125848,125840,125883,125883
7830,5,age,122720,122721,128,89,0.6953125,0.703125,0.69921875,False,True,True,0,0,125776,125776,125883,125884
7830,5,age,122720,122721,128,105,0.8203125,0.828125,0.82421875,True,False,True,0,0,125776,125768,125884,125884
7832,5,age,122781,122782,128,9,0.0703125,0.078125,0.07421875,True,False,True,0,0,127472,127464,127481,127481
7832,5,age,122781,122782,128,89,0.6953125,0.703125,0.69921875,False,True,True,0,0,127464,127464,127481,127482
7832,5,age,122781,122782,128,97,0.7578125,0.765625,0.76171875,True,False,True,0,0,127400,127392,127482,127482
7834,5,age,122783,122784,128,17,0.1328125,0.140625,0.13671875,True,False,True,0,0,125848,125840,125947,125947
7834,5,age,122783,122784,128,89,0.6953125,0.703125,0.69921875,False,True,True,0,0,125776,125776,125947,125948
7834,5,age,122783,122784,128,105,0.8203125,0.828125,0.82421875,True,False,True,0,0,125776,125768,125948,125948
7836,5,age,122844,122845,128,9,0.0703125,0.078125,0.07421875,True,False,True,0,0,127472,127464,127481,127481
7836,5,age,122844,122845,128,89,0.6953125,0.703125,0.69921875,False,True,True,0,0,127464,127464,127481,127482
7836,5,age,122844,122845,128,124,0.96875,0.9765625,0.97265625,True,False,True,0,0,127456,127392,127482,127482
7838,5,age,122846,122847,128,17,0.1328125,0.140625,0.13671875,True,False,True,0,0,125848,125840,125947,125947
7838,5,age,122846,122847,128,89,0.6953125,0.703125,0.69921875,False,True,True,0,0,125776,125776,125947,125948
7838,5,age,122846,122847,128,105,0.8203125,0.828125,0.82421875,True,False,True,0,0,125776,125768,125948,125948
7840,5,age,124671,124672,128,9,0.0703125,0.078125,0.07421875,True,False,True,0,0,109424,109416,109433,109433
7840,5,age,124671,124672,128,89,0.6953125,0.703125,0.69921875,False,True,True,0,0,109416,109416,109433,109434
7840,5,age,124671,124672,128,97,0.7578125,0.765625,0.76171875,True,False,True,0,0,109352,109344,109434,109434
7842,5,age,124734,124735,128,9,0.0703125,0.078125,0.07421875,True,False,True,0,0,109424,109416,109433,109433
7842,5,age,124734,124735,128,89,0.6953125,0.703125,0.69921875,False,True,True,0,0,109416,109416,109433,109434
7842,5,age,124734,124735,128,124,0.96875,0.9765625,0.97265625,True,False,True,0,0,109408,109344,109434,109434
7844,5,age,124986,124987,128,9,0.0703125,0.078125,0.07421875,True,False,True,0,0,109808,109800,109817,109817
7844,5,age,124986,124987,128,89,0.6953125,0.703125,0.69921875,False,True,True,0,0,109800,109800,109817,109818
7844,5,age,124986,124987,128,97,0.7578125,0.765625,0.76171875,True,False,True,0,0,109736,109728,109818,109818
7846,5,age,125049,125050,128,9,0.0703125,0.078125,0.07421875,True,False,True,0,0,109808,109800,109817,109817
7846,5,age,125049,125050,128,89,0.6953125,0.703125,0.69921875,False,True,True,0,0,109800,109800,109817,109818
7846,5,age,125049,125050,128,124,0.96875,0.9765625,0.97265625,True,False,True,0,0,109792,109728,109818,109818
7848,5,age,125301,125302,128,9,0.0703125,0.078125,0.07421875,True,False,True,0,0,109808,109800,109817,109817
7848,5,age,125301,125302,128,89,0.6953125,0.703125,0.69921875,False,True,True,0,0,109800,109800,109817,109818
7848,5,age,125301,125302,128,97,0.7578125,0.765625,0.76171875,True,False,True,0,0,109736,109728,109818,109818
7850,5,age,125364,125365,128,9,0.0703125,0.078125,0.07421875,True,False,True,0,0,109808,109800,109817,109817
7850,5,age,125364,125365,128,89,0.6953125,0.703125,0.69921875,False,True,True,0,0,109800,109800,109817,109818
7850,5,age,125364,125365,128,124,0.96875,0.9765625,0.97265625,True,False,True,0,0,109792,109728,109818,109818
7852,5,age,125616,125617,128,9,0.0703125,0.078125,0.07421875,True,False,True,0,0,131696,131688,131705,131705
7852,5,age,125616,125617,128,89,0.6953125,0.703125,0.69921875,False,True,True,0,0,131688,131688,131705,131706
7852,5,age,125616,125617,128,97,0.7578125,0.765625,0.76171875,True,False,True,0,0,131624,131616,131706,131706
7854,5,age,125679,125680,128,9,0.0703125,0.078125,0.07421875,True,False,True,0,0,131696,131688,131705,131705
7854,5,age,125679,125680,128,89,0.6953125,0.703125,0.69921875,False,True,True,0,0,131688,131688,131705,131706
7854,5,age,125679,125680,128,124,0.96875,0.9765625,0.97265625,True,False,True,0,0,131680,131616,131706,131706
7856,5,age,125931,125932,128,9,0.0703125,0.078125,0.07421875,True,False,True,0,0,132080,132072,132089,132089
7856,5,age,125931,125932,128,89,0.6953125,0.703125,0.69921875,False,True,True,0,0,132072,132072,132089,132090
7856,5,age,125931,125932,128,97,0.7578125,0.765625,0.76171875,True,False,True,0,0,132008,132000,132090,132090
7858,5,age,125994,125995,128,9,0.0703125,0.078125,0.07421875,True,False,True,0,0,132080,132072,132089,132089
7858,5,age,125994,125995,128,89,0.6953125,0.703125,0.69921875,False,True,True,0,0,132072,132072,132089,132090
7858,5,age,125994,125995,128,124,0.96875,0.9765625,0.97265625,True,False,True,0,0,132064,132000,132090,132090
7859,5,age,126050,126049,128,15,0.1171875,0.125,0.12109375,True,False,True,0,0,109352,109288,109241,109241
7859,5,age,126050,126049,128,38,0.296875,0.3046875,0.30078125,False,True,True,0,0,109288,109288,109241,109240
7859,5,age,126050,126049,128,118,0.921875,0.9296875,0.92578125,True,False,True,0,0,109296,109232,109240,109240
7864,5,age,126059,126060,128,17,0.1328125,0.140625,0.13671875,True,False,True,0,0,109336,109328,109243,109243
7864,5,age,126059,126060,128,89,0.6953125,0.703125,0.69921875,False,True,True,0,0,109264,109264,109243,109244
7864,5,age,126059,126060,128,105,0.8203125,0.828125,0.82421875,True,False,True,0,0,109264,109256,109244,109244
7866,5,age,126122,126123,128,17,0.1328125,0.140625,0.13671875,True,False,True,0,0,109336,109328,109307,109307
7866,5,age,126122,126123,128,89,0.6953125,0.703125,0.69921875,False,True,True,0,0,109264,109264,109307,109308
7866,5,age,126122,126123,128,105,0.8203125,0.828125,0.82421875,True,False,True,0,0,109264,109256,109308,109308
7868,5,age,126185,126186,128,17,0.1328125,0.140625,0.13671875,True,False,True,0,0,109336,109328,109371,109371
7868,5,age,126185,126186,128,89,0.6953125,0.703125,0.69921875,False,True,True,0,0,109264,109264,109371,109372
7868,5,age,126185,126186,128,105,0.8203125,0.828125,0.82421875,True,False,True,0,0,109264,109256,109372,109372
7870,5,age,126246,126247,128,9,0.0703125,0.078125,0.07421875,True,False,True,0,0,110960,110952,110969,110969
7870,5,age,126246,126247,128,89,0.6953125,0.703125,0.69921875,False,True,True,0,0,110952,110952,110969,110970
7870,5,age,126246,126247,128,97,0.7578125,0.765625,0.76171875,True,False,True,0,0,110888,110880,110970,110970
7872,5,age,126248,126249,128,17,0.1328125,0.140625,0.13671875,True,False,True,0,0,109336,109328,109435,109435
7872,5,age,126248,126249,128,89,0.6953125,0.703125,0.69921875,False,True,True,0,0,109264,109264,109435,109436
7872,5,age,126248,126249,128,105,0.8203125,0.828125,0.82421875,True,False,True,0,0,109264,109256,109436,109436
7874,5,age,126309,126310,128,9,0.0703125,0.078125,0.07421875,True,False,True,0,0,110960,110952,110969,110969
7874,5,age,126309,126310,128,89,0.6953125,0.703125,0.69921875,False,True,True,0,0,110952,110952,110969,110970
7874,5,age,126309,126310,128,124,0.96875,0.9765625,0.97265625,True,False,True,0,0,110944,110880,110970,110970
7876,5,age,126311,126312,128,17,0.1328125,0.140625,0.13671875,True,False,True,0,0,109336,109328,109435,109435
7876,5,age,126311,126312,128,89,0.6953125,0.703125,0.69921875,False,True,True,0,0,109264,109264,109435,109436
7876,5,age,126311,126312,128,105,0.8203125,0.828125,0.82421875,True,False,True,0,0,109264,109256,109436,109436
7877,5,age,126365,126364,128,15,0.1171875,0.125,0.12109375,True,False,True,0,0,109736,109672,109625,109625
7877,5,age,126365,126364,128,38,0.296875,0.3046875,0.30078125,False,True,True,0,0,109672,109672,109625,109624
7877,5,age,126365,126364,128,118,0.921875,0.9296875,0.92578125,True,False,True,0,0,109680,109616,109624,109624
7882,5,age,126374,126375,128,17,0.1328125,0.140625,0.13671875,True,False,True,0,0,109720,109712,109627,109627
7882,5,age,126374,126375,128,89,0.6953125,0.703125,0.69921875,False,True,True,0,0,109648,109648,109627,109628
7882,5,age,126374,126375,128,105,0.8203125,0.828125,0.82421875,True,False,True,0,0,109648,109640,109628,109628
7884,5,age,126437,126438,128,17,0.1328125,0.140625,0.13671875,True,False,True,0,0,109720,109712,109691,109691
7884,5,age,126437,126438,128,89,0.6953125,0.703125,0.69921875,False,True,True,0,0,109648,109648,109691,109692
7884,5,age,126437,126438,128,105,0.8203125,0.828125,0.82421875,True,False,True,0,0,109648,109640,109692,109692
7886,5,age,126500,126501,128,17,0.1328125,0.140625,0.13671875,True,False,True,0,0,109720,109712,109755,109755
7886,5,age,126500,126501,128,89,0.6953125,0.703125,0.69921875,False,True,True,0,0,109648,109648,109755,109756
7886,5,age,126500,126501,128,105,0.8203125,0.828125,0.82421875,True,False,True,0,0,109648,109640,109756,109756
7888,5,age,126561,126562,128,9,0.0703125,0.078125,0.07421875,True,False,True,0,0,111344,111336,111353,111353
7888,5,age,126561,126562,128,89,0.6953125,0.703125,0.69921875,False,True,True,0,0,111336,111336,111353,111354
7888,5,age,126561,126562,128,97,0.7578125,0.765625,0.76171875,True,False,True,0,0,111272,111264,111354,111354
7890,5,age,126563,126564,128,17,0.1328125,0.140625,0.13671875,True,False,True,0,0,109720,109712,109819,109819
7890,5,age,126563,126564,128,89,0.6953125,0.703125,0.69921875,False,True,True,0,0,109648,109648,109819,109820
7890,5,age,126563,126564,128,105,0.8203125,0.828125,0.82421875,True,False,True,0,0,109648,109640,109820,109820
7892,5,age,126624,126625,128,9,0.0703125,0.078125,0.07421875,True,False,True,0,0,111344,111336,111353,111353
7892,5,age,126624,126625,128,89,0.6953125,0.703125,0.69921875,False,True,True,0,0,111336,111336,111353,111354
7892,5,age,126624,126625,128,124,0.96875,0.9765625,0.97265625,True,False,True,0,0,111328,111264,111354,111354
7894,5,age,126626,126627,128,17,0.1328125,0.140625,0.13671875,True,False,True,0,0,109720,109712,109819,109819
7894,5,age,126626,126627,128,89,0.6953125,0.703125,0.69921875,False,True,True,0,0,109648,109648,109819,109820
7894,5,age,126626,126627,128,105,0.8203125,0.828125,0.82421875,True,False,True,0,0,109648,109640,109820,109820
7895,5,age,126680,126679,128,15,0.1171875,0.125,0.12109375,True,False,True,0,0,109736,109672,109625,109625
7895,5,age,126680,126679,128,38,0.296875,0.3046875,0.30078125,False,True,True,0,0,109672,109672,109625,109624
7895,5,age,126680,126679,128,118,0.921875,0.9296875,0.92578125,True,False,True,0,0,109680,109616,109624,109624
7900,5,age,126689,126690,128,17,0.1328125,0.140625,0.13671875,True,False,True,0,0,109720,109712,109627,109627
7900,5,age,126689,126690,128,89,0.6953125,0.703125,0.69921875,False,True,True,0,0,109648,109648,109627,109628
7900,5,age,126689,126690,128,105,0.8203125,0.828125,0.82421875,True,False,True,0,0,109648,109640,109628,109628
7902,5,age,126752,126753,128,17,0.1328125,0.140625,0.13671875,True,False,True,0,0,109720,109712,109691,109691
7902,5,age,126752,126753,128,89,0.6953125,0.703125,0.69921875,False,True,True,0,0,109648,109648,109691,109692
7902,5,age,126752,126753,128,105,0.8203125,0.828125,0.82421875,True,False,True,0,0,109648,109640,109692,109692
7904,5,age,126815,126816,128,17,0.1328125,0.140625,0.13671875,True,False,True,0,0,109720,109712,109755,109755
7904,5,age,126815,126816,128,89,0.6953125,0.703125,0.69921875,False,True,True,0,0,109648,109648,109755,109756
7904,5,age,126815,126816,128,105,0.8203125,0.828125,0.82421875,True,False,True,0,0,109648,109640,109756,109756
7906,5,age,126876,126877,128,9,0.0703125,0.078125,0.07421875,True,False,True,0,0,111344,111336,111353,111353
7906,5,age,126876,126877,128,89,0.6953125,0.703125,0.69921875,False,True,True,0,0,111336,111336,111353,111354
7906,5,age,126876,126877,128,97,0.7578125,0.765625,0.76171875,True,False,True,0,0,111272,111264,111354,111354
7908,5,age,126878,126879,128,17,0.1328125,0.140625,0.13671875,True,False,True,0,0,109720,109712,109819,109819
7908,5,age,126878,126879,128,89,0.6953125,0.703125,0.69921875,False,True,True,0,0,109648,109648,109819,109820
7908,5,age,126878,126879,128,105,0.8203125,0.828125,0.82421875,True,False,True,0,0,109648,109640,109820,109820
7910,5,age,126939,126940,128,9,0.0703125,0.078125,0.07421875,True,False,True,0,0,111344,111336,111353,111353
7910,5,age,126939,126940,128,89,0.6953125,0.703125,0.69921875,False,True,True,0,0,111336,111336,111353,111354
7910,5,age,126939,126940,128,124,0.96875,0.9765625,0.97265625,True,False,True,0,0,111328,111264,111354,111354
7912,5,age,126941,126942,128,17,0.1328125,0.140625,0.13671875,True,False,True,0,0,109720,109712,109819,109819
7912,5,age,126941,126942,128,89,0.6953125,0.703125,0.69921875,False,True,True,0,0,109648,109648,109819,109820
7912,5,age,126941,126942,128,105,0.8203125,0.828125,0.82421875,True,False,True,0,0,109648,109640,109820,109820
7913,5,age,126995,126994,128,15,0.1171875,0.125,0.12109375,True,False,True,0,0,131624,131560,131513,131513
7913,5,age,126995,126994,128,38,0.296875,0.3046875,0.30078125,False,True,True,0,0,131560,131560,131513,131512
7913,5,age,126995,126994,128,118,0.921875,0.9296875,0.92578125,True,False,True,0,0,131568,131504,131512,131512
7918,5,age,127004,127005,128,17,0.1328125,0.140625,0.13671875,True,False,True,0,0,131608,131600,131515,131515
7918,5,age,127004,127005,128,89,0.6953125,0.703125,0.69921875,False,True,True,0,0,131536,131536,131515,131516
7918,5,age,127004,127005,128,105,0.8203125,0.828125,0.82421875,True,False,True,0,0,131536,131528,131516,131516
7920,5,age,127067,127068,128,17,0.1328125,0.140625,0.13671875,True,False,True,0,0,131608,131600,131579,131579
7920,5,age,127067,127068,128,89,0.6953125,0.703125,0.69921875,False,True,True,0,0,131536,131536,131579,131580
7920,5,age,127067,127068,128,105,0.8203125,0.828125,0.82421875,True,False,True,0,0,131536,131528,131580,131580
7922,5,age,127130,127131,128,17,0.1328125,0.140625,0.13671875,True,False,True,0,0,131608,131600,131643,131643
7922,5,age,127130,127131,128,89,0.6953125,0.703125,0.69921875,False,True,True,0,0,131536,131536,131643,131644
7922,5,age,127130,127131,128,105,0.8203125,0.828125,0.82421875,True,False,True,0,0,131536,131528,131644,131644
7924,5,age,127191,127192,128,9,0.0703125,0.078125,0.07421875,True,False,True,0,0,133232,133224,133241,133241
7924,5,age,127191,127192,128,89,0.6953125,0.703125,0.69921875,False,True,True,0,0,133224,133224,133241,133242
7924,5,age,127191,127192,128,97,0.7578125,0.765625,0.76171875,True,False,True,0,0,133160,133152,133242,133242
7926,5,age,127193,127194,128,17,0.1328125,0.140625,0.13671875,True,False,True,0,0,131608,131600,131707,131707
7926,5,age,127193,127194,128,89,0.6953125,0.703125,0.69921875,False,True,True,0,0,131536,131536,131707,131708
7926,5,age,127193,127194,128,105,0.8203125,0.828125,0.82421875,True,False,True,0,0,131536,131528,131708,131708
7928,5,age,127254,127255,128,9,0.0703125,0.078125,0.07421875,True,False,True,0,0,133232,133224,133241,133241
7928,5,age,127254,127255,128,89,0.6953125,0.703125,0.69921875,False,True,True,0,0,133224,133224,133241,133242
7928,5,age,127254,127255,128,124,0.96875,0.9765625,0.97265625,True,False,True,0,0,133216,133152,133242,133242
7930,5,age,127256,127257,128,17,0.1328125,0.140625,0.13671875,True,False,True,0,0,131608,131600,131707,131707
7930,5,age,127256,127257,128,89,0.6953125,0.703125,0.69921875,False,True,True,0,0,131536,131536,131707,131708
7930,5,age,127256,127257,128,105,0.8203125,0.828125,0.82421875,True,False,True,0,0,131536,131528,131708,131708
7931,5,age,127310,127309,128,15,0.1171875,0.125,0.12109375,True,False,True,0,0,132008,131944,131897,131897
7931,5,age,127310,127309,128,38,0.296875,0.3046875,0.30078125,False,True,True,0,0,131944,131944,131897,131896
7931,5,age,127310,127309,128,118,0.921875,0.9296875,0.92578125,True,False,True,0,0,131952,131888,131896,131896
7936,5,age,127319,127320,128,17,0.1328125,0.140625,0.13671875,True,False,True,0,0,131992,131984,131899,131899
7936,5,age,127319,127320,128,89,0.6953125,0.703125,0.69921875,False,True,True,0,0,131920,131920,131899,131900
7936,5,age,127319,127320,128,105,0.8203125,0.828125,0.82421875,True,False,True,0,0,131920,131912,131900,131900
7938,5,age,127382,127383,128,17,0.1328125,0.140625,0.13671875,True,False,True,0,0,131992,131984,131963,131963
7938,5,age,127382,127383,128,89,0.6953125,0.703125,0.69921875,False,True,True,0,0,131920,131920,131963,131964
7938,5,age,127382,127383,128,105,0.8203125,0.828125,0.82421875,True,False,True,0,0,131920,131912,131964,131964
7940,5,age,127445,127446,128,17,0.1328125,0.140625,0.13671875,True,False,True,0,0,131992,131984,132027,132027
7940,5,age,127445,127446,128,89,0.6953125,0.703125,0.69921875,False,True,True,0,0,131920,131920,132027,132028
7940,5,age,127445,127446,128,105,0.8203125,0.828125,0.82421875,True,False,True,0,0,131920,131912,132028,132028
7942,5,age,127506,127507,128,9,0.0703125,0.078125,0.07421875,True,False,True,0,0,133616,133608,133625,133625
7942,5,age,127506,127507,128,89,0.6953125,0.703125,0.69921875,False,True,True,0,0,133608,133608,133625,133626
7942,5,age,127506,127507,128,97,0.7578125,0.765625,0.76171875,True,False,True,0,0,133544,133536,133626,133626
7944,5,age,127508,127509,128,17,0.1328125,0.140625,0.13671875,True,False,True,0,0,131992,131984,132091,132091
7944,5,age,127508,127509,128,89,0.6953125,0.703125,0.69921875,False,True,True,0,0,131920,131920,132091,132092
7944,5,age,127508,127509,128,105,0.8203125,0.828125,0.82421875,True,False,True,0,0,131920,131912,132092,132092
7946,5,age,127569,127570,128,9,0.0703125,0.078125,0.07421875,True,False,True,0,0,133616,133608,133625,133625
7946,5,age,127569,127570,128,89,0.6953125,0.703125,0.69921875,False,True,True,0,0,133608,133608,133625,133626
7946,5,age,127569,127570,128,124,0.96875,0.9765625,0.97265625,True,False,True,0,0,133600,133536,133626,133626
7948,5,age,127571,127572,128,17,0.1328125,0.140625,0.13671875,True,False,True,0,0,131992,131984,132091,132091
7948,5,age,127571,127572,128,89,0.6953125,0.703125,0.69921875,False,True,True,0,0,131920,131920,132091,132092
7948,5,age,127571,127572,128,105,0.8203125,0.828125,0.82421875,True,False,True,0,0,131920,131912,132092,132092
7949,5,age,127625,127624,128,15,0.1171875,0.125,0.12109375,True,False,True,0,0,110888,110824,110777,110777
7949,5,age,127625,127624,128,38,0.296875,0.3046875,0.30078125,False,True,True,0,0,110824,110824,110777,110776
7949,5,age,127625,127624,128,118,0.921875,0.9296875,0.92578125,True,False,True,0,0,110832,110768,110776,110776
7954,5,age,127634,127635,128,17,0.1328125,0.140625,0.13671875,True,False,True,0,0,110872,110864,110779,110779
7954,5,age,127634,127635,128,89,0.6953125,0.703125,0.69921875,False,True,True,0,0,110800,110800,110779,110780
7954,5,age,127634,127635,128,105,0.8203125,0.828125,0.82421875,True,False,True,0,0,110800,110792,110780,110780
7956,5,age,127697,127698,128,17,0.1328125,0.140625,0.13671875,True,False,True,0,0,110872,110864,110843,110843
7956,5,age,127697,127698,128,89,0.6953125,0.703125,0.69921875,False,True,True,0,0,110800,110800,110843,110844
7956,5,age,127697,127698,128,105,0.8203125,0.828125,0.82421875,True,False,True,0,0,110800,110792,110844,110844
7958,5,age,127760,127761,128,17,0.1328125,0.140625,0.13671875,True,False,True,0,0,110872,110864,110907,110907
7958,5,age,127760,127761,128,89,0.6953125,0.703125,0.69921875,False,True,True,0,0,110800,110800,110907,110908
7958,5,age,127760,127761,128,105,0.8203125,0.828125,0.82421875,True,False,True,0,0,110800,110792,110908,110908
7960,5,age,127821,127822,128,9,0.0703125,0.078125,0.07421875,True,False,True,0,0,112496,112488,112505,112505
7960,5,age,127821,127822,128,89,0.6953125,0.703125,0.69921875,False,True,True,0,0,112488,112488,112505,112506
7960,5,age,127821,127822,128,97,0.7578125,0.765625,0.76171875,True,False,True,0,0,112424,112416,112506,112506
7962,5,age,127823,127824,128,17,0.1328125,0.140625,0.13671875,True,False,True,0,0,110872,110864,110971,110971
7962,5,age,127823,127824,128,89,0.6953125,0.703125,0.69921875,False,True,True,0,0,110800,110800,110971,110972
7962,5,age,127823,127824,128,105,0.8203125,0.828125,0.82421875,True,False,True,0,0,110800,110792,110972,110972
7964,5,age,127884,127885,128,9,0.0703125,0.078125,0.07421875,True,False,True,0,0,112496,112488,112505,112505
7964,5,age,127884,127885,128,89,0.6953125,0.703125,0.69921875,False,True,True,0,0,112488,112488,112505,112506
7964,5,age,127884,127885,128,124,0.96875,0.9765625,0.97265625,True,False,True,0,0,112480,112416,112506,112506
7966,5,age,127886,127887,128,17,0.1328125,0.140625,0.13671875,True,False,True,0,0,110872,110864,110971,110971
7966,5,age,127886,127887,128,89,0.6953125,0.703125,0.69921875,False,True,True,0,0,110800,110800,110971,110972
7966,5,age,127886,127887,128,105,0.8203125,0.828125,0.82421875,True,False,True,0,0,110800,110792,110972,110972
7967,5,age,127940,127939,128,15,0.1171875,0.125,0.12109375,True,False,True,0,0,111272,111208,111161,111161
7967,5,age,127940,127939,128,38,0.296875,0.3046875,0.30078125,False,True,True,0,0,111208,111208,111161,111160
7967,5,age,127940,127939,128,118,0.921875,0.9296875,0.92578125,True,False,True,0,0,111216,111152,111160,111160
7972,5,age,127949,127950,128,17,0.1328125,0.140625,0.13671875,True,False,True,0,0,111256,111248,111163,111163
7972,5,age,127949,127950,128,89,0.6953125,0.703125,0.69921875,False,True,True,0,0,111184,111184,111163,111164
7972,5,age,127949,127950,128,105,0.8203125,0.828125,0.82421875,True,False,True,0,0,111184,111176,111164,111164
7974,5,age,128012,128013,128,17,0.1328125,0.140625,0.13671875,True,False,True,0,0,111256,111248,111227,111227
7974,5,age,128012,128013,128,89,0.6953125,0.703125,0.69921875,False,True,True,0,0,111184,111184,111227,111228
7974,5,age,128012,128013,128,105,0.8203125,0.828125,0.82421875,True,False,True,0,0,111184,111176,111228,111228
7976,5,age,128075,128076,128,17,0.1328125,0.140625,0.13671875,True,False,True,0,0,111256,111248,111291,111291
7976,5,age,128075,128076,128,89,0.6953125,0.703125,0.69921875,False,True,True,0,0,111184,111184,111291,111292
7976,5,age,128075,128076,128,105,0.8203125,0.828125,0.82421875,True,False,True,0,0,111184,111176,111292,111292
7978,5,age,128136,128137,128,9,0.0703125,0.078125,0.07421875,True,False,True,0,0,112880,112872,112889,112889
7978,5,age,128136,128137,128,89,0.6953125,0.703125,0.69921875,False,True,True,0,0,112872,112872,112889,112890
7978,5,age,128136,128137,128,97,0.7578125,0.765625,0.76171875,True,False,True,0,0,112808,112800,112890,112890
7980,5,age,128138,128139,128,17,0.1328125,0.140625,0.13671875,True,False,True,0,0,111256,111248,111355,111355
7980,5,age,128138,128139,128,89,0.6953125,0.703125,0.69921875,False,True,True,0,0,111184,111184,111355,111356
7980,5,age,128138,128139,128,105,0.8203125,0.828125,0.82421875,True,False,True,0,0,111184,111176,111356,111356
7982,5,age,128199,128200,128,9,0.0703125,0.078125,0.07421875,True,False,True,0,0,112880,112872,112889,112889
7982,5,age,128199,128200,128,89,0.6953125,0.703125,0.69921875,False,True,True,0,0,112872,112872,112889,112890
7982,5,age,128199,128200,128,124,0.96875,0.9765625,0.97265625,True,False,True,0,0,112864,112800,112890,112890
7984,5,age,128201,128202,128,17,0.1328125,0.140625,0.13671875,True,False,True,0,0,111256,111248,111355,111355
7984,5,age,128201,128202,128,89,0.6953125,0.703125,0.69921875,False,True,True,0,0,111184,111184,111355,111356
7984,5,age,128201,128202,128,105,0.8203125,0.828125,0.82421875,True,False,True,0,0,111184,111176,111356,111356
7985,5,age,128255,128254,128,15,0.1171875,0.125,0.12109375,True,False,True,0,0,111272,111208,111161,111161
7985,5,age,128255,128254,128,38,0.296875,0.3046875,0.30078125,False,True,True,0,0,111208,111208,111161,111160
7985,5,age,128255,128254,128,118,0.921875,0.9296875,0.92578125,True,False,True,0,0,111216,111152,111160,111160
7990,5,age,128264,128265,128,17,0.1328125,0.140625,0.13671875,True,False,True,0,0,111256,111248,111163,111163
7990,5,age,128264,128265,128,89,0.6953125,0.703125,0.69921875,False,True,True,0,0,111184,111184,111163,111164
7990,5,age,128264,128265,128,105,0.8203125,0.828125,0.82421875,True,False,True,0,0,111184,111176,111164,111164
7992,5,age,128327,128328,128,17,0.1328125,0.140625,0.13671875,True,False,True,0,0,111256,111248,111227,111227
7992,5,age,128327,128328,128,89,0.6953125,0.703125,0.69921875,False,True,True,0,0,111184,111184,111227,111228
7992,5,age,128327,128328,128,105,0.8203125,0.828125,0.82421875,True,False,True,0,0,111184,111176,111228,111228
7994,5,age,128390,128391,128,17,0.1328125,0.140625,0.13671875,True,False,True,0,0,111256,111248,111291,111291
7994,5,age,128390,128391,128,89,0.6953125,0.703125,0.69921875,False,True,True,0,0,111184,111184,111291,111292
7994,5,age,128390,128391,128,105,0.8203125,0.828125,0.82421875,True,False,True,0,0,111184,111176,111292,111292
7996,5,age,128451,128452,128,9,0.0703125,0.078125,0.07421875,True,False,True,0,0,112880,112872,112889,112889
7996,5,age,128451,128452,128,89,0.6953125,0.703125,0.69921875,False,True,True,0,0,112872,112872,112889,112890
7996,5,age,128451,128452,128,97,0.7578125,0.765625,0.76171875,True,False,True,0,0,112808,112800,112890,112890
7998,5,age,128453,128454,128,17,0.1328125,0.140625,0.13671875,True,False,True,0,0,111256,111248,111355,111355
7998,5,age,128453,128454,128,89,0.6953125,0.703125,0.69921875,False,True,True,0,0,111184,111184,111355,111356
7998,5,age,128453,128454,128,105,0.8203125,0.828125,0.82421875,True,False,True,0,0,111184,111176,111356,111356
8000,5,age,128514,128515,128,9,0.0703125,0.078125,0.07421875,True,False,True,0,0,112880,112872,112889,112889
8000,5,age,128514,128515,128,89,0.6953125,0.703125,0.69921875,False,True,True,0,0,112872,112872,112889,112890
8000,5,age,128514,128515,128,124,0.96875,0.9765625,0.97265625,True,False,True,0,0,112864,112800,112890,112890
8002,5,age,128516,128517,128,17,0.1328125,0.140625,0.13671875,True,False,True,0,0,111256,111248,111355,111355
8002,5,age,128516,128517,128,89,0.6953125,0.703125,0.69921875,False,True,True,0,0,111184,111184,111355,111356
8002,5,age,128516,128517,128,105,0.8203125,0.828125,0.82421875,True,False,True,0,0,111184,111176,111356,111356
8003,5,age,128570,128569,128,15,0.1171875,0.125,0.12109375,True,False,True,0,0,133160,133096,133049,133049
8003,5,age,128570,128569,128,38,0.296875,0.3046875,0.30078125,False,True,True,0,0,133096,133096,133049,133048
8003,5,age,128570,128569,128,118,0.921875,0.9296875,0.92578125,True,False,True,0,0,133104,133040,133048,133048
8008,5,age,128579,128580,128,17,0.1328125,0.140625,0.13671875,True,False,True,0,0,133144,133136,133051,133051
8008,5,age,128579,128580,128,89,0.6953125,0.703125,0.69921875,False,True,True,0,0,133072,133072,133051,133052
8008,5,age,128579,128580,128,105,0.8203125,0.828125,0.82421875,True,False,True,0,0,133072,133064,133052,133052
8010,5,age,128642,128643,128,17,0.1328125,0.140625,0.13671875,True,False,True,0,0,133144,133136,133115,133115
8010,5,age,128642,128643,128,89,0.6953125,0.703125,0.69921875,False,True,True,0,0,133072,133072,133115,133116
8010,5,age,128642,128643,128,105,0.8203125,0.828125,0.82421875,True,False,True,0,0,133072,133064,133116,133116
8012,5,age,128705,128706,128,17,0.1328125,0.140625,0.13671875,True,False,True,0,0,133144,133136,133179,133179
8012,5,age,128705,128706,128,89,0.6953125,0.703125,0.69921875,False,True,True,0,0,133072,133072,133179,133180
8012,5,age,128705,128706,128,105,0.8203125,0.828125,0.82421875,True,False,True,0,0,133072,133064,133180,133180
8014,5,age,128766,128767,128,9,0.0703125,0.078125,0.07421875,True,False,True,0,0,134768,134760,134777,134777
8014,5,age,128766,128767,128,89,0.6953125,0.703125,0.69921875,False,True,True,0,0,134760,134760,134777,134778
8014,5,age,128766,128767,128,97,0.7578125,0.765625,0.76171875,True,False,True,0,0,134696,134688,134778,134778
8016,5,age,128768,128769,128,17,0.1328125,0.140625,0.13671875,True,False,True,0,0,133144,133136,133243,133243
8016,5,age,128768,128769,128,89,0.6953125,0.703125,0.69921875,False,True,True,0,0,133072,133072,133243,133244
8016,5,age,128768,128769,128,105,0.8203125,0.828125,0.82421875,True,False,True,0,0,133072,133064,133244,133244
8018,5,age,128829,128830,128,9,0.0703125,0.078125,0.07421875,True,False,True,0,0,134768,134760,134777,134777
8018,5,age,128829,128830,128,89,0.6953125,0.703125,0.69921875,False,True,True,0,0,134760,134760,134777,134778
8018,5,age,128829,128830,128,124,0.96875,0.9765625,0.97265625,True,False,True,0,0,134752,134688,134778,134778
8020,5,age,128831,128832,128,17,0.1328125,0.140625,0.13671875,True,False,True,0,0,133144,133136,133243,133243
8020,5,age,128831,128832,128,89,0.6953125,0.703125,0.69921875,False,True,True,0,0,133072,133072,133243,133244
8020,5,age,128831,128832,128,105,0.8203125,0.828125,0.82421875,True,False,True,0,0,133072,133064,133244,133244
8021,5,age,128885,128884,128,15,0.1171875,0.125,0.12109375,True,False,True,0,0,133544,133480,133433,133433
8021,5,age,128885,128884,128,38,0.296875,0.3046875,0.30078125,False,True,True,0,0,133480,133480,133433,133432
8021,5,age,128885,128884,128,118,0.921875,0.9296875,0.92578125,True,False,True,0,0,133488,133424,133432,133432
8026,5,age,128894,128895,128,17,0.1328125,0.140625,0.13671875,True,False,True,0,0,133528,133520,133435,133435
8026,5,age,128894,128895,128,89,0.6953125,0.703125,0.69921875,False,True,True,0,0,133456,133456,133435,133436
8026,5,age,128894,128895,128,105,0.8203125,0.828125,0.82421875,True,False,True,0,0,133456,133448,133436,133436
8028,5,age,128957,128958,128,17,0.1328125,0.140625,0.13671875,True,False,True,0,0,133528,133520,133499,133499
8028,5,age,128957,128958,128,89,0.6953125,0.703125,0.69921875,False,True,True,0,0,133456,133456,133499,133500
8028,5,age,128957,128958,128,105,0.8203125,0.828125,0.82421875,True,False,True,0,0,133456,133448,133500,133500
8030,5,age,129020,129021,128,17,0.1328125,0.140625,0.13671875,True,False,True,0,0,133528,133520,133563,133563
8030,5,age,129020,129021,128,89,0.6953125,0.703125,0.69921875,False,True,True,0,0,133456,133456,133563,133564
8030,5,age,129020,129021,128,105,0.8203125,0.828125,0.82421875,True,False,True,0,0,133456,133448,133564,133564
8032,5,age,129081,129082,128,9,0.0703125,0.078125,0.07421875,True,False,True,0,0,135152,135144,135161,135161
8032,5,age,129081,129082,128,89,0.6953125,0.703125,0.69921875,False,True,True,0,0,135144,135144,135161,135162
8032,5,age,129081,129082,128,97,0.7578125,0.765625,0.76171875,True,False,True,0,0,135080,135072,135162,135162
8034,5,age,129083,129084,128,17,0.1328125,0.140625,0.13671875,True,False,True,0,0,133528,133520,133627,133627
8034,5,age,129083,129084,128,89,0.6953125,0.703125,0.69921875,False,True,True,0,0,133456,133456,133627,133628
8034,5,age,129083,129084,128,105,0.8203125,0.828125,0.82421875,True,False,True,0,0,133456,133448,133628,133628
8036,5,age,129144,129145,128,9,0.0703125,0.078125,0.07421875,True,False,True,0,0,135152,135144,135161,135161
8036,5,age,129144,129145,128,89,0.6953125,0.703125,0.69921875,False,True,True,0,0,135144,135144,135161,135162
8036,5,age,129144,129145,128,124,0.96875,0.9765625,0.97265625,True,False,True,0,0,135136,135072,135162,135162
8038,5,age,129146,129147,128,17,0.1328125,0.140625,0.13671875,True,False,True,0,0,133528,133520,133627,133627
8038,5,age,129146,129147,128,89,0.6953125,0.703125,0.69921875,False,True,True,0,0,133456,133456,133627,133628
8038,5,age,129146,129147,128,105,0.8203125,0.828125,0.82421875,True,False,True,0,0,133456,133448,133628,133628
8039,5,age,129200,129199,128,15,0.1171875,0.125,0.12109375,True,False,True,0,0,112424,112360,112313,112313
8039,5,age,129200,129199,128,38,0.296875,0.3046875,0.30078125,False,True,True,0,0,112360,112360,112313,112312
8039,5,age,129200,129199,128,118,0.921875,0.9296875,0.92578125,True,False,True,0,0,112368,112304,112312,112312
8044,5,age,129209,129210,128,17,0.1328125,0.140625,0.13671875,True,False,True,0,0,112408,112400,112315,112315
8044,5,age,129209,129210,128,89,0.6953125,0.703125,0.69921875,False,True,True,0,0,112336,112336,112315,112316
8044,5,age,129209,129210,128,105,0.8203125,0.828125,0.82421875,True,False,True,0,0,112336,112328,112316,112316
8046,5,age,129272,129273,128,17,0.1328125,0.140625,0.13671875,True,False,True,0,0,112408,112400,112379,112379
8046,5,age,129272,129273,128,89,0.6953125,0.703125,0.69921875,False,True,True,0,0,112336,112336,112379,112380
8046,5,age,129272,129273,128,105,0.8203125,0.828125,0.82421875,True,False,True,0,0,112336,112328,112380,112380
8048,5,age,129335,129336,128,17,0.1328125,0.140625,0.13671875,True,False,True,0,0,112408,112400,112443,112443
8048,5,age,129335,129336,128,89,0.6953125,0.703125,0.69921875,False,True,True,0,0,112336,112336,112443,112444
8048,5,age,129335,129336,128,105,0.8203125,0.828125,0.82421875,True,False,True,0,0,112336,112328,112444,112444
8050,5,age,129396,129397,128,9,0.0703125,0.078125,0.07421875,True,False,True,0,0,114032,114024,114041,114041
8050,5,age,129396,129397,128,89,0.6953125,0.703125,0.69921875,False,True,True,0,0,114024,114024,114041,114042
8050,5,age,129396,129397,128,97,0.7578125,0.765625,0.76171875,True,False,True,0,0,113960,113952,114042,114042
8052,5,age,129398,129399,128,17,0.1328125,0.140625,0.13671875,True,False,True,0,0,112408,112400,112507,112507
8052,5,age,129398,129399,128,89,0.6953125,0.703125,0.69921875,False,True,True,0,0,112336,112336,112507,112508
8052,5,age,129398,129399,128,105,0.8203125,0.828125,0.82421875,True,False,True,0,0,112336,112328,112508,112508
8054,5,age,129459,129460,128,9,0.0703125,0.078125,0.07421875,True,False,True,0,0,114032,114024,114041,114041
8054,5,age,129459,129460,128,89,0.6953125,0.703125,0.69921875,False,True,True,0,0,114024,114024,114041,114042
8054,5,age,129459,129460,128,124,0.96875,0.9765625,0.97265625,True,False,True,0,0,114016,113952,114042,114042
8056,5,age,129461,129462,128,17,0.1328125,0.140625,0.13671875,True,False,True,0,0,112408,112400,112507,112507
8056,5,age,129461,129462,128,89,0.6953125,0.703125,0.69921875,False,True,True,0,0,112336,112336,112507,112508
8056,5,age,129461,129462,128,105,0.8203125,0.828125,0.82421875,True,False,True,0,0,112336,112328,112508,112508
8057,5,age,129515,129514,128,15,0.1171875,0.125,0.12109375,True,False,True,0,0,112808,112744,112697,112697
8057,5,age,129515,129514,128,38,0.296875,0.3046875,0.30078125,False,True,True,0,0,112744,112744,112697,112696
8057,5,age,129515,129514,128,118,0.921875,0.9296875,0.92578125,True,False,True,0,0,112752,112688,112696,112696
8062,5,age,129524,129525,128,17,0.1328125,0.140625,0.13671875,True,False,True,0,0,112792,112784,112699,112699
8062,5,age,129524,129525,128,89,0.6953125,0.703125,0.69921875,False,True,True,0,0,112720,112720,112699,112700
8062,5,age,129524,129525,128,105,0.8203125,0.828125,0.82421875,True,False,True,0,0,112720,112712,112700,112700
8064,5,age,129587,129588,128,17,0.1328125,0.140625,0.13671875,True,False,True,0,0,112792,112784,112763,112763
8064,5,age,129587,129588,128,89,0.6953125,0.703125,0.69921875,False,True,True,0,0,112720,112720,112763,112764
8064,5,age,129587,129588,128,105,0.8203125,0.828125,0.82421875,True,False,True,0,0,112720,112712,112764,112764
8066,5,age,129650,129651,128,17,0.1328125,0.140625,0.13671875,True,False,True,0,0,112792,112784,112827,112827
8066,5,age,129650,129651,128,89,0.6953125,0.703125,0.69921875,False,True,True,0,0,112720,112720,112827,112828
8066,5,age,129650,129651,128,105,0.8203125,0.828125,0.82421875,True,False,True,0,0,112720,112712,112828,112828
8068,5,age,129711,129712,128,9,0.0703125,0.078125,0.07421875,True,False,True,0,0,114416,114408,114425,114425
8068,5,age,129711,129712,128,89,0.6953125,0.703125,0.69921875,False,True,True,0,0,114408,114408,114425,114426
8068,5,age,129711,129712,128,97,0.7578125,0.765625,0.76171875,True,False,True,0,0,114344,114336,114426,114426
8070,5,age,129713,129714,128,17,0.1328125,0.140625,0.13671875,True,False,True,0,0,112792,112784,112891,112891
8070,5,age,129713,129714,128,89,0.6953125,0.703125,0.69921875,False,True,True,0,0,112720,112720,112891,112892
8070,5,age,129713,129714,128,105,0.8203125,0.828125,0.82421875,True,False,True,0,0,112720,112712,112892,112892
8072,5,age,129774,129775,128,9,0.0703125,0.078125,0.07421875,True,False,True,0,0,114416,114408,114425,114425
8072,5,age,129774,129775,128,89,0.6953125,0.703125,0.69921875,False,True,True,0,0,114408,114408,114425,114426
8072,5,age,129774,129775,128,124,0.96875,0.9765625,0.97265625,True,False,True,0,0,114400,114336,114426,114426
8074,5,age,129776,129777,128,17,0.1328125,0.140625,0.13671875,True,False,True,0,0,112792,112784,112891,112891
8074,5,age,129776,129777,128,89,0.6953125,0.703125,0.69921875,False,True,True,0,0,112720,112720,112891,112892
8074,5,age,129776,129777,128,105,0.8203125,0.828125,0.82421875,True,False,True,0,0,112720,112712,112892,112892
8075,5,age,129830,129829,128,15,0.1171875,0.125,0.12109375,True,False,True,0,0,112808,112744,112697,112697
8075,5,age,129830,129829,128,38,0.296875,0.3046875,0.30078125,False,True,True,0,0,112744,112744,112697,112696
8075,5,age,129830,129829,128,118,0.921875,0.9296875,0.92578125,True,False,True,0,0,112752,112688,112696,112696
8080,5,age,129839,129840,128,17,0.1328125,0.140625,0.13671875,True,False,True,0,0,112792,112784,112699,112699
8080,5,age,129839,129840,128,89,0.6953125,0.703125,0.69921875,False,True,True,0,0,112720,112720,112699,112700
8080,5,age,129839,129840,128,105,0.8203125,0.828125,0.82421875,True,False,True,0,0,112720,112712,112700,112700
8082,5,age,129902,129903,128,17,0.1328125,0.140625,0.13671875,True,False,True,0,0,112792,112784,112763,112763
8082,5,age,129902,129903,128,89,0.6953125,0.703125,0.69921875,False,True,True,0,0,112720,112720,112763,112764
8082,5,age,129902,129903,128,105,0.8203125,0.828125,0.82421875,True,False,True,0,0,112720,112712,112764,112764
8084,5,age,129965,129966,128,17,0.1328125,0.140625,0.13671875,True,False,True,0,0,112792,112784,112827,112827
8084,5,age,129965,129966,128,89,0.6953125,0.703125,0.69921875,False,True,True,0,0,112720,112720,112827,112828
8084,5,age,129965,129966,128,105,0.8203125,0.828125,0.82421875,True,False,True,0,0,112720,112712,112828,112828
8086,5,age,130026,130027,128,9,0.0703125,0.078125,0.07421875,True,False,True,0,0,114416,114408,114425,114425
8086,5,age,130026,130027,128,89,0.6953125,0.703125,0.69921875,False,True,True,0,0,114408,114408,114425,114426
8086,5,age,130026,130027,128,97,0.7578125,0.765625,0.76171875,True,False,True,0,0,114344,114336,114426,114426
8088,5,age,130028,130029,128,17,0.1328125,0.140625,0.13671875,True,False,True,0,0,112792,112784,112891,112891
8088,5,age,130028,130029,128,89,0.6953125,0.703125,0.69921875,False,True,True,0,0,112720,112720,112891,112892
8088,5,age,130028,130029,128,105,0.8203125,0.828125,0.82421875,True,False,True,0,0,112720,112712,112892,112892
8090,5,age,130089,130090,128,9,0.0703125,0.078125,0.07421875,True,False,True,0,0,114416,114408,114425,114425
8090,5,age,130089,130090,128,89,0.6953125,0.703125,0.69921875,False,True,True,0,0,114408,114408,114425,114426
8090,5,age,130089,130090,128,124,0.96875,0.9765625,0.97265625,True,False,True,0,0,114400,114336,114426,114426
8092,5,age,130091,130092,128,17,0.1328125,0.140625,0.13671875,True,False,True,0,0,112792,112784,112891,112891
8092,5,age,130091,130092,128,89,0.6953125,0.703125,0.69921875,False,True,True,0,0,112720,112720,112891,112892
8092,5,age,130091,130092,128,105,0.8203125,0.828125,0.82421875,True,False,True,0,0,112720,112712,112892,112892
8093,5,age,130145,130144,128,15,0.1171875,0.125,0.12109375,True,False,True,0,0,134696,134632,134585,134585
8093,5,age,130145,130144,128,38,0.296875,0.3046875,0.30078125,False,True,True,0,0,134632,134632,134585,134584
8093,5,age,130145,130144,128,118,0.921875,0.9296875,0.92578125,True,False,True,0,0,134640,134576,134584,134584
8098,5,age,130154,130155,128,17,0.1328125,0.140625,0.13671875,True,False,True,0,0,134680,134672,134587,134587
8098,5,age,130154,130155,128,89,0.6953125,0.703125,0.69921875,False,True,True,0,0,134608,134608,134587,134588
8098,5,age,130154,130155,128,105,0.8203125,0.828125,0.82421875,True,False,True,0,0,134608,134600,134588,134588
8100,5,age,130217,130218,128,17,0.1328125,0.140625,0.13671875,True,False,True,0,0,134680,134672,134651,134651
8100,5,age,130217,130218,128,89,0.6953125,0.703125,0.69921875,False,True,True,0,0,134608,134608,134651,134652
8100,5,age,130217,130218,128,105,0.8203125,0.828125,0.82421875,True,False,True,0,0,134608,134600,134652,134652
8102,5,age,130280,130281,128,17,0.1328125,0.140625,0.13671875,True,False,True,0,0,134680,134672,134715,134715
8102,5,age,130280,130281,128,89,0.6953125,0.703125,0.69921875,False,True,True,0,0,134608,134608,134715,134716
8102,5,age,130280,130281,128,105,0.8203125,0.828125,0.82421875,True,False,True,0,0,134608,134600,134716,134716
8104,5,age,130341,130342,128,9,0.0703125,0.078125,0.07421875,True,False,True,0,0,136304,136296,136313,136313
8104,5,age,130341,130342,128,89,0.6953125,0.703125,0.69921875,False,True,True,0,0,136296,136296,136313,136314
8104,5,age,130341,130342,128,97,0.7578125,0.765625,0.76171875,True,False,True,0,0,136232,136224,136314,136314
8106,5,age,130343,130344,128,17,0.1328125,0.140625,0.13671875,True,False,True,0,0,134680,134672,134779,134779
8106,5,age,130343,130344,128,89,0.6953125,0.703125,0.69921875,False,True,True,0,0,134608,134608,134779,134780
8106,5,age,130343,130344,128,105,0.8203125,0.828125,0.82421875,True,False,True,0,0,134608,134600,134780,134780
8108,5,age,130404,130405,128,9,0.0703125,0.078125,0.07421875,True,False,True,0,0,136304,136296,136313,136313
8108,5,age,130404,130405,128,89,0.6953125,0.703125,0.69921875,False,True,True,0,0,136296,136296,136313,136314
8108,5,age,130404,130405,128,124,0.96875,0.9765625,0.97265625,True,False,True,0,0,136288,136224,136314,136314
8110,5,age,130406,130407,128,17,0.1328125,0.140625,0.13671875,True,False,True,0,0,134680,134672,134779,134779
8110,5,age,130406,130407,128,89,0.6953125,0.703125,0.69921875,False,True,True,0,0,134608,134608,134779,134780
8110,5,age,130406,130407,128,105,0.8203125,0.828125,0.82421875,True,False,True,0,0,134608,134600,134780,134780
8111,5,age,130460,130459,128,15,0.1171875,0.125,0.12109375,True,False,True,0,0,135080,135016,134969,134969
8111,5,age,130460,130459,128,38,0.296875,0.3046875,0.30078125,False,True,True,0,0,135016,135016,134969,134968
8111,5,age,130460,130459,128,118,0.921875,0.9296875,0.92578125,True,False,True,0,0,135024,134960,134968,134968
8116,5,age,130469,130470,128,17,0.1328125,0.140625,0.13671875,True,False,True,0,0,135064,135056,134971,134971
8116,5,age,130469,130470,128,89,0.6953125,0.703125,0.69921875,False,True,True,0,0,134992,134992,134971,134972
8116,5,age,130469,130470,128,105,0.8203125,0.828125,0.82421875,True,False,True,0,0,134992,134984,134972,134972
8118,5,age,130532,130533,128,17,0.1328125,0.140625,0.13671875,True,False,True,0,0,135064,135056,135035,135035
8118,5,age,130532,130533,128,89,0.6953125,0.703125,0.69921875,False,True,True,0,0,134992,134992,135035,135036
8118,5,age,130532,130533,128,105,0.8203125,0.828125,0.82421875,True,False,True,0,0,134992,134984,135036,135036
8120,5,age,130595,130596,128,17,0.1328125,0.140625,0.13671875,True,False,True,0,0,135064,135056,135099,135099
8120,5,age,130595,130596,128,89,0.6953125,0.703125,0.69921875,False,True,True,0,0,134992,134992,135099,135100
8120,5,age,130595,130596,128,105,0.8203125,0.828125,0.82421875,True,False,True,0,0,134992,134984,135100,135100
8122,5,age,130656,130657,128,9,0.0703125,0.078125,0.07421875,True,False,True,0,0,136688,136680,136697,136697
8122,5,age,130656,130657,128,89,0.6953125,0.703125,0.69921875,False,True,True,0,0,136680,136680,136697,136698
8122,5,age,130656,130657,128,97,0.7578125,0.765625,0.76171875,True,False,True,0,0,136616,136608,136698,136698
8124,5,age,130658,130659,128,17,0.1328125,0.140625,0.13671875,True,False,True,0,0,135064,135056,135163,135163
8124,5,age,130658,130659,128,89,0.6953125,0.703125,0.69921875,False,True,True,0,0,134992,134992,135163,135164
8124,5,age,130658,130659,128,105,0.8203125,0.828125,0.82421875,True,False,True,0,0,134992,134984,135164,135164
8126,5,age,130719,130720,128,9,0.0703125,0.078125,0.07421875,True,False,True,0,0,136688,136680,136697,136697
8126,5,age,130719,130720,128,89,0.6953125,0.703125,0.69921875,False,True,True,0,0,136680,136680,136697,136698
8126,5,age,130719,130720,128,124,0.96875,0.9765625,0.97265625,True,False,True,0,0,136672,136608,136698,136698
8128,5,age,130721,130722,128,17,0.1328125,0.140625,0.13671875,True,False,True,0,0,135064,135056,135163,135163
8128,5,age,130721,130722,128,89,0.6953125,0.703125,0.69921875,False,True,True,0,0,134992,134992,135163,135164
8128,5,age,130721,130722,128,105,0.8203125,0.828125,0.82421875,True,False,True,0,0,134992,134984,135164,135164
8129,5,age,130775,130774,128,15,0.1171875,0.125,0.12109375,True,False,True,0,0,113960,113896,113849,113849
8129,5,age,130775,130774,128,38,0.296875,0.3046875,0.30078125,False,True,True,0,0,113896,113896,113849,113848
8129,5,age,130775,130774,128,118,0.921875,0.9296875,0.92578125,True,False,True,0,0,113904,113840,113848,113848
8134,5,age,130784,130785,128,17,0.1328125,0.140625,0.13671875,True,False,True,0,0,113944,113936,113851,113851
8134,5,age,130784,130785,128,89,0.6953125,0.703125,0.69921875,False,True,True,0,0,113872,113872,113851,113852
8134,5,age,130784,130785,128,105,0.8203125,0.828125,0.82421875,True,False,True,0,0,113872,113864,113852,113852
8136,5,age,130847,130848,128,17,0.1328125,0.140625,0.13671875,True,False,True,0,0,113944,113936,113915,113915
8136,5,age,130847,130848,128,89,0.6953125,0.703125,0.69921875,False,True,True,0,0,113872,113872,113915,113916
8136,5,age,130847,130848,128,105,0.8203125,0.828125,0.82421875,True,False,True,0,0,113872,113864,113916,113916
8138,5,age,130910,130911,128,17,0.1328125,0.140625,0.13671875,True,False,True,0,0,113944,113936,113979,113979
8138,5,age,130910,130911,128,89,0.6953125,0.703125,0.69921875,False,True,True,0,0,113872,113872,113979,113980
8138,5,age,130910,130911,128,105,0.8203125,0.828125,0.82421875,True,False,True,0,0,113872,113864,113980,113980
8140,5,age,130971,130972,128,9,0.0703125,0.078125,0.07421875,True,False,True,0,0,115568,115560,115577,115577
8140,5,age,130971,130972,128,89,0.6953125,0.703125,0.69921875,False,True,True,0,0,115560,115560,115577,115578
8140,5,age,130971,130972,128,97,0.7578125,0.765625,0.76171875,True,False,True,0,0,115496,115488,115578,115578
8142,5,age,130973,130974,128,17,0.1328125,0.140625,0.13671875,True,False,True,0,0,113944,113936,114043,114043
8142,5,age,130973,130974,128,89,0.6953125,0.703125,0.69921875,False,True,True,0,0,113872,113872,114043,114044
8142,5,age,130973,130974,128,105,0.8203125,0.828125,0.82421875,True,False,True,0,0,113872,113864,114044,114044
8144,5,age,131034,131035,128,9,0.0703125,0.078125,0.07421875,True,False,True,0,0,115568,115560,115577,115577
8144,5,age,131034,131035,128,89,0.6953125,0.703125,0.69921875,False,True,True,0,0,115560,115560,115577,115578
8144,5,age,131034,131035,128,124,0.96875,0.9765625,0.97265625,True,False,True,0,0,115552,115488,115578,115578
8146,5,age,131036,131037,128,17,0.1328125,0.140625,0.13671875,True,False,True,0,0,113944,113936,114043,114043
8146,5,age,131036,131037,128,89,0.6953125,0.703125,0.69921875,False,True,True,0,0,113872,113872,114043,114044
8146,5,age,131036,131037,128,105,0.8203125,0.828125,0.82421875,True,False,True,0,0,113872,113864,114044,114044
8147,5,age,131090,131089,128,15,0.1171875,0.125,0.12109375,True,False,True,0,0,114344,114280,114233,114233
8147,5,age,131090,131089,128,38,0.296875,0.3046875,0.30078125,False,True,True,0,0,114280,114280,114233,114232
8147,5,age,131090,131089,128,118,0.921875,0.9296875,0.92578125,True,False,True,0,0,114288,114224,114232,114232
8152,5,age,131099,131100,128,17,0.1328125,0.140625,0.13671875,True,False,True,0,0,114328,114320,114235,114235
8152,5,age,131099,131100,128,89,0.6953125,0.703125,0.69921875,False,True,True,0,0,114256,114256,114235,114236
8152,5,age,131099,131100,128,105,0.8203125,0.828125,0.82421875,True,False,True,0,0,114256,114248,114236,114236
8154,5,age,131162,131163,128,17,0.1328125,0.140625,0.13671875,True,False,True,0,0,114328,114320,114299,114299
8154,5,age,131162,131163,128,89,0.6953125,0.703125,0.69921875,False,True,True,0,0,114256,114256,114299,114300
8154,5,age,131162,131163,128,105,0.8203125,0.828125,0.82421875,True,False,True,0,0,114256,114248,114300,114300
8156,5,age,131225,131226,128,17,0.1328125,0.140625,0.13671875,True,False,True,0,0,114328,114320,114363,114363
8156,5,age,131225,131226,128,89,0.6953125,0.703125,0.69921875,False,True,True,0,0,114256,114256,114363,114364
8156,5,age,131225,131226,128,105,0.8203125,0.828125,0.82421875,True,False,True,0,0,114256,114248,114364,114364
8158,5,age,131286,131287,128,9,0.0703125,0.078125,0.07421875,True,False,True,0,0,115952,115944,115961,115961
8158,5,age,131286,131287,128,89,0.6953125,0.703125,0.69921875,False,True,True,0,0,115944,115944,115961,115962
8158,5,age,131286,131287,128,97,0.7578125,0.765625,0.76171875,True,False,True,0,0,115880,115872,115962,115962
8160,5,age,131288,131289,128,17,0.1328125,0.140625,0.13671875,True,False,True,0,0,114328,114320,114427,114427
8160,5,age,131288,131289,128,89,0.6953125,0.703125,0.69921875,False,True,True,0,0,114256,114256,114427,114428
8160,5,age,131288,131289,128,105,0.8203125,0.828125,0.82421875,True,False,True,0,0,114256,114248,114428,114428
8162,5,age,131349,131350,128,9,0.0703125,0.078125,0.07421875,True,False,True,0,0,115952,115944,115961,115961
8162,5,age,131349,131350,128,89,0.6953125,0.703125,0.69921875,False,True,True,0,0,115944,115944,115961,115962
8162,5,age,131349,131350,128,124,0.96875,0.9765625,0.97265625,True,False,True,0,0,115936,115872,115962,115962
8164,5,age,131351,131352,128,17,0.1328125,0.140625,0.13671875,True,False,True,0,0,114328,114320,114427,114427
8164,5,age,131351,131352,128,89,0.6953125,0.703125,0.69921875,False,True,True,0,0,114256,114256,114427,114428
8164,5,age,131351,131352,128,105,0.8203125,0.828125,0.82421875,True,False,True,0,0,114256,114248,114428,114428
8165,5,age,131405,131404,128,15,0.1171875,0.125,0.12109375,True,False,True,0,0,114344,114280,114233,114233
8165,5,age,131405,131404,128,38,0.296875,0.3046875,0.30078125,False,True,True,0,0,114280,114280,114233,114232
8165,5,age,131405,131404,128,118,0.921875,0.9296875,0.92578125,True,False,True,0,0,114288,114224,114232,114232
8170,5,age,131414,131415,128,17,0.1328125,0.140625,0.13671875,True,False,True,0,0,114328,114320,114235,114235
8170,5,age,131414,131415,128,89,0.6953125,0.703125,0.69921875,False,True,True,0,0,114256,114256,114235,114236
8170,5,age,131414,131415,128,105,0.8203125,0.828125,0.82421875,True,False,True,0,0,114256,114248,114236,114236
8172,5,age,131477,131478,128,17,0.1328125,0.140625,0.13671875,True,False,True,0,0,114328,114320,114299,114299
8172,5,age,131477,131478,128,89,0.6953125,0.703125,0.69921875,False,True,True,0,0,114256,114256,114299,114300
8172,5,age,131477,131478,128,105,0.8203125,0.828125,0.82421875,True,False,True,0,0,114256,114248,114300,114300
8174,5,age,131540,131541,128,17,0.1328125,0.140625,0.13671875,True,False,True,0,0,114328,114320,114363,114363
8174,5,age,131540,131541,128,89,0.6953125,0.703125,0.69921875,False,True,True,0,0,114256,114256,114363,114364
8174,5,age,131540,131541,128,105,0.8203125,0.828125,0.82421875,True,False,True,0,0,114256,114248,114364,114364
8176,5,age,131601,131602,128,9,0.0703125,0.078125,0.07421875,True,False,True,0,0,115952,115944,115961,115961
8176,5,age,131601,131602,128,89,0.6953125,0.703125,0.69921875,False,True,True,0,0,115944,115944,115961,115962
8176,5,age,131601,131602,128,97,0.7578125,0.765625,0.76171875,True,False,True,0,0,115880,115872,115962,115962
8178,5,age,131603,131604,128,17,0.1328125,0.140625,0.13671875,True,False,True,0,0,114328,114320,114427,114427
8178,5,age,131603,131604,128,89,0.6953125,0.703125,0.69921875,False,True,True,0,0,114256,114256,114427,114428
8178,5,age,131603,131604,128,105,0.8203125,0.828125,0.82421875,True,False,True,0,0,114256,114248,114428,114428
8180,5,age,131664,131665,128,9,0.0703125,0.078125,0.07421875,True,False,True,0,0,115952,115944,115961,115961
8180,5,age,131664,131665,128,89,0.6953125,0.703125,0.69921875,False,True,True,0,0,115944,115944,115961,115962
8180,5,age,131664,131665,128,124,0.96875,0.9765625,0.97265625,True,False,True,0,0,115936,115872,115962,115962
8182,5,age,131666,131667,128,17,0.1328125,0.140625,0.13671875,True,False,True,0,0,114328,114320,114427,114427
8182,5,age,131666,131667,128,89,0.6953125,0.703125,0.69921875,False,True,True,0,0,114256,114256,114427,114428
8182,5,age,131666,131667,128,105,0.8203125,0.828125,0.82421875,True,False,True,0,0,114256,114248,114428,114428
8183,5,age,131720,131719,128,15,0.1171875,0.125,0.12109375,True,False,True,0,0,136232,136168,136121,136121
8183,5,age,131720,131719,128,38,0.296875,0.3046875,0.30078125,False,True,True,0,0,136168,136168,136121,136120
8183,5,age,131720,131719,128,118,0.921875,0.9296875,0.92578125,True,False,True,0,0,136176,136112,136120,136120
8188,5,age,131729,131730,128,17,0.1328125,0.140625,0.13671875,True,False,True,0,0,136216,136208,136123,136123
8188,5,age,131729,131730,128,89,0.6953125,0.703125,0.69921875,False,True,True,0,0,136144,136144,136123,136124
8188,5,age,131729,131730,128,105,0.8203125,0.828125,0.82421875,True,False,True,0,0,136144,136136,136124,136124
8190,5,age,131792,131793,128,17,0.1328125,0.140625,0.13671875,True,False,True,0,0,136216,136208,136187,136187
8190,5,age,131792,131793,128,89,0.6953125,0.703125,0.69921875,False,True,True,0,0,136144,136144,136187,136188
8190,5,age,131792,131793,128,105,0.8203125,0.828125,0.82421875,True,False,True,0,0,136144,136136,136188,136188
8192,5,age,131855,131856,128,17,0.1328125,0.140625,0.13671875,True,False,True,0,0,136216,136208,136251,136251
8192,5,age,131855,131856,128,89,0.6953125,0.703125,0.69921875,False,True,True,0,0,136144,136144,136251,136252
8192,5,age,131855,131856,128,105,0.8203125,0.828125,0.82421875,True,False,True,0,0,136144,136136,136252,136252
8194,5,age,131916,131917,128,9,0.0703125,0.078125,0.07421875,True,False,True,0,0,137840,137832,137849,137849
8194,5,age,131916,131917,128,89,0.6953125,0.703125,0.69921875,False,True,True,0,0,137832,137832,137849,137850
8194,5,age,131916,131917,128,97,0.7578125,0.765625,0.76171875,True,False,True,0,0,137768,137760,137850,137850
8196,5,age,131918,131919,128,17,0.1328125,0.140625,0.13671875,True,False,True,0,0,136216,136208,136315,136315
8196,5,age,131918,131919,128,89,0.6953125,0.703125,0.69921875,False,True,True,0,0,136144,136144,136315,136316
8196,5,age,131918,131919,128,105,0.8203125,0.828125,0.82421875,True,False,True,0,0,136144,136136,136316,136316
8198,5,age,131979,131980,128,9,0.0703125,0.078125,0.07421875,True,False,True,0,0,137840,137832,137849,137849
8198,5,age,131979,131980,128,89,0.6953125,0.703125,0.69921875,False,True,True,0,0,137832,137832,137849,137850
8198,5,age,131979,131980,128,124,0.96875,0.9765625,0.97265625,True,False,True,0,0,137824,137760,137850,137850
8200,5,age,131981,131982,128,17,0.1328125,0.140625,0.13671875,True,False,True,0,0,136216,136208,136315,136315
8200,5,age,131981,131982,128,89,0.6953125,0.703125,0.69921875,False,True,True,0,0,136144,136144,136315,136316
8200,5,age,131981,131982,128,105,0.8203125,0.828125,0.82421875,True,False,True,0,0,136144,136136,136316,136316
8201,5,age,132035,132034,128,15,0.1171875,0.125,0.12109375,True,False,True,0,0,136616,136552,136505,136505
8201,5,age,132035,132034,128,38,0.296875,0.3046875,0.30078125,False,True,True,0,0,136552,136552,136505,136504
8201,5,age,132035,132034,128,118,0.921875,0.9296875,0.92578125,True,False,True,0,0,136560,136496,136504,136504
8206,5,age,132044,132045,128,17,0.1328125,0.140625,0.13671875,True,False,True,0,0,136600,136592,136507,136507
8206,5,age,132044,132045,128,89,0.6953125,0.703125,0.69921875,False,True,True,0,0,136528,136528,136507,136508
8206,5,age,132044,132045,128,105,0.8203125,0.828125,0.82421875,True,False,True,0,0,136528,136520,136508,136508
8208,5,age,132107,132108,128,17,0.1328125,0.140625,0.13671875,True,False,True,0,0,136600,136592,136571,136571
8208,5,age,132107,132108,128,89,0.6953125,0.703125,0.69921875,False,True,True,0,0,136528,136528,136571,136572
8208,5,age,132107,132108,128,105,0.8203125,0.828125,0.82421875,True,False,True,0,0,136528,136520,136572,136572
8210,5,age,132170,132171,128,17,0.1328125,0.140625,0.13671875,True,False,True,0,0,136600,136592,136635,136635
8210,5,age,132170,132171,128,89,0.6953125,0.703125,0.69921875,False,True,True,0,0,136528,136528,136635,136636
8210,5,age,132170,132171,128,105,0.8203125,0.828125,0.82421875,True,False,True,0,0,136528,136520,136636,136636
8212,5,age,132231,132232,128,9,0.0703125,0.078125,0.07421875,True,False,True,0,0,138224,138216,138233,138233
8212,5,age,132231,132232,128,89,0.6953125,0.703125,0.69921875,False,True,True,0,0,138216,138216,138233,138234
8212,5,age,132231,132232,128,97,0.7578125,0.765625,0.76171875,True,False,True,0,0,138152,138144,138234,138234
8214,5,age,132233,132234,128,17,0.1328125,0.140625,0.13671875,True,False,True,0,0,136600,136592,136699,136699
8214,5,age,132233,132234,128,89,0.6953125,0.703125,0.69921875,False,True,True,0,0,136528,136528,136699,136700
8214,5,age,132233,132234,128,105,0.8203125,0.828125,0.82421875,True,False,True,0,0,136528,136520,136700,136700
8216,5,age,132294,132295,128,9,0.0703125,0.078125,0.07421875,True,False,True,0,0,138224,138216,138233,138233
8216,5,age,132294,132295,128,89,0.6953125,0.703125,0.69921875,False,True,True,0,0,138216,138216,138233,138234
8216,5,age,132294,132295,128,124,0.96875,0.9765625,0.97265625,True,False,True,0,0,138208,138144,138234,138234
8218,5,age,132296,132297,128,17,0.1328125,0.140625,0.13671875,True,False,True,0,0,136600,136592,136699,136699
8218,5,age,132296,132297,128,89,0.6953125,0.703125,0.69921875,False,True,True,0,0,136528,136528,136699,136700
8218,5,age,132296,132297,128,105,0.8203125,0.828125,0.82421875,True,False,True,0,0,136528,136520,136700,136700
8219,5,age,132350,132349,128,15,0.1171875,0.125,0.12109375,True,False,True,0,0,115496,115432,115385,115385
8219,5,age,132350,132349,128,38,0.296875,0.3046875,0.30078125,False,True,True,0,0,115432,115432,115385,115384
8219,5,age,132350,132349,128,118,0.921875,0.9296875,0.92578125,True,False,True,0,0,115440,115376,115384,115384
8224,5,age,132359,132360,128,17,0.1328125,0.140625,0.13671875,True,False,True,0,0,115480,115472,115387,115387
8224,5,age,132359,132360,128,89,0.6953125,0.703125,0.69921875,False,True,True,0,0,115408,115408,115387,115388
8224,5,age,132359,132360,128,105,0.8203125,0.828125,0.82421875,True,False,True,0,0,115408,115400,115388,115388
8226,5,age,132422,132423,128,17,0.1328125,0.140625,0.13671875,True,False,True,0,0,115480,115472,115451,115451
8226,5,age,132422,132423,128,89,0.6953125,0.703125,0.69921875,False,True,True,0,0,115408,115408,115451,115452
8226,5,age,132422,132423,128,105,0.8203125,0.828125,0.82421875,True,False,True,0,0,115408,115400,115452,115452
8228,5,age,132485,132486,128,17,0.1328125,0.140625,0.13671875,True,False,True,0,0,115480,115472,115515,115515
8228,5,age,132485,132486,128,89,0.6953125,0.703125,0.69921875,False,True,True,0,0,115408,115408,115515,115516
8228,5,age,132485,132486,128,105,0.8203125,0.828125,0.82421875,True,False,True,0,0,115408,115400,115516,115516
8230,5,age,132546,132547,128,9,0.0703125,0.078125,0.07421875,True,False,True,0,0,117104,117096,117113,117113
8230,5,age,132546,132547,128,89,0.6953125,0.703125,0.69921875,False,True,True,0,0,117096,117096,117113,117114
8230,5,age,132546,132547,128,97,0.7578125,0.765625,0.76171875,True,False,True,0,0,117032,117024,117114,117114
8232,5,age,132548,132549,128,17,0.1328125,0.140625,0.13671875,True,False,True,0,0,115480,115472,115579,115579
8232,5,age,132548,132549,128,89,0.6953125,0.703125,0.69921875,False,True,True,0,0,115408,115408,115579,115580
8232,5,age,132548,132549,128,105,0.8203125,0.828125,0.82421875,True,False,True,0,0,115408,115400,115580,115580
8234,5,age,132609,132610,128,9,0.0703125,0.078125,0.07421875,True,False,True,0,0,117104,117096,117113,117113
8234,5,age,132609,132610,128,89,0.6953125,0.703125,0.69921875,False,True,True,0,0,117096,117096,117113,117114
8234,5,age,132609,132610,128,124,0.96875,0.9765625,0.97265625,True,False,True,0,0,117088,117024,117114,117114
8236,5,age,132611,132612,128,17,0.1328125,0.140625,0.13671875,True,False,True,0,0,115480,115472,115579,115579
8236,5,age,132611,132612,128,89,0.6953125,0.703125,0.69921875,False,True,True,0,0,115408,115408,115579,115580
8236,5,age,132611,132612,128,105,0.8203125,0.828125,0.82421875,True,False,True,0,0,115408,115400,115580,115580
8237,5,age,132665,132664,128,15,0.1171875,0.125,0.12109375,True,False,True,0,0,115880,115816,115769,115769
8237,5,age,132665,132664,128,38,0.296875,0.3046875,0.30078125,False,True,True,0,0,115816,115816,115769,115768
8237,5,age,132665,132664,128,118,0.921875,0.9296875,0.92578125,True,False,True,0,0,115824,115760,115768,115768
8242,5,age,132674,132675,128,17,0.1328125,0.140625,0.13671875,True,False,True,0,0,115864,115856,115771,115771
8242,5,age,132674,132675,128,89,0.6953125,0.703125,0.69921875,False,True,True,0,0,115792,115792,115771,115772
8242,5,age,132674,132675,128,105,0.8203125,0.828125,0.82421875,True,False,True,0,0,115792,115784,115772,115772
8244,5,age,132737,132738,128,17,0.1328125,0.140625,0.13671875,True,False,True,0,0,115864,115856,115835,115835
8244,5,age,132737,132738,128,89,0.6953125,0.703125,0.69921875,False,True,True,0,0,115792,115792,115835,115836
8244,5,age,132737,132738,128,105,0.8203125,0.828125,0.82421875,True,False,True,0,0,115792,115784,115836,115836
8246,5,age,132800,132801,128,17,0.1328125,0.140625,0.13671875,True,False,True,0,0,115864,115856,115899,115899
8246,5,age,132800,132801,128,89,0.6953125,0.703125,0.69921875,False,True,True,0,0,115792,115792,115899,115900
8246,5,age,132800,132801,128,105,0.8203125,0.828125,0.82421875,True,False,True,0,0,115792,115784,115900,115900
8248,5,age,132861,132862,128,9,0.0703125,0.078125,0.07421875,True,False,True,0,0,117488,117480,117497,117497
8248,5,age,132861,132862,128,89,0.6953125,0.703125,0.69921875,False,True,True,0,0,117480,117480,117497,117498
8248,5,age,132861,132862,128,97,0.7578125,0.765625,0.76171875,True,False,True,0,0,117416,117408,117498,117498
8250,5,age,132863,132864,128,17,0.1328125,0.140625,0.13671875,True,False,True,0,0,115864,115856,115963,115963
8250,5,age,132863,132864,128,89,0.6953125,0.703125,0.69921875,False,True,True,0,0,115792,115792,115963,115964
8250,5,age,132863,132864,128,105,0.8203125,0.828125,0.82421875,True,False,True,0,0,115792,115784,115964,115964
8252,5,age,132924,132925,128,9,0.0703125,0.078125,0.07421875,True,False,True,0,0,117488,117480,117497,117497
8252,5,age,132924,132925,128,89,0.6953125,0.703125,0.69921875,False,True,True,0,0,117480,117480,117497,117498
8252,5,age,132924,132925,128,124,0.96875,0.9765625,0.97265625,True,False,True,0,0,117472,117408,117498,117498
8254,5,age,132926,132927,128,17,0.1328125,0.140625,0.13671875,True,False,True,0,0,115864,115856,115963,115963
8254,5,age,132926,132927,128,89,0.6953125,0.703125,0.69921875,False,True,True,0,0,115792,115792,115963,115964
8254,5,age,132926,132927,128,105,0.8203125,0.828125,0.82421875,True,False,True,0,0,115792,115784,115964,115964
8255,5,age,132980,132979,128,15,0.1171875,0.125,0.12109375,True,False,True,0,0,115880,115816,115769,115769
8255,5,age,132980,132979,128,38,0.296875,0.3046875,0.30078125,False,True,True,0,0,115816,115816,115769,115768
8255,5,age,132980,132979,128,118,0.921875,0.9296875,0.92578125,True,False,True,0,0,115824,115760,115768,115768
8260,5,age,132989,132990,128,17,0.1328125,0.140625,0.13671875,True,False,True,0,0,115864,115856,115771,115771
8260,5,age,132989,132990,128,89,0.6953125,0.703125,0.69921875,False,True,True,0,0,115792,115792,115771,115772
8260,5,age,132989,132990,128,105,0.8203125,0.828125,0.82421875,True,False,True,0,0,115792,115784,115772,115772
8262,5,age,133052,133053,128,17,0.1328125,0.140625,0.13671875,True,False,True,0,0,115864,115856,115835,115835
8262,5,age,133052,133053,128,89,0.6953125,0.703125,0.69921875,False,True,True,0,0,115792,115792,115835,115836
8262,5,age,133052,133053,128,105,0.8203125,0.828125,0.82421875,True,False,True,0,0,115792,115784,115836,115836
8264,5,age,133115,133116,128,17,0.1328125,0.140625,0.13671875,True,False,True,0,0,115864,115856,115899,115899
8264,5,age,133115,133116,128,89,0.6953125,0.703125,0.69921875,False,True,True,0,0,115792,115792,115899,115900
8264,5,age,133115,133116,128,105,0.8203125,0.828125,0.82421875,True,False,True,0,0,115792,115784,115900,115900
8266,5,age,133176,133177,128,9,0.0703125,0.078125,0.07421875,True,False,True,0,0,117488,117480,117497,117497
8266,5,age,133176,133177,128,89,0.6953125,0.703125,0.69921875,False,True,True,0,0,117480,117480,117497,117498
8266,5,age,133176,133177,128,97,0.7578125,0.765625,0.76171875,True,False,True,0,0,117416,117408,117498,117498
8268,5,age,133178,133179,128,17,0.1328125,0.140625,0.13671875,True,False,True,0,0,115864,115856,115963,115963
8268,5,age,133178,133179,128,89,0.6953125,0.703125,0.69921875,False,True,True,0,0,115792,115792,115963,115964
8268,5,age,133178,133179,128,105,0.8203125,0.828125,0.82421875,True,False,True,0,0,115792,115784,115964,115964
8270,5,age,133239,133240,128,9,0.0703125,0.078125,0.07421875,True,False,True,0,0,117488,117480,117497,117497
8270,5,age,133239,133240,128,89,0.6953125,0.703125,0.69921875,False,True,True,0,0,117480,117480,117497,117498
8270,5,age,133239,133240,128,124,0.96875,0.9765625,0.97265625,True,False,True,0,0,117472,117408,117498,117498
8272,5,age,133241,133242,128,17,0.1328125,0.140625,0.13671875,True,False,True,0,0,115864,115856,115963,115963
8272,5,age,133241,133242,128,89,0.6953125,0.703125,0.69921875,False,True,True,0,0,115792,115792,115963,115964
8272,5,age,133241,133242,128,105,0.8203125,0.828125,0.82421875,True,False,True,0,0,115792,115784,115964,115964
8273,5,age,133295,133294,128,15,0.1171875,0.125,0.12109375,True,False,True,0,0,137768,137704,137657,137657
8273,5,age,133295,133294,128,38,0.296875,0.3046875,0.30078125,False,True,True,0,0,137704,137704,137657,137656
8273,5,age,133295,133294,128,118,0.921875,0.9296875,0.92578125,True,False,True,0,0,137712,137648,137656,137656
8278,5,age,133304,133305,128,17,0.1328125,0.140625,0.13671875,True,False,True,0,0,137752,137744,137659,137659
8278,5,age,133304,133305,128,89,0.6953125,0.703125,0.69921875,False,True,True,0,0,137680,137680,137659,137660
8278,5,age,133304,133305,128,105,0.8203125,0.828125,0.82421875,True,False,True,0,0,137680,137672,137660,137660
8280,5,age,133367,133368,128,17,0.1328125,0.140625,0.13671875,True,False,True,0,0,137752,137744,137723,137723
8280,5,age,133367,133368,128,89,0.6953125,0.703125,0.69921875,False,True,True,0,0,137680,137680,137723,137724
8280,5,age,133367,133368,128,105,0.8203125,0.828125,0.82421875,True,False,True,0,0,137680,137672,137724,137724
8282,5,age,133430,133431,128,17,0.1328125,0.140625,0.13671875,True,False,True,0,0,137752,137744,137787,137787
8282,5,age,133430,133431,128,89,0.6953125,0.703125,0.69921875,False,True,True,0,0,137680,137680,137787,137788
8282,5,age,133430,133431,128,105,0.8203125,0.828125,0.82421875,True,False,True,0,0,137680,137672,137788,137788
8284,5,age,133491,133492,128,9,0.0703125,0.078125,0.07421875,True,False,True,0,0,139376,139368,139385,139385
8284,5,age,133491,133492,128,89,0.6953125,0.703125,0.69921875,False,True,True,0,0,139368,139368,139385,139386
8284,5,age,133491,133492,128,97,0.7578125,0.765625,0.76171875,True,False,True,0,0,139304,139296,139386,139386
8286,5,age,133493,133494,128,17,0.1328125,0.140625,0.13671875,True,False,True,0,0,137752,137744,137851,137851
8286,5,age,133493,133494,128,89,0.6953125,0.703125,0.69921875,False,True,True,0,0,137680,137680,137851,137852
8286,5,age,133493,133494,128,105,0.8203125,0.828125,0.82421875,True,False,True,0,0,137680,137672,137852,137852
8288,5,age,133554,133555,128,9,0.0703125,0.078125,0.07421875,True,False,True,0,0,139376,139368,139385,139385
8288,5,age,133554,133555,128,89,0.6953125,0.703125,0.69921875,False,True,True,0,0,139368,139368,139385,139386
8288,5,age,133554,133555,128,124,0.96875,0.9765625,0.97265625,True,False,True,0,0,139360,139296,139386,139386
8290,5,age,133556,133557,128,17,0.1328125,0.140625,0.13671875,True,False,True,0,0,137752,137744,137851,137851
8290,5,age,133556,133557,128,89,0.6953125,0.703125,0.69921875,False,True,True,0,0,137680,137680,137851,137852
8290,5,age,133556,133557,128,105,0.8203125,0.828125,0.82421875,True,False,True,0,0,137680,137672,137852,137852
8291,5,age,133610,133609,128,15,0.1171875,0.125,0.12109375,True,False,True,0,0,138152,138088,138041,138041
8291,5,age,133610,133609,128,38,0.296875,0.3046875,0.30078125,False,True,True,0,0,138088,138088,138041,138040
8291,5,age,133610,133609,128,118,0.921875,0.9296875,0.92578125,True,False,True,0,0,138096,138032,138040,138040
8296,5,age,133619,133620,128,17,0.1328125,0.140625,0.13671875,True,False,True,0,0,138136,138128,138043,138043
8296,5,age,133619,133620,128,89,0.6953125,0.703125,0.69921875,False,True,True,0,0,138064,138064,138043,138044
8296,5,age,133619,133620,128,105,0.8203125,0.828125,0.82421875,True,False,True,0,0,138064,138056,138044,138044
8298,5,age,133682,133683,128,17,0.1328125,0.140625,0.13671875,True,False,True,0,0,138136,138128,138107,138107
8298,5,age,133682,133683,128,89,0.6953125,0.703125,0.69921875,False,True,True,0,0,138064,138064,138107,138108
8298,5,age,133682,133683,128,105,0.8203125,0.828125,0.82421875,True,False,True,0,0,138064,138056,138108,138108
8300,5,age,133745,133746,128,17,0.1328125,0.140625,0.13671875,True,False,True,0,0,138136,138128,138171,138171
8300,5,age,133745,133746,128,89,0.6953125,0.703125,0.69921875,False,True,True,0,0,138064,138064,138171,138172
8300,5,age,133745,133746,128,105,0.8203125,0.828125,0.82421875,True,False,True,0,0,138064,138056,138172,138172
8302,5,age,133806,133807,128,9,0.0703125,0.078125,0.07421875,True,False,True,0,0,139760,139752,139769,139769
8302,5,age,133806,133807,128,89,0.6953125,0.703125,0.69921875,False,True,True,0,0,139752,139752,139769,139770
8302,5,age,133806,133807,128,97,0.7578125,0.765625,0.76171875,True,False,True,0,0,139688,139680,139770,139770
8304,5,age,133808,133809,128,17,0.1328125,0.140625,0.13671875,True,False,True,0,0,138136,138128,138235,138235
8304,5,age,133808,133809,128,89,0.6953125,0.703125,0.69921875,False,True,True,0,0,138064,138064,138235,138236
8304,5,age,133808,133809,128,105,0.8203125,0.828125,0.82421875,True,False,True,0,0,138064,138056,138236,138236
8306,5,age,133869,133870,128,9,0.0703125,0.078125,0.07421875,True,False,True,0,0,139760,139752,139769,139769
8306,5,age,133869,133870,128,89,0.6953125,0.703125,0.69921875,False,True,True,0,0,139752,139752,139769,139770
8306,5,age,133869,133870,128,124,0.96875,0.9765625,0.97265625,True,False,True,0,0,139744,139680,139770,139770
8308,5,age,133871,133872,128,17,0.1328125,0.140625,0.13671875,True,False,True,0,0,138136,138128,138235,138235
8308,5,age,133871,133872,128,89,0.6953125,0.703125,0.69921875,False,True,True,0,0,138064,138064,138235,138236
8308,5,age,133871,133872,128,105,0.8203125,0.828125,0.82421875,True,False,True,0,0,138064,138056,138236,138236
8309,5,age,133925,133924,128,15,0.1171875,0.125,0.12109375,True,False,True,0,0,117032,116968,116921,116921
8309,5,age,133925,133924,128,38,0.296875,0.3046875,0.30078125,False,True,True,0,0,116968,116968,116921,116920
8309,5,age,133925,133924,128,118,0.921875,0.9296875,0.92578125,True,False,True,0,0,116976,116912,116920,116920
8314,5,age,133934,133935,128,17,0.1328125,0.140625,0.13671875,True,False,True,0,0,117016,117008,116923,116923
8314,5,age,133934,133935,128,89,0.6953125,0.703125,0.69921875,False,True,True,0,0,116944,116944,116923,116924
8314,5,age,133934,133935,128,105,0.8203125,0.828125,0.82421875,True,False,True,0,0,116944,116936,116924,116924
8316,5,age,133997,133998,128,17,0.1328125,0.140625,0.13671875,True,False,True,0,0,117016,117008,116987,116987
8316,5,age,133997,133998,128,89,0.6953125,0.703125,0.69921875,False,True,True,0,0,116944,116944,116987,116988
8316,5,age,133997,133998,128,105,0.8203125,0.828125,0.82421875,True,False,True,0,0,116944,116936,116988,116988
8318,5,age,134060,134061,128,17,0.1328125,0.140625,0.13671875,True,False,True,0,0,117016,117008,117051,117051
8318,5,age,134060,134061,128,89,0.6953125,0.703125,0.69921875,False,True,True,0,0,116944,116944,117051,117052
8318,5,age,134060,134061,128,105,0.8203125,0.828125,0.82421875,True,False,True,0,0,116944,116936,117052,117052
8320,5,age,134121,134122,128,9,0.0703125,0.078125,0.07421875,True,False,True,0,0,118640,118632,118649,118649
8320,5,age,134121,134122,128,89,0.6953125,0.703125,0.69921875,False,True,True,0,0,118632,118632,118649,118650
8320,5,age,134121,134122,128,97,0.7578125,0.765625,0.76171875,True,False,True,0,0,118568,118560,118650,118650
8322,5,age,134123,134124,128,17,0.1328125,0.140625,0.13671875,True,False,True,0,0,117016,117008,117115,117115
8322,5,age,134123,134124,128,89,0.6953125,0.703125,0.69921875,False,True,True,0,0,116944,116944,117115,117116
8322,5,age,134123,134124,128,105,0.8203125,0.828125,0.82421875,True,False,True,0,0,116944,116936,117116,117116
8324,5,age,134184,134185,128,9,0.0703125,0.078125,0.07421875,True,False,True,0,0,118640,118632,118649,118649
8324,5,age,134184,134185,128,89,0.6953125,0.703125,0.69921875,False,True,True,0,0,118632,118632,118649,118650
8324,5,age,134184,134185,128,124,0.96875,0.9765625,0.97265625,True,False,True,0,0,118624,118560,118650,118650
8326,5,age,134186,134187,128,17,0.1328125,0.140625,0.13671875,True,False,True,0,0,117016,117008,117115,117115
8326,5,age,134186,134187,128,89,0.6953125,0.703125,0.69921875,False,True,True,0,0,116944,116944,117115,117116
8326,5,age,134186,134187,128,105,0.8203125,0.828125,0.82421875,True,False,True,0,0,116944,116936,117116,117116
8327,5,age,134240,134239,128,15,0.1171875,0.125,0.12109375,True,False,True,0,0,117416,117352,117305,117305
8327,5,age,134240,134239,128,38,0.296875,0.3046875,0.30078125,False,True,True,0,0,117352,117352,117305,117304
8327,5,age,134240,134239,128,118,0.921875,0.9296875,0.92578125,True,False,True,0,0,117360,117296,117304,117304
8332,5,age,134249,134250,128,17,0.1328125,0.140625,0.13671875,True,False,True,0,0,117400,117392,117307,117307
8332,5,age,134249,134250,128,89,0.6953125,0.703125,0.69921875,False,True,True,0,0,117328,117328,117307,117308
8332,5,age,134249,134250,128,105,0.8203125,0.828125,0.82421875,True,False,True,0,0,117328,117320,117308,117308
8334,5,age,134312,134313,128,17,0.1328125,0.140625,0.13671875,True,False,True,0,0,117400,117392,117371,117371
8334,5,age,134312,134313,128,89,0.6953125,0.703125,0.69921875,False,True,True,0,0,117328,117328,117371,117372
8334,5,age,134312,134313,128,105,0.8203125,0.828125,0.82421875,True,False,True,0,0,117328,117320,117372,117372
8336,5,age,134375,134376,128,17,0.1328125,0.140625,0.13671875,True,False,True,0,0,117400,117392,117435,117435
8336,5,age,134375,134376,128,89,0.6953125,0.703125,0.69921875,False,True,True,0,0,117328,117328,117435,117436
8336,5,age,134375,134376,128,105,0.8203125,0.828125,0.82421875,True,False,True,0,0,117328,117320,117436,117436
8338,5,age,134436,134437,128,9,0.0703125,0.078125,0.07421875,True,False,True,0,0,119024,119016,119033,119033
8338,5,age,134436,134437,128,89,0.6953125,0.703125,0.69921875,False,True,True,0,0,119016,119016,119033,119034
8338,5,age,134436,134437,128,97,0.7578125,0.765625,0.76171875,True,False,True,0,0,118952,118944,119034,119034
8340,5,age,134438,134439,128,17,0.1328125,0.140625,0.13671875,True,False,True,0,0,117400,117392,117499,117499
8340,5,age,134438,134439,128,89,0.6953125,0.703125,0.69921875,False,True,True,0,0,117328,117328,117499,117500
8340,5,age,134438,134439,128,105,0.8203125,0.828125,0.82421875,True,False,True,0,0,117328,117320,117500,117500
8342,5,age,134499,134500,128,9,0.0703125,0.078125,0.07421875,True,False,True,0,0,119024,119016,119033,119033
8342,5,age,134499,134500,128,89,0.6953125,0.703125,0.69921875,False,True,True,0,0,119016,119016,119033,119034
8342,5,age,134499,134500,128,124,0.96875,0.9765625,0.97265625,True,False,True,0,0,119008,118944,119034,119034
8344,5,age,134501,134502,128,17,0.1328125,0.140625,0.13671875,True,False,True,0,0,117400,117392,117499,117499
8344,5,age,134501,134502,128,89,0.6953125,0.703125,0.69921875,False,True,True,0,0,117328,117328,117499,117500
8344,5,age,134501,134502,128,105,0.8203125,0.828125,0.82421875,True,False,True,0,0,117328,117320,117500,117500
8345,5,age,134555,134554,128,15,0.1171875,0.125,0.12109375,True,False,True,0,0,117416,117352,117305,117305
8345,5,age,134555,134554,128,38,0.296875,0.3046875,0.30078125,False,True,True,0,0,117352,117352,117305,117304
8345,5,age,134555,134554,128,118,0.921875,0.9296875,0.92578125,True,False,True,0,0,117360,117296,117304,117304
8350,5,age,134564,134565,128,17,0.1328125,0.140625,0.13671875,True,False,True,0,0,117400,117392,117307,117307
8350,5,age,134564,134565,128,89,0.6953125,0.703125,0.69921875,False,True,True,0,0,117328,117328,117307,117308
8350,5,age,134564,134565,128,105,0.8203125,0.828125,0.82421875,True,False,True,0,0,117328,117320,117308,117308
8352,5,age,134627,134628,128,17,0.1328125,0.140625,0.13671875,True,False,True,0,0,117400,117392,117371,117371
8352,5,age,134627,134628,128,89,0.6953125,0.703125,0.69921875,False,True,True,0,0,117328,117328,117371,117372
8352,5,age,134627,134628,128,105,0.8203125,0.828125,0.82421875,True,False,True,0,0,117328,117320,117372,117372
8354,5,age,134690,134691,128,17,0.1328125,0.140625,0.13671875,True,False,True,0,0,117400,117392,117435,117435
8354,5,age,134690,134691,128,89,0.6953125,0.703125,0.69921875,False,True,True,0,0,117328,117328,117435,117436
8354,5,age,134690,134691,128,105,0.8203125,0.828125,0.82421875,True,False,True,0,0,117328,117320,117436,117436
8356,5,age,134751,134752,128,9,0.0703125,0.078125,0.07421875,True,False,True,0,0,119024,119016,119033,119033
8356,5,age,134751,134752,128,89,0.6953125,0.703125,0.69921875,False,True,True,0,0,119016,119016,119033,119034
8356,5,age,134751,134752,128,97,0.7578125,0.765625,0.76171875,True,False,True,0,0,118952,118944,119034,119034
8358,5,age,134753,134754,128,17,0.1328125,0.140625,0.13671875,True,False,True,0,0,117400,117392,117499,117499
8358,5,age,134753,134754,128,89,0.6953125,0.703125,0.69921875,False,True,True,0,0,117328,117328,117499,117500
8358,5,age,134753,134754,128,105,0.8203125,0.828125,0.82421875,True,False,True,0,0,117328,117320,117500,117500
8360,5,age,134814,134815,128,9,0.0703125,0.078125,0.07421875,True,False,True,0,0,119024,119016,119033,119033
8360,5,age,134814,134815,128,89,0.6953125,0.703125,0.69921875,False,True,True,0,0,119016,119016,119033,119034
8360,5,age,134814,134815,128,124,0.96875,0.9765625,0.97265625,True,False,True,0,0,119008,118944,119034,119034
8362,5,age,134816,134817,128,17,0.1328125,0.140625,0.13671875,True,False,True,0,0,117400,117392,117499,117499
8362,5,age,134816,134817,128,89,0.6953125,0.703125,0.69921875,False,True,True,0,0,117328,117328,117499,117500
8362,5,age,134816,134817,128,105,0.8203125,0.828125,0.82421875,True,False,True,0,0,117328,117320,117500,117500
8363,5,age,134870,134869,128,15,0.1171875,0.125,0.12109375,True,False,True,0,0,139304,139240,139193,139193
8363,5,age,134870,134869,128,38,0.296875,0.3046875,0.30078125,False,True,True,0,0,139240,139240,139193,139192
8363,5,age,134870,134869,128,118,0.921875,0.9296875,0.92578125,True,False,True,0,0,139248,139184,139192,139192
8368,5,age,134879,134880,128,17,0.1328125,0.140625,0.13671875,True,False,True,0,0,139288,139280,139195,139195
8368,5,age,134879,134880,128,89,0.6953125,0.703125,0.69921875,False,True,True,0,0,139216,139216,139195,139196
8368,5,age,134879,134880,128,105,0.8203125,0.828125,0.82421875,True,False,True,0,0,139216,139208,139196,139196
8370,5,age,134942,134943,128,17,0.1328125,0.140625,0.13671875,True,False,True,0,0,139288,139280,139259,139259
8370,5,age,134942,134943,128,89,0.6953125,0.703125,0.69921875,False,True,True,0,0,139216,139216,139259,139260
8370,5,age,134942,134943,128,105,0.8203125,0.828125,0.82421875,True,False,True,0,0,139216,139208,139260,139260
8372,5,age,135005,135006,128,17,0.1328125,0.140625,0.13671875,True,False,True,0,0,139288,139280,139323,139323
8372,5,age,135005,135006,128,89,0.6953125,0.703125,0.69921875,False,True,True,0,0,139216,139216,139323,139324
8372,5,age,135005,135006,128,105,0.8203125,0.828125,0.82421875,True,False,True,0,0,139216,139208,139324,139324
8374,5,age,135066,135067,128,9,0.0703125,0.078125,0.07421875,True,False,True,0,0,140912,140904,140921,140921
8374,5,age,135066,135067,128,89,0.6953125,0.703125,0.69921875,False,True,True,0,0,140904,140904,140921,140922
8374,5,age,135066,135067,128,97,0.7578125,0.765625,0.76171875,True,False,True,0,0,140840,140832,140922,140922
8376,5,age,135068,135069,128,17,0.1328125,0.140625,0.13671875,True,False,True,0,0,139288,139280,139387,139387
8376,5,age,135068,135069,128,89,0.6953125,0.703125,0.69921875,False,True,True,0,0,139216,139216,139387,139388
8376,5,age,135068,135069,128,105,0.8203125,0.828125,0.82421875,True,False,True,0,0,139216,139208,139388,139388
8378,5,age,135129,135130,128,9,0.0703125,0.078125,0.07421875,True,False,True,0,0,140912,140904,140921,140921
8378,5,age,135129,135130,128,89,0.6953125,0.703125,0.69921875,False,True,True,0,0,140904,140904,140921,140922
8378,5,age,135129,135130,128,124,0.96875,0.9765625,0.97265625,True,False,True,0,0,140896,140832,140922,140922
8380,5,age,135131,135132,128,17,0.1328125,0.140625,0.13671875,True,False,True,0,0,139288,139280,139387,139387
8380,5,age,135131,135132,128,89,0.6953125,0.703125,0.69921875,False,True,True,0,0,139216,139216,139387,139388
8380,5,age,135131,135132,128,105,0.8203125,0.828125,0.82421875,True,False,True,0,0,139216,139208,139388,139388
8381,5,age,135185,135184,128,15,0.1171875,0.125,0.12109375,True,False,True,0,0,139688,139624,139577,139577
8381,5,age,135185,135184,128,38,0.296875,0.3046875,0.30078125,False,True,True,0,0,139624,139624,139577,139576
8381,5,age,135185,135184,128,118,0.921875,0.9296875,0.92578125,True,False,True,0,0,139632,139568,139576,139576
8386,5,age,135194,135195,128,17,0.1328125,0.140625,0.13671875,True,False,True,0,0,139672,139664,139579,139579
8386,5,age,135194,135195,128,89,0.6953125,0.703125,0.69921875,False,True,True,0,0,139600,139600,139579,139580
8386,5,age,135194,135195,128,105,0.8203125,0.828125,0.82421875,True,False,True,0,0,139600,139592,139580,139580
8388,5,age,135257,135258,128,17,0.1328125,0.140625,0.13671875,True,False,True,0,0,139672,139664,139643,139643
8388,5,age,135257,135258,128,89,0.6953125,0.703125,0.69921875,False,True,True,0,0,139600,139600,139643,139644
8388,5,age,135257,135258,128,105,0.8203125,0.828125,0.82421875,True,False,True,0,0,139600,139592,139644,139644
8390,5,age,135320,135321,128,17,0.1328125,0.140625,0.13671875,True,False,True,0,0,139672,139664,139707,139707
8390,5,age,135320,135321,128,89,0.6953125,0.703125,0.69921875,False,True,True,0,0,139600,139600,139707,139708
8390,5,age,135320,135321,128,105,0.8203125,0.828125,0.82421875,True,False,True,0,0,139600,139592,139708,139708
8392,5,age,135381,135382,128,9,0.0703125,0.078125,0.07421875,True,False,True,0,0,141296,141288,141305,141305
8392,5,age,135381,135382,128,89,0.6953125,0.703125,0.69921875,False,True,True,0,0,141288,141288,141305,141306
8392,5,age,135381,135382,128,97,0.7578125,0.765625,0.76171875,True,False,True,0,0,141224,141216,141306,141306
8394,5,age,135383,135384,128,17,0.1328125,0.140625,0.13671875,True,False,True,0,0,139672,139664,139771,139771
8394,5,age,135383,135384,128,89,0.6953125,0.703125,0.69921875,False,True,True,0,0,139600,139600,139771,139772
8394,5,age,135383,135384,128,105,0.8203125,0.828125,0.82421875,True,False,True,0,0,139600,139592,139772,139772
8396,5,age,135444,135445,128,9,0.0703125,0.078125,0.07421875,True,False,True,0,0,141296,141288,141305,141305
8396,5,age,135444,135445,128,89,0.6953125,0.703125,0.69921875,False,True,True,0,0,141288,141288,141305,141306
8396,5,age,135444,135445,128,124,0.96875,0.9765625,0.97265625,True,False,True,0,0,141280,141216,141306,141306
8398,5,age,135446,135447,128,17,0.1328125,0.140625,0.13671875,True,False,True,0,0,139672,139664,139771,139771
8398,5,age,135446,135447,128,89,0.6953125,0.703125,0.69921875,False,True,True,0,0,139600,139600,139771,139772
8398,5,age,135446,135447,128,105,0.8203125,0.828125,0.82421875,True,False,True,0,0,139600,139592,139772,139772
8399,5,age,135500,135499,128,15,0.1171875,0.125,0.12109375,True,False,True,0,0,118568,118504,118457,118457
8399,5,age,135500,135499,128,38,0.296875,0.3046875,0.30078125,False,True,True,0,0,118504,118504,118457,118456
8399,5,age,135500,135499,128,118,0.921875,0.9296875,0.92578125,True,False,True,0,0,118512,118448,118456,118456
8404,5,age,135509,135510,128,17,0.1328125,0.140625,0.13671875,True,False,True,0,0,118552,118544,118459,118459
8404,5,age,135509,135510,128,89,0.6953125,0.703125,0.69921875,False,True,True,0,0,118480,118480,118459,118460
8404,5,age,135509,135510,128,105,0.8203125,0.828125,0.82421875,True,False,True,0,0,118480,118472,118460,118460
8406,5,age,135572,135573,128,17,0.1328125,0.140625,0.13671875,True,False,True,0,0,118552,118544,118523,118523
8406,5,age,135572,135573,128,89,0.6953125,0.703125,0.69921875,False,True,True,0,0,118480,118480,118523,118524
8406,5,age,135572,135573,128,105,0.8203125,0.828125,0.82421875,True,False,True,0,0,118480,118472,118524,118524
8408,5,age,135635,135636,128,17,0.1328125,0.140625,0.13671875,True,False,True,0,0,118552,118544,118587,118587
8408,5,age,135635,135636,128,89,0.6953125,0.703125,0.69921875,False,True,True,0,0,118480,118480,118587,118588
8408,5,age,135635,135636,128,105,0.8203125,0.828125,0.82421875,True,False,True,0,0,118480,118472,118588,118588
8410,5,age,135696,135697,128,9,0.0703125,0.078125,0.07421875,True,False,True,0,0,120176,120168,120185,120185
8410,5,age,135696,135697,128,89,0.6953125,0.703125,0.69921875,False,True,True,0,0,120168,120168,120185,120186
8410,5,age,135696,135697,128,97,0.7578125,0.765625,0.76171875,True,False,True,0,0,120104,120096,120186,120186
8412,5,age,135698,135699,128,17,0.1328125,0.140625,0.13671875,True,False,True,0,0,118552,118544,118651,118651
8412,5,age,135698,135699,128,89,0.6953125,0.703125,0.69921875,False,True,True,0,0,118480,118480,118651,118652
8412,5,age,135698,135699,128,105,0.8203125,0.828125,0.82421875,True,False,True,0,0,118480,118472,118652,118652
8414,5,age,135759,135760,128,9,0.0703125,0.078125,0.07421875,True,False,True,0,0,120176,120168,120185,120185
8414,5,age,135759,135760,128,89,0.6953125,0.703125,0.69921875,False,True,True,0,0,120168,120168,120185,120186
8414,5,age,135759,135760,128,124,0.96875,0.9765625,0.97265625,True,False,True,0,0,120160,120096,120186,120186
8416,5,age,135761,135762,128,17,0.1328125,0.140625,0.13671875,True,False,True,0,0,118552,118544,118651,118651
8416,5,age,135761,135762,128,89,0.6953125,0.703125,0.69921875,False,True,True,0,0,118480,118480,118651,118652
8416,5,age,135761,135762,128,105,0.8203125,0.828125,0.82421875,True,False,True,0,0,118480,118472,118652,118652
8417,5,age,135815,135814,128,15,0.1171875,0.125,0.12109375,True,False,True,0,0,118952,118888,118841,118841
8417,5,age,135815,135814,128,38,0.296875,0.3046875,0.30078125,False,True,True,0,0,118888,118888,118841,118840
8417,5,age,135815,135814,128,118,0.921875,0.9296875,0.92578125,True,False,True,0,0,118896,118832,118840,118840
8422,5,age,135824,135825,128,17,0.1328125,0.140625,0.13671875,True,False,True,0,0,118936,118928,118843,118843
8422,5,age,135824,135825,128,89,0.6953125,0.703125,0.69921875,False,True,True,0,0,118864,118864,118843,118844
8422,5,age,135824,135825,128,105,0.8203125,0.828125,0.82421875,True,False,True,0,0,118864,118856,118844,118844
8424,5,age,135887,135888,128,17,0.1328125,0.140625,0.13671875,True,False,True,0,0,118936,118928,118907,118907
8424,5,age,135887,135888,128,89,0.6953125,0.703125,0.69921875,False,True,True,0,0,118864,118864,118907,118908
8424,5,age,135887,135888,128,105,0.8203125,0.828125,0.82421875,True,False,True,0,0,118864,118856,118908,118908
8426,5,age,135950,135951,128,17,0.1328125,0.140625,0.13671875,True,False,True,0,0,118936,118928,118971,118971
8426,5,age,135950,135951,128,89,0.6953125,0.703125,0.69921875,False,True,True,0,0,118864,118864,118971,118972
8426,5,age,135950,135951,128,105,0.8203125,0.828125,0.82421875,True,False,True,0,0,118864,118856,118972,118972
8428,5,age,136011,136012,128,9,0.0703125,0.078125,0.07421875,True,False,True,0,0,120560,120552,120569,120569
8428,5,age,136011,136012,128,89,0.6953125,0.703125,0.69921875,False,True,True,0,0,120552,120552,120569,120570
8428,5,age,136011,136012,128,97,0.7578125,0.765625,0.76171875,True,False,True,0,0,120488,120480,120570,120570
8430,5,age,136013,136014,128,17,0.1328125,0.140625,0.13671875,True,False,True,0,0,118936,118928,119035,119035
8430,5,age,136013,136014,128,89,0.6953125,0.703125,0.69921875,False,True,True,0,0,118864,118864,119035,119036
8430,5,age,136013,136014,128,105,0.8203125,0.828125,0.82421875,True,False,True,0,0,118864,118856,119036,119036
8432,5,age,136074,136075,128,9,0.0703125,0.078125,0.07421875,True,False,True,0,0,120560,120552,120569,120569
8432,5,age,136074,136075,128,89,0.6953125,0.703125,0.69921875,False,True,True,0,0,120552,120552,120569,120570
8432,5,age,136074,136075,128,124,0.96875,0.9765625,0.97265625,True,False,True,0,0,120544,120480,120570,120570
8434,5,age,136076,136077,128,17,0.1328125,0.140625,0.13671875,True,False,True,0,0,118936,118928,119035,119035
8434,5,age,136076,136077,128,89,0.6953125,0.703125,0.69921875,False,True,True,0,0,118864,118864,119035,119036
8434,5,age,136076,136077,128,105,0.8203125,0.828125,0.82421875,True,False,True,0,0,118864,118856,119036,119036
8435,5,age,136130,136129,128,15,0.1171875,0.125,0.12109375,True,False,True,0,0,118952,118888,118841,118841
8435,5,age,136130,136129,128,38,0.296875,0.3046875,0.30078125,False,True,True,0,0,118888,118888,118841,118840
8435,5,age,136130,136129,128,118,0.921875,0.9296875,0.92578125,True,False,True,0,0,118896,118832,118840,118840
8440,5,age,136139,136140,128,17,0.1328125,0.140625,0.13671875,True,False,True,0,0,118936,118928,118843,118843
8440,5,age,136139,136140,128,89,0.6953125,0.703125,0.69921875,False,True,True,0,0,118864,118864,118843,118844
8440,5,age,136139,136140,128,105,0.8203125,0.828125,0.82421875,True,False,True,0,0,118864,118856,118844,118844
8442,5,age,136202,136203,128,17,0.1328125,0.140625,0.13671875,True,False,True,0,0,118936,118928,118907,118907
8442,5,age,136202,136203,128,89,0.6953125,0.703125,0.69921875,False,True,True,0,0,118864,118864,118907,118908
8442,5,age,136202,136203,128,105,0.8203125,0.828125,0.82421875,True,False,True,0,0,118864,118856,118908,118908
8444,5,age,136265,136266,128,17,0.1328125,0.140625,0.13671875,True,False,True,0,0,118936,118928,118971,118971
8444,5,age,136265,136266,128,89,0.6953125,0.703125,0.69921875,False,True,True,0,0,118864,118864,118971,118972
8444,5,age,136265,136266,128,105,0.8203125,0.828125,0.82421875,True,False,True,0,0,118864,118856,118972,118972
8446,5,age,136326,136327,128,9,0.0703125,0.078125,0.07421875,True,False,True,0,0,120560,120552,120569,120569
8446,5,age,136326,136327,128,89,0.6953125,0.703125,0.69921875,False,True,True,0,0,120552,120552,120569,120570
8446,5,age,136326,136327,128,97,0.7578125,0.765625,0.76171875,True,False,True,0,0,120488,120480,120570,120570
8448,5,age,136328,136329,128,17,0.1328125,0.140625,0.13671875,True,False,True,0,0,118936,118928,119035,119035
8448,5,age,136328,136329,128,89,0.6953125,0.703125,0.69921875,False,True,True,0,0,118864,118864,119035,119036
8448,5,age,136328,136329,128,105,0.8203125,0.828125,0.82421875,True,False,True,0,0,118864,118856,119036,119036
8450,5,age,136389,136390,128,9,0.0703125,0.078125,0.07421875,True,False,True,0,0,120560,120552,120569,120569
8450,5,age,136389,136390,128,89,0.6953125,0.703125,0.69921875,False,True,True,0,0,120552,120552,120569,120570
8450,5,age,136389,136390,128,124,0.96875,0.9765625,0.97265625,True,False,True,0,0,120544,120480,120570,120570
8452,5,age,136391,136392,128,17,0.1328125,0.140625,0.13671875,True,False,True,0,0,118936,118928,119035,119035
8452,5,age,136391,136392,128,89,0.6953125,0.703125,0.69921875,False,True,True,0,0,118864,118864,119035,119036
8452,5,age,136391,136392,128,105,0.8203125,0.828125,0.82421875,True,False,True,0,0,118864,118856,119036,119036
8453,5,age,136445,136444,128,15,0.1171875,0.125,0.12109375,True,False,True,0,0,140840,140776,140729,140729
8453,5,age,136445,136444,128,38,0.296875,0.3046875,0.30078125,False,True,True,0,0,140776,140776,140729,140728
8453,5,age,136445,136444,128,118,0.921875,0.9296875,0.92578125,True,False,True,0,0,140784,140720,140728,140728
8458,5,age,136454,136455,128,17,0.1328125,0.140625,0.13671875,True,False,True,0,0,140824,140816,140731,140731
8458,5,age,136454,136455,128,89,0.6953125,0.703125,0.69921875,False,True,True,0,0,140752,140752,140731,140732
8458,5,age,136454,136455,128,105,0.8203125,0.828125,0.82421875,True,False,True,0,0,140752,140744,140732,140732
8460,5,age,136517,136518,128,17,0.1328125,0.140625,0.13671875,True,False,True,0,0,140824,140816,140795,140795
8460,5,age,136517,136518,128,89,0.6953125,0.703125,0.69921875,False,True,True,0,0,140752,140752,140795,140796
8460,5,age,136517,136518,128,105,0.8203125,0.828125,0.82421875,True,False,True,0,0,140752,140744,140796,140796
8462,5,age,136580,136581,128,17,0.1328125,0.140625,0.13671875,True,False,True,0,0,140824,140816,140859,140859
8462,5,age,136580,136581,128,89,0.6953125,0.703125,0.69921875,False,True,True,0,0,140752,140752,140859,140860
8462,5,age,136580,136581,128,105,0.8203125,0.828125,0.82421875,True,False,True,0,0,140752,140744,140860,140860
8464,5,age,136641,136642,128,9,0.0703125,0.078125,0.07421875,True,False,True,0,0,142448,142440,142457,142457
8464,5,age,136641,136642,128,89,0.6953125,0.703125,0.69921875,False,True,True,0,0,142440,142440,142457,142458
8464,5,age,136641,136642,128,97,0.7578125,0.765625,0.76171875,True,False,True,0,0,142376,142368,142458,142458
8466,5,age,136643,136644,128,17,0.1328125,0.140625,0.13671875,True,False,True,0,0,140824,140816,140923,140923
8466,5,age,136643,136644,128,89,0.6953125,0.703125,0.69921875,False,True,True,0,0,140752,140752,140923,140924
8466,5,age,136643,136644,128,105,0.8203125,0.828125,0.82421875,True,False,True,0,0,140752,140744,140924,140924
8468,5,age,136704,136705,128,9,0.0703125,0.078125,0.07421875,True,False,True,0,0,142448,142440,142457,142457
8468,5,age,136704,136705,128,89,0.6953125,0.703125,0.69921875,False,True,True,0,0,142440,142440,142457,142458
8468,5,age,136704,136705,128,124,0.96875,0.9765625,0.97265625,True,False,True,0,0,142432,142368,142458,142458
8470,5,age,136706,136707,128,17,0.1328125,0.140625,0.13671875,True,False,True,0,0,140824,140816,140923,140923
8470,5,age,136706,136707,128,89,0.6953125,0.703125,0.69921875,False,True,True,0,0,140752,140752,140923,140924
8470,5,age,136706,136707,128,105,0.8203125,0.828125,0.82421875,True,False,True,0,0,140752,140744,140924,140924
8471,5,age,136760,136759,128,15,0.1171875,0.125,0.12109375,True,False,True,0,0,141224,141160,141113,141113
8471,5,age,136760,136759,128,38,0.296875,0.3046875,0.30078125,False,True,True,0,0,141160,141160,141113,141112
8471,5,age,136760,136759,128,118,0.921875,0.9296875,0.92578125,True,False,True,0,0,141168,141104,141112,141112
8476,5,age,136769,136770,128,17,0.1328125,0.140625,0.13671875,True,False,True,0,0,141208,141200,141115,141115
8476,5,age,136769,136770,128,89,0.6953125,0.703125,0.69921875,False,True,True,0,0,141136,141136,141115,141116
8476,5,age,136769,136770,128,105,0.8203125,0.828125,0.82421875,True,False,True,0,0,141136,141128,141116,141116
8478,5,age,136832,136833,128,17,0.1328125,0.140625,0.13671875,True,False,True,0,0,141208,141200,141179,141179
8478,5,age,136832,136833,128,89,0.6953125,0.703125,0.69921875,False,True,True,0,0,141136,141136,141179,141180
8478,5,age,136832,136833,128,105,0.8203125,0.828125,0.82421875,True,False,True,0,0,141136,141128,141180,141180
8480,5,age,136895,136896,128,17,0.1328125,0.140625,0.13671875,True,False,True,0,0,141208,141200,141243,141243
8480,5,age,136895,136896,128,89,0.6953125,0.703125,0.69921875,False,True,True,0,0,141136,141136,141243,141244
8480,5,age,136895,136896,128,105,0.8203125,0.828125,0.82421875,True,False,True,0,0,141136,141128,141244,141244
8482,5,age,136956,136957,128,9,0.0703125,0.078125,0.07421875,True,False,True,0,0,142832,142824,142841,142841
8482,5,age,136956,136957,128,89,0.6953125,0.703125,0.69921875,False,True,True,0,0,142824,142824,142841,142842
8482,5,age,136956,136957,128,97,0.7578125,0.765625,0.76171875,True,False,True,0,0,142760,142752,142842,142842
8484,5,age,136958,136959,128,17,0.1328125,0.140625,0.13671875,True,False,True,0,0,141208,141200,141307,141307
8484,5,age,136958,136959,128,89,0.6953125,0.703125,0.69921875,False,True,True,0,0,141136,141136,141307,141308
8484,5,age,136958,136959,128,105,0.8203125,0.828125,0.82421875,True,False,True,0,0,141136,141128,141308,141308
8486,5,age,137019,137020,128,9,0.0703125,0.078125,0.07421875,True,False,True,0,0,142832,142824,142841,142841
8486,5,age,137019,137020,128,89,0.6953125,0.703125,0.69921875,False,True,True,0,0,142824,142824,142841,142842
8486,5,age,137019,137020,128,124,0.96875,0.9765625,0.97265625,True,False,True,0,0,142816,142752,142842,142842
8488,5,age,137021,137022,128,17,0.1328125,0.140625,0.13671875,True,False,True,0,0,141208,141200,141307,141307
8488,5,age,137021,137022,128,89,0.6953125,0.703125,0.69921875,False,True,True,0,0,141136,141136,141307,141308
8488,5,age,137021,137022,128,105,0.8203125,0.828125,0.82421875,True,False,True,0,0,141136,141128,141308,141308
8489,5,age,137075,137074,128,15,0.1171875,0.125,0.12109375,True,False,True,0,0,120104,120040,119993,119993
8489,5,age,137075,137074,128,38,0.296875,0.3046875,0.30078125,False,True,True,0,0,120040,120040,119993,119992
8489,5,age,137075,137074,128,118,0.921875,0.9296875,0.92578125,True,False,True,0,0,120048,119984,119992,119992
8494,5,age,137084,137085,128,17,0.1328125,0.140625,0.13671875,True,False,True,0,0,120088,120080,119995,119995
8494,5,age,137084,137085,128,89,0.6953125,0.703125,0.69921875,False,True,True,0,0,120016,120016,119995,119996
8494,5,age,137084,137085,128,105,0.8203125,0.828125,0.82421875,True,False,True,0,0,120016,120008,119996,119996
8496,5,age,137147,137148,128,17,0.1328125,0.140625,0.13671875,True,False,True,0,0,120088,120080,120059,120059
8496,5,age,137147,137148,128,89,0.6953125,0.703125,0.69921875,False,True,True,0,0,120016,120016,120059,120060
8496,5,age,137147,137148,128,105,0.8203125,0.828125,0.82421875,True,False,True,0,0,120016,120008,120060,120060
8498,5,age,137210,137211,128,17,0.1328125,0.140625,0.13671875,True,False,True,0,0,120088,120080,120123,120123
8498,5,age,137210,137211,128,89,0.6953125,0.703125,0.69921875,False,True,True,0,0,120016,120016,120123,120124
8498,5,age,137210,137211,128,105,0.8203125,0.828125,0.82421875,True,False,True,0,0,120016,120008,120124,120124
8500,5,age,137271,137272,128,9,0.0703125,0.078125,0.07421875,True,False,True,0,0,121712,121704,121721,121721
8500,5,age,137271,137272,128,89,0.6953125,0.703125,0.69921875,False,True,True,0,0,121704,121704,121721,121722
8500,5,age,137271,137272,128,97,0.7578125,0.765625,0.76171875,True,False,True,0,0,121640,121632,121722,121722
8502,5,age,137273,137274,128,17,0.1328125,0.140625,0.13671875,True,False,True,0,0,120088,120080,120187,120187
8502,5,age,137273,137274,128,89,0.6953125,0.703125,0.69921875,False,True,True,0,0,120016,120016,120187,120188
8502,5,age,137273,137274,128,105,0.8203125,0.828125,0.82421875,True,False,True,0,0,120016,120008,120188,120188
8504,5,age,137334,137335,128,9,0.0703125,0.078125,0.07421875,True,False,True,0,0,121712,121704,121721,121721
8504,5,age,137334,137335,128,89,0.6953125,0.703125,0.69921875,False,True,True,0,0,121704,121704,121721,121722
8504,5,age,137334,137335,128,124,0.96875,0.9765625,0.97265625,True,False,True,0,0,121696,121632,121722,121722
8506,5,age,137336,137337,128,17,0.1328125,0.140625,0.13671875,True,False,True,0,0,120088,120080,120187,120187
8506,5,age,137336,137337,128,89,0.6953125,0.703125,0.69921875,False,True,True,0,0,120016,120016,120187,120188
8506,5,age,137336,137337,128,105,0.8203125,0.828125,0.82421875,True,False,True,0,0,120016,120008,120188,120188
8507,5,age,137390,137389,128,15,0.1171875,0.125,0.12109375,True,False,True,0,0,120488,120424,120377,120377
8507,5,age,137390,137389,128,38,0.296875,0.3046875,0.30078125,False,True,True,0,0,120424,120424,120377,120376
8507,5,age,137390,137389,128,118,0.921875,0.9296875,0.92578125,True,False,True,0,0,120432,120368,120376,120376
8512,5,age,137399,137400,128,17,0.1328125,0.140625,0.13671875,True,False,True,0,0,120472,120464,120379,120379
8512,5,age,137399,137400,128,89,0.6953125,0.703125,0.69921875,False,True,True,0,0,120400,120400,120379,120380
8512,5,age,137399,137400,128,105,0.8203125,0.828125,0.82421875,True,False,True,0,0,120400,120392,120380,120380
8514,5,age,137462,137463,128,17,0.1328125,0.140625,0.13671875,True,False,True,0,0,120472,120464,120443,120443
8514,5,age,137462,137463,128,89,0.6953125,0.703125,0.69921875,False,True,True,0,0,120400,120400,120443,120444
8514,5,age,137462,137463,128,105,0.8203125,0.828125,0.82421875,True,False,True,0,0,120400,120392,120444,120444
8516,5,age,137525,137526,128,17,0.1328125,0.140625,0.13671875,True,False,True,0,0,120472,120464,120507,120507
8516,5,age,137525,137526,128,89,0.6953125,0.703125,0.69921875,False,True,True,0,0,120400,120400,120507,120508
8516,5,age,137525,137526,128,105,0.8203125,0.828125,0.82421875,True,False,True,0,0,120400,120392,120508,120508
8518,5,age,137586,137587,128,9,0.0703125,0.078125,0.07421875,True,False,True,0,0,122096,122088,122105,122105
8518,5,age,137586,137587,128,89,0.6953125,0.703125,0.69921875,False,True,True,0,0,122088,122088,122105,122106
8518,5,age,137586,137587,128,97,0.7578125,0.765625,0.76171875,True,False,True,0,0,122024,122016,122106,122106
8520,5,age,137588,137589,128,17,0.1328125,0.140625,0.13671875,True,False,True,0,0,120472,120464,120571,120571
8520,5,age,137588,137589,128,89,0.6953125,0.703125,0.69921875,False,True,True,0,0,120400,120400,120571,120572
8520,5,age,137588,137589,128,105,0.8203125,0.828125,0.82421875,True,False,True,0,0,120400,120392,120572,120572
8522,5,age,137649,137650,128,9,0.0703125,0.078125,0.07421875,True,False,True,0,0,122096,122088,122105,122105
8522,5,age,137649,137650,128,89,0.6953125,0.703125,0.69921875,False,True,True,0,0,122088,122088,122105,122106
8522,5,age,137649,137650,128,124,0.96875,0.9765625,0.97265625,True,False,True,0,0,122080,122016,122106,122106
8524,5,age,137651,137652,128,17,0.1328125,0.140625,0.13671875,True,False,True,0,0,120472,120464,120571,120571
8524,5,age,137651,137652,128,89,0.6953125,0.703125,0.69921875,False,True,True,0,0,120400,120400,120571,120572
8524,5,age,137651,137652,128,105,0.8203125,0.828125,0.82421875,True,False,True,0,0,120400,120392,120572,120572
8525,5,age,137705,137704,128,15,0.1171875,0.125,0.12109375,True,False,True,0,0,120488,120424,120377,120377
8525,5,age,137705,137704,128,38,0.296875,0.3046875,0.30078125,False,True,True,0,0,120424,120424,120377,120376
8525,5,age,137705,137704,128,118,0.921875,0.9296875,0.92578125,True,False,True,0,0,120432,120368,120376,120376
8530,5,age,137714,137715,128,17,0.1328125,0.140625,0.13671875,True,False,True,0,0,120472,120464,120379,120379
8530,5,age,137714,137715,128,89,0.6953125,0.703125,0.69921875,False,True,True,0,0,120400,120400,120379,120380
8530,5,age,137714,137715,128,105,0.8203125,0.828125,0.82421875,True,False,True,0,0,120400,120392,120380,120380
8532,5,age,137777,137778,128,17,0.1328125,0.140625,0.13671875,True,False,True,0,0,120472,120464,120443,120443
8532,5,age,137777,137778,128,89,0.6953125,0.703125,0.69921875,False,True,True,0,0,120400,120400,120443,120444
8532,5,age,137777,137778,128,105,0.8203125,0.828125,0.82421875,True,False,True,0,0,120400,120392,120444,120444
8534,5,age,137840,137841,128,17,0.1328125,0.140625,0.13671875,True,False,True,0,0,120472,120464,120507,120507
8534,5,age,137840,137841,128,89,0.6953125,0.703125,0.69921875,False,True,True,0,0,120400,120400,120507,120508
8534,5,age,137840,137841,128,105,0.8203125,0.828125,0.82421875,True,False,True,0,0,120400,120392,120508,120508
8536,5,age,137901,137902,128,9,0.0703125,0.078125,0.07421875,True,False,True,0,0,122096,122088,122105,122105
8536,5,age,137901,137902,128,89,0.6953125,0.703125,0.69921875,False,True,True,0,0,122088,122088,122105,122106
8536,5,age,137901,137902,128,97,0.7578125,0.765625,0.76171875,True,False,True,0,0,122024,122016,122106,122106
8538,5,age,137903,137904,128,17,0.1328125,0.140625,0.13671875,True,False,True,0,0,120472,120464,120571,120571
8538,5,age,137903,137904,128,89,0.6953125,0.703125,0.69921875,False,True,True,0,0,120400,120400,120571,120572
8538,5,age,137903,137904,128,105,0.8203125,0.828125,0.82421875,True,False,True,0,0,120400,120392,120572,120572
8540,5,age,137964,137965,128,9,0.0703125,0.078125,0.07421875,True,False,True,0,0,122096,122088,122105,122105
8540,5,age,137964,137965,128,89,0.6953125,0.703125,0.69921875,False,True,True,0,0,122088,122088,122105,122106
8540,5,age,137964,137965,128,124,0.96875,0.9765625,0.97265625,True,False,True,0,0,122080,122016,122106,122106
8542,5,age,137966,137967,128,17,0.1328125,0.140625,0.13671875,True,False,True,0,0,120472,120464,120571,120571
8542,5,age,137966,137967,128,89,0.6953125,0.703125,0.69921875,False,True,True,0,0,120400,120400,120571,120572
8542,5,age,137966,137967,128,105,0.8203125,0.828125,0.82421875,True,False,True,0,0,120400,120392,120572,120572
8543,5,age,138020,138019,128,15,0.1171875,0.125,0.12109375,True,False,True,0,0,142376,142312,142265,142265
8543,5,age,138020,138019,128,38,0.296875,0.3046875,0.30078125,False,True,True,0,0,142312,142312,142265,142264
8543,5,age,138020,138019,128,118,0.921875,0.9296875,0.92578125,True,False,True,0,0,142320,142256,142264,142264
8548,5,age,138029,138030,128,17,0.1328125,0.140625,0.13671875,True,False,True,0,0,142360,142352,142267,142267
8548,5,age,138029,138030,128,89,0.6953125,0.703125,0.69921875,False,True,True,0,0,142288,142288,142267,142268
8548,5,age,138029,138030,128,105,0.8203125,0.828125,0.82421875,True,False,True,0,0,142288,142280,142268,142268
8550,5,age,138092,138093,128,17,0.1328125,0.140625,0.13671875,True,False,True,0,0,142360,142352,142331,142331
8550,5,age,138092,138093,128,89,0.6953125,0.703125,0.69921875,False,True,True,0,0,142288,142288,142331,142332
8550,5,age,138092,138093,128,105,0.8203125,0.828125,0.82421875,True,False,True,0,0,142288,142280,142332,142332
8552,5,age,138155,138156,128,17,0.1328125,0.140625,0.13671875,True,False,True,0,0,142360,142352,142395,142395
8552,5,age,138155,138156,128,89,0.6953125,0.703125,0.69921875,False,True,True,0,0,142288,142288,142395,142396
8552,5,age,138155,138156,128,105,0.8203125,0.828125,0.82421875,True,False,True,0,0,142288,142280,142396,142396
8554,5,age,138216,138217,128,9,0.0703125,0.078125,0.07421875,True,False,True,0,0,143984,143976,143993,143993
8554,5,age,138216,138217,128,89,0.6953125,0.703125,0.69921875,False,True,True,0,0,143976,143976,143993,143994
8554,5,age,138216,138217,128,97,0.7578125,0.765625,0.76171875,True,False,True,0,0,143912,143904,143994,143994
8556,5,age,138218,138219,128,17,0.1328125,0.140625,0.13671875,True,False,True,0,0,142360,142352,142459,142459
8556,5,age,138218,138219,128,89,0.6953125,0.703125,0.69921875,False,True,True,0,0,142288,142288,142459,142460
8556,5,age,138218,138219,128,105,0.8203125,0.828125,0.82421875,True,False,True,0,0,142288,142280,142460,142460
8558,5,age,138279,138280,128,9,0.0703125,0.078125,0.07421875,True,False,True,0,0,143984,143976,143993,143993
8558,5,age,138279,138280,128,89,0.6953125,0.703125,0.69921875,False,True,True,0,0,143976,143976,143993,143994
8558,5,age,138279,138280,128,124,0.96875,0.9765625,0.97265625,True,False,True,0,0,143968,143904,143994,143994
8560,5,age,138281,138282,128,17,0.1328125,0.140625,0.13671875,True,False,True,0,0,142360,142352,142459,142459
8560,5,age,138281,138282,128,89,0.6953125,0.703125,0.69921875,False,True,True,0,0,142288,142288,142459,142460
8560,5,age,138281,138282,128,105,0.8203125,0.828125,0.82421875,True,False,True,0,0,142288,142280,142460,142460
8561,5,age,138335,138334,128,15,0.1171875,0.125,0.12109375,True,False,True,0,0,142760,142696,142649,142649
8561,5,age,138335,138334,128,38,0.296875,0.3046875,0.30078125,False,True,True,0,0,142696,142696,142649,142648
8561,5,age,138335,138334,128,118,0.921875,0.9296875,0.92578125,True,False,True,0,0,142704,142640,142648,142648
8566,5,age,138344,138345,128,17,0.1328125,0.140625,0.13671875,True,False,True,0,0,142744,142736,142651,142651
8566,5,age,138344,138345,128,89,0.6953125,0.703125,0.69921875,False,True,True,0,0,142672,142672,142651,142652
8566,5,age,138344,138345,128,105,0.8203125,0.828125,0.82421875,True,False,True,0,0,142672,142664,142652,142652
8568,5,age,138407,138408,128,17,0.1328125,0.140625,0.13671875,True,False,True,0,0,142744,142736,142715,142715
8568,5,age,138407,138408,128,89,0.6953125,0.703125,0.69921875,False,True,True,0,0,142672,142672,142715,142716
8568,5,age,138407,138408,128,105,0.8203125,0.828125,0.82421875,True,False,True,0,0,142672,142664,142716,142716
8570,5,age,138470,138471,128,17,0.1328125,0.140625,0.13671875,True,False,True,0,0,142744,142736,142779,142779
8570,5,age,138470,138471,128,89,0.6953125,0.703125,0.69921875,False,True,True,0,0,142672,142672,142779,142780
8570,5,age,138470,138471,128,105,0.8203125,0.828125,0.82421875,True,False,True,0,0,142672,142664,142780,142780
8572,5,age,138531,138532,128,9,0.0703125,0.078125,0.07421875,True,False,True,0,0,144368,144360,144377,144377
8572,5,age,138531,138532,128,89,0.6953125,0.703125,0.69921875,False,True,True,0,0,144360,144360,144377,144378
8572,5,age,138531,138532,128,97,0.7578125,0.765625,0.76171875,True,False,True,0,0,144296,144288,144378,144378
8574,5,age,138533,138534,128,17,0.1328125,0.140625,0.13671875,True,False,True,0,0,142744,142736,142843,142843
8574,5,age,138533,138534,128,89,0.6953125,0.703125,0.69921875,False,True,True,0,0,142672,142672,142843,142844
8574,5,age,138533,138534,128,105,0.8203125,0.828125,0.82421875,True,False,True,0,0,142672,142664,142844,142844
8576,5,age,138594,138595,128,9,0.0703125,0.078125,0.07421875,True,False,True,0,0,144368,144360,144377,144377
8576,5,age,138594,138595,128,89,0.6953125,0.703125,0.69921875,False,True,True,0,0,144360,144360,144377,144378
8576,5,age,138594,138595,128,124,0.96875,0.9765625,0.97265625,True,False,True,0,0,144352,144288,144378,144378
8578,5,age,138596,138597,128,17,0.1328125,0.140625,0.13671875,True,False,True,0,0,142744,142736,142843,142843
8578,5,age,138596,138597,128,89,0.6953125,0.703125,0.69921875,False,True,True,0,0,142672,142672,142843,142844
8578,5,age,138596,138597,128,105,0.8203125,0.828125,0.82421875,True,False,True,0,0,142672,142664,142844,142844
8579,5,age,138650,138649,128,15,0.1171875,0.125,0.12109375,True,False,True,0,0,121640,121576,121529,121529
8579,5,age,138650,138649,128,38,0.296875,0.3046875,0.30078125,False,True,True,0,0,121576,121576,121529,121528
8579,5,age,138650,138649,128,118,0.921875,0.9296875,0.92578125,True,False,True,0,0,121584,121520,121528,121528
8584,5,age,138659,138660,128,17,0.1328125,0.140625,0.13671875,True,False,True,0,0,121624,121616,121531,121531
8584,5,age,138659,138660,128,89,0.6953125,0.703125,0.69921875,False,True,True,0,0,121552,121552,121531,121532
8584,5,age,138659,138660,128,105,0.8203125,0.828125,0.82421875,True,False,True,0,0,121552,121544,121532,121532
8586,5,age,138722,138723,128,17,0.1328125,0.140625,0.13671875,True,False,True,0,0,121624,121616,121595,121595
8586,5,age,138722,138723,128,89,0.6953125,0.703125,0.69921875,False,True,True,0,0,121552,121552,121595,121596
8586,5,age,138722,138723,128,105,0.8203125,0.828125,0.82421875,True,False,True,0,0,121552,121544,121596,121596
8588,5,age,138785,138786,128,17,0.1328125,0.140625,0.13671875,True,False,True,0,0,121624,121616,121659,121659
8588,5,age,138785,138786,128,89,0.6953125,0.703125,0.69921875,False,True,True,0,0,121552,121552,121659,121660
8588,5,age,138785,138786,128,105,0.8203125,0.828125,0.82421875,True,False,True,0,0,121552,121544,121660,121660
8590,5,age,138846,138847,128,9,0.0703125,0.078125,0.07421875,True,False,True,0,0,123248,123240,123257,123257
8590,5,age,138846,138847,128,89,0.6953125,0.703125,0.69921875,False,True,True,0,0,123240,123240,123257,123258
8590,5,age,138846,138847,128,97,0.7578125,0.765625,0.76171875,True,False,True,0,0,123176,123168,123258,123258
8592,5,age,138848,138849,128,17,0.1328125,0.140625,0.13671875,True,False,True,0,0,121624,121616,121723,121723
8592,5,age,138848,138849,128,89,0.6953125,0.703125,0.69921875,False,True,True,0,0,121552,121552,121723,121724
8592,5,age,138848,138849,128,105,0.8203125,0.828125,0.82421875,True,False,True,0,0,121552,121544,121724,121724
8594,5,age,138909,138910,128,9,0.0703125,0.078125,0.07421875,True,False,True,0,0,123248,123240,123257,123257
8594,5,age,138909,138910,128,89,0.6953125,0.703125,0.69921875,False,True,True,0,0,123240,123240,123257,123258
8594,5,age,138909,138910,128,124,0.96875,0.9765625,0.97265625,True,False,True,0,0,123232,123168,123258,123258
8596,5,age,138911,138912,128,17,0.1328125,0.140625,0.13671875,True,False,True,0,0,121624,121616,121723,121723
8596,5,age,138911,138912,128,89,0.6953125,0.703125,0.69921875,False,True,True,0,0,121552,121552,121723,121724
8596,5,age,138911,138912,128,105,0.8203125,0.828125,0.82421875,True,False,True,0,0,121552,121544,121724,121724
8597,5,age,138965,138964,128,15,0.1171875,0.125,0.12109375,True,False,True,0,0,122024,121960,121913,121913
8597,5,age,138965,138964,128,38,0.296875,0.3046875,0.30078125,False,True,True,0,0,121960,121960,121913,121912
8597,5,age,138965,138964,128,118,0.921875,0.9296875,0.92578125,True,False,True,0,0,121968,121904,121912,121912
8602,5,age,138974,138975,128,17,0.1328125,0.140625,0.13671875,True,False,True,0,0,122008,122000,121915,121915
8602,5,age,138974,138975,128,89,0.6953125,0.703125,0.69921875,False,True,True,0,0,121936,121936,121915,121916
8602,5,age,138974,138975,128,105,0.8203125,0.828125,0.82421875,True,False,True,0,0,121936,121928,121916,121916
8604,5,age,139037,139038,128,17,0.1328125,0.140625,0.13671875,True,False,True,0,0,122008,122000,121979,121979
8604,5,age,139037,139038,128,89,0.6953125,0.703125,0.69921875,False,True,True,0,0,121936,121936,121979,121980
8604,5,age,139037,139038,128,105,0.8203125,0.828125,0.82421875,True,False,True,0,0,121936,121928,121980,121980
8606,5,age,139100,139101,128,17,0.1328125,0.140625,0.13671875,True,False,True,0,0,122008,122000,122043,122043
8606,5,age,139100,139101,128,89,0.6953125,0.703125,0.69921875,False,True,True,0,0,121936,121936,122043,122044
8606,5,age,139100,139101,128,105,0.8203125,0.828125,0.82421875,True,False,True,0,0,121936,121928,122044,122044
8608,5,age,139161,139162,128,9,0.0703125,0.078125,0.07421875,True,False,True,0,0,123632,123624,123641,123641
8608,5,age,139161,139162,128,89,0.6953125,0.703125,0.69921875,False,True,True,0,0,123624,123624,123641,123642
8608,5,age,139161,139162,128,97,0.7578125,0.765625,0.76171875,True,False,True,0,0,123560,123552,123642,123642
8610,5,age,139163,139164,128,17,0.1328125,0.140625,0.13671875,True,False,True,0,0,122008,122000,122107,122107
8610,5,age,139163,139164,128,89,0.6953125,0.703125,0.69921875,False,True,True,0,0,121936,121936,122107,122108
8610,5,age,139163,139164,128,105,0.8203125,0.828125,0.82421875,True,False,True,0,0,121936,121928,122108,122108
8612,5,age,139224,139225,128,9,0.0703125,0.078125,0.07421875,True,False,True,0,0,123632,123624,123641,123641
8612,5,age,139224,139225,128,89,0.6953125,0.703125,0.69921875,False,True,True,0,0,123624,123624,123641,123642
8612,5,age,139224,139225,128,124,0.96875,0.9765625,0.97265625,True,False,True,0,0,123616,123552,123642,123642
8614,5,age,139226,139227,128,17,0.1328125,0.140625,0.13671875,True,False,True,0,0,122008,122000,122107,122107
8614,5,age,139226,139227,128,89,0.6953125,0.703125,0.69921875,False,True,True,0,0,121936,121936,122107,122108
8614,5,age,139226,139227,128,105,0.8203125,0.828125,0.82421875,True,False,True,0,0,121936,121928,122108,122108
8615,5,age,139280,139279,128,15,0.1171875,0.125,0.12109375,True,False,True,0,0,122024,121960,121913,121913
8615,5,age,139280,139279,128,38,0.296875,0.3046875,0.30078125,False,True,True,0,0,121960,121960,121913,121912
8615,5,age,139280,139279,128,118,0.921875,0.9296875,0.92578125,True,False,True,0,0,121968,121904,121912,121912
8620,5,age,139289,139290,128,17,0.1328125,0.140625,0.13671875,True,False,True,0,0,122008,122000,121915,121915
8620,5,age,139289,139290,128,89,0.6953125,0.703125,0.69921875,False,True,True,0,0,121936,121936,121915,121916
8620,5,age,139289,139290,128,105,0.8203125,0.828125,0.82421875,True,False,True,0,0,121936,121928,121916,121916
8622,5,age,139352,139353,128,17,0.1328125,0.140625,0.13671875,True,False,True,0,0,122008,122000,121979,121979
8622,5,age,139352,139353,128,89,0.6953125,0.703125,0.69921875,False,True,True,0,0,121936,121936,121979,121980
8622,5,age,139352,139353,128,105,0.8203125,0.828125,0.82421875,True,False,True,0,0,121936,121928,121980,121980
8624,5,age,139415,139416,128,17,0.1328125,0.140625,0.13671875,True,False,True,0,0,122008,122000,122043,122043
8624,5,age,139415,139416,128,89,0.6953125,0.703125,0.69921875,False,True,True,0,0,121936,121936,122043,122044
8624,5,age,139415,139416,128,105,0.8203125,0.828125,0.82421875,True,False,True,0,0,121936,121928,122044,122044
8626,5,age,139476,139477,128,9,0.0703125,0.078125,0.07421875,True,False,True,0,0,123632,123624,123641,123641
8626,5,age,139476,139477,128,89,0.6953125,0.703125,0.69921875,False,True,True,0,0,123624,123624,123641,123642
8626,5,age,139476,139477,128,97,0.7578125,0.765625,0.76171875,True,False,True,0,0,123560,123552,123642,123642
8628,5,age,139478,139479,128,17,0.1328125,0.140625,0.13671875,True,False,True,0,0,122008,122000,122107,122107
8628,5,age,139478,139479,128,89,0.6953125,0.703125,0.69921875,False,True,True,0,0,121936,121936,122107,122108
8628,5,age,139478,139479,128,105,0.8203125,0.828125,0.82421875,True,False,True,0,0,121936,121928,122108,122108
8630,5,age,139539,139540,128,9,0.0703125,0.078125,0.07421875,True,False,True,0,0,123632,123624,123641,123641
8630,5,age,139539,139540,128,89,0.6953125,0.703125,0.69921875,False,True,True,0,0,123624,123624,123641,123642
8630,5,age,139539,139540,128,124,0.96875,0.9765625,0.97265625,True,False,True,0,0,123616,123552,123642,123642
8632,5,age,139541,139542,128,17,0.1328125,0.140625,0.13671875,True,False,True,0,0,122008,122000,122107,122107
8632,5,age,139541,139542,128,89,0.6953125,0.703125,0.69921875,False,True,True,0,0,121936,121936,122107,122108
8632,5,age,139541,139542,128,105,0.8203125,0.828125,0.82421875,True,False,True,0,0,121936,121928,122108,122108
8633,5,age,139595,139594,128,15,0.1171875,0.125,0.12109375,True,False,True,0,0,143912,143848,143801,143801
8633,5,age,139595,139594,128,38,0.296875,0.3046875,0.30078125,False,True,True,0,0,143848,143848,143801,143800
8633,5,age,139595,139594,128,118,0.921875,0.9296875,0.92578125,True,False,True,0,0,143856,143792,143800,143800
8638,5,age,139604,139605,128,17,0.1328125,0.140625,0.13671875,True,False,True,0,0,143896,143888,143803,143803
8638,5,age,139604,139605,128,89,0.6953125,0.703125,0.69921875,False,True,True,0,0,143824,143824,143803,143804
8638,5,age,139604,139605,128,105,0.8203125,0.828125,0.82421875,True,False,True,0,0,143824,143816,143804,143804
8640,5,age,139667,139668,128,17,0.1328125,0.140625,0.13671875,True,False,True,0,0,143896,143888,143867,143867
8640,5,age,139667,139668,128,89,0.6953125,0.703125,0.69921875,False,True,True,0,0,143824,143824,143867,143868
8640,5,age,139667,139668,128,105,0.8203125,0.828125,0.82421875,True,False,True,0,0,143824,143816,143868,143868
8642,5,age,139730,139731,128,17,0.1328125,0.140625,0.13671875,True,False,True,0,0,143896,143888,143931,143931
8642,5,age,139730,139731,128,89,0.6953125,0.703125,0.69921875,False,True,True,0,0,143824,143824,143931,143932
8642,5,age,139730,139731,128,105,0.8203125,0.828125,0.82421875,True,False,True,0,0,143824,143816,143932,143932
8644,5,age,139791,139792,128,9,0.0703125,0.078125,0.07421875,True,False,True,0,0,145520,145512,145529,145529
8644,5,age,139791,139792,128,89,0.6953125,0.703125,0.69921875,False,True,True,0,0,145512,145512,145529,145530
8644,5,age,139791,139792,128,97,0.7578125,0.765625,0.76171875,True,False,True,0,0,145448,145440,145530,145530
8646,5,age,139793,139794,128,17,0.1328125,0.140625,0.13671875,True,False,True,0,0,143896,143888,143995,143995
8646,5,age,139793,139794,128,89,0.6953125,0.703125,0.69921875,False,True,True,0,0,143824,143824,143995,143996
8646,5,age,139793,139794,128,105,0.8203125,0.828125,0.82421875,True,False,True,0,0,143824,143816,143996,143996
8648,5,age,139854,139855,128,9,0.0703125,0.078125,0.07421875,True,False,True,0,0,145520,145512,145529,145529
8648,5,age,139854,139855,128,89,0.6953125,0.703125,0.69921875,False,True,True,0,0,145512,145512,145529,145530
8648,5,age,139854,139855,128,124,0.96875,0.9765625,0.97265625,True,False,True,0,0,145504,145440,145530,145530
8650,5,age,139856,139857,128,17,0.1328125,0.140625,0.13671875,True,False,True,0,0,143896,143888,143995,143995
8650,5,age,139856,139857,128,89,0.6953125,0.703125,0.69921875,False,True,True,0,0,143824,143824,143995,143996
8650,5,age,139856,139857,128,105,0.8203125,0.828125,0.82421875,True,False,True,0,0,143824,143816,143996,143996
8651,5,age,139910,139909,128,15,0.1171875,0.125,0.12109375,True,False,True,0,0,144296,144232,144185,144185
8651,5,age,139910,139909,128,38,0.296875,0.3046875,0.30078125,False,True,True,0,0,144232,144232,144185,144184
8651,5,age,139910,139909,128,118,0.921875,0.9296875,0.92578125,True,False,True,0,0,144240,144176,144184,144184
8656,5,age,139919,139920,128,17,0.1328125,0.140625,0.13671875,True,False,True,0,0,144280,144272,144187,144187
8656,5,age,139919,139920,128,89,0.6953125,0.703125,0.69921875,False,True,True,0,0,144208,144208,144187,144188
8656,5,age,139919,139920,128,105,0.8203125,0.828125,0.82421875,True,False,True,0,0,144208,144200,144188,144188
8658,5,age,139982,139983,128,17,0.1328125,0.140625,0.13671875,True,False,True,0,0,144280,144272,144251,144251
8658,5,age,139982,139983,128,89,0.6953125,0.703125,0.69921875,False,True,True,0,0,144208,144208,144251,144252
8658,5,age,139982,139983,128,105,0.8203125,0.828125,0.82421875,True,False,True,0,0,144208,144200,144252,144252
8660,5,age,140045,140046,128,17,0.1328125,0.140625,0.13671875,True,False,True,0,0,144280,144272,144315,144315
8660,5,age,140045,140046,128,89,0.6953125,0.703125,0.69921875,False,True,True,0,0,144208,144208,144315,144316
8660,5,age,140045,140046,128,105,0.8203125,0.828125,0.82421875,True,False,True,0,0,144208,144200,144316,144316
8662,5,age,140106,140107,128,9,0.0703125,0.078125,0.07421875,True,False,True,0,0,145904,145896,145913,145913
8662,5,age,140106,140107,128,89,0.6953125,0.703125,0.69921875,False,True,True,0,0,145896,145896,145913,145914
8662,5,age,140106,140107,128,97,0.7578125,0.765625,0.76171875,True,False,True,0,0,145832,145824,145914,145914
8664,5,age,140108,140109,128,17,0.1328125,0.140625,0.13671875,True,False,True,0,0,144280,144272,144379,144379
8664,5,age,140108,140109,128,89,0.6953125,0.703125,0.69921875,False,True,True,0,0,144208,144208,144379,144380
8664,5,age,140108,140109,128,105,0.8203125,0.828125,0.82421875,True,False,True,0,0,144208,144200,144380,144380
8666,5,age,140169,140170,128,9,0.0703125,0.078125,0.07421875,True,False,True,0,0,145904,145896,145913,145913
8666,5,age,140169,140170,128,89,0.6953125,0.703125,0.69921875,False,True,True,0,0,145896,145896,145913,145914
8666,5,age,140169,140170,128,124,0.96875,0.9765625,0.97265625,True,False,True,0,0,145888,145824,145914,145914
8668,5,age,140171,140172,128,17,0.1328125,0.140625,0.13671875,True,False,True,0,0,144280,144272,144379,144379
8668,5,age,140171,140172,128,89,0.6953125,0.703125,0.69921875,False,True,True,0,0,144208,144208,144379,144380
8668,5,age,140171,140172,128,105,0.8203125,0.828125,0.82421875,True,False,True,0,0,144208,144200,144380,144380
8669,5,age,140225,140224,128,15,0.1171875,0.125,0.12109375,True,False,True,0,0,123176,123112,123065,123065
8669,5,age,140225,140224,128,38,0.296875,0.3046875,0.30078125,False,True,True,0,0,123112,123112,123065,123064
8669,5,age,140225,140224,128,118,0.921875,0.9296875,0.92578125,True,False,True,0,0,123120,123056,123064,123064
8674,5,age,140234,140235,128,17,0.1328125,0.140625,0.13671875,True,False,True,0,0,123160,123152,123067,123067
8674,5,age,140234,140235,128,89,0.6953125,0.703125,0.69921875,False,True,True,0,0,123088,123088,123067,123068
8674,5,age,140234,140235,128,105,0.8203125,0.828125,0.82421875,True,False,True,0,0,123088,123080,123068,123068
8676,5,age,140297,140298,128,17,0.1328125,0.140625,0.13671875,True,False,True,0,0,123160,123152,123131,123131
8676,5,age,140297,140298,128,89,0.6953125,0.703125,0.69921875,False,True,True,0,0,123088,123088,123131,123132
8676,5,age,140297,140298,128,105,0.8203125,0.828125,0.82421875,True,False,True,0,0,123088,123080,123132,123132
8678,5,age,140360,140361,128,17,0.1328125,0.140625,0.13671875,True,False,True,0,0,123160,123152,123195,123195
8678,5,age,140360,140361,128,89,0.6953125,0.703125,0.69921875,False,True,True,0,0,123088,123088,123195,123196
8678,5,age,140360,140361,128,105,0.8203125,0.828125,0.82421875,True,False,True,0,0,123088,123080,123196,123196
8680,5,age,140421,140422,128,9,0.0703125,0.078125,0.07421875,True,False,True,0,0,124784,124776,124793,124793
8680,5,age,140421,140422,128,89,0.6953125,0.703125,0.69921875,False,True,True,0,0,124776,124776,124793,124794
8680,5,age,140421,140422,128,97,0.7578125,0.765625,0.76171875,True,False,True,0,0,124712,124704,124794,124794
8682,5,age,140423,140424,128,17,0.1328125,0.140625,0.13671875,True,False,True,0,0,123160,123152,123259,123259
8682,5,age,140423,140424,128,89,0.6953125,0.703125,0.69921875,False,True,True,0,0,123088,123088,123259,123260
8682,5,age,140423,140424,128,105,0.8203125,0.828125,0.82421875,True,False,True,0,0,123088,123080,123260,123260
8684,5,age,140484,140485,128,9,0.0703125,0.078125,0.07421875,True,False,True,0,0,124784,124776,124793,124793
8684,5,age,140484,140485,128,89,0.6953125,0.703125,0.69921875,False,True,True,0,0,124776,124776,124793,124794
8684,5,age,140484,140485,128,124,0.96875,0.9765625,0.97265625,True,False,True,0,0,124768,124704,124794,124794
8686,5,age,140486,140487,128,17,0.1328125,0.140625,0.13671875,True,False,True,0,0,123160,123152,123259,123259
8686,5,age,140486,140487,128,89,0.6953125,0.703125,0.69921875,False,True,True,0,0,123088,123088,123259,123260
8686,5,age,140486,140487,128,105,0.8203125,0.828125,0.82421875,True,False,True,0,0,123088,123080,123260,123260
8687,5,age,140540,140539,128,15,0.1171875,0.125,0.12109375,True,False,True,0,0,123560,123496,123449,123449
8687,5,age,140540,140539,128,38,0.296875,0.3046875,0.30078125,False,True,True,0,0,123496,123496,123449,123448
8687,5,age,140540,140539,128,118,0.921875,0.9296875,0.92578125,True,False,True,0,0,123504,123440,123448,123448
8692,5,age,140549,140550,128,17,0.1328125,0.140625,0.13671875,True,False,True,0,0,123544,123536,123451,123451
8692,5,age,140549,140550,128,89,0.6953125,0.703125,0.69921875,False,True,True,0,0,123472,123472,123451,123452
8692,5,age,140549,140550,128,105,0.8203125,0.828125,0.82421875,True,False,True,0,0,123472,123464,123452,123452
8694,5,age,140612,140613,128,17,0.1328125,0.140625,0.13671875,True,False,True,0,0,123544,123536,123515,123515
8694,5,age,140612,140613,128,89,0.6953125,0.703125,0.69921875,False,True,True,0,0,123472,123472,123515,123516
8694,5,age,140612,140613,128,105,0.8203125,0.828125,0.82421875,True,False,True,0,0,123472,123464,123516,123516
8696,5,age,140675,140676,128,17,0.1328125,0.140625,0.13671875,True,False,True,0,0,123544,123536,123579,123579
8696,5,age,140675,140676,128,89,0.6953125,0.703125,0.69921875,False,True,True,0,0,123472,123472,123579,123580
8696,5,age,140675,140676,128,105,0.8203125,0.828125,0.82421875,True,False,True,0,0,123472,123464,123580,123580
8698,5,age,140736,140737,128,9,0.0703125,0.078125,0.07421875,True,False,True,0,0,125168,125160,125177,125177
8698,5,age,140736,140737,128,89,0.6953125,0.703125,0.69921875,False,True,True,0,0,125160,125160,125177,125178
8698,5,age,140736,140737,128,97,0.7578125,0.765625,0.76171875,True,False,True,0,0,125096,125088,125178,125178
8700,5,age,140738,140739,128,17,0.1328125,0.140625,0.13671875,True,False,True,0,0,123544,123536,123643,123643
8700,5,age,140738,140739,128,89,0.6953125,0.703125,0.69921875,False,True,True,0,0,123472,123472,123643,123644
8700,5,age,140738,140739,128,105,0.8203125,0.828125,0.82421875,True,False,True,0,0,123472,123464,123644,123644
8702,5,age,140799,140800,128,9,0.0703125,0.078125,0.07421875,True,False,True,0,0,125168,125160,125177,125177
8702,5,age,140799,140800,128,89,0.6953125,0.703125,0.69921875,False,True,True,0,0,125160,125160,125177,125178
8702,5,age,140799,140800,128,124,0.96875,0.9765625,0.97265625,True,False,True,0,0,125152,125088,125178,125178
8704,5,age,140801,140802,128,17,0.1328125,0.140625,0.13671875,True,False,True,0,0,123544,123536,123643,123643
8704,5,age,140801,140802,128,89,0.6953125,0.703125,0.69921875,False,True,True,0,0,123472,123472,123643,123644
8704,5,age,140801,140802,128,105,0.8203125,0.828125,0.82421875,True,False,True,0,0,123472,123464,123644,123644
8705,5,age,140855,140854,128,15,0.1171875,0.125,0.12109375,True,False,True,0,0,123560,123496,123449,123449
8705,5,age,140855,140854,128,38,0.296875,0.3046875,0.30078125,False,True,True,0,0,123496,123496,123449,123448
8705,5,age,140855,140854,128,118,0.921875,0.9296875,0.92578125,True,False,True,0,0,123504,123440,123448,123448
8710,5,age,140864,140865,128,17,0.1328125,0.140625,0.13671875,True,False,True,0,0,123544,123536,123451,123451
8710,5,age,140864,140865,128,89,0.6953125,0.703125,0.69921875,False,True,True,0,0,123472,123472,123451,123452
8710,5,age,140864,140865,128,105,0.8203125,0.828125,0.82421875,True,False,True,0,0,123472,123464,123452,123452
8712,5,age,140927,140928,128,17,0.1328125,0.140625,0.13671875,True,False,True,0,0,123544,123536,123515,123515
8712,5,age,140927,140928,128,89,0.6953125,0.703125,0.69921875,False,True,True,0,0,123472,123472,123515,123516
8712,5,age,140927,140928,128,105,0.8203125,0.828125,0.82421875,True,False,True,0,0,123472,123464,123516,123516
8714,5,age,140990,140991,128,17,0.1328125,0.140625,0.13671875,True,False,True,0,0,123544,123536,123579,123579
8714,5,age,140990,140991,128,89,0.6953125,0.703125,0.69921875,False,True,True,0,0,123472,123472,123579,123580
8714,5,age,140990,140991,128,105,0.8203125,0.828125,0.82421875,True,False,True,0,0,123472,123464,123580,123580
8716,5,age,141051,141052,128,9,0.0703125,0.078125,0.07421875,True,False,True,0,0,125168,125160,125177,125177
8716,5,age,141051,141052,128,89,0.6953125,0.703125,0.69921875,False,True,True,0,0,125160,125160,125177,125178
8716,5,age,141051,141052,128,97,0.7578125,0.765625,0.76171875,True,False,True,0,0,125096,125088,125178,125178
8718,5,age,141053,141054,128,17,0.1328125,0.140625,0.13671875,True,False,True,0,0,123544,123536,123643,123643
8718,5,age,141053,141054,128,89,0.6953125,0.703125,0.69921875,False,True,True,0,0,123472,123472,123643,123644
8718,5,age,141053,141054,128,105,0.8203125,0.828125,0.82421875,True,False,True,0,0,123472,123464,123644,123644
8720,5,age,141114,141115,128,9,0.0703125,0.078125,0.07421875,True,False,True,0,0,125168,125160,125177,125177
8720,5,age,141114,141115,128,89,0.6953125,0.703125,0.69921875,False,True,True,0,0,125160,125160,125177,125178
8720,5,age,141114,141115,128,124,0.96875,0.9765625,0.97265625,True,False,True,0,0,125152,125088,125178,125178
8722,5,age,141116,141117,128,17,0.1328125,0.140625,0.13671875,True,False,True,0,0,123544,123536,123643,123643
8722,5,age,141116,141117,128,89,0.6953125,0.703125,0.69921875,False,True,True,0,0,123472,123472,123643,123644
8722,5,age,141116,141117,128,105,0.8203125,0.828125,0.82421875,True,False,True,0,0,123472,123464,123644,123644
8723,5,age,141170,141169,128,15,0.1171875,0.125,0.12109375,True,False,True,0,0,145448,145384,145337,145337
8723,5,age,141170,141169,128,38,0.296875,0.3046875,0.30078125,False,True,True,0,0,145384,145384,145337,145336
8723,5,age,141170,141169,128,118,0.921875,0.9296875,0.92578125,True,False,True,0,0,145392,145328,145336,145336
8728,5,age,141179,141180,128,17,0.1328125,0.140625,0.13671875,True,False,True,0,0,145432,145424,145339,145339
8728,5,age,141179,141180,128,89,0.6953125,0.703125,0.69921875,False,True,True,0,0,145360,145360,145339,145340
8728,5,age,141179,141180,128,105,0.8203125,0.828125,0.82421875,True,False,True,0,0,145360,145352,145340,145340
8730,5,age,141242,141243,128,17,0.1328125,0.140625,0.13671875,True,False,True,0,0,145432,145424,145403,145403
8730,5,age,141242,141243,128,89,0.6953125,0.703125,0.69921875,False,True,True,0,0,145360,145360,145403,145404
8730,5,age,141242,141243,128,105,0.8203125,0.828125,0.82421875,True,False,True,0,0,145360,145352,145404,145404
8732,5,age,141305,141306,128,17,0.1328125,0.140625,0.13671875,True,False,True,0,0,145432,145424,145467,145467
8732,5,age,141305,141306,128,89,0.6953125,0.703125,0.69921875,False,True,True,0,0,145360,145360,145467,145468
8732,5,age,141305,141306,128,105,0.8203125,0.828125,0.82421875,True,False,True,0,0,145360,145352,145468,145468
8734,5,age,141366,141367,128,9,0.0703125,0.078125,0.07421875,True,False,True,0,0,147056,147048,147065,147065
8734,5,age,141366,141367,128,89,0.6953125,0.703125,0.69921875,False,True,True,0,0,147048,147048,147065,147066
8734,5,age,141366,141367,128,97,0.7578125,0.765625,0.76171875,True,False,True,0,0,146984,146976,147066,147066
8736,5,age,141368,141369,128,17,0.1328125,0.140625,0.13671875,True,False,True,0,0,145432,145424,145531,145531
8736,5,age,141368,141369,128,89,0.6953125,0.703125,0.69921875,False,True,True,0,0,145360,145360,145531,145532
8736,5,age,141368,141369,128,105,0.8203125,0.828125,0.82421875,True,False,True,0,0,145360,145352,145532,145532
8738,5,age,141429,141430,128,9,0.0703125,0.078125,0.07421875,True,False,True,0,0,147056,147048,147065,147065
8738,5,age,141429,141430,128,89,0.6953125,0.703125,0.69921875,False,True,True,0,0,147048,147048,147065,147066
8738,5,age,141429,141430,128,124,0.96875,0.9765625,0.97265625,True,False,True,0,0,147040,146976,147066,147066
8740,5,age,141431,141432,128,17,0.1328125,0.140625,0.13671875,True,False,True,0,0,145432,145424,145531,145531
8740,5,age,141431,141432,128,89,0.6953125,0.703125,0.69921875,False,True,True,0,0,145360,145360,145531,145532
8740,5,age,141431,141432,128,105,0.8203125,0.828125,0.82421875,True,False,True,0,0,145360,145352,145532,145532
8741,5,age,141485,141484,128,15,0.1171875,0.125,0.12109375,True,False,True,0,0,145832,145768,145721,145721
8741,5,age,141485,141484,128,38,0.296875,0.3046875,0.30078125,False,True,True,0,0,145768,145768,145721,145720
8741,5,age,141485,141484,128,118,0.921875,0.9296875,0.92578125,True,False,True,0,0,145776,145712,145720,145720
8746,5,age,141494,141495,128,17,0.1328125,0.140625,0.13671875,True,False,True,0,0,145816,145808,145723,145723
8746,5,age,141494,141495,128,89,0.6953125,0.703125,0.69921875,False,True,True,0,0,145744,145744,145723,145724
8746,5,age,141494,141495,128,105,0.8203125,0.828125,0.82421875,True,False,True,0,0,145744,145736,145724,145724
8748,5,age,141557,141558,128,17,0.1328125,0.140625,0.13671875,True,False,True,0,0,145816,145808,145787,145787
8748,5,age,141557,141558,128,89,0.6953125,0.703125,0.69921875,False,True,True,0,0,145744,145744,145787,145788
8748,5,age,141557,141558,128,105,0.8203125,0.828125,0.82421875,True,False,True,0,0,145744,145736,145788,145788
8750,5,age,141620,141621,128,17,0.1328125,0.140625,0.13671875,True,False,True,0,0,145816,145808,145851,145851
8750,5,age,141620,141621,128,89,0.6953125,0.703125,0.69921875,False,True,True,0,0,145744,145744,145851,145852
8750,5,age,141620,141621,128,105,0.8203125,0.828125,0.82421875,True,False,True,0,0,145744,145736,145852,145852
8752,5,age,141681,141682,128,9,0.0703125,0.078125,0.07421875,True,False,True,0,0,147440,147432,147449,147449
8752,5,age,141681,141682,128,89,0.6953125,0.703125,0.69921875,False,True,True,0,0,147432,147432,147449,147450
8752,5,age,141681,141682,128,97,0.7578125,0.765625,0.76171875,True,False,True,0,0,147368,147360,147450,147450
8754,5,age,141683,141684,128,17,0.1328125,0.140625,0.13671875,True,False,True,0,0,145816,145808,145915,145915
8754,5,age,141683,141684,128,89,0.6953125,0.703125,0.69921875,False,True,True,0,0,145744,145744,145915,145916
8754,5,age,141683,141684,128,105,0.8203125,0.828125,0.82421875,True,False,True,0,0,145744,145736,145916,145916
8756,5,age,141744,141745,128,9,0.0703125,0.078125,0.07421875,True,False,True,0,0,147440,147432,147449,147449
8756,5,age,141744,141745,128,89,0.6953125,0.703125,0.69921875,False,True,True,0,0,147432,147432,147449,147450
8756,5,age,141744,141745,128,124,0.96875,0.9765625,0.97265625,True,False,True,0,0,147424,147360,147450,147450
8758,5,age,141746,141747,128,17,0.1328125,0.140625,0.13671875,True,False,True,0,0,145816,145808,145915,145915
8758,5,age,141746,141747,128,89,0.6953125,0.703125,0.69921875,False,True,True,0,0,145744,145744,145915,145916
8758,5,age,141746,141747,128,105,0.8203125,0.828125,0.82421875,True,False,True,0,0,145744,145736,145916,145916
8759,5,age,141800,141799,128,15,0.1171875,0.125,0.12109375,True,False,True,0,0,124712,124648,124601,124601
8759,5,age,141800,141799,128,38,0.296875,0.3046875,0.30078125,False,True,True,0,0,124648,124648,124601,124600
8759,5,age,141800,141799,128,118,0.921875,0.9296875,0.92578125,True,False,True,0,0,124656,124592,124600,124600
8764,5,age,141809,141810,128,17,0.1328125,0.140625,0.13671875,True,False,True,0,0,124696,124688,124603,124603
8764,5,age,141809,141810,128,89,0.6953125,0.703125,0.69921875,False,True,True,0,0,124624,124624,124603,124604
8764,5,age,141809,141810,128,105,0.8203125,0.828125,0.82421875,True,False,True,0,0,124624,124616,124604,124604
8766,5,age,141872,141873,128,17,0.1328125,0.140625,0.13671875,True,False,True,0,0,124696,124688,124667,124667
8766,5,age,141872,141873,128,89,0.6953125,0.703125,0.69921875,False,True,True,0,0,124624,124624,124667,124668
8766,5,age,141872,141873,128,105,0.8203125,0.828125,0.82421875,True,False,True,0,0,124624,124616,124668,124668
8768,5,age,141935,141936,128,17,0.1328125,0.140625,0.13671875,True,False,True,0,0,124696,124688,124731,124731
8768,5,age,141935,141936,128,89,0.6953125,0.703125,0.69921875,False,True,True,0,0,124624,124624,124731,124732
8768,5,age,141935,141936,128,105,0.8203125,0.828125,0.82421875,True,False,True,0,0,124624,124616,124732,124732
8770,5,age,141996,141997,128,9,0.0703125,0.078125,0.07421875,True,False,True,0,0,126320,126312,126329,126329
8770,5,age,141996,141997,128,89,0.6953125,0.703125,0.69921875,False,True,True,0,0,126312,126312,126329,126330
8770,5,age,141996,141997,128,97,0.7578125,0.765625,0.76171875,True,False,True,0,0,126248,126240,126330,126330
8772,5,age,141998,141999,128,17,0.1328125,0.140625,0.13671875,True,False,True,0,0,124696,124688,124795,124795
8772,5,age,141998,141999,128,89,0.6953125,0.703125,0.69921875,False,True,True,0,0,124624,124624,124795,124796
8772,5,age,141998,141999,128,105,0.8203125,0.828125,0.82421875,True,False,True,0,0,124624,124616,124796,124796
8774,5,age,142059,142060,128,9,0.0703125,0.078125,0.07421875,True,False,True,0,0,126320,126312,126329,126329
8774,5,age,142059,142060,128,89,0.6953125,0.703125,0.69921875,False,True,True,0,0,126312,126312,126329,126330
8774,5,age,142059,142060,128,124,0.96875,0.9765625,0.97265625,True,False,True,0,0,126304,126240,126330,126330
8776,5,age,142061,142062,128,17,0.1328125,0.140625,0.13671875,True,False,True,0,0,124696,124688,124795,124795
8776,5,age,142061,142062,128,89,0.6953125,0.703125,0.69921875,False,True,True,0,0,124624,124624,124795,124796
8776,5,age,142061,142062,128,105,0.8203125,0.828125,0.82421875,True,False,True,0,0,124624,124616,124796,124796
8777,5,age,142115,142114,128,15,0.1171875,0.125,0.12109375,True,False,True,0,0,125096,125032,124985,124985
8777,5,age,142115,142114,128,38,0.296875,0.3046875,0.30078125,False,True,True,0,0,125032,125032,124985,124984
8777,5,age,142115,142114,128,118,0.921875,0.9296875,0.92578125,True,False,True,0,0,125040,124976,124984,124984
8782,5,age,142124,142125,128,17,0.1328125,0.140625,0.13671875,True,False,True,0,0,125080,125072,124987,124987
8782,5,age,142124,142125,128,89,0.6953125,0.703125,0.69921875,False,True,True,0,0,125008,125008,124987,124988
8782,5,age,142124,142125,128,105,0.8203125,0.828125,0.82421875,True,False,True,0,0,125008,125000,124988,124988
8784,5,age,142187,142188,128,17,0.1328125,0.140625,0.13671875,True,False,True,0,0,125080,125072,125051,125051
8784,5,age,142187,142188,128,89,0.6953125,0.703125,0.69921875,False,True,True,0,0,125008,125008,125051,125052
8784,5,age,142187,142188,128,105,0.8203125,0.828125,0.82421875,True,False,True,0,0,125008,125000,125052,125052
8786,5,age,142250,142251,128,17,0.1328125,0.140625,0.13671875,True,False,True,0,0,125080,125072,125115,125115
8786,5,age,142250,142251,128,89,0.6953125,0.703125,0.69921875,False,True,True,0,0,125008,125008,125115,125116
8786,5,age,142250,142251,128,105,0.8203125,0.828125,0.82421875,True,False,True,0,0,125008,125000,125116,125116
8788,5,age,142311,142312,128,9,0.0703125,0.078125,0.07421875,True,False,True,0,0,126704,126696,126713,126713
8788,5,age,142311,142312,128,89,0.6953125,0.703125,0.69921875,False,True,True,0,0,126696,126696,126713,126714
8788,5,age,142311,142312,128,97,0.7578125,0.765625,0.76171875,True,False,True,0,0,126632,126624,126714,126714
8790,5,age,142313,142314,128,17,0.1328125,0.140625,0.13671875,True,False,True,0,0,125080,125072,125179,125179
8790,5,age,142313,142314,128,89,0.6953125,0.703125,0.69921875,False,True,True,0,0,125008,125008,125179,125180
8790,5,age,142313,142314,128,105,0.8203125,0.828125,0.82421875,True,False,True,0,0,125008,125000,125180,125180
8792,5,age,142374,142375,128,9,0.0703125,0.078125,0.07421875,True,False,True,0,0,126704,126696,126713,126713
8792,5,age,142374,142375,128,89,0.6953125,0.703125,0.69921875,False,True,True,0,0,126696,126696,126713,126714
8792,5,age,142374,142375,128,124,0.96875,0.9765625,0.97265625,True,False,True,0,0,126688,126624,126714,126714
8794,5,age,142376,142377,128,17,0.1328125,0.140625,0.13671875,True,False,True,0,0,125080,125072,125179,125179
8794,5,age,142376,142377,128,89,0.6953125,0.703125,0.69921875,False,True,True,0,0,125008,125008,125179,125180
8794,5,age,142376,142377,128,105,0.8203125,0.828125,0.82421875,True,False,True,0,0,125008,125000,125180,125180
8795,5,age,142430,142429,128,15,0.1171875,0.125,0.12109375,True,False,True,0,0,125096,125032,124985,124985
8795,5,age,142430,142429,128,38,0.296875,0.3046875,0.30078125,False,True,True,0,0,125032,125032,124985,124984
8795,5,age,142430,142429,128,118,0.921875,0.9296875,0.92578125,True,False,True,0,0,125040,124976,124984,124984
8800,5,age,142439,142440,128,17,0.1328125,0.140625,0.13671875,True,False,True,0,0,125080,125072,124987,124987
8800,5,age,142439,142440,128,89,0.6953125,0.703125,0.69921875,False,True,True,0,0,125008,125008,124987,124988
8800,5,age,142439,142440,128,105,0.8203125,0.828125,0.82421875,True,False,True,0,0,125008,125000,124988,124988
8802,5,age,142502,142503,128,17,0.1328125,0.140625,0.13671875,True,False,True,0,0,125080,125072,125051,125051
8802,5,age,142502,142503,128,89,0.6953125,0.703125,0.69921875,False,True,True,0,0,125008,125008,125051,125052
8802,5,age,142502,142503,128,105,0.8203125,0.828125,0.82421875,True,False,True,0,0,125008,125000,125052,125052
8804,5,age,142565,142566,128,17,0.1328125,0.140625,0.13671875,True,False,True,0,0,125080,125072,125115,125115
8804,5,age,142565,142566,128,89,0.6953125,0.703125,0.69921875,False,True,True,0,0,125008,125008,125115,125116
8804,5,age,142565,142566,128,105,0.8203125,0.828125,0.82421875,True,False,True,0,0,125008,125000,125116,125116
8806,5,age,142626,142627,128,9,0.0703125,0.078125,0.07421875,True,False,True,0,0,126704,126696,126713,126713
8806,5,age,142626,142627,128,89,0.6953125,0.703125,0.69921875,False,True,True,0,0,126696,126696,126713,126714
8806,5,age,142626,142627,128,97,0.7578125,0.765625,0.76171875,True,False,True,0,0,126632,126624,126714,126714
8808,5,age,142628,142629,128,17,0.1328125,0.140625,0.13671875,True,False,True,0,0,125080,125072,125179,125179
8808,5,age,142628,142629,128,89,0.6953125,0.703125,0.69921875,False,True,True,0,0,125008,125008,125179,125180
8808,5,age,142628,142629,128,105,0.8203125,0.828125,0.82421875,True,False,True,0,0,125008,125000,125180,125180
8810,5,age,142689,142690,128,9,0.0703125,0.078125,0.07421875,True,False,True,0,0,126704,126696,126713,126713
8810,5,age,142689,142690,128,89,0.6953125,0.703125,0.69921875,False,True,True,0,0,126696,126696,126713,126714
8810,5,age,142689,142690,128,124,0.96875,0.9765625,0.97265625,True,False,True,0,0,126688,126624,126714,126714
8812,5,age,142691,142692,128,17,0.1328125,0.140625,0.13671875,True,False,True,0,0,125080,125072,125179,125179
8812,5,age,142691,142692,128,89,0.6953125,0.703125,0.69921875,False,True,True,0,0,125008,125008,125179,125180
8812,5,age,142691,142692,128,105,0.8203125,0.828125,0.82421875,True,False,True,0,0,125008,125000,125180,125180
8813,5,age,142745,142744,128,15,0.1171875,0.125,0.12109375,True,False,True,0,0,146984,146920,146873,146873
8813,5,age,142745,142744,128,38,0.296875,0.3046875,0.30078125,False,True,True,0,0,146920,146920,146873,146872
8813,5,age,142745,142744,128,118,0.921875,0.9296875,0.92578125,True,False,True,0,0,146928,146864,146872,146872
8818,5,age,142754,142755,128,17,0.1328125,0.140625,0.13671875,True,False,True,0,0,146968,146960,146875,146875
8818,5,age,142754,142755,128,89,0.6953125,0.703125,0.69921875,False,True,True,0,0,146896,146896,146875,146876
8818,5,age,142754,142755,128,105,0.8203125,0.828125,0.82421875,True,False,True,0,0,146896,146888,146876,146876
8820,5,age,142817,142818,128,17,0.1328125,0.140625,0.13671875,True,False,True,0,0,146968,146960,146939,146939
8820,5,age,142817,142818,128,89,0.6953125,0.703125,0.69921875,False,True,True,0,0,146896,146896,146939,146940
8820,5,age,142817,142818,128,105,0.8203125,0.828125,0.82421875,True,False,True,0,0,146896,146888,146940,146940
8822,5,age,142880,142881,128,17,0.1328125,0.140625,0.13671875,True,False,True,0,0,146968,146960,147003,147003
8822,5,age,142880,142881,128,89,0.6953125,0.703125,0.69921875,False,True,True,0,0,146896,146896,147003,147004
8822,5,age,142880,142881,128,105,0.8203125,0.828125,0.82421875,True,False,True,0,0,146896,146888,147004,147004
8824,5,age,142941,142942,128,9,0.0703125,0.078125,0.07421875,True,False,True,0,0,148592,148584,148601,148601
8824,5,age,142941,142942,128,89,0.6953125,0.703125,0.69921875,False,True,True,0,0,148584,148584,148601,148602
8824,5,age,142941,142942,128,97,0.7578125,0.765625,0.76171875,True,False,True,0,0,148520,148512,148602,148602
8826,5,age,142943,142944,128,17,0.1328125,0.140625,0.13671875,True,False,True,0,0,146968,146960,147067,147067
8826,5,age,142943,142944,128,89,0.6953125,0.703125,0.69921875,False,True,True,0,0,146896,146896,147067,147068
8826,5,age,142943,142944,128,105,0.8203125,0.828125,0.82421875,True,False,True,0,0,146896,146888,147068,147068
8828,5,age,143004,143005,128,9,0.0703125,0.078125,0.07421875,True,False,True,0,0,148592,148584,148601,148601
8828,5,age,143004,143005,128,89,0.6953125,0.703125,0.69921875,False,True,True,0,0,148584,148584,148601,148602
8828,5,age,143004,143005,128,124,0.96875,0.9765625,0.97265625,True,False,True,0,0,148576,148512,148602,148602
8830,5,age,143006,143007,128,17,0.1328125,0.140625,0.13671875,True,False,True,0,0,146968,146960,147067,147067
8830,5,age,143006,143007,128,89,0.6953125,0.703125,0.69921875,False,True,True,0,0,146896,146896,147067,147068
8830,5,age,143006,143007,128,105,0.8203125,0.828125,0.82421875,True,False,True,0,0,146896,146888,147068,147068
8831,5,age,143060,143059,128,15,0.1171875,0.125,0.12109375,True,False,True,0,0,147368,147304,147257,147257
8831,5,age,143060,143059,128,38,0.296875,0.3046875,0.30078125,False,True,True,0,0,147304,147304,147257,147256
8831,5,age,143060,143059,128,118,0.921875,0.9296875,0.92578125,True,False,True,0,0,147312,147248,147256,147256
8836,5,age,143069,143070,128,17,0.1328125,0.140625,0.13671875,True,False,True,0,0,147352,147344,147259,147259
8836,5,age,143069,143070,128,89,0.6953125,0.703125,0.69921875,False,True,True,0,0,147280,147280,147259,147260
8836,5,age,143069,143070,128,105,0.8203125,0.828125,0.82421875,True,False,True,0,0,147280,147272,147260,147260
8838,5,age,143132,143133,128,17,0.1328125,0.140625,0.13671875,True,False,True,0,0,147352,147344,147323,147323
8838,5,age,143132,143133,128,89,0.6953125,0.703125,0.69921875,False,True,True,0,0,147280,147280,147323,147324
8838,5,age,143132,143133,128,105,0.8203125,0.828125,0.82421875,True,False,True,0,0,147280,147272,147324,147324
8840,5,age,143195,143196,128,17,0.1328125,0.140625,0.13671875,True,False,True,0,0,147352,147344,147387,147387
8840,5,age,143195,143196,128,89,0.6953125,0.703125,0.69921875,False,True,True,0,0,147280,147280,147387,147388
8840,5,age,143195,143196,128,105,0.8203125,0.828125,0.82421875,True,False,True,0,0,147280,147272,147388,147388
8842,5,age,143256,143257,128,9,0.0703125,0.078125,0.07421875,True,False,True,0,0,148976,148968,148985,148985
8842,5,age,143256,143257,128,89,0.6953125,0.703125,0.69921875,False,True,True,0,0,148968,148968,148985,148986
8842,5,age,143256,143257,128,97,0.7578125,0.765625,0.76171875,True,False,True,0,0,148904,148896,148986,148986
8844,5,age,143258,143259,128,17,0.1328125,0.140625,0.13671875,True,False,True,0,0,147352,147344,147451,147451
8844,5,age,143258,143259,128,89,0.6953125,0.703125,0.69921875,False,True,True,0,0,147280,147280,147451,147452
8844,5,age,143258,143259,128,105,0.8203125,0.828125,0.82421875,True,False,True,0,0,147280,147272,147452,147452
8846,5,age,143319,143320,128,9,0.0703125,0.078125,0.07421875,True,False,True,0,0,148976,148968,148985,148985
8846,5,age,143319,143320,128,89,0.6953125,0.703125,0.69921875,False,True,True,0,0,148968,148968,148985,148986
8846,5,age,143319,143320,128,124,0.96875,0.9765625,0.97265625,True,False,True,0,0,148960,148896,148986,148986
8848,5,age,143321,143322,128,17,0.1328125,0.140625,0.13671875,True,False,True,0,0,147352,147344,147451,147451
8848,5,age,143321,143322,128,89,0.6953125,0.703125,0.69921875,False,True,True,0,0,147280,147280,147451,147452
8848,5,age,143321,143322,128,105,0.8203125,0.828125,0.82421875,True,False,True,0,0,147280,147272,147452,147452
