edge_id,axis,axis_name,witness_node,nonwitness_node,diagnostic_fast_pattern,diagnostic_fast_transition_count,diagnostic_fast_reentry,diagnostic_nominal_pattern,diagnostic_nominal_transition_count,diagnostic_nominal_reentry,diagnostic_stressed_pattern,diagnostic_stressed_transition_count,diagnostic_stressed_reentry,all_profiles_same_pattern
0,0,v_f,25446,4971,11110,1,False,11110,1,False,11110,1,False,True
1,0,v_f,25509,5034,11110,1,False,11110,1,False,11110,1,False,True
2,0,v_f,25761,5286,11110,1,False,11110,1,False,11110,1,False,True
3,0,v_f,25824,5349,11110,1,False,11110,1,False,11110,1,False,True
4,0,v_f,26076,5601,11110,1,False,11110,1,False,11110,1,False,True
5,0,v_f,26139,5664,11110,1,False,11110,1,False,11110,1,False,True
6,0,v_f,26391,5916,11110,1,False,11110,1,False,11110,1,False,True
7,0,v_f,26454,5979,11110,1,False,11110,1,False,11110,1,False,True
8,0,v_f,26706,6231,11110,1,False,11110,1,False,11110,1,False,True
9,0,v_f,26769,6294,11110,1,False,11110,1,False,11110,1,False,True
10,0,v_f,27966,7491,10000,1,False,10000,1,False,10000,1,False,True
11,0,v_f,28029,7554,10000,1,False,10000,1,False,10000,1,False,True
12,0,v_f,28281,7806,10000,1,False,10000,1,False,10000,1,False,True
13,0,v_f,28344,7869,10000,1,False,10000,1,False,10000,1,False,True
14,0,v_f,29345,8870,10000,1,False,10000,1,False,10000,1,False,True
15,0,v_f,29352,8877,10000,1,False,10000,1,False,10000,1,False,True
16,0,v_f,29354,8879,10000,1,False,10000,1,False,10000,1,False,True
17,0,v_f,29417,8942,10000,1,False,10000,1,False,10000,1,False,True
18,0,v_f,29480,9005,10000,1,False,10000,1,False,10000,1,False,True
19,0,v_f,29541,9066,10000,1,False,10000,1,False,10000,1,False,True
20,0,v_f,29543,9068,10000,1,False,10000,1,False,10000,1,False,True
21,0,v_f,29604,9129,10000,1,False,10000,1,False,10000,1,False,True
22,0,v_f,29606,9131,10000,1,False,10000,1,False,10000,1,False,True
23,0,v_f,29660,9185,10000,1,False,10000,1,False,10000,1,False,True
24,0,v_f,29667,9192,10000,1,False,10000,1,False,10000,1,False,True
25,0,v_f,29669,9194,10000,1,False,10000,1,False,10000,1,False,True
26,0,v_f,29732,9257,10000,1,False,10000,1,False,10000,1,False,True
27,0,v_f,29795,9320,10000,1,False,10000,1,False,10000,1,False,True
28,0,v_f,29856,9381,10000,1,False,10000,1,False,10000,1,False,True
29,0,v_f,29858,9383,10000,1,False,10000,1,False,10000,1,False,True
30,0,v_f,29919,9444,10000,1,False,10000,1,False,10000,1,False,True
31,0,v_f,29921,9446,10000,1,False,10000,1,False,10000,1,False,True
32,0,v_f,30920,10445,10000,1,False,10000,1,False,10000,1,False,True
33,0,v_f,30927,10452,10000,1,False,10000,1,False,10000,1,False,True
34,0,v_f,30929,10454,10000,1,False,10000,1,False,10000,1,False,True
35,0,v_f,30992,10517,10000,1,False,10000,1,False,10000,1,False,True
36,0,v_f,31055,10580,10000,1,False,10000,1,False,10000,1,False,True
37,0,v_f,31118,10643,10000,1,False,10000,1,False,10000,1,False,True
38,0,v_f,31181,10706,10000,1,False,10000,1,False,10000,1,False,True
39,0,v_f,31235,10760,10000,1,False,10000,1,False,10000,1,False,True
40,0,v_f,31242,10767,10000,1,False,10000,1,False,10000,1,False,True
41,0,v_f,31244,10769,10000,1,False,10000,1,False,10000,1,False,True
42,0,v_f,31307,10832,10000,1,False,10000,1,False,10000,1,False,True
43,0,v_f,31370,10895,10000,1,False,10000,1,False,10000,1,False,True
44,0,v_f,31433,10958,10000,1,False,10000,1,False,10000,1,False,True
45,0,v_f,31496,11021,10000,1,False,10000,1,False,10000,1,False,True
46,0,v_f,47496,27021,11110,1,False,11110,1,False,11110,1,False,True
47,0,v_f,47559,27084,11110,1,False,11110,1,False,11110,1,False,True
48,0,v_f,47811,27336,11110,1,False,11110,1,False,11110,1,False,True
49,0,v_f,47874,27399,11110,1,False,11110,1,False,11110,1,False,True
50,0,v_f,48126,27651,11110,1,False,11110,1,False,11110,1,False,True
51,0,v_f,48189,27714,11110,1,False,11110,1,False,11110,1,False,True
52,0,v_f,48875,28400,11110,1,False,11110,1,False,11110,1,False,True
53,0,v_f,48882,28407,11110,1,False,11110,1,False,11110,1,False,True
54,0,v_f,48884,28409,11110,1,False,11110,1,False,11110,1,False,True
55,0,v_f,48947,28472,11110,1,False,11110,1,False,11110,1,False,True
56,0,v_f,49010,28535,11110,1,False,11110,1,False,11110,1,False,True
57,0,v_f,49071,28596,11110,1,False,11110,1,False,11110,1,False,True
58,0,v_f,49073,28598,11110,1,False,11110,1,False,11110,1,False,True
59,0,v_f,49134,28659,11110,1,False,11110,1,False,11110,1,False,True
60,0,v_f,49136,28661,11110,1,False,11110,1,False,11110,1,False,True
61,0,v_f,49190,28715,11110,1,False,11110,1,False,11110,1,False,True
62,0,v_f,49197,28722,11110,1,False,11110,1,False,11110,1,False,True
63,0,v_f,49199,28724,11110,1,False,11110,1,False,11110,1,False,True
64,0,v_f,49262,28787,11110,1,False,11110,1,False,11110,1,False,True
65,0,v_f,49325,28850,11110,1,False,11110,1,False,11110,1,False,True
66,0,v_f,49386,28911,11110,1,False,11110,1,False,11110,1,False,True
67,0,v_f,49388,28913,11110,1,False,11110,1,False,11110,1,False,True
68,0,v_f,49449,28974,11110,1,False,11110,1,False,11110,1,False,True
69,0,v_f,49451,28976,11110,1,False,11110,1,False,11110,1,False,True
70,0,v_f,49505,29030,11110,1,False,11110,1,False,11110,1,False,True
71,0,v_f,49512,29037,11110,1,False,11110,1,False,11110,1,False,True
72,0,v_f,49514,29039,11110,1,False,11110,1,False,11110,1,False,True
73,0,v_f,49577,29102,11110,1,False,11110,1,False,11110,1,False,True
74,0,v_f,49640,29165,11110,1,False,11110,1,False,11110,1,False,True
75,0,v_f,49701,29226,11110,1,False,11110,1,False,11110,1,False,True
76,0,v_f,49703,29228,11110,1,False,11110,1,False,11110,1,False,True
77,0,v_f,49764,29289,11110,1,False,11110,1,False,11110,1,False,True
78,0,v_f,49766,29291,11110,1,False,11110,1,False,11110,1,False,True
79,0,v_f,50450,29975,11110,1,False,11110,1,False,11110,1,False,True
80,0,v_f,50457,29982,11110,1,False,11110,1,False,11110,1,False,True
81,0,v_f,50459,29984,11110,1,False,11110,1,False,11110,1,False,True
82,0,v_f,50522,30047,11110,1,False,11110,1,False,11110,1,False,True
83,0,v_f,50585,30110,11110,1,False,11110,1,False,11110,1,False,True
84,0,v_f,50648,30173,11110,1,False,11110,1,False,11110,1,False,True
85,0,v_f,50711,30236,11110,1,False,11110,1,False,11110,1,False,True
86,0,v_f,50765,30290,11110,1,False,11110,1,False,11110,1,False,True
87,0,v_f,50772,30297,11110,1,False,11110,1,False,11110,1,False,True
88,0,v_f,50774,30299,11110,1,False,11110,1,False,11110,1,False,True
89,0,v_f,50837,30362,11110,1,False,11110,1,False,11110,1,False,True
90,0,v_f,50900,30425,11110,1,False,11110,1,False,11110,1,False,True
91,0,v_f,50963,30488,11110,1,False,11110,1,False,11110,1,False,True
92,0,v_f,51026,30551,11110,1,False,11110,1,False,11110,1,False,True
93,0,v_f,51080,30605,11110,1,False,11110,1,False,11110,1,False,True
94,0,v_f,51087,30612,11110,1,False,11110,1,False,11110,1,False,True
95,0,v_f,51089,30614,11110,1,False,11110,1,False,11110,1,False,True
96,0,v_f,51152,30677,11110,1,False,11110,1,False,11110,1,False,True
97,0,v_f,51215,30740,11110,1,False,11110,1,False,11110,1,False,True
98,0,v_f,51278,30803,11110,1,False,11110,1,False,11110,1,False,True
99,0,v_f,51341,30866,11110,1,False,11110,1,False,11110,1,False,True
100,0,v_f,51591,31116,10000,1,False,10000,1,False,10000,1,False,True
101,0,v_f,51654,31179,10000,1,False,10000,1,False,10000,1,False,True
102,0,v_f,51906,31431,10000,1,False,10000,1,False,10000,1,False,True
103,0,v_f,51969,31494,10000,1,False,10000,1,False,10000,1,False,True
104,0,v_f,52970,32495,10000,1,False,10000,1,False,10000,1,False,True
105,0,v_f,52977,32502,10000,1,False,10000,1,False,10000,1,False,True
106,0,v_f,52979,32504,10000,1,False,10000,1,False,10000,1,False,True
107,0,v_f,53042,32567,10000,1,False,10000,1,False,10000,1,False,True
108,0,v_f,53105,32630,10000,1,False,10000,1,False,10000,1,False,True
109,0,v_f,53166,32691,10000,1,False,10000,1,False,10000,1,False,True
110,0,v_f,53168,32693,10000,1,False,10000,1,False,10000,1,False,True
111,0,v_f,53229,32754,10000,1,False,10000,1,False,10000,1,False,True
112,0,v_f,53231,32756,10000,1,False,10000,1,False,10000,1,False,True
113,0,v_f,53285,32810,10000,1,False,10000,1,False,10000,1,False,True
114,0,v_f,53292,32817,10000,1,False,10000,1,False,10000,1,False,True
115,0,v_f,53294,32819,10000,1,False,10000,1,False,10000,1,False,True
116,0,v_f,53357,32882,10000,1,False,10000,1,False,10000,1,False,True
117,0,v_f,53420,32945,10000,1,False,10000,1,False,10000,1,False,True
118,0,v_f,53481,33006,10000,1,False,10000,1,False,10000,1,False,True
119,0,v_f,53483,33008,10000,1,False,10000,1,False,10000,1,False,True
120,0,v_f,53544,33069,10000,1,False,10000,1,False,10000,1,False,True
121,0,v_f,53546,33071,10000,1,False,10000,1,False,10000,1,False,True
122,0,v_f,54545,34070,10000,1,False,10000,1,False,10000,1,False,True
123,0,v_f,54552,34077,10000,1,False,10000,1,False,10000,1,False,True
124,0,v_f,54554,34079,10000,1,False,10000,1,False,10000,1,False,True
125,0,v_f,54617,34142,10000,1,False,10000,1,False,10000,1,False,True
126,0,v_f,54680,34205,10000,1,False,10000,1,False,10000,1,False,True
127,0,v_f,54743,34268,10000,1,False,10000,1,False,10000,1,False,True
128,0,v_f,54806,34331,10000,1,False,10000,1,False,10000,1,False,True
129,0,v_f,54860,34385,10000,1,False,10000,1,False,10000,1,False,True
130,0,v_f,54867,34392,10000,1,False,10000,1,False,10000,1,False,True
131,0,v_f,54869,34394,10000,1,False,10000,1,False,10000,1,False,True
132,0,v_f,54932,34457,10000,1,False,10000,1,False,10000,1,False,True
133,0,v_f,54995,34520,10000,1,False,10000,1,False,10000,1,False,True
134,0,v_f,55058,34583,10000,1,False,10000,1,False,10000,1,False,True
135,0,v_f,55121,34646,10000,1,False,10000,1,False,10000,1,False,True
136,0,v_f,56120,35645,10000,1,False,10000,1,False,10000,1,False,True
137,0,v_f,56127,35652,10000,1,False,10000,1,False,10000,1,False,True
138,0,v_f,56129,35654,10000,1,False,10000,1,False,10000,1,False,True
139,0,v_f,56192,35717,10000,1,False,10000,1,False,10000,1,False,True
140,0,v_f,56255,35780,10000,1,False,10000,1,False,10000,1,False,True
141,0,v_f,56318,35843,10000,1,False,10000,1,False,10000,1,False,True
142,0,v_f,56381,35906,10000,1,False,10000,1,False,10000,1,False,True
143,0,v_f,56435,35960,10000,1,False,10000,1,False,10000,1,False,True
144,0,v_f,56442,35967,10000,1,False,10000,1,False,10000,1,False,True
145,0,v_f,56444,35969,10000,1,False,10000,1,False,10000,1,False,True
146,0,v_f,56507,36032,10000,1,False,10000,1,False,10000,1,False,True
147,0,v_f,56570,36095,10000,1,False,10000,1,False,10000,1,False,True
148,0,v_f,56633,36158,10000,1,False,10000,1,False,10000,1,False,True
149,0,v_f,56696,36221,10000,1,False,10000,1,False,10000,1,False,True
150,0,v_f,71121,50646,11110,1,False,11110,1,False,11110,1,False,True
151,0,v_f,71184,50709,11110,1,False,11110,1,False,11110,1,False,True
152,0,v_f,71436,50961,11110,1,False,11110,1,False,11110,1,False,True
153,0,v_f,71499,51024,11110,1,False,11110,1,False,11110,1,False,True
154,0,v_f,71751,51276,11110,1,False,11110,1,False,11110,1,False,True
155,0,v_f,71814,51339,11110,1,False,11110,1,False,11110,1,False,True
156,0,v_f,72500,52025,11110,1,False,11110,1,False,11110,1,False,True
157,0,v_f,72507,52032,11110,1,False,11110,1,False,11110,1,False,True
158,0,v_f,72509,52034,11110,1,False,11110,1,False,11110,1,False,True
159,0,v_f,72572,52097,11110,1,False,11110,1,False,11110,1,False,True
160,0,v_f,72635,52160,11110,1,False,11110,1,False,11110,1,False,True
161,0,v_f,72696,52221,11110,1,False,11110,1,False,11110,1,False,True
162,0,v_f,72698,52223,11110,1,False,11110,1,False,11110,1,False,True
163,0,v_f,72759,52284,11110,1,False,11110,1,False,11110,1,False,True
164,0,v_f,72761,52286,11110,1,False,11110,1,False,11110,1,False,True
165,0,v_f,72815,52340,11110,1,False,11110,1,False,11110,1,False,True
166,0,v_f,72822,52347,11110,1,False,11110,1,False,11110,1,False,True
167,0,v_f,72824,52349,11110,1,False,11110,1,False,11110,1,False,True
168,0,v_f,72887,52412,11110,1,False,11110,1,False,11110,1,False,True
169,0,v_f,72950,52475,11110,1,False,11110,1,False,11110,1,False,True
170,0,v_f,73011,52536,11110,1,False,11110,1,False,11110,1,False,True
171,0,v_f,73013,52538,11110,1,False,11110,1,False,11110,1,False,True
172,0,v_f,73074,52599,11110,1,False,11110,1,False,11110,1,False,True
173,0,v_f,73076,52601,11110,1,False,11110,1,False,11110,1,False,True
174,0,v_f,73130,52655,11110,1,False,11110,1,False,11110,1,False,True
175,0,v_f,73137,52662,11110,1,False,11110,1,False,11110,1,False,True
176,0,v_f,73139,52664,11110,1,False,11110,1,False,11110,1,False,True
177,0,v_f,73202,52727,11110,1,False,11110,1,False,11110,1,False,True
178,0,v_f,73265,52790,11110,1,False,11110,1,False,11110,1,False,True
179,0,v_f,73326,52851,11110,1,False,11110,1,False,11110,1,False,True
180,0,v_f,73328,52853,11110,1,False,11110,1,False,11110,1,False,True
181,0,v_f,73389,52914,11110,1,False,11110,1,False,11110,1,False,True
182,0,v_f,73391,52916,11110,1,False,11110,1,False,11110,1,False,True
183,0,v_f,74075,53600,11110,1,False,11110,1,False,11110,1,False,True
184,0,v_f,74082,53607,11110,1,False,11110,1,False,11110,1,False,True
185,0,v_f,74084,53609,11110,1,False,11110,1,False,11110,1,False,True
186,0,v_f,74147,53672,11110,1,False,11110,1,False,11110,1,False,True
187,0,v_f,74210,53735,11110,1,False,11110,1,False,11110,1,False,True
188,0,v_f,74273,53798,11110,1,False,11110,1,False,11110,1,False,True
189,0,v_f,74336,53861,11110,1,False,11110,1,False,11110,1,False,True
190,0,v_f,74390,53915,11110,1,False,11110,1,False,11110,1,False,True
191,0,v_f,74397,53922,11110,1,False,11110,1,False,11110,1,False,True
192,0,v_f,74399,53924,11110,1,False,11110,1,False,11110,1,False,True
193,0,v_f,74462,53987,11110,1,False,11110,1,False,11110,1,False,True
194,0,v_f,74525,54050,11110,1,False,11110,1,False,11110,1,False,True
195,0,v_f,74588,54113,11110,1,False,11110,1,False,11110,1,False,True
196,0,v_f,74651,54176,11110,1,False,11110,1,False,11110,1,False,True
197,0,v_f,74705,54230,11110,1,False,11110,1,False,11110,1,False,True
198,0,v_f,74712,54237,11110,1,False,11110,1,False,11110,1,False,True
199,0,v_f,74714,54239,11110,1,False,11110,1,False,11110,1,False,True
200,0,v_f,74777,54302,11110,1,False,11110,1,False,11110,1,False,True
201,0,v_f,74840,54365,11110,1,False,11110,1,False,11110,1,False,True
202,0,v_f,74903,54428,11110,1,False,11110,1,False,11110,1,False,True
203,0,v_f,74966,54491,11110,1,False,11110,1,False,11110,1,False,True
204,0,v_f,75216,54741,10000,1,False,10000,1,False,10000,1,False,True
205,0,v_f,75279,54804,10000,1,False,10000,1,False,10000,1,False,True
206,0,v_f,75531,55056,10000,1,False,10000,1,False,10000,1,False,True
207,0,v_f,75594,55119,10000,1,False,10000,1,False,10000,1,False,True
208,0,v_f,75650,55175,11110,1,False,11110,1,False,11110,1,False,True
209,0,v_f,75657,55182,11110,1,False,11110,1,False,11110,1,False,True
210,0,v_f,75659,55184,11110,1,False,11110,1,False,11110,1,False,True
211,0,v_f,75722,55247,11110,1,False,11110,1,False,11110,1,False,True
212,0,v_f,75785,55310,11110,1,False,11110,1,False,11110,1,False,True
213,0,v_f,75848,55373,11110,1,False,11110,1,False,11110,1,False,True
214,0,v_f,75911,55436,11110,1,False,11110,1,False,11110,1,False,True
215,0,v_f,75965,55490,11110,1,False,11110,1,False,11110,1,False,True
216,0,v_f,75972,55497,11110,1,False,11110,1,False,11110,1,False,True
217,0,v_f,75974,55499,11110,1,False,11110,1,False,11110,1,False,True
218,0,v_f,76037,55562,11110,1,False,11110,1,False,11110,1,False,True
219,0,v_f,76100,55625,11110,1,False,11110,1,False,11110,1,False,True
220,0,v_f,76163,55688,11110,1,False,11110,1,False,11110,1,False,True
221,0,v_f,76226,55751,11110,1,False,11110,1,False,11110,1,False,True
222,0,v_f,76280,55805,11110,1,False,11110,1,False,11110,1,False,True
223,0,v_f,76287,55812,11110,1,False,11110,1,False,11110,1,False,True
224,0,v_f,76289,55814,11110,1,False,11110,1,False,11110,1,False,True
225,0,v_f,76352,55877,11110,1,False,11110,1,False,11110,1,False,True
226,0,v_f,76415,55940,11110,1,False,11110,1,False,11110,1,False,True
227,0,v_f,76478,56003,11110,1,False,11110,1,False,11110,1,False,True
228,0,v_f,76541,56066,11110,1,False,11110,1,False,11110,1,False,True
229,0,v_f,76791,56316,10000,1,False,10000,1,False,10000,1,False,True
230,0,v_f,76854,56379,10000,1,False,10000,1,False,10000,1,False,True
231,0,v_f,77106,56631,10000,1,False,10000,1,False,10000,1,False,True
232,0,v_f,77169,56694,10000,1,False,10000,1,False,10000,1,False,True
233,0,v_f,78170,57695,10000,1,False,10000,1,False,10000,1,False,True
234,0,v_f,78177,57702,10000,1,False,10000,1,False,10000,1,False,True
235,0,v_f,78179,57704,10000,1,False,10000,1,False,10000,1,False,True
236,0,v_f,78242,57767,10000,1,False,10000,1,False,10000,1,False,True
237,0,v_f,78305,57830,10000,1,False,10000,1,False,10000,1,False,True
238,0,v_f,78366,57891,10000,1,False,10000,1,False,10000,1,False,True
239,0,v_f,78368,57893,10000,1,False,10000,1,False,10000,1,False,True
240,0,v_f,78429,57954,10000,1,False,10000,1,False,10000,1,False,True
241,0,v_f,78431,57956,10000,1,False,10000,1,False,10000,1,False,True
242,0,v_f,78485,58010,10000,1,False,10000,1,False,10000,1,False,True
243,0,v_f,78492,58017,10000,1,False,10000,1,False,10000,1,False,True
244,0,v_f,78494,58019,10000,1,False,10000,1,False,10000,1,False,True
245,0,v_f,78557,58082,10000,1,False,10000,1,False,10000,1,False,True
246,0,v_f,78620,58145,10000,1,False,10000,1,False,10000,1,False,True
247,0,v_f,78681,58206,10000,1,False,10000,1,False,10000,1,False,True
248,0,v_f,78683,58208,10000,1,False,10000,1,False,10000,1,False,True
249,0,v_f,78744,58269,10000,1,False,10000,1,False,10000,1,False,True
250,0,v_f,78746,58271,10000,1,False,10000,1,False,10000,1,False,True
251,0,v_f,79745,59270,10000,1,False,10000,1,False,10000,1,False,True
252,0,v_f,79752,59277,10000,1,False,10000,1,False,10000,1,False,True
253,0,v_f,79754,59279,10000,1,False,10000,1,False,10000,1,False,True
254,0,v_f,79817,59342,10000,1,False,10000,1,False,10000,1,False,True
255,0,v_f,79880,59405,10000,1,False,10000,1,False,10000,1,False,True
256,0,v_f,79943,59468,10000,1,False,10000,1,False,10000,1,False,True
257,0,v_f,80006,59531,10000,1,False,10000,1,False,10000,1,False,True
258,0,v_f,80060,59585,10000,1,False,10000,1,False,10000,1,False,True
259,0,v_f,80067,59592,10000,1,False,10000,1,False,10000,1,False,True
260,0,v_f,80069,59594,10000,1,False,10000,1,False,10000,1,False,True
261,0,v_f,80132,59657,10000,1,False,10000,1,False,10000,1,False,True
262,0,v_f,80195,59720,10000,1,False,10000,1,False,10000,1,False,True
263,0,v_f,80258,59783,10000,1,False,10000,1,False,10000,1,False,True
264,0,v_f,80321,59846,10000,1,False,10000,1,False,10000,1,False,True
265,0,v_f,94746,74271,11110,1,False,11110,1,False,11110,1,False,True
266,0,v_f,94809,74334,11110,1,False,11110,1,False,11110,1,False,True
267,0,v_f,95061,74586,11110,1,False,11110,1,False,11110,1,False,True
268,0,v_f,95124,74649,11110,1,False,11110,1,False,11110,1,False,True
269,0,v_f,95376,74901,11110,1,False,11110,1,False,11110,1,False,True
270,0,v_f,95439,74964,11110,1,False,11110,1,False,11110,1,False,True
271,0,v_f,96321,75846,11110,1,False,11110,1,False,11110,1,False,True
272,0,v_f,96384,75909,11110,1,False,11110,1,False,11110,1,False,True
273,0,v_f,96636,76161,11110,1,False,11110,1,False,11110,1,False,True
274,0,v_f,96699,76224,11110,1,False,11110,1,False,11110,1,False,True
275,0,v_f,96951,76476,11110,1,False,11110,1,False,11110,1,False,True
276,0,v_f,97014,76539,11110,1,False,11110,1,False,11110,1,False,True
277,0,v_f,97700,77225,11110,1,False,11110,1,False,11110,1,False,True
278,0,v_f,97707,77232,11110,1,False,11110,1,False,11110,1,False,True
279,0,v_f,97709,77234,11110,1,False,11110,1,False,11110,1,False,True
280,0,v_f,97772,77297,11110,1,False,11110,1,False,11110,1,False,True
281,0,v_f,97835,77360,11110,1,False,11110,1,False,11110,1,False,True
282,0,v_f,97896,77421,11110,1,False,11110,1,False,11110,1,False,True
283,0,v_f,97898,77423,11110,1,False,11110,1,False,11110,1,False,True
284,0,v_f,97959,77484,11110,1,False,11110,1,False,11110,1,False,True
285,0,v_f,97961,77486,11110,1,False,11110,1,False,11110,1,False,True
286,0,v_f,98015,77540,11110,1,False,11110,1,False,11110,1,False,True
287,0,v_f,98022,77547,11110,1,False,11110,1,False,11110,1,False,True
288,0,v_f,98024,77549,11110,1,False,11110,1,False,11110,1,False,True
289,0,v_f,98087,77612,11110,1,False,11110,1,False,11110,1,False,True
290,0,v_f,98150,77675,11110,1,False,11110,1,False,11110,1,False,True
291,0,v_f,98211,77736,11110,1,False,11110,1,False,11110,1,False,True
292,0,v_f,98213,77738,11110,1,False,11110,1,False,11110,1,False,True
293,0,v_f,98274,77799,11110,1,False,11110,1,False,11110,1,False,True
294,0,v_f,98276,77801,11110,1,False,11110,1,False,11110,1,False,True
295,0,v_f,98330,77855,11110,1,False,11110,1,False,11110,1,False,True
296,0,v_f,98337,77862,11110,1,False,11110,1,False,11110,1,False,True
297,0,v_f,98339,77864,11110,1,False,11110,1,False,11110,1,False,True
298,0,v_f,98402,77927,11110,1,False,11110,1,False,11110,1,False,True
299,0,v_f,98465,77990,11110,1,False,11110,1,False,11110,1,False,True
300,0,v_f,98526,78051,11110,1,False,11110,1,False,11110,1,False,True
301,0,v_f,98528,78053,11110,1,False,11110,1,False,11110,1,False,True
302,0,v_f,98589,78114,11110,1,False,11110,1,False,11110,1,False,True
303,0,v_f,98591,78116,11110,1,False,11110,1,False,11110,1,False,True
304,0,v_f,99275,78800,11110,1,False,11110,1,False,11110,1,False,True
305,0,v_f,99282,78807,11110,1,False,11110,1,False,11110,1,False,True
306,0,v_f,99284,78809,11110,1,False,11110,1,False,11110,1,False,True
307,0,v_f,99347,78872,11110,1,False,11110,1,False,11110,1,False,True
308,0,v_f,99410,78935,11110,1,False,11110,1,False,11110,1,False,True
309,0,v_f,99473,78998,11110,1,False,11110,1,False,11110,1,False,True
310,0,v_f,99536,79061,11110,1,False,11110,1,False,11110,1,False,True
311,0,v_f,99590,79115,11110,1,False,11110,1,False,11110,1,False,True
312,0,v_f,99597,79122,11110,1,False,11110,1,False,11110,1,False,True
313,0,v_f,99599,79124,11110,1,False,11110,1,False,11110,1,False,True
314,0,v_f,99662,79187,11110,1,False,11110,1,False,11110,1,False,True
315,0,v_f,99725,79250,11110,1,False,11110,1,False,11110,1,False,True
316,0,v_f,99788,79313,11110,1,False,11110,1,False,11110,1,False,True
317,0,v_f,99851,79376,11110,1,False,11110,1,False,11110,1,False,True
318,0,v_f,99905,79430,11110,1,False,11110,1,False,11110,1,False,True
319,0,v_f,99912,79437,11110,1,False,11110,1,False,11110,1,False,True
320,0,v_f,99914,79439,11110,1,False,11110,1,False,11110,1,False,True
321,0,v_f,99977,79502,11110,1,False,11110,1,False,11110,1,False,True
322,0,v_f,100040,79565,11110,1,False,11110,1,False,11110,1,False,True
323,0,v_f,100103,79628,11110,1,False,11110,1,False,11110,1,False,True
324,0,v_f,100166,79691,11110,1,False,11110,1,False,11110,1,False,True
325,0,v_f,100416,79941,10000,1,False,10000,1,False,10000,1,False,True
326,0,v_f,100479,80004,10000,1,False,10000,1,False,10000,1,False,True
327,0,v_f,100731,80256,10000,1,False,10000,1,False,10000,1,False,True
328,0,v_f,100794,80319,10000,1,False,10000,1,False,10000,1,False,True
329,0,v_f,101795,81320,10000,1,False,10000,1,False,10000,1,False,True
330,0,v_f,101802,81327,10000,1,False,10000,1,False,10000,1,False,True
331,0,v_f,101804,81329,10000,1,False,10000,1,False,10000,1,False,True
332,0,v_f,101867,81392,10000,1,False,10000,1,False,10000,1,False,True
333,0,v_f,101930,81455,10000,1,False,10000,1,False,10000,1,False,True
334,0,v_f,101991,81516,10000,1,False,10000,1,False,10000,1,False,True
335,0,v_f,101993,81518,10000,1,False,10000,1,False,10000,1,False,True
336,0,v_f,102054,81579,10000,1,False,10000,1,False,10000,1,False,True
337,0,v_f,102056,81581,10000,1,False,10000,1,False,10000,1,False,True
338,0,v_f,102110,81635,10000,1,False,10000,1,False,10000,1,False,True
339,0,v_f,102117,81642,10000,1,False,10000,1,False,10000,1,False,True
340,0,v_f,102119,81644,10000,1,False,10000,1,False,10000,1,False,True
341,0,v_f,102182,81707,10000,1,False,10000,1,False,10000,1,False,True
342,0,v_f,102245,81770,10000,1,False,10000,1,False,10000,1,False,True
343,0,v_f,102306,81831,10000,1,False,10000,1,False,10000,1,False,True
344,0,v_f,102308,81833,10000,1,False,10000,1,False,10000,1,False,True
345,0,v_f,102369,81894,10000,1,False,10000,1,False,10000,1,False,True
346,0,v_f,102371,81896,10000,1,False,10000,1,False,10000,1,False,True
347,0,v_f,119946,99471,11110,1,False,11110,1,False,11110,1,False,True
348,0,v_f,120009,99534,11110,1,False,11110,1,False,11110,1,False,True
349,0,v_f,120261,99786,11110,1,False,11110,1,False,11110,1,False,True
350,0,v_f,120324,99849,11110,1,False,11110,1,False,11110,1,False,True
351,0,v_f,120576,100101,11110,1,False,11110,1,False,11110,1,False,True
352,0,v_f,120639,100164,11110,1,False,11110,1,False,11110,1,False,True
353,0,v_f,121325,100850,11110,1,False,11110,1,False,11110,1,False,True
354,0,v_f,121332,100857,11110,1,False,11110,1,False,11110,1,False,True
355,0,v_f,121334,100859,11110,1,False,11110,1,False,11110,1,False,True
356,0,v_f,121397,100922,11110,1,False,11110,1,False,11110,1,False,True
357,0,v_f,121460,100985,11110,1,False,11110,1,False,11110,1,False,True
358,0,v_f,121521,101046,11110,1,False,11110,1,False,11110,1,False,True
359,0,v_f,121523,101048,11110,1,False,11110,1,False,11110,1,False,True
360,0,v_f,121584,101109,11110,1,False,11110,1,False,11110,1,False,True
361,0,v_f,121586,101111,11110,1,False,11110,1,False,11110,1,False,True
362,0,v_f,121640,101165,11110,1,False,11110,1,False,11110,1,False,True
363,0,v_f,121647,101172,11110,1,False,11110,1,False,11110,1,False,True
364,0,v_f,121649,101174,11110,1,False,11110,1,False,11110,1,False,True
365,0,v_f,121712,101237,11110,1,False,11110,1,False,11110,1,False,True
366,0,v_f,121775,101300,11110,1,False,11110,1,False,11110,1,False,True
367,0,v_f,121836,101361,11110,1,False,11110,1,False,11110,1,False,True
368,0,v_f,121838,101363,11110,1,False,11110,1,False,11110,1,False,True
369,0,v_f,121899,101424,11110,1,False,11110,1,False,11110,1,False,True
370,0,v_f,121901,101426,11110,1,False,11110,1,False,11110,1,False,True
371,0,v_f,121955,101480,11110,1,False,11110,1,False,11110,1,False,True
372,0,v_f,121962,101487,11110,1,False,11110,1,False,11110,1,False,True
373,0,v_f,121964,101489,11110,1,False,11110,1,False,11110,1,False,True
374,0,v_f,122027,101552,11110,1,False,11110,1,False,11110,1,False,True
375,0,v_f,122090,101615,11110,1,False,11110,1,False,11110,1,False,True
376,0,v_f,122151,101676,11110,1,False,11110,1,False,11110,1,False,True
377,0,v_f,122153,101678,11110,1,False,11110,1,False,11110,1,False,True
378,0,v_f,122214,101739,11110,1,False,11110,1,False,11110,1,False,True
379,0,v_f,122216,101741,11110,1,False,11110,1,False,11110,1,False,True
380,1,v_p,1821,246,10000,1,False,10000,1,False,10000,1,False,True
381,1,v_p,1884,309,10000,1,False,10000,1,False,10000,1,False,True
382,1,v_p,2136,561,10000,1,False,10000,1,False,10000,1,False,True
383,1,v_p,2199,624,10000,1,False,10000,1,False,10000,1,False,True
384,1,v_p,2451,876,10000,1,False,10000,1,False,10000,1,False,True
385,1,v_p,2514,939,10000,1,False,10000,1,False,10000,1,False,True
386,1,v_p,2766,1191,10000,1,False,10000,1,False,10000,1,False,True
387,1,v_p,2829,1254,10000,1,False,10000,1,False,10000,1,False,True
388,1,v_p,3081,1506,10000,1,False,10000,1,False,10000,1,False,True
389,1,v_p,3144,1569,10000,1,False,10000,1,False,10000,1,False,True
390,1,v_p,3200,1625,11110,1,False,11110,1,False,11110,1,False,True
391,1,v_p,3207,1632,11110,1,False,11110,1,False,11110,1,False,True
392,1,v_p,3209,1634,11110,1,False,11110,1,False,11110,1,False,True
393,1,v_p,3272,1697,11110,1,False,11110,1,False,11110,1,False,True
394,1,v_p,3335,1760,11110,1,False,11110,1,False,11110,1,False,True
395,1,v_p,3398,1823,11110,1,False,11110,1,False,11110,1,False,True
396,1,v_p,3461,1886,11110,1,False,11110,1,False,11110,1,False,True
397,1,v_p,3515,1940,11110,1,False,11110,1,False,11110,1,False,True
398,1,v_p,3522,1947,11110,1,False,11110,1,False,11110,1,False,True
399,1,v_p,3524,1949,11110,1,False,11110,1,False,11110,1,False,True
400,1,v_p,3587,2012,11110,1,False,11110,1,False,11110,1,False,True
401,1,v_p,3650,2075,11110,1,False,11110,1,False,11110,1,False,True
402,1,v_p,3713,2138,11110,1,False,11110,1,False,11110,1,False,True
403,1,v_p,3776,2201,11110,1,False,11110,1,False,11110,1,False,True
404,1,v_p,3830,2255,11110,1,False,11110,1,False,11110,1,False,True
405,1,v_p,3837,2262,11110,1,False,11110,1,False,11110,1,False,True
406,1,v_p,3839,2264,11110,1,False,11110,1,False,11110,1,False,True
407,1,v_p,3902,2327,11110,1,False,11110,1,False,11110,1,False,True
408,1,v_p,3965,2390,11110,1,False,11110,1,False,11110,1,False,True
409,1,v_p,4028,2453,11110,1,False,11110,1,False,11110,1,False,True
410,1,v_p,4091,2516,11110,1,False,11110,1,False,11110,1,False,True
411,1,v_p,4145,2570,11110,1,False,11110,1,False,11110,1,False,True
412,1,v_p,4152,2577,11110,1,False,11110,1,False,11110,1,False,True
413,1,v_p,4154,2579,11110,1,False,11110,1,False,11110,1,False,True
414,1,v_p,4217,2642,11110,1,False,11110,1,False,11110,1,False,True
415,1,v_p,4280,2705,11110,1,False,11110,1,False,11110,1,False,True
416,1,v_p,4343,2768,11110,1,False,11110,1,False,11110,1,False,True
417,1,v_p,4406,2831,11110,1,False,11110,1,False,11110,1,False,True
418,1,v_p,4460,2885,11110,1,False,11110,1,False,11110,1,False,True
419,1,v_p,4467,2892,11110,1,False,11110,1,False,11110,1,False,True
420,1,v_p,4469,2894,11110,1,False,11110,1,False,11110,1,False,True
421,1,v_p,4532,2957,11110,1,False,11110,1,False,11110,1,False,True
422,1,v_p,4595,3020,11110,1,False,11110,1,False,11110,1,False,True
423,1,v_p,4658,3083,11110,1,False,11110,1,False,11110,1,False,True
424,1,v_p,4721,3146,11110,1,False,11110,1,False,11110,1,False,True
425,1,v_p,3396,4971,11110,1,False,11110,1,False,11110,1,False,True
426,1,v_p,3459,5034,11110,1,False,11110,1,False,11110,1,False,True
427,1,v_p,3711,5286,11110,1,False,11110,1,False,11110,1,False,True
428,1,v_p,3774,5349,11110,1,False,11110,1,False,11110,1,False,True
429,1,v_p,4026,5601,11110,1,False,11110,1,False,11110,1,False,True
430,1,v_p,4089,5664,11110,1,False,11110,1,False,11110,1,False,True
431,1,v_p,4341,5916,11110,1,False,11110,1,False,11110,1,False,True
432,1,v_p,4404,5979,11110,1,False,11110,1,False,11110,1,False,True
433,1,v_p,4656,6231,11110,1,False,11110,1,False,11110,1,False,True
434,1,v_p,4719,6294,11110,1,False,11110,1,False,11110,1,False,True
435,1,v_p,6350,7925,10000,1,False,10000,1,False,10000,1,False,True
436,1,v_p,6357,7932,10000,1,False,10000,1,False,10000,1,False,True
437,1,v_p,6359,7934,10000,1,False,10000,1,False,10000,1,False,True
438,1,v_p,6422,7997,10000,1,False,10000,1,False,10000,1,False,True
439,1,v_p,6485,8060,10000,1,False,10000,1,False,10000,1,False,True
440,1,v_p,6548,8123,10000,1,False,10000,1,False,10000,1,False,True
441,1,v_p,6611,8186,10000,1,False,10000,1,False,10000,1,False,True
442,1,v_p,6665,8240,10000,1,False,10000,1,False,10000,1,False,True
443,1,v_p,6672,8247,10000,1,False,10000,1,False,10000,1,False,True
444,1,v_p,6674,8249,10000,1,False,10000,1,False,10000,1,False,True
445,1,v_p,6737,8312,10000,1,False,10000,1,False,10000,1,False,True
446,1,v_p,6800,8375,10000,1,False,10000,1,False,10000,1,False,True
447,1,v_p,6863,8438,10000,1,False,10000,1,False,10000,1,False,True
448,1,v_p,6926,8501,10000,1,False,10000,1,False,10000,1,False,True
449,1,v_p,6980,8555,10000,1,False,10000,1,False,10000,1,False,True
450,1,v_p,6987,8562,10000,1,False,10000,1,False,10000,1,False,True
451,1,v_p,6989,8564,10000,1,False,10000,1,False,10000,1,False,True
452,1,v_p,7052,8627,10000,1,False,10000,1,False,10000,1,False,True
453,1,v_p,7115,8690,10000,1,False,10000,1,False,10000,1,False,True
454,1,v_p,7178,8753,10000,1,False,10000,1,False,10000,1,False,True
455,1,v_p,7241,8816,10000,1,False,10000,1,False,10000,1,False,True
456,1,v_p,7295,8870,10000,1,False,10000,1,False,10000,1,False,True
457,1,v_p,7302,8877,10000,1,False,10000,1,False,10000,1,False,True
458,1,v_p,7304,8879,10000,1,False,10000,1,False,10000,1,False,True
459,1,v_p,7367,8942,10000,1,False,10000,1,False,10000,1,False,True
460,1,v_p,7430,9005,10000,1,False,10000,1,False,10000,1,False,True
461,1,v_p,7493,9068,10000,1,False,10000,1,False,10000,1,False,True
462,1,v_p,7556,9131,10000,1,False,10000,1,False,10000,1,False,True
463,1,v_p,7610,9185,10000,1,False,10000,1,False,10000,1,False,True
464,1,v_p,7617,9192,10000,1,False,10000,1,False,10000,1,False,True
465,1,v_p,7619,9194,10000,1,False,10000,1,False,10000,1,False,True
466,1,v_p,7682,9257,10000,1,False,10000,1,False,10000,1,False,True
467,1,v_p,7745,9320,10000,1,False,10000,1,False,10000,1,False,True
468,1,v_p,7808,9383,10000,1,False,10000,1,False,10000,1,False,True
469,1,v_p,7871,9446,10000,1,False,10000,1,False,10000,1,False,True
470,1,v_p,22296,20721,10000,1,False,10000,1,False,10000,1,False,True
471,1,v_p,22359,20784,10000,1,False,10000,1,False,10000,1,False,True
472,1,v_p,22611,21036,10000,1,False,10000,1,False,10000,1,False,True
473,1,v_p,22674,21099,10000,1,False,10000,1,False,10000,1,False,True
474,1,v_p,22926,21351,10000,1,False,10000,1,False,10000,1,False,True
475,1,v_p,22989,21414,10000,1,False,10000,1,False,10000,1,False,True
476,1,v_p,23241,21666,10000,1,False,10000,1,False,10000,1,False,True
477,1,v_p,23304,21729,10000,1,False,10000,1,False,10000,1,False,True
478,1,v_p,23556,21981,10000,1,False,10000,1,False,10000,1,False,True
479,1,v_p,23619,22044,10000,1,False,10000,1,False,10000,1,False,True
480,1,v_p,23675,22100,11110,1,False,11110,1,False,11110,1,False,True
481,1,v_p,23682,22107,11110,1,False,11110,1,False,11110,1,False,True
482,1,v_p,23684,22109,11110,1,False,11110,1,False,11110,1,False,True
483,1,v_p,23747,22172,11110,1,False,11110,1,False,11110,1,False,True
484,1,v_p,23810,22235,11110,1,False,11110,1,False,11110,1,False,True
485,1,v_p,23873,22298,11110,1,False,11110,1,False,11110,1,False,True
486,1,v_p,23936,22361,11110,1,False,11110,1,False,11110,1,False,True
487,1,v_p,23990,22415,11110,1,False,11110,1,False,11110,1,False,True
488,1,v_p,23997,22422,11110,1,False,11110,1,False,11110,1,False,True
489,1,v_p,23999,22424,11110,1,False,11110,1,False,11110,1,False,True
490,1,v_p,24062,22487,11110,1,False,11110,1,False,11110,1,False,True
491,1,v_p,24125,22550,11110,1,False,11110,1,False,11110,1,False,True
492,1,v_p,24188,22613,11110,1,False,11110,1,False,11110,1,False,True
493,1,v_p,24251,22676,11110,1,False,11110,1,False,11110,1,False,True
494,1,v_p,24305,22730,11110,1,False,11110,1,False,11110,1,False,True
495,1,v_p,24312,22737,11110,1,False,11110,1,False,11110,1,False,True
496,1,v_p,24314,22739,11110,1,False,11110,1,False,11110,1,False,True
497,1,v_p,24377,22802,11110,1,False,11110,1,False,11110,1,False,True
498,1,v_p,24440,22865,11110,1,False,11110,1,False,11110,1,False,True
499,1,v_p,24503,22928,11110,1,False,11110,1,False,11110,1,False,True
500,1,v_p,24566,22991,11110,1,False,11110,1,False,11110,1,False,True
501,1,v_p,24620,23045,11110,1,False,11110,1,False,11110,1,False,True
502,1,v_p,24627,23052,11110,1,False,11110,1,False,11110,1,False,True
503,1,v_p,24629,23054,11110,1,False,11110,1,False,11110,1,False,True
504,1,v_p,24692,23117,11110,1,False,11110,1,False,11110,1,False,True
505,1,v_p,24755,23180,11110,1,False,11110,1,False,11110,1,False,True
506,1,v_p,24818,23243,11110,1,False,11110,1,False,11110,1,False,True
507,1,v_p,24881,23306,11110,1,False,11110,1,False,11110,1,False,True
508,1,v_p,24935,23360,11110,1,False,11110,1,False,11110,1,False,True
509,1,v_p,24942,23367,11110,1,False,11110,1,False,11110,1,False,True
510,1,v_p,24944,23369,11110,1,False,11110,1,False,11110,1,False,True
511,1,v_p,25007,23432,11110,1,False,11110,1,False,11110,1,False,True
512,1,v_p,25070,23495,11110,1,False,11110,1,False,11110,1,False,True
513,1,v_p,25133,23558,11110,1,False,11110,1,False,11110,1,False,True
514,1,v_p,25196,23621,11110,1,False,11110,1,False,11110,1,False,True
515,1,v_p,25446,27021,11110,1,False,11110,1,False,11110,1,False,True
516,1,v_p,25509,27084,11110,1,False,11110,1,False,11110,1,False,True
517,1,v_p,25761,27336,11110,1,False,11110,1,False,11110,1,False,True
518,1,v_p,25824,27399,11110,1,False,11110,1,False,11110,1,False,True
519,1,v_p,26076,27651,11110,1,False,11110,1,False,11110,1,False,True
520,1,v_p,26139,27714,11110,1,False,11110,1,False,11110,1,False,True
521,1,v_p,26825,28400,10000,1,False,10000,1,False,10000,1,False,True
522,1,v_p,26832,28407,10000,1,False,10000,1,False,10000,1,False,True
523,1,v_p,26834,28409,10000,1,False,10000,1,False,10000,1,False,True
524,1,v_p,26897,28472,10000,1,False,10000,1,False,10000,1,False,True
525,1,v_p,26960,28535,10000,1,False,10000,1,False,10000,1,False,True
526,1,v_p,27023,28598,10000,1,False,10000,1,False,10000,1,False,True
527,1,v_p,27086,28661,10000,1,False,10000,1,False,10000,1,False,True
528,1,v_p,27140,28715,10000,1,False,10000,1,False,10000,1,False,True
529,1,v_p,27147,28722,10000,1,False,10000,1,False,10000,1,False,True
530,1,v_p,27149,28724,10000,1,False,10000,1,False,10000,1,False,True
531,1,v_p,27212,28787,10000,1,False,10000,1,False,10000,1,False,True
532,1,v_p,27275,28850,10000,1,False,10000,1,False,10000,1,False,True
533,1,v_p,27338,28913,10000,1,False,10000,1,False,10000,1,False,True
534,1,v_p,27401,28976,10000,1,False,10000,1,False,10000,1,False,True
535,1,v_p,27455,29030,10000,1,False,10000,1,False,10000,1,False,True
536,1,v_p,27462,29037,10000,1,False,10000,1,False,10000,1,False,True
537,1,v_p,27464,29039,10000,1,False,10000,1,False,10000,1,False,True
538,1,v_p,27527,29102,10000,1,False,10000,1,False,10000,1,False,True
539,1,v_p,27590,29165,10000,1,False,10000,1,False,10000,1,False,True
540,1,v_p,27653,29228,10000,1,False,10000,1,False,10000,1,False,True
541,1,v_p,27716,29291,10000,1,False,10000,1,False,10000,1,False,True
542,1,v_p,29541,31116,11110,1,False,11110,1,False,11110,1,False,True
543,1,v_p,29604,31179,11110,1,False,11110,1,False,11110,1,False,True
544,1,v_p,29856,31431,11110,1,False,11110,1,False,11110,1,False,True
545,1,v_p,29919,31494,11110,1,False,11110,1,False,11110,1,False,True
546,1,v_p,30920,32495,10000,1,False,10000,1,False,10000,1,False,True
547,1,v_p,30927,32502,10000,1,False,10000,1,False,10000,1,False,True
548,1,v_p,30929,32504,10000,1,False,10000,1,False,10000,1,False,True
549,1,v_p,30992,32567,10000,1,False,10000,1,False,10000,1,False,True
550,1,v_p,31055,32630,10000,1,False,10000,1,False,10000,1,False,True
551,1,v_p,31118,32693,10000,1,False,10000,1,False,10000,1,False,True
552,1,v_p,31181,32756,10000,1,False,10000,1,False,10000,1,False,True
553,1,v_p,31235,32810,10000,1,False,10000,1,False,10000,1,False,True
554,1,v_p,31242,32817,10000,1,False,10000,1,False,10000,1,False,True
555,1,v_p,31244,32819,10000,1,False,10000,1,False,10000,1,False,True
556,1,v_p,31307,32882,10000,1,False,10000,1,False,10000,1,False,True
557,1,v_p,31370,32945,10000,1,False,10000,1,False,10000,1,False,True
558,1,v_p,31433,33008,10000,1,False,10000,1,False,10000,1,False,True
559,1,v_p,31496,33071,10000,1,False,10000,1,False,10000,1,False,True
560,1,v_p,42771,41196,10000,1,False,10000,1,False,10000,1,False,True
561,1,v_p,42834,41259,10000,1,False,10000,1,False,10000,1,False,True
562,1,v_p,43086,41511,10000,1,False,10000,1,False,10000,1,False,True
563,1,v_p,43149,41574,10000,1,False,10000,1,False,10000,1,False,True
564,1,v_p,43401,41826,10000,1,False,10000,1,False,10000,1,False,True
565,1,v_p,43464,41889,10000,1,False,10000,1,False,10000,1,False,True
566,1,v_p,43716,42141,10000,1,False,10000,1,False,10000,1,False,True
567,1,v_p,43779,42204,10000,1,False,10000,1,False,10000,1,False,True
568,1,v_p,44031,42456,10000,1,False,10000,1,False,10000,1,False,True
569,1,v_p,44094,42519,10000,1,False,10000,1,False,10000,1,False,True
570,1,v_p,44150,42575,11110,1,False,11110,1,False,11110,1,False,True
571,1,v_p,44157,42582,11110,1,False,11110,1,False,11110,1,False,True
572,1,v_p,44159,42584,11110,1,False,11110,1,False,11110,1,False,True
573,1,v_p,44222,42647,11110,1,False,11110,1,False,11110,1,False,True
574,1,v_p,44285,42710,11110,1,False,11110,1,False,11110,1,False,True
575,1,v_p,44348,42773,11110,1,False,11110,1,False,11110,1,False,True
576,1,v_p,44411,42836,11110,1,False,11110,1,False,11110,1,False,True
577,1,v_p,44465,42890,11110,1,False,11110,1,False,11110,1,False,True
578,1,v_p,44472,42897,11110,1,False,11110,1,False,11110,1,False,True
579,1,v_p,44474,42899,11110,1,False,11110,1,False,11110,1,False,True
580,1,v_p,44537,42962,11110,1,False,11110,1,False,11110,1,False,True
581,1,v_p,44600,43025,11110,1,False,11110,1,False,11110,1,False,True
582,1,v_p,44663,43088,11110,1,False,11110,1,False,11110,1,False,True
583,1,v_p,44726,43151,11110,1,False,11110,1,False,11110,1,False,True
584,1,v_p,44780,43205,11110,1,False,11110,1,False,11110,1,False,True
585,1,v_p,44787,43212,11110,1,False,11110,1,False,11110,1,False,True
586,1,v_p,44789,43214,11110,1,False,11110,1,False,11110,1,False,True
587,1,v_p,44852,43277,11110,1,False,11110,1,False,11110,1,False,True
588,1,v_p,44915,43340,11110,1,False,11110,1,False,11110,1,False,True
589,1,v_p,44978,43403,11110,1,False,11110,1,False,11110,1,False,True
590,1,v_p,45041,43466,11110,1,False,11110,1,False,11110,1,False,True
591,1,v_p,45095,43520,11110,1,False,11110,1,False,11110,1,False,True
592,1,v_p,45102,43527,11110,1,False,11110,1,False,11110,1,False,True
593,1,v_p,45104,43529,11110,1,False,11110,1,False,11110,1,False,True
594,1,v_p,45167,43592,11110,1,False,11110,1,False,11110,1,False,True
595,1,v_p,45230,43655,11110,1,False,11110,1,False,11110,1,False,True
596,1,v_p,45293,43718,11110,1,False,11110,1,False,11110,1,False,True
597,1,v_p,45356,43781,11110,1,False,11110,1,False,11110,1,False,True
598,1,v_p,45410,43835,11110,1,False,11110,1,False,11110,1,False,True
599,1,v_p,45417,43842,11110,1,False,11110,1,False,11110,1,False,True
600,1,v_p,45419,43844,11110,1,False,11110,1,False,11110,1,False,True
601,1,v_p,45482,43907,11110,1,False,11110,1,False,11110,1,False,True
602,1,v_p,45545,43970,11110,1,False,11110,1,False,11110,1,False,True
603,1,v_p,45608,44033,11110,1,False,11110,1,False,11110,1,False,True
604,1,v_p,45671,44096,11110,1,False,11110,1,False,11110,1,False,True
605,1,v_p,49071,50646,11110,1,False,11110,1,False,11110,1,False,True
606,1,v_p,49134,50709,11110,1,False,11110,1,False,11110,1,False,True
607,1,v_p,49386,50961,11110,1,False,11110,1,False,11110,1,False,True
608,1,v_p,49449,51024,11110,1,False,11110,1,False,11110,1,False,True
609,1,v_p,49701,51276,11110,1,False,11110,1,False,11110,1,False,True
610,1,v_p,49764,51339,11110,1,False,11110,1,False,11110,1,False,True
611,1,v_p,50450,52025,10000,1,False,10000,1,False,10000,1,False,True
612,1,v_p,50457,52032,10000,1,False,10000,1,False,10000,1,False,True
613,1,v_p,50459,52034,10000,1,False,10000,1,False,10000,1,False,True
614,1,v_p,50522,52097,10000,1,False,10000,1,False,10000,1,False,True
615,1,v_p,50585,52160,10000,1,False,10000,1,False,10000,1,False,True
616,1,v_p,50648,52223,10000,1,False,10000,1,False,10000,1,False,True
617,1,v_p,50711,52286,10000,1,False,10000,1,False,10000,1,False,True
618,1,v_p,50765,52340,10000,1,False,10000,1,False,10000,1,False,True
619,1,v_p,50772,52347,10000,1,False,10000,1,False,10000,1,False,True
620,1,v_p,50774,52349,10000,1,False,10000,1,False,10000,1,False,True
621,1,v_p,50837,52412,10000,1,False,10000,1,False,10000,1,False,True
622,1,v_p,50900,52475,10000,1,False,10000,1,False,10000,1,False,True
623,1,v_p,50963,52538,10000,1,False,10000,1,False,10000,1,False,True
624,1,v_p,51026,52601,10000,1,False,10000,1,False,10000,1,False,True
625,1,v_p,51080,52655,10000,1,False,10000,1,False,10000,1,False,True
626,1,v_p,51087,52662,10000,1,False,10000,1,False,10000,1,False,True
627,1,v_p,51089,52664,10000,1,False,10000,1,False,10000,1,False,True
628,1,v_p,51152,52727,10000,1,False,10000,1,False,10000,1,False,True
629,1,v_p,51215,52790,10000,1,False,10000,1,False,10000,1,False,True
630,1,v_p,51278,52853,10000,1,False,10000,1,False,10000,1,False,True
631,1,v_p,51341,52916,10000,1,False,10000,1,False,10000,1,False,True
632,1,v_p,53166,54741,11110,1,False,11110,1,False,11110,1,False,True
633,1,v_p,53229,54804,11110,1,False,11110,1,False,11110,1,False,True
634,1,v_p,53481,55056,11110,1,False,11110,1,False,11110,1,False,True
635,1,v_p,53544,55119,11110,1,False,11110,1,False,11110,1,False,True
636,1,v_p,56120,57695,10000,1,False,10000,1,False,10000,1,False,True
637,1,v_p,56127,57702,10000,1,False,10000,1,False,10000,1,False,True
638,1,v_p,56129,57704,10000,1,False,10000,1,False,10000,1,False,True
639,1,v_p,56192,57767,10000,1,False,10000,1,False,10000,1,False,True
640,1,v_p,56255,57830,10000,1,False,10000,1,False,10000,1,False,True
641,1,v_p,56318,57893,10000,1,False,10000,1,False,10000,1,False,True
642,1,v_p,56381,57956,10000,1,False,10000,1,False,10000,1,False,True
643,1,v_p,56435,58010,10000,1,False,10000,1,False,10000,1,False,True
644,1,v_p,56442,58017,10000,1,False,10000,1,False,10000,1,False,True
645,1,v_p,56444,58019,10000,1,False,10000,1,False,10000,1,False,True
646,1,v_p,56507,58082,10000,1,False,10000,1,False,10000,1,False,True
647,1,v_p,56570,58145,10000,1,False,10000,1,False,10000,1,False,True
648,1,v_p,56633,58208,10000,1,False,10000,1,False,10000,1,False,True
649,1,v_p,56696,58271,10000,1,False,10000,1,False,10000,1,False,True
650,1,v_p,63246,61671,10000,1,False,10000,1,False,10000,1,False,True
651,1,v_p,63309,61734,10000,1,False,10000,1,False,10000,1,False,True
652,1,v_p,63561,61986,10000,1,False,10000,1,False,10000,1,False,True
653,1,v_p,63624,62049,10000,1,False,10000,1,False,10000,1,False,True
654,1,v_p,63876,62301,10000,1,False,10000,1,False,10000,1,False,True
655,1,v_p,63939,62364,10000,1,False,10000,1,False,10000,1,False,True
656,1,v_p,64191,62616,10000,1,False,10000,1,False,10000,1,False,True
657,1,v_p,64254,62679,10000,1,False,10000,1,False,10000,1,False,True
658,1,v_p,64506,62931,10000,1,False,10000,1,False,10000,1,False,True
659,1,v_p,64569,62994,10000,1,False,10000,1,False,10000,1,False,True
660,1,v_p,64625,63050,11110,1,False,11110,1,False,11110,1,False,True
661,1,v_p,64632,63057,11110,1,False,11110,1,False,11110,1,False,True
662,1,v_p,64634,63059,11110,1,False,11110,1,False,11110,1,False,True
663,1,v_p,64697,63122,11110,1,False,11110,1,False,11110,1,False,True
664,1,v_p,64760,63185,11110,1,False,11110,1,False,11110,1,False,True
665,1,v_p,64823,63248,11110,1,False,11110,1,False,11110,1,False,True
666,1,v_p,64886,63311,11110,1,False,11110,1,False,11110,1,False,True
667,1,v_p,64940,63365,11110,1,False,11110,1,False,11110,1,False,True
668,1,v_p,64947,63372,11110,1,False,11110,1,False,11110,1,False,True
669,1,v_p,64949,63374,11110,1,False,11110,1,False,11110,1,False,True
670,1,v_p,65012,63437,11110,1,False,11110,1,False,11110,1,False,True
671,1,v_p,65075,63500,11110,1,False,11110,1,False,11110,1,False,True
672,1,v_p,65138,63563,11110,1,False,11110,1,False,11110,1,False,True
673,1,v_p,65201,63626,11110,1,False,11110,1,False,11110,1,False,True
674,1,v_p,65255,63680,11110,1,False,11110,1,False,11110,1,False,True
675,1,v_p,65262,63687,11110,1,False,11110,1,False,11110,1,False,True
676,1,v_p,65264,63689,11110,1,False,11110,1,False,11110,1,False,True
677,1,v_p,65327,63752,11110,1,False,11110,1,False,11110,1,False,True
678,1,v_p,65390,63815,11110,1,False,11110,1,False,11110,1,False,True
679,1,v_p,65453,63878,11110,1,False,11110,1,False,11110,1,False,True
680,1,v_p,65516,63941,11110,1,False,11110,1,False,11110,1,False,True
681,1,v_p,65570,63995,11110,1,False,11110,1,False,11110,1,False,True
682,1,v_p,65577,64002,11110,1,False,11110,1,False,11110,1,False,True
683,1,v_p,65579,64004,11110,1,False,11110,1,False,11110,1,False,True
684,1,v_p,65642,64067,11110,1,False,11110,1,False,11110,1,False,True
685,1,v_p,65705,64130,11110,1,False,11110,1,False,11110,1,False,True
686,1,v_p,65768,64193,11110,1,False,11110,1,False,11110,1,False,True
687,1,v_p,65831,64256,11110,1,False,11110,1,False,11110,1,False,True
688,1,v_p,65885,64310,11110,1,False,11110,1,False,11110,1,False,True
689,1,v_p,65892,64317,11110,1,False,11110,1,False,11110,1,False,True
690,1,v_p,65894,64319,11110,1,False,11110,1,False,11110,1,False,True
691,1,v_p,65957,64382,11110,1,False,11110,1,False,11110,1,False,True
692,1,v_p,66020,64445,11110,1,False,11110,1,False,11110,1,False,True
693,1,v_p,66083,64508,11110,1,False,11110,1,False,11110,1,False,True
694,1,v_p,66146,64571,11110,1,False,11110,1,False,11110,1,False,True
695,1,v_p,72696,74271,11110,1,False,11110,1,False,11110,1,False,True
696,1,v_p,72759,74334,11110,1,False,11110,1,False,11110,1,False,True
697,1,v_p,73011,74586,11110,1,False,11110,1,False,11110,1,False,True
698,1,v_p,73074,74649,11110,1,False,11110,1,False,11110,1,False,True
699,1,v_p,73326,74901,11110,1,False,11110,1,False,11110,1,False,True
700,1,v_p,73389,74964,11110,1,False,11110,1,False,11110,1,False,True
701,1,v_p,75650,77225,10000,1,False,10000,1,False,10000,1,False,True
702,1,v_p,75657,77232,10000,1,False,10000,1,False,10000,1,False,True
703,1,v_p,75659,77234,10000,1,False,10000,1,False,10000,1,False,True
704,1,v_p,75722,77297,10000,1,False,10000,1,False,10000,1,False,True
705,1,v_p,75785,77360,10000,1,False,10000,1,False,10000,1,False,True
706,1,v_p,75848,77423,10000,1,False,10000,1,False,10000,1,False,True
707,1,v_p,75911,77486,10000,1,False,10000,1,False,10000,1,False,True
708,1,v_p,75965,77540,10000,1,False,10000,1,False,10000,1,False,True
709,1,v_p,75972,77547,10000,1,False,10000,1,False,10000,1,False,True
710,1,v_p,75974,77549,10000,1,False,10000,1,False,10000,1,False,True
711,1,v_p,76037,77612,10000,1,False,10000,1,False,10000,1,False,True
712,1,v_p,76100,77675,10000,1,False,10000,1,False,10000,1,False,True
713,1,v_p,76163,77738,10000,1,False,10000,1,False,10000,1,False,True
714,1,v_p,76226,77801,10000,1,False,10000,1,False,10000,1,False,True
715,1,v_p,76280,77855,10000,1,False,10000,1,False,10000,1,False,True
716,1,v_p,76287,77862,10000,1,False,10000,1,False,10000,1,False,True
717,1,v_p,76289,77864,10000,1,False,10000,1,False,10000,1,False,True
718,1,v_p,76352,77927,10000,1,False,10000,1,False,10000,1,False,True
719,1,v_p,76415,77990,10000,1,False,10000,1,False,10000,1,False,True
720,1,v_p,76478,78053,10000,1,False,10000,1,False,10000,1,False,True
721,1,v_p,76541,78116,10000,1,False,10000,1,False,10000,1,False,True
722,1,v_p,78366,79941,11110,1,False,11110,1,False,11110,1,False,True
723,1,v_p,78429,80004,11110,1,False,11110,1,False,11110,1,False,True
724,1,v_p,78681,80256,11110,1,False,11110,1,False,11110,1,False,True
725,1,v_p,78744,80319,11110,1,False,11110,1,False,11110,1,False,True
726,1,v_p,79745,81320,10000,1,False,10000,1,False,10000,1,False,True
727,1,v_p,79752,81327,10000,1,False,10000,1,False,10000,1,False,True
728,1,v_p,79754,81329,10000,1,False,10000,1,False,10000,1,False,True
729,1,v_p,79817,81392,10000,1,False,10000,1,False,10000,1,False,True
730,1,v_p,79880,81455,10000,1,False,10000,1,False,10000,1,False,True
731,1,v_p,79943,81518,10000,1,False,10000,1,False,10000,1,False,True
732,1,v_p,80006,81581,10000,1,False,10000,1,False,10000,1,False,True
733,1,v_p,80060,81635,10000,1,False,10000,1,False,10000,1,False,True
734,1,v_p,80067,81642,10000,1,False,10000,1,False,10000,1,False,True
735,1,v_p,80069,81644,10000,1,False,10000,1,False,10000,1,False,True
736,1,v_p,80132,81707,10000,1,False,10000,1,False,10000,1,False,True
737,1,v_p,80195,81770,10000,1,False,10000,1,False,10000,1,False,True
738,1,v_p,80258,81833,10000,1,False,10000,1,False,10000,1,False,True
739,1,v_p,80321,81896,10000,1,False,10000,1,False,10000,1,False,True
740,1,v_p,83721,82146,10000,1,False,10000,1,False,10000,1,False,True
741,1,v_p,83784,82209,10000,1,False,10000,1,False,10000,1,False,True
742,1,v_p,84036,82461,10000,1,False,10000,1,False,10000,1,False,True
743,1,v_p,84099,82524,10000,1,False,10000,1,False,10000,1,False,True
744,1,v_p,84351,82776,10000,1,False,10000,1,False,10000,1,False,True
745,1,v_p,84414,82839,10000,1,False,10000,1,False,10000,1,False,True
746,1,v_p,84666,83091,10000,1,False,10000,1,False,10000,1,False,True
747,1,v_p,84729,83154,10000,1,False,10000,1,False,10000,1,False,True
748,1,v_p,84981,83406,10000,1,False,10000,1,False,10000,1,False,True
749,1,v_p,85044,83469,10000,1,False,10000,1,False,10000,1,False,True
750,1,v_p,85100,83525,11110,1,False,11110,1,False,11110,1,False,True
751,1,v_p,85107,83532,11110,1,False,11110,1,False,11110,1,False,True
752,1,v_p,85109,83534,11110,1,False,11110,1,False,11110,1,False,True
753,1,v_p,85172,83597,11110,1,False,11110,1,False,11110,1,False,True
754,1,v_p,85235,83660,11110,1,False,11110,1,False,11110,1,False,True
755,1,v_p,85298,83723,11110,1,False,11110,1,False,11110,1,False,True
756,1,v_p,85361,83786,11110,1,False,11110,1,False,11110,1,False,True
757,1,v_p,85415,83840,11110,1,False,11110,1,False,11110,1,False,True
758,1,v_p,85422,83847,11110,1,False,11110,1,False,11110,1,False,True
759,1,v_p,85424,83849,11110,1,False,11110,1,False,11110,1,False,True
760,1,v_p,85487,83912,11110,1,False,11110,1,False,11110,1,False,True
761,1,v_p,85550,83975,11110,1,False,11110,1,False,11110,1,False,True
762,1,v_p,85613,84038,11110,1,False,11110,1,False,11110,1,False,True
763,1,v_p,85676,84101,11110,1,False,11110,1,False,11110,1,False,True
764,1,v_p,85730,84155,11110,1,False,11110,1,False,11110,1,False,True
765,1,v_p,85737,84162,11110,1,False,11110,1,False,11110,1,False,True
766,1,v_p,85739,84164,11110,1,False,11110,1,False,11110,1,False,True
767,1,v_p,85802,84227,11110,1,False,11110,1,False,11110,1,False,True
768,1,v_p,85865,84290,11110,1,False,11110,1,False,11110,1,False,True
769,1,v_p,85928,84353,11110,1,False,11110,1,False,11110,1,False,True
770,1,v_p,85991,84416,11110,1,False,11110,1,False,11110,1,False,True
771,1,v_p,86045,84470,11110,1,False,11110,1,False,11110,1,False,True
772,1,v_p,86052,84477,11110,1,False,11110,1,False,11110,1,False,True
773,1,v_p,86054,84479,11110,1,False,11110,1,False,11110,1,False,True
774,1,v_p,86117,84542,11110,1,False,11110,1,False,11110,1,False,True
775,1,v_p,86180,84605,11110,1,False,11110,1,False,11110,1,False,True
776,1,v_p,86243,84668,11110,1,False,11110,1,False,11110,1,False,True
777,1,v_p,86306,84731,11110,1,False,11110,1,False,11110,1,False,True
778,1,v_p,86360,84785,11110,1,False,11110,1,False,11110,1,False,True
779,1,v_p,86367,84792,11110,1,False,11110,1,False,11110,1,False,True
780,1,v_p,86369,84794,11110,1,False,11110,1,False,11110,1,False,True
781,1,v_p,86432,84857,11110,1,False,11110,1,False,11110,1,False,True
782,1,v_p,86495,84920,11110,1,False,11110,1,False,11110,1,False,True
783,1,v_p,86558,84983,11110,1,False,11110,1,False,11110,1,False,True
784,1,v_p,86621,85046,11110,1,False,11110,1,False,11110,1,False,True
785,1,v_p,97896,99471,11110,1,False,11110,1,False,11110,1,False,True
786,1,v_p,97959,99534,11110,1,False,11110,1,False,11110,1,False,True
787,1,v_p,98211,99786,11110,1,False,11110,1,False,11110,1,False,True
788,1,v_p,98274,99849,11110,1,False,11110,1,False,11110,1,False,True
789,1,v_p,98526,100101,11110,1,False,11110,1,False,11110,1,False,True
790,1,v_p,98589,100164,11110,1,False,11110,1,False,11110,1,False,True
791,1,v_p,99275,100850,10000,1,False,10000,1,False,10000,1,False,True
792,1,v_p,99282,100857,10000,1,False,10000,1,False,10000,1,False,True
793,1,v_p,99284,100859,10000,1,False,10000,1,False,10000,1,False,True
794,1,v_p,99347,100922,10000,1,False,10000,1,False,10000,1,False,True
795,1,v_p,99410,100985,10000,1,False,10000,1,False,10000,1,False,True
796,1,v_p,99473,101048,10000,1,False,10000,1,False,10000,1,False,True
797,1,v_p,99536,101111,10000,1,False,10000,1,False,10000,1,False,True
798,1,v_p,99590,101165,10000,1,False,10000,1,False,10000,1,False,True
799,1,v_p,99597,101172,10000,1,False,10000,1,False,10000,1,False,True
800,1,v_p,99599,101174,10000,1,False,10000,1,False,10000,1,False,True
801,1,v_p,99662,101237,10000,1,False,10000,1,False,10000,1,False,True
802,1,v_p,99725,101300,10000,1,False,10000,1,False,10000,1,False,True
803,1,v_p,99788,101363,10000,1,False,10000,1,False,10000,1,False,True
804,1,v_p,99851,101426,10000,1,False,10000,1,False,10000,1,False,True
805,1,v_p,99905,101480,10000,1,False,10000,1,False,10000,1,False,True
806,1,v_p,99912,101487,10000,1,False,10000,1,False,10000,1,False,True
807,1,v_p,99914,101489,10000,1,False,10000,1,False,10000,1,False,True
808,1,v_p,99977,101552,10000,1,False,10000,1,False,10000,1,False,True
809,1,v_p,100040,101615,10000,1,False,10000,1,False,10000,1,False,True
810,1,v_p,100103,101678,10000,1,False,10000,1,False,10000,1,False,True
811,1,v_p,100166,101741,10000,1,False,10000,1,False,10000,1,False,True
812,1,v_p,104196,102621,10000,1,False,10000,1,False,10000,1,False,True
813,1,v_p,104259,102684,10000,1,False,10000,1,False,10000,1,False,True
814,1,v_p,104511,102936,10000,1,False,10000,1,False,10000,1,False,True
815,1,v_p,104574,102999,10000,1,False,10000,1,False,10000,1,False,True
816,1,v_p,104826,103251,10000,1,False,10000,1,False,10000,1,False,True
817,1,v_p,104889,103314,10000,1,False,10000,1,False,10000,1,False,True
818,1,v_p,105141,103566,10000,1,False,10000,1,False,10000,1,False,True
819,1,v_p,105204,103629,10000,1,False,10000,1,False,10000,1,False,True
820,1,v_p,105456,103881,10000,1,False,10000,1,False,10000,1,False,True
821,1,v_p,105519,103944,10000,1,False,10000,1,False,10000,1,False,True
822,1,v_p,105575,104000,11110,1,False,11110,1,False,11110,1,False,True
823,1,v_p,105582,104007,11110,1,False,11110,1,False,11110,1,False,True
824,1,v_p,105584,104009,11110,1,False,11110,1,False,11110,1,False,True
825,1,v_p,105647,104072,11110,1,False,11110,1,False,11110,1,False,True
826,1,v_p,105710,104135,11110,1,False,11110,1,False,11110,1,False,True
827,1,v_p,105773,104198,11110,1,False,11110,1,False,11110,1,False,True
828,1,v_p,105836,104261,11110,1,False,11110,1,False,11110,1,False,True
829,1,v_p,105890,104315,11110,1,False,11110,1,False,11110,1,False,True
830,1,v_p,105897,104322,11110,1,False,11110,1,False,11110,1,False,True
831,1,v_p,105899,104324,11110,1,False,11110,1,False,11110,1,False,True
832,1,v_p,105962,104387,11110,1,False,11110,1,False,11110,1,False,True
833,1,v_p,106025,104450,11110,1,False,11110,1,False,11110,1,False,True
834,1,v_p,106088,104513,11110,1,False,11110,1,False,11110,1,False,True
835,1,v_p,106151,104576,11110,1,False,11110,1,False,11110,1,False,True
836,1,v_p,106205,104630,11110,1,False,11110,1,False,11110,1,False,True
837,1,v_p,106212,104637,11110,1,False,11110,1,False,11110,1,False,True
838,1,v_p,106214,104639,11110,1,False,11110,1,False,11110,1,False,True
839,1,v_p,106277,104702,11110,1,False,11110,1,False,11110,1,False,True
840,1,v_p,106340,104765,11110,1,False,11110,1,False,11110,1,False,True
841,1,v_p,106403,104828,11110,1,False,11110,1,False,11110,1,False,True
842,1,v_p,106466,104891,11110,1,False,11110,1,False,11110,1,False,True
843,1,v_p,106520,104945,11110,1,False,11110,1,False,11110,1,False,True
844,1,v_p,106527,104952,11110,1,False,11110,1,False,11110,1,False,True
845,1,v_p,106529,104954,11110,1,False,11110,1,False,11110,1,False,True
846,1,v_p,106592,105017,11110,1,False,11110,1,False,11110,1,False,True
847,1,v_p,106655,105080,11110,1,False,11110,1,False,11110,1,False,True
848,1,v_p,106718,105143,11110,1,False,11110,1,False,11110,1,False,True
849,1,v_p,106781,105206,11110,1,False,11110,1,False,11110,1,False,True
850,1,v_p,106835,105260,11110,1,False,11110,1,False,11110,1,False,True
851,1,v_p,106842,105267,11110,1,False,11110,1,False,11110,1,False,True
852,1,v_p,106844,105269,11110,1,False,11110,1,False,11110,1,False,True
853,1,v_p,106907,105332,11110,1,False,11110,1,False,11110,1,False,True
854,1,v_p,106970,105395,11110,1,False,11110,1,False,11110,1,False,True
855,1,v_p,107033,105458,11110,1,False,11110,1,False,11110,1,False,True
856,1,v_p,107096,105521,11110,1,False,11110,1,False,11110,1,False,True
857,1,v_p,124671,123096,10000,1,False,10000,1,False,10000,1,False,True
858,1,v_p,124734,123159,10000,1,False,10000,1,False,10000,1,False,True
859,1,v_p,124986,123411,10000,1,False,10000,1,False,10000,1,False,True
860,1,v_p,125049,123474,10000,1,False,10000,1,False,10000,1,False,True
861,1,v_p,125301,123726,10000,1,False,10000,1,False,10000,1,False,True
862,1,v_p,125364,123789,10000,1,False,10000,1,False,10000,1,False,True
863,1,v_p,125616,124041,10000,1,False,10000,1,False,10000,1,False,True
864,1,v_p,125679,124104,10000,1,False,10000,1,False,10000,1,False,True
865,1,v_p,125931,124356,10000,1,False,10000,1,False,10000,1,False,True
866,1,v_p,125994,124419,10000,1,False,10000,1,False,10000,1,False,True
867,1,v_p,126050,124475,11110,1,False,11110,1,False,11110,1,False,True
868,1,v_p,126057,124482,11110,1,False,11110,1,False,11110,1,False,True
869,1,v_p,126059,124484,11110,1,False,11110,1,False,11110,1,False,True
870,1,v_p,126122,124547,11110,1,False,11110,1,False,11110,1,False,True
871,1,v_p,126185,124610,11110,1,False,11110,1,False,11110,1,False,True
872,1,v_p,126248,124673,11110,1,False,11110,1,False,11110,1,False,True
873,1,v_p,126311,124736,11110,1,False,11110,1,False,11110,1,False,True
874,1,v_p,126365,124790,11110,1,False,11110,1,False,11110,1,False,True
875,1,v_p,126372,124797,11110,1,False,11110,1,False,11110,1,False,True
876,1,v_p,126374,124799,11110,1,False,11110,1,False,11110,1,False,True
877,1,v_p,126437,124862,11110,1,False,11110,1,False,11110,1,False,True
878,1,v_p,126500,124925,11110,1,False,11110,1,False,11110,1,False,True
879,1,v_p,126563,124988,11110,1,False,11110,1,False,11110,1,False,True
880,1,v_p,126626,125051,11110,1,False,11110,1,False,11110,1,False,True
881,1,v_p,126680,125105,11110,1,False,11110,1,False,11110,1,False,True
882,1,v_p,126687,125112,11110,1,False,11110,1,False,11110,1,False,True
883,1,v_p,126689,125114,11110,1,False,11110,1,False,11110,1,False,True
884,1,v_p,126752,125177,11110,1,False,11110,1,False,11110,1,False,True
885,1,v_p,126815,125240,11110,1,False,11110,1,False,11110,1,False,True
886,1,v_p,126878,125303,11110,1,False,11110,1,False,11110,1,False,True
887,1,v_p,126941,125366,11110,1,False,11110,1,False,11110,1,False,True
888,1,v_p,126995,125420,11110,1,False,11110,1,False,11110,1,False,True
889,1,v_p,127002,125427,11110,1,False,11110,1,False,11110,1,False,True
890,1,v_p,127004,125429,11110,1,False,11110,1,False,11110,1,False,True
891,1,v_p,127067,125492,11110,1,False,11110,1,False,11110,1,False,True
892,1,v_p,127130,125555,11110,1,False,11110,1,False,11110,1,False,True
893,1,v_p,127193,125618,11110,1,False,11110,1,False,11110,1,False,True
894,1,v_p,127256,125681,11110,1,False,11110,1,False,11110,1,False,True
895,1,v_p,127310,125735,11110,1,False,11110,1,False,11110,1,False,True
896,1,v_p,127317,125742,11110,1,False,11110,1,False,11110,1,False,True
897,1,v_p,127319,125744,11110,1,False,11110,1,False,11110,1,False,True
898,1,v_p,127382,125807,11110,1,False,11110,1,False,11110,1,False,True
899,1,v_p,127445,125870,11110,1,False,11110,1,False,11110,1,False,True
900,1,v_p,127508,125933,11110,1,False,11110,1,False,11110,1,False,True
901,1,v_p,127571,125996,11110,1,False,11110,1,False,11110,1,False,True
902,2,a_f,27966,27651,10000,1,False,10000,1,False,10000,1,False,True
903,2,a_f,28029,27714,10000,1,False,10000,1,False,10000,1,False,True
904,2,a_f,29345,29030,10000,1,False,10000,1,False,10000,1,False,True
905,2,a_f,29352,29037,10000,1,False,10000,1,False,10000,1,False,True
906,2,a_f,29354,29039,10000,1,False,10000,1,False,10000,1,False,True
907,2,a_f,29417,29102,10000,1,False,10000,1,False,10000,1,False,True
908,2,a_f,29480,29165,10000,1,False,10000,1,False,10000,1,False,True
909,2,a_f,29541,29226,10000,1,False,10000,1,False,10000,1,False,True
910,2,a_f,29543,29228,10000,1,False,10000,1,False,10000,1,False,True
911,2,a_f,29604,29289,10000,1,False,10000,1,False,10000,1,False,True
912,2,a_f,29606,29291,10000,1,False,10000,1,False,10000,1,False,True
913,2,a_f,30920,30605,10000,1,False,10000,1,False,10000,1,False,True
914,2,a_f,30927,30612,10000,1,False,10000,1,False,10000,1,False,True
915,2,a_f,30929,30614,10000,1,False,10000,1,False,10000,1,False,True
916,2,a_f,30992,30677,10000,1,False,10000,1,False,10000,1,False,True
917,2,a_f,31055,30740,10000,1,False,10000,1,False,10000,1,False,True
918,2,a_f,31118,30803,10000,1,False,10000,1,False,10000,1,False,True
919,2,a_f,31181,30866,10000,1,False,10000,1,False,10000,1,False,True
920,2,a_f,51591,51276,10000,1,False,10000,1,False,10000,1,False,True
921,2,a_f,51654,51339,10000,1,False,10000,1,False,10000,1,False,True
922,2,a_f,52970,52655,10000,1,False,10000,1,False,10000,1,False,True
923,2,a_f,52977,52662,10000,1,False,10000,1,False,10000,1,False,True
924,2,a_f,52979,52664,10000,1,False,10000,1,False,10000,1,False,True
925,2,a_f,53042,52727,10000,1,False,10000,1,False,10000,1,False,True
926,2,a_f,53105,52790,10000,1,False,10000,1,False,10000,1,False,True
927,2,a_f,53166,52851,10000,1,False,10000,1,False,10000,1,False,True
928,2,a_f,53168,52853,10000,1,False,10000,1,False,10000,1,False,True
929,2,a_f,53229,52914,10000,1,False,10000,1,False,10000,1,False,True
930,2,a_f,53231,52916,10000,1,False,10000,1,False,10000,1,False,True
931,2,a_f,54545,54230,10000,1,False,10000,1,False,10000,1,False,True
932,2,a_f,54552,54237,10000,1,False,10000,1,False,10000,1,False,True
933,2,a_f,54554,54239,10000,1,False,10000,1,False,10000,1,False,True
934,2,a_f,54617,54302,10000,1,False,10000,1,False,10000,1,False,True
935,2,a_f,54680,54365,10000,1,False,10000,1,False,10000,1,False,True
936,2,a_f,54743,54428,10000,1,False,10000,1,False,10000,1,False,True
937,2,a_f,54806,54491,10000,1,False,10000,1,False,10000,1,False,True
938,2,a_f,56120,55805,10000,1,False,10000,1,False,10000,1,False,True
939,2,a_f,56127,55812,10000,1,False,10000,1,False,10000,1,False,True
940,2,a_f,56129,55814,10000,1,False,10000,1,False,10000,1,False,True
941,2,a_f,56192,55877,10000,1,False,10000,1,False,10000,1,False,True
942,2,a_f,56255,55940,10000,1,False,10000,1,False,10000,1,False,True
943,2,a_f,56318,56003,10000,1,False,10000,1,False,10000,1,False,True
944,2,a_f,56381,56066,10000,1,False,10000,1,False,10000,1,False,True
945,2,a_f,75216,74901,10000,1,False,10000,1,False,10000,1,False,True
946,2,a_f,75279,74964,10000,1,False,10000,1,False,10000,1,False,True
947,2,a_f,76791,76476,10000,1,False,10000,1,False,10000,1,False,True
948,2,a_f,76854,76539,10000,1,False,10000,1,False,10000,1,False,True
949,2,a_f,78170,77855,10000,1,False,10000,1,False,10000,1,False,True
950,2,a_f,78177,77862,10000,1,False,10000,1,False,10000,1,False,True
951,2,a_f,78179,77864,10000,1,False,10000,1,False,10000,1,False,True
952,2,a_f,78242,77927,10000,1,False,10000,1,False,10000,1,False,True
953,2,a_f,78305,77990,10000,1,False,10000,1,False,10000,1,False,True
954,2,a_f,78366,78051,10000,1,False,10000,1,False,10000,1,False,True
955,2,a_f,78368,78053,10000,1,False,10000,1,False,10000,1,False,True
956,2,a_f,78429,78114,10000,1,False,10000,1,False,10000,1,False,True
957,2,a_f,78431,78116,10000,1,False,10000,1,False,10000,1,False,True
958,2,a_f,79745,79430,10000,1,False,10000,1,False,10000,1,False,True
959,2,a_f,79752,79437,10000,1,False,10000,1,False,10000,1,False,True
960,2,a_f,79754,79439,10000,1,False,10000,1,False,10000,1,False,True
961,2,a_f,79817,79502,10000,1,False,10000,1,False,10000,1,False,True
962,2,a_f,79880,79565,10000,1,False,10000,1,False,10000,1,False,True
963,2,a_f,79943,79628,10000,1,False,10000,1,False,10000,1,False,True
964,2,a_f,80006,79691,10000,1,False,10000,1,False,10000,1,False,True
965,2,a_f,100416,100101,10000,1,False,10000,1,False,10000,1,False,True
966,2,a_f,100479,100164,10000,1,False,10000,1,False,10000,1,False,True
967,2,a_f,101795,101480,10000,1,False,10000,1,False,10000,1,False,True
968,2,a_f,101802,101487,10000,1,False,10000,1,False,10000,1,False,True
969,2,a_f,101804,101489,10000,1,False,10000,1,False,10000,1,False,True
970,2,a_f,101867,101552,10000,1,False,10000,1,False,10000,1,False,True
971,2,a_f,101930,101615,10000,1,False,10000,1,False,10000,1,False,True
972,2,a_f,101991,101676,10000,1,False,10000,1,False,10000,1,False,True
973,2,a_f,101993,101678,10000,1,False,10000,1,False,10000,1,False,True
974,2,a_f,102054,101739,10000,1,False,10000,1,False,10000,1,False,True
975,2,a_f,102056,101741,10000,1,False,10000,1,False,10000,1,False,True
976,3,bar_a,1821,1758,11110,1,False,11110,1,False,11110,1,False,True
977,3,bar_a,2136,2073,11110,1,False,11110,1,False,11110,1,False,True
978,3,bar_a,2451,2388,11110,1,False,11110,1,False,11110,1,False,True
979,3,bar_a,2766,2703,11110,1,False,11110,1,False,11110,1,False,True
980,3,bar_a,3081,3018,11110,1,False,11110,1,False,11110,1,False,True
981,3,bar_a,3200,3263,11110,1,False,11110,1,False,11110,1,False,True
982,3,bar_a,3207,3270,11110,1,False,11110,1,False,11110,1,False,True
983,3,bar_a,3396,3333,11110,1,False,11110,1,False,11110,1,False,True
984,3,bar_a,3515,3578,11110,1,False,11110,1,False,11110,1,False,True
985,3,bar_a,3522,3585,11110,1,False,11110,1,False,11110,1,False,True
986,3,bar_a,3711,3648,11110,1,False,11110,1,False,11110,1,False,True
987,3,bar_a,3830,3893,11110,1,False,11110,1,False,11110,1,False,True
988,3,bar_a,3837,3900,11110,1,False,11110,1,False,11110,1,False,True
989,3,bar_a,4026,3963,11110,1,False,11110,1,False,11110,1,False,True
990,3,bar_a,4145,4208,11110,1,False,11110,1,False,11110,1,False,True
991,3,bar_a,4152,4215,11110,1,False,11110,1,False,11110,1,False,True
992,3,bar_a,4341,4278,11110,1,False,11110,1,False,11110,1,False,True
993,3,bar_a,4460,4523,11110,1,False,11110,1,False,11110,1,False,True
994,3,bar_a,4467,4530,11110,1,False,11110,1,False,11110,1,False,True
995,3,bar_a,4656,4593,11110,1,False,11110,1,False,11110,1,False,True
996,3,bar_a,4775,4838,11110,1,False,11110,1,False,11110,1,False,True
997,3,bar_a,4782,4845,11110,1,False,11110,1,False,11110,1,False,True
998,3,bar_a,5090,5153,11110,1,False,11110,1,False,11110,1,False,True
999,3,bar_a,5097,5160,11110,1,False,11110,1,False,11110,1,False,True
1000,3,bar_a,5405,5468,11110,1,False,11110,1,False,11110,1,False,True
1001,3,bar_a,5412,5475,11110,1,False,11110,1,False,11110,1,False,True
1002,3,bar_a,5720,5783,11110,1,False,11110,1,False,11110,1,False,True
1003,3,bar_a,5727,5790,11110,1,False,11110,1,False,11110,1,False,True
1004,3,bar_a,6035,6098,11110,1,False,11110,1,False,11110,1,False,True
1005,3,bar_a,6042,6105,11110,1,False,11110,1,False,11110,1,False,True
1006,3,bar_a,6350,6413,11110,1,False,11110,1,False,11110,1,False,True
1007,3,bar_a,6357,6420,11110,1,False,11110,1,False,11110,1,False,True
1008,3,bar_a,6665,6728,11110,1,False,11110,1,False,11110,1,False,True
1009,3,bar_a,6672,6735,11110,1,False,11110,1,False,11110,1,False,True
1010,3,bar_a,6980,7043,11110,1,False,11110,1,False,11110,1,False,True
1011,3,bar_a,6987,7050,11110,1,False,11110,1,False,11110,1,False,True
1012,3,bar_a,7295,7358,11110,1,False,11110,1,False,11110,1,False,True
1013,3,bar_a,7302,7365,11110,1,False,11110,1,False,11110,1,False,True
1014,3,bar_a,7610,7673,11110,1,False,11110,1,False,11110,1,False,True
1015,3,bar_a,7617,7680,11110,1,False,11110,1,False,11110,1,False,True
1016,3,bar_a,22296,22233,11110,1,False,11110,1,False,11110,1,False,True
1017,3,bar_a,22611,22548,11110,1,False,11110,1,False,11110,1,False,True
1018,3,bar_a,22926,22863,11110,1,False,11110,1,False,11110,1,False,True
1019,3,bar_a,23241,23178,11110,1,False,11110,1,False,11110,1,False,True
1020,3,bar_a,23556,23493,11110,1,False,11110,1,False,11110,1,False,True
1021,3,bar_a,23675,23738,11110,1,False,11110,1,False,11110,1,False,True
1022,3,bar_a,23682,23745,11110,1,False,11110,1,False,11110,1,False,True
1023,3,bar_a,23871,23808,11110,1,False,11110,1,False,11110,1,False,True
1024,3,bar_a,23990,24053,11110,1,False,11110,1,False,11110,1,False,True
1025,3,bar_a,23997,24060,11110,1,False,11110,1,False,11110,1,False,True
1026,3,bar_a,24186,24123,11110,1,False,11110,1,False,11110,1,False,True
1027,3,bar_a,24305,24368,11110,1,False,11110,1,False,11110,1,False,True
1028,3,bar_a,24312,24375,11110,1,False,11110,1,False,11110,1,False,True
1029,3,bar_a,24501,24438,11110,1,False,11110,1,False,11110,1,False,True
1030,3,bar_a,24620,24683,11110,1,False,11110,1,False,11110,1,False,True
1031,3,bar_a,24627,24690,11110,1,False,11110,1,False,11110,1,False,True
1032,3,bar_a,24816,24753,11110,1,False,11110,1,False,11110,1,False,True
1033,3,bar_a,24935,24998,11110,1,False,11110,1,False,11110,1,False,True
1034,3,bar_a,24942,25005,11110,1,False,11110,1,False,11110,1,False,True
1035,3,bar_a,25131,25068,11110,1,False,11110,1,False,11110,1,False,True
1036,3,bar_a,25250,25313,11110,1,False,11110,1,False,11110,1,False,True
1037,3,bar_a,25257,25320,11110,1,False,11110,1,False,11110,1,False,True
1038,3,bar_a,25446,25383,11110,1,False,11110,1,False,11110,1,False,True
1039,3,bar_a,25565,25628,11110,1,False,11110,1,False,11110,1,False,True
1040,3,bar_a,25572,25635,11110,1,False,11110,1,False,11110,1,False,True
1041,3,bar_a,25761,25698,11110,1,False,11110,1,False,11110,1,False,True
1042,3,bar_a,25880,25943,11110,1,False,11110,1,False,11110,1,False,True
1043,3,bar_a,25887,25950,11110,1,False,11110,1,False,11110,1,False,True
1044,3,bar_a,26076,26013,11110,1,False,11110,1,False,11110,1,False,True
1045,3,bar_a,26195,26258,11110,1,False,11110,1,False,11110,1,False,True
1046,3,bar_a,26202,26265,11110,1,False,11110,1,False,11110,1,False,True
1047,3,bar_a,26391,26328,11110,1,False,11110,1,False,11110,1,False,True
1048,3,bar_a,26510,26573,11110,1,False,11110,1,False,11110,1,False,True
1049,3,bar_a,26517,26580,11110,1,False,11110,1,False,11110,1,False,True
1050,3,bar_a,26706,26643,11110,1,False,11110,1,False,11110,1,False,True
1051,3,bar_a,26825,26888,11110,1,False,11110,1,False,11110,1,False,True
1052,3,bar_a,26832,26895,11110,1,False,11110,1,False,11110,1,False,True
1053,3,bar_a,27140,27203,11110,1,False,11110,1,False,11110,1,False,True
1054,3,bar_a,27147,27210,11110,1,False,11110,1,False,11110,1,False,True
1055,3,bar_a,27455,27518,11110,1,False,11110,1,False,11110,1,False,True
1056,3,bar_a,27462,27525,11110,1,False,11110,1,False,11110,1,False,True
1057,3,bar_a,27770,27833,11110,1,False,11110,1,False,11110,1,False,True
1058,3,bar_a,27777,27840,11110,1,False,11110,1,False,11110,1,False,True
1059,3,bar_a,27966,27903,11110,1,False,11110,1,False,11110,1,False,True
1060,3,bar_a,28085,28148,11110,1,False,11110,1,False,11110,1,False,True
1061,3,bar_a,28092,28155,11110,1,False,11110,1,False,11110,1,False,True
1062,3,bar_a,28281,28218,11110,1,False,11110,1,False,11110,1,False,True
1063,3,bar_a,29345,29408,11110,1,False,11110,1,False,11110,1,False,True
1064,3,bar_a,29352,29415,11110,1,False,11110,1,False,11110,1,False,True
1065,3,bar_a,29541,29478,11110,1,False,11110,1,False,11110,1,False,True
1066,3,bar_a,29660,29723,11110,1,False,11110,1,False,11110,1,False,True
1067,3,bar_a,29667,29730,11110,1,False,11110,1,False,11110,1,False,True
1068,3,bar_a,29856,29793,11110,1,False,11110,1,False,11110,1,False,True
1069,3,bar_a,30920,30983,11110,1,False,11110,1,False,11110,1,False,True
1070,3,bar_a,30927,30990,11110,1,False,11110,1,False,11110,1,False,True
1071,3,bar_a,31235,31298,11110,1,False,11110,1,False,11110,1,False,True
1072,3,bar_a,31242,31305,11110,1,False,11110,1,False,11110,1,False,True
1073,3,bar_a,42771,42708,11110,1,False,11110,1,False,11110,1,False,True
1074,3,bar_a,43086,43023,11110,1,False,11110,1,False,11110,1,False,True
1075,3,bar_a,43401,43338,11110,1,False,11110,1,False,11110,1,False,True
1076,3,bar_a,43716,43653,11110,1,False,11110,1,False,11110,1,False,True
1077,3,bar_a,44031,43968,11110,1,False,11110,1,False,11110,1,False,True
1078,3,bar_a,44150,44213,11110,1,False,11110,1,False,11110,1,False,True
1079,3,bar_a,44157,44220,11110,1,False,11110,1,False,11110,1,False,True
1080,3,bar_a,44346,44283,11110,1,False,11110,1,False,11110,1,False,True
1081,3,bar_a,44465,44528,11110,1,False,11110,1,False,11110,1,False,True
1082,3,bar_a,44472,44535,11110,1,False,11110,1,False,11110,1,False,True
1083,3,bar_a,44661,44598,11110,1,False,11110,1,False,11110,1,False,True
1084,3,bar_a,44780,44843,11110,1,False,11110,1,False,11110,1,False,True
1085,3,bar_a,44787,44850,11110,1,False,11110,1,False,11110,1,False,True
1086,3,bar_a,44976,44913,11110,1,False,11110,1,False,11110,1,False,True
1087,3,bar_a,45095,45158,11110,1,False,11110,1,False,11110,1,False,True
1088,3,bar_a,45102,45165,11110,1,False,11110,1,False,11110,1,False,True
1089,3,bar_a,45291,45228,11110,1,False,11110,1,False,11110,1,False,True
1090,3,bar_a,45410,45473,11110,1,False,11110,1,False,11110,1,False,True
1091,3,bar_a,45417,45480,11110,1,False,11110,1,False,11110,1,False,True
1092,3,bar_a,45606,45543,11110,1,False,11110,1,False,11110,1,False,True
1093,3,bar_a,45725,45788,11110,1,False,11110,1,False,11110,1,False,True
1094,3,bar_a,45732,45795,11110,1,False,11110,1,False,11110,1,False,True
1095,3,bar_a,45921,45858,11110,1,False,11110,1,False,11110,1,False,True
1096,3,bar_a,46040,46103,11110,1,False,11110,1,False,11110,1,False,True
1097,3,bar_a,46047,46110,11110,1,False,11110,1,False,11110,1,False,True
1098,3,bar_a,46236,46173,11110,1,False,11110,1,False,11110,1,False,True
1099,3,bar_a,46355,46418,11110,1,False,11110,1,False,11110,1,False,True
1100,3,bar_a,46362,46425,11110,1,False,11110,1,False,11110,1,False,True
1101,3,bar_a,46551,46488,11110,1,False,11110,1,False,11110,1,False,True
1102,3,bar_a,46670,46733,11110,1,False,11110,1,False,11110,1,False,True
1103,3,bar_a,46677,46740,11110,1,False,11110,1,False,11110,1,False,True
1104,3,bar_a,46866,46803,11110,1,False,11110,1,False,11110,1,False,True
1105,3,bar_a,46985,47048,11110,1,False,11110,1,False,11110,1,False,True
1106,3,bar_a,46992,47055,11110,1,False,11110,1,False,11110,1,False,True
1107,3,bar_a,47181,47118,11110,1,False,11110,1,False,11110,1,False,True
1108,3,bar_a,47300,47363,11110,1,False,11110,1,False,11110,1,False,True
1109,3,bar_a,47307,47370,11110,1,False,11110,1,False,11110,1,False,True
1110,3,bar_a,47496,47433,11110,1,False,11110,1,False,11110,1,False,True
1111,3,bar_a,47615,47678,11110,1,False,11110,1,False,11110,1,False,True
1112,3,bar_a,47622,47685,11110,1,False,11110,1,False,11110,1,False,True
1113,3,bar_a,47811,47748,11110,1,False,11110,1,False,11110,1,False,True
1114,3,bar_a,47930,47993,11110,1,False,11110,1,False,11110,1,False,True
1115,3,bar_a,47937,48000,11110,1,False,11110,1,False,11110,1,False,True
1116,3,bar_a,48126,48063,11110,1,False,11110,1,False,11110,1,False,True
1117,3,bar_a,48245,48308,11110,1,False,11110,1,False,11110,1,False,True
1118,3,bar_a,48252,48315,11110,1,False,11110,1,False,11110,1,False,True
1119,3,bar_a,48441,48378,11110,1,False,11110,1,False,11110,1,False,True
1120,3,bar_a,48560,48623,11110,1,False,11110,1,False,11110,1,False,True
1121,3,bar_a,48567,48630,11110,1,False,11110,1,False,11110,1,False,True
1122,3,bar_a,48756,48693,11110,1,False,11110,1,False,11110,1,False,True
1123,3,bar_a,48875,48938,11110,1,False,11110,1,False,11110,1,False,True
1124,3,bar_a,48882,48945,11110,1,False,11110,1,False,11110,1,False,True
1125,3,bar_a,49071,49008,11110,1,False,11110,1,False,11110,1,False,True
1126,3,bar_a,49190,49253,11110,1,False,11110,1,False,11110,1,False,True
1127,3,bar_a,49197,49260,11110,1,False,11110,1,False,11110,1,False,True
1128,3,bar_a,49386,49323,11110,1,False,11110,1,False,11110,1,False,True
1129,3,bar_a,49505,49568,11110,1,False,11110,1,False,11110,1,False,True
1130,3,bar_a,49512,49575,11110,1,False,11110,1,False,11110,1,False,True
1131,3,bar_a,49701,49638,11110,1,False,11110,1,False,11110,1,False,True
1132,3,bar_a,49820,49883,11110,1,False,11110,1,False,11110,1,False,True
1133,3,bar_a,49827,49890,11110,1,False,11110,1,False,11110,1,False,True
1134,3,bar_a,50016,49953,11110,1,False,11110,1,False,11110,1,False,True
1135,3,bar_a,50135,50198,11110,1,False,11110,1,False,11110,1,False,True
1136,3,bar_a,50142,50205,11110,1,False,11110,1,False,11110,1,False,True
1137,3,bar_a,50331,50268,11110,1,False,11110,1,False,11110,1,False,True
1138,3,bar_a,50450,50513,11110,1,False,11110,1,False,11110,1,False,True
1139,3,bar_a,50457,50520,11110,1,False,11110,1,False,11110,1,False,True
1140,3,bar_a,50765,50828,11110,1,False,11110,1,False,11110,1,False,True
1141,3,bar_a,50772,50835,11110,1,False,11110,1,False,11110,1,False,True
1142,3,bar_a,51080,51143,11110,1,False,11110,1,False,11110,1,False,True
1143,3,bar_a,51087,51150,11110,1,False,11110,1,False,11110,1,False,True
1144,3,bar_a,51395,51458,11110,1,False,11110,1,False,11110,1,False,True
1145,3,bar_a,51402,51465,11110,1,False,11110,1,False,11110,1,False,True
1146,3,bar_a,51591,51528,11110,1,False,11110,1,False,11110,1,False,True
1147,3,bar_a,51710,51773,11110,1,False,11110,1,False,11110,1,False,True
1148,3,bar_a,51717,51780,11110,1,False,11110,1,False,11110,1,False,True
1149,3,bar_a,51906,51843,11110,1,False,11110,1,False,11110,1,False,True
1150,3,bar_a,52970,53033,11110,1,False,11110,1,False,11110,1,False,True
1151,3,bar_a,52977,53040,11110,1,False,11110,1,False,11110,1,False,True
1152,3,bar_a,53166,53103,11110,1,False,11110,1,False,11110,1,False,True
1153,3,bar_a,53285,53348,11110,1,False,11110,1,False,11110,1,False,True
1154,3,bar_a,53292,53355,11110,1,False,11110,1,False,11110,1,False,True
1155,3,bar_a,53481,53418,11110,1,False,11110,1,False,11110,1,False,True
1156,3,bar_a,54545,54608,11110,1,False,11110,1,False,11110,1,False,True
1157,3,bar_a,54552,54615,11110,1,False,11110,1,False,11110,1,False,True
1158,3,bar_a,54860,54923,11110,1,False,11110,1,False,11110,1,False,True
1159,3,bar_a,54867,54930,11110,1,False,11110,1,False,11110,1,False,True
1160,3,bar_a,56120,56183,11110,1,False,11110,1,False,11110,1,False,True
1161,3,bar_a,56127,56190,11110,1,False,11110,1,False,11110,1,False,True
1162,3,bar_a,56435,56498,11110,1,False,11110,1,False,11110,1,False,True
1163,3,bar_a,56442,56505,11110,1,False,11110,1,False,11110,1,False,True
1164,3,bar_a,63246,63183,11110,1,False,11110,1,False,11110,1,False,True
1165,3,bar_a,63561,63498,11110,1,False,11110,1,False,11110,1,False,True
1166,3,bar_a,63876,63813,11110,1,False,11110,1,False,11110,1,False,True
1167,3,bar_a,64191,64128,11110,1,False,11110,1,False,11110,1,False,True
1168,3,bar_a,64506,64443,11110,1,False,11110,1,False,11110,1,False,True
1169,3,bar_a,64625,64688,11110,1,False,11110,1,False,11110,1,False,True
1170,3,bar_a,64632,64695,11110,1,False,11110,1,False,11110,1,False,True
1171,3,bar_a,64821,64758,11110,1,False,11110,1,False,11110,1,False,True
1172,3,bar_a,64940,65003,11110,1,False,11110,1,False,11110,1,False,True
1173,3,bar_a,64947,65010,11110,1,False,11110,1,False,11110,1,False,True
1174,3,bar_a,65136,65073,11110,1,False,11110,1,False,11110,1,False,True
1175,3,bar_a,65255,65318,11110,1,False,11110,1,False,11110,1,False,True
1176,3,bar_a,65262,65325,11110,1,False,11110,1,False,11110,1,False,True
1177,3,bar_a,65451,65388,11110,1,False,11110,1,False,11110,1,False,True
1178,3,bar_a,65570,65633,11110,1,False,11110,1,False,11110,1,False,True
1179,3,bar_a,65577,65640,11110,1,False,11110,1,False,11110,1,False,True
1180,3,bar_a,65766,65703,11110,1,False,11110,1,False,11110,1,False,True
1181,3,bar_a,65885,65948,11110,1,False,11110,1,False,11110,1,False,True
1182,3,bar_a,65892,65955,11110,1,False,11110,1,False,11110,1,False,True
1183,3,bar_a,66081,66018,11110,1,False,11110,1,False,11110,1,False,True
1184,3,bar_a,66200,66263,11110,1,False,11110,1,False,11110,1,False,True
1185,3,bar_a,66207,66270,11110,1,False,11110,1,False,11110,1,False,True
1186,3,bar_a,66396,66333,11110,1,False,11110,1,False,11110,1,False,True
1187,3,bar_a,66515,66578,11110,1,False,11110,1,False,11110,1,False,True
1188,3,bar_a,66522,66585,11110,1,False,11110,1,False,11110,1,False,True
1189,3,bar_a,66711,66648,11110,1,False,11110,1,False,11110,1,False,True
1190,3,bar_a,66830,66893,11110,1,False,11110,1,False,11110,1,False,True
1191,3,bar_a,66837,66900,11110,1,False,11110,1,False,11110,1,False,True
1192,3,bar_a,67026,66963,11110,1,False,11110,1,False,11110,1,False,True
1193,3,bar_a,67145,67208,11110,1,False,11110,1,False,11110,1,False,True
1194,3,bar_a,67152,67215,11110,1,False,11110,1,False,11110,1,False,True
1195,3,bar_a,67341,67278,11110,1,False,11110,1,False,11110,1,False,True
1196,3,bar_a,67460,67523,11110,1,False,11110,1,False,11110,1,False,True
1197,3,bar_a,67467,67530,11110,1,False,11110,1,False,11110,1,False,True
1198,3,bar_a,67656,67593,11110,1,False,11110,1,False,11110,1,False,True
1199,3,bar_a,67775,67838,11110,1,False,11110,1,False,11110,1,False,True
1200,3,bar_a,67782,67845,11110,1,False,11110,1,False,11110,1,False,True
1201,3,bar_a,67971,67908,11110,1,False,11110,1,False,11110,1,False,True
1202,3,bar_a,68090,68153,11110,1,False,11110,1,False,11110,1,False,True
1203,3,bar_a,68097,68160,11110,1,False,11110,1,False,11110,1,False,True
1204,3,bar_a,68286,68223,11110,1,False,11110,1,False,11110,1,False,True
1205,3,bar_a,68405,68468,11110,1,False,11110,1,False,11110,1,False,True
1206,3,bar_a,68412,68475,11110,1,False,11110,1,False,11110,1,False,True
1207,3,bar_a,68601,68538,11110,1,False,11110,1,False,11110,1,False,True
1208,3,bar_a,68720,68783,11110,1,False,11110,1,False,11110,1,False,True
1209,3,bar_a,68727,68790,11110,1,False,11110,1,False,11110,1,False,True
1210,3,bar_a,68916,68853,11110,1,False,11110,1,False,11110,1,False,True
1211,3,bar_a,69035,69098,11110,1,False,11110,1,False,11110,1,False,True
1212,3,bar_a,69042,69105,11110,1,False,11110,1,False,11110,1,False,True
1213,3,bar_a,69231,69168,11110,1,False,11110,1,False,11110,1,False,True
1214,3,bar_a,69350,69413,11110,1,False,11110,1,False,11110,1,False,True
1215,3,bar_a,69357,69420,11110,1,False,11110,1,False,11110,1,False,True
1216,3,bar_a,69546,69483,11110,1,False,11110,1,False,11110,1,False,True
1217,3,bar_a,69665,69728,11110,1,False,11110,1,False,11110,1,False,True
1218,3,bar_a,69672,69735,11110,1,False,11110,1,False,11110,1,False,True
1219,3,bar_a,69861,69798,11110,1,False,11110,1,False,11110,1,False,True
1220,3,bar_a,69980,70043,11110,1,False,11110,1,False,11110,1,False,True
1221,3,bar_a,69987,70050,11110,1,False,11110,1,False,11110,1,False,True
1222,3,bar_a,70176,70113,11110,1,False,11110,1,False,11110,1,False,True
1223,3,bar_a,70295,70358,11110,1,False,11110,1,False,11110,1,False,True
1224,3,bar_a,70302,70365,11110,1,False,11110,1,False,11110,1,False,True
1225,3,bar_a,70491,70428,11110,1,False,11110,1,False,11110,1,False,True
1226,3,bar_a,70610,70673,11110,1,False,11110,1,False,11110,1,False,True
1227,3,bar_a,70617,70680,11110,1,False,11110,1,False,11110,1,False,True
1228,3,bar_a,70806,70743,11110,1,False,11110,1,False,11110,1,False,True
1229,3,bar_a,70925,70988,11110,1,False,11110,1,False,11110,1,False,True
1230,3,bar_a,70932,70995,11110,1,False,11110,1,False,11110,1,False,True
1231,3,bar_a,71121,71058,11110,1,False,11110,1,False,11110,1,False,True
1232,3,bar_a,71240,71303,11110,1,False,11110,1,False,11110,1,False,True
1233,3,bar_a,71247,71310,11110,1,False,11110,1,False,11110,1,False,True
1234,3,bar_a,71436,71373,11110,1,False,11110,1,False,11110,1,False,True
1235,3,bar_a,71555,71618,11110,1,False,11110,1,False,11110,1,False,True
1236,3,bar_a,71562,71625,11110,1,False,11110,1,False,11110,1,False,True
1237,3,bar_a,71751,71688,11110,1,False,11110,1,False,11110,1,False,True
1238,3,bar_a,71870,71933,11110,1,False,11110,1,False,11110,1,False,True
1239,3,bar_a,71877,71940,11110,1,False,11110,1,False,11110,1,False,True
1240,3,bar_a,72066,72003,11110,1,False,11110,1,False,11110,1,False,True
1241,3,bar_a,72185,72248,11110,1,False,11110,1,False,11110,1,False,True
1242,3,bar_a,72192,72255,11110,1,False,11110,1,False,11110,1,False,True
1243,3,bar_a,72381,72318,11110,1,False,11110,1,False,11110,1,False,True
1244,3,bar_a,72500,72563,11110,1,False,11110,1,False,11110,1,False,True
1245,3,bar_a,72507,72570,11110,1,False,11110,1,False,11110,1,False,True
1246,3,bar_a,72696,72633,11110,1,False,11110,1,False,11110,1,False,True
1247,3,bar_a,72815,72878,11110,1,False,11110,1,False,11110,1,False,True
1248,3,bar_a,72822,72885,11110,1,False,11110,1,False,11110,1,False,True
1249,3,bar_a,73011,72948,11110,1,False,11110,1,False,11110,1,False,True
1250,3,bar_a,73130,73193,11110,1,False,11110,1,False,11110,1,False,True
1251,3,bar_a,73137,73200,11110,1,False,11110,1,False,11110,1,False,True
1252,3,bar_a,73326,73263,11110,1,False,11110,1,False,11110,1,False,True
1253,3,bar_a,73445,73508,11110,1,False,11110,1,False,11110,1,False,True
1254,3,bar_a,73452,73515,11110,1,False,11110,1,False,11110,1,False,True
1255,3,bar_a,73641,73578,11110,1,False,11110,1,False,11110,1,False,True
1256,3,bar_a,73760,73823,11110,1,False,11110,1,False,11110,1,False,True
1257,3,bar_a,73767,73830,11110,1,False,11110,1,False,11110,1,False,True
1258,3,bar_a,73956,73893,11110,1,False,11110,1,False,11110,1,False,True
1259,3,bar_a,74075,74138,11110,1,False,11110,1,False,11110,1,False,True
1260,3,bar_a,74082,74145,11110,1,False,11110,1,False,11110,1,False,True
1261,3,bar_a,74390,74453,11110,1,False,11110,1,False,11110,1,False,True
1262,3,bar_a,74397,74460,11110,1,False,11110,1,False,11110,1,False,True
1263,3,bar_a,74705,74768,11110,1,False,11110,1,False,11110,1,False,True
1264,3,bar_a,74712,74775,11110,1,False,11110,1,False,11110,1,False,True
1265,3,bar_a,75020,75083,11110,1,False,11110,1,False,11110,1,False,True
1266,3,bar_a,75027,75090,11110,1,False,11110,1,False,11110,1,False,True
1267,3,bar_a,75216,75153,11110,1,False,11110,1,False,11110,1,False,True
1268,3,bar_a,75335,75398,11110,1,False,11110,1,False,11110,1,False,True
1269,3,bar_a,75342,75405,11110,1,False,11110,1,False,11110,1,False,True
1270,3,bar_a,75531,75468,11110,1,False,11110,1,False,11110,1,False,True
1271,3,bar_a,75650,75713,11110,1,False,11110,1,False,11110,1,False,True
1272,3,bar_a,75657,75720,11110,1,False,11110,1,False,11110,1,False,True
1273,3,bar_a,75965,76028,11110,1,False,11110,1,False,11110,1,False,True
1274,3,bar_a,75972,76035,11110,1,False,11110,1,False,11110,1,False,True
1275,3,bar_a,76280,76343,11110,1,False,11110,1,False,11110,1,False,True
1276,3,bar_a,76287,76350,11110,1,False,11110,1,False,11110,1,False,True
1277,3,bar_a,76595,76658,11110,1,False,11110,1,False,11110,1,False,True
1278,3,bar_a,76602,76665,11110,1,False,11110,1,False,11110,1,False,True
1279,3,bar_a,76791,76728,11110,1,False,11110,1,False,11110,1,False,True
1280,3,bar_a,76910,76973,11110,1,False,11110,1,False,11110,1,False,True
1281,3,bar_a,76917,76980,11110,1,False,11110,1,False,11110,1,False,True
1282,3,bar_a,77106,77043,11110,1,False,11110,1,False,11110,1,False,True
1283,3,bar_a,78170,78233,11110,1,False,11110,1,False,11110,1,False,True
1284,3,bar_a,78177,78240,11110,1,False,11110,1,False,11110,1,False,True
1285,3,bar_a,78366,78303,11110,1,False,11110,1,False,11110,1,False,True
1286,3,bar_a,78485,78548,11110,1,False,11110,1,False,11110,1,False,True
1287,3,bar_a,78492,78555,11110,1,False,11110,1,False,11110,1,False,True
1288,3,bar_a,78681,78618,11110,1,False,11110,1,False,11110,1,False,True
1289,3,bar_a,79745,79808,11110,1,False,11110,1,False,11110,1,False,True
1290,3,bar_a,79752,79815,11110,1,False,11110,1,False,11110,1,False,True
1291,3,bar_a,80060,80123,11110,1,False,11110,1,False,11110,1,False,True
1292,3,bar_a,80067,80130,11110,1,False,11110,1,False,11110,1,False,True
1293,3,bar_a,83721,83658,11110,1,False,11110,1,False,11110,1,False,True
1294,3,bar_a,84036,83973,11110,1,False,11110,1,False,11110,1,False,True
1295,3,bar_a,84351,84288,11110,1,False,11110,1,False,11110,1,False,True
1296,3,bar_a,84666,84603,11110,1,False,11110,1,False,11110,1,False,True
1297,3,bar_a,84981,84918,11110,1,False,11110,1,False,11110,1,False,True
1298,3,bar_a,85100,85163,11110,1,False,11110,1,False,11110,1,False,True
1299,3,bar_a,85107,85170,11110,1,False,11110,1,False,11110,1,False,True
1300,3,bar_a,85296,85233,11110,1,False,11110,1,False,11110,1,False,True
1301,3,bar_a,85415,85478,11110,1,False,11110,1,False,11110,1,False,True
1302,3,bar_a,85422,85485,11110,1,False,11110,1,False,11110,1,False,True
1303,3,bar_a,85611,85548,11110,1,False,11110,1,False,11110,1,False,True
1304,3,bar_a,85730,85793,11110,1,False,11110,1,False,11110,1,False,True
1305,3,bar_a,85737,85800,11110,1,False,11110,1,False,11110,1,False,True
1306,3,bar_a,85926,85863,11110,1,False,11110,1,False,11110,1,False,True
1307,3,bar_a,86045,86108,11110,1,False,11110,1,False,11110,1,False,True
1308,3,bar_a,86052,86115,11110,1,False,11110,1,False,11110,1,False,True
1309,3,bar_a,86241,86178,11110,1,False,11110,1,False,11110,1,False,True
1310,3,bar_a,86360,86423,11110,1,False,11110,1,False,11110,1,False,True
1311,3,bar_a,86367,86430,11110,1,False,11110,1,False,11110,1,False,True
1312,3,bar_a,86556,86493,11110,1,False,11110,1,False,11110,1,False,True
1313,3,bar_a,86675,86738,11110,1,False,11110,1,False,11110,1,False,True
1314,3,bar_a,86682,86745,11110,1,False,11110,1,False,11110,1,False,True
1315,3,bar_a,86871,86808,11110,1,False,11110,1,False,11110,1,False,True
1316,3,bar_a,86990,87053,11110,1,False,11110,1,False,11110,1,False,True
1317,3,bar_a,86997,87060,11110,1,False,11110,1,False,11110,1,False,True
1318,3,bar_a,87186,87123,11110,1,False,11110,1,False,11110,1,False,True
1319,3,bar_a,87305,87368,11110,1,False,11110,1,False,11110,1,False,True
1320,3,bar_a,87312,87375,11110,1,False,11110,1,False,11110,1,False,True
1321,3,bar_a,87501,87438,11110,1,False,11110,1,False,11110,1,False,True
1322,3,bar_a,87620,87683,11110,1,False,11110,1,False,11110,1,False,True
1323,3,bar_a,87627,87690,11110,1,False,11110,1,False,11110,1,False,True
1324,3,bar_a,87816,87753,11110,1,False,11110,1,False,11110,1,False,True
1325,3,bar_a,87935,87998,11110,1,False,11110,1,False,11110,1,False,True
1326,3,bar_a,87942,88005,11110,1,False,11110,1,False,11110,1,False,True
1327,3,bar_a,88131,88068,11110,1,False,11110,1,False,11110,1,False,True
1328,3,bar_a,88250,88313,11110,1,False,11110,1,False,11110,1,False,True
1329,3,bar_a,88257,88320,11110,1,False,11110,1,False,11110,1,False,True
1330,3,bar_a,88446,88383,11110,1,False,11110,1,False,11110,1,False,True
1331,3,bar_a,88565,88628,11110,1,False,11110,1,False,11110,1,False,True
1332,3,bar_a,88572,88635,11110,1,False,11110,1,False,11110,1,False,True
1333,3,bar_a,88761,88698,11110,1,False,11110,1,False,11110,1,False,True
1334,3,bar_a,88880,88943,11110,1,False,11110,1,False,11110,1,False,True
1335,3,bar_a,88887,88950,11110,1,False,11110,1,False,11110,1,False,True
1336,3,bar_a,89076,89013,11110,1,False,11110,1,False,11110,1,False,True
1337,3,bar_a,89195,89258,11110,1,False,11110,1,False,11110,1,False,True
1338,3,bar_a,89202,89265,11110,1,False,11110,1,False,11110,1,False,True
1339,3,bar_a,89391,89328,11110,1,False,11110,1,False,11110,1,False,True
1340,3,bar_a,89510,89573,11110,1,False,11110,1,False,11110,1,False,True
1341,3,bar_a,89517,89580,11110,1,False,11110,1,False,11110,1,False,True
1342,3,bar_a,89706,89643,11110,1,False,11110,1,False,11110,1,False,True
1343,3,bar_a,89825,89888,11110,1,False,11110,1,False,11110,1,False,True
1344,3,bar_a,89832,89895,11110,1,False,11110,1,False,11110,1,False,True
1345,3,bar_a,90021,89958,11110,1,False,11110,1,False,11110,1,False,True
1346,3,bar_a,90140,90203,11110,1,False,11110,1,False,11110,1,False,True
1347,3,bar_a,90147,90210,11110,1,False,11110,1,False,11110,1,False,True
1348,3,bar_a,90336,90273,11110,1,False,11110,1,False,11110,1,False,True
1349,3,bar_a,90455,90518,11110,1,False,11110,1,False,11110,1,False,True
1350,3,bar_a,90462,90525,11110,1,False,11110,1,False,11110,1,False,True
1351,3,bar_a,90651,90588,11110,1,False,11110,1,False,11110,1,False,True
1352,3,bar_a,90770,90833,11110,1,False,11110,1,False,11110,1,False,True
1353,3,bar_a,90777,90840,11110,1,False,11110,1,False,11110,1,False,True
1354,3,bar_a,90966,90903,11110,1,False,11110,1,False,11110,1,False,True
1355,3,bar_a,91085,91148,11110,1,False,11110,1,False,11110,1,False,True
1356,3,bar_a,91092,91155,11110,1,False,11110,1,False,11110,1,False,True
1357,3,bar_a,91281,91218,11110,1,False,11110,1,False,11110,1,False,True
1358,3,bar_a,91400,91463,11110,1,False,11110,1,False,11110,1,False,True
1359,3,bar_a,91407,91470,11110,1,False,11110,1,False,11110,1,False,True
1360,3,bar_a,91596,91533,11110,1,False,11110,1,False,11110,1,False,True
1361,3,bar_a,91715,91778,11110,1,False,11110,1,False,11110,1,False,True
1362,3,bar_a,91722,91785,11110,1,False,11110,1,False,11110,1,False,True
1363,3,bar_a,91911,91848,11110,1,False,11110,1,False,11110,1,False,True
1364,3,bar_a,92030,92093,11110,1,False,11110,1,False,11110,1,False,True
1365,3,bar_a,92037,92100,11110,1,False,11110,1,False,11110,1,False,True
1366,3,bar_a,92226,92163,11110,1,False,11110,1,False,11110,1,False,True
1367,3,bar_a,92345,92408,11110,1,False,11110,1,False,11110,1,False,True
1368,3,bar_a,92352,92415,11110,1,False,11110,1,False,11110,1,False,True
1369,3,bar_a,92541,92478,11110,1,False,11110,1,False,11110,1,False,True
1370,3,bar_a,92660,92723,11110,1,False,11110,1,False,11110,1,False,True
1371,3,bar_a,92667,92730,11110,1,False,11110,1,False,11110,1,False,True
1372,3,bar_a,92856,92793,11110,1,False,11110,1,False,11110,1,False,True
1373,3,bar_a,92975,93038,11110,1,False,11110,1,False,11110,1,False,True
1374,3,bar_a,92982,93045,11110,1,False,11110,1,False,11110,1,False,True
1375,3,bar_a,93171,93108,11110,1,False,11110,1,False,11110,1,False,True
1376,3,bar_a,93290,93353,11110,1,False,11110,1,False,11110,1,False,True
1377,3,bar_a,93297,93360,11110,1,False,11110,1,False,11110,1,False,True
1378,3,bar_a,93486,93423,11110,1,False,11110,1,False,11110,1,False,True
1379,3,bar_a,93605,93668,11110,1,False,11110,1,False,11110,1,False,True
1380,3,bar_a,93612,93675,11110,1,False,11110,1,False,11110,1,False,True
1381,3,bar_a,93801,93738,11110,1,False,11110,1,False,11110,1,False,True
1382,3,bar_a,93920,93983,11110,1,False,11110,1,False,11110,1,False,True
1383,3,bar_a,93927,93990,11110,1,False,11110,1,False,11110,1,False,True
1384,3,bar_a,94116,94053,11110,1,False,11110,1,False,11110,1,False,True
1385,3,bar_a,94235,94298,11110,1,False,11110,1,False,11110,1,False,True
1386,3,bar_a,94242,94305,11110,1,False,11110,1,False,11110,1,False,True
1387,3,bar_a,94431,94368,11110,1,False,11110,1,False,11110,1,False,True
1388,3,bar_a,94550,94613,11110,1,False,11110,1,False,11110,1,False,True
1389,3,bar_a,94557,94620,11110,1,False,11110,1,False,11110,1,False,True
1390,3,bar_a,94746,94683,11110,1,False,11110,1,False,11110,1,False,True
1391,3,bar_a,94865,94928,11110,1,False,11110,1,False,11110,1,False,True
1392,3,bar_a,94872,94935,11110,1,False,11110,1,False,11110,1,False,True
1393,3,bar_a,95061,94998,11110,1,False,11110,1,False,11110,1,False,True
1394,3,bar_a,95180,95243,11110,1,False,11110,1,False,11110,1,False,True
1395,3,bar_a,95187,95250,11110,1,False,11110,1,False,11110,1,False,True
1396,3,bar_a,95376,95313,11110,1,False,11110,1,False,11110,1,False,True
1397,3,bar_a,95495,95558,11110,1,False,11110,1,False,11110,1,False,True
1398,3,bar_a,95502,95565,11110,1,False,11110,1,False,11110,1,False,True
1399,3,bar_a,95691,95628,11110,1,False,11110,1,False,11110,1,False,True
1400,3,bar_a,95810,95873,11110,1,False,11110,1,False,11110,1,False,True
1401,3,bar_a,95817,95880,11110,1,False,11110,1,False,11110,1,False,True
1402,3,bar_a,96006,95943,11110,1,False,11110,1,False,11110,1,False,True
1403,3,bar_a,96125,96188,11110,1,False,11110,1,False,11110,1,False,True
1404,3,bar_a,96132,96195,11110,1,False,11110,1,False,11110,1,False,True
1405,3,bar_a,96321,96258,11110,1,False,11110,1,False,11110,1,False,True
1406,3,bar_a,96440,96503,11110,1,False,11110,1,False,11110,1,False,True
1407,3,bar_a,96447,96510,11110,1,False,11110,1,False,11110,1,False,True
1408,3,bar_a,96636,96573,11110,1,False,11110,1,False,11110,1,False,True
1409,3,bar_a,96755,96818,11110,1,False,11110,1,False,11110,1,False,True
1410,3,bar_a,96762,96825,11110,1,False,11110,1,False,11110,1,False,True
1411,3,bar_a,96951,96888,11110,1,False,11110,1,False,11110,1,False,True
1412,3,bar_a,97070,97133,11110,1,False,11110,1,False,11110,1,False,True
1413,3,bar_a,97077,97140,11110,1,False,11110,1,False,11110,1,False,True
1414,3,bar_a,97266,97203,11110,1,False,11110,1,False,11110,1,False,True
1415,3,bar_a,97385,97448,11110,1,False,11110,1,False,11110,1,False,True
1416,3,bar_a,97392,97455,11110,1,False,11110,1,False,11110,1,False,True
1417,3,bar_a,97581,97518,11110,1,False,11110,1,False,11110,1,False,True
1418,3,bar_a,97700,97763,11110,1,False,11110,1,False,11110,1,False,True
1419,3,bar_a,97707,97770,11110,1,False,11110,1,False,11110,1,False,True
1420,3,bar_a,97896,97833,11110,1,False,11110,1,False,11110,1,False,True
1421,3,bar_a,98015,98078,11110,1,False,11110,1,False,11110,1,False,True
1422,3,bar_a,98022,98085,11110,1,False,11110,1,False,11110,1,False,True
1423,3,bar_a,98211,98148,11110,1,False,11110,1,False,11110,1,False,True
1424,3,bar_a,98330,98393,11110,1,False,11110,1,False,11110,1,False,True
1425,3,bar_a,98337,98400,11110,1,False,11110,1,False,11110,1,False,True
1426,3,bar_a,98526,98463,11110,1,False,11110,1,False,11110,1,False,True
1427,3,bar_a,98645,98708,11110,1,False,11110,1,False,11110,1,False,True
1428,3,bar_a,98652,98715,11110,1,False,11110,1,False,11110,1,False,True
1429,3,bar_a,98841,98778,11110,1,False,11110,1,False,11110,1,False,True
1430,3,bar_a,98960,99023,11110,1,False,11110,1,False,11110,1,False,True
1431,3,bar_a,98967,99030,11110,1,False,11110,1,False,11110,1,False,True
1432,3,bar_a,99156,99093,11110,1,False,11110,1,False,11110,1,False,True
1433,3,bar_a,99275,99338,11110,1,False,11110,1,False,11110,1,False,True
1434,3,bar_a,99282,99345,11110,1,False,11110,1,False,11110,1,False,True
1435,3,bar_a,99590,99653,11110,1,False,11110,1,False,11110,1,False,True
1436,3,bar_a,99597,99660,11110,1,False,11110,1,False,11110,1,False,True
1437,3,bar_a,99905,99968,11110,1,False,11110,1,False,11110,1,False,True
1438,3,bar_a,99912,99975,11110,1,False,11110,1,False,11110,1,False,True
1439,3,bar_a,100220,100283,11110,1,False,11110,1,False,11110,1,False,True
1440,3,bar_a,100227,100290,11110,1,False,11110,1,False,11110,1,False,True
1441,3,bar_a,100416,100353,11110,1,False,11110,1,False,11110,1,False,True
1442,3,bar_a,100535,100598,11110,1,False,11110,1,False,11110,1,False,True
1443,3,bar_a,100542,100605,11110,1,False,11110,1,False,11110,1,False,True
1444,3,bar_a,100731,100668,11110,1,False,11110,1,False,11110,1,False,True
1445,3,bar_a,101795,101858,11110,1,False,11110,1,False,11110,1,False,True
1446,3,bar_a,101802,101865,11110,1,False,11110,1,False,11110,1,False,True
1447,3,bar_a,101991,101928,11110,1,False,11110,1,False,11110,1,False,True
1448,3,bar_a,102110,102173,11110,1,False,11110,1,False,11110,1,False,True
1449,3,bar_a,102117,102180,11110,1,False,11110,1,False,11110,1,False,True
1450,3,bar_a,102306,102243,11110,1,False,11110,1,False,11110,1,False,True
1451,3,bar_a,104196,104133,11110,1,False,11110,1,False,11110,1,False,True
1452,3,bar_a,104511,104448,11110,1,False,11110,1,False,11110,1,False,True
1453,3,bar_a,104826,104763,11110,1,False,11110,1,False,11110,1,False,True
1454,3,bar_a,105141,105078,11110,1,False,11110,1,False,11110,1,False,True
1455,3,bar_a,105456,105393,11110,1,False,11110,1,False,11110,1,False,True
1456,3,bar_a,105575,105638,11110,1,False,11110,1,False,11110,1,False,True
1457,3,bar_a,105582,105645,11110,1,False,11110,1,False,11110,1,False,True
1458,3,bar_a,105771,105708,11110,1,False,11110,1,False,11110,1,False,True
1459,3,bar_a,105890,105953,11110,1,False,11110,1,False,11110,1,False,True
1460,3,bar_a,105897,105960,11110,1,False,11110,1,False,11110,1,False,True
1461,3,bar_a,106086,106023,11110,1,False,11110,1,False,11110,1,False,True
1462,3,bar_a,106205,106268,11110,1,False,11110,1,False,11110,1,False,True
1463,3,bar_a,106212,106275,11110,1,False,11110,1,False,11110,1,False,True
1464,3,bar_a,106401,106338,11110,1,False,11110,1,False,11110,1,False,True
1465,3,bar_a,106520,106583,11110,1,False,11110,1,False,11110,1,False,True
1466,3,bar_a,106527,106590,11110,1,False,11110,1,False,11110,1,False,True
1467,3,bar_a,106716,106653,11110,1,False,11110,1,False,11110,1,False,True
1468,3,bar_a,106835,106898,11110,1,False,11110,1,False,11110,1,False,True
1469,3,bar_a,106842,106905,11110,1,False,11110,1,False,11110,1,False,True
1470,3,bar_a,107031,106968,11110,1,False,11110,1,False,11110,1,False,True
1471,3,bar_a,107150,107213,11110,1,False,11110,1,False,11110,1,False,True
1472,3,bar_a,107157,107220,11110,1,False,11110,1,False,11110,1,False,True
1473,3,bar_a,107346,107283,11110,1,False,11110,1,False,11110,1,False,True
1474,3,bar_a,107465,107528,11110,1,False,11110,1,False,11110,1,False,True
1475,3,bar_a,107472,107535,11110,1,False,11110,1,False,11110,1,False,True
1476,3,bar_a,107661,107598,11110,1,False,11110,1,False,11110,1,False,True
1477,3,bar_a,107780,107843,11110,1,False,11110,1,False,11110,1,False,True
1478,3,bar_a,107787,107850,11110,1,False,11110,1,False,11110,1,False,True
1479,3,bar_a,107976,107913,11110,1,False,11110,1,False,11110,1,False,True
1480,3,bar_a,108095,108158,11110,1,False,11110,1,False,11110,1,False,True
1481,3,bar_a,108102,108165,11110,1,False,11110,1,False,11110,1,False,True
1482,3,bar_a,108291,108228,11110,1,False,11110,1,False,11110,1,False,True
1483,3,bar_a,108410,108473,11110,1,False,11110,1,False,11110,1,False,True
1484,3,bar_a,108417,108480,11110,1,False,11110,1,False,11110,1,False,True
1485,3,bar_a,108606,108543,11110,1,False,11110,1,False,11110,1,False,True
1486,3,bar_a,108725,108788,11110,1,False,11110,1,False,11110,1,False,True
1487,3,bar_a,108732,108795,11110,1,False,11110,1,False,11110,1,False,True
1488,3,bar_a,108921,108858,11110,1,False,11110,1,False,11110,1,False,True
1489,3,bar_a,109040,109103,11110,1,False,11110,1,False,11110,1,False,True
1490,3,bar_a,109047,109110,11110,1,False,11110,1,False,11110,1,False,True
1491,3,bar_a,109236,109173,11110,1,False,11110,1,False,11110,1,False,True
1492,3,bar_a,109355,109418,11110,1,False,11110,1,False,11110,1,False,True
1493,3,bar_a,109362,109425,11110,1,False,11110,1,False,11110,1,False,True
1494,3,bar_a,109551,109488,11110,1,False,11110,1,False,11110,1,False,True
1495,3,bar_a,109670,109733,11110,1,False,11110,1,False,11110,1,False,True
1496,3,bar_a,109677,109740,11110,1,False,11110,1,False,11110,1,False,True
1497,3,bar_a,109866,109803,11110,1,False,11110,1,False,11110,1,False,True
1498,3,bar_a,109985,110048,11110,1,False,11110,1,False,11110,1,False,True
1499,3,bar_a,109992,110055,11110,1,False,11110,1,False,11110,1,False,True
1500,3,bar_a,110181,110118,11110,1,False,11110,1,False,11110,1,False,True
1501,3,bar_a,110300,110363,11110,1,False,11110,1,False,11110,1,False,True
1502,3,bar_a,110307,110370,11110,1,False,11110,1,False,11110,1,False,True
1503,3,bar_a,110496,110433,11110,1,False,11110,1,False,11110,1,False,True
1504,3,bar_a,110615,110678,11110,1,False,11110,1,False,11110,1,False,True
1505,3,bar_a,110622,110685,11110,1,False,11110,1,False,11110,1,False,True
1506,3,bar_a,110811,110748,11110,1,False,11110,1,False,11110,1,False,True
1507,3,bar_a,110930,110993,11110,1,False,11110,1,False,11110,1,False,True
1508,3,bar_a,110937,111000,11110,1,False,11110,1,False,11110,1,False,True
1509,3,bar_a,111126,111063,11110,1,False,11110,1,False,11110,1,False,True
1510,3,bar_a,111245,111308,11110,1,False,11110,1,False,11110,1,False,True
1511,3,bar_a,111252,111315,11110,1,False,11110,1,False,11110,1,False,True
1512,3,bar_a,111441,111378,11110,1,False,11110,1,False,11110,1,False,True
1513,3,bar_a,111560,111623,11110,1,False,11110,1,False,11110,1,False,True
1514,3,bar_a,111567,111630,11110,1,False,11110,1,False,11110,1,False,True
1515,3,bar_a,111756,111693,11110,1,False,11110,1,False,11110,1,False,True
1516,3,bar_a,111875,111938,11110,1,False,11110,1,False,11110,1,False,True
1517,3,bar_a,111882,111945,11110,1,False,11110,1,False,11110,1,False,True
1518,3,bar_a,112071,112008,11110,1,False,11110,1,False,11110,1,False,True
1519,3,bar_a,112190,112253,11110,1,False,11110,1,False,11110,1,False,True
1520,3,bar_a,112197,112260,11110,1,False,11110,1,False,11110,1,False,True
1521,3,bar_a,112386,112323,11110,1,False,11110,1,False,11110,1,False,True
1522,3,bar_a,112505,112568,11110,1,False,11110,1,False,11110,1,False,True
1523,3,bar_a,112512,112575,11110,1,False,11110,1,False,11110,1,False,True
1524,3,bar_a,112701,112638,11110,1,False,11110,1,False,11110,1,False,True
1525,3,bar_a,112820,112883,11110,1,False,11110,1,False,11110,1,False,True
1526,3,bar_a,112827,112890,11110,1,False,11110,1,False,11110,1,False,True
1527,3,bar_a,113016,112953,11110,1,False,11110,1,False,11110,1,False,True
1528,3,bar_a,113135,113198,11110,1,False,11110,1,False,11110,1,False,True
1529,3,bar_a,113142,113205,11110,1,False,11110,1,False,11110,1,False,True
1530,3,bar_a,113331,113268,11110,1,False,11110,1,False,11110,1,False,True
1531,3,bar_a,113450,113513,11110,1,False,11110,1,False,11110,1,False,True
1532,3,bar_a,113457,113520,11110,1,False,11110,1,False,11110,1,False,True
1533,3,bar_a,113646,113583,11110,1,False,11110,1,False,11110,1,False,True
1534,3,bar_a,113765,113828,11110,1,False,11110,1,False,11110,1,False,True
1535,3,bar_a,113772,113835,11110,1,False,11110,1,False,11110,1,False,True
1536,3,bar_a,113961,113898,11110,1,False,11110,1,False,11110,1,False,True
1537,3,bar_a,114080,114143,11110,1,False,11110,1,False,11110,1,False,True
1538,3,bar_a,114087,114150,11110,1,False,11110,1,False,11110,1,False,True
1539,3,bar_a,114276,114213,11110,1,False,11110,1,False,11110,1,False,True
1540,3,bar_a,114395,114458,11110,1,False,11110,1,False,11110,1,False,True
1541,3,bar_a,114402,114465,11110,1,False,11110,1,False,11110,1,False,True
1542,3,bar_a,114591,114528,11110,1,False,11110,1,False,11110,1,False,True
1543,3,bar_a,114710,114773,11110,1,False,11110,1,False,11110,1,False,True
1544,3,bar_a,114717,114780,11110,1,False,11110,1,False,11110,1,False,True
1545,3,bar_a,114906,114843,11110,1,False,11110,1,False,11110,1,False,True
1546,3,bar_a,115025,115088,11110,1,False,11110,1,False,11110,1,False,True
1547,3,bar_a,115032,115095,11110,1,False,11110,1,False,11110,1,False,True
1548,3,bar_a,115221,115158,11110,1,False,11110,1,False,11110,1,False,True
1549,3,bar_a,115340,115403,11110,1,False,11110,1,False,11110,1,False,True
1550,3,bar_a,115347,115410,11110,1,False,11110,1,False,11110,1,False,True
1551,3,bar_a,115536,115473,11110,1,False,11110,1,False,11110,1,False,True
1552,3,bar_a,115655,115718,11110,1,False,11110,1,False,11110,1,False,True
1553,3,bar_a,115662,115725,11110,1,False,11110,1,False,11110,1,False,True
1554,3,bar_a,115851,115788,11110,1,False,11110,1,False,11110,1,False,True
1555,3,bar_a,115970,116033,11110,1,False,11110,1,False,11110,1,False,True
1556,3,bar_a,115977,116040,11110,1,False,11110,1,False,11110,1,False,True
1557,3,bar_a,116166,116103,11110,1,False,11110,1,False,11110,1,False,True
1558,3,bar_a,116285,116348,11110,1,False,11110,1,False,11110,1,False,True
1559,3,bar_a,116292,116355,11110,1,False,11110,1,False,11110,1,False,True
1560,3,bar_a,116481,116418,11110,1,False,11110,1,False,11110,1,False,True
1561,3,bar_a,116600,116663,11110,1,False,11110,1,False,11110,1,False,True
1562,3,bar_a,116607,116670,11110,1,False,11110,1,False,11110,1,False,True
1563,3,bar_a,116796,116733,11110,1,False,11110,1,False,11110,1,False,True
1564,3,bar_a,116915,116978,11110,1,False,11110,1,False,11110,1,False,True
1565,3,bar_a,116922,116985,11110,1,False,11110,1,False,11110,1,False,True
1566,3,bar_a,117111,117048,11110,1,False,11110,1,False,11110,1,False,True
1567,3,bar_a,117230,117293,11110,1,False,11110,1,False,11110,1,False,True
1568,3,bar_a,117237,117300,11110,1,False,11110,1,False,11110,1,False,True
1569,3,bar_a,117426,117363,11110,1,False,11110,1,False,11110,1,False,True
1570,3,bar_a,117545,117608,11110,1,False,11110,1,False,11110,1,False,True
1571,3,bar_a,117552,117615,11110,1,False,11110,1,False,11110,1,False,True
1572,3,bar_a,117741,117678,11110,1,False,11110,1,False,11110,1,False,True
1573,3,bar_a,117860,117923,11110,1,False,11110,1,False,11110,1,False,True
1574,3,bar_a,117867,117930,11110,1,False,11110,1,False,11110,1,False,True
1575,3,bar_a,118056,117993,11110,1,False,11110,1,False,11110,1,False,True
1576,3,bar_a,118175,118238,11110,1,False,11110,1,False,11110,1,False,True
1577,3,bar_a,118182,118245,11110,1,False,11110,1,False,11110,1,False,True
1578,3,bar_a,118371,118308,11110,1,False,11110,1,False,11110,1,False,True
1579,3,bar_a,118490,118553,11110,1,False,11110,1,False,11110,1,False,True
1580,3,bar_a,118497,118560,11110,1,False,11110,1,False,11110,1,False,True
1581,3,bar_a,118686,118623,11110,1,False,11110,1,False,11110,1,False,True
1582,3,bar_a,118805,118868,11110,1,False,11110,1,False,11110,1,False,True
1583,3,bar_a,118812,118875,11110,1,False,11110,1,False,11110,1,False,True
1584,3,bar_a,119001,118938,11110,1,False,11110,1,False,11110,1,False,True
1585,3,bar_a,119120,119183,11110,1,False,11110,1,False,11110,1,False,True
1586,3,bar_a,119127,119190,11110,1,False,11110,1,False,11110,1,False,True
1587,3,bar_a,119316,119253,11110,1,False,11110,1,False,11110,1,False,True
1588,3,bar_a,119435,119498,11110,1,False,11110,1,False,11110,1,False,True
1589,3,bar_a,119442,119505,11110,1,False,11110,1,False,11110,1,False,True
1590,3,bar_a,119631,119568,11110,1,False,11110,1,False,11110,1,False,True
1591,3,bar_a,119750,119813,11110,1,False,11110,1,False,11110,1,False,True
1592,3,bar_a,119757,119820,11110,1,False,11110,1,False,11110,1,False,True
1593,3,bar_a,119946,119883,11110,1,False,11110,1,False,11110,1,False,True
1594,3,bar_a,120065,120128,11110,1,False,11110,1,False,11110,1,False,True
1595,3,bar_a,120072,120135,11110,1,False,11110,1,False,11110,1,False,True
1596,3,bar_a,120261,120198,11110,1,False,11110,1,False,11110,1,False,True
1597,3,bar_a,120380,120443,11110,1,False,11110,1,False,11110,1,False,True
1598,3,bar_a,120387,120450,11110,1,False,11110,1,False,11110,1,False,True
1599,3,bar_a,120576,120513,11110,1,False,11110,1,False,11110,1,False,True
1600,3,bar_a,120695,120758,11110,1,False,11110,1,False,11110,1,False,True
1601,3,bar_a,120702,120765,11110,1,False,11110,1,False,11110,1,False,True
1602,3,bar_a,120891,120828,11110,1,False,11110,1,False,11110,1,False,True
1603,3,bar_a,121010,121073,11110,1,False,11110,1,False,11110,1,False,True
1604,3,bar_a,121017,121080,11110,1,False,11110,1,False,11110,1,False,True
1605,3,bar_a,121206,121143,11110,1,False,11110,1,False,11110,1,False,True
1606,3,bar_a,121325,121388,11110,1,False,11110,1,False,11110,1,False,True
1607,3,bar_a,121332,121395,11110,1,False,11110,1,False,11110,1,False,True
1608,3,bar_a,121521,121458,11110,1,False,11110,1,False,11110,1,False,True
1609,3,bar_a,121640,121703,11110,1,False,11110,1,False,11110,1,False,True
1610,3,bar_a,121647,121710,11110,1,False,11110,1,False,11110,1,False,True
1611,3,bar_a,121836,121773,11110,1,False,11110,1,False,11110,1,False,True
1612,3,bar_a,121955,122018,11110,1,False,11110,1,False,11110,1,False,True
1613,3,bar_a,121962,122025,11110,1,False,11110,1,False,11110,1,False,True
1614,3,bar_a,122151,122088,11110,1,False,11110,1,False,11110,1,False,True
1615,3,bar_a,122270,122333,11110,1,False,11110,1,False,11110,1,False,True
1616,3,bar_a,122277,122340,11110,1,False,11110,1,False,11110,1,False,True
1617,3,bar_a,122466,122403,11110,1,False,11110,1,False,11110,1,False,True
1618,3,bar_a,122585,122648,11110,1,False,11110,1,False,11110,1,False,True
1619,3,bar_a,122592,122655,11110,1,False,11110,1,False,11110,1,False,True
1620,3,bar_a,122781,122718,11110,1,False,11110,1,False,11110,1,False,True
1621,3,bar_a,124671,124608,11110,1,False,11110,1,False,11110,1,False,True
1622,3,bar_a,124986,124923,11110,1,False,11110,1,False,11110,1,False,True
1623,3,bar_a,125301,125238,11110,1,False,11110,1,False,11110,1,False,True
1624,3,bar_a,125616,125553,11110,1,False,11110,1,False,11110,1,False,True
1625,3,bar_a,125931,125868,11110,1,False,11110,1,False,11110,1,False,True
1626,3,bar_a,126050,126113,11110,1,False,11110,1,False,11110,1,False,True
1627,3,bar_a,126057,126120,11110,1,False,11110,1,False,11110,1,False,True
1628,3,bar_a,126246,126183,11110,1,False,11110,1,False,11110,1,False,True
1629,3,bar_a,126365,126428,11110,1,False,11110,1,False,11110,1,False,True
1630,3,bar_a,126372,126435,11110,1,False,11110,1,False,11110,1,False,True
1631,3,bar_a,126561,126498,11110,1,False,11110,1,False,11110,1,False,True
1632,3,bar_a,126680,126743,11110,1,False,11110,1,False,11110,1,False,True
1633,3,bar_a,126687,126750,11110,1,False,11110,1,False,11110,1,False,True
1634,3,bar_a,126876,126813,11110,1,False,11110,1,False,11110,1,False,True
1635,3,bar_a,126995,127058,11110,1,False,11110,1,False,11110,1,False,True
1636,3,bar_a,127002,127065,11110,1,False,11110,1,False,11110,1,False,True
1637,3,bar_a,127191,127128,11110,1,False,11110,1,False,11110,1,False,True
1638,3,bar_a,127310,127373,11110,1,False,11110,1,False,11110,1,False,True
1639,3,bar_a,127317,127380,11110,1,False,11110,1,False,11110,1,False,True
1640,3,bar_a,127506,127443,11110,1,False,11110,1,False,11110,1,False,True
1641,3,bar_a,127625,127688,11110,1,False,11110,1,False,11110,1,False,True
1642,3,bar_a,127632,127695,11110,1,False,11110,1,False,11110,1,False,True
1643,3,bar_a,127821,127758,11110,1,False,11110,1,False,11110,1,False,True
1644,3,bar_a,127940,128003,11110,1,False,11110,1,False,11110,1,False,True
1645,3,bar_a,127947,128010,11110,1,False,11110,1,False,11110,1,False,True
1646,3,bar_a,128136,128073,11110,1,False,11110,1,False,11110,1,False,True
1647,3,bar_a,128255,128318,11110,1,False,11110,1,False,11110,1,False,True
1648,3,bar_a,128262,128325,11110,1,False,11110,1,False,11110,1,False,True
1649,3,bar_a,128451,128388,11110,1,False,11110,1,False,11110,1,False,True
1650,3,bar_a,128570,128633,11110,1,False,11110,1,False,11110,1,False,True
1651,3,bar_a,128577,128640,11110,1,False,11110,1,False,11110,1,False,True
1652,3,bar_a,128766,128703,11110,1,False,11110,1,False,11110,1,False,True
1653,3,bar_a,128885,128948,11110,1,False,11110,1,False,11110,1,False,True
1654,3,bar_a,128892,128955,11110,1,False,11110,1,False,11110,1,False,True
1655,3,bar_a,129081,129018,11110,1,False,11110,1,False,11110,1,False,True
1656,3,bar_a,129200,129263,11110,1,False,11110,1,False,11110,1,False,True
1657,3,bar_a,129207,129270,11110,1,False,11110,1,False,11110,1,False,True
1658,3,bar_a,129396,129333,11110,1,False,11110,1,False,11110,1,False,True
1659,3,bar_a,129515,129578,11110,1,False,11110,1,False,11110,1,False,True
1660,3,bar_a,129522,129585,11110,1,False,11110,1,False,11110,1,False,True
1661,3,bar_a,129711,129648,11110,1,False,11110,1,False,11110,1,False,True
1662,3,bar_a,129830,129893,11110,1,False,11110,1,False,11110,1,False,True
1663,3,bar_a,129837,129900,11110,1,False,11110,1,False,11110,1,False,True
1664,3,bar_a,130026,129963,11110,1,False,11110,1,False,11110,1,False,True
1665,3,bar_a,130145,130208,11110,1,False,11110,1,False,11110,1,False,True
1666,3,bar_a,130152,130215,11110,1,False,11110,1,False,11110,1,False,True
1667,3,bar_a,130341,130278,11110,1,False,11110,1,False,11110,1,False,True
1668,3,bar_a,130460,130523,11110,1,False,11110,1,False,11110,1,False,True
1669,3,bar_a,130467,130530,11110,1,False,11110,1,False,11110,1,False,True
1670,3,bar_a,130656,130593,11110,1,False,11110,1,False,11110,1,False,True
1671,3,bar_a,130775,130838,11110,1,False,11110,1,False,11110,1,False,True
1672,3,bar_a,130782,130845,11110,1,False,11110,1,False,11110,1,False,True
1673,3,bar_a,130971,130908,11110,1,False,11110,1,False,11110,1,False,True
1674,3,bar_a,131090,131153,11110,1,False,11110,1,False,11110,1,False,True
1675,3,bar_a,131097,131160,11110,1,False,11110,1,False,11110,1,False,True
1676,3,bar_a,131286,131223,11110,1,False,11110,1,False,11110,1,False,True
1677,3,bar_a,131405,131468,11110,1,False,11110,1,False,11110,1,False,True
1678,3,bar_a,131412,131475,11110,1,False,11110,1,False,11110,1,False,True
1679,3,bar_a,131601,131538,11110,1,False,11110,1,False,11110,1,False,True
1680,3,bar_a,131720,131783,11110,1,False,11110,1,False,11110,1,False,True
1681,3,bar_a,131727,131790,11110,1,False,11110,1,False,11110,1,False,True
1682,3,bar_a,131916,131853,11110,1,False,11110,1,False,11110,1,False,True
1683,3,bar_a,132035,132098,11110,1,False,11110,1,False,11110,1,False,True
1684,3,bar_a,132042,132105,11110,1,False,11110,1,False,11110,1,False,True
1685,3,bar_a,132231,132168,11110,1,False,11110,1,False,11110,1,False,True
1686,3,bar_a,132350,132413,11110,1,False,11110,1,False,11110,1,False,True
1687,3,bar_a,132357,132420,11110,1,False,11110,1,False,11110,1,False,True
1688,3,bar_a,132546,132483,11110,1,False,11110,1,False,11110,1,False,True
1689,3,bar_a,132665,132728,11110,1,False,11110,1,False,11110,1,False,True
1690,3,bar_a,132672,132735,11110,1,False,11110,1,False,11110,1,False,True
1691,3,bar_a,132861,132798,11110,1,False,11110,1,False,11110,1,False,True
1692,3,bar_a,132980,133043,11110,1,False,11110,1,False,11110,1,False,True
1693,3,bar_a,132987,133050,11110,1,False,11110,1,False,11110,1,False,True
1694,3,bar_a,133176,133113,11110,1,False,11110,1,False,11110,1,False,True
1695,3,bar_a,133295,133358,11110,1,False,11110,1,False,11110,1,False,True
1696,3,bar_a,133302,133365,11110,1,False,11110,1,False,11110,1,False,True
1697,3,bar_a,133491,133428,11110,1,False,11110,1,False,11110,1,False,True
1698,3,bar_a,133610,133673,11110,1,False,11110,1,False,11110,1,False,True
1699,3,bar_a,133617,133680,11110,1,False,11110,1,False,11110,1,False,True
1700,3,bar_a,133806,133743,11110,1,False,11110,1,False,11110,1,False,True
1701,3,bar_a,133925,133988,11110,1,False,11110,1,False,11110,1,False,True
1702,3,bar_a,133932,133995,11110,1,False,11110,1,False,11110,1,False,True
1703,3,bar_a,134121,134058,11110,1,False,11110,1,False,11110,1,False,True
1704,3,bar_a,134240,134303,11110,1,False,11110,1,False,11110,1,False,True
1705,3,bar_a,134247,134310,11110,1,False,11110,1,False,11110,1,False,True
1706,3,bar_a,134436,134373,11110,1,False,11110,1,False,11110,1,False,True
1707,3,bar_a,134555,134618,11110,1,False,11110,1,False,11110,1,False,True
1708,3,bar_a,134562,134625,11110,1,False,11110,1,False,11110,1,False,True
1709,3,bar_a,134751,134688,11110,1,False,11110,1,False,11110,1,False,True
1710,3,bar_a,134870,134933,11110,1,False,11110,1,False,11110,1,False,True
1711,3,bar_a,134877,134940,11110,1,False,11110,1,False,11110,1,False,True
1712,3,bar_a,135066,135003,11110,1,False,11110,1,False,11110,1,False,True
1713,3,bar_a,135185,135248,11110,1,False,11110,1,False,11110,1,False,True
1714,3,bar_a,135192,135255,11110,1,False,11110,1,False,11110,1,False,True
1715,3,bar_a,135381,135318,11110,1,False,11110,1,False,11110,1,False,True
1716,3,bar_a,135500,135563,11110,1,False,11110,1,False,11110,1,False,True
1717,3,bar_a,135507,135570,11110,1,False,11110,1,False,11110,1,False,True
1718,3,bar_a,135696,135633,11110,1,False,11110,1,False,11110,1,False,True
1719,3,bar_a,135815,135878,11110,1,False,11110,1,False,11110,1,False,True
1720,3,bar_a,135822,135885,11110,1,False,11110,1,False,11110,1,False,True
1721,3,bar_a,136011,135948,11110,1,False,11110,1,False,11110,1,False,True
1722,3,bar_a,136130,136193,11110,1,False,11110,1,False,11110,1,False,True
1723,3,bar_a,136137,136200,11110,1,False,11110,1,False,11110,1,False,True
1724,3,bar_a,136326,136263,11110,1,False,11110,1,False,11110,1,False,True
1725,3,bar_a,136445,136508,11110,1,False,11110,1,False,11110,1,False,True
1726,3,bar_a,136452,136515,11110,1,False,11110,1,False,11110,1,False,True
1727,3,bar_a,136641,136578,11110,1,False,11110,1,False,11110,1,False,True
1728,3,bar_a,136760,136823,11110,1,False,11110,1,False,11110,1,False,True
1729,3,bar_a,136767,136830,11110,1,False,11110,1,False,11110,1,False,True
1730,3,bar_a,136956,136893,11110,1,False,11110,1,False,11110,1,False,True
1731,3,bar_a,137075,137138,11110,1,False,11110,1,False,11110,1,False,True
1732,3,bar_a,137082,137145,11110,1,False,11110,1,False,11110,1,False,True
1733,3,bar_a,137271,137208,11110,1,False,11110,1,False,11110,1,False,True
1734,3,bar_a,137390,137453,11110,1,False,11110,1,False,11110,1,False,True
1735,3,bar_a,137397,137460,11110,1,False,11110,1,False,11110,1,False,True
1736,3,bar_a,137586,137523,11110,1,False,11110,1,False,11110,1,False,True
1737,3,bar_a,137705,137768,11110,1,False,11110,1,False,11110,1,False,True
1738,3,bar_a,137712,137775,11110,1,False,11110,1,False,11110,1,False,True
1739,3,bar_a,137901,137838,11110,1,False,11110,1,False,11110,1,False,True
1740,3,bar_a,138020,138083,11110,1,False,11110,1,False,11110,1,False,True
1741,3,bar_a,138027,138090,11110,1,False,11110,1,False,11110,1,False,True
1742,3,bar_a,138216,138153,11110,1,False,11110,1,False,11110,1,False,True
1743,3,bar_a,138335,138398,11110,1,False,11110,1,False,11110,1,False,True
1744,3,bar_a,138342,138405,11110,1,False,11110,1,False,11110,1,False,True
1745,3,bar_a,138531,138468,11110,1,False,11110,1,False,11110,1,False,True
1746,3,bar_a,138650,138713,11110,1,False,11110,1,False,11110,1,False,True
1747,3,bar_a,138657,138720,11110,1,False,11110,1,False,11110,1,False,True
1748,3,bar_a,138846,138783,11110,1,False,11110,1,False,11110,1,False,True
1749,3,bar_a,138965,139028,11110,1,False,11110,1,False,11110,1,False,True
1750,3,bar_a,138972,139035,11110,1,False,11110,1,False,11110,1,False,True
1751,3,bar_a,139161,139098,11110,1,False,11110,1,False,11110,1,False,True
1752,3,bar_a,139280,139343,11110,1,False,11110,1,False,11110,1,False,True
1753,3,bar_a,139287,139350,11110,1,False,11110,1,False,11110,1,False,True
1754,3,bar_a,139476,139413,11110,1,False,11110,1,False,11110,1,False,True
1755,3,bar_a,139595,139658,11110,1,False,11110,1,False,11110,1,False,True
1756,3,bar_a,139602,139665,11110,1,False,11110,1,False,11110,1,False,True
1757,3,bar_a,139791,139728,11110,1,False,11110,1,False,11110,1,False,True
1758,3,bar_a,139910,139973,11110,1,False,11110,1,False,11110,1,False,True
1759,3,bar_a,139917,139980,11110,1,False,11110,1,False,11110,1,False,True
1760,3,bar_a,140106,140043,11110,1,False,11110,1,False,11110,1,False,True
1761,3,bar_a,140225,140288,11110,1,False,11110,1,False,11110,1,False,True
1762,3,bar_a,140232,140295,11110,1,False,11110,1,False,11110,1,False,True
1763,3,bar_a,140421,140358,11110,1,False,11110,1,False,11110,1,False,True
1764,3,bar_a,140540,140603,11110,1,False,11110,1,False,11110,1,False,True
1765,3,bar_a,140547,140610,11110,1,False,11110,1,False,11110,1,False,True
1766,3,bar_a,140736,140673,11110,1,False,11110,1,False,11110,1,False,True
1767,3,bar_a,140855,140918,11110,1,False,11110,1,False,11110,1,False,True
1768,3,bar_a,140862,140925,11110,1,False,11110,1,False,11110,1,False,True
1769,3,bar_a,141051,140988,11110,1,False,11110,1,False,11110,1,False,True
1770,3,bar_a,141170,141233,11110,1,False,11110,1,False,11110,1,False,True
1771,3,bar_a,141177,141240,11110,1,False,11110,1,False,11110,1,False,True
1772,3,bar_a,141366,141303,11110,1,False,11110,1,False,11110,1,False,True
1773,3,bar_a,141485,141548,11110,1,False,11110,1,False,11110,1,False,True
1774,3,bar_a,141492,141555,11110,1,False,11110,1,False,11110,1,False,True
1775,3,bar_a,141681,141618,11110,1,False,11110,1,False,11110,1,False,True
1776,3,bar_a,141800,141863,11110,1,False,11110,1,False,11110,1,False,True
1777,3,bar_a,141807,141870,11110,1,False,11110,1,False,11110,1,False,True
1778,3,bar_a,141996,141933,11110,1,False,11110,1,False,11110,1,False,True
1779,3,bar_a,142115,142178,11110,1,False,11110,1,False,11110,1,False,True
1780,3,bar_a,142122,142185,11110,1,False,11110,1,False,11110,1,False,True
1781,3,bar_a,142311,142248,11110,1,False,11110,1,False,11110,1,False,True
1782,3,bar_a,142430,142493,11110,1,False,11110,1,False,11110,1,False,True
1783,3,bar_a,142437,142500,11110,1,False,11110,1,False,11110,1,False,True
1784,3,bar_a,142626,142563,11110,1,False,11110,1,False,11110,1,False,True
1785,3,bar_a,142745,142808,11110,1,False,11110,1,False,11110,1,False,True
1786,3,bar_a,142752,142815,11110,1,False,11110,1,False,11110,1,False,True
1787,3,bar_a,142941,142878,11110,1,False,11110,1,False,11110,1,False,True
1788,3,bar_a,143060,143123,11110,1,False,11110,1,False,11110,1,False,True
1789,3,bar_a,143067,143130,11110,1,False,11110,1,False,11110,1,False,True
1790,3,bar_a,143256,143193,11110,1,False,11110,1,False,11110,1,False,True
1791,4,bar_u,1821,1814,10000,1,False,10000,1,False,10000,1,False,True
1792,4,bar_u,1884,1877,10000,1,False,10000,1,False,10000,1,False,True
1793,4,bar_u,2136,2129,10000,1,False,10000,1,False,10000,1,False,True
1794,4,bar_u,2199,2192,10000,1,False,10000,1,False,10000,1,False,True
1795,4,bar_u,2451,2444,10000,1,False,10000,1,False,10000,1,False,True
1796,4,bar_u,2514,2507,10000,1,False,10000,1,False,10000,1,False,True
1797,4,bar_u,2766,2759,10000,1,False,10000,1,False,10000,1,False,True
1798,4,bar_u,2829,2822,10000,1,False,10000,1,False,10000,1,False,True
1799,4,bar_u,3081,3074,10000,1,False,10000,1,False,10000,1,False,True
1800,4,bar_u,3144,3137,10000,1,False,10000,1,False,10000,1,False,True
1801,4,bar_u,3200,3193,10000,1,False,10000,1,False,10000,1,False,True
1802,4,bar_u,3209,3202,10000,1,False,10000,1,False,10000,1,False,True
1803,4,bar_u,3272,3265,10000,1,False,10000,1,False,10000,1,False,True
1804,4,bar_u,3335,3328,10000,1,False,10000,1,False,10000,1,False,True
1805,4,bar_u,3396,3389,10000,1,False,10000,1,False,10000,1,False,True
1806,4,bar_u,3398,3391,10000,1,False,10000,1,False,10000,1,False,True
1807,4,bar_u,3459,3452,10000,1,False,10000,1,False,10000,1,False,True
1808,4,bar_u,3461,3454,10000,1,False,10000,1,False,10000,1,False,True
1809,4,bar_u,3515,3508,10000,1,False,10000,1,False,10000,1,False,True
1810,4,bar_u,3524,3517,10000,1,False,10000,1,False,10000,1,False,True
1811,4,bar_u,3587,3580,10000,1,False,10000,1,False,10000,1,False,True
1812,4,bar_u,3650,3643,10000,1,False,10000,1,False,10000,1,False,True
1813,4,bar_u,3711,3704,10000,1,False,10000,1,False,10000,1,False,True
1814,4,bar_u,3713,3706,10000,1,False,10000,1,False,10000,1,False,True
1815,4,bar_u,3774,3767,10000,1,False,10000,1,False,10000,1,False,True
1816,4,bar_u,3776,3769,10000,1,False,10000,1,False,10000,1,False,True
1817,4,bar_u,3830,3823,10000,1,False,10000,1,False,10000,1,False,True
1818,4,bar_u,3839,3832,10000,1,False,10000,1,False,10000,1,False,True
1819,4,bar_u,3902,3895,10000,1,False,10000,1,False,10000,1,False,True
1820,4,bar_u,3965,3958,10000,1,False,10000,1,False,10000,1,False,True
1821,4,bar_u,4026,4019,10000,1,False,10000,1,False,10000,1,False,True
1822,4,bar_u,4028,4021,10000,1,False,10000,1,False,10000,1,False,True
1823,4,bar_u,4089,4082,10000,1,False,10000,1,False,10000,1,False,True
1824,4,bar_u,4091,4084,10000,1,False,10000,1,False,10000,1,False,True
1825,4,bar_u,4145,4138,10000,1,False,10000,1,False,10000,1,False,True
1826,4,bar_u,4154,4147,10000,1,False,10000,1,False,10000,1,False,True
1827,4,bar_u,4217,4210,10000,1,False,10000,1,False,10000,1,False,True
1828,4,bar_u,4280,4273,10000,1,False,10000,1,False,10000,1,False,True
1829,4,bar_u,4341,4334,10000,1,False,10000,1,False,10000,1,False,True
1830,4,bar_u,4343,4336,10000,1,False,10000,1,False,10000,1,False,True
1831,4,bar_u,4404,4397,10000,1,False,10000,1,False,10000,1,False,True
1832,4,bar_u,4406,4399,10000,1,False,10000,1,False,10000,1,False,True
1833,4,bar_u,4460,4453,10000,1,False,10000,1,False,10000,1,False,True
1834,4,bar_u,4469,4462,10000,1,False,10000,1,False,10000,1,False,True
1835,4,bar_u,4532,4525,10000,1,False,10000,1,False,10000,1,False,True
1836,4,bar_u,4595,4588,10000,1,False,10000,1,False,10000,1,False,True
1837,4,bar_u,4656,4649,10000,1,False,10000,1,False,10000,1,False,True
1838,4,bar_u,4658,4651,10000,1,False,10000,1,False,10000,1,False,True
1839,4,bar_u,4719,4712,10000,1,False,10000,1,False,10000,1,False,True
1840,4,bar_u,4721,4714,10000,1,False,10000,1,False,10000,1,False,True
1841,4,bar_u,4775,4768,10000,1,False,10000,1,False,10000,1,False,True
1842,4,bar_u,4784,4777,10000,1,False,10000,1,False,10000,1,False,True
1843,4,bar_u,4847,4840,10000,1,False,10000,1,False,10000,1,False,True
1844,4,bar_u,4910,4903,10000,1,False,10000,1,False,10000,1,False,True
1845,4,bar_u,4973,4966,10000,1,False,10000,1,False,10000,1,False,True
1846,4,bar_u,5036,5029,10000,1,False,10000,1,False,10000,1,False,True
1847,4,bar_u,5090,5083,10000,1,False,10000,1,False,10000,1,False,True
1848,4,bar_u,5099,5092,10000,1,False,10000,1,False,10000,1,False,True
1849,4,bar_u,5162,5155,10000,1,False,10000,1,False,10000,1,False,True
1850,4,bar_u,5225,5218,10000,1,False,10000,1,False,10000,1,False,True
1851,4,bar_u,5288,5281,10000,1,False,10000,1,False,10000,1,False,True
1852,4,bar_u,5351,5344,10000,1,False,10000,1,False,10000,1,False,True
1853,4,bar_u,5405,5398,10000,1,False,10000,1,False,10000,1,False,True
1854,4,bar_u,5414,5407,10000,1,False,10000,1,False,10000,1,False,True
1855,4,bar_u,5477,5470,10000,1,False,10000,1,False,10000,1,False,True
1856,4,bar_u,5540,5533,10000,1,False,10000,1,False,10000,1,False,True
1857,4,bar_u,5603,5596,10000,1,False,10000,1,False,10000,1,False,True
1858,4,bar_u,5666,5659,10000,1,False,10000,1,False,10000,1,False,True
1859,4,bar_u,5720,5713,10000,1,False,10000,1,False,10000,1,False,True
1860,4,bar_u,5729,5722,10000,1,False,10000,1,False,10000,1,False,True
1861,4,bar_u,5792,5785,10000,1,False,10000,1,False,10000,1,False,True
1862,4,bar_u,5855,5848,10000,1,False,10000,1,False,10000,1,False,True
1863,4,bar_u,5918,5911,10000,1,False,10000,1,False,10000,1,False,True
1864,4,bar_u,5981,5974,10000,1,False,10000,1,False,10000,1,False,True
1865,4,bar_u,6035,6028,10000,1,False,10000,1,False,10000,1,False,True
1866,4,bar_u,6044,6037,10000,1,False,10000,1,False,10000,1,False,True
1867,4,bar_u,6107,6100,10000,1,False,10000,1,False,10000,1,False,True
1868,4,bar_u,6170,6163,10000,1,False,10000,1,False,10000,1,False,True
1869,4,bar_u,6233,6226,10000,1,False,10000,1,False,10000,1,False,True
1870,4,bar_u,6296,6289,10000,1,False,10000,1,False,10000,1,False,True
1871,4,bar_u,6350,6343,10000,1,False,10000,1,False,10000,1,False,True
1872,4,bar_u,6359,6352,10000,1,False,10000,1,False,10000,1,False,True
1873,4,bar_u,6422,6415,10000,1,False,10000,1,False,10000,1,False,True
1874,4,bar_u,6485,6478,10000,1,False,10000,1,False,10000,1,False,True
1875,4,bar_u,6548,6541,10000,1,False,10000,1,False,10000,1,False,True
1876,4,bar_u,6611,6604,10000,1,False,10000,1,False,10000,1,False,True
1877,4,bar_u,6665,6658,10000,1,False,10000,1,False,10000,1,False,True
1878,4,bar_u,6674,6667,10000,1,False,10000,1,False,10000,1,False,True
1879,4,bar_u,6737,6730,10000,1,False,10000,1,False,10000,1,False,True
1880,4,bar_u,6800,6793,10000,1,False,10000,1,False,10000,1,False,True
1881,4,bar_u,6863,6856,10000,1,False,10000,1,False,10000,1,False,True
1882,4,bar_u,6926,6919,10000,1,False,10000,1,False,10000,1,False,True
1883,4,bar_u,6980,6973,10000,1,False,10000,1,False,10000,1,False,True
1884,4,bar_u,6989,6982,10000,1,False,10000,1,False,10000,1,False,True
1885,4,bar_u,7052,7045,10000,1,False,10000,1,False,10000,1,False,True
1886,4,bar_u,7115,7108,10000,1,False,10000,1,False,10000,1,False,True
1887,4,bar_u,7178,7171,10000,1,False,10000,1,False,10000,1,False,True
1888,4,bar_u,7241,7234,10000,1,False,10000,1,False,10000,1,False,True
1889,4,bar_u,7295,7288,10000,1,False,10000,1,False,10000,1,False,True
1890,4,bar_u,7304,7297,10000,1,False,10000,1,False,10000,1,False,True
1891,4,bar_u,7367,7360,10000,1,False,10000,1,False,10000,1,False,True
1892,4,bar_u,7430,7423,10000,1,False,10000,1,False,10000,1,False,True
1893,4,bar_u,7493,7486,10000,1,False,10000,1,False,10000,1,False,True
1894,4,bar_u,7556,7549,10000,1,False,10000,1,False,10000,1,False,True
1895,4,bar_u,7610,7603,10000,1,False,10000,1,False,10000,1,False,True
1896,4,bar_u,7619,7612,10000,1,False,10000,1,False,10000,1,False,True
1897,4,bar_u,7682,7675,10000,1,False,10000,1,False,10000,1,False,True
1898,4,bar_u,7745,7738,10000,1,False,10000,1,False,10000,1,False,True
1899,4,bar_u,7808,7801,10000,1,False,10000,1,False,10000,1,False,True
1900,4,bar_u,7871,7864,10000,1,False,10000,1,False,10000,1,False,True
1901,4,bar_u,22296,22289,10000,1,False,10000,1,False,10000,1,False,True
1902,4,bar_u,22359,22352,10000,1,False,10000,1,False,10000,1,False,True
1903,4,bar_u,22611,22604,10000,1,False,10000,1,False,10000,1,False,True
1904,4,bar_u,22674,22667,10000,1,False,10000,1,False,10000,1,False,True
1905,4,bar_u,22926,22919,10000,1,False,10000,1,False,10000,1,False,True
1906,4,bar_u,22989,22982,10000,1,False,10000,1,False,10000,1,False,True
1907,4,bar_u,23241,23234,10000,1,False,10000,1,False,10000,1,False,True
1908,4,bar_u,23304,23297,10000,1,False,10000,1,False,10000,1,False,True
1909,4,bar_u,23556,23549,10000,1,False,10000,1,False,10000,1,False,True
1910,4,bar_u,23619,23612,10000,1,False,10000,1,False,10000,1,False,True
1911,4,bar_u,23675,23668,10000,1,False,10000,1,False,10000,1,False,True
1912,4,bar_u,23684,23677,10000,1,False,10000,1,False,10000,1,False,True
1913,4,bar_u,23747,23740,10000,1,False,10000,1,False,10000,1,False,True
1914,4,bar_u,23810,23803,10000,1,False,10000,1,False,10000,1,False,True
1915,4,bar_u,23871,23864,10000,1,False,10000,1,False,10000,1,False,True
1916,4,bar_u,23873,23866,10000,1,False,10000,1,False,10000,1,False,True
1917,4,bar_u,23934,23927,10000,1,False,10000,1,False,10000,1,False,True
1918,4,bar_u,23936,23929,10000,1,False,10000,1,False,10000,1,False,True
1919,4,bar_u,23990,23983,10000,1,False,10000,1,False,10000,1,False,True
1920,4,bar_u,23999,23992,10000,1,False,10000,1,False,10000,1,False,True
1921,4,bar_u,24062,24055,10000,1,False,10000,1,False,10000,1,False,True
1922,4,bar_u,24125,24118,10000,1,False,10000,1,False,10000,1,False,True
1923,4,bar_u,24186,24179,10000,1,False,10000,1,False,10000,1,False,True
1924,4,bar_u,24188,24181,10000,1,False,10000,1,False,10000,1,False,True
1925,4,bar_u,24249,24242,10000,1,False,10000,1,False,10000,1,False,True
1926,4,bar_u,24251,24244,10000,1,False,10000,1,False,10000,1,False,True
1927,4,bar_u,24305,24298,10000,1,False,10000,1,False,10000,1,False,True
1928,4,bar_u,24314,24307,10000,1,False,10000,1,False,10000,1,False,True
1929,4,bar_u,24377,24370,10000,1,False,10000,1,False,10000,1,False,True
1930,4,bar_u,24440,24433,10000,1,False,10000,1,False,10000,1,False,True
1931,4,bar_u,24501,24494,10000,1,False,10000,1,False,10000,1,False,True
1932,4,bar_u,24503,24496,10000,1,False,10000,1,False,10000,1,False,True
1933,4,bar_u,24564,24557,10000,1,False,10000,1,False,10000,1,False,True
1934,4,bar_u,24566,24559,10000,1,False,10000,1,False,10000,1,False,True
1935,4,bar_u,24620,24613,10000,1,False,10000,1,False,10000,1,False,True
1936,4,bar_u,24629,24622,10000,1,False,10000,1,False,10000,1,False,True
1937,4,bar_u,24692,24685,10000,1,False,10000,1,False,10000,1,False,True
1938,4,bar_u,24755,24748,10000,1,False,10000,1,False,10000,1,False,True
1939,4,bar_u,24816,24809,10000,1,False,10000,1,False,10000,1,False,True
1940,4,bar_u,24818,24811,10000,1,False,10000,1,False,10000,1,False,True
1941,4,bar_u,24879,24872,10000,1,False,10000,1,False,10000,1,False,True
1942,4,bar_u,24881,24874,10000,1,False,10000,1,False,10000,1,False,True
1943,4,bar_u,24935,24928,10000,1,False,10000,1,False,10000,1,False,True
1944,4,bar_u,24944,24937,10000,1,False,10000,1,False,10000,1,False,True
1945,4,bar_u,25007,25000,10000,1,False,10000,1,False,10000,1,False,True
1946,4,bar_u,25070,25063,10000,1,False,10000,1,False,10000,1,False,True
1947,4,bar_u,25131,25124,10000,1,False,10000,1,False,10000,1,False,True
1948,4,bar_u,25133,25126,10000,1,False,10000,1,False,10000,1,False,True
1949,4,bar_u,25194,25187,10000,1,False,10000,1,False,10000,1,False,True
1950,4,bar_u,25196,25189,10000,1,False,10000,1,False,10000,1,False,True
1951,4,bar_u,25250,25243,10000,1,False,10000,1,False,10000,1,False,True
1952,4,bar_u,25259,25252,10000,1,False,10000,1,False,10000,1,False,True
1953,4,bar_u,25322,25315,10000,1,False,10000,1,False,10000,1,False,True
1954,4,bar_u,25385,25378,10000,1,False,10000,1,False,10000,1,False,True
1955,4,bar_u,25446,25439,10000,1,False,10000,1,False,10000,1,False,True
1956,4,bar_u,25448,25441,10000,1,False,10000,1,False,10000,1,False,True
1957,4,bar_u,25509,25502,10000,1,False,10000,1,False,10000,1,False,True
1958,4,bar_u,25511,25504,10000,1,False,10000,1,False,10000,1,False,True
1959,4,bar_u,25565,25558,10000,1,False,10000,1,False,10000,1,False,True
1960,4,bar_u,25574,25567,10000,1,False,10000,1,False,10000,1,False,True
1961,4,bar_u,25637,25630,10000,1,False,10000,1,False,10000,1,False,True
1962,4,bar_u,25700,25693,10000,1,False,10000,1,False,10000,1,False,True
1963,4,bar_u,25761,25754,10000,1,False,10000,1,False,10000,1,False,True
1964,4,bar_u,25763,25756,10000,1,False,10000,1,False,10000,1,False,True
1965,4,bar_u,25824,25817,10000,1,False,10000,1,False,10000,1,False,True
1966,4,bar_u,25826,25819,10000,1,False,10000,1,False,10000,1,False,True
1967,4,bar_u,25880,25873,10000,1,False,10000,1,False,10000,1,False,True
1968,4,bar_u,25889,25882,10000,1,False,10000,1,False,10000,1,False,True
1969,4,bar_u,25952,25945,10000,1,False,10000,1,False,10000,1,False,True
1970,4,bar_u,26015,26008,10000,1,False,10000,1,False,10000,1,False,True
1971,4,bar_u,26076,26069,10000,1,False,10000,1,False,10000,1,False,True
1972,4,bar_u,26078,26071,10000,1,False,10000,1,False,10000,1,False,True
1973,4,bar_u,26139,26132,10000,1,False,10000,1,False,10000,1,False,True
1974,4,bar_u,26141,26134,10000,1,False,10000,1,False,10000,1,False,True
1975,4,bar_u,26195,26188,10000,1,False,10000,1,False,10000,1,False,True
1976,4,bar_u,26204,26197,10000,1,False,10000,1,False,10000,1,False,True
1977,4,bar_u,26267,26260,10000,1,False,10000,1,False,10000,1,False,True
1978,4,bar_u,26330,26323,10000,1,False,10000,1,False,10000,1,False,True
1979,4,bar_u,26391,26384,10000,1,False,10000,1,False,10000,1,False,True
1980,4,bar_u,26393,26386,10000,1,False,10000,1,False,10000,1,False,True
1981,4,bar_u,26454,26447,10000,1,False,10000,1,False,10000,1,False,True
1982,4,bar_u,26456,26449,10000,1,False,10000,1,False,10000,1,False,True
1983,4,bar_u,26510,26503,10000,1,False,10000,1,False,10000,1,False,True
1984,4,bar_u,26519,26512,10000,1,False,10000,1,False,10000,1,False,True
1985,4,bar_u,26582,26575,10000,1,False,10000,1,False,10000,1,False,True
1986,4,bar_u,26645,26638,10000,1,False,10000,1,False,10000,1,False,True
1987,4,bar_u,26706,26699,10000,1,False,10000,1,False,10000,1,False,True
1988,4,bar_u,26708,26701,10000,1,False,10000,1,False,10000,1,False,True
1989,4,bar_u,26769,26762,10000,1,False,10000,1,False,10000,1,False,True
1990,4,bar_u,26771,26764,10000,1,False,10000,1,False,10000,1,False,True
1991,4,bar_u,26825,26818,10000,1,False,10000,1,False,10000,1,False,True
1992,4,bar_u,26834,26827,10000,1,False,10000,1,False,10000,1,False,True
1993,4,bar_u,26897,26890,10000,1,False,10000,1,False,10000,1,False,True
1994,4,bar_u,26960,26953,10000,1,False,10000,1,False,10000,1,False,True
1995,4,bar_u,27023,27016,10000,1,False,10000,1,False,10000,1,False,True
1996,4,bar_u,27086,27079,10000,1,False,10000,1,False,10000,1,False,True
1997,4,bar_u,27140,27133,10000,1,False,10000,1,False,10000,1,False,True
1998,4,bar_u,27149,27142,10000,1,False,10000,1,False,10000,1,False,True
1999,4,bar_u,27212,27205,10000,1,False,10000,1,False,10000,1,False,True
2000,4,bar_u,27275,27268,10000,1,False,10000,1,False,10000,1,False,True
2001,4,bar_u,27338,27331,10000,1,False,10000,1,False,10000,1,False,True
2002,4,bar_u,27401,27394,10000,1,False,10000,1,False,10000,1,False,True
2003,4,bar_u,27455,27448,10000,1,False,10000,1,False,10000,1,False,True
2004,4,bar_u,27464,27457,10000,1,False,10000,1,False,10000,1,False,True
2005,4,bar_u,27527,27520,10000,1,False,10000,1,False,10000,1,False,True
2006,4,bar_u,27590,27583,10000,1,False,10000,1,False,10000,1,False,True
2007,4,bar_u,27653,27646,10000,1,False,10000,1,False,10000,1,False,True
2008,4,bar_u,27716,27709,10000,1,False,10000,1,False,10000,1,False,True
2009,4,bar_u,27770,27763,10000,1,False,10000,1,False,10000,1,False,True
2010,4,bar_u,27779,27772,10000,1,False,10000,1,False,10000,1,False,True
2011,4,bar_u,27842,27835,10000,1,False,10000,1,False,10000,1,False,True
2012,4,bar_u,27905,27898,10000,1,False,10000,1,False,10000,1,False,True
2013,4,bar_u,27966,27959,10000,1,False,10000,1,False,10000,1,False,True
2014,4,bar_u,27968,27961,10000,1,False,10000,1,False,10000,1,False,True
2015,4,bar_u,28029,28022,10000,1,False,10000,1,False,10000,1,False,True
2016,4,bar_u,28031,28024,10000,1,False,10000,1,False,10000,1,False,True
2017,4,bar_u,28085,28078,10000,1,False,10000,1,False,10000,1,False,True
2018,4,bar_u,28094,28087,10000,1,False,10000,1,False,10000,1,False,True
2019,4,bar_u,28157,28150,10000,1,False,10000,1,False,10000,1,False,True
2020,4,bar_u,28220,28213,10000,1,False,10000,1,False,10000,1,False,True
2021,4,bar_u,28281,28274,10000,1,False,10000,1,False,10000,1,False,True
2022,4,bar_u,28283,28276,10000,1,False,10000,1,False,10000,1,False,True
2023,4,bar_u,28344,28337,10000,1,False,10000,1,False,10000,1,False,True
2024,4,bar_u,28346,28339,10000,1,False,10000,1,False,10000,1,False,True
2025,4,bar_u,29345,29338,10000,1,False,10000,1,False,10000,1,False,True
2026,4,bar_u,29354,29347,10000,1,False,10000,1,False,10000,1,False,True
2027,4,bar_u,29417,29410,10000,1,False,10000,1,False,10000,1,False,True
2028,4,bar_u,29480,29473,10000,1,False,10000,1,False,10000,1,False,True
2029,4,bar_u,29541,29534,10000,1,False,10000,1,False,10000,1,False,True
2030,4,bar_u,29543,29536,10000,1,False,10000,1,False,10000,1,False,True
2031,4,bar_u,29604,29597,10000,1,False,10000,1,False,10000,1,False,True
2032,4,bar_u,29606,29599,10000,1,False,10000,1,False,10000,1,False,True
2033,4,bar_u,29660,29653,10000,1,False,10000,1,False,10000,1,False,True
2034,4,bar_u,29669,29662,10000,1,False,10000,1,False,10000,1,False,True
2035,4,bar_u,29732,29725,10000,1,False,10000,1,False,10000,1,False,True
2036,4,bar_u,29795,29788,10000,1,False,10000,1,False,10000,1,False,True
2037,4,bar_u,29856,29849,10000,1,False,10000,1,False,10000,1,False,True
2038,4,bar_u,29858,29851,10000,1,False,10000,1,False,10000,1,False,True
2039,4,bar_u,29919,29912,10000,1,False,10000,1,False,10000,1,False,True
2040,4,bar_u,29921,29914,10000,1,False,10000,1,False,10000,1,False,True
2041,4,bar_u,30920,30913,10000,1,False,10000,1,False,10000,1,False,True
2042,4,bar_u,30929,30922,10000,1,False,10000,1,False,10000,1,False,True
2043,4,bar_u,30992,30985,10000,1,False,10000,1,False,10000,1,False,True
2044,4,bar_u,31055,31048,10000,1,False,10000,1,False,10000,1,False,True
2045,4,bar_u,31118,31111,10000,1,False,10000,1,False,10000,1,False,True
2046,4,bar_u,31181,31174,10000,1,False,10000,1,False,10000,1,False,True
2047,4,bar_u,31235,31228,10000,1,False,10000,1,False,10000,1,False,True
2048,4,bar_u,31244,31237,10000,1,False,10000,1,False,10000,1,False,True
2049,4,bar_u,31307,31300,10000,1,False,10000,1,False,10000,1,False,True
2050,4,bar_u,31370,31363,10000,1,False,10000,1,False,10000,1,False,True
2051,4,bar_u,31433,31426,10000,1,False,10000,1,False,10000,1,False,True
2052,4,bar_u,31496,31489,10000,1,False,10000,1,False,10000,1,False,True
2053,4,bar_u,42771,42764,10000,1,False,10000,1,False,10000,1,False,True
2054,4,bar_u,42834,42827,10000,1,False,10000,1,False,10000,1,False,True
2055,4,bar_u,43086,43079,10000,1,False,10000,1,False,10000,1,False,True
2056,4,bar_u,43149,43142,10000,1,False,10000,1,False,10000,1,False,True
2057,4,bar_u,43401,43394,10000,1,False,10000,1,False,10000,1,False,True
2058,4,bar_u,43464,43457,10000,1,False,10000,1,False,10000,1,False,True
2059,4,bar_u,43716,43709,10000,1,False,10000,1,False,10000,1,False,True
2060,4,bar_u,43779,43772,10000,1,False,10000,1,False,10000,1,False,True
2061,4,bar_u,44031,44024,10000,1,False,10000,1,False,10000,1,False,True
2062,4,bar_u,44094,44087,10000,1,False,10000,1,False,10000,1,False,True
2063,4,bar_u,44150,44143,10000,1,False,10000,1,False,10000,1,False,True
2064,4,bar_u,44159,44152,10000,1,False,10000,1,False,10000,1,False,True
2065,4,bar_u,44222,44215,10000,1,False,10000,1,False,10000,1,False,True
2066,4,bar_u,44285,44278,10000,1,False,10000,1,False,10000,1,False,True
2067,4,bar_u,44346,44339,10000,1,False,10000,1,False,10000,1,False,True
2068,4,bar_u,44348,44341,10000,1,False,10000,1,False,10000,1,False,True
2069,4,bar_u,44409,44402,10000,1,False,10000,1,False,10000,1,False,True
2070,4,bar_u,44411,44404,10000,1,False,10000,1,False,10000,1,False,True
2071,4,bar_u,44465,44458,10000,1,False,10000,1,False,10000,1,False,True
2072,4,bar_u,44474,44467,10000,1,False,10000,1,False,10000,1,False,True
2073,4,bar_u,44537,44530,10000,1,False,10000,1,False,10000,1,False,True
2074,4,bar_u,44600,44593,10000,1,False,10000,1,False,10000,1,False,True
2075,4,bar_u,44661,44654,10000,1,False,10000,1,False,10000,1,False,True
2076,4,bar_u,44663,44656,10000,1,False,10000,1,False,10000,1,False,True
2077,4,bar_u,44724,44717,10000,1,False,10000,1,False,10000,1,False,True
2078,4,bar_u,44726,44719,10000,1,False,10000,1,False,10000,1,False,True
2079,4,bar_u,44780,44773,10000,1,False,10000,1,False,10000,1,False,True
2080,4,bar_u,44789,44782,10000,1,False,10000,1,False,10000,1,False,True
2081,4,bar_u,44852,44845,10000,1,False,10000,1,False,10000,1,False,True
2082,4,bar_u,44915,44908,10000,1,False,10000,1,False,10000,1,False,True
2083,4,bar_u,44976,44969,10000,1,False,10000,1,False,10000,1,False,True
2084,4,bar_u,44978,44971,10000,1,False,10000,1,False,10000,1,False,True
2085,4,bar_u,45039,45032,10000,1,False,10000,1,False,10000,1,False,True
2086,4,bar_u,45041,45034,10000,1,False,10000,1,False,10000,1,False,True
2087,4,bar_u,45095,45088,10000,1,False,10000,1,False,10000,1,False,True
2088,4,bar_u,45104,45097,10000,1,False,10000,1,False,10000,1,False,True
2089,4,bar_u,45167,45160,10000,1,False,10000,1,False,10000,1,False,True
2090,4,bar_u,45230,45223,10000,1,False,10000,1,False,10000,1,False,True
2091,4,bar_u,45291,45284,10000,1,False,10000,1,False,10000,1,False,True
2092,4,bar_u,45293,45286,10000,1,False,10000,1,False,10000,1,False,True
2093,4,bar_u,45354,45347,10000,1,False,10000,1,False,10000,1,False,True
2094,4,bar_u,45356,45349,10000,1,False,10000,1,False,10000,1,False,True
2095,4,bar_u,45410,45403,10000,1,False,10000,1,False,10000,1,False,True
2096,4,bar_u,45419,45412,10000,1,False,10000,1,False,10000,1,False,True
2097,4,bar_u,45482,45475,10000,1,False,10000,1,False,10000,1,False,True
2098,4,bar_u,45545,45538,10000,1,False,10000,1,False,10000,1,False,True
2099,4,bar_u,45606,45599,10000,1,False,10000,1,False,10000,1,False,True
2100,4,bar_u,45608,45601,10000,1,False,10000,1,False,10000,1,False,True
2101,4,bar_u,45669,45662,10000,1,False,10000,1,False,10000,1,False,True
2102,4,bar_u,45671,45664,10000,1,False,10000,1,False,10000,1,False,True
2103,4,bar_u,45725,45718,10000,1,False,10000,1,False,10000,1,False,True
2104,4,bar_u,45734,45727,10000,1,False,10000,1,False,10000,1,False,True
2105,4,bar_u,45797,45790,10000,1,False,10000,1,False,10000,1,False,True
2106,4,bar_u,45860,45853,10000,1,False,10000,1,False,10000,1,False,True
2107,4,bar_u,45921,45914,10000,1,False,10000,1,False,10000,1,False,True
2108,4,bar_u,45923,45916,10000,1,False,10000,1,False,10000,1,False,True
2109,4,bar_u,45984,45977,10000,1,False,10000,1,False,10000,1,False,True
2110,4,bar_u,45986,45979,10000,1,False,10000,1,False,10000,1,False,True
2111,4,bar_u,46040,46033,10000,1,False,10000,1,False,10000,1,False,True
2112,4,bar_u,46049,46042,10000,1,False,10000,1,False,10000,1,False,True
2113,4,bar_u,46112,46105,10000,1,False,10000,1,False,10000,1,False,True
2114,4,bar_u,46175,46168,10000,1,False,10000,1,False,10000,1,False,True
2115,4,bar_u,46236,46229,10000,1,False,10000,1,False,10000,1,False,True
2116,4,bar_u,46238,46231,10000,1,False,10000,1,False,10000,1,False,True
2117,4,bar_u,46299,46292,10000,1,False,10000,1,False,10000,1,False,True
2118,4,bar_u,46301,46294,10000,1,False,10000,1,False,10000,1,False,True
2119,4,bar_u,46355,46348,10000,1,False,10000,1,False,10000,1,False,True
2120,4,bar_u,46364,46357,10000,1,False,10000,1,False,10000,1,False,True
2121,4,bar_u,46427,46420,10000,1,False,10000,1,False,10000,1,False,True
2122,4,bar_u,46490,46483,10000,1,False,10000,1,False,10000,1,False,True
2123,4,bar_u,46551,46544,10000,1,False,10000,1,False,10000,1,False,True
2124,4,bar_u,46553,46546,10000,1,False,10000,1,False,10000,1,False,True
2125,4,bar_u,46614,46607,10000,1,False,10000,1,False,10000,1,False,True
2126,4,bar_u,46616,46609,10000,1,False,10000,1,False,10000,1,False,True
2127,4,bar_u,46670,46663,10000,1,False,10000,1,False,10000,1,False,True
2128,4,bar_u,46679,46672,10000,1,False,10000,1,False,10000,1,False,True
2129,4,bar_u,46742,46735,10000,1,False,10000,1,False,10000,1,False,True
2130,4,bar_u,46805,46798,10000,1,False,10000,1,False,10000,1,False,True
2131,4,bar_u,46866,46859,10000,1,False,10000,1,False,10000,1,False,True
2132,4,bar_u,46868,46861,10000,1,False,10000,1,False,10000,1,False,True
2133,4,bar_u,46929,46922,10000,1,False,10000,1,False,10000,1,False,True
2134,4,bar_u,46931,46924,10000,1,False,10000,1,False,10000,1,False,True
2135,4,bar_u,46985,46978,10000,1,False,10000,1,False,10000,1,False,True
2136,4,bar_u,46994,46987,10000,1,False,10000,1,False,10000,1,False,True
2137,4,bar_u,47057,47050,10000,1,False,10000,1,False,10000,1,False,True
2138,4,bar_u,47120,47113,10000,1,False,10000,1,False,10000,1,False,True
2139,4,bar_u,47181,47174,10000,1,False,10000,1,False,10000,1,False,True
2140,4,bar_u,47183,47176,10000,1,False,10000,1,False,10000,1,False,True
2141,4,bar_u,47244,47237,10000,1,False,10000,1,False,10000,1,False,True
2142,4,bar_u,47246,47239,10000,1,False,10000,1,False,10000,1,False,True
2143,4,bar_u,47300,47293,10000,1,False,10000,1,False,10000,1,False,True
2144,4,bar_u,47309,47302,10000,1,False,10000,1,False,10000,1,False,True
2145,4,bar_u,47372,47365,10000,1,False,10000,1,False,10000,1,False,True
2146,4,bar_u,47435,47428,10000,1,False,10000,1,False,10000,1,False,True
2147,4,bar_u,47496,47489,10000,1,False,10000,1,False,10000,1,False,True
2148,4,bar_u,47498,47491,10000,1,False,10000,1,False,10000,1,False,True
2149,4,bar_u,47559,47552,10000,1,False,10000,1,False,10000,1,False,True
2150,4,bar_u,47561,47554,10000,1,False,10000,1,False,10000,1,False,True
2151,4,bar_u,47615,47608,10000,1,False,10000,1,False,10000,1,False,True
2152,4,bar_u,47624,47617,10000,1,False,10000,1,False,10000,1,False,True
2153,4,bar_u,47687,47680,10000,1,False,10000,1,False,10000,1,False,True
2154,4,bar_u,47750,47743,10000,1,False,10000,1,False,10000,1,False,True
2155,4,bar_u,47811,47804,10000,1,False,10000,1,False,10000,1,False,True
2156,4,bar_u,47813,47806,10000,1,False,10000,1,False,10000,1,False,True
2157,4,bar_u,47874,47867,10000,1,False,10000,1,False,10000,1,False,True
2158,4,bar_u,47876,47869,10000,1,False,10000,1,False,10000,1,False,True
2159,4,bar_u,47930,47923,10000,1,False,10000,1,False,10000,1,False,True
2160,4,bar_u,47939,47932,10000,1,False,10000,1,False,10000,1,False,True
2161,4,bar_u,48002,47995,10000,1,False,10000,1,False,10000,1,False,True
2162,4,bar_u,48065,48058,10000,1,False,10000,1,False,10000,1,False,True
2163,4,bar_u,48126,48119,10000,1,False,10000,1,False,10000,1,False,True
2164,4,bar_u,48128,48121,10000,1,False,10000,1,False,10000,1,False,True
2165,4,bar_u,48189,48182,10000,1,False,10000,1,False,10000,1,False,True
2166,4,bar_u,48191,48184,10000,1,False,10000,1,False,10000,1,False,True
2167,4,bar_u,48245,48238,10000,1,False,10000,1,False,10000,1,False,True
2168,4,bar_u,48254,48247,10000,1,False,10000,1,False,10000,1,False,True
2169,4,bar_u,48317,48310,10000,1,False,10000,1,False,10000,1,False,True
2170,4,bar_u,48380,48373,10000,1,False,10000,1,False,10000,1,False,True
2171,4,bar_u,48441,48434,10000,1,False,10000,1,False,10000,1,False,True
2172,4,bar_u,48443,48436,10000,1,False,10000,1,False,10000,1,False,True
2173,4,bar_u,48504,48497,10000,1,False,10000,1,False,10000,1,False,True
2174,4,bar_u,48506,48499,10000,1,False,10000,1,False,10000,1,False,True
2175,4,bar_u,48560,48553,10000,1,False,10000,1,False,10000,1,False,True
2176,4,bar_u,48569,48562,10000,1,False,10000,1,False,10000,1,False,True
2177,4,bar_u,48632,48625,10000,1,False,10000,1,False,10000,1,False,True
2178,4,bar_u,48695,48688,10000,1,False,10000,1,False,10000,1,False,True
2179,4,bar_u,48756,48749,10000,1,False,10000,1,False,10000,1,False,True
2180,4,bar_u,48758,48751,10000,1,False,10000,1,False,10000,1,False,True
2181,4,bar_u,48819,48812,10000,1,False,10000,1,False,10000,1,False,True
2182,4,bar_u,48821,48814,10000,1,False,10000,1,False,10000,1,False,True
2183,4,bar_u,48875,48868,10000,1,False,10000,1,False,10000,1,False,True
2184,4,bar_u,48884,48877,10000,1,False,10000,1,False,10000,1,False,True
2185,4,bar_u,48947,48940,10000,1,False,10000,1,False,10000,1,False,True
2186,4,bar_u,49010,49003,10000,1,False,10000,1,False,10000,1,False,True
2187,4,bar_u,49071,49064,10000,1,False,10000,1,False,10000,1,False,True
2188,4,bar_u,49073,49066,10000,1,False,10000,1,False,10000,1,False,True
2189,4,bar_u,49134,49127,10000,1,False,10000,1,False,10000,1,False,True
2190,4,bar_u,49136,49129,10000,1,False,10000,1,False,10000,1,False,True
2191,4,bar_u,49190,49183,10000,1,False,10000,1,False,10000,1,False,True
2192,4,bar_u,49199,49192,10000,1,False,10000,1,False,10000,1,False,True
2193,4,bar_u,49262,49255,10000,1,False,10000,1,False,10000,1,False,True
2194,4,bar_u,49325,49318,10000,1,False,10000,1,False,10000,1,False,True
2195,4,bar_u,49386,49379,10000,1,False,10000,1,False,10000,1,False,True
2196,4,bar_u,49388,49381,10000,1,False,10000,1,False,10000,1,False,True
2197,4,bar_u,49449,49442,10000,1,False,10000,1,False,10000,1,False,True
2198,4,bar_u,49451,49444,10000,1,False,10000,1,False,10000,1,False,True
2199,4,bar_u,49505,49498,10000,1,False,10000,1,False,10000,1,False,True
2200,4,bar_u,49514,49507,10000,1,False,10000,1,False,10000,1,False,True
2201,4,bar_u,49577,49570,10000,1,False,10000,1,False,10000,1,False,True
2202,4,bar_u,49640,49633,10000,1,False,10000,1,False,10000,1,False,True
2203,4,bar_u,49701,49694,10000,1,False,10000,1,False,10000,1,False,True
2204,4,bar_u,49703,49696,10000,1,False,10000,1,False,10000,1,False,True
2205,4,bar_u,49764,49757,10000,1,False,10000,1,False,10000,1,False,True
2206,4,bar_u,49766,49759,10000,1,False,10000,1,False,10000,1,False,True
2207,4,bar_u,49820,49813,10000,1,False,10000,1,False,10000,1,False,True
2208,4,bar_u,49829,49822,10000,1,False,10000,1,False,10000,1,False,True
2209,4,bar_u,49892,49885,10000,1,False,10000,1,False,10000,1,False,True
2210,4,bar_u,49955,49948,10000,1,False,10000,1,False,10000,1,False,True
2211,4,bar_u,50016,50009,10000,1,False,10000,1,False,10000,1,False,True
2212,4,bar_u,50018,50011,10000,1,False,10000,1,False,10000,1,False,True
2213,4,bar_u,50079,50072,10000,1,False,10000,1,False,10000,1,False,True
2214,4,bar_u,50081,50074,10000,1,False,10000,1,False,10000,1,False,True
2215,4,bar_u,50135,50128,10000,1,False,10000,1,False,10000,1,False,True
2216,4,bar_u,50144,50137,10000,1,False,10000,1,False,10000,1,False,True
2217,4,bar_u,50207,50200,10000,1,False,10000,1,False,10000,1,False,True
2218,4,bar_u,50270,50263,10000,1,False,10000,1,False,10000,1,False,True
2219,4,bar_u,50331,50324,10000,1,False,10000,1,False,10000,1,False,True
2220,4,bar_u,50333,50326,10000,1,False,10000,1,False,10000,1,False,True
2221,4,bar_u,50394,50387,10000,1,False,10000,1,False,10000,1,False,True
2222,4,bar_u,50396,50389,10000,1,False,10000,1,False,10000,1,False,True
2223,4,bar_u,50450,50443,10000,1,False,10000,1,False,10000,1,False,True
2224,4,bar_u,50459,50452,10000,1,False,10000,1,False,10000,1,False,True
2225,4,bar_u,50522,50515,10000,1,False,10000,1,False,10000,1,False,True
2226,4,bar_u,50585,50578,10000,1,False,10000,1,False,10000,1,False,True
2227,4,bar_u,50648,50641,10000,1,False,10000,1,False,10000,1,False,True
2228,4,bar_u,50711,50704,10000,1,False,10000,1,False,10000,1,False,True
2229,4,bar_u,50765,50758,10000,1,False,10000,1,False,10000,1,False,True
2230,4,bar_u,50774,50767,10000,1,False,10000,1,False,10000,1,False,True
2231,4,bar_u,50837,50830,10000,1,False,10000,1,False,10000,1,False,True
2232,4,bar_u,50900,50893,10000,1,False,10000,1,False,10000,1,False,True
2233,4,bar_u,50963,50956,10000,1,False,10000,1,False,10000,1,False,True
2234,4,bar_u,51026,51019,10000,1,False,10000,1,False,10000,1,False,True
2235,4,bar_u,51080,51073,10000,1,False,10000,1,False,10000,1,False,True
2236,4,bar_u,51089,51082,10000,1,False,10000,1,False,10000,1,False,True
2237,4,bar_u,51152,51145,10000,1,False,10000,1,False,10000,1,False,True
2238,4,bar_u,51215,51208,10000,1,False,10000,1,False,10000,1,False,True
2239,4,bar_u,51278,51271,10000,1,False,10000,1,False,10000,1,False,True
2240,4,bar_u,51341,51334,10000,1,False,10000,1,False,10000,1,False,True
2241,4,bar_u,51395,51388,10000,1,False,10000,1,False,10000,1,False,True
2242,4,bar_u,51404,51397,10000,1,False,10000,1,False,10000,1,False,True
2243,4,bar_u,51467,51460,10000,1,False,10000,1,False,10000,1,False,True
2244,4,bar_u,51530,51523,10000,1,False,10000,1,False,10000,1,False,True
2245,4,bar_u,51591,51584,10000,1,False,10000,1,False,10000,1,False,True
2246,4,bar_u,51593,51586,10000,1,False,10000,1,False,10000,1,False,True
2247,4,bar_u,51654,51647,10000,1,False,10000,1,False,10000,1,False,True
2248,4,bar_u,51656,51649,10000,1,False,10000,1,False,10000,1,False,True
2249,4,bar_u,51710,51703,10000,1,False,10000,1,False,10000,1,False,True
2250,4,bar_u,51719,51712,10000,1,False,10000,1,False,10000,1,False,True
2251,4,bar_u,51782,51775,10000,1,False,10000,1,False,10000,1,False,True
2252,4,bar_u,51845,51838,10000,1,False,10000,1,False,10000,1,False,True
2253,4,bar_u,51906,51899,10000,1,False,10000,1,False,10000,1,False,True
2254,4,bar_u,51908,51901,10000,1,False,10000,1,False,10000,1,False,True
2255,4,bar_u,51969,51962,10000,1,False,10000,1,False,10000,1,False,True
2256,4,bar_u,51971,51964,10000,1,False,10000,1,False,10000,1,False,True
2257,4,bar_u,52970,52963,10000,1,False,10000,1,False,10000,1,False,True
2258,4,bar_u,52979,52972,10000,1,False,10000,1,False,10000,1,False,True
2259,4,bar_u,53042,53035,10000,1,False,10000,1,False,10000,1,False,True
2260,4,bar_u,53105,53098,10000,1,False,10000,1,False,10000,1,False,True
2261,4,bar_u,53166,53159,10000,1,False,10000,1,False,10000,1,False,True
2262,4,bar_u,53168,53161,10000,1,False,10000,1,False,10000,1,False,True
2263,4,bar_u,53229,53222,10000,1,False,10000,1,False,10000,1,False,True
2264,4,bar_u,53231,53224,10000,1,False,10000,1,False,10000,1,False,True
2265,4,bar_u,53285,53278,10000,1,False,10000,1,False,10000,1,False,True
2266,4,bar_u,53294,53287,10000,1,False,10000,1,False,10000,1,False,True
2267,4,bar_u,53357,53350,10000,1,False,10000,1,False,10000,1,False,True
2268,4,bar_u,53420,53413,10000,1,False,10000,1,False,10000,1,False,True
2269,4,bar_u,53481,53474,10000,1,False,10000,1,False,10000,1,False,True
2270,4,bar_u,53483,53476,10000,1,False,10000,1,False,10000,1,False,True
2271,4,bar_u,53544,53537,10000,1,False,10000,1,False,10000,1,False,True
2272,4,bar_u,53546,53539,10000,1,False,10000,1,False,10000,1,False,True
2273,4,bar_u,54545,54538,10000,1,False,10000,1,False,10000,1,False,True
2274,4,bar_u,54554,54547,10000,1,False,10000,1,False,10000,1,False,True
2275,4,bar_u,54617,54610,10000,1,False,10000,1,False,10000,1,False,True
2276,4,bar_u,54680,54673,10000,1,False,10000,1,False,10000,1,False,True
2277,4,bar_u,54743,54736,10000,1,False,10000,1,False,10000,1,False,True
2278,4,bar_u,54806,54799,10000,1,False,10000,1,False,10000,1,False,True
2279,4,bar_u,54860,54853,10000,1,False,10000,1,False,10000,1,False,True
2280,4,bar_u,54869,54862,10000,1,False,10000,1,False,10000,1,False,True
2281,4,bar_u,54932,54925,10000,1,False,10000,1,False,10000,1,False,True
2282,4,bar_u,54995,54988,10000,1,False,10000,1,False,10000,1,False,True
2283,4,bar_u,55058,55051,10000,1,False,10000,1,False,10000,1,False,True
2284,4,bar_u,55121,55114,10000,1,False,10000,1,False,10000,1,False,True
2285,4,bar_u,56120,56113,10000,1,False,10000,1,False,10000,1,False,True
2286,4,bar_u,56129,56122,10000,1,False,10000,1,False,10000,1,False,True
2287,4,bar_u,56192,56185,10000,1,False,10000,1,False,10000,1,False,True
2288,4,bar_u,56255,56248,10000,1,False,10000,1,False,10000,1,False,True
2289,4,bar_u,56318,56311,10000,1,False,10000,1,False,10000,1,False,True
2290,4,bar_u,56381,56374,10000,1,False,10000,1,False,10000,1,False,True
2291,4,bar_u,56435,56428,10000,1,False,10000,1,False,10000,1,False,True
2292,4,bar_u,56444,56437,10000,1,False,10000,1,False,10000,1,False,True
2293,4,bar_u,56507,56500,10000,1,False,10000,1,False,10000,1,False,True
2294,4,bar_u,56570,56563,10000,1,False,10000,1,False,10000,1,False,True
2295,4,bar_u,56633,56626,10000,1,False,10000,1,False,10000,1,False,True
2296,4,bar_u,56696,56689,10000,1,False,10000,1,False,10000,1,False,True
2297,4,bar_u,63246,63239,10000,1,False,10000,1,False,10000,1,False,True
2298,4,bar_u,63309,63302,10000,1,False,10000,1,False,10000,1,False,True
2299,4,bar_u,63561,63554,10000,1,False,10000,1,False,10000,1,False,True
2300,4,bar_u,63624,63617,10000,1,False,10000,1,False,10000,1,False,True
2301,4,bar_u,63876,63869,10000,1,False,10000,1,False,10000,1,False,True
2302,4,bar_u,63939,63932,10000,1,False,10000,1,False,10000,1,False,True
2303,4,bar_u,64191,64184,10000,1,False,10000,1,False,10000,1,False,True
2304,4,bar_u,64254,64247,10000,1,False,10000,1,False,10000,1,False,True
2305,4,bar_u,64506,64499,10000,1,False,10000,1,False,10000,1,False,True
2306,4,bar_u,64569,64562,10000,1,False,10000,1,False,10000,1,False,True
2307,4,bar_u,64625,64618,10000,1,False,10000,1,False,10000,1,False,True
2308,4,bar_u,64634,64627,10000,1,False,10000,1,False,10000,1,False,True
2309,4,bar_u,64697,64690,10000,1,False,10000,1,False,10000,1,False,True
2310,4,bar_u,64760,64753,10000,1,False,10000,1,False,10000,1,False,True
2311,4,bar_u,64821,64814,10000,1,False,10000,1,False,10000,1,False,True
2312,4,bar_u,64823,64816,10000,1,False,10000,1,False,10000,1,False,True
2313,4,bar_u,64884,64877,10000,1,False,10000,1,False,10000,1,False,True
2314,4,bar_u,64886,64879,10000,1,False,10000,1,False,10000,1,False,True
2315,4,bar_u,64940,64933,10000,1,False,10000,1,False,10000,1,False,True
2316,4,bar_u,64949,64942,10000,1,False,10000,1,False,10000,1,False,True
2317,4,bar_u,65012,65005,10000,1,False,10000,1,False,10000,1,False,True
2318,4,bar_u,65075,65068,10000,1,False,10000,1,False,10000,1,False,True
2319,4,bar_u,65136,65129,10000,1,False,10000,1,False,10000,1,False,True
2320,4,bar_u,65138,65131,10000,1,False,10000,1,False,10000,1,False,True
2321,4,bar_u,65199,65192,10000,1,False,10000,1,False,10000,1,False,True
2322,4,bar_u,65201,65194,10000,1,False,10000,1,False,10000,1,False,True
2323,4,bar_u,65255,65248,10000,1,False,10000,1,False,10000,1,False,True
2324,4,bar_u,65264,65257,10000,1,False,10000,1,False,10000,1,False,True
2325,4,bar_u,65327,65320,10000,1,False,10000,1,False,10000,1,False,True
2326,4,bar_u,65390,65383,10000,1,False,10000,1,False,10000,1,False,True
2327,4,bar_u,65451,65444,10000,1,False,10000,1,False,10000,1,False,True
2328,4,bar_u,65453,65446,10000,1,False,10000,1,False,10000,1,False,True
2329,4,bar_u,65514,65507,10000,1,False,10000,1,False,10000,1,False,True
2330,4,bar_u,65516,65509,10000,1,False,10000,1,False,10000,1,False,True
2331,4,bar_u,65570,65563,10000,1,False,10000,1,False,10000,1,False,True
2332,4,bar_u,65579,65572,10000,1,False,10000,1,False,10000,1,False,True
2333,4,bar_u,65642,65635,10000,1,False,10000,1,False,10000,1,False,True
2334,4,bar_u,65705,65698,10000,1,False,10000,1,False,10000,1,False,True
2335,4,bar_u,65766,65759,10000,1,False,10000,1,False,10000,1,False,True
2336,4,bar_u,65768,65761,10000,1,False,10000,1,False,10000,1,False,True
2337,4,bar_u,65829,65822,10000,1,False,10000,1,False,10000,1,False,True
2338,4,bar_u,65831,65824,10000,1,False,10000,1,False,10000,1,False,True
2339,4,bar_u,65885,65878,10000,1,False,10000,1,False,10000,1,False,True
2340,4,bar_u,65894,65887,10000,1,False,10000,1,False,10000,1,False,True
2341,4,bar_u,65957,65950,10000,1,False,10000,1,False,10000,1,False,True
2342,4,bar_u,66020,66013,10000,1,False,10000,1,False,10000,1,False,True
2343,4,bar_u,66081,66074,10000,1,False,10000,1,False,10000,1,False,True
2344,4,bar_u,66083,66076,10000,1,False,10000,1,False,10000,1,False,True
2345,4,bar_u,66144,66137,10000,1,False,10000,1,False,10000,1,False,True
2346,4,bar_u,66146,66139,10000,1,False,10000,1,False,10000,1,False,True
2347,4,bar_u,66200,66193,10000,1,False,10000,1,False,10000,1,False,True
2348,4,bar_u,66209,66202,10000,1,False,10000,1,False,10000,1,False,True
2349,4,bar_u,66272,66265,10000,1,False,10000,1,False,10000,1,False,True
2350,4,bar_u,66335,66328,10000,1,False,10000,1,False,10000,1,False,True
2351,4,bar_u,66396,66389,10000,1,False,10000,1,False,10000,1,False,True
2352,4,bar_u,66398,66391,10000,1,False,10000,1,False,10000,1,False,True
2353,4,bar_u,66459,66452,10000,1,False,10000,1,False,10000,1,False,True
2354,4,bar_u,66461,66454,10000,1,False,10000,1,False,10000,1,False,True
2355,4,bar_u,66515,66508,10000,1,False,10000,1,False,10000,1,False,True
2356,4,bar_u,66524,66517,10000,1,False,10000,1,False,10000,1,False,True
2357,4,bar_u,66587,66580,10000,1,False,10000,1,False,10000,1,False,True
2358,4,bar_u,66650,66643,10000,1,False,10000,1,False,10000,1,False,True
2359,4,bar_u,66711,66704,10000,1,False,10000,1,False,10000,1,False,True
2360,4,bar_u,66713,66706,10000,1,False,10000,1,False,10000,1,False,True
2361,4,bar_u,66774,66767,10000,1,False,10000,1,False,10000,1,False,True
2362,4,bar_u,66776,66769,10000,1,False,10000,1,False,10000,1,False,True
2363,4,bar_u,66830,66823,10000,1,False,10000,1,False,10000,1,False,True
2364,4,bar_u,66839,66832,10000,1,False,10000,1,False,10000,1,False,True
2365,4,bar_u,66902,66895,10000,1,False,10000,1,False,10000,1,False,True
2366,4,bar_u,66965,66958,10000,1,False,10000,1,False,10000,1,False,True
2367,4,bar_u,67026,67019,10000,1,False,10000,1,False,10000,1,False,True
2368,4,bar_u,67028,67021,10000,1,False,10000,1,False,10000,1,False,True
2369,4,bar_u,67089,67082,10000,1,False,10000,1,False,10000,1,False,True
2370,4,bar_u,67091,67084,10000,1,False,10000,1,False,10000,1,False,True
2371,4,bar_u,67145,67138,10000,1,False,10000,1,False,10000,1,False,True
2372,4,bar_u,67154,67147,10000,1,False,10000,1,False,10000,1,False,True
2373,4,bar_u,67217,67210,10000,1,False,10000,1,False,10000,1,False,True
2374,4,bar_u,67280,67273,10000,1,False,10000,1,False,10000,1,False,True
2375,4,bar_u,67341,67334,10000,1,False,10000,1,False,10000,1,False,True
2376,4,bar_u,67343,67336,10000,1,False,10000,1,False,10000,1,False,True
2377,4,bar_u,67404,67397,10000,1,False,10000,1,False,10000,1,False,True
2378,4,bar_u,67406,67399,10000,1,False,10000,1,False,10000,1,False,True
2379,4,bar_u,67460,67453,10000,1,False,10000,1,False,10000,1,False,True
2380,4,bar_u,67469,67462,10000,1,False,10000,1,False,10000,1,False,True
2381,4,bar_u,67532,67525,10000,1,False,10000,1,False,10000,1,False,True
2382,4,bar_u,67595,67588,10000,1,False,10000,1,False,10000,1,False,True
2383,4,bar_u,67656,67649,10000,1,False,10000,1,False,10000,1,False,True
2384,4,bar_u,67658,67651,10000,1,False,10000,1,False,10000,1,False,True
2385,4,bar_u,67719,67712,10000,1,False,10000,1,False,10000,1,False,True
2386,4,bar_u,67721,67714,10000,1,False,10000,1,False,10000,1,False,True
2387,4,bar_u,67775,67768,10000,1,False,10000,1,False,10000,1,False,True
2388,4,bar_u,67784,67777,10000,1,False,10000,1,False,10000,1,False,True
2389,4,bar_u,67847,67840,10000,1,False,10000,1,False,10000,1,False,True
2390,4,bar_u,67910,67903,10000,1,False,10000,1,False,10000,1,False,True
2391,4,bar_u,67971,67964,10000,1,False,10000,1,False,10000,1,False,True
2392,4,bar_u,67973,67966,10000,1,False,10000,1,False,10000,1,False,True
2393,4,bar_u,68034,68027,10000,1,False,10000,1,False,10000,1,False,True
2394,4,bar_u,68036,68029,10000,1,False,10000,1,False,10000,1,False,True
2395,4,bar_u,68090,68083,10000,1,False,10000,1,False,10000,1,False,True
2396,4,bar_u,68099,68092,10000,1,False,10000,1,False,10000,1,False,True
2397,4,bar_u,68162,68155,10000,1,False,10000,1,False,10000,1,False,True
2398,4,bar_u,68225,68218,10000,1,False,10000,1,False,10000,1,False,True
2399,4,bar_u,68286,68279,10000,1,False,10000,1,False,10000,1,False,True
2400,4,bar_u,68288,68281,10000,1,False,10000,1,False,10000,1,False,True
2401,4,bar_u,68349,68342,10000,1,False,10000,1,False,10000,1,False,True
2402,4,bar_u,68351,68344,10000,1,False,10000,1,False,10000,1,False,True
2403,4,bar_u,68405,68398,10000,1,False,10000,1,False,10000,1,False,True
2404,4,bar_u,68414,68407,10000,1,False,10000,1,False,10000,1,False,True
2405,4,bar_u,68477,68470,10000,1,False,10000,1,False,10000,1,False,True
2406,4,bar_u,68540,68533,10000,1,False,10000,1,False,10000,1,False,True
2407,4,bar_u,68601,68594,10000,1,False,10000,1,False,10000,1,False,True
2408,4,bar_u,68603,68596,10000,1,False,10000,1,False,10000,1,False,True
2409,4,bar_u,68664,68657,10000,1,False,10000,1,False,10000,1,False,True
2410,4,bar_u,68666,68659,10000,1,False,10000,1,False,10000,1,False,True
2411,4,bar_u,68720,68713,10000,1,False,10000,1,False,10000,1,False,True
2412,4,bar_u,68729,68722,10000,1,False,10000,1,False,10000,1,False,True
2413,4,bar_u,68792,68785,10000,1,False,10000,1,False,10000,1,False,True
2414,4,bar_u,68855,68848,10000,1,False,10000,1,False,10000,1,False,True
2415,4,bar_u,68916,68909,10000,1,False,10000,1,False,10000,1,False,True
2416,4,bar_u,68918,68911,10000,1,False,10000,1,False,10000,1,False,True
2417,4,bar_u,68979,68972,10000,1,False,10000,1,False,10000,1,False,True
2418,4,bar_u,68981,68974,10000,1,False,10000,1,False,10000,1,False,True
2419,4,bar_u,69035,69028,10000,1,False,10000,1,False,10000,1,False,True
2420,4,bar_u,69044,69037,10000,1,False,10000,1,False,10000,1,False,True
2421,4,bar_u,69107,69100,10000,1,False,10000,1,False,10000,1,False,True
2422,4,bar_u,69170,69163,10000,1,False,10000,1,False,10000,1,False,True
2423,4,bar_u,69231,69224,10000,1,False,10000,1,False,10000,1,False,True
2424,4,bar_u,69233,69226,10000,1,False,10000,1,False,10000,1,False,True
2425,4,bar_u,69294,69287,10000,1,False,10000,1,False,10000,1,False,True
2426,4,bar_u,69296,69289,10000,1,False,10000,1,False,10000,1,False,True
2427,4,bar_u,69350,69343,10000,1,False,10000,1,False,10000,1,False,True
2428,4,bar_u,69359,69352,10000,1,False,10000,1,False,10000,1,False,True
2429,4,bar_u,69422,69415,10000,1,False,10000,1,False,10000,1,False,True
2430,4,bar_u,69485,69478,10000,1,False,10000,1,False,10000,1,False,True
2431,4,bar_u,69546,69539,10000,1,False,10000,1,False,10000,1,False,True
2432,4,bar_u,69548,69541,10000,1,False,10000,1,False,10000,1,False,True
2433,4,bar_u,69609,69602,10000,1,False,10000,1,False,10000,1,False,True
2434,4,bar_u,69611,69604,10000,1,False,10000,1,False,10000,1,False,True
2435,4,bar_u,69665,69658,10000,1,False,10000,1,False,10000,1,False,True
2436,4,bar_u,69674,69667,10000,1,False,10000,1,False,10000,1,False,True
2437,4,bar_u,69737,69730,10000,1,False,10000,1,False,10000,1,False,True
2438,4,bar_u,69800,69793,10000,1,False,10000,1,False,10000,1,False,True
2439,4,bar_u,69861,69854,10000,1,False,10000,1,False,10000,1,False,True
2440,4,bar_u,69863,69856,10000,1,False,10000,1,False,10000,1,False,True
2441,4,bar_u,69924,69917,10000,1,False,10000,1,False,10000,1,False,True
2442,4,bar_u,69926,69919,10000,1,False,10000,1,False,10000,1,False,True
2443,4,bar_u,69980,69973,10000,1,False,10000,1,False,10000,1,False,True
2444,4,bar_u,69989,69982,10000,1,False,10000,1,False,10000,1,False,True
2445,4,bar_u,70052,70045,10000,1,False,10000,1,False,10000,1,False,True
2446,4,bar_u,70115,70108,10000,1,False,10000,1,False,10000,1,False,True
2447,4,bar_u,70176,70169,10000,1,False,10000,1,False,10000,1,False,True
2448,4,bar_u,70178,70171,10000,1,False,10000,1,False,10000,1,False,True
2449,4,bar_u,70239,70232,10000,1,False,10000,1,False,10000,1,False,True
2450,4,bar_u,70241,70234,10000,1,False,10000,1,False,10000,1,False,True
2451,4,bar_u,70295,70288,10000,1,False,10000,1,False,10000,1,False,True
2452,4,bar_u,70304,70297,10000,1,False,10000,1,False,10000,1,False,True
2453,4,bar_u,70367,70360,10000,1,False,10000,1,False,10000,1,False,True
2454,4,bar_u,70430,70423,10000,1,False,10000,1,False,10000,1,False,True
2455,4,bar_u,70491,70484,10000,1,False,10000,1,False,10000,1,False,True
2456,4,bar_u,70493,70486,10000,1,False,10000,1,False,10000,1,False,True
2457,4,bar_u,70554,70547,10000,1,False,10000,1,False,10000,1,False,True
2458,4,bar_u,70556,70549,10000,1,False,10000,1,False,10000,1,False,True
2459,4,bar_u,70610,70603,10000,1,False,10000,1,False,10000,1,False,True
2460,4,bar_u,70619,70612,10000,1,False,10000,1,False,10000,1,False,True
2461,4,bar_u,70682,70675,10000,1,False,10000,1,False,10000,1,False,True
2462,4,bar_u,70745,70738,10000,1,False,10000,1,False,10000,1,False,True
2463,4,bar_u,70806,70799,10000,1,False,10000,1,False,10000,1,False,True
2464,4,bar_u,70808,70801,10000,1,False,10000,1,False,10000,1,False,True
2465,4,bar_u,70869,70862,10000,1,False,10000,1,False,10000,1,False,True
2466,4,bar_u,70871,70864,10000,1,False,10000,1,False,10000,1,False,True
2467,4,bar_u,70925,70918,10000,1,False,10000,1,False,10000,1,False,True
2468,4,bar_u,70934,70927,10000,1,False,10000,1,False,10000,1,False,True
2469,4,bar_u,70997,70990,10000,1,False,10000,1,False,10000,1,False,True
2470,4,bar_u,71060,71053,10000,1,False,10000,1,False,10000,1,False,True
2471,4,bar_u,71121,71114,10000,1,False,10000,1,False,10000,1,False,True
2472,4,bar_u,71123,71116,10000,1,False,10000,1,False,10000,1,False,True
2473,4,bar_u,71184,71177,10000,1,False,10000,1,False,10000,1,False,True
2474,4,bar_u,71186,71179,10000,1,False,10000,1,False,10000,1,False,True
2475,4,bar_u,71240,71233,10000,1,False,10000,1,False,10000,1,False,True
2476,4,bar_u,71249,71242,10000,1,False,10000,1,False,10000,1,False,True
2477,4,bar_u,71312,71305,10000,1,False,10000,1,False,10000,1,False,True
2478,4,bar_u,71375,71368,10000,1,False,10000,1,False,10000,1,False,True
2479,4,bar_u,71436,71429,10000,1,False,10000,1,False,10000,1,False,True
2480,4,bar_u,71438,71431,10000,1,False,10000,1,False,10000,1,False,True
2481,4,bar_u,71499,71492,10000,1,False,10000,1,False,10000,1,False,True
2482,4,bar_u,71501,71494,10000,1,False,10000,1,False,10000,1,False,True
2483,4,bar_u,71555,71548,10000,1,False,10000,1,False,10000,1,False,True
2484,4,bar_u,71564,71557,10000,1,False,10000,1,False,10000,1,False,True
2485,4,bar_u,71627,71620,10000,1,False,10000,1,False,10000,1,False,True
2486,4,bar_u,71690,71683,10000,1,False,10000,1,False,10000,1,False,True
2487,4,bar_u,71751,71744,10000,1,False,10000,1,False,10000,1,False,True
2488,4,bar_u,71753,71746,10000,1,False,10000,1,False,10000,1,False,True
2489,4,bar_u,71814,71807,10000,1,False,10000,1,False,10000,1,False,True
2490,4,bar_u,71816,71809,10000,1,False,10000,1,False,10000,1,False,True
2491,4,bar_u,71870,71863,10000,1,False,10000,1,False,10000,1,False,True
2492,4,bar_u,71879,71872,10000,1,False,10000,1,False,10000,1,False,True
2493,4,bar_u,71942,71935,10000,1,False,10000,1,False,10000,1,False,True
2494,4,bar_u,72005,71998,10000,1,False,10000,1,False,10000,1,False,True
2495,4,bar_u,72066,72059,10000,1,False,10000,1,False,10000,1,False,True
2496,4,bar_u,72068,72061,10000,1,False,10000,1,False,10000,1,False,True
2497,4,bar_u,72129,72122,10000,1,False,10000,1,False,10000,1,False,True
2498,4,bar_u,72131,72124,10000,1,False,10000,1,False,10000,1,False,True
2499,4,bar_u,72185,72178,10000,1,False,10000,1,False,10000,1,False,True
2500,4,bar_u,72194,72187,10000,1,False,10000,1,False,10000,1,False,True
2501,4,bar_u,72257,72250,10000,1,False,10000,1,False,10000,1,False,True
2502,4,bar_u,72320,72313,10000,1,False,10000,1,False,10000,1,False,True
2503,4,bar_u,72381,72374,10000,1,False,10000,1,False,10000,1,False,True
2504,4,bar_u,72383,72376,10000,1,False,10000,1,False,10000,1,False,True
2505,4,bar_u,72444,72437,10000,1,False,10000,1,False,10000,1,False,True
2506,4,bar_u,72446,72439,10000,1,False,10000,1,False,10000,1,False,True
2507,4,bar_u,72500,72493,10000,1,False,10000,1,False,10000,1,False,True
2508,4,bar_u,72509,72502,10000,1,False,10000,1,False,10000,1,False,True
2509,4,bar_u,72572,72565,10000,1,False,10000,1,False,10000,1,False,True
2510,4,bar_u,72635,72628,10000,1,False,10000,1,False,10000,1,False,True
2511,4,bar_u,72696,72689,10000,1,False,10000,1,False,10000,1,False,True
2512,4,bar_u,72698,72691,10000,1,False,10000,1,False,10000,1,False,True
2513,4,bar_u,72759,72752,10000,1,False,10000,1,False,10000,1,False,True
2514,4,bar_u,72761,72754,10000,1,False,10000,1,False,10000,1,False,True
2515,4,bar_u,72815,72808,10000,1,False,10000,1,False,10000,1,False,True
2516,4,bar_u,72824,72817,10000,1,False,10000,1,False,10000,1,False,True
2517,4,bar_u,72887,72880,10000,1,False,10000,1,False,10000,1,False,True
2518,4,bar_u,72950,72943,10000,1,False,10000,1,False,10000,1,False,True
2519,4,bar_u,73011,73004,10000,1,False,10000,1,False,10000,1,False,True
2520,4,bar_u,73013,73006,10000,1,False,10000,1,False,10000,1,False,True
2521,4,bar_u,73074,73067,10000,1,False,10000,1,False,10000,1,False,True
2522,4,bar_u,73076,73069,10000,1,False,10000,1,False,10000,1,False,True
2523,4,bar_u,73130,73123,10000,1,False,10000,1,False,10000,1,False,True
2524,4,bar_u,73139,73132,10000,1,False,10000,1,False,10000,1,False,True
2525,4,bar_u,73202,73195,10000,1,False,10000,1,False,10000,1,False,True
2526,4,bar_u,73265,73258,10000,1,False,10000,1,False,10000,1,False,True
2527,4,bar_u,73326,73319,10000,1,False,10000,1,False,10000,1,False,True
2528,4,bar_u,73328,73321,10000,1,False,10000,1,False,10000,1,False,True
2529,4,bar_u,73389,73382,10000,1,False,10000,1,False,10000,1,False,True
2530,4,bar_u,73391,73384,10000,1,False,10000,1,False,10000,1,False,True
2531,4,bar_u,73445,73438,10000,1,False,10000,1,False,10000,1,False,True
2532,4,bar_u,73454,73447,10000,1,False,10000,1,False,10000,1,False,True
2533,4,bar_u,73517,73510,10000,1,False,10000,1,False,10000,1,False,True
2534,4,bar_u,73580,73573,10000,1,False,10000,1,False,10000,1,False,True
2535,4,bar_u,73641,73634,10000,1,False,10000,1,False,10000,1,False,True
2536,4,bar_u,73643,73636,10000,1,False,10000,1,False,10000,1,False,True
2537,4,bar_u,73704,73697,10000,1,False,10000,1,False,10000,1,False,True
2538,4,bar_u,73706,73699,10000,1,False,10000,1,False,10000,1,False,True
2539,4,bar_u,73760,73753,10000,1,False,10000,1,False,10000,1,False,True
2540,4,bar_u,73769,73762,10000,1,False,10000,1,False,10000,1,False,True
2541,4,bar_u,73832,73825,10000,1,False,10000,1,False,10000,1,False,True
2542,4,bar_u,73895,73888,10000,1,False,10000,1,False,10000,1,False,True
2543,4,bar_u,73956,73949,10000,1,False,10000,1,False,10000,1,False,True
2544,4,bar_u,73958,73951,10000,1,False,10000,1,False,10000,1,False,True
2545,4,bar_u,74019,74012,10000,1,False,10000,1,False,10000,1,False,True
2546,4,bar_u,74021,74014,10000,1,False,10000,1,False,10000,1,False,True
2547,4,bar_u,74075,74068,10000,1,False,10000,1,False,10000,1,False,True
2548,4,bar_u,74084,74077,10000,1,False,10000,1,False,10000,1,False,True
2549,4,bar_u,74147,74140,10000,1,False,10000,1,False,10000,1,False,True
2550,4,bar_u,74210,74203,10000,1,False,10000,1,False,10000,1,False,True
2551,4,bar_u,74273,74266,10000,1,False,10000,1,False,10000,1,False,True
2552,4,bar_u,74336,74329,10000,1,False,10000,1,False,10000,1,False,True
2553,4,bar_u,74390,74383,10000,1,False,10000,1,False,10000,1,False,True
2554,4,bar_u,74399,74392,10000,1,False,10000,1,False,10000,1,False,True
2555,4,bar_u,74462,74455,10000,1,False,10000,1,False,10000,1,False,True
2556,4,bar_u,74525,74518,10000,1,False,10000,1,False,10000,1,False,True
2557,4,bar_u,74588,74581,10000,1,False,10000,1,False,10000,1,False,True
2558,4,bar_u,74651,74644,10000,1,False,10000,1,False,10000,1,False,True
2559,4,bar_u,74705,74698,10000,1,False,10000,1,False,10000,1,False,True
2560,4,bar_u,74714,74707,10000,1,False,10000,1,False,10000,1,False,True
2561,4,bar_u,74777,74770,10000,1,False,10000,1,False,10000,1,False,True
2562,4,bar_u,74840,74833,10000,1,False,10000,1,False,10000,1,False,True
2563,4,bar_u,74903,74896,10000,1,False,10000,1,False,10000,1,False,True
2564,4,bar_u,74966,74959,10000,1,False,10000,1,False,10000,1,False,True
2565,4,bar_u,75020,75013,10000,1,False,10000,1,False,10000,1,False,True
2566,4,bar_u,75029,75022,10000,1,False,10000,1,False,10000,1,False,True
2567,4,bar_u,75092,75085,10000,1,False,10000,1,False,10000,1,False,True
2568,4,bar_u,75155,75148,10000,1,False,10000,1,False,10000,1,False,True
2569,4,bar_u,75216,75209,10000,1,False,10000,1,False,10000,1,False,True
2570,4,bar_u,75218,75211,10000,1,False,10000,1,False,10000,1,False,True
2571,4,bar_u,75279,75272,10000,1,False,10000,1,False,10000,1,False,True
2572,4,bar_u,75281,75274,10000,1,False,10000,1,False,10000,1,False,True
2573,4,bar_u,75335,75328,10000,1,False,10000,1,False,10000,1,False,True
2574,4,bar_u,75344,75337,10000,1,False,10000,1,False,10000,1,False,True
2575,4,bar_u,75407,75400,10000,1,False,10000,1,False,10000,1,False,True
2576,4,bar_u,75470,75463,10000,1,False,10000,1,False,10000,1,False,True
2577,4,bar_u,75531,75524,10000,1,False,10000,1,False,10000,1,False,True
2578,4,bar_u,75533,75526,10000,1,False,10000,1,False,10000,1,False,True
2579,4,bar_u,75594,75587,10000,1,False,10000,1,False,10000,1,False,True
2580,4,bar_u,75596,75589,10000,1,False,10000,1,False,10000,1,False,True
2581,4,bar_u,75650,75643,10000,1,False,10000,1,False,10000,1,False,True
2582,4,bar_u,75659,75652,10000,1,False,10000,1,False,10000,1,False,True
2583,4,bar_u,75722,75715,10000,1,False,10000,1,False,10000,1,False,True
2584,4,bar_u,75785,75778,10000,1,False,10000,1,False,10000,1,False,True
2585,4,bar_u,75848,75841,10000,1,False,10000,1,False,10000,1,False,True
2586,4,bar_u,75911,75904,10000,1,False,10000,1,False,10000,1,False,True
2587,4,bar_u,75965,75958,10000,1,False,10000,1,False,10000,1,False,True
2588,4,bar_u,75974,75967,10000,1,False,10000,1,False,10000,1,False,True
2589,4,bar_u,76037,76030,10000,1,False,10000,1,False,10000,1,False,True
2590,4,bar_u,76100,76093,10000,1,False,10000,1,False,10000,1,False,True
2591,4,bar_u,76163,76156,10000,1,False,10000,1,False,10000,1,False,True
2592,4,bar_u,76226,76219,10000,1,False,10000,1,False,10000,1,False,True
2593,4,bar_u,76280,76273,10000,1,False,10000,1,False,10000,1,False,True
2594,4,bar_u,76289,76282,10000,1,False,10000,1,False,10000,1,False,True
2595,4,bar_u,76352,76345,10000,1,False,10000,1,False,10000,1,False,True
2596,4,bar_u,76415,76408,10000,1,False,10000,1,False,10000,1,False,True
2597,4,bar_u,76478,76471,10000,1,False,10000,1,False,10000,1,False,True
2598,4,bar_u,76541,76534,10000,1,False,10000,1,False,10000,1,False,True
2599,4,bar_u,76595,76588,10000,1,False,10000,1,False,10000,1,False,True
2600,4,bar_u,76604,76597,10000,1,False,10000,1,False,10000,1,False,True
2601,4,bar_u,76667,76660,10000,1,False,10000,1,False,10000,1,False,True
2602,4,bar_u,76730,76723,10000,1,False,10000,1,False,10000,1,False,True
2603,4,bar_u,76791,76784,10000,1,False,10000,1,False,10000,1,False,True
2604,4,bar_u,76793,76786,10000,1,False,10000,1,False,10000,1,False,True
2605,4,bar_u,76854,76847,10000,1,False,10000,1,False,10000,1,False,True
2606,4,bar_u,76856,76849,10000,1,False,10000,1,False,10000,1,False,True
2607,4,bar_u,76910,76903,10000,1,False,10000,1,False,10000,1,False,True
2608,4,bar_u,76919,76912,10000,1,False,10000,1,False,10000,1,False,True
2609,4,bar_u,76982,76975,10000,1,False,10000,1,False,10000,1,False,True
2610,4,bar_u,77045,77038,10000,1,False,10000,1,False,10000,1,False,True
2611,4,bar_u,77106,77099,10000,1,False,10000,1,False,10000,1,False,True
2612,4,bar_u,77108,77101,10000,1,False,10000,1,False,10000,1,False,True
2613,4,bar_u,77169,77162,10000,1,False,10000,1,False,10000,1,False,True
2614,4,bar_u,77171,77164,10000,1,False,10000,1,False,10000,1,False,True
2615,4,bar_u,78170,78163,10000,1,False,10000,1,False,10000,1,False,True
2616,4,bar_u,78179,78172,10000,1,False,10000,1,False,10000,1,False,True
2617,4,bar_u,78242,78235,10000,1,False,10000,1,False,10000,1,False,True
2618,4,bar_u,78305,78298,10000,1,False,10000,1,False,10000,1,False,True
2619,4,bar_u,78366,78359,10000,1,False,10000,1,False,10000,1,False,True
2620,4,bar_u,78368,78361,10000,1,False,10000,1,False,10000,1,False,True
2621,4,bar_u,78429,78422,10000,1,False,10000,1,False,10000,1,False,True
2622,4,bar_u,78431,78424,10000,1,False,10000,1,False,10000,1,False,True
2623,4,bar_u,78485,78478,10000,1,False,10000,1,False,10000,1,False,True
2624,4,bar_u,78494,78487,10000,1,False,10000,1,False,10000,1,False,True
2625,4,bar_u,78557,78550,10000,1,False,10000,1,False,10000,1,False,True
2626,4,bar_u,78620,78613,10000,1,False,10000,1,False,10000,1,False,True
2627,4,bar_u,78681,78674,10000,1,False,10000,1,False,10000,1,False,True
2628,4,bar_u,78683,78676,10000,1,False,10000,1,False,10000,1,False,True
2629,4,bar_u,78744,78737,10000,1,False,10000,1,False,10000,1,False,True
2630,4,bar_u,78746,78739,10000,1,False,10000,1,False,10000,1,False,True
2631,4,bar_u,79745,79738,10000,1,False,10000,1,False,10000,1,False,True
2632,4,bar_u,79754,79747,10000,1,False,10000,1,False,10000,1,False,True
2633,4,bar_u,79817,79810,10000,1,False,10000,1,False,10000,1,False,True
2634,4,bar_u,79880,79873,10000,1,False,10000,1,False,10000,1,False,True
2635,4,bar_u,79943,79936,10000,1,False,10000,1,False,10000,1,False,True
2636,4,bar_u,80006,79999,10000,1,False,10000,1,False,10000,1,False,True
2637,4,bar_u,80060,80053,10000,1,False,10000,1,False,10000,1,False,True
2638,4,bar_u,80069,80062,10000,1,False,10000,1,False,10000,1,False,True
2639,4,bar_u,80132,80125,10000,1,False,10000,1,False,10000,1,False,True
2640,4,bar_u,80195,80188,10000,1,False,10000,1,False,10000,1,False,True
2641,4,bar_u,80258,80251,10000,1,False,10000,1,False,10000,1,False,True
2642,4,bar_u,80321,80314,10000,1,False,10000,1,False,10000,1,False,True
2643,4,bar_u,83721,83714,10000,1,False,10000,1,False,10000,1,False,True
2644,4,bar_u,83784,83777,10000,1,False,10000,1,False,10000,1,False,True
2645,4,bar_u,84036,84029,10000,1,False,10000,1,False,10000,1,False,True
2646,4,bar_u,84099,84092,10000,1,False,10000,1,False,10000,1,False,True
2647,4,bar_u,84351,84344,10000,1,False,10000,1,False,10000,1,False,True
2648,4,bar_u,84414,84407,10000,1,False,10000,1,False,10000,1,False,True
2649,4,bar_u,84666,84659,10000,1,False,10000,1,False,10000,1,False,True
2650,4,bar_u,84729,84722,10000,1,False,10000,1,False,10000,1,False,True
2651,4,bar_u,84981,84974,10000,1,False,10000,1,False,10000,1,False,True
2652,4,bar_u,85044,85037,10000,1,False,10000,1,False,10000,1,False,True
2653,4,bar_u,85100,85093,10000,1,False,10000,1,False,10000,1,False,True
2654,4,bar_u,85109,85102,10000,1,False,10000,1,False,10000,1,False,True
2655,4,bar_u,85172,85165,10000,1,False,10000,1,False,10000,1,False,True
2656,4,bar_u,85235,85228,10000,1,False,10000,1,False,10000,1,False,True
2657,4,bar_u,85296,85289,10000,1,False,10000,1,False,10000,1,False,True
2658,4,bar_u,85298,85291,10000,1,False,10000,1,False,10000,1,False,True
2659,4,bar_u,85359,85352,10000,1,False,10000,1,False,10000,1,False,True
2660,4,bar_u,85361,85354,10000,1,False,10000,1,False,10000,1,False,True
2661,4,bar_u,85415,85408,10000,1,False,10000,1,False,10000,1,False,True
2662,4,bar_u,85424,85417,10000,1,False,10000,1,False,10000,1,False,True
2663,4,bar_u,85487,85480,10000,1,False,10000,1,False,10000,1,False,True
2664,4,bar_u,85550,85543,10000,1,False,10000,1,False,10000,1,False,True
2665,4,bar_u,85611,85604,10000,1,False,10000,1,False,10000,1,False,True
2666,4,bar_u,85613,85606,10000,1,False,10000,1,False,10000,1,False,True
2667,4,bar_u,85674,85667,10000,1,False,10000,1,False,10000,1,False,True
2668,4,bar_u,85676,85669,10000,1,False,10000,1,False,10000,1,False,True
2669,4,bar_u,85730,85723,10000,1,False,10000,1,False,10000,1,False,True
2670,4,bar_u,85739,85732,10000,1,False,10000,1,False,10000,1,False,True
2671,4,bar_u,85802,85795,10000,1,False,10000,1,False,10000,1,False,True
2672,4,bar_u,85865,85858,10000,1,False,10000,1,False,10000,1,False,True
2673,4,bar_u,85926,85919,10000,1,False,10000,1,False,10000,1,False,True
2674,4,bar_u,85928,85921,10000,1,False,10000,1,False,10000,1,False,True
2675,4,bar_u,85989,85982,10000,1,False,10000,1,False,10000,1,False,True
2676,4,bar_u,85991,85984,10000,1,False,10000,1,False,10000,1,False,True
2677,4,bar_u,86045,86038,10000,1,False,10000,1,False,10000,1,False,True
2678,4,bar_u,86054,86047,10000,1,False,10000,1,False,10000,1,False,True
2679,4,bar_u,86117,86110,10000,1,False,10000,1,False,10000,1,False,True
2680,4,bar_u,86180,86173,10000,1,False,10000,1,False,10000,1,False,True
2681,4,bar_u,86241,86234,10000,1,False,10000,1,False,10000,1,False,True
2682,4,bar_u,86243,86236,10000,1,False,10000,1,False,10000,1,False,True
2683,4,bar_u,86304,86297,10000,1,False,10000,1,False,10000,1,False,True
2684,4,bar_u,86306,86299,10000,1,False,10000,1,False,10000,1,False,True
2685,4,bar_u,86360,86353,10000,1,False,10000,1,False,10000,1,False,True
2686,4,bar_u,86369,86362,10000,1,False,10000,1,False,10000,1,False,True
2687,4,bar_u,86432,86425,10000,1,False,10000,1,False,10000,1,False,True
2688,4,bar_u,86495,86488,10000,1,False,10000,1,False,10000,1,False,True
2689,4,bar_u,86556,86549,10000,1,False,10000,1,False,10000,1,False,True
2690,4,bar_u,86558,86551,10000,1,False,10000,1,False,10000,1,False,True
2691,4,bar_u,86619,86612,10000,1,False,10000,1,False,10000,1,False,True
2692,4,bar_u,86621,86614,10000,1,False,10000,1,False,10000,1,False,True
2693,4,bar_u,86675,86668,10000,1,False,10000,1,False,10000,1,False,True
2694,4,bar_u,86684,86677,10000,1,False,10000,1,False,10000,1,False,True
2695,4,bar_u,86747,86740,10000,1,False,10000,1,False,10000,1,False,True
2696,4,bar_u,86810,86803,10000,1,False,10000,1,False,10000,1,False,True
2697,4,bar_u,86871,86864,10000,1,False,10000,1,False,10000,1,False,True
2698,4,bar_u,86873,86866,10000,1,False,10000,1,False,10000,1,False,True
2699,4,bar_u,86934,86927,10000,1,False,10000,1,False,10000,1,False,True
2700,4,bar_u,86936,86929,10000,1,False,10000,1,False,10000,1,False,True
2701,4,bar_u,86990,86983,10000,1,False,10000,1,False,10000,1,False,True
2702,4,bar_u,86999,86992,10000,1,False,10000,1,False,10000,1,False,True
2703,4,bar_u,87062,87055,10000,1,False,10000,1,False,10000,1,False,True
2704,4,bar_u,87125,87118,10000,1,False,10000,1,False,10000,1,False,True
2705,4,bar_u,87186,87179,10000,1,False,10000,1,False,10000,1,False,True
2706,4,bar_u,87188,87181,10000,1,False,10000,1,False,10000,1,False,True
2707,4,bar_u,87249,87242,10000,1,False,10000,1,False,10000,1,False,True
2708,4,bar_u,87251,87244,10000,1,False,10000,1,False,10000,1,False,True
2709,4,bar_u,87305,87298,10000,1,False,10000,1,False,10000,1,False,True
2710,4,bar_u,87314,87307,10000,1,False,10000,1,False,10000,1,False,True
2711,4,bar_u,87377,87370,10000,1,False,10000,1,False,10000,1,False,True
2712,4,bar_u,87440,87433,10000,1,False,10000,1,False,10000,1,False,True
2713,4,bar_u,87501,87494,10000,1,False,10000,1,False,10000,1,False,True
2714,4,bar_u,87503,87496,10000,1,False,10000,1,False,10000,1,False,True
2715,4,bar_u,87564,87557,10000,1,False,10000,1,False,10000,1,False,True
2716,4,bar_u,87566,87559,10000,1,False,10000,1,False,10000,1,False,True
2717,4,bar_u,87620,87613,10000,1,False,10000,1,False,10000,1,False,True
2718,4,bar_u,87629,87622,10000,1,False,10000,1,False,10000,1,False,True
2719,4,bar_u,87692,87685,10000,1,False,10000,1,False,10000,1,False,True
2720,4,bar_u,87755,87748,10000,1,False,10000,1,False,10000,1,False,True
2721,4,bar_u,87816,87809,10000,1,False,10000,1,False,10000,1,False,True
2722,4,bar_u,87818,87811,10000,1,False,10000,1,False,10000,1,False,True
2723,4,bar_u,87879,87872,10000,1,False,10000,1,False,10000,1,False,True
2724,4,bar_u,87881,87874,10000,1,False,10000,1,False,10000,1,False,True
2725,4,bar_u,87935,87928,10000,1,False,10000,1,False,10000,1,False,True
2726,4,bar_u,87944,87937,10000,1,False,10000,1,False,10000,1,False,True
2727,4,bar_u,88007,88000,10000,1,False,10000,1,False,10000,1,False,True
2728,4,bar_u,88070,88063,10000,1,False,10000,1,False,10000,1,False,True
2729,4,bar_u,88131,88124,10000,1,False,10000,1,False,10000,1,False,True
2730,4,bar_u,88133,88126,10000,1,False,10000,1,False,10000,1,False,True
2731,4,bar_u,88194,88187,10000,1,False,10000,1,False,10000,1,False,True
2732,4,bar_u,88196,88189,10000,1,False,10000,1,False,10000,1,False,True
2733,4,bar_u,88250,88243,10000,1,False,10000,1,False,10000,1,False,True
2734,4,bar_u,88259,88252,10000,1,False,10000,1,False,10000,1,False,True
2735,4,bar_u,88322,88315,10000,1,False,10000,1,False,10000,1,False,True
2736,4,bar_u,88385,88378,10000,1,False,10000,1,False,10000,1,False,True
2737,4,bar_u,88446,88439,10000,1,False,10000,1,False,10000,1,False,True
2738,4,bar_u,88448,88441,10000,1,False,10000,1,False,10000,1,False,True
2739,4,bar_u,88509,88502,10000,1,False,10000,1,False,10000,1,False,True
2740,4,bar_u,88511,88504,10000,1,False,10000,1,False,10000,1,False,True
2741,4,bar_u,88565,88558,10000,1,False,10000,1,False,10000,1,False,True
2742,4,bar_u,88574,88567,10000,1,False,10000,1,False,10000,1,False,True
2743,4,bar_u,88637,88630,10000,1,False,10000,1,False,10000,1,False,True
2744,4,bar_u,88700,88693,10000,1,False,10000,1,False,10000,1,False,True
2745,4,bar_u,88761,88754,10000,1,False,10000,1,False,10000,1,False,True
2746,4,bar_u,88763,88756,10000,1,False,10000,1,False,10000,1,False,True
2747,4,bar_u,88824,88817,10000,1,False,10000,1,False,10000,1,False,True
2748,4,bar_u,88826,88819,10000,1,False,10000,1,False,10000,1,False,True
2749,4,bar_u,88880,88873,10000,1,False,10000,1,False,10000,1,False,True
2750,4,bar_u,88889,88882,10000,1,False,10000,1,False,10000,1,False,True
2751,4,bar_u,88952,88945,10000,1,False,10000,1,False,10000,1,False,True
2752,4,bar_u,89015,89008,10000,1,False,10000,1,False,10000,1,False,True
2753,4,bar_u,89076,89069,10000,1,False,10000,1,False,10000,1,False,True
2754,4,bar_u,89078,89071,10000,1,False,10000,1,False,10000,1,False,True
2755,4,bar_u,89139,89132,10000,1,False,10000,1,False,10000,1,False,True
2756,4,bar_u,89141,89134,10000,1,False,10000,1,False,10000,1,False,True
2757,4,bar_u,89195,89188,10000,1,False,10000,1,False,10000,1,False,True
2758,4,bar_u,89204,89197,10000,1,False,10000,1,False,10000,1,False,True
2759,4,bar_u,89267,89260,10000,1,False,10000,1,False,10000,1,False,True
2760,4,bar_u,89330,89323,10000,1,False,10000,1,False,10000,1,False,True
2761,4,bar_u,89391,89384,10000,1,False,10000,1,False,10000,1,False,True
2762,4,bar_u,89393,89386,10000,1,False,10000,1,False,10000,1,False,True
2763,4,bar_u,89454,89447,10000,1,False,10000,1,False,10000,1,False,True
2764,4,bar_u,89456,89449,10000,1,False,10000,1,False,10000,1,False,True
2765,4,bar_u,89510,89503,10000,1,False,10000,1,False,10000,1,False,True
2766,4,bar_u,89519,89512,10000,1,False,10000,1,False,10000,1,False,True
2767,4,bar_u,89582,89575,10000,1,False,10000,1,False,10000,1,False,True
2768,4,bar_u,89645,89638,10000,1,False,10000,1,False,10000,1,False,True
2769,4,bar_u,89706,89699,10000,1,False,10000,1,False,10000,1,False,True
2770,4,bar_u,89708,89701,10000,1,False,10000,1,False,10000,1,False,True
2771,4,bar_u,89769,89762,10000,1,False,10000,1,False,10000,1,False,True
2772,4,bar_u,89771,89764,10000,1,False,10000,1,False,10000,1,False,True
2773,4,bar_u,89825,89818,10000,1,False,10000,1,False,10000,1,False,True
2774,4,bar_u,89834,89827,10000,1,False,10000,1,False,10000,1,False,True
2775,4,bar_u,89897,89890,10000,1,False,10000,1,False,10000,1,False,True
2776,4,bar_u,89960,89953,10000,1,False,10000,1,False,10000,1,False,True
2777,4,bar_u,90021,90014,10000,1,False,10000,1,False,10000,1,False,True
2778,4,bar_u,90023,90016,10000,1,False,10000,1,False,10000,1,False,True
2779,4,bar_u,90084,90077,10000,1,False,10000,1,False,10000,1,False,True
2780,4,bar_u,90086,90079,10000,1,False,10000,1,False,10000,1,False,True
2781,4,bar_u,90140,90133,10000,1,False,10000,1,False,10000,1,False,True
2782,4,bar_u,90149,90142,10000,1,False,10000,1,False,10000,1,False,True
2783,4,bar_u,90212,90205,10000,1,False,10000,1,False,10000,1,False,True
2784,4,bar_u,90275,90268,10000,1,False,10000,1,False,10000,1,False,True
2785,4,bar_u,90336,90329,10000,1,False,10000,1,False,10000,1,False,True
2786,4,bar_u,90338,90331,10000,1,False,10000,1,False,10000,1,False,True
2787,4,bar_u,90399,90392,10000,1,False,10000,1,False,10000,1,False,True
2788,4,bar_u,90401,90394,10000,1,False,10000,1,False,10000,1,False,True
2789,4,bar_u,90455,90448,10000,1,False,10000,1,False,10000,1,False,True
2790,4,bar_u,90464,90457,10000,1,False,10000,1,False,10000,1,False,True
2791,4,bar_u,90527,90520,10000,1,False,10000,1,False,10000,1,False,True
2792,4,bar_u,90590,90583,10000,1,False,10000,1,False,10000,1,False,True
2793,4,bar_u,90651,90644,10000,1,False,10000,1,False,10000,1,False,True
2794,4,bar_u,90653,90646,10000,1,False,10000,1,False,10000,1,False,True
2795,4,bar_u,90714,90707,10000,1,False,10000,1,False,10000,1,False,True
2796,4,bar_u,90716,90709,10000,1,False,10000,1,False,10000,1,False,True
2797,4,bar_u,90770,90763,10000,1,False,10000,1,False,10000,1,False,True
2798,4,bar_u,90779,90772,10000,1,False,10000,1,False,10000,1,False,True
2799,4,bar_u,90842,90835,10000,1,False,10000,1,False,10000,1,False,True
2800,4,bar_u,90905,90898,10000,1,False,10000,1,False,10000,1,False,True
2801,4,bar_u,90966,90959,10000,1,False,10000,1,False,10000,1,False,True
2802,4,bar_u,90968,90961,10000,1,False,10000,1,False,10000,1,False,True
2803,4,bar_u,91029,91022,10000,1,False,10000,1,False,10000,1,False,True
2804,4,bar_u,91031,91024,10000,1,False,10000,1,False,10000,1,False,True
2805,4,bar_u,91085,91078,10000,1,False,10000,1,False,10000,1,False,True
2806,4,bar_u,91094,91087,10000,1,False,10000,1,False,10000,1,False,True
2807,4,bar_u,91157,91150,10000,1,False,10000,1,False,10000,1,False,True
2808,4,bar_u,91220,91213,10000,1,False,10000,1,False,10000,1,False,True
2809,4,bar_u,91281,91274,10000,1,False,10000,1,False,10000,1,False,True
2810,4,bar_u,91283,91276,10000,1,False,10000,1,False,10000,1,False,True
2811,4,bar_u,91344,91337,10000,1,False,10000,1,False,10000,1,False,True
2812,4,bar_u,91346,91339,10000,1,False,10000,1,False,10000,1,False,True
2813,4,bar_u,91400,91393,10000,1,False,10000,1,False,10000,1,False,True
2814,4,bar_u,91409,91402,10000,1,False,10000,1,False,10000,1,False,True
2815,4,bar_u,91472,91465,10000,1,False,10000,1,False,10000,1,False,True
2816,4,bar_u,91535,91528,10000,1,False,10000,1,False,10000,1,False,True
2817,4,bar_u,91596,91589,10000,1,False,10000,1,False,10000,1,False,True
2818,4,bar_u,91598,91591,10000,1,False,10000,1,False,10000,1,False,True
2819,4,bar_u,91659,91652,10000,1,False,10000,1,False,10000,1,False,True
2820,4,bar_u,91661,91654,10000,1,False,10000,1,False,10000,1,False,True
2821,4,bar_u,91715,91708,10000,1,False,10000,1,False,10000,1,False,True
2822,4,bar_u,91724,91717,10000,1,False,10000,1,False,10000,1,False,True
2823,4,bar_u,91787,91780,10000,1,False,10000,1,False,10000,1,False,True
2824,4,bar_u,91850,91843,10000,1,False,10000,1,False,10000,1,False,True
2825,4,bar_u,91911,91904,10000,1,False,10000,1,False,10000,1,False,True
2826,4,bar_u,91913,91906,10000,1,False,10000,1,False,10000,1,False,True
2827,4,bar_u,91974,91967,10000,1,False,10000,1,False,10000,1,False,True
2828,4,bar_u,91976,91969,10000,1,False,10000,1,False,10000,1,False,True
2829,4,bar_u,92030,92023,10000,1,False,10000,1,False,10000,1,False,True
2830,4,bar_u,92039,92032,10000,1,False,10000,1,False,10000,1,False,True
2831,4,bar_u,92102,92095,10000,1,False,10000,1,False,10000,1,False,True
2832,4,bar_u,92165,92158,10000,1,False,10000,1,False,10000,1,False,True
2833,4,bar_u,92226,92219,10000,1,False,10000,1,False,10000,1,False,True
2834,4,bar_u,92228,92221,10000,1,False,10000,1,False,10000,1,False,True
2835,4,bar_u,92289,92282,10000,1,False,10000,1,False,10000,1,False,True
2836,4,bar_u,92291,92284,10000,1,False,10000,1,False,10000,1,False,True
2837,4,bar_u,92345,92338,10000,1,False,10000,1,False,10000,1,False,True
2838,4,bar_u,92354,92347,10000,1,False,10000,1,False,10000,1,False,True
2839,4,bar_u,92417,92410,10000,1,False,10000,1,False,10000,1,False,True
2840,4,bar_u,92480,92473,10000,1,False,10000,1,False,10000,1,False,True
2841,4,bar_u,92541,92534,10000,1,False,10000,1,False,10000,1,False,True
2842,4,bar_u,92543,92536,10000,1,False,10000,1,False,10000,1,False,True
2843,4,bar_u,92604,92597,10000,1,False,10000,1,False,10000,1,False,True
2844,4,bar_u,92606,92599,10000,1,False,10000,1,False,10000,1,False,True
2845,4,bar_u,92660,92653,10000,1,False,10000,1,False,10000,1,False,True
2846,4,bar_u,92669,92662,10000,1,False,10000,1,False,10000,1,False,True
2847,4,bar_u,92732,92725,10000,1,False,10000,1,False,10000,1,False,True
2848,4,bar_u,92795,92788,10000,1,False,10000,1,False,10000,1,False,True
2849,4,bar_u,92856,92849,10000,1,False,10000,1,False,10000,1,False,True
2850,4,bar_u,92858,92851,10000,1,False,10000,1,False,10000,1,False,True
2851,4,bar_u,92919,92912,10000,1,False,10000,1,False,10000,1,False,True
2852,4,bar_u,92921,92914,10000,1,False,10000,1,False,10000,1,False,True
2853,4,bar_u,92975,92968,10000,1,False,10000,1,False,10000,1,False,True
2854,4,bar_u,92984,92977,10000,1,False,10000,1,False,10000,1,False,True
2855,4,bar_u,93047,93040,10000,1,False,10000,1,False,10000,1,False,True
2856,4,bar_u,93110,93103,10000,1,False,10000,1,False,10000,1,False,True
2857,4,bar_u,93171,93164,10000,1,False,10000,1,False,10000,1,False,True
2858,4,bar_u,93173,93166,10000,1,False,10000,1,False,10000,1,False,True
2859,4,bar_u,93234,93227,10000,1,False,10000,1,False,10000,1,False,True
2860,4,bar_u,93236,93229,10000,1,False,10000,1,False,10000,1,False,True
2861,4,bar_u,93290,93283,10000,1,False,10000,1,False,10000,1,False,True
2862,4,bar_u,93299,93292,10000,1,False,10000,1,False,10000,1,False,True
2863,4,bar_u,93362,93355,10000,1,False,10000,1,False,10000,1,False,True
2864,4,bar_u,93425,93418,10000,1,False,10000,1,False,10000,1,False,True
2865,4,bar_u,93486,93479,10000,1,False,10000,1,False,10000,1,False,True
2866,4,bar_u,93488,93481,10000,1,False,10000,1,False,10000,1,False,True
2867,4,bar_u,93549,93542,10000,1,False,10000,1,False,10000,1,False,True
2868,4,bar_u,93551,93544,10000,1,False,10000,1,False,10000,1,False,True
2869,4,bar_u,93605,93598,10000,1,False,10000,1,False,10000,1,False,True
2870,4,bar_u,93614,93607,10000,1,False,10000,1,False,10000,1,False,True
2871,4,bar_u,93677,93670,10000,1,False,10000,1,False,10000,1,False,True
2872,4,bar_u,93740,93733,10000,1,False,10000,1,False,10000,1,False,True
2873,4,bar_u,93801,93794,10000,1,False,10000,1,False,10000,1,False,True
2874,4,bar_u,93803,93796,10000,1,False,10000,1,False,10000,1,False,True
2875,4,bar_u,93864,93857,10000,1,False,10000,1,False,10000,1,False,True
2876,4,bar_u,93866,93859,10000,1,False,10000,1,False,10000,1,False,True
2877,4,bar_u,93920,93913,10000,1,False,10000,1,False,10000,1,False,True
2878,4,bar_u,93929,93922,10000,1,False,10000,1,False,10000,1,False,True
2879,4,bar_u,93992,93985,10000,1,False,10000,1,False,10000,1,False,True
2880,4,bar_u,94055,94048,10000,1,False,10000,1,False,10000,1,False,True
2881,4,bar_u,94116,94109,10000,1,False,10000,1,False,10000,1,False,True
2882,4,bar_u,94118,94111,10000,1,False,10000,1,False,10000,1,False,True
2883,4,bar_u,94179,94172,10000,1,False,10000,1,False,10000,1,False,True
2884,4,bar_u,94181,94174,10000,1,False,10000,1,False,10000,1,False,True
2885,4,bar_u,94235,94228,10000,1,False,10000,1,False,10000,1,False,True
2886,4,bar_u,94244,94237,10000,1,False,10000,1,False,10000,1,False,True
2887,4,bar_u,94307,94300,10000,1,False,10000,1,False,10000,1,False,True
2888,4,bar_u,94370,94363,10000,1,False,10000,1,False,10000,1,False,True
2889,4,bar_u,94431,94424,10000,1,False,10000,1,False,10000,1,False,True
2890,4,bar_u,94433,94426,10000,1,False,10000,1,False,10000,1,False,True
2891,4,bar_u,94494,94487,10000,1,False,10000,1,False,10000,1,False,True
2892,4,bar_u,94496,94489,10000,1,False,10000,1,False,10000,1,False,True
2893,4,bar_u,94550,94543,10000,1,False,10000,1,False,10000,1,False,True
2894,4,bar_u,94559,94552,10000,1,False,10000,1,False,10000,1,False,True
2895,4,bar_u,94622,94615,10000,1,False,10000,1,False,10000,1,False,True
2896,4,bar_u,94685,94678,10000,1,False,10000,1,False,10000,1,False,True
2897,4,bar_u,94746,94739,10000,1,False,10000,1,False,10000,1,False,True
2898,4,bar_u,94748,94741,10000,1,False,10000,1,False,10000,1,False,True
2899,4,bar_u,94809,94802,10000,1,False,10000,1,False,10000,1,False,True
2900,4,bar_u,94811,94804,10000,1,False,10000,1,False,10000,1,False,True
2901,4,bar_u,94865,94858,10000,1,False,10000,1,False,10000,1,False,True
2902,4,bar_u,94874,94867,10000,1,False,10000,1,False,10000,1,False,True
2903,4,bar_u,94937,94930,10000,1,False,10000,1,False,10000,1,False,True
2904,4,bar_u,95000,94993,10000,1,False,10000,1,False,10000,1,False,True
2905,4,bar_u,95061,95054,10000,1,False,10000,1,False,10000,1,False,True
2906,4,bar_u,95063,95056,10000,1,False,10000,1,False,10000,1,False,True
2907,4,bar_u,95124,95117,10000,1,False,10000,1,False,10000,1,False,True
2908,4,bar_u,95126,95119,10000,1,False,10000,1,False,10000,1,False,True
2909,4,bar_u,95180,95173,10000,1,False,10000,1,False,10000,1,False,True
2910,4,bar_u,95189,95182,10000,1,False,10000,1,False,10000,1,False,True
2911,4,bar_u,95252,95245,10000,1,False,10000,1,False,10000,1,False,True
2912,4,bar_u,95315,95308,10000,1,False,10000,1,False,10000,1,False,True
2913,4,bar_u,95376,95369,10000,1,False,10000,1,False,10000,1,False,True
2914,4,bar_u,95378,95371,10000,1,False,10000,1,False,10000,1,False,True
2915,4,bar_u,95439,95432,10000,1,False,10000,1,False,10000,1,False,True
2916,4,bar_u,95441,95434,10000,1,False,10000,1,False,10000,1,False,True
2917,4,bar_u,95495,95488,10000,1,False,10000,1,False,10000,1,False,True
2918,4,bar_u,95504,95497,10000,1,False,10000,1,False,10000,1,False,True
2919,4,bar_u,95567,95560,10000,1,False,10000,1,False,10000,1,False,True
2920,4,bar_u,95630,95623,10000,1,False,10000,1,False,10000,1,False,True
2921,4,bar_u,95691,95684,10000,1,False,10000,1,False,10000,1,False,True
2922,4,bar_u,95693,95686,10000,1,False,10000,1,False,10000,1,False,True
2923,4,bar_u,95754,95747,10000,1,False,10000,1,False,10000,1,False,True
2924,4,bar_u,95756,95749,10000,1,False,10000,1,False,10000,1,False,True
2925,4,bar_u,95810,95803,10000,1,False,10000,1,False,10000,1,False,True
2926,4,bar_u,95819,95812,10000,1,False,10000,1,False,10000,1,False,True
2927,4,bar_u,95882,95875,10000,1,False,10000,1,False,10000,1,False,True
2928,4,bar_u,95945,95938,10000,1,False,10000,1,False,10000,1,False,True
2929,4,bar_u,96006,95999,10000,1,False,10000,1,False,10000,1,False,True
2930,4,bar_u,96008,96001,10000,1,False,10000,1,False,10000,1,False,True
2931,4,bar_u,96069,96062,10000,1,False,10000,1,False,10000,1,False,True
2932,4,bar_u,96071,96064,10000,1,False,10000,1,False,10000,1,False,True
2933,4,bar_u,96125,96118,10000,1,False,10000,1,False,10000,1,False,True
2934,4,bar_u,96134,96127,10000,1,False,10000,1,False,10000,1,False,True
2935,4,bar_u,96197,96190,10000,1,False,10000,1,False,10000,1,False,True
2936,4,bar_u,96260,96253,10000,1,False,10000,1,False,10000,1,False,True
2937,4,bar_u,96321,96314,10000,1,False,10000,1,False,10000,1,False,True
2938,4,bar_u,96323,96316,10000,1,False,10000,1,False,10000,1,False,True
2939,4,bar_u,96384,96377,10000,1,False,10000,1,False,10000,1,False,True
2940,4,bar_u,96386,96379,10000,1,False,10000,1,False,10000,1,False,True
2941,4,bar_u,96440,96433,10000,1,False,10000,1,False,10000,1,False,True
2942,4,bar_u,96449,96442,10000,1,False,10000,1,False,10000,1,False,True
2943,4,bar_u,96512,96505,10000,1,False,10000,1,False,10000,1,False,True
2944,4,bar_u,96575,96568,10000,1,False,10000,1,False,10000,1,False,True
2945,4,bar_u,96636,96629,10000,1,False,10000,1,False,10000,1,False,True
2946,4,bar_u,96638,96631,10000,1,False,10000,1,False,10000,1,False,True
2947,4,bar_u,96699,96692,10000,1,False,10000,1,False,10000,1,False,True
2948,4,bar_u,96701,96694,10000,1,False,10000,1,False,10000,1,False,True
2949,4,bar_u,96755,96748,10000,1,False,10000,1,False,10000,1,False,True
2950,4,bar_u,96764,96757,10000,1,False,10000,1,False,10000,1,False,True
2951,4,bar_u,96827,96820,10000,1,False,10000,1,False,10000,1,False,True
2952,4,bar_u,96890,96883,10000,1,False,10000,1,False,10000,1,False,True
2953,4,bar_u,96951,96944,10000,1,False,10000,1,False,10000,1,False,True
2954,4,bar_u,96953,96946,10000,1,False,10000,1,False,10000,1,False,True
2955,4,bar_u,97014,97007,10000,1,False,10000,1,False,10000,1,False,True
2956,4,bar_u,97016,97009,10000,1,False,10000,1,False,10000,1,False,True
2957,4,bar_u,97070,97063,10000,1,False,10000,1,False,10000,1,False,True
2958,4,bar_u,97079,97072,10000,1,False,10000,1,False,10000,1,False,True
2959,4,bar_u,97142,97135,10000,1,False,10000,1,False,10000,1,False,True
2960,4,bar_u,97205,97198,10000,1,False,10000,1,False,10000,1,False,True
2961,4,bar_u,97266,97259,10000,1,False,10000,1,False,10000,1,False,True
2962,4,bar_u,97268,97261,10000,1,False,10000,1,False,10000,1,False,True
2963,4,bar_u,97329,97322,10000,1,False,10000,1,False,10000,1,False,True
2964,4,bar_u,97331,97324,10000,1,False,10000,1,False,10000,1,False,True
2965,4,bar_u,97385,97378,10000,1,False,10000,1,False,10000,1,False,True
2966,4,bar_u,97394,97387,10000,1,False,10000,1,False,10000,1,False,True
2967,4,bar_u,97457,97450,10000,1,False,10000,1,False,10000,1,False,True
2968,4,bar_u,97520,97513,10000,1,False,10000,1,False,10000,1,False,True
2969,4,bar_u,97581,97574,10000,1,False,10000,1,False,10000,1,False,True
2970,4,bar_u,97583,97576,10000,1,False,10000,1,False,10000,1,False,True
2971,4,bar_u,97644,97637,10000,1,False,10000,1,False,10000,1,False,True
2972,4,bar_u,97646,97639,10000,1,False,10000,1,False,10000,1,False,True
2973,4,bar_u,97700,97693,10000,1,False,10000,1,False,10000,1,False,True
2974,4,bar_u,97709,97702,10000,1,False,10000,1,False,10000,1,False,True
2975,4,bar_u,97772,97765,10000,1,False,10000,1,False,10000,1,False,True
2976,4,bar_u,97835,97828,10000,1,False,10000,1,False,10000,1,False,True
2977,4,bar_u,97896,97889,10000,1,False,10000,1,False,10000,1,False,True
2978,4,bar_u,97898,97891,10000,1,False,10000,1,False,10000,1,False,True
2979,4,bar_u,97959,97952,10000,1,False,10000,1,False,10000,1,False,True
2980,4,bar_u,97961,97954,10000,1,False,10000,1,False,10000,1,False,True
2981,4,bar_u,98015,98008,10000,1,False,10000,1,False,10000,1,False,True
2982,4,bar_u,98024,98017,10000,1,False,10000,1,False,10000,1,False,True
2983,4,bar_u,98087,98080,10000,1,False,10000,1,False,10000,1,False,True
2984,4,bar_u,98150,98143,10000,1,False,10000,1,False,10000,1,False,True
2985,4,bar_u,98211,98204,10000,1,False,10000,1,False,10000,1,False,True
2986,4,bar_u,98213,98206,10000,1,False,10000,1,False,10000,1,False,True
2987,4,bar_u,98274,98267,10000,1,False,10000,1,False,10000,1,False,True
2988,4,bar_u,98276,98269,10000,1,False,10000,1,False,10000,1,False,True
2989,4,bar_u,98330,98323,10000,1,False,10000,1,False,10000,1,False,True
2990,4,bar_u,98339,98332,10000,1,False,10000,1,False,10000,1,False,True
2991,4,bar_u,98402,98395,10000,1,False,10000,1,False,10000,1,False,True
2992,4,bar_u,98465,98458,10000,1,False,10000,1,False,10000,1,False,True
2993,4,bar_u,98526,98519,10000,1,False,10000,1,False,10000,1,False,True
2994,4,bar_u,98528,98521,10000,1,False,10000,1,False,10000,1,False,True
2995,4,bar_u,98589,98582,10000,1,False,10000,1,False,10000,1,False,True
2996,4,bar_u,98591,98584,10000,1,False,10000,1,False,10000,1,False,True
2997,4,bar_u,98645,98638,10000,1,False,10000,1,False,10000,1,False,True
2998,4,bar_u,98654,98647,10000,1,False,10000,1,False,10000,1,False,True
2999,4,bar_u,98717,98710,10000,1,False,10000,1,False,10000,1,False,True
3000,4,bar_u,98780,98773,10000,1,False,10000,1,False,10000,1,False,True
3001,4,bar_u,98841,98834,10000,1,False,10000,1,False,10000,1,False,True
3002,4,bar_u,98843,98836,10000,1,False,10000,1,False,10000,1,False,True
3003,4,bar_u,98904,98897,10000,1,False,10000,1,False,10000,1,False,True
3004,4,bar_u,98906,98899,10000,1,False,10000,1,False,10000,1,False,True
3005,4,bar_u,98960,98953,10000,1,False,10000,1,False,10000,1,False,True
3006,4,bar_u,98969,98962,10000,1,False,10000,1,False,10000,1,False,True
3007,4,bar_u,99032,99025,10000,1,False,10000,1,False,10000,1,False,True
3008,4,bar_u,99095,99088,10000,1,False,10000,1,False,10000,1,False,True
3009,4,bar_u,99156,99149,10000,1,False,10000,1,False,10000,1,False,True
3010,4,bar_u,99158,99151,10000,1,False,10000,1,False,10000,1,False,True
3011,4,bar_u,99219,99212,10000,1,False,10000,1,False,10000,1,False,True
3012,4,bar_u,99221,99214,10000,1,False,10000,1,False,10000,1,False,True
3013,4,bar_u,99275,99268,10000,1,False,10000,1,False,10000,1,False,True
3014,4,bar_u,99284,99277,10000,1,False,10000,1,False,10000,1,False,True
3015,4,bar_u,99347,99340,10000,1,False,10000,1,False,10000,1,False,True
3016,4,bar_u,99410,99403,10000,1,False,10000,1,False,10000,1,False,True
3017,4,bar_u,99473,99466,10000,1,False,10000,1,False,10000,1,False,True
3018,4,bar_u,99536,99529,10000,1,False,10000,1,False,10000,1,False,True
3019,4,bar_u,99590,99583,10000,1,False,10000,1,False,10000,1,False,True
3020,4,bar_u,99599,99592,10000,1,False,10000,1,False,10000,1,False,True
3021,4,bar_u,99662,99655,10000,1,False,10000,1,False,10000,1,False,True
3022,4,bar_u,99725,99718,10000,1,False,10000,1,False,10000,1,False,True
3023,4,bar_u,99788,99781,10000,1,False,10000,1,False,10000,1,False,True
3024,4,bar_u,99851,99844,10000,1,False,10000,1,False,10000,1,False,True
3025,4,bar_u,99905,99898,10000,1,False,10000,1,False,10000,1,False,True
3026,4,bar_u,99914,99907,10000,1,False,10000,1,False,10000,1,False,True
3027,4,bar_u,99977,99970,10000,1,False,10000,1,False,10000,1,False,True
3028,4,bar_u,100040,100033,10000,1,False,10000,1,False,10000,1,False,True
3029,4,bar_u,100103,100096,10000,1,False,10000,1,False,10000,1,False,True
3030,4,bar_u,100166,100159,10000,1,False,10000,1,False,10000,1,False,True
3031,4,bar_u,100220,100213,10000,1,False,10000,1,False,10000,1,False,True
3032,4,bar_u,100229,100222,10000,1,False,10000,1,False,10000,1,False,True
3033,4,bar_u,100292,100285,10000,1,False,10000,1,False,10000,1,False,True
3034,4,bar_u,100355,100348,10000,1,False,10000,1,False,10000,1,False,True
3035,4,bar_u,100416,100409,10000,1,False,10000,1,False,10000,1,False,True
3036,4,bar_u,100418,100411,10000,1,False,10000,1,False,10000,1,False,True
3037,4,bar_u,100479,100472,10000,1,False,10000,1,False,10000,1,False,True
3038,4,bar_u,100481,100474,10000,1,False,10000,1,False,10000,1,False,True
3039,4,bar_u,100535,100528,10000,1,False,10000,1,False,10000,1,False,True
3040,4,bar_u,100544,100537,10000,1,False,10000,1,False,10000,1,False,True
3041,4,bar_u,100607,100600,10000,1,False,10000,1,False,10000,1,False,True
3042,4,bar_u,100670,100663,10000,1,False,10000,1,False,10000,1,False,True
3043,4,bar_u,100731,100724,10000,1,False,10000,1,False,10000,1,False,True
3044,4,bar_u,100733,100726,10000,1,False,10000,1,False,10000,1,False,True
3045,4,bar_u,100794,100787,10000,1,False,10000,1,False,10000,1,False,True
3046,4,bar_u,100796,100789,10000,1,False,10000,1,False,10000,1,False,True
3047,4,bar_u,101795,101788,10000,1,False,10000,1,False,10000,1,False,True
3048,4,bar_u,101804,101797,10000,1,False,10000,1,False,10000,1,False,True
3049,4,bar_u,101867,101860,10000,1,False,10000,1,False,10000,1,False,True
3050,4,bar_u,101930,101923,10000,1,False,10000,1,False,10000,1,False,True
3051,4,bar_u,101991,101984,10000,1,False,10000,1,False,10000,1,False,True
3052,4,bar_u,101993,101986,10000,1,False,10000,1,False,10000,1,False,True
3053,4,bar_u,102054,102047,10000,1,False,10000,1,False,10000,1,False,True
3054,4,bar_u,102056,102049,10000,1,False,10000,1,False,10000,1,False,True
3055,4,bar_u,102110,102103,10000,1,False,10000,1,False,10000,1,False,True
3056,4,bar_u,102119,102112,10000,1,False,10000,1,False,10000,1,False,True
3057,4,bar_u,102182,102175,10000,1,False,10000,1,False,10000,1,False,True
3058,4,bar_u,102245,102238,10000,1,False,10000,1,False,10000,1,False,True
3059,4,bar_u,102306,102299,10000,1,False,10000,1,False,10000,1,False,True
3060,4,bar_u,102308,102301,10000,1,False,10000,1,False,10000,1,False,True
3061,4,bar_u,102369,102362,10000,1,False,10000,1,False,10000,1,False,True
3062,4,bar_u,102371,102364,10000,1,False,10000,1,False,10000,1,False,True
3063,4,bar_u,104196,104189,10000,1,False,10000,1,False,10000,1,False,True
3064,4,bar_u,104259,104252,10000,1,False,10000,1,False,10000,1,False,True
3065,4,bar_u,104511,104504,10000,1,False,10000,1,False,10000,1,False,True
3066,4,bar_u,104574,104567,10000,1,False,10000,1,False,10000,1,False,True
3067,4,bar_u,104826,104819,10000,1,False,10000,1,False,10000,1,False,True
3068,4,bar_u,104889,104882,10000,1,False,10000,1,False,10000,1,False,True
3069,4,bar_u,105141,105134,10000,1,False,10000,1,False,10000,1,False,True
3070,4,bar_u,105204,105197,10000,1,False,10000,1,False,10000,1,False,True
3071,4,bar_u,105456,105449,10000,1,False,10000,1,False,10000,1,False,True
3072,4,bar_u,105519,105512,10000,1,False,10000,1,False,10000,1,False,True
3073,4,bar_u,105575,105568,10000,1,False,10000,1,False,10000,1,False,True
3074,4,bar_u,105584,105577,10000,1,False,10000,1,False,10000,1,False,True
3075,4,bar_u,105647,105640,10000,1,False,10000,1,False,10000,1,False,True
3076,4,bar_u,105710,105703,10000,1,False,10000,1,False,10000,1,False,True
3077,4,bar_u,105771,105764,10000,1,False,10000,1,False,10000,1,False,True
3078,4,bar_u,105773,105766,10000,1,False,10000,1,False,10000,1,False,True
3079,4,bar_u,105834,105827,10000,1,False,10000,1,False,10000,1,False,True
3080,4,bar_u,105836,105829,10000,1,False,10000,1,False,10000,1,False,True
3081,4,bar_u,105890,105883,10000,1,False,10000,1,False,10000,1,False,True
3082,4,bar_u,105899,105892,10000,1,False,10000,1,False,10000,1,False,True
3083,4,bar_u,105962,105955,10000,1,False,10000,1,False,10000,1,False,True
3084,4,bar_u,106025,106018,10000,1,False,10000,1,False,10000,1,False,True
3085,4,bar_u,106086,106079,10000,1,False,10000,1,False,10000,1,False,True
3086,4,bar_u,106088,106081,10000,1,False,10000,1,False,10000,1,False,True
3087,4,bar_u,106149,106142,10000,1,False,10000,1,False,10000,1,False,True
3088,4,bar_u,106151,106144,10000,1,False,10000,1,False,10000,1,False,True
3089,4,bar_u,106205,106198,10000,1,False,10000,1,False,10000,1,False,True
3090,4,bar_u,106214,106207,10000,1,False,10000,1,False,10000,1,False,True
3091,4,bar_u,106277,106270,10000,1,False,10000,1,False,10000,1,False,True
3092,4,bar_u,106340,106333,10000,1,False,10000,1,False,10000,1,False,True
3093,4,bar_u,106401,106394,10000,1,False,10000,1,False,10000,1,False,True
3094,4,bar_u,106403,106396,10000,1,False,10000,1,False,10000,1,False,True
3095,4,bar_u,106464,106457,10000,1,False,10000,1,False,10000,1,False,True
3096,4,bar_u,106466,106459,10000,1,False,10000,1,False,10000,1,False,True
3097,4,bar_u,106520,106513,10000,1,False,10000,1,False,10000,1,False,True
3098,4,bar_u,106529,106522,10000,1,False,10000,1,False,10000,1,False,True
3099,4,bar_u,106592,106585,10000,1,False,10000,1,False,10000,1,False,True
3100,4,bar_u,106655,106648,10000,1,False,10000,1,False,10000,1,False,True
3101,4,bar_u,106716,106709,10000,1,False,10000,1,False,10000,1,False,True
3102,4,bar_u,106718,106711,10000,1,False,10000,1,False,10000,1,False,True
3103,4,bar_u,106779,106772,10000,1,False,10000,1,False,10000,1,False,True
3104,4,bar_u,106781,106774,10000,1,False,10000,1,False,10000,1,False,True
3105,4,bar_u,106835,106828,10000,1,False,10000,1,False,10000,1,False,True
3106,4,bar_u,106844,106837,10000,1,False,10000,1,False,10000,1,False,True
3107,4,bar_u,106907,106900,10000,1,False,10000,1,False,10000,1,False,True
3108,4,bar_u,106970,106963,10000,1,False,10000,1,False,10000,1,False,True
3109,4,bar_u,107031,107024,10000,1,False,10000,1,False,10000,1,False,True
3110,4,bar_u,107033,107026,10000,1,False,10000,1,False,10000,1,False,True
3111,4,bar_u,107094,107087,10000,1,False,10000,1,False,10000,1,False,True
3112,4,bar_u,107096,107089,10000,1,False,10000,1,False,10000,1,False,True
3113,4,bar_u,107150,107143,10000,1,False,10000,1,False,10000,1,False,True
3114,4,bar_u,107159,107152,10000,1,False,10000,1,False,10000,1,False,True
3115,4,bar_u,107222,107215,10000,1,False,10000,1,False,10000,1,False,True
3116,4,bar_u,107285,107278,10000,1,False,10000,1,False,10000,1,False,True
3117,4,bar_u,107346,107339,10000,1,False,10000,1,False,10000,1,False,True
3118,4,bar_u,107348,107341,10000,1,False,10000,1,False,10000,1,False,True
3119,4,bar_u,107409,107402,10000,1,False,10000,1,False,10000,1,False,True
3120,4,bar_u,107411,107404,10000,1,False,10000,1,False,10000,1,False,True
3121,4,bar_u,107465,107458,10000,1,False,10000,1,False,10000,1,False,True
3122,4,bar_u,107474,107467,10000,1,False,10000,1,False,10000,1,False,True
3123,4,bar_u,107537,107530,10000,1,False,10000,1,False,10000,1,False,True
3124,4,bar_u,107600,107593,10000,1,False,10000,1,False,10000,1,False,True
3125,4,bar_u,107661,107654,10000,1,False,10000,1,False,10000,1,False,True
3126,4,bar_u,107663,107656,10000,1,False,10000,1,False,10000,1,False,True
3127,4,bar_u,107724,107717,10000,1,False,10000,1,False,10000,1,False,True
3128,4,bar_u,107726,107719,10000,1,False,10000,1,False,10000,1,False,True
3129,4,bar_u,107780,107773,10000,1,False,10000,1,False,10000,1,False,True
3130,4,bar_u,107789,107782,10000,1,False,10000,1,False,10000,1,False,True
3131,4,bar_u,107852,107845,10000,1,False,10000,1,False,10000,1,False,True
3132,4,bar_u,107915,107908,10000,1,False,10000,1,False,10000,1,False,True
3133,4,bar_u,107976,107969,10000,1,False,10000,1,False,10000,1,False,True
3134,4,bar_u,107978,107971,10000,1,False,10000,1,False,10000,1,False,True
3135,4,bar_u,108039,108032,10000,1,False,10000,1,False,10000,1,False,True
3136,4,bar_u,108041,108034,10000,1,False,10000,1,False,10000,1,False,True
3137,4,bar_u,108095,108088,10000,1,False,10000,1,False,10000,1,False,True
3138,4,bar_u,108104,108097,10000,1,False,10000,1,False,10000,1,False,True
3139,4,bar_u,108167,108160,10000,1,False,10000,1,False,10000,1,False,True
3140,4,bar_u,108230,108223,10000,1,False,10000,1,False,10000,1,False,True
3141,4,bar_u,108291,108284,10000,1,False,10000,1,False,10000,1,False,True
3142,4,bar_u,108293,108286,10000,1,False,10000,1,False,10000,1,False,True
3143,4,bar_u,108354,108347,10000,1,False,10000,1,False,10000,1,False,True
3144,4,bar_u,108356,108349,10000,1,False,10000,1,False,10000,1,False,True
3145,4,bar_u,108410,108403,10000,1,False,10000,1,False,10000,1,False,True
3146,4,bar_u,108419,108412,10000,1,False,10000,1,False,10000,1,False,True
3147,4,bar_u,108482,108475,10000,1,False,10000,1,False,10000,1,False,True
3148,4,bar_u,108545,108538,10000,1,False,10000,1,False,10000,1,False,True
3149,4,bar_u,108606,108599,10000,1,False,10000,1,False,10000,1,False,True
3150,4,bar_u,108608,108601,10000,1,False,10000,1,False,10000,1,False,True
3151,4,bar_u,108669,108662,10000,1,False,10000,1,False,10000,1,False,True
3152,4,bar_u,108671,108664,10000,1,False,10000,1,False,10000,1,False,True
3153,4,bar_u,108725,108718,10000,1,False,10000,1,False,10000,1,False,True
3154,4,bar_u,108734,108727,10000,1,False,10000,1,False,10000,1,False,True
3155,4,bar_u,108797,108790,10000,1,False,10000,1,False,10000,1,False,True
3156,4,bar_u,108860,108853,10000,1,False,10000,1,False,10000,1,False,True
3157,4,bar_u,108921,108914,10000,1,False,10000,1,False,10000,1,False,True
3158,4,bar_u,108923,108916,10000,1,False,10000,1,False,10000,1,False,True
3159,4,bar_u,108984,108977,10000,1,False,10000,1,False,10000,1,False,True
3160,4,bar_u,108986,108979,10000,1,False,10000,1,False,10000,1,False,True
3161,4,bar_u,109040,109033,10000,1,False,10000,1,False,10000,1,False,True
3162,4,bar_u,109049,109042,10000,1,False,10000,1,False,10000,1,False,True
3163,4,bar_u,109112,109105,10000,1,False,10000,1,False,10000,1,False,True
3164,4,bar_u,109175,109168,10000,1,False,10000,1,False,10000,1,False,True
3165,4,bar_u,109236,109229,10000,1,False,10000,1,False,10000,1,False,True
3166,4,bar_u,109238,109231,10000,1,False,10000,1,False,10000,1,False,True
3167,4,bar_u,109299,109292,10000,1,False,10000,1,False,10000,1,False,True
3168,4,bar_u,109301,109294,10000,1,False,10000,1,False,10000,1,False,True
3169,4,bar_u,109355,109348,10000,1,False,10000,1,False,10000,1,False,True
3170,4,bar_u,109364,109357,10000,1,False,10000,1,False,10000,1,False,True
3171,4,bar_u,109427,109420,10000,1,False,10000,1,False,10000,1,False,True
3172,4,bar_u,109490,109483,10000,1,False,10000,1,False,10000,1,False,True
3173,4,bar_u,109551,109544,10000,1,False,10000,1,False,10000,1,False,True
3174,4,bar_u,109553,109546,10000,1,False,10000,1,False,10000,1,False,True
3175,4,bar_u,109614,109607,10000,1,False,10000,1,False,10000,1,False,True
3176,4,bar_u,109616,109609,10000,1,False,10000,1,False,10000,1,False,True
3177,4,bar_u,109670,109663,10000,1,False,10000,1,False,10000,1,False,True
3178,4,bar_u,109679,109672,10000,1,False,10000,1,False,10000,1,False,True
3179,4,bar_u,109742,109735,10000,1,False,10000,1,False,10000,1,False,True
3180,4,bar_u,109805,109798,10000,1,False,10000,1,False,10000,1,False,True
3181,4,bar_u,109866,109859,10000,1,False,10000,1,False,10000,1,False,True
3182,4,bar_u,109868,109861,10000,1,False,10000,1,False,10000,1,False,True
3183,4,bar_u,109929,109922,10000,1,False,10000,1,False,10000,1,False,True
3184,4,bar_u,109931,109924,10000,1,False,10000,1,False,10000,1,False,True
3185,4,bar_u,109985,109978,10000,1,False,10000,1,False,10000,1,False,True
3186,4,bar_u,109994,109987,10000,1,False,10000,1,False,10000,1,False,True
3187,4,bar_u,110057,110050,10000,1,False,10000,1,False,10000,1,False,True
3188,4,bar_u,110120,110113,10000,1,False,10000,1,False,10000,1,False,True
3189,4,bar_u,110181,110174,10000,1,False,10000,1,False,10000,1,False,True
3190,4,bar_u,110183,110176,10000,1,False,10000,1,False,10000,1,False,True
3191,4,bar_u,110244,110237,10000,1,False,10000,1,False,10000,1,False,True
3192,4,bar_u,110246,110239,10000,1,False,10000,1,False,10000,1,False,True
3193,4,bar_u,110300,110293,10000,1,False,10000,1,False,10000,1,False,True
3194,4,bar_u,110309,110302,10000,1,False,10000,1,False,10000,1,False,True
3195,4,bar_u,110372,110365,10000,1,False,10000,1,False,10000,1,False,True
3196,4,bar_u,110435,110428,10000,1,False,10000,1,False,10000,1,False,True
3197,4,bar_u,110496,110489,10000,1,False,10000,1,False,10000,1,False,True
3198,4,bar_u,110498,110491,10000,1,False,10000,1,False,10000,1,False,True
3199,4,bar_u,110559,110552,10000,1,False,10000,1,False,10000,1,False,True
3200,4,bar_u,110561,110554,10000,1,False,10000,1,False,10000,1,False,True
3201,4,bar_u,110615,110608,10000,1,False,10000,1,False,10000,1,False,True
3202,4,bar_u,110624,110617,10000,1,False,10000,1,False,10000,1,False,True
3203,4,bar_u,110687,110680,10000,1,False,10000,1,False,10000,1,False,True
3204,4,bar_u,110750,110743,10000,1,False,10000,1,False,10000,1,False,True
3205,4,bar_u,110811,110804,10000,1,False,10000,1,False,10000,1,False,True
3206,4,bar_u,110813,110806,10000,1,False,10000,1,False,10000,1,False,True
3207,4,bar_u,110874,110867,10000,1,False,10000,1,False,10000,1,False,True
3208,4,bar_u,110876,110869,10000,1,False,10000,1,False,10000,1,False,True
3209,4,bar_u,110930,110923,10000,1,False,10000,1,False,10000,1,False,True
3210,4,bar_u,110939,110932,10000,1,False,10000,1,False,10000,1,False,True
3211,4,bar_u,111002,110995,10000,1,False,10000,1,False,10000,1,False,True
3212,4,bar_u,111065,111058,10000,1,False,10000,1,False,10000,1,False,True
3213,4,bar_u,111126,111119,10000,1,False,10000,1,False,10000,1,False,True
3214,4,bar_u,111128,111121,10000,1,False,10000,1,False,10000,1,False,True
3215,4,bar_u,111189,111182,10000,1,False,10000,1,False,10000,1,False,True
3216,4,bar_u,111191,111184,10000,1,False,10000,1,False,10000,1,False,True
3217,4,bar_u,111245,111238,10000,1,False,10000,1,False,10000,1,False,True
3218,4,bar_u,111254,111247,10000,1,False,10000,1,False,10000,1,False,True
3219,4,bar_u,111317,111310,10000,1,False,10000,1,False,10000,1,False,True
3220,4,bar_u,111380,111373,10000,1,False,10000,1,False,10000,1,False,True
3221,4,bar_u,111441,111434,10000,1,False,10000,1,False,10000,1,False,True
3222,4,bar_u,111443,111436,10000,1,False,10000,1,False,10000,1,False,True
3223,4,bar_u,111504,111497,10000,1,False,10000,1,False,10000,1,False,True
3224,4,bar_u,111506,111499,10000,1,False,10000,1,False,10000,1,False,True
3225,4,bar_u,111560,111553,10000,1,False,10000,1,False,10000,1,False,True
3226,4,bar_u,111569,111562,10000,1,False,10000,1,False,10000,1,False,True
3227,4,bar_u,111632,111625,10000,1,False,10000,1,False,10000,1,False,True
3228,4,bar_u,111695,111688,10000,1,False,10000,1,False,10000,1,False,True
3229,4,bar_u,111756,111749,10000,1,False,10000,1,False,10000,1,False,True
3230,4,bar_u,111758,111751,10000,1,False,10000,1,False,10000,1,False,True
3231,4,bar_u,111819,111812,10000,1,False,10000,1,False,10000,1,False,True
3232,4,bar_u,111821,111814,10000,1,False,10000,1,False,10000,1,False,True
3233,4,bar_u,111875,111868,10000,1,False,10000,1,False,10000,1,False,True
3234,4,bar_u,111884,111877,10000,1,False,10000,1,False,10000,1,False,True
3235,4,bar_u,111947,111940,10000,1,False,10000,1,False,10000,1,False,True
3236,4,bar_u,112010,112003,10000,1,False,10000,1,False,10000,1,False,True
3237,4,bar_u,112071,112064,10000,1,False,10000,1,False,10000,1,False,True
3238,4,bar_u,112073,112066,10000,1,False,10000,1,False,10000,1,False,True
3239,4,bar_u,112134,112127,10000,1,False,10000,1,False,10000,1,False,True
3240,4,bar_u,112136,112129,10000,1,False,10000,1,False,10000,1,False,True
3241,4,bar_u,112190,112183,10000,1,False,10000,1,False,10000,1,False,True
3242,4,bar_u,112199,112192,10000,1,False,10000,1,False,10000,1,False,True
3243,4,bar_u,112262,112255,10000,1,False,10000,1,False,10000,1,False,True
3244,4,bar_u,112325,112318,10000,1,False,10000,1,False,10000,1,False,True
3245,4,bar_u,112386,112379,10000,1,False,10000,1,False,10000,1,False,True
3246,4,bar_u,112388,112381,10000,1,False,10000,1,False,10000,1,False,True
3247,4,bar_u,112449,112442,10000,1,False,10000,1,False,10000,1,False,True
3248,4,bar_u,112451,112444,10000,1,False,10000,1,False,10000,1,False,True
3249,4,bar_u,112505,112498,10000,1,False,10000,1,False,10000,1,False,True
3250,4,bar_u,112514,112507,10000,1,False,10000,1,False,10000,1,False,True
3251,4,bar_u,112577,112570,10000,1,False,10000,1,False,10000,1,False,True
3252,4,bar_u,112640,112633,10000,1,False,10000,1,False,10000,1,False,True
3253,4,bar_u,112701,112694,10000,1,False,10000,1,False,10000,1,False,True
3254,4,bar_u,112703,112696,10000,1,False,10000,1,False,10000,1,False,True
3255,4,bar_u,112764,112757,10000,1,False,10000,1,False,10000,1,False,True
3256,4,bar_u,112766,112759,10000,1,False,10000,1,False,10000,1,False,True
3257,4,bar_u,112820,112813,10000,1,False,10000,1,False,10000,1,False,True
3258,4,bar_u,112829,112822,10000,1,False,10000,1,False,10000,1,False,True
3259,4,bar_u,112892,112885,10000,1,False,10000,1,False,10000,1,False,True
3260,4,bar_u,112955,112948,10000,1,False,10000,1,False,10000,1,False,True
3261,4,bar_u,113016,113009,10000,1,False,10000,1,False,10000,1,False,True
3262,4,bar_u,113018,113011,10000,1,False,10000,1,False,10000,1,False,True
3263,4,bar_u,113079,113072,10000,1,False,10000,1,False,10000,1,False,True
3264,4,bar_u,113081,113074,10000,1,False,10000,1,False,10000,1,False,True
3265,4,bar_u,113135,113128,10000,1,False,10000,1,False,10000,1,False,True
3266,4,bar_u,113144,113137,10000,1,False,10000,1,False,10000,1,False,True
3267,4,bar_u,113207,113200,10000,1,False,10000,1,False,10000,1,False,True
3268,4,bar_u,113270,113263,10000,1,False,10000,1,False,10000,1,False,True
3269,4,bar_u,113331,113324,10000,1,False,10000,1,False,10000,1,False,True
3270,4,bar_u,113333,113326,10000,1,False,10000,1,False,10000,1,False,True
3271,4,bar_u,113394,113387,10000,1,False,10000,1,False,10000,1,False,True
3272,4,bar_u,113396,113389,10000,1,False,10000,1,False,10000,1,False,True
3273,4,bar_u,113450,113443,10000,1,False,10000,1,False,10000,1,False,True
3274,4,bar_u,113459,113452,10000,1,False,10000,1,False,10000,1,False,True
3275,4,bar_u,113522,113515,10000,1,False,10000,1,False,10000,1,False,True
3276,4,bar_u,113585,113578,10000,1,False,10000,1,False,10000,1,False,True
3277,4,bar_u,113646,113639,10000,1,False,10000,1,False,10000,1,False,True
3278,4,bar_u,113648,113641,10000,1,False,10000,1,False,10000,1,False,True
3279,4,bar_u,113709,113702,10000,1,False,10000,1,False,10000,1,False,True
3280,4,bar_u,113711,113704,10000,1,False,10000,1,False,10000,1,False,True
3281,4,bar_u,113765,113758,10000,1,False,10000,1,False,10000,1,False,True
3282,4,bar_u,113774,113767,10000,1,False,10000,1,False,10000,1,False,True
3283,4,bar_u,113837,113830,10000,1,False,10000,1,False,10000,1,False,True
3284,4,bar_u,113900,113893,10000,1,False,10000,1,False,10000,1,False,True
3285,4,bar_u,113961,113954,10000,1,False,10000,1,False,10000,1,False,True
3286,4,bar_u,113963,113956,10000,1,False,10000,1,False,10000,1,False,True
3287,4,bar_u,114024,114017,10000,1,False,10000,1,False,10000,1,False,True
3288,4,bar_u,114026,114019,10000,1,False,10000,1,False,10000,1,False,True
3289,4,bar_u,114080,114073,10000,1,False,10000,1,False,10000,1,False,True
3290,4,bar_u,114089,114082,10000,1,False,10000,1,False,10000,1,False,True
3291,4,bar_u,114152,114145,10000,1,False,10000,1,False,10000,1,False,True
3292,4,bar_u,114215,114208,10000,1,False,10000,1,False,10000,1,False,True
3293,4,bar_u,114276,114269,10000,1,False,10000,1,False,10000,1,False,True
3294,4,bar_u,114278,114271,10000,1,False,10000,1,False,10000,1,False,True
3295,4,bar_u,114339,114332,10000,1,False,10000,1,False,10000,1,False,True
3296,4,bar_u,114341,114334,10000,1,False,10000,1,False,10000,1,False,True
3297,4,bar_u,114395,114388,10000,1,False,10000,1,False,10000,1,False,True
3298,4,bar_u,114404,114397,10000,1,False,10000,1,False,10000,1,False,True
3299,4,bar_u,114467,114460,10000,1,False,10000,1,False,10000,1,False,True
3300,4,bar_u,114530,114523,10000,1,False,10000,1,False,10000,1,False,True
3301,4,bar_u,114591,114584,10000,1,False,10000,1,False,10000,1,False,True
3302,4,bar_u,114593,114586,10000,1,False,10000,1,False,10000,1,False,True
3303,4,bar_u,114654,114647,10000,1,False,10000,1,False,10000,1,False,True
3304,4,bar_u,114656,114649,10000,1,False,10000,1,False,10000,1,False,True
3305,4,bar_u,114710,114703,10000,1,False,10000,1,False,10000,1,False,True
3306,4,bar_u,114719,114712,10000,1,False,10000,1,False,10000,1,False,True
3307,4,bar_u,114782,114775,10000,1,False,10000,1,False,10000,1,False,True
3308,4,bar_u,114845,114838,10000,1,False,10000,1,False,10000,1,False,True
3309,4,bar_u,114906,114899,10000,1,False,10000,1,False,10000,1,False,True
3310,4,bar_u,114908,114901,10000,1,False,10000,1,False,10000,1,False,True
3311,4,bar_u,114969,114962,10000,1,False,10000,1,False,10000,1,False,True
3312,4,bar_u,114971,114964,10000,1,False,10000,1,False,10000,1,False,True
3313,4,bar_u,115025,115018,10000,1,False,10000,1,False,10000,1,False,True
3314,4,bar_u,115034,115027,10000,1,False,10000,1,False,10000,1,False,True
3315,4,bar_u,115097,115090,10000,1,False,10000,1,False,10000,1,False,True
3316,4,bar_u,115160,115153,10000,1,False,10000,1,False,10000,1,False,True
3317,4,bar_u,115221,115214,10000,1,False,10000,1,False,10000,1,False,True
3318,4,bar_u,115223,115216,10000,1,False,10000,1,False,10000,1,False,True
3319,4,bar_u,115284,115277,10000,1,False,10000,1,False,10000,1,False,True
3320,4,bar_u,115286,115279,10000,1,False,10000,1,False,10000,1,False,True
3321,4,bar_u,115340,115333,10000,1,False,10000,1,False,10000,1,False,True
3322,4,bar_u,115349,115342,10000,1,False,10000,1,False,10000,1,False,True
3323,4,bar_u,115412,115405,10000,1,False,10000,1,False,10000,1,False,True
3324,4,bar_u,115475,115468,10000,1,False,10000,1,False,10000,1,False,True
3325,4,bar_u,115536,115529,10000,1,False,10000,1,False,10000,1,False,True
3326,4,bar_u,115538,115531,10000,1,False,10000,1,False,10000,1,False,True
3327,4,bar_u,115599,115592,10000,1,False,10000,1,False,10000,1,False,True
3328,4,bar_u,115601,115594,10000,1,False,10000,1,False,10000,1,False,True
3329,4,bar_u,115655,115648,10000,1,False,10000,1,False,10000,1,False,True
3330,4,bar_u,115664,115657,10000,1,False,10000,1,False,10000,1,False,True
3331,4,bar_u,115727,115720,10000,1,False,10000,1,False,10000,1,False,True
3332,4,bar_u,115790,115783,10000,1,False,10000,1,False,10000,1,False,True
3333,4,bar_u,115851,115844,10000,1,False,10000,1,False,10000,1,False,True
3334,4,bar_u,115853,115846,10000,1,False,10000,1,False,10000,1,False,True
3335,4,bar_u,115914,115907,10000,1,False,10000,1,False,10000,1,False,True
3336,4,bar_u,115916,115909,10000,1,False,10000,1,False,10000,1,False,True
3337,4,bar_u,115970,115963,10000,1,False,10000,1,False,10000,1,False,True
3338,4,bar_u,115979,115972,10000,1,False,10000,1,False,10000,1,False,True
3339,4,bar_u,116042,116035,10000,1,False,10000,1,False,10000,1,False,True
3340,4,bar_u,116105,116098,10000,1,False,10000,1,False,10000,1,False,True
3341,4,bar_u,116166,116159,10000,1,False,10000,1,False,10000,1,False,True
3342,4,bar_u,116168,116161,10000,1,False,10000,1,False,10000,1,False,True
3343,4,bar_u,116229,116222,10000,1,False,10000,1,False,10000,1,False,True
3344,4,bar_u,116231,116224,10000,1,False,10000,1,False,10000,1,False,True
3345,4,bar_u,116285,116278,10000,1,False,10000,1,False,10000,1,False,True
3346,4,bar_u,116294,116287,10000,1,False,10000,1,False,10000,1,False,True
3347,4,bar_u,116357,116350,10000,1,False,10000,1,False,10000,1,False,True
3348,4,bar_u,116420,116413,10000,1,False,10000,1,False,10000,1,False,True
3349,4,bar_u,116481,116474,10000,1,False,10000,1,False,10000,1,False,True
3350,4,bar_u,116483,116476,10000,1,False,10000,1,False,10000,1,False,True
3351,4,bar_u,116544,116537,10000,1,False,10000,1,False,10000,1,False,True
3352,4,bar_u,116546,116539,10000,1,False,10000,1,False,10000,1,False,True
3353,4,bar_u,116600,116593,10000,1,False,10000,1,False,10000,1,False,True
3354,4,bar_u,116609,116602,10000,1,False,10000,1,False,10000,1,False,True
3355,4,bar_u,116672,116665,10000,1,False,10000,1,False,10000,1,False,True
3356,4,bar_u,116735,116728,10000,1,False,10000,1,False,10000,1,False,True
3357,4,bar_u,116796,116789,10000,1,False,10000,1,False,10000,1,False,True
3358,4,bar_u,116798,116791,10000,1,False,10000,1,False,10000,1,False,True
3359,4,bar_u,116859,116852,10000,1,False,10000,1,False,10000,1,False,True
3360,4,bar_u,116861,116854,10000,1,False,10000,1,False,10000,1,False,True
3361,4,bar_u,116915,116908,10000,1,False,10000,1,False,10000,1,False,True
3362,4,bar_u,116924,116917,10000,1,False,10000,1,False,10000,1,False,True
3363,4,bar_u,116987,116980,10000,1,False,10000,1,False,10000,1,False,True
3364,4,bar_u,117050,117043,10000,1,False,10000,1,False,10000,1,False,True
3365,4,bar_u,117111,117104,10000,1,False,10000,1,False,10000,1,False,True
3366,4,bar_u,117113,117106,10000,1,False,10000,1,False,10000,1,False,True
3367,4,bar_u,117174,117167,10000,1,False,10000,1,False,10000,1,False,True
3368,4,bar_u,117176,117169,10000,1,False,10000,1,False,10000,1,False,True
3369,4,bar_u,117230,117223,10000,1,False,10000,1,False,10000,1,False,True
3370,4,bar_u,117239,117232,10000,1,False,10000,1,False,10000,1,False,True
3371,4,bar_u,117302,117295,10000,1,False,10000,1,False,10000,1,False,True
3372,4,bar_u,117365,117358,10000,1,False,10000,1,False,10000,1,False,True
3373,4,bar_u,117426,117419,10000,1,False,10000,1,False,10000,1,False,True
3374,4,bar_u,117428,117421,10000,1,False,10000,1,False,10000,1,False,True
3375,4,bar_u,117489,117482,10000,1,False,10000,1,False,10000,1,False,True
3376,4,bar_u,117491,117484,10000,1,False,10000,1,False,10000,1,False,True
3377,4,bar_u,117545,117538,10000,1,False,10000,1,False,10000,1,False,True
3378,4,bar_u,117554,117547,10000,1,False,10000,1,False,10000,1,False,True
3379,4,bar_u,117617,117610,10000,1,False,10000,1,False,10000,1,False,True
3380,4,bar_u,117680,117673,10000,1,False,10000,1,False,10000,1,False,True
3381,4,bar_u,117741,117734,10000,1,False,10000,1,False,10000,1,False,True
3382,4,bar_u,117743,117736,10000,1,False,10000,1,False,10000,1,False,True
3383,4,bar_u,117804,117797,10000,1,False,10000,1,False,10000,1,False,True
3384,4,bar_u,117806,117799,10000,1,False,10000,1,False,10000,1,False,True
3385,4,bar_u,117860,117853,10000,1,False,10000,1,False,10000,1,False,True
3386,4,bar_u,117869,117862,10000,1,False,10000,1,False,10000,1,False,True
3387,4,bar_u,117932,117925,10000,1,False,10000,1,False,10000,1,False,True
3388,4,bar_u,117995,117988,10000,1,False,10000,1,False,10000,1,False,True
3389,4,bar_u,118056,118049,10000,1,False,10000,1,False,10000,1,False,True
3390,4,bar_u,118058,118051,10000,1,False,10000,1,False,10000,1,False,True
3391,4,bar_u,118119,118112,10000,1,False,10000,1,False,10000,1,False,True
3392,4,bar_u,118121,118114,10000,1,False,10000,1,False,10000,1,False,True
3393,4,bar_u,118175,118168,10000,1,False,10000,1,False,10000,1,False,True
3394,4,bar_u,118184,118177,10000,1,False,10000,1,False,10000,1,False,True
3395,4,bar_u,118247,118240,10000,1,False,10000,1,False,10000,1,False,True
3396,4,bar_u,118310,118303,10000,1,False,10000,1,False,10000,1,False,True
3397,4,bar_u,118371,118364,10000,1,False,10000,1,False,10000,1,False,True
3398,4,bar_u,118373,118366,10000,1,False,10000,1,False,10000,1,False,True
3399,4,bar_u,118434,118427,10000,1,False,10000,1,False,10000,1,False,True
3400,4,bar_u,118436,118429,10000,1,False,10000,1,False,10000,1,False,True
3401,4,bar_u,118490,118483,10000,1,False,10000,1,False,10000,1,False,True
3402,4,bar_u,118499,118492,10000,1,False,10000,1,False,10000,1,False,True
3403,4,bar_u,118562,118555,10000,1,False,10000,1,False,10000,1,False,True
3404,4,bar_u,118625,118618,10000,1,False,10000,1,False,10000,1,False,True
3405,4,bar_u,118686,118679,10000,1,False,10000,1,False,10000,1,False,True
3406,4,bar_u,118688,118681,10000,1,False,10000,1,False,10000,1,False,True
3407,4,bar_u,118749,118742,10000,1,False,10000,1,False,10000,1,False,True
3408,4,bar_u,118751,118744,10000,1,False,10000,1,False,10000,1,False,True
3409,4,bar_u,118805,118798,10000,1,False,10000,1,False,10000,1,False,True
3410,4,bar_u,118814,118807,10000,1,False,10000,1,False,10000,1,False,True
3411,4,bar_u,118877,118870,10000,1,False,10000,1,False,10000,1,False,True
3412,4,bar_u,118940,118933,10000,1,False,10000,1,False,10000,1,False,True
3413,4,bar_u,119001,118994,10000,1,False,10000,1,False,10000,1,False,True
3414,4,bar_u,119003,118996,10000,1,False,10000,1,False,10000,1,False,True
3415,4,bar_u,119064,119057,10000,1,False,10000,1,False,10000,1,False,True
3416,4,bar_u,119066,119059,10000,1,False,10000,1,False,10000,1,False,True
3417,4,bar_u,119120,119113,10000,1,False,10000,1,False,10000,1,False,True
3418,4,bar_u,119129,119122,10000,1,False,10000,1,False,10000,1,False,True
3419,4,bar_u,119192,119185,10000,1,False,10000,1,False,10000,1,False,True
3420,4,bar_u,119255,119248,10000,1,False,10000,1,False,10000,1,False,True
3421,4,bar_u,119316,119309,10000,1,False,10000,1,False,10000,1,False,True
3422,4,bar_u,119318,119311,10000,1,False,10000,1,False,10000,1,False,True
3423,4,bar_u,119379,119372,10000,1,False,10000,1,False,10000,1,False,True
3424,4,bar_u,119381,119374,10000,1,False,10000,1,False,10000,1,False,True
3425,4,bar_u,119435,119428,10000,1,False,10000,1,False,10000,1,False,True
3426,4,bar_u,119444,119437,10000,1,False,10000,1,False,10000,1,False,True
3427,4,bar_u,119507,119500,10000,1,False,10000,1,False,10000,1,False,True
3428,4,bar_u,119570,119563,10000,1,False,10000,1,False,10000,1,False,True
3429,4,bar_u,119631,119624,10000,1,False,10000,1,False,10000,1,False,True
3430,4,bar_u,119633,119626,10000,1,False,10000,1,False,10000,1,False,True
3431,4,bar_u,119694,119687,10000,1,False,10000,1,False,10000,1,False,True
3432,4,bar_u,119696,119689,10000,1,False,10000,1,False,10000,1,False,True
3433,4,bar_u,119750,119743,10000,1,False,10000,1,False,10000,1,False,True
3434,4,bar_u,119759,119752,10000,1,False,10000,1,False,10000,1,False,True
3435,4,bar_u,119822,119815,10000,1,False,10000,1,False,10000,1,False,True
3436,4,bar_u,119885,119878,10000,1,False,10000,1,False,10000,1,False,True
3437,4,bar_u,119946,119939,10000,1,False,10000,1,False,10000,1,False,True
3438,4,bar_u,119948,119941,10000,1,False,10000,1,False,10000,1,False,True
3439,4,bar_u,120009,120002,10000,1,False,10000,1,False,10000,1,False,True
3440,4,bar_u,120011,120004,10000,1,False,10000,1,False,10000,1,False,True
3441,4,bar_u,120065,120058,10000,1,False,10000,1,False,10000,1,False,True
3442,4,bar_u,120074,120067,10000,1,False,10000,1,False,10000,1,False,True
3443,4,bar_u,120137,120130,10000,1,False,10000,1,False,10000,1,False,True
3444,4,bar_u,120200,120193,10000,1,False,10000,1,False,10000,1,False,True
3445,4,bar_u,120261,120254,10000,1,False,10000,1,False,10000,1,False,True
3446,4,bar_u,120263,120256,10000,1,False,10000,1,False,10000,1,False,True
3447,4,bar_u,120324,120317,10000,1,False,10000,1,False,10000,1,False,True
3448,4,bar_u,120326,120319,10000,1,False,10000,1,False,10000,1,False,True
3449,4,bar_u,120380,120373,10000,1,False,10000,1,False,10000,1,False,True
3450,4,bar_u,120389,120382,10000,1,False,10000,1,False,10000,1,False,True
3451,4,bar_u,120452,120445,10000,1,False,10000,1,False,10000,1,False,True
3452,4,bar_u,120515,120508,10000,1,False,10000,1,False,10000,1,False,True
3453,4,bar_u,120576,120569,10000,1,False,10000,1,False,10000,1,False,True
3454,4,bar_u,120578,120571,10000,1,False,10000,1,False,10000,1,False,True
3455,4,bar_u,120639,120632,10000,1,False,10000,1,False,10000,1,False,True
3456,4,bar_u,120641,120634,10000,1,False,10000,1,False,10000,1,False,True
3457,4,bar_u,120695,120688,10000,1,False,10000,1,False,10000,1,False,True
3458,4,bar_u,120704,120697,10000,1,False,10000,1,False,10000,1,False,True
3459,4,bar_u,120767,120760,10000,1,False,10000,1,False,10000,1,False,True
3460,4,bar_u,120830,120823,10000,1,False,10000,1,False,10000,1,False,True
3461,4,bar_u,120891,120884,10000,1,False,10000,1,False,10000,1,False,True
3462,4,bar_u,120893,120886,10000,1,False,10000,1,False,10000,1,False,True
3463,4,bar_u,120954,120947,10000,1,False,10000,1,False,10000,1,False,True
3464,4,bar_u,120956,120949,10000,1,False,10000,1,False,10000,1,False,True
3465,4,bar_u,121010,121003,10000,1,False,10000,1,False,10000,1,False,True
3466,4,bar_u,121019,121012,10000,1,False,10000,1,False,10000,1,False,True
3467,4,bar_u,121082,121075,10000,1,False,10000,1,False,10000,1,False,True
3468,4,bar_u,121145,121138,10000,1,False,10000,1,False,10000,1,False,True
3469,4,bar_u,121206,121199,10000,1,False,10000,1,False,10000,1,False,True
3470,4,bar_u,121208,121201,10000,1,False,10000,1,False,10000,1,False,True
3471,4,bar_u,121269,121262,10000,1,False,10000,1,False,10000,1,False,True
3472,4,bar_u,121271,121264,10000,1,False,10000,1,False,10000,1,False,True
3473,4,bar_u,121325,121318,10000,1,False,10000,1,False,10000,1,False,True
3474,4,bar_u,121334,121327,10000,1,False,10000,1,False,10000,1,False,True
3475,4,bar_u,121397,121390,10000,1,False,10000,1,False,10000,1,False,True
3476,4,bar_u,121460,121453,10000,1,False,10000,1,False,10000,1,False,True
3477,4,bar_u,121521,121514,10000,1,False,10000,1,False,10000,1,False,True
3478,4,bar_u,121523,121516,10000,1,False,10000,1,False,10000,1,False,True
3479,4,bar_u,121584,121577,10000,1,False,10000,1,False,10000,1,False,True
3480,4,bar_u,121586,121579,10000,1,False,10000,1,False,10000,1,False,True
3481,4,bar_u,121640,121633,10000,1,False,10000,1,False,10000,1,False,True
3482,4,bar_u,121649,121642,10000,1,False,10000,1,False,10000,1,False,True
3483,4,bar_u,121712,121705,10000,1,False,10000,1,False,10000,1,False,True
3484,4,bar_u,121775,121768,10000,1,False,10000,1,False,10000,1,False,True
3485,4,bar_u,121836,121829,10000,1,False,10000,1,False,10000,1,False,True
3486,4,bar_u,121838,121831,10000,1,False,10000,1,False,10000,1,False,True
3487,4,bar_u,121899,121892,10000,1,False,10000,1,False,10000,1,False,True
3488,4,bar_u,121901,121894,10000,1,False,10000,1,False,10000,1,False,True
3489,4,bar_u,121955,121948,10000,1,False,10000,1,False,10000,1,False,True
3490,4,bar_u,121964,121957,10000,1,False,10000,1,False,10000,1,False,True
3491,4,bar_u,122027,122020,10000,1,False,10000,1,False,10000,1,False,True
3492,4,bar_u,122090,122083,10000,1,False,10000,1,False,10000,1,False,True
3493,4,bar_u,122151,122144,10000,1,False,10000,1,False,10000,1,False,True
3494,4,bar_u,122153,122146,10000,1,False,10000,1,False,10000,1,False,True
3495,4,bar_u,122214,122207,10000,1,False,10000,1,False,10000,1,False,True
3496,4,bar_u,122216,122209,10000,1,False,10000,1,False,10000,1,False,True
3497,4,bar_u,122270,122263,10000,1,False,10000,1,False,10000,1,False,True
3498,4,bar_u,122279,122272,10000,1,False,10000,1,False,10000,1,False,True
3499,4,bar_u,122342,122335,10000,1,False,10000,1,False,10000,1,False,True
3500,4,bar_u,122405,122398,10000,1,False,10000,1,False,10000,1,False,True
3501,4,bar_u,122466,122459,10000,1,False,10000,1,False,10000,1,False,True
3502,4,bar_u,122468,122461,10000,1,False,10000,1,False,10000,1,False,True
3503,4,bar_u,122529,122522,10000,1,False,10000,1,False,10000,1,False,True
3504,4,bar_u,122531,122524,10000,1,False,10000,1,False,10000,1,False,True
3505,4,bar_u,122585,122578,10000,1,False,10000,1,False,10000,1,False,True
3506,4,bar_u,122594,122587,10000,1,False,10000,1,False,10000,1,False,True
3507,4,bar_u,122657,122650,10000,1,False,10000,1,False,10000,1,False,True
3508,4,bar_u,122720,122713,10000,1,False,10000,1,False,10000,1,False,True
3509,4,bar_u,122781,122774,10000,1,False,10000,1,False,10000,1,False,True
3510,4,bar_u,122783,122776,10000,1,False,10000,1,False,10000,1,False,True
3511,4,bar_u,122844,122837,10000,1,False,10000,1,False,10000,1,False,True
3512,4,bar_u,122846,122839,10000,1,False,10000,1,False,10000,1,False,True
3513,4,bar_u,124671,124664,10000,1,False,10000,1,False,10000,1,False,True
3514,4,bar_u,124734,124727,10000,1,False,10000,1,False,10000,1,False,True
3515,4,bar_u,124986,124979,10000,1,False,10000,1,False,10000,1,False,True
3516,4,bar_u,125049,125042,10000,1,False,10000,1,False,10000,1,False,True
3517,4,bar_u,125301,125294,10000,1,False,10000,1,False,10000,1,False,True
3518,4,bar_u,125364,125357,10000,1,False,10000,1,False,10000,1,False,True
3519,4,bar_u,125616,125609,10000,1,False,10000,1,False,10000,1,False,True
3520,4,bar_u,125679,125672,10000,1,False,10000,1,False,10000,1,False,True
3521,4,bar_u,125931,125924,10000,1,False,10000,1,False,10000,1,False,True
3522,4,bar_u,125994,125987,10000,1,False,10000,1,False,10000,1,False,True
3523,4,bar_u,126050,126043,10000,1,False,10000,1,False,10000,1,False,True
3524,4,bar_u,126059,126052,10000,1,False,10000,1,False,10000,1,False,True
3525,4,bar_u,126122,126115,10000,1,False,10000,1,False,10000,1,False,True
3526,4,bar_u,126185,126178,10000,1,False,10000,1,False,10000,1,False,True
3527,4,bar_u,126246,126239,10000,1,False,10000,1,False,10000,1,False,True
3528,4,bar_u,126248,126241,10000,1,False,10000,1,False,10000,1,False,True
3529,4,bar_u,126309,126302,10000,1,False,10000,1,False,10000,1,False,True
3530,4,bar_u,126311,126304,10000,1,False,10000,1,False,10000,1,False,True
3531,4,bar_u,126365,126358,10000,1,False,10000,1,False,10000,1,False,True
3532,4,bar_u,126374,126367,10000,1,False,10000,1,False,10000,1,False,True
3533,4,bar_u,126437,126430,10000,1,False,10000,1,False,10000,1,False,True
3534,4,bar_u,126500,126493,10000,1,False,10000,1,False,10000,1,False,True
3535,4,bar_u,126561,126554,10000,1,False,10000,1,False,10000,1,False,True
3536,4,bar_u,126563,126556,10000,1,False,10000,1,False,10000,1,False,True
3537,4,bar_u,126624,126617,10000,1,False,10000,1,False,10000,1,False,True
3538,4,bar_u,126626,126619,10000,1,False,10000,1,False,10000,1,False,True
3539,4,bar_u,126680,126673,10000,1,False,10000,1,False,10000,1,False,True
3540,4,bar_u,126689,126682,10000,1,False,10000,1,False,10000,1,False,True
3541,4,bar_u,126752,126745,10000,1,False,10000,1,False,10000,1,False,True
3542,4,bar_u,126815,126808,10000,1,False,10000,1,False,10000,1,False,True
3543,4,bar_u,126876,126869,10000,1,False,10000,1,False,10000,1,False,True
3544,4,bar_u,126878,126871,10000,1,False,10000,1,False,10000,1,False,True
3545,4,bar_u,126939,126932,10000,1,False,10000,1,False,10000,1,False,True
3546,4,bar_u,126941,126934,10000,1,False,10000,1,False,10000,1,False,True
3547,4,bar_u,126995,126988,10000,1,False,10000,1,False,10000,1,False,True
3548,4,bar_u,127004,126997,10000,1,False,10000,1,False,10000,1,False,True
3549,4,bar_u,127067,127060,10000,1,False,10000,1,False,10000,1,False,True
3550,4,bar_u,127130,127123,10000,1,False,10000,1,False,10000,1,False,True
3551,4,bar_u,127191,127184,10000,1,False,10000,1,False,10000,1,False,True
3552,4,bar_u,127193,127186,10000,1,False,10000,1,False,10000,1,False,True
3553,4,bar_u,127254,127247,10000,1,False,10000,1,False,10000,1,False,True
3554,4,bar_u,127256,127249,10000,1,False,10000,1,False,10000,1,False,True
3555,4,bar_u,127310,127303,10000,1,False,10000,1,False,10000,1,False,True
3556,4,bar_u,127319,127312,10000,1,False,10000,1,False,10000,1,False,True
3557,4,bar_u,127382,127375,10000,1,False,10000,1,False,10000,1,False,True
3558,4,bar_u,127445,127438,10000,1,False,10000,1,False,10000,1,False,True
3559,4,bar_u,127506,127499,10000,1,False,10000,1,False,10000,1,False,True
3560,4,bar_u,127508,127501,10000,1,False,10000,1,False,10000,1,False,True
3561,4,bar_u,127569,127562,10000,1,False,10000,1,False,10000,1,False,True
3562,4,bar_u,127571,127564,10000,1,False,10000,1,False,10000,1,False,True
3563,4,bar_u,127625,127618,10000,1,False,10000,1,False,10000,1,False,True
3564,4,bar_u,127634,127627,10000,1,False,10000,1,False,10000,1,False,True
3565,4,bar_u,127697,127690,10000,1,False,10000,1,False,10000,1,False,True
3566,4,bar_u,127760,127753,10000,1,False,10000,1,False,10000,1,False,True
3567,4,bar_u,127821,127814,10000,1,False,10000,1,False,10000,1,False,True
3568,4,bar_u,127823,127816,10000,1,False,10000,1,False,10000,1,False,True
3569,4,bar_u,127884,127877,10000,1,False,10000,1,False,10000,1,False,True
3570,4,bar_u,127886,127879,10000,1,False,10000,1,False,10000,1,False,True
3571,4,bar_u,127940,127933,10000,1,False,10000,1,False,10000,1,False,True
3572,4,bar_u,127949,127942,10000,1,False,10000,1,False,10000,1,False,True
3573,4,bar_u,128012,128005,10000,1,False,10000,1,False,10000,1,False,True
3574,4,bar_u,128075,128068,10000,1,False,10000,1,False,10000,1,False,True
3575,4,bar_u,128136,128129,10000,1,False,10000,1,False,10000,1,False,True
3576,4,bar_u,128138,128131,10000,1,False,10000,1,False,10000,1,False,True
3577,4,bar_u,128199,128192,10000,1,False,10000,1,False,10000,1,False,True
3578,4,bar_u,128201,128194,10000,1,False,10000,1,False,10000,1,False,True
3579,4,bar_u,128255,128248,10000,1,False,10000,1,False,10000,1,False,True
3580,4,bar_u,128264,128257,10000,1,False,10000,1,False,10000,1,False,True
3581,4,bar_u,128327,128320,10000,1,False,10000,1,False,10000,1,False,True
3582,4,bar_u,128390,128383,10000,1,False,10000,1,False,10000,1,False,True
3583,4,bar_u,128451,128444,10000,1,False,10000,1,False,10000,1,False,True
3584,4,bar_u,128453,128446,10000,1,False,10000,1,False,10000,1,False,True
3585,4,bar_u,128514,128507,10000,1,False,10000,1,False,10000,1,False,True
3586,4,bar_u,128516,128509,10000,1,False,10000,1,False,10000,1,False,True
3587,4,bar_u,128570,128563,10000,1,False,10000,1,False,10000,1,False,True
3588,4,bar_u,128579,128572,10000,1,False,10000,1,False,10000,1,False,True
3589,4,bar_u,128642,128635,10000,1,False,10000,1,False,10000,1,False,True
3590,4,bar_u,128705,128698,10000,1,False,10000,1,False,10000,1,False,True
3591,4,bar_u,128766,128759,10000,1,False,10000,1,False,10000,1,False,True
3592,4,bar_u,128768,128761,10000,1,False,10000,1,False,10000,1,False,True
3593,4,bar_u,128829,128822,10000,1,False,10000,1,False,10000,1,False,True
3594,4,bar_u,128831,128824,10000,1,False,10000,1,False,10000,1,False,True
3595,4,bar_u,128885,128878,10000,1,False,10000,1,False,10000,1,False,True
3596,4,bar_u,128894,128887,10000,1,False,10000,1,False,10000,1,False,True
3597,4,bar_u,128957,128950,10000,1,False,10000,1,False,10000,1,False,True
3598,4,bar_u,129020,129013,10000,1,False,10000,1,False,10000,1,False,True
3599,4,bar_u,129081,129074,10000,1,False,10000,1,False,10000,1,False,True
3600,4,bar_u,129083,129076,10000,1,False,10000,1,False,10000,1,False,True
3601,4,bar_u,129144,129137,10000,1,False,10000,1,False,10000,1,False,True
3602,4,bar_u,129146,129139,10000,1,False,10000,1,False,10000,1,False,True
3603,4,bar_u,129200,129193,10000,1,False,10000,1,False,10000,1,False,True
3604,4,bar_u,129209,129202,10000,1,False,10000,1,False,10000,1,False,True
3605,4,bar_u,129272,129265,10000,1,False,10000,1,False,10000,1,False,True
3606,4,bar_u,129335,129328,10000,1,False,10000,1,False,10000,1,False,True
3607,4,bar_u,129396,129389,10000,1,False,10000,1,False,10000,1,False,True
3608,4,bar_u,129398,129391,10000,1,False,10000,1,False,10000,1,False,True
3609,4,bar_u,129459,129452,10000,1,False,10000,1,False,10000,1,False,True
3610,4,bar_u,129461,129454,10000,1,False,10000,1,False,10000,1,False,True
3611,4,bar_u,129515,129508,10000,1,False,10000,1,False,10000,1,False,True
3612,4,bar_u,129524,129517,10000,1,False,10000,1,False,10000,1,False,True
3613,4,bar_u,129587,129580,10000,1,False,10000,1,False,10000,1,False,True
3614,4,bar_u,129650,129643,10000,1,False,10000,1,False,10000,1,False,True
3615,4,bar_u,129711,129704,10000,1,False,10000,1,False,10000,1,False,True
3616,4,bar_u,129713,129706,10000,1,False,10000,1,False,10000,1,False,True
3617,4,bar_u,129774,129767,10000,1,False,10000,1,False,10000,1,False,True
3618,4,bar_u,129776,129769,10000,1,False,10000,1,False,10000,1,False,True
3619,4,bar_u,129830,129823,10000,1,False,10000,1,False,10000,1,False,True
3620,4,bar_u,129839,129832,10000,1,False,10000,1,False,10000,1,False,True
3621,4,bar_u,129902,129895,10000,1,False,10000,1,False,10000,1,False,True
3622,4,bar_u,129965,129958,10000,1,False,10000,1,False,10000,1,False,True
3623,4,bar_u,130026,130019,10000,1,False,10000,1,False,10000,1,False,True
3624,4,bar_u,130028,130021,10000,1,False,10000,1,False,10000,1,False,True
3625,4,bar_u,130089,130082,10000,1,False,10000,1,False,10000,1,False,True
3626,4,bar_u,130091,130084,10000,1,False,10000,1,False,10000,1,False,True
3627,4,bar_u,130145,130138,10000,1,False,10000,1,False,10000,1,False,True
3628,4,bar_u,130154,130147,10000,1,False,10000,1,False,10000,1,False,True
3629,4,bar_u,130217,130210,10000,1,False,10000,1,False,10000,1,False,True
3630,4,bar_u,130280,130273,10000,1,False,10000,1,False,10000,1,False,True
3631,4,bar_u,130341,130334,10000,1,False,10000,1,False,10000,1,False,True
3632,4,bar_u,130343,130336,10000,1,False,10000,1,False,10000,1,False,True
3633,4,bar_u,130404,130397,10000,1,False,10000,1,False,10000,1,False,True
3634,4,bar_u,130406,130399,10000,1,False,10000,1,False,10000,1,False,True
3635,4,bar_u,130460,130453,10000,1,False,10000,1,False,10000,1,False,True
3636,4,bar_u,130469,130462,10000,1,False,10000,1,False,10000,1,False,True
3637,4,bar_u,130532,130525,10000,1,False,10000,1,False,10000,1,False,True
3638,4,bar_u,130595,130588,10000,1,False,10000,1,False,10000,1,False,True
3639,4,bar_u,130656,130649,10000,1,False,10000,1,False,10000,1,False,True
3640,4,bar_u,130658,130651,10000,1,False,10000,1,False,10000,1,False,True
3641,4,bar_u,130719,130712,10000,1,False,10000,1,False,10000,1,False,True
3642,4,bar_u,130721,130714,10000,1,False,10000,1,False,10000,1,False,True
3643,4,bar_u,130775,130768,10000,1,False,10000,1,False,10000,1,False,True
3644,4,bar_u,130784,130777,10000,1,False,10000,1,False,10000,1,False,True
3645,4,bar_u,130847,130840,10000,1,False,10000,1,False,10000,1,False,True
3646,4,bar_u,130910,130903,10000,1,False,10000,1,False,10000,1,False,True
3647,4,bar_u,130971,130964,10000,1,False,10000,1,False,10000,1,False,True
3648,4,bar_u,130973,130966,10000,1,False,10000,1,False,10000,1,False,True
3649,4,bar_u,131034,131027,10000,1,False,10000,1,False,10000,1,False,True
3650,4,bar_u,131036,131029,10000,1,False,10000,1,False,10000,1,False,True
3651,4,bar_u,131090,131083,10000,1,False,10000,1,False,10000,1,False,True
3652,4,bar_u,131099,131092,10000,1,False,10000,1,False,10000,1,False,True
3653,4,bar_u,131162,131155,10000,1,False,10000,1,False,10000,1,False,True
3654,4,bar_u,131225,131218,10000,1,False,10000,1,False,10000,1,False,True
3655,4,bar_u,131286,131279,10000,1,False,10000,1,False,10000,1,False,True
3656,4,bar_u,131288,131281,10000,1,False,10000,1,False,10000,1,False,True
3657,4,bar_u,131349,131342,10000,1,False,10000,1,False,10000,1,False,True
3658,4,bar_u,131351,131344,10000,1,False,10000,1,False,10000,1,False,True
3659,4,bar_u,131405,131398,10000,1,False,10000,1,False,10000,1,False,True
3660,4,bar_u,131414,131407,10000,1,False,10000,1,False,10000,1,False,True
3661,4,bar_u,131477,131470,10000,1,False,10000,1,False,10000,1,False,True
3662,4,bar_u,131540,131533,10000,1,False,10000,1,False,10000,1,False,True
3663,4,bar_u,131601,131594,10000,1,False,10000,1,False,10000,1,False,True
3664,4,bar_u,131603,131596,10000,1,False,10000,1,False,10000,1,False,True
3665,4,bar_u,131664,131657,10000,1,False,10000,1,False,10000,1,False,True
3666,4,bar_u,131666,131659,10000,1,False,10000,1,False,10000,1,False,True
3667,4,bar_u,131720,131713,10000,1,False,10000,1,False,10000,1,False,True
3668,4,bar_u,131729,131722,10000,1,False,10000,1,False,10000,1,False,True
3669,4,bar_u,131792,131785,10000,1,False,10000,1,False,10000,1,False,True
3670,4,bar_u,131855,131848,10000,1,False,10000,1,False,10000,1,False,True
3671,4,bar_u,131916,131909,10000,1,False,10000,1,False,10000,1,False,True
3672,4,bar_u,131918,131911,10000,1,False,10000,1,False,10000,1,False,True
3673,4,bar_u,131979,131972,10000,1,False,10000,1,False,10000,1,False,True
3674,4,bar_u,131981,131974,10000,1,False,10000,1,False,10000,1,False,True
3675,4,bar_u,132035,132028,10000,1,False,10000,1,False,10000,1,False,True
3676,4,bar_u,132044,132037,10000,1,False,10000,1,False,10000,1,False,True
3677,4,bar_u,132107,132100,10000,1,False,10000,1,False,10000,1,False,True
3678,4,bar_u,132170,132163,10000,1,False,10000,1,False,10000,1,False,True
3679,4,bar_u,132231,132224,10000,1,False,10000,1,False,10000,1,False,True
3680,4,bar_u,132233,132226,10000,1,False,10000,1,False,10000,1,False,True
3681,4,bar_u,132294,132287,10000,1,False,10000,1,False,10000,1,False,True
3682,4,bar_u,132296,132289,10000,1,False,10000,1,False,10000,1,False,True
3683,4,bar_u,132350,132343,10000,1,False,10000,1,False,10000,1,False,True
3684,4,bar_u,132359,132352,10000,1,False,10000,1,False,10000,1,False,True
3685,4,bar_u,132422,132415,10000,1,False,10000,1,False,10000,1,False,True
3686,4,bar_u,132485,132478,10000,1,False,10000,1,False,10000,1,False,True
3687,4,bar_u,132546,132539,10000,1,False,10000,1,False,10000,1,False,True
3688,4,bar_u,132548,132541,10000,1,False,10000,1,False,10000,1,False,True
3689,4,bar_u,132609,132602,10000,1,False,10000,1,False,10000,1,False,True
3690,4,bar_u,132611,132604,10000,1,False,10000,1,False,10000,1,False,True
3691,4,bar_u,132665,132658,10000,1,False,10000,1,False,10000,1,False,True
3692,4,bar_u,132674,132667,10000,1,False,10000,1,False,10000,1,False,True
3693,4,bar_u,132737,132730,10000,1,False,10000,1,False,10000,1,False,True
3694,4,bar_u,132800,132793,10000,1,False,10000,1,False,10000,1,False,True
3695,4,bar_u,132861,132854,10000,1,False,10000,1,False,10000,1,False,True
3696,4,bar_u,132863,132856,10000,1,False,10000,1,False,10000,1,False,True
3697,4,bar_u,132924,132917,10000,1,False,10000,1,False,10000,1,False,True
3698,4,bar_u,132926,132919,10000,1,False,10000,1,False,10000,1,False,True
3699,4,bar_u,132980,132973,10000,1,False,10000,1,False,10000,1,False,True
3700,4,bar_u,132989,132982,10000,1,False,10000,1,False,10000,1,False,True
3701,4,bar_u,133052,133045,10000,1,False,10000,1,False,10000,1,False,True
3702,4,bar_u,133115,133108,10000,1,False,10000,1,False,10000,1,False,True
3703,4,bar_u,133176,133169,10000,1,False,10000,1,False,10000,1,False,True
3704,4,bar_u,133178,133171,10000,1,False,10000,1,False,10000,1,False,True
3705,4,bar_u,133239,133232,10000,1,False,10000,1,False,10000,1,False,True
3706,4,bar_u,133241,133234,10000,1,False,10000,1,False,10000,1,False,True
3707,4,bar_u,133295,133288,10000,1,False,10000,1,False,10000,1,False,True
3708,4,bar_u,133304,133297,10000,1,False,10000,1,False,10000,1,False,True
3709,4,bar_u,133367,133360,10000,1,False,10000,1,False,10000,1,False,True
3710,4,bar_u,133430,133423,10000,1,False,10000,1,False,10000,1,False,True
3711,4,bar_u,133491,133484,10000,1,False,10000,1,False,10000,1,False,True
3712,4,bar_u,133493,133486,10000,1,False,10000,1,False,10000,1,False,True
3713,4,bar_u,133554,133547,10000,1,False,10000,1,False,10000,1,False,True
3714,4,bar_u,133556,133549,10000,1,False,10000,1,False,10000,1,False,True
3715,4,bar_u,133610,133603,10000,1,False,10000,1,False,10000,1,False,True
3716,4,bar_u,133619,133612,10000,1,False,10000,1,False,10000,1,False,True
3717,4,bar_u,133682,133675,10000,1,False,10000,1,False,10000,1,False,True
3718,4,bar_u,133745,133738,10000,1,False,10000,1,False,10000,1,False,True
3719,4,bar_u,133806,133799,10000,1,False,10000,1,False,10000,1,False,True
3720,4,bar_u,133808,133801,10000,1,False,10000,1,False,10000,1,False,True
3721,4,bar_u,133869,133862,10000,1,False,10000,1,False,10000,1,False,True
3722,4,bar_u,133871,133864,10000,1,False,10000,1,False,10000,1,False,True
3723,4,bar_u,133925,133918,10000,1,False,10000,1,False,10000,1,False,True
3724,4,bar_u,133934,133927,10000,1,False,10000,1,False,10000,1,False,True
3725,4,bar_u,133997,133990,10000,1,False,10000,1,False,10000,1,False,True
3726,4,bar_u,134060,134053,10000,1,False,10000,1,False,10000,1,False,True
3727,4,bar_u,134121,134114,10000,1,False,10000,1,False,10000,1,False,True
3728,4,bar_u,134123,134116,10000,1,False,10000,1,False,10000,1,False,True
3729,4,bar_u,134184,134177,10000,1,False,10000,1,False,10000,1,False,True
3730,4,bar_u,134186,134179,10000,1,False,10000,1,False,10000,1,False,True
3731,4,bar_u,134240,134233,10000,1,False,10000,1,False,10000,1,False,True
3732,4,bar_u,134249,134242,10000,1,False,10000,1,False,10000,1,False,True
3733,4,bar_u,134312,134305,10000,1,False,10000,1,False,10000,1,False,True
3734,4,bar_u,134375,134368,10000,1,False,10000,1,False,10000,1,False,True
3735,4,bar_u,134436,134429,10000,1,False,10000,1,False,10000,1,False,True
3736,4,bar_u,134438,134431,10000,1,False,10000,1,False,10000,1,False,True
3737,4,bar_u,134499,134492,10000,1,False,10000,1,False,10000,1,False,True
3738,4,bar_u,134501,134494,10000,1,False,10000,1,False,10000,1,False,True
3739,4,bar_u,134555,134548,10000,1,False,10000,1,False,10000,1,False,True
3740,4,bar_u,134564,134557,10000,1,False,10000,1,False,10000,1,False,True
3741,4,bar_u,134627,134620,10000,1,False,10000,1,False,10000,1,False,True
3742,4,bar_u,134690,134683,10000,1,False,10000,1,False,10000,1,False,True
3743,4,bar_u,134751,134744,10000,1,False,10000,1,False,10000,1,False,True
3744,4,bar_u,134753,134746,10000,1,False,10000,1,False,10000,1,False,True
3745,4,bar_u,134814,134807,10000,1,False,10000,1,False,10000,1,False,True
3746,4,bar_u,134816,134809,10000,1,False,10000,1,False,10000,1,False,True
3747,4,bar_u,134870,134863,10000,1,False,10000,1,False,10000,1,False,True
3748,4,bar_u,134879,134872,10000,1,False,10000,1,False,10000,1,False,True
3749,4,bar_u,134942,134935,10000,1,False,10000,1,False,10000,1,False,True
3750,4,bar_u,135005,134998,10000,1,False,10000,1,False,10000,1,False,True
3751,4,bar_u,135066,135059,10000,1,False,10000,1,False,10000,1,False,True
3752,4,bar_u,135068,135061,10000,1,False,10000,1,False,10000,1,False,True
3753,4,bar_u,135129,135122,10000,1,False,10000,1,False,10000,1,False,True
3754,4,bar_u,135131,135124,10000,1,False,10000,1,False,10000,1,False,True
3755,4,bar_u,135185,135178,10000,1,False,10000,1,False,10000,1,False,True
3756,4,bar_u,135194,135187,10000,1,False,10000,1,False,10000,1,False,True
3757,4,bar_u,135257,135250,10000,1,False,10000,1,False,10000,1,False,True
3758,4,bar_u,135320,135313,10000,1,False,10000,1,False,10000,1,False,True
3759,4,bar_u,135381,135374,10000,1,False,10000,1,False,10000,1,False,True
3760,4,bar_u,135383,135376,10000,1,False,10000,1,False,10000,1,False,True
3761,4,bar_u,135444,135437,10000,1,False,10000,1,False,10000,1,False,True
3762,4,bar_u,135446,135439,10000,1,False,10000,1,False,10000,1,False,True
3763,4,bar_u,135500,135493,10000,1,False,10000,1,False,10000,1,False,True
3764,4,bar_u,135509,135502,10000,1,False,10000,1,False,10000,1,False,True
3765,4,bar_u,135572,135565,10000,1,False,10000,1,False,10000,1,False,True
3766,4,bar_u,135635,135628,10000,1,False,10000,1,False,10000,1,False,True
3767,4,bar_u,135696,135689,10000,1,False,10000,1,False,10000,1,False,True
3768,4,bar_u,135698,135691,10000,1,False,10000,1,False,10000,1,False,True
3769,4,bar_u,135759,135752,10000,1,False,10000,1,False,10000,1,False,True
3770,4,bar_u,135761,135754,10000,1,False,10000,1,False,10000,1,False,True
3771,4,bar_u,135815,135808,10000,1,False,10000,1,False,10000,1,False,True
3772,4,bar_u,135824,135817,10000,1,False,10000,1,False,10000,1,False,True
3773,4,bar_u,135887,135880,10000,1,False,10000,1,False,10000,1,False,True
3774,4,bar_u,135950,135943,10000,1,False,10000,1,False,10000,1,False,True
3775,4,bar_u,136011,136004,10000,1,False,10000,1,False,10000,1,False,True
3776,4,bar_u,136013,136006,10000,1,False,10000,1,False,10000,1,False,True
3777,4,bar_u,136074,136067,10000,1,False,10000,1,False,10000,1,False,True
3778,4,bar_u,136076,136069,10000,1,False,10000,1,False,10000,1,False,True
3779,4,bar_u,136130,136123,10000,1,False,10000,1,False,10000,1,False,True
3780,4,bar_u,136139,136132,10000,1,False,10000,1,False,10000,1,False,True
3781,4,bar_u,136202,136195,10000,1,False,10000,1,False,10000,1,False,True
3782,4,bar_u,136265,136258,10000,1,False,10000,1,False,10000,1,False,True
3783,4,bar_u,136326,136319,10000,1,False,10000,1,False,10000,1,False,True
3784,4,bar_u,136328,136321,10000,1,False,10000,1,False,10000,1,False,True
3785,4,bar_u,136389,136382,10000,1,False,10000,1,False,10000,1,False,True
3786,4,bar_u,136391,136384,10000,1,False,10000,1,False,10000,1,False,True
3787,4,bar_u,136445,136438,10000,1,False,10000,1,False,10000,1,False,True
3788,4,bar_u,136454,136447,10000,1,False,10000,1,False,10000,1,False,True
3789,4,bar_u,136517,136510,10000,1,False,10000,1,False,10000,1,False,True
3790,4,bar_u,136580,136573,10000,1,False,10000,1,False,10000,1,False,True
3791,4,bar_u,136641,136634,10000,1,False,10000,1,False,10000,1,False,True
3792,4,bar_u,136643,136636,10000,1,False,10000,1,False,10000,1,False,True
3793,4,bar_u,136704,136697,10000,1,False,10000,1,False,10000,1,False,True
3794,4,bar_u,136706,136699,10000,1,False,10000,1,False,10000,1,False,True
3795,4,bar_u,136760,136753,10000,1,False,10000,1,False,10000,1,False,True
3796,4,bar_u,136769,136762,10000,1,False,10000,1,False,10000,1,False,True
3797,4,bar_u,136832,136825,10000,1,False,10000,1,False,10000,1,False,True
3798,4,bar_u,136895,136888,10000,1,False,10000,1,False,10000,1,False,True
3799,4,bar_u,136956,136949,10000,1,False,10000,1,False,10000,1,False,True
3800,4,bar_u,136958,136951,10000,1,False,10000,1,False,10000,1,False,True
3801,4,bar_u,137019,137012,10000,1,False,10000,1,False,10000,1,False,True
3802,4,bar_u,137021,137014,10000,1,False,10000,1,False,10000,1,False,True
3803,4,bar_u,137075,137068,10000,1,False,10000,1,False,10000,1,False,True
3804,4,bar_u,137084,137077,10000,1,False,10000,1,False,10000,1,False,True
3805,4,bar_u,137147,137140,10000,1,False,10000,1,False,10000,1,False,True
3806,4,bar_u,137210,137203,10000,1,False,10000,1,False,10000,1,False,True
3807,4,bar_u,137271,137264,10000,1,False,10000,1,False,10000,1,False,True
3808,4,bar_u,137273,137266,10000,1,False,10000,1,False,10000,1,False,True
3809,4,bar_u,137334,137327,10000,1,False,10000,1,False,10000,1,False,True
3810,4,bar_u,137336,137329,10000,1,False,10000,1,False,10000,1,False,True
3811,4,bar_u,137390,137383,10000,1,False,10000,1,False,10000,1,False,True
3812,4,bar_u,137399,137392,10000,1,False,10000,1,False,10000,1,False,True
3813,4,bar_u,137462,137455,10000,1,False,10000,1,False,10000,1,False,True
3814,4,bar_u,137525,137518,10000,1,False,10000,1,False,10000,1,False,True
3815,4,bar_u,137586,137579,10000,1,False,10000,1,False,10000,1,False,True
3816,4,bar_u,137588,137581,10000,1,False,10000,1,False,10000,1,False,True
3817,4,bar_u,137649,137642,10000,1,False,10000,1,False,10000,1,False,True
3818,4,bar_u,137651,137644,10000,1,False,10000,1,False,10000,1,False,True
3819,4,bar_u,137705,137698,10000,1,False,10000,1,False,10000,1,False,True
3820,4,bar_u,137714,137707,10000,1,False,10000,1,False,10000,1,False,True
3821,4,bar_u,137777,137770,10000,1,False,10000,1,False,10000,1,False,True
3822,4,bar_u,137840,137833,10000,1,False,10000,1,False,10000,1,False,True
3823,4,bar_u,137901,137894,10000,1,False,10000,1,False,10000,1,False,True
3824,4,bar_u,137903,137896,10000,1,False,10000,1,False,10000,1,False,True
3825,4,bar_u,137964,137957,10000,1,False,10000,1,False,10000,1,False,True
3826,4,bar_u,137966,137959,10000,1,False,10000,1,False,10000,1,False,True
3827,4,bar_u,138020,138013,10000,1,False,10000,1,False,10000,1,False,True
3828,4,bar_u,138029,138022,10000,1,False,10000,1,False,10000,1,False,True
3829,4,bar_u,138092,138085,10000,1,False,10000,1,False,10000,1,False,True
3830,4,bar_u,138155,138148,10000,1,False,10000,1,False,10000,1,False,True
3831,4,bar_u,138216,138209,10000,1,False,10000,1,False,10000,1,False,True
3832,4,bar_u,138218,138211,10000,1,False,10000,1,False,10000,1,False,True
3833,4,bar_u,138279,138272,10000,1,False,10000,1,False,10000,1,False,True
3834,4,bar_u,138281,138274,10000,1,False,10000,1,False,10000,1,False,True
3835,4,bar_u,138335,138328,10000,1,False,10000,1,False,10000,1,False,True
3836,4,bar_u,138344,138337,10000,1,False,10000,1,False,10000,1,False,True
3837,4,bar_u,138407,138400,10000,1,False,10000,1,False,10000,1,False,True
3838,4,bar_u,138470,138463,10000,1,False,10000,1,False,10000,1,False,True
3839,4,bar_u,138531,138524,10000,1,False,10000,1,False,10000,1,False,True
3840,4,bar_u,138533,138526,10000,1,False,10000,1,False,10000,1,False,True
3841,4,bar_u,138594,138587,10000,1,False,10000,1,False,10000,1,False,True
3842,4,bar_u,138596,138589,10000,1,False,10000,1,False,10000,1,False,True
3843,4,bar_u,138650,138643,10000,1,False,10000,1,False,10000,1,False,True
3844,4,bar_u,138659,138652,10000,1,False,10000,1,False,10000,1,False,True
3845,4,bar_u,138722,138715,10000,1,False,10000,1,False,10000,1,False,True
3846,4,bar_u,138785,138778,10000,1,False,10000,1,False,10000,1,False,True
3847,4,bar_u,138846,138839,10000,1,False,10000,1,False,10000,1,False,True
3848,4,bar_u,138848,138841,10000,1,False,10000,1,False,10000,1,False,True
3849,4,bar_u,138909,138902,10000,1,False,10000,1,False,10000,1,False,True
3850,4,bar_u,138911,138904,10000,1,False,10000,1,False,10000,1,False,True
3851,4,bar_u,138965,138958,10000,1,False,10000,1,False,10000,1,False,True
3852,4,bar_u,138974,138967,10000,1,False,10000,1,False,10000,1,False,True
3853,4,bar_u,139037,139030,10000,1,False,10000,1,False,10000,1,False,True
3854,4,bar_u,139100,139093,10000,1,False,10000,1,False,10000,1,False,True
3855,4,bar_u,139161,139154,10000,1,False,10000,1,False,10000,1,False,True
3856,4,bar_u,139163,139156,10000,1,False,10000,1,False,10000,1,False,True
3857,4,bar_u,139224,139217,10000,1,False,10000,1,False,10000,1,False,True
3858,4,bar_u,139226,139219,10000,1,False,10000,1,False,10000,1,False,True
3859,4,bar_u,139280,139273,10000,1,False,10000,1,False,10000,1,False,True
3860,4,bar_u,139289,139282,10000,1,False,10000,1,False,10000,1,False,True
3861,4,bar_u,139352,139345,10000,1,False,10000,1,False,10000,1,False,True
3862,4,bar_u,139415,139408,10000,1,False,10000,1,False,10000,1,False,True
3863,4,bar_u,139476,139469,10000,1,False,10000,1,False,10000,1,False,True
3864,4,bar_u,139478,139471,10000,1,False,10000,1,False,10000,1,False,True
3865,4,bar_u,139539,139532,10000,1,False,10000,1,False,10000,1,False,True
3866,4,bar_u,139541,139534,10000,1,False,10000,1,False,10000,1,False,True
3867,4,bar_u,139595,139588,10000,1,False,10000,1,False,10000,1,False,True
3868,4,bar_u,139604,139597,10000,1,False,10000,1,False,10000,1,False,True
3869,4,bar_u,139667,139660,10000,1,False,10000,1,False,10000,1,False,True
3870,4,bar_u,139730,139723,10000,1,False,10000,1,False,10000,1,False,True
3871,4,bar_u,139791,139784,10000,1,False,10000,1,False,10000,1,False,True
3872,4,bar_u,139793,139786,10000,1,False,10000,1,False,10000,1,False,True
3873,4,bar_u,139854,139847,10000,1,False,10000,1,False,10000,1,False,True
3874,4,bar_u,139856,139849,10000,1,False,10000,1,False,10000,1,False,True
3875,4,bar_u,139910,139903,10000,1,False,10000,1,False,10000,1,False,True
3876,4,bar_u,139919,139912,10000,1,False,10000,1,False,10000,1,False,True
3877,4,bar_u,139982,139975,10000,1,False,10000,1,False,10000,1,False,True
3878,4,bar_u,140045,140038,10000,1,False,10000,1,False,10000,1,False,True
3879,4,bar_u,140106,140099,10000,1,False,10000,1,False,10000,1,False,True
3880,4,bar_u,140108,140101,10000,1,False,10000,1,False,10000,1,False,True
3881,4,bar_u,140169,140162,10000,1,False,10000,1,False,10000,1,False,True
3882,4,bar_u,140171,140164,10000,1,False,10000,1,False,10000,1,False,True
3883,4,bar_u,140225,140218,10000,1,False,10000,1,False,10000,1,False,True
3884,4,bar_u,140234,140227,10000,1,False,10000,1,False,10000,1,False,True
3885,4,bar_u,140297,140290,10000,1,False,10000,1,False,10000,1,False,True
3886,4,bar_u,140360,140353,10000,1,False,10000,1,False,10000,1,False,True
3887,4,bar_u,140421,140414,10000,1,False,10000,1,False,10000,1,False,True
3888,4,bar_u,140423,140416,10000,1,False,10000,1,False,10000,1,False,True
3889,4,bar_u,140484,140477,10000,1,False,10000,1,False,10000,1,False,True
3890,4,bar_u,140486,140479,10000,1,False,10000,1,False,10000,1,False,True
3891,4,bar_u,140540,140533,10000,1,False,10000,1,False,10000,1,False,True
3892,4,bar_u,140549,140542,10000,1,False,10000,1,False,10000,1,False,True
3893,4,bar_u,140612,140605,10000,1,False,10000,1,False,10000,1,False,True
3894,4,bar_u,140675,140668,10000,1,False,10000,1,False,10000,1,False,True
3895,4,bar_u,140736,140729,10000,1,False,10000,1,False,10000,1,False,True
3896,4,bar_u,140738,140731,10000,1,False,10000,1,False,10000,1,False,True
3897,4,bar_u,140799,140792,10000,1,False,10000,1,False,10000,1,False,True
3898,4,bar_u,140801,140794,10000,1,False,10000,1,False,10000,1,False,True
3899,4,bar_u,140855,140848,10000,1,False,10000,1,False,10000,1,False,True
3900,4,bar_u,140864,140857,10000,1,False,10000,1,False,10000,1,False,True
3901,4,bar_u,140927,140920,10000,1,False,10000,1,False,10000,1,False,True
3902,4,bar_u,140990,140983,10000,1,False,10000,1,False,10000,1,False,True
3903,4,bar_u,141051,141044,10000,1,False,10000,1,False,10000,1,False,True
3904,4,bar_u,141053,141046,10000,1,False,10000,1,False,10000,1,False,True
3905,4,bar_u,141114,141107,10000,1,False,10000,1,False,10000,1,False,True
3906,4,bar_u,141116,141109,10000,1,False,10000,1,False,10000,1,False,True
3907,4,bar_u,141170,141163,10000,1,False,10000,1,False,10000,1,False,True
3908,4,bar_u,141179,141172,10000,1,False,10000,1,False,10000,1,False,True
3909,4,bar_u,141242,141235,10000,1,False,10000,1,False,10000,1,False,True
3910,4,bar_u,141305,141298,10000,1,False,10000,1,False,10000,1,False,True
3911,4,bar_u,141366,141359,10000,1,False,10000,1,False,10000,1,False,True
3912,4,bar_u,141368,141361,10000,1,False,10000,1,False,10000,1,False,True
3913,4,bar_u,141429,141422,10000,1,False,10000,1,False,10000,1,False,True
3914,4,bar_u,141431,141424,10000,1,False,10000,1,False,10000,1,False,True
3915,4,bar_u,141485,141478,10000,1,False,10000,1,False,10000,1,False,True
3916,4,bar_u,141494,141487,10000,1,False,10000,1,False,10000,1,False,True
3917,4,bar_u,141557,141550,10000,1,False,10000,1,False,10000,1,False,True
3918,4,bar_u,141620,141613,10000,1,False,10000,1,False,10000,1,False,True
3919,4,bar_u,141681,141674,10000,1,False,10000,1,False,10000,1,False,True
3920,4,bar_u,141683,141676,10000,1,False,10000,1,False,10000,1,False,True
3921,4,bar_u,141744,141737,10000,1,False,10000,1,False,10000,1,False,True
3922,4,bar_u,141746,141739,10000,1,False,10000,1,False,10000,1,False,True
3923,4,bar_u,141800,141793,10000,1,False,10000,1,False,10000,1,False,True
3924,4,bar_u,141809,141802,10000,1,False,10000,1,False,10000,1,False,True
3925,4,bar_u,141872,141865,10000,1,False,10000,1,False,10000,1,False,True
3926,4,bar_u,141935,141928,10000,1,False,10000,1,False,10000,1,False,True
3927,4,bar_u,141996,141989,10000,1,False,10000,1,False,10000,1,False,True
3928,4,bar_u,141998,141991,10000,1,False,10000,1,False,10000,1,False,True
3929,4,bar_u,142059,142052,10000,1,False,10000,1,False,10000,1,False,True
3930,4,bar_u,142061,142054,10000,1,False,10000,1,False,10000,1,False,True
3931,4,bar_u,142115,142108,10000,1,False,10000,1,False,10000,1,False,True
3932,4,bar_u,142124,142117,10000,1,False,10000,1,False,10000,1,False,True
3933,4,bar_u,142187,142180,10000,1,False,10000,1,False,10000,1,False,True
3934,4,bar_u,142250,142243,10000,1,False,10000,1,False,10000,1,False,True
3935,4,bar_u,142311,142304,10000,1,False,10000,1,False,10000,1,False,True
3936,4,bar_u,142313,142306,10000,1,False,10000,1,False,10000,1,False,True
3937,4,bar_u,142374,142367,10000,1,False,10000,1,False,10000,1,False,True
3938,4,bar_u,142376,142369,10000,1,False,10000,1,False,10000,1,False,True
3939,4,bar_u,142430,142423,10000,1,False,10000,1,False,10000,1,False,True
3940,4,bar_u,142439,142432,10000,1,False,10000,1,False,10000,1,False,True
3941,4,bar_u,142502,142495,10000,1,False,10000,1,False,10000,1,False,True
3942,4,bar_u,142565,142558,10000,1,False,10000,1,False,10000,1,False,True
3943,4,bar_u,142626,142619,10000,1,False,10000,1,False,10000,1,False,True
3944,4,bar_u,142628,142621,10000,1,False,10000,1,False,10000,1,False,True
3945,4,bar_u,142689,142682,10000,1,False,10000,1,False,10000,1,False,True
3946,4,bar_u,142691,142684,10000,1,False,10000,1,False,10000,1,False,True
3947,4,bar_u,142745,142738,10000,1,False,10000,1,False,10000,1,False,True
3948,4,bar_u,142754,142747,10000,1,False,10000,1,False,10000,1,False,True
3949,4,bar_u,142817,142810,10000,1,False,10000,1,False,10000,1,False,True
3950,4,bar_u,142880,142873,10000,1,False,10000,1,False,10000,1,False,True
3951,4,bar_u,142941,142934,10000,1,False,10000,1,False,10000,1,False,True
3952,4,bar_u,142943,142936,10000,1,False,10000,1,False,10000,1,False,True
3953,4,bar_u,143004,142997,10000,1,False,10000,1,False,10000,1,False,True
3954,4,bar_u,143006,142999,10000,1,False,10000,1,False,10000,1,False,True
3955,4,bar_u,143060,143053,10000,1,False,10000,1,False,10000,1,False,True
3956,4,bar_u,143069,143062,10000,1,False,10000,1,False,10000,1,False,True
3957,4,bar_u,143132,143125,10000,1,False,10000,1,False,10000,1,False,True
3958,4,bar_u,143195,143188,10000,1,False,10000,1,False,10000,1,False,True
3959,4,bar_u,143256,143249,10000,1,False,10000,1,False,10000,1,False,True
3960,4,bar_u,143258,143251,10000,1,False,10000,1,False,10000,1,False,True
3961,4,bar_u,143319,143312,10000,1,False,10000,1,False,10000,1,False,True
3962,4,bar_u,143321,143314,10000,1,False,10000,1,False,10000,1,False,True
3963,5,age,1821,1820,11000,1,False,11000,1,False,11000,1,False,True
3964,5,age,1821,1822,10010,3,True,10010,3,True,10010,3,True,True
3965,5,age,1884,1883,11000,1,False,11000,1,False,11000,1,False,True
3966,5,age,1884,1885,10010,3,True,10010,3,True,10010,3,True,True
3967,5,age,2136,2135,11000,1,False,11000,1,False,11000,1,False,True
3968,5,age,2136,2137,10010,3,True,10010,3,True,10010,3,True,True
3969,5,age,2199,2198,11000,1,False,11000,1,False,11000,1,False,True
3970,5,age,2199,2200,10010,3,True,10010,3,True,10010,3,True,True
3971,5,age,2451,2450,11000,1,False,11000,1,False,11000,1,False,True
3972,5,age,2451,2452,10010,3,True,10010,3,True,10010,3,True,True
3973,5,age,2514,2513,11000,1,False,11000,1,False,11000,1,False,True
3974,5,age,2514,2515,10010,3,True,10010,3,True,10010,3,True,True
3975,5,age,2766,2765,11000,1,False,11000,1,False,11000,1,False,True
3976,5,age,2766,2767,10010,3,True,10010,3,True,10010,3,True,True
3977,5,age,2829,2828,11000,1,False,11000,1,False,11000,1,False,True
3978,5,age,2829,2830,10010,3,True,10010,3,True,10010,3,True,True
3979,5,age,3081,3080,11000,1,False,11000,1,False,11000,1,False,True
3980,5,age,3081,3082,10010,3,True,10010,3,True,10010,3,True,True
3981,5,age,3144,3143,11000,1,False,11000,1,False,11000,1,False,True
3982,5,age,3144,3145,10010,3,True,10010,3,True,10010,3,True,True
3983,5,age,3200,3199,10110,3,True,10110,3,True,10110,3,True,True
3984,5,age,3200,3201,10000,1,False,10000,1,False,10000,1,False,True
3985,5,age,3207,3206,11110,1,False,11110,1,False,11110,1,False,True
3986,5,age,3207,3208,11110,1,False,11110,1,False,11110,1,False,True
3987,5,age,3209,3208,11000,1,False,11000,1,False,11000,1,False,True
3988,5,age,3209,3210,10010,3,True,10010,3,True,10010,3,True,True
3989,5,age,3272,3271,11000,1,False,11000,1,False,11000,1,False,True
3990,5,age,3272,3273,10010,3,True,10010,3,True,10010,3,True,True
3991,5,age,3335,3334,11000,1,False,11000,1,False,11000,1,False,True
3992,5,age,3335,3336,10010,3,True,10010,3,True,10010,3,True,True
3993,5,age,3396,3395,11000,1,False,11000,1,False,11000,1,False,True
3994,5,age,3396,3397,10010,3,True,10010,3,True,10010,3,True,True
3995,5,age,3398,3397,11000,1,False,11000,1,False,11000,1,False,True
3996,5,age,3398,3399,10010,3,True,10010,3,True,10010,3,True,True
3997,5,age,3459,3458,11000,1,False,11000,1,False,11000,1,False,True
3998,5,age,3459,3460,10010,3,True,10010,3,True,10010,3,True,True
3999,5,age,3461,3460,11000,1,False,11000,1,False,11000,1,False,True
4000,5,age,3461,3462,10010,3,True,10010,3,True,10010,3,True,True
4001,5,age,3515,3514,10110,3,True,10110,3,True,10110,3,True,True
4002,5,age,3515,3516,10000,1,False,10000,1,False,10000,1,False,True
4003,5,age,3522,3521,11110,1,False,11110,1,False,11110,1,False,True
4004,5,age,3522,3523,11110,1,False,11110,1,False,11110,1,False,True
4005,5,age,3524,3523,11000,1,False,11000,1,False,11000,1,False,True
4006,5,age,3524,3525,10010,3,True,10010,3,True,10010,3,True,True
4007,5,age,3587,3586,11000,1,False,11000,1,False,11000,1,False,True
4008,5,age,3587,3588,10010,3,True,10010,3,True,10010,3,True,True
4009,5,age,3650,3649,11000,1,False,11000,1,False,11000,1,False,True
4010,5,age,3650,3651,10010,3,True,10010,3,True,10010,3,True,True
4011,5,age,3711,3710,11000,1,False,11000,1,False,11000,1,False,True
4012,5,age,3711,3712,10010,3,True,10010,3,True,10010,3,True,True
4013,5,age,3713,3712,11000,1,False,11000,1,False,11000,1,False,True
4014,5,age,3713,3714,10010,3,True,10010,3,True,10010,3,True,True
4015,5,age,3774,3773,11000,1,False,11000,1,False,11000,1,False,True
4016,5,age,3774,3775,10010,3,True,10010,3,True,10010,3,True,True
4017,5,age,3776,3775,11000,1,False,11000,1,False,11000,1,False,True
4018,5,age,3776,3777,10010,3,True,10010,3,True,10010,3,True,True
4019,5,age,3830,3829,10110,3,True,10110,3,True,10110,3,True,True
4020,5,age,3830,3831,10000,1,False,10000,1,False,10000,1,False,True
4021,5,age,3837,3836,11110,1,False,11110,1,False,11110,1,False,True
4022,5,age,3837,3838,11110,1,False,11110,1,False,11110,1,False,True
4023,5,age,3839,3838,11000,1,False,11000,1,False,11000,1,False,True
4024,5,age,3839,3840,10010,3,True,10010,3,True,10010,3,True,True
4025,5,age,3902,3901,11000,1,False,11000,1,False,11000,1,False,True
4026,5,age,3902,3903,10010,3,True,10010,3,True,10010,3,True,True
4027,5,age,3965,3964,11000,1,False,11000,1,False,11000,1,False,True
4028,5,age,3965,3966,10010,3,True,10010,3,True,10010,3,True,True
4029,5,age,4026,4025,11000,1,False,11000,1,False,11000,1,False,True
4030,5,age,4026,4027,10010,3,True,10010,3,True,10010,3,True,True
4031,5,age,4028,4027,11000,1,False,11000,1,False,11000,1,False,True
4032,5,age,4028,4029,10010,3,True,10010,3,True,10010,3,True,True
4033,5,age,4089,4088,11000,1,False,11000,1,False,11000,1,False,True
4034,5,age,4089,4090,10010,3,True,10010,3,True,10010,3,True,True
4035,5,age,4091,4090,11000,1,False,11000,1,False,11000,1,False,True
4036,5,age,4091,4092,10010,3,True,10010,3,True,10010,3,True,True
4037,5,age,4145,4144,10110,3,True,10110,3,True,10110,3,True,True
4038,5,age,4145,4146,10000,1,False,10000,1,False,10000,1,False,True
4039,5,age,4152,4151,11110,1,False,11110,1,False,11110,1,False,True
4040,5,age,4152,4153,11110,1,False,11110,1,False,11110,1,False,True
4041,5,age,4154,4153,11000,1,False,11000,1,False,11000,1,False,True
4042,5,age,4154,4155,10010,3,True,10010,3,True,10010,3,True,True
4043,5,age,4217,4216,11000,1,False,11000,1,False,11000,1,False,True
4044,5,age,4217,4218,10010,3,True,10010,3,True,10010,3,True,True
4045,5,age,4280,4279,11000,1,False,11000,1,False,11000,1,False,True
4046,5,age,4280,4281,10010,3,True,10010,3,True,10010,3,True,True
4047,5,age,4341,4340,11000,1,False,11000,1,False,11000,1,False,True
4048,5,age,4341,4342,10010,3,True,10010,3,True,10010,3,True,True
4049,5,age,4343,4342,11000,1,False,11000,1,False,11000,1,False,True
4050,5,age,4343,4344,10010,3,True,10010,3,True,10010,3,True,True
4051,5,age,4404,4403,11000,1,False,11000,1,False,11000,1,False,True
4052,5,age,4404,4405,10010,3,True,10010,3,True,10010,3,True,True
4053,5,age,4406,4405,11000,1,False,11000,1,False,11000,1,False,True
4054,5,age,4406,4407,10010,3,True,10010,3,True,10010,3,True,True
4055,5,age,4460,4459,10110,3,True,10110,3,True,10110,3,True,True
4056,5,age,4460,4461,10000,1,False,10000,1,False,10000,1,False,True
4057,5,age,4467,4466,11110,1,False,11110,1,False,11110,1,False,True
4058,5,age,4467,4468,11110,1,False,11110,1,False,11110,1,False,True
4059,5,age,4469,4468,11000,1,False,11000,1,False,11000,1,False,True
4060,5,age,4469,4470,10010,3,True,10010,3,True,10010,3,True,True
4061,5,age,4532,4531,11000,1,False,11000,1,False,11000,1,False,True
4062,5,age,4532,4533,10010,3,True,10010,3,True,10010,3,True,True
4063,5,age,4595,4594,11000,1,False,11000,1,False,11000,1,False,True
4064,5,age,4595,4596,10010,3,True,10010,3,True,10010,3,True,True
4065,5,age,4656,4655,11000,1,False,11000,1,False,11000,1,False,True
4066,5,age,4656,4657,10010,3,True,10010,3,True,10010,3,True,True
4067,5,age,4658,4657,11000,1,False,11000,1,False,11000,1,False,True
4068,5,age,4658,4659,10010,3,True,10010,3,True,10010,3,True,True
4069,5,age,4719,4718,11000,1,False,11000,1,False,11000,1,False,True
4070,5,age,4719,4720,10010,3,True,10010,3,True,10010,3,True,True
4071,5,age,4721,4720,11000,1,False,11000,1,False,11000,1,False,True
4072,5,age,4721,4722,10010,3,True,10010,3,True,10010,3,True,True
4073,5,age,4775,4774,10110,3,True,10110,3,True,10110,3,True,True
4074,5,age,4775,4776,10000,1,False,10000,1,False,10000,1,False,True
4075,5,age,4782,4781,11110,1,False,11110,1,False,11110,1,False,True
4076,5,age,4782,4783,11110,1,False,11110,1,False,11110,1,False,True
4077,5,age,4784,4783,11000,1,False,11000,1,False,11000,1,False,True
4078,5,age,4784,4785,10010,3,True,10010,3,True,10010,3,True,True
4079,5,age,4847,4846,11000,1,False,11000,1,False,11000,1,False,True
4080,5,age,4847,4848,10010,3,True,10010,3,True,10010,3,True,True
4081,5,age,4910,4909,11000,1,False,11000,1,False,11000,1,False,True
4082,5,age,4910,4911,10010,3,True,10010,3,True,10010,3,True,True
4083,5,age,4973,4972,11000,1,False,11000,1,False,11000,1,False,True
4084,5,age,4973,4974,10010,3,True,10010,3,True,10010,3,True,True
4085,5,age,5036,5035,11000,1,False,11000,1,False,11000,1,False,True
4086,5,age,5036,5037,10010,3,True,10010,3,True,10010,3,True,True
4087,5,age,5090,5089,10110,3,True,10110,3,True,10110,3,True,True
4088,5,age,5090,5091,10000,1,False,10000,1,False,10000,1,False,True
4089,5,age,5097,5096,11110,1,False,11110,1,False,11110,1,False,True
4090,5,age,5097,5098,11110,1,False,11110,1,False,11110,1,False,True
4091,5,age,5099,5098,11000,1,False,11000,1,False,11000,1,False,True
4092,5,age,5099,5100,10010,3,True,10010,3,True,10010,3,True,True
4093,5,age,5162,5161,11000,1,False,11000,1,False,11000,1,False,True
4094,5,age,5162,5163,10010,3,True,10010,3,True,10010,3,True,True
4095,5,age,5225,5224,11000,1,False,11000,1,False,11000,1,False,True
4096,5,age,5225,5226,10010,3,True,10010,3,True,10010,3,True,True
4097,5,age,5288,5287,11000,1,False,11000,1,False,11000,1,False,True
4098,5,age,5288,5289,10010,3,True,10010,3,True,10010,3,True,True
4099,5,age,5351,5350,11000,1,False,11000,1,False,11000,1,False,True
4100,5,age,5351,5352,10010,3,True,10010,3,True,10010,3,True,True
4101,5,age,5405,5404,10110,3,True,10110,3,True,10110,3,True,True
4102,5,age,5405,5406,10000,1,False,10000,1,False,10000,1,False,True
4103,5,age,5412,5411,11110,1,False,11110,1,False,11110,1,False,True
4104,5,age,5412,5413,11110,1,False,11110,1,False,11110,1,False,True
4105,5,age,5414,5413,11000,1,False,11000,1,False,11000,1,False,True
4106,5,age,5414,5415,10010,3,True,10010,3,True,10010,3,True,True
4107,5,age,5477,5476,11000,1,False,11000,1,False,11000,1,False,True
4108,5,age,5477,5478,10010,3,True,10010,3,True,10010,3,True,True
4109,5,age,5540,5539,11000,1,False,11000,1,False,11000,1,False,True
4110,5,age,5540,5541,10010,3,True,10010,3,True,10010,3,True,True
4111,5,age,5603,5602,11000,1,False,11000,1,False,11000,1,False,True
4112,5,age,5603,5604,10010,3,True,10010,3,True,10010,3,True,True
4113,5,age,5666,5665,11000,1,False,11000,1,False,11000,1,False,True
4114,5,age,5666,5667,10010,3,True,10010,3,True,10010,3,True,True
4115,5,age,5720,5719,10110,3,True,10110,3,True,10110,3,True,True
4116,5,age,5720,5721,10000,1,False,10000,1,False,10000,1,False,True
4117,5,age,5727,5726,11110,1,False,11110,1,False,11110,1,False,True
4118,5,age,5727,5728,11110,1,False,11110,1,False,11110,1,False,True
4119,5,age,5729,5728,11000,1,False,11000,1,False,11000,1,False,True
4120,5,age,5729,5730,10010,3,True,10010,3,True,10010,3,True,True
4121,5,age,5792,5791,11000,1,False,11000,1,False,11000,1,False,True
4122,5,age,5792,5793,10010,3,True,10010,3,True,10010,3,True,True
4123,5,age,5855,5854,11000,1,False,11000,1,False,11000,1,False,True
4124,5,age,5855,5856,10010,3,True,10010,3,True,10010,3,True,True
4125,5,age,5918,5917,11000,1,False,11000,1,False,11000,1,False,True
4126,5,age,5918,5919,10010,3,True,10010,3,True,10010,3,True,True
4127,5,age,5981,5980,11000,1,False,11000,1,False,11000,1,False,True
4128,5,age,5981,5982,10010,3,True,10010,3,True,10010,3,True,True
4129,5,age,6035,6034,10110,3,True,10110,3,True,10110,3,True,True
4130,5,age,6035,6036,10000,1,False,10000,1,False,10000,1,False,True
4131,5,age,6042,6041,11110,1,False,11110,1,False,11110,1,False,True
4132,5,age,6042,6043,11110,1,False,11110,1,False,11110,1,False,True
4133,5,age,6044,6043,11000,1,False,11000,1,False,11000,1,False,True
4134,5,age,6044,6045,10010,3,True,10010,3,True,10010,3,True,True
4135,5,age,6107,6106,11000,1,False,11000,1,False,11000,1,False,True
4136,5,age,6107,6108,10010,3,True,10010,3,True,10010,3,True,True
4137,5,age,6170,6169,11000,1,False,11000,1,False,11000,1,False,True
4138,5,age,6170,6171,10010,3,True,10010,3,True,10010,3,True,True
4139,5,age,6233,6232,11000,1,False,11000,1,False,11000,1,False,True
4140,5,age,6233,6234,10010,3,True,10010,3,True,10010,3,True,True
4141,5,age,6296,6295,11000,1,False,11000,1,False,11000,1,False,True
4142,5,age,6296,6297,10010,3,True,10010,3,True,10010,3,True,True
4143,5,age,6350,6349,10110,3,True,10110,3,True,10110,3,True,True
4144,5,age,6350,6351,10000,1,False,10000,1,False,10000,1,False,True
4145,5,age,6357,6356,11110,1,False,11110,1,False,11110,1,False,True
4146,5,age,6357,6358,11110,1,False,11110,1,False,11110,1,False,True
4147,5,age,6359,6358,11000,1,False,11000,1,False,11000,1,False,True
4148,5,age,6359,6360,10010,3,True,10010,3,True,10010,3,True,True
4149,5,age,6422,6421,11000,1,False,11000,1,False,11000,1,False,True
4150,5,age,6422,6423,10010,3,True,10010,3,True,10010,3,True,True
4151,5,age,6485,6484,11000,1,False,11000,1,False,11000,1,False,True
4152,5,age,6485,6486,10010,3,True,10010,3,True,10010,3,True,True
4153,5,age,6548,6547,11000,1,False,11000,1,False,11000,1,False,True
4154,5,age,6548,6549,10010,3,True,10010,3,True,10010,3,True,True
4155,5,age,6611,6610,11000,1,False,11000,1,False,11000,1,False,True
4156,5,age,6611,6612,10010,3,True,10010,3,True,10010,3,True,True
4157,5,age,6665,6664,10110,3,True,10110,3,True,10110,3,True,True
4158,5,age,6665,6666,10000,1,False,10000,1,False,10000,1,False,True
4159,5,age,6672,6671,11110,1,False,11110,1,False,11110,1,False,True
4160,5,age,6672,6673,11110,1,False,11110,1,False,11110,1,False,True
4161,5,age,6674,6673,11000,1,False,11000,1,False,11000,1,False,True
4162,5,age,6674,6675,10010,3,True,10010,3,True,10010,3,True,True
4163,5,age,6737,6736,11000,1,False,11000,1,False,11000,1,False,True
4164,5,age,6737,6738,10010,3,True,10010,3,True,10010,3,True,True
4165,5,age,6800,6799,11000,1,False,11000,1,False,11000,1,False,True
4166,5,age,6800,6801,10010,3,True,10010,3,True,10010,3,True,True
4167,5,age,6863,6862,11000,1,False,11000,1,False,11000,1,False,True
4168,5,age,6863,6864,10010,3,True,10010,3,True,10010,3,True,True
4169,5,age,6926,6925,11000,1,False,11000,1,False,11000,1,False,True
4170,5,age,6926,6927,10010,3,True,10010,3,True,10010,3,True,True
4171,5,age,6980,6979,10110,3,True,10110,3,True,10110,3,True,True
4172,5,age,6980,6981,10000,1,False,10000,1,False,10000,1,False,True
4173,5,age,6987,6986,11110,1,False,11110,1,False,11110,1,False,True
4174,5,age,6987,6988,11110,1,False,11110,1,False,11110,1,False,True
4175,5,age,6989,6988,11000,1,False,11000,1,False,11000,1,False,True
4176,5,age,6989,6990,10010,3,True,10010,3,True,10010,3,True,True
4177,5,age,7052,7051,11000,1,False,11000,1,False,11000,1,False,True
4178,5,age,7052,7053,10010,3,True,10010,3,True,10010,3,True,True
4179,5,age,7115,7114,11000,1,False,11000,1,False,11000,1,False,True
4180,5,age,7115,7116,10010,3,True,10010,3,True,10010,3,True,True
4181,5,age,7178,7177,11000,1,False,11000,1,False,11000,1,False,True
4182,5,age,7178,7179,10010,3,True,10010,3,True,10010,3,True,True
4183,5,age,7241,7240,11000,1,False,11000,1,False,11000,1,False,True
4184,5,age,7241,7242,10010,3,True,10010,3,True,10010,3,True,True
4185,5,age,7295,7294,10110,3,True,10110,3,True,10110,3,True,True
4186,5,age,7295,7296,10000,1,False,10000,1,False,10000,1,False,True
4187,5,age,7302,7301,11110,1,False,11110,1,False,11110,1,False,True
4188,5,age,7302,7303,11110,1,False,11110,1,False,11110,1,False,True
4189,5,age,7304,7303,11000,1,False,11000,1,False,11000,1,False,True
4190,5,age,7304,7305,10010,3,True,10010,3,True,10010,3,True,True
4191,5,age,7367,7366,11000,1,False,11000,1,False,11000,1,False,True
4192,5,age,7367,7368,10010,3,True,10010,3,True,10010,3,True,True
4193,5,age,7430,7429,11000,1,False,11000,1,False,11000,1,False,True
4194,5,age,7430,7431,10010,3,True,10010,3,True,10010,3,True,True
4195,5,age,7493,7492,11000,1,False,11000,1,False,11000,1,False,True
4196,5,age,7493,7494,10010,3,True,10010,3,True,10010,3,True,True
4197,5,age,7556,7555,11000,1,False,11000,1,False,11000,1,False,True
4198,5,age,7556,7557,10010,3,True,10010,3,True,10010,3,True,True
4199,5,age,7610,7609,10110,3,True,10110,3,True,10110,3,True,True
4200,5,age,7610,7611,10000,1,False,10000,1,False,10000,1,False,True
4201,5,age,7617,7616,11110,1,False,11110,1,False,11110,1,False,True
4202,5,age,7617,7618,11110,1,False,11110,1,False,11110,1,False,True
4203,5,age,7619,7618,11000,1,False,11000,1,False,11000,1,False,True
4204,5,age,7619,7620,10010,3,True,10010,3,True,10010,3,True,True
4205,5,age,7682,7681,11000,1,False,11000,1,False,11000,1,False,True
4206,5,age,7682,7683,10010,3,True,10010,3,True,10010,3,True,True
4207,5,age,7745,7744,11000,1,False,11000,1,False,11000,1,False,True
4208,5,age,7745,7746,10010,3,True,10010,3,True,10010,3,True,True
4209,5,age,7808,7807,11000,1,False,11000,1,False,11000,1,False,True
4210,5,age,7808,7809,10010,3,True,10010,3,True,10010,3,True,True
4211,5,age,7871,7870,11000,1,False,11000,1,False,11000,1,False,True
4212,5,age,7871,7872,10010,3,True,10010,3,True,10010,3,True,True
4213,5,age,22296,22295,11000,1,False,11000,1,False,11000,1,False,True
4214,5,age,22296,22297,10010,3,True,10010,3,True,10010,3,True,True
4215,5,age,22359,22358,11000,1,False,11000,1,False,11000,1,False,True
4216,5,age,22359,22360,10010,3,True,10010,3,True,10010,3,True,True
4217,5,age,22611,22610,11000,1,False,11000,1,False,11000,1,False,True
4218,5,age,22611,22612,10010,3,True,10010,3,True,10010,3,True,True
4219,5,age,22674,22673,11000,1,False,11000,1,False,11000,1,False,True
4220,5,age,22674,22675,10010,3,True,10010,3,True,10010,3,True,True
4221,5,age,22926,22925,11000,1,False,11000,1,False,11000,1,False,True
4222,5,age,22926,22927,10010,3,True,10010,3,True,10010,3,True,True
4223,5,age,22989,22988,11000,1,False,11000,1,False,11000,1,False,True
4224,5,age,22989,22990,10010,3,True,10010,3,True,10010,3,True,True
4225,5,age,23241,23240,11000,1,False,11000,1,False,11000,1,False,True
4226,5,age,23241,23242,10010,3,True,10010,3,True,10010,3,True,True
4227,5,age,23304,23303,11000,1,False,11000,1,False,11000,1,False,True
4228,5,age,23304,23305,10010,3,True,10010,3,True,10010,3,True,True
4229,5,age,23556,23555,11000,1,False,11000,1,False,11000,1,False,True
4230,5,age,23556,23557,10010,3,True,10010,3,True,10010,3,True,True
4231,5,age,23619,23618,11000,1,False,11000,1,False,11000,1,False,True
4232,5,age,23619,23620,10010,3,True,10010,3,True,10010,3,True,True
4233,5,age,23675,23674,10110,3,True,10110,3,True,10110,3,True,True
4234,5,age,23675,23676,10000,1,False,10000,1,False,10000,1,False,True
4235,5,age,23682,23681,11110,1,False,11110,1,False,11110,1,False,True
4236,5,age,23682,23683,11110,1,False,11110,1,False,11110,1,False,True
4237,5,age,23684,23683,11000,1,False,11000,1,False,11000,1,False,True
4238,5,age,23684,23685,10010,3,True,10010,3,True,10010,3,True,True
4239,5,age,23747,23746,11000,1,False,11000,1,False,11000,1,False,True
4240,5,age,23747,23748,10010,3,True,10010,3,True,10010,3,True,True
4241,5,age,23810,23809,11000,1,False,11000,1,False,11000,1,False,True
4242,5,age,23810,23811,10010,3,True,10010,3,True,10010,3,True,True
4243,5,age,23871,23870,11000,1,False,11000,1,False,11000,1,False,True
4244,5,age,23871,23872,10010,3,True,10010,3,True,10010,3,True,True
4245,5,age,23873,23872,11000,1,False,11000,1,False,11000,1,False,True
4246,5,age,23873,23874,10010,3,True,10010,3,True,10010,3,True,True
4247,5,age,23934,23933,11000,1,False,11000,1,False,11000,1,False,True
4248,5,age,23934,23935,10010,3,True,10010,3,True,10010,3,True,True
4249,5,age,23936,23935,11000,1,False,11000,1,False,11000,1,False,True
4250,5,age,23936,23937,10010,3,True,10010,3,True,10010,3,True,True
4251,5,age,23990,23989,10110,3,True,10110,3,True,10110,3,True,True
4252,5,age,23990,23991,10000,1,False,10000,1,False,10000,1,False,True
4253,5,age,23997,23996,11110,1,False,11110,1,False,11110,1,False,True
4254,5,age,23997,23998,11110,1,False,11110,1,False,11110,1,False,True
4255,5,age,23999,23998,11000,1,False,11000,1,False,11000,1,False,True
4256,5,age,23999,24000,10010,3,True,10010,3,True,10010,3,True,True
4257,5,age,24062,24061,11000,1,False,11000,1,False,11000,1,False,True
4258,5,age,24062,24063,10010,3,True,10010,3,True,10010,3,True,True
4259,5,age,24125,24124,11000,1,False,11000,1,False,11000,1,False,True
4260,5,age,24125,24126,10010,3,True,10010,3,True,10010,3,True,True
4261,5,age,24186,24185,11000,1,False,11000,1,False,11000,1,False,True
4262,5,age,24186,24187,10010,3,True,10010,3,True,10010,3,True,True
4263,5,age,24188,24187,11000,1,False,11000,1,False,11000,1,False,True
4264,5,age,24188,24189,10010,3,True,10010,3,True,10010,3,True,True
4265,5,age,24249,24248,11000,1,False,11000,1,False,11000,1,False,True
4266,5,age,24249,24250,10010,3,True,10010,3,True,10010,3,True,True
4267,5,age,24251,24250,11000,1,False,11000,1,False,11000,1,False,True
4268,5,age,24251,24252,10010,3,True,10010,3,True,10010,3,True,True
4269,5,age,24305,24304,10110,3,True,10110,3,True,10110,3,True,True
4270,5,age,24305,24306,10000,1,False,10000,1,False,10000,1,False,True
4271,5,age,24312,24311,11110,1,False,11110,1,False,11110,1,False,True
4272,5,age,24312,24313,11110,1,False,11110,1,False,11110,1,False,True
4273,5,age,24314,24313,11000,1,False,11000,1,False,11000,1,False,True
4274,5,age,24314,24315,10010,3,True,10010,3,True,10010,3,True,True
4275,5,age,24377,24376,11000,1,False,11000,1,False,11000,1,False,True
4276,5,age,24377,24378,10010,3,True,10010,3,True,10010,3,True,True
4277,5,age,24440,24439,11000,1,False,11000,1,False,11000,1,False,True
4278,5,age,24440,24441,10010,3,True,10010,3,True,10010,3,True,True
4279,5,age,24501,24500,11000,1,False,11000,1,False,11000,1,False,True
4280,5,age,24501,24502,10010,3,True,10010,3,True,10010,3,True,True
4281,5,age,24503,24502,11000,1,False,11000,1,False,11000,1,False,True
4282,5,age,24503,24504,10010,3,True,10010,3,True,10010,3,True,True
4283,5,age,24564,24563,11000,1,False,11000,1,False,11000,1,False,True
4284,5,age,24564,24565,10010,3,True,10010,3,True,10010,3,True,True
4285,5,age,24566,24565,11000,1,False,11000,1,False,11000,1,False,True
4286,5,age,24566,24567,10010,3,True,10010,3,True,10010,3,True,True
4287,5,age,24620,24619,10110,3,True,10110,3,True,10110,3,True,True
4288,5,age,24620,24621,10000,1,False,10000,1,False,10000,1,False,True
4289,5,age,24627,24626,11110,1,False,11110,1,False,11110,1,False,True
4290,5,age,24627,24628,11110,1,False,11110,1,False,11110,1,False,True
4291,5,age,24629,24628,11000,1,False,11000,1,False,11000,1,False,True
4292,5,age,24629,24630,10010,3,True,10010,3,True,10010,3,True,True
4293,5,age,24692,24691,11000,1,False,11000,1,False,11000,1,False,True
4294,5,age,24692,24693,10010,3,True,10010,3,True,10010,3,True,True
4295,5,age,24755,24754,11000,1,False,11000,1,False,11000,1,False,True
4296,5,age,24755,24756,10010,3,True,10010,3,True,10010,3,True,True
4297,5,age,24816,24815,11000,1,False,11000,1,False,11000,1,False,True
4298,5,age,24816,24817,10010,3,True,10010,3,True,10010,3,True,True
4299,5,age,24818,24817,11000,1,False,11000,1,False,11000,1,False,True
4300,5,age,24818,24819,10010,3,True,10010,3,True,10010,3,True,True
4301,5,age,24879,24878,11000,1,False,11000,1,False,11000,1,False,True
4302,5,age,24879,24880,10010,3,True,10010,3,True,10010,3,True,True
4303,5,age,24881,24880,11000,1,False,11000,1,False,11000,1,False,True
4304,5,age,24881,24882,10010,3,True,10010,3,True,10010,3,True,True
4305,5,age,24935,24934,10110,3,True,10110,3,True,10110,3,True,True
4306,5,age,24935,24936,10000,1,False,10000,1,False,10000,1,False,True
4307,5,age,24942,24941,11110,1,False,11110,1,False,11110,1,False,True
4308,5,age,24942,24943,11110,1,False,11110,1,False,11110,1,False,True
4309,5,age,24944,24943,11000,1,False,11000,1,False,11000,1,False,True
4310,5,age,24944,24945,10010,3,True,10010,3,True,10010,3,True,True
4311,5,age,25007,25006,11000,1,False,11000,1,False,11000,1,False,True
4312,5,age,25007,25008,10010,3,True,10010,3,True,10010,3,True,True
4313,5,age,25070,25069,11000,1,False,11000,1,False,11000,1,False,True
4314,5,age,25070,25071,10010,3,True,10010,3,True,10010,3,True,True
4315,5,age,25131,25130,11000,1,False,11000,1,False,11000,1,False,True
4316,5,age,25131,25132,10010,3,True,10010,3,True,10010,3,True,True
4317,5,age,25133,25132,11000,1,False,11000,1,False,11000,1,False,True
4318,5,age,25133,25134,10010,3,True,10010,3,True,10010,3,True,True
4319,5,age,25194,25193,11000,1,False,11000,1,False,11000,1,False,True
4320,5,age,25194,25195,10010,3,True,10010,3,True,10010,3,True,True
4321,5,age,25196,25195,11000,1,False,11000,1,False,11000,1,False,True
4322,5,age,25196,25197,10010,3,True,10010,3,True,10010,3,True,True
4323,5,age,25250,25249,10110,3,True,10110,3,True,10110,3,True,True
4324,5,age,25250,25251,10000,1,False,10000,1,False,10000,1,False,True
4325,5,age,25257,25256,11110,1,False,11110,1,False,11110,1,False,True
4326,5,age,25257,25258,11110,1,False,11110,1,False,11110,1,False,True
4327,5,age,25259,25258,11000,1,False,11000,1,False,11000,1,False,True
4328,5,age,25259,25260,10010,3,True,10010,3,True,10010,3,True,True
4329,5,age,25322,25321,11000,1,False,11000,1,False,11000,1,False,True
4330,5,age,25322,25323,10010,3,True,10010,3,True,10010,3,True,True
4331,5,age,25385,25384,11000,1,False,11000,1,False,11000,1,False,True
4332,5,age,25385,25386,10010,3,True,10010,3,True,10010,3,True,True
4333,5,age,25446,25445,11000,1,False,11000,1,False,11000,1,False,True
4334,5,age,25446,25447,10010,3,True,10010,3,True,10010,3,True,True
4335,5,age,25448,25447,11000,1,False,11000,1,False,11000,1,False,True
4336,5,age,25448,25449,10010,3,True,10010,3,True,10010,3,True,True
4337,5,age,25509,25508,11000,1,False,11000,1,False,11000,1,False,True
4338,5,age,25509,25510,10010,3,True,10010,3,True,10010,3,True,True
4339,5,age,25511,25510,11000,1,False,11000,1,False,11000,1,False,True
4340,5,age,25511,25512,10010,3,True,10010,3,True,10010,3,True,True
4341,5,age,25565,25564,10110,3,True,10110,3,True,10110,3,True,True
4342,5,age,25565,25566,10000,1,False,10000,1,False,10000,1,False,True
4343,5,age,25572,25571,11110,1,False,11110,1,False,11110,1,False,True
4344,5,age,25572,25573,11110,1,False,11110,1,False,11110,1,False,True
4345,5,age,25574,25573,11000,1,False,11000,1,False,11000,1,False,True
4346,5,age,25574,25575,10010,3,True,10010,3,True,10010,3,True,True
4347,5,age,25637,25636,11000,1,False,11000,1,False,11000,1,False,True
4348,5,age,25637,25638,10010,3,True,10010,3,True,10010,3,True,True
4349,5,age,25700,25699,11000,1,False,11000,1,False,11000,1,False,True
4350,5,age,25700,25701,10010,3,True,10010,3,True,10010,3,True,True
4351,5,age,25761,25760,11000,1,False,11000,1,False,11000,1,False,True
4352,5,age,25761,25762,10010,3,True,10010,3,True,10010,3,True,True
4353,5,age,25763,25762,11000,1,False,11000,1,False,11000,1,False,True
4354,5,age,25763,25764,10010,3,True,10010,3,True,10010,3,True,True
4355,5,age,25824,25823,11000,1,False,11000,1,False,11000,1,False,True
4356,5,age,25824,25825,10010,3,True,10010,3,True,10010,3,True,True
4357,5,age,25826,25825,11000,1,False,11000,1,False,11000,1,False,True
4358,5,age,25826,25827,10010,3,True,10010,3,True,10010,3,True,True
4359,5,age,25880,25879,10110,3,True,10110,3,True,10110,3,True,True
4360,5,age,25880,25881,10000,1,False,10000,1,False,10000,1,False,True
4361,5,age,25887,25886,11110,1,False,11110,1,False,11110,1,False,True
4362,5,age,25887,25888,11110,1,False,11110,1,False,11110,1,False,True
4363,5,age,25889,25888,11000,1,False,11000,1,False,11000,1,False,True
4364,5,age,25889,25890,10010,3,True,10010,3,True,10010,3,True,True
4365,5,age,25952,25951,11000,1,False,11000,1,False,11000,1,False,True
4366,5,age,25952,25953,10010,3,True,10010,3,True,10010,3,True,True
4367,5,age,26015,26014,11000,1,False,11000,1,False,11000,1,False,True
4368,5,age,26015,26016,10010,3,True,10010,3,True,10010,3,True,True
4369,5,age,26076,26075,11000,1,False,11000,1,False,11000,1,False,True
4370,5,age,26076,26077,10010,3,True,10010,3,True,10010,3,True,True
4371,5,age,26078,26077,11000,1,False,11000,1,False,11000,1,False,True
4372,5,age,26078,26079,10010,3,True,10010,3,True,10010,3,True,True
4373,5,age,26139,26138,11000,1,False,11000,1,False,11000,1,False,True
4374,5,age,26139,26140,10010,3,True,10010,3,True,10010,3,True,True
4375,5,age,26141,26140,11000,1,False,11000,1,False,11000,1,False,True
4376,5,age,26141,26142,10010,3,True,10010,3,True,10010,3,True,True
4377,5,age,26195,26194,10110,3,True,10110,3,True,10110,3,True,True
4378,5,age,26195,26196,10000,1,False,10000,1,False,10000,1,False,True
4379,5,age,26202,26201,11110,1,False,11110,1,False,11110,1,False,True
4380,5,age,26202,26203,11110,1,False,11110,1,False,11110,1,False,True
4381,5,age,26204,26203,11000,1,False,11000,1,False,11000,1,False,True
4382,5,age,26204,26205,10010,3,True,10010,3,True,10010,3,True,True
4383,5,age,26267,26266,11000,1,False,11000,1,False,11000,1,False,True
4384,5,age,26267,26268,10010,3,True,10010,3,True,10010,3,True,True
4385,5,age,26330,26329,11000,1,False,11000,1,False,11000,1,False,True
4386,5,age,26330,26331,10010,3,True,10010,3,True,10010,3,True,True
4387,5,age,26391,26390,11000,1,False,11000,1,False,11000,1,False,True
4388,5,age,26391,26392,10010,3,True,10010,3,True,10010,3,True,True
4389,5,age,26393,26392,11000,1,False,11000,1,False,11000,1,False,True
4390,5,age,26393,26394,10010,3,True,10010,3,True,10010,3,True,True
4391,5,age,26454,26453,11000,1,False,11000,1,False,11000,1,False,True
4392,5,age,26454,26455,10010,3,True,10010,3,True,10010,3,True,True
4393,5,age,26456,26455,11000,1,False,11000,1,False,11000,1,False,True
4394,5,age,26456,26457,10010,3,True,10010,3,True,10010,3,True,True
4395,5,age,26510,26509,10110,3,True,10110,3,True,10110,3,True,True
4396,5,age,26510,26511,10000,1,False,10000,1,False,10000,1,False,True
4397,5,age,26517,26516,11110,1,False,11110,1,False,11110,1,False,True
4398,5,age,26517,26518,11110,1,False,11110,1,False,11110,1,False,True
4399,5,age,26519,26518,11000,1,False,11000,1,False,11000,1,False,True
4400,5,age,26519,26520,10010,3,True,10010,3,True,10010,3,True,True
4401,5,age,26582,26581,11000,1,False,11000,1,False,11000,1,False,True
4402,5,age,26582,26583,10010,3,True,10010,3,True,10010,3,True,True
4403,5,age,26645,26644,11000,1,False,11000,1,False,11000,1,False,True
4404,5,age,26645,26646,10010,3,True,10010,3,True,10010,3,True,True
4405,5,age,26706,26705,11000,1,False,11000,1,False,11000,1,False,True
4406,5,age,26706,26707,10010,3,True,10010,3,True,10010,3,True,True
4407,5,age,26708,26707,11000,1,False,11000,1,False,11000,1,False,True
4408,5,age,26708,26709,10010,3,True,10010,3,True,10010,3,True,True
4409,5,age,26769,26768,11000,1,False,11000,1,False,11000,1,False,True
4410,5,age,26769,26770,10010,3,True,10010,3,True,10010,3,True,True
4411,5,age,26771,26770,11000,1,False,11000,1,False,11000,1,False,True
4412,5,age,26771,26772,10010,3,True,10010,3,True,10010,3,True,True
4413,5,age,26825,26824,10110,3,True,10110,3,True,10110,3,True,True
4414,5,age,26825,26826,10000,1,False,10000,1,False,10000,1,False,True
4415,5,age,26832,26831,11110,1,False,11110,1,False,11110,1,False,True
4416,5,age,26832,26833,11110,1,False,11110,1,False,11110,1,False,True
4417,5,age,26834,26833,11000,1,False,11000,1,False,11000,1,False,True
4418,5,age,26834,26835,10010,3,True,10010,3,True,10010,3,True,True
4419,5,age,26897,26896,11000,1,False,11000,1,False,11000,1,False,True
4420,5,age,26897,26898,10010,3,True,10010,3,True,10010,3,True,True
4421,5,age,26960,26959,11000,1,False,11000,1,False,11000,1,False,True
4422,5,age,26960,26961,10010,3,True,10010,3,True,10010,3,True,True
4423,5,age,27023,27022,11000,1,False,11000,1,False,11000,1,False,True
4424,5,age,27023,27024,10010,3,True,10010,3,True,10010,3,True,True
4425,5,age,27086,27085,11000,1,False,11000,1,False,11000,1,False,True
4426,5,age,27086,27087,10010,3,True,10010,3,True,10010,3,True,True
4427,5,age,27140,27139,10110,3,True,10110,3,True,10110,3,True,True
4428,5,age,27140,27141,10000,1,False,10000,1,False,10000,1,False,True
4429,5,age,27147,27146,11110,1,False,11110,1,False,11110,1,False,True
4430,5,age,27147,27148,11110,1,False,11110,1,False,11110,1,False,True
4431,5,age,27149,27148,11000,1,False,11000,1,False,11000,1,False,True
4432,5,age,27149,27150,10010,3,True,10010,3,True,10010,3,True,True
4433,5,age,27212,27211,11000,1,False,11000,1,False,11000,1,False,True
4434,5,age,27212,27213,10010,3,True,10010,3,True,10010,3,True,True
4435,5,age,27275,27274,11000,1,False,11000,1,False,11000,1,False,True
4436,5,age,27275,27276,10010,3,True,10010,3,True,10010,3,True,True
4437,5,age,27338,27337,11000,1,False,11000,1,False,11000,1,False,True
4438,5,age,27338,27339,10010,3,True,10010,3,True,10010,3,True,True
4439,5,age,27401,27400,11000,1,False,11000,1,False,11000,1,False,True
4440,5,age,27401,27402,10010,3,True,10010,3,True,10010,3,True,True
4441,5,age,27455,27454,10110,3,True,10110,3,True,10110,3,True,True
4442,5,age,27455,27456,10000,1,False,10000,1,False,10000,1,False,True
4443,5,age,27462,27461,11110,1,False,11110,1,False,11110,1,False,True
4444,5,age,27462,27463,11110,1,False,11110,1,False,11110,1,False,True
4445,5,age,27464,27463,11000,1,False,11000,1,False,11000,1,False,True
4446,5,age,27464,27465,10010,3,True,10010,3,True,10010,3,True,True
4447,5,age,27527,27526,11000,1,False,11000,1,False,11000,1,False,True
4448,5,age,27527,27528,10010,3,True,10010,3,True,10010,3,True,True
4449,5,age,27590,27589,11000,1,False,11000,1,False,11000,1,False,True
4450,5,age,27590,27591,10010,3,True,10010,3,True,10010,3,True,True
4451,5,age,27653,27652,11000,1,False,11000,1,False,11000,1,False,True
4452,5,age,27653,27654,10010,3,True,10010,3,True,10010,3,True,True
4453,5,age,27716,27715,11000,1,False,11000,1,False,11000,1,False,True
4454,5,age,27716,27717,10010,3,True,10010,3,True,10010,3,True,True
4455,5,age,27770,27769,10110,3,True,10110,3,True,10110,3,True,True
4456,5,age,27770,27771,10000,1,False,10000,1,False,10000,1,False,True
4457,5,age,27777,27776,11110,1,False,11110,1,False,11110,1,False,True
4458,5,age,27777,27778,11110,1,False,11110,1,False,11110,1,False,True
4459,5,age,27779,27778,11000,1,False,11000,1,False,11000,1,False,True
4460,5,age,27779,27780,10010,3,True,10010,3,True,10010,3,True,True
4461,5,age,27842,27841,11000,1,False,11000,1,False,11000,1,False,True
4462,5,age,27842,27843,10010,3,True,10010,3,True,10010,3,True,True
4463,5,age,27905,27904,11000,1,False,11000,1,False,11000,1,False,True
4464,5,age,27905,27906,10010,3,True,10010,3,True,10010,3,True,True
4465,5,age,27966,27965,11000,1,False,11000,1,False,11000,1,False,True
4466,5,age,27966,27967,10010,3,True,10010,3,True,10010,3,True,True
4467,5,age,27968,27967,11000,1,False,11000,1,False,11000,1,False,True
4468,5,age,27968,27969,10010,3,True,10010,3,True,10010,3,True,True
4469,5,age,28029,28028,11000,1,False,11000,1,False,11000,1,False,True
4470,5,age,28029,28030,10010,3,True,10010,3,True,10010,3,True,True
4471,5,age,28031,28030,11000,1,False,11000,1,False,11000,1,False,True
4472,5,age,28031,28032,10010,3,True,10010,3,True,10010,3,True,True
4473,5,age,28085,28084,10110,3,True,10110,3,True,10110,3,True,True
4474,5,age,28085,28086,10000,1,False,10000,1,False,10000,1,False,True
4475,5,age,28092,28091,11110,1,False,11110,1,False,11110,1,False,True
4476,5,age,28092,28093,11110,1,False,11110,1,False,11110,1,False,True
4477,5,age,28094,28093,11000,1,False,11000,1,False,11000,1,False,True
4478,5,age,28094,28095,10010,3,True,10010,3,True,10010,3,True,True
4479,5,age,28157,28156,11000,1,False,11000,1,False,11000,1,False,True
4480,5,age,28157,28158,10010,3,True,10010,3,True,10010,3,True,True
4481,5,age,28220,28219,11000,1,False,11000,1,False,11000,1,False,True
4482,5,age,28220,28221,10010,3,True,10010,3,True,10010,3,True,True
4483,5,age,28281,28280,11000,1,False,11000,1,False,11000,1,False,True
4484,5,age,28281,28282,10010,3,True,10010,3,True,10010,3,True,True
4485,5,age,28283,28282,11000,1,False,11000,1,False,11000,1,False,True
4486,5,age,28283,28284,10010,3,True,10010,3,True,10010,3,True,True
4487,5,age,28344,28343,11000,1,False,11000,1,False,11000,1,False,True
4488,5,age,28344,28345,10010,3,True,10010,3,True,10010,3,True,True
4489,5,age,28346,28345,11000,1,False,11000,1,False,11000,1,False,True
4490,5,age,28346,28347,10010,3,True,10010,3,True,10010,3,True,True
4491,5,age,29345,29344,10110,3,True,10110,3,True,10110,3,True,True
4492,5,age,29345,29346,10000,1,False,10000,1,False,10000,1,False,True
4493,5,age,29352,29351,11110,1,False,11110,1,False,11110,1,False,True
4494,5,age,29352,29353,11110,1,False,11110,1,False,11110,1,False,True
4495,5,age,29354,29353,11000,1,False,11000,1,False,11000,1,False,True
4496,5,age,29354,29355,10010,3,True,10010,3,True,10010,3,True,True
4497,5,age,29417,29416,11000,1,False,11000,1,False,11000,1,False,True
4498,5,age,29417,29418,10010,3,True,10010,3,True,10010,3,True,True
4499,5,age,29480,29479,11000,1,False,11000,1,False,11000,1,False,True
4500,5,age,29480,29481,10010,3,True,10010,3,True,10010,3,True,True
4501,5,age,29541,29540,11000,1,False,11000,1,False,11000,1,False,True
4502,5,age,29541,29542,10010,3,True,10010,3,True,10010,3,True,True
4503,5,age,29543,29542,11000,1,False,11000,1,False,11000,1,False,True
4504,5,age,29543,29544,10010,3,True,10010,3,True,10010,3,True,True
4505,5,age,29604,29603,11000,1,False,11000,1,False,11000,1,False,True
4506,5,age,29604,29605,10010,3,True,10010,3,True,10010,3,True,True
4507,5,age,29606,29605,11000,1,False,11000,1,False,11000,1,False,True
4508,5,age,29606,29607,10010,3,True,10010,3,True,10010,3,True,True
4509,5,age,29660,29659,10110,3,True,10110,3,True,10110,3,True,True
4510,5,age,29660,29661,10000,1,False,10000,1,False,10000,1,False,True
4511,5,age,29667,29666,11110,1,False,11110,1,False,11110,1,False,True
4512,5,age,29667,29668,11110,1,False,11110,1,False,11110,1,False,True
4513,5,age,29669,29668,11000,1,False,11000,1,False,11000,1,False,True
4514,5,age,29669,29670,10010,3,True,10010,3,True,10010,3,True,True
4515,5,age,29732,29731,11000,1,False,11000,1,False,11000,1,False,True
4516,5,age,29732,29733,10010,3,True,10010,3,True,10010,3,True,True
4517,5,age,29795,29794,11000,1,False,11000,1,False,11000,1,False,True
4518,5,age,29795,29796,10010,3,True,10010,3,True,10010,3,True,True
4519,5,age,29856,29855,11000,1,False,11000,1,False,11000,1,False,True
4520,5,age,29856,29857,10010,3,True,10010,3,True,10010,3,True,True
4521,5,age,29858,29857,11000,1,False,11000,1,False,11000,1,False,True
4522,5,age,29858,29859,10010,3,True,10010,3,True,10010,3,True,True
4523,5,age,29919,29918,11000,1,False,11000,1,False,11000,1,False,True
4524,5,age,29919,29920,10010,3,True,10010,3,True,10010,3,True,True
4525,5,age,29921,29920,11000,1,False,11000,1,False,11000,1,False,True
4526,5,age,29921,29922,10010,3,True,10010,3,True,10010,3,True,True
4527,5,age,30920,30919,10110,3,True,10110,3,True,10110,3,True,True
4528,5,age,30920,30921,10000,1,False,10000,1,False,10000,1,False,True
4529,5,age,30927,30926,11110,1,False,11110,1,False,11110,1,False,True
4530,5,age,30927,30928,11110,1,False,11110,1,False,11110,1,False,True
4531,5,age,30929,30928,11000,1,False,11000,1,False,11000,1,False,True
4532,5,age,30929,30930,10010,3,True,10010,3,True,10010,3,True,True
4533,5,age,30992,30991,11000,1,False,11000,1,False,11000,1,False,True
4534,5,age,30992,30993,10010,3,True,10010,3,True,10010,3,True,True
4535,5,age,31055,31054,11000,1,False,11000,1,False,11000,1,False,True
4536,5,age,31055,31056,10010,3,True,10010,3,True,10010,3,True,True
4537,5,age,31118,31117,11000,1,False,11000,1,False,11000,1,False,True
4538,5,age,31118,31119,10010,3,True,10010,3,True,10010,3,True,True
4539,5,age,31181,31180,11000,1,False,11000,1,False,11000,1,False,True
4540,5,age,31181,31182,10010,3,True,10010,3,True,10010,3,True,True
4541,5,age,31235,31234,10110,3,True,10110,3,True,10110,3,True,True
4542,5,age,31235,31236,10000,1,False,10000,1,False,10000,1,False,True
4543,5,age,31242,31241,11110,1,False,11110,1,False,11110,1,False,True
4544,5,age,31242,31243,11110,1,False,11110,1,False,11110,1,False,True
4545,5,age,31244,31243,11000,1,False,11000,1,False,11000,1,False,True
4546,5,age,31244,31245,10010,3,True,10010,3,True,10010,3,True,True
4547,5,age,31307,31306,11000,1,False,11000,1,False,11000,1,False,True
4548,5,age,31307,31308,10010,3,True,10010,3,True,10010,3,True,True
4549,5,age,31370,31369,11000,1,False,11000,1,False,11000,1,False,True
4550,5,age,31370,31371,10010,3,True,10010,3,True,10010,3,True,True
4551,5,age,31433,31432,11000,1,False,11000,1,False,11000,1,False,True
4552,5,age,31433,31434,10010,3,True,10010,3,True,10010,3,True,True
4553,5,age,31496,31495,11000,1,False,11000,1,False,11000,1,False,True
4554,5,age,31496,31497,10010,3,True,10010,3,True,10010,3,True,True
4555,5,age,42771,42770,11000,1,False,11000,1,False,11000,1,False,True
4556,5,age,42771,42772,10010,3,True,10010,3,True,10010,3,True,True
4557,5,age,42834,42833,11000,1,False,11000,1,False,11000,1,False,True
4558,5,age,42834,42835,10010,3,True,10010,3,True,10010,3,True,True
4559,5,age,43086,43085,11000,1,False,11000,1,False,11000,1,False,True
4560,5,age,43086,43087,10010,3,True,10010,3,True,10010,3,True,True
4561,5,age,43149,43148,11000,1,False,11000,1,False,11000,1,False,True
4562,5,age,43149,43150,10010,3,True,10010,3,True,10010,3,True,True
4563,5,age,43401,43400,11000,1,False,11000,1,False,11000,1,False,True
4564,5,age,43401,43402,10010,3,True,10010,3,True,10010,3,True,True
4565,5,age,43464,43463,11000,1,False,11000,1,False,11000,1,False,True
4566,5,age,43464,43465,10010,3,True,10010,3,True,10010,3,True,True
4567,5,age,43716,43715,11000,1,False,11000,1,False,11000,1,False,True
4568,5,age,43716,43717,10010,3,True,10010,3,True,10010,3,True,True
4569,5,age,43779,43778,11000,1,False,11000,1,False,11000,1,False,True
4570,5,age,43779,43780,10010,3,True,10010,3,True,10010,3,True,True
4571,5,age,44031,44030,11000,1,False,11000,1,False,11000,1,False,True
4572,5,age,44031,44032,10010,3,True,10010,3,True,10010,3,True,True
4573,5,age,44094,44093,11000,1,False,11000,1,False,11000,1,False,True
4574,5,age,44094,44095,10010,3,True,10010,3,True,10010,3,True,True
4575,5,age,44150,44149,10110,3,True,10110,3,True,10110,3,True,True
4576,5,age,44150,44151,10000,1,False,10000,1,False,10000,1,False,True
4577,5,age,44157,44156,11110,1,False,11110,1,False,11110,1,False,True
4578,5,age,44157,44158,11110,1,False,11110,1,False,11110,1,False,True
4579,5,age,44159,44158,11000,1,False,11000,1,False,11000,1,False,True
4580,5,age,44159,44160,10010,3,True,10010,3,True,10010,3,True,True
4581,5,age,44222,44221,11000,1,False,11000,1,False,11000,1,False,True
4582,5,age,44222,44223,10010,3,True,10010,3,True,10010,3,True,True
4583,5,age,44285,44284,11000,1,False,11000,1,False,11000,1,False,True
4584,5,age,44285,44286,10010,3,True,10010,3,True,10010,3,True,True
4585,5,age,44346,44345,11000,1,False,11000,1,False,11000,1,False,True
4586,5,age,44346,44347,10010,3,True,10010,3,True,10010,3,True,True
4587,5,age,44348,44347,11000,1,False,11000,1,False,11000,1,False,True
4588,5,age,44348,44349,10010,3,True,10010,3,True,10010,3,True,True
4589,5,age,44409,44408,11000,1,False,11000,1,False,11000,1,False,True
4590,5,age,44409,44410,10010,3,True,10010,3,True,10010,3,True,True
4591,5,age,44411,44410,11000,1,False,11000,1,False,11000,1,False,True
4592,5,age,44411,44412,10010,3,True,10010,3,True,10010,3,True,True
4593,5,age,44465,44464,10110,3,True,10110,3,True,10110,3,True,True
4594,5,age,44465,44466,10000,1,False,10000,1,False,10000,1,False,True
4595,5,age,44472,44471,11110,1,False,11110,1,False,11110,1,False,True
4596,5,age,44472,44473,11110,1,False,11110,1,False,11110,1,False,True
4597,5,age,44474,44473,11000,1,False,11000,1,False,11000,1,False,True
4598,5,age,44474,44475,10010,3,True,10010,3,True,10010,3,True,True
4599,5,age,44537,44536,11000,1,False,11000,1,False,11000,1,False,True
4600,5,age,44537,44538,10010,3,True,10010,3,True,10010,3,True,True
4601,5,age,44600,44599,11000,1,False,11000,1,False,11000,1,False,True
4602,5,age,44600,44601,10010,3,True,10010,3,True,10010,3,True,True
4603,5,age,44661,44660,11000,1,False,11000,1,False,11000,1,False,True
4604,5,age,44661,44662,10010,3,True,10010,3,True,10010,3,True,True
4605,5,age,44663,44662,11000,1,False,11000,1,False,11000,1,False,True
4606,5,age,44663,44664,10010,3,True,10010,3,True,10010,3,True,True
4607,5,age,44724,44723,11000,1,False,11000,1,False,11000,1,False,True
4608,5,age,44724,44725,10010,3,True,10010,3,True,10010,3,True,True
4609,5,age,44726,44725,11000,1,False,11000,1,False,11000,1,False,True
4610,5,age,44726,44727,10010,3,True,10010,3,True,10010,3,True,True
4611,5,age,44780,44779,10110,3,True,10110,3,True,10110,3,True,True
4612,5,age,44780,44781,10000,1,False,10000,1,False,10000,1,False,True
4613,5,age,44787,44786,11110,1,False,11110,1,False,11110,1,False,True
4614,5,age,44787,44788,11110,1,False,11110,1,False,11110,1,False,True
4615,5,age,44789,44788,11000,1,False,11000,1,False,11000,1,False,True
4616,5,age,44789,44790,10010,3,True,10010,3,True,10010,3,True,True
4617,5,age,44852,44851,11000,1,False,11000,1,False,11000,1,False,True
4618,5,age,44852,44853,10010,3,True,10010,3,True,10010,3,True,True
4619,5,age,44915,44914,11000,1,False,11000,1,False,11000,1,False,True
4620,5,age,44915,44916,10010,3,True,10010,3,True,10010,3,True,True
4621,5,age,44976,44975,11000,1,False,11000,1,False,11000,1,False,True
4622,5,age,44976,44977,10010,3,True,10010,3,True,10010,3,True,True
4623,5,age,44978,44977,11000,1,False,11000,1,False,11000,1,False,True
4624,5,age,44978,44979,10010,3,True,10010,3,True,10010,3,True,True
4625,5,age,45039,45038,11000,1,False,11000,1,False,11000,1,False,True
4626,5,age,45039,45040,10010,3,True,10010,3,True,10010,3,True,True
4627,5,age,45041,45040,11000,1,False,11000,1,False,11000,1,False,True
4628,5,age,45041,45042,10010,3,True,10010,3,True,10010,3,True,True
4629,5,age,45095,45094,10110,3,True,10110,3,True,10110,3,True,True
4630,5,age,45095,45096,10000,1,False,10000,1,False,10000,1,False,True
4631,5,age,45102,45101,11110,1,False,11110,1,False,11110,1,False,True
4632,5,age,45102,45103,11110,1,False,11110,1,False,11110,1,False,True
4633,5,age,45104,45103,11000,1,False,11000,1,False,11000,1,False,True
4634,5,age,45104,45105,10010,3,True,10010,3,True,10010,3,True,True
4635,5,age,45167,45166,11000,1,False,11000,1,False,11000,1,False,True
4636,5,age,45167,45168,10010,3,True,10010,3,True,10010,3,True,True
4637,5,age,45230,45229,11000,1,False,11000,1,False,11000,1,False,True
4638,5,age,45230,45231,10010,3,True,10010,3,True,10010,3,True,True
4639,5,age,45291,45290,11000,1,False,11000,1,False,11000,1,False,True
4640,5,age,45291,45292,10010,3,True,10010,3,True,10010,3,True,True
4641,5,age,45293,45292,11000,1,False,11000,1,False,11000,1,False,True
4642,5,age,45293,45294,10010,3,True,10010,3,True,10010,3,True,True
4643,5,age,45354,45353,11000,1,False,11000,1,False,11000,1,False,True
4644,5,age,45354,45355,10010,3,True,10010,3,True,10010,3,True,True
4645,5,age,45356,45355,11000,1,False,11000,1,False,11000,1,False,True
4646,5,age,45356,45357,10010,3,True,10010,3,True,10010,3,True,True
4647,5,age,45410,45409,10110,3,True,10110,3,True,10110,3,True,True
4648,5,age,45410,45411,10000,1,False,10000,1,False,10000,1,False,True
4649,5,age,45417,45416,11110,1,False,11110,1,False,11110,1,False,True
4650,5,age,45417,45418,11110,1,False,11110,1,False,11110,1,False,True
4651,5,age,45419,45418,11000,1,False,11000,1,False,11000,1,False,True
4652,5,age,45419,45420,10010,3,True,10010,3,True,10010,3,True,True
4653,5,age,45482,45481,11000,1,False,11000,1,False,11000,1,False,True
4654,5,age,45482,45483,10010,3,True,10010,3,True,10010,3,True,True
4655,5,age,45545,45544,11000,1,False,11000,1,False,11000,1,False,True
4656,5,age,45545,45546,10010,3,True,10010,3,True,10010,3,True,True
4657,5,age,45606,45605,11000,1,False,11000,1,False,11000,1,False,True
4658,5,age,45606,45607,10010,3,True,10010,3,True,10010,3,True,True
4659,5,age,45608,45607,11000,1,False,11000,1,False,11000,1,False,True
4660,5,age,45608,45609,10010,3,True,10010,3,True,10010,3,True,True
4661,5,age,45669,45668,11000,1,False,11000,1,False,11000,1,False,True
4662,5,age,45669,45670,10010,3,True,10010,3,True,10010,3,True,True
4663,5,age,45671,45670,11000,1,False,11000,1,False,11000,1,False,True
4664,5,age,45671,45672,10010,3,True,10010,3,True,10010,3,True,True
4665,5,age,45725,45724,10110,3,True,10110,3,True,10110,3,True,True
4666,5,age,45725,45726,10000,1,False,10000,1,False,10000,1,False,True
4667,5,age,45732,45731,11110,1,False,11110,1,False,11110,1,False,True
4668,5,age,45732,45733,11110,1,False,11110,1,False,11110,1,False,True
4669,5,age,45734,45733,11000,1,False,11000,1,False,11000,1,False,True
4670,5,age,45734,45735,10010,3,True,10010,3,True,10010,3,True,True
4671,5,age,45797,45796,11000,1,False,11000,1,False,11000,1,False,True
4672,5,age,45797,45798,10010,3,True,10010,3,True,10010,3,True,True
4673,5,age,45860,45859,11000,1,False,11000,1,False,11000,1,False,True
4674,5,age,45860,45861,10010,3,True,10010,3,True,10010,3,True,True
4675,5,age,45921,45920,11000,1,False,11000,1,False,11000,1,False,True
4676,5,age,45921,45922,10010,3,True,10010,3,True,10010,3,True,True
4677,5,age,45923,45922,11000,1,False,11000,1,False,11000,1,False,True
4678,5,age,45923,45924,10010,3,True,10010,3,True,10010,3,True,True
4679,5,age,45984,45983,11000,1,False,11000,1,False,11000,1,False,True
4680,5,age,45984,45985,10010,3,True,10010,3,True,10010,3,True,True
4681,5,age,45986,45985,11000,1,False,11000,1,False,11000,1,False,True
4682,5,age,45986,45987,10010,3,True,10010,3,True,10010,3,True,True
4683,5,age,46040,46039,10110,3,True,10110,3,True,10110,3,True,True
4684,5,age,46040,46041,10000,1,False,10000,1,False,10000,1,False,True
4685,5,age,46047,46046,11110,1,False,11110,1,False,11110,1,False,True
4686,5,age,46047,46048,11110,1,False,11110,1,False,11110,1,False,True
4687,5,age,46049,46048,11000,1,False,11000,1,False,11000,1,False,True
4688,5,age,46049,46050,10010,3,True,10010,3,True,10010,3,True,True
4689,5,age,46112,46111,11000,1,False,11000,1,False,11000,1,False,True
4690,5,age,46112,46113,10010,3,True,10010,3,True,10010,3,True,True
4691,5,age,46175,46174,11000,1,False,11000,1,False,11000,1,False,True
4692,5,age,46175,46176,10010,3,True,10010,3,True,10010,3,True,True
4693,5,age,46236,46235,11000,1,False,11000,1,False,11000,1,False,True
4694,5,age,46236,46237,10010,3,True,10010,3,True,10010,3,True,True
4695,5,age,46238,46237,11000,1,False,11000,1,False,11000,1,False,True
4696,5,age,46238,46239,10010,3,True,10010,3,True,10010,3,True,True
4697,5,age,46299,46298,11000,1,False,11000,1,False,11000,1,False,True
4698,5,age,46299,46300,10010,3,True,10010,3,True,10010,3,True,True
4699,5,age,46301,46300,11000,1,False,11000,1,False,11000,1,False,True
4700,5,age,46301,46302,10010,3,True,10010,3,True,10010,3,True,True
4701,5,age,46355,46354,10110,3,True,10110,3,True,10110,3,True,True
4702,5,age,46355,46356,10000,1,False,10000,1,False,10000,1,False,True
4703,5,age,46362,46361,11110,1,False,11110,1,False,11110,1,False,True
4704,5,age,46362,46363,11110,1,False,11110,1,False,11110,1,False,True
4705,5,age,46364,46363,11000,1,False,11000,1,False,11000,1,False,True
4706,5,age,46364,46365,10010,3,True,10010,3,True,10010,3,True,True
4707,5,age,46427,46426,11000,1,False,11000,1,False,11000,1,False,True
4708,5,age,46427,46428,10010,3,True,10010,3,True,10010,3,True,True
4709,5,age,46490,46489,11000,1,False,11000,1,False,11000,1,False,True
4710,5,age,46490,46491,10010,3,True,10010,3,True,10010,3,True,True
4711,5,age,46551,46550,11000,1,False,11000,1,False,11000,1,False,True
4712,5,age,46551,46552,10010,3,True,10010,3,True,10010,3,True,True
4713,5,age,46553,46552,11000,1,False,11000,1,False,11000,1,False,True
4714,5,age,46553,46554,10010,3,True,10010,3,True,10010,3,True,True
4715,5,age,46614,46613,11000,1,False,11000,1,False,11000,1,False,True
4716,5,age,46614,46615,10010,3,True,10010,3,True,10010,3,True,True
4717,5,age,46616,46615,11000,1,False,11000,1,False,11000,1,False,True
4718,5,age,46616,46617,10010,3,True,10010,3,True,10010,3,True,True
4719,5,age,46670,46669,10110,3,True,10110,3,True,10110,3,True,True
4720,5,age,46670,46671,10000,1,False,10000,1,False,10000,1,False,True
4721,5,age,46677,46676,11110,1,False,11110,1,False,11110,1,False,True
4722,5,age,46677,46678,11110,1,False,11110,1,False,11110,1,False,True
4723,5,age,46679,46678,11000,1,False,11000,1,False,11000,1,False,True
4724,5,age,46679,46680,10010,3,True,10010,3,True,10010,3,True,True
4725,5,age,46742,46741,11000,1,False,11000,1,False,11000,1,False,True
4726,5,age,46742,46743,10010,3,True,10010,3,True,10010,3,True,True
4727,5,age,46805,46804,11000,1,False,11000,1,False,11000,1,False,True
4728,5,age,46805,46806,10010,3,True,10010,3,True,10010,3,True,True
4729,5,age,46866,46865,11000,1,False,11000,1,False,11000,1,False,True
4730,5,age,46866,46867,10010,3,True,10010,3,True,10010,3,True,True
4731,5,age,46868,46867,11000,1,False,11000,1,False,11000,1,False,True
4732,5,age,46868,46869,10010,3,True,10010,3,True,10010,3,True,True
4733,5,age,46929,46928,11000,1,False,11000,1,False,11000,1,False,True
4734,5,age,46929,46930,10010,3,True,10010,3,True,10010,3,True,True
4735,5,age,46931,46930,11000,1,False,11000,1,False,11000,1,False,True
4736,5,age,46931,46932,10010,3,True,10010,3,True,10010,3,True,True
4737,5,age,46985,46984,10110,3,True,10110,3,True,10110,3,True,True
4738,5,age,46985,46986,10000,1,False,10000,1,False,10000,1,False,True
4739,5,age,46992,46991,11110,1,False,11110,1,False,11110,1,False,True
4740,5,age,46992,46993,11110,1,False,11110,1,False,11110,1,False,True
4741,5,age,46994,46993,11000,1,False,11000,1,False,11000,1,False,True
4742,5,age,46994,46995,10010,3,True,10010,3,True,10010,3,True,True
4743,5,age,47057,47056,11000,1,False,11000,1,False,11000,1,False,True
4744,5,age,47057,47058,10010,3,True,10010,3,True,10010,3,True,True
4745,5,age,47120,47119,11000,1,False,11000,1,False,11000,1,False,True
4746,5,age,47120,47121,10010,3,True,10010,3,True,10010,3,True,True
4747,5,age,47181,47180,11000,1,False,11000,1,False,11000,1,False,True
4748,5,age,47181,47182,10010,3,True,10010,3,True,10010,3,True,True
4749,5,age,47183,47182,11000,1,False,11000,1,False,11000,1,False,True
4750,5,age,47183,47184,10010,3,True,10010,3,True,10010,3,True,True
4751,5,age,47244,47243,11000,1,False,11000,1,False,11000,1,False,True
4752,5,age,47244,47245,10010,3,True,10010,3,True,10010,3,True,True
4753,5,age,47246,47245,11000,1,False,11000,1,False,11000,1,False,True
4754,5,age,47246,47247,10010,3,True,10010,3,True,10010,3,True,True
4755,5,age,47300,47299,10110,3,True,10110,3,True,10110,3,True,True
4756,5,age,47300,47301,10000,1,False,10000,1,False,10000,1,False,True
4757,5,age,47307,47306,11110,1,False,11110,1,False,11110,1,False,True
4758,5,age,47307,47308,11110,1,False,11110,1,False,11110,1,False,True
4759,5,age,47309,47308,11000,1,False,11000,1,False,11000,1,False,True
4760,5,age,47309,47310,10010,3,True,10010,3,True,10010,3,True,True
4761,5,age,47372,47371,11000,1,False,11000,1,False,11000,1,False,True
4762,5,age,47372,47373,10010,3,True,10010,3,True,10010,3,True,True
4763,5,age,47435,47434,11000,1,False,11000,1,False,11000,1,False,True
4764,5,age,47435,47436,10010,3,True,10010,3,True,10010,3,True,True
4765,5,age,47496,47495,11000,1,False,11000,1,False,11000,1,False,True
4766,5,age,47496,47497,10010,3,True,10010,3,True,10010,3,True,True
4767,5,age,47498,47497,11000,1,False,11000,1,False,11000,1,False,True
4768,5,age,47498,47499,10010,3,True,10010,3,True,10010,3,True,True
4769,5,age,47559,47558,11000,1,False,11000,1,False,11000,1,False,True
4770,5,age,47559,47560,10010,3,True,10010,3,True,10010,3,True,True
4771,5,age,47561,47560,11000,1,False,11000,1,False,11000,1,False,True
4772,5,age,47561,47562,10010,3,True,10010,3,True,10010,3,True,True
4773,5,age,47615,47614,10110,3,True,10110,3,True,10110,3,True,True
4774,5,age,47615,47616,10000,1,False,10000,1,False,10000,1,False,True
4775,5,age,47622,47621,11110,1,False,11110,1,False,11110,1,False,True
4776,5,age,47622,47623,11110,1,False,11110,1,False,11110,1,False,True
4777,5,age,47624,47623,11000,1,False,11000,1,False,11000,1,False,True
4778,5,age,47624,47625,10010,3,True,10010,3,True,10010,3,True,True
4779,5,age,47687,47686,11000,1,False,11000,1,False,11000,1,False,True
4780,5,age,47687,47688,10010,3,True,10010,3,True,10010,3,True,True
4781,5,age,47750,47749,11000,1,False,11000,1,False,11000,1,False,True
4782,5,age,47750,47751,10010,3,True,10010,3,True,10010,3,True,True
4783,5,age,47811,47810,11000,1,False,11000,1,False,11000,1,False,True
4784,5,age,47811,47812,10010,3,True,10010,3,True,10010,3,True,True
4785,5,age,47813,47812,11000,1,False,11000,1,False,11000,1,False,True
4786,5,age,47813,47814,10010,3,True,10010,3,True,10010,3,True,True
4787,5,age,47874,47873,11000,1,False,11000,1,False,11000,1,False,True
4788,5,age,47874,47875,10010,3,True,10010,3,True,10010,3,True,True
4789,5,age,47876,47875,11000,1,False,11000,1,False,11000,1,False,True
4790,5,age,47876,47877,10010,3,True,10010,3,True,10010,3,True,True
4791,5,age,47930,47929,10110,3,True,10110,3,True,10110,3,True,True
4792,5,age,47930,47931,10000,1,False,10000,1,False,10000,1,False,True
4793,5,age,47937,47936,11110,1,False,11110,1,False,11110,1,False,True
4794,5,age,47937,47938,11110,1,False,11110,1,False,11110,1,False,True
4795,5,age,47939,47938,11000,1,False,11000,1,False,11000,1,False,True
4796,5,age,47939,47940,10010,3,True,10010,3,True,10010,3,True,True
4797,5,age,48002,48001,11000,1,False,11000,1,False,11000,1,False,True
4798,5,age,48002,48003,10010,3,True,10010,3,True,10010,3,True,True
4799,5,age,48065,48064,11000,1,False,11000,1,False,11000,1,False,True
4800,5,age,48065,48066,10010,3,True,10010,3,True,10010,3,True,True
4801,5,age,48126,48125,11000,1,False,11000,1,False,11000,1,False,True
4802,5,age,48126,48127,10010,3,True,10010,3,True,10010,3,True,True
4803,5,age,48128,48127,11000,1,False,11000,1,False,11000,1,False,True
4804,5,age,48128,48129,10010,3,True,10010,3,True,10010,3,True,True
4805,5,age,48189,48188,11000,1,False,11000,1,False,11000,1,False,True
4806,5,age,48189,48190,10010,3,True,10010,3,True,10010,3,True,True
4807,5,age,48191,48190,11000,1,False,11000,1,False,11000,1,False,True
4808,5,age,48191,48192,10010,3,True,10010,3,True,10010,3,True,True
4809,5,age,48245,48244,10110,3,True,10110,3,True,10110,3,True,True
4810,5,age,48245,48246,10000,1,False,10000,1,False,10000,1,False,True
4811,5,age,48252,48251,11110,1,False,11110,1,False,11110,1,False,True
4812,5,age,48252,48253,11110,1,False,11110,1,False,11110,1,False,True
4813,5,age,48254,48253,11000,1,False,11000,1,False,11000,1,False,True
4814,5,age,48254,48255,10010,3,True,10010,3,True,10010,3,True,True
4815,5,age,48317,48316,11000,1,False,11000,1,False,11000,1,False,True
4816,5,age,48317,48318,10010,3,True,10010,3,True,10010,3,True,True
4817,5,age,48380,48379,11000,1,False,11000,1,False,11000,1,False,True
4818,5,age,48380,48381,10010,3,True,10010,3,True,10010,3,True,True
4819,5,age,48441,48440,11000,1,False,11000,1,False,11000,1,False,True
4820,5,age,48441,48442,10010,3,True,10010,3,True,10010,3,True,True
4821,5,age,48443,48442,11000,1,False,11000,1,False,11000,1,False,True
4822,5,age,48443,48444,10010,3,True,10010,3,True,10010,3,True,True
4823,5,age,48504,48503,11000,1,False,11000,1,False,11000,1,False,True
4824,5,age,48504,48505,10010,3,True,10010,3,True,10010,3,True,True
4825,5,age,48506,48505,11000,1,False,11000,1,False,11000,1,False,True
4826,5,age,48506,48507,10010,3,True,10010,3,True,10010,3,True,True
4827,5,age,48560,48559,10110,3,True,10110,3,True,10110,3,True,True
4828,5,age,48560,48561,10000,1,False,10000,1,False,10000,1,False,True
4829,5,age,48567,48566,11110,1,False,11110,1,False,11110,1,False,True
4830,5,age,48567,48568,11110,1,False,11110,1,False,11110,1,False,True
4831,5,age,48569,48568,11000,1,False,11000,1,False,11000,1,False,True
4832,5,age,48569,48570,10010,3,True,10010,3,True,10010,3,True,True
4833,5,age,48632,48631,11000,1,False,11000,1,False,11000,1,False,True
4834,5,age,48632,48633,10010,3,True,10010,3,True,10010,3,True,True
4835,5,age,48695,48694,11000,1,False,11000,1,False,11000,1,False,True
4836,5,age,48695,48696,10010,3,True,10010,3,True,10010,3,True,True
4837,5,age,48756,48755,11000,1,False,11000,1,False,11000,1,False,True
4838,5,age,48756,48757,10010,3,True,10010,3,True,10010,3,True,True
4839,5,age,48758,48757,11000,1,False,11000,1,False,11000,1,False,True
4840,5,age,48758,48759,10010,3,True,10010,3,True,10010,3,True,True
4841,5,age,48819,48818,11000,1,False,11000,1,False,11000,1,False,True
4842,5,age,48819,48820,10010,3,True,10010,3,True,10010,3,True,True
4843,5,age,48821,48820,11000,1,False,11000,1,False,11000,1,False,True
4844,5,age,48821,48822,10010,3,True,10010,3,True,10010,3,True,True
4845,5,age,48875,48874,10110,3,True,10110,3,True,10110,3,True,True
4846,5,age,48875,48876,10000,1,False,10000,1,False,10000,1,False,True
4847,5,age,48882,48881,11110,1,False,11110,1,False,11110,1,False,True
4848,5,age,48882,48883,11110,1,False,11110,1,False,11110,1,False,True
4849,5,age,48884,48883,11000,1,False,11000,1,False,11000,1,False,True
4850,5,age,48884,48885,10010,3,True,10010,3,True,10010,3,True,True
4851,5,age,48947,48946,11000,1,False,11000,1,False,11000,1,False,True
4852,5,age,48947,48948,10010,3,True,10010,3,True,10010,3,True,True
4853,5,age,49010,49009,11000,1,False,11000,1,False,11000,1,False,True
4854,5,age,49010,49011,10010,3,True,10010,3,True,10010,3,True,True
4855,5,age,49071,49070,11000,1,False,11000,1,False,11000,1,False,True
4856,5,age,49071,49072,10010,3,True,10010,3,True,10010,3,True,True
4857,5,age,49073,49072,11000,1,False,11000,1,False,11000,1,False,True
4858,5,age,49073,49074,10010,3,True,10010,3,True,10010,3,True,True
4859,5,age,49134,49133,11000,1,False,11000,1,False,11000,1,False,True
4860,5,age,49134,49135,10010,3,True,10010,3,True,10010,3,True,True
4861,5,age,49136,49135,11000,1,False,11000,1,False,11000,1,False,True
4862,5,age,49136,49137,10010,3,True,10010,3,True,10010,3,True,True
4863,5,age,49190,49189,10110,3,True,10110,3,True,10110,3,True,True
4864,5,age,49190,49191,10000,1,False,10000,1,False,10000,1,False,True
4865,5,age,49197,49196,11110,1,False,11110,1,False,11110,1,False,True
4866,5,age,49197,49198,11110,1,False,11110,1,False,11110,1,False,True
4867,5,age,49199,49198,11000,1,False,11000,1,False,11000,1,False,True
4868,5,age,49199,49200,10010,3,True,10010,3,True,10010,3,True,True
4869,5,age,49262,49261,11000,1,False,11000,1,False,11000,1,False,True
4870,5,age,49262,49263,10010,3,True,10010,3,True,10010,3,True,True
4871,5,age,49325,49324,11000,1,False,11000,1,False,11000,1,False,True
4872,5,age,49325,49326,10010,3,True,10010,3,True,10010,3,True,True
4873,5,age,49386,49385,11000,1,False,11000,1,False,11000,1,False,True
4874,5,age,49386,49387,10010,3,True,10010,3,True,10010,3,True,True
4875,5,age,49388,49387,11000,1,False,11000,1,False,11000,1,False,True
4876,5,age,49388,49389,10010,3,True,10010,3,True,10010,3,True,True
4877,5,age,49449,49448,11000,1,False,11000,1,False,11000,1,False,True
4878,5,age,49449,49450,10010,3,True,10010,3,True,10010,3,True,True
4879,5,age,49451,49450,11000,1,False,11000,1,False,11000,1,False,True
4880,5,age,49451,49452,10010,3,True,10010,3,True,10010,3,True,True
4881,5,age,49505,49504,10110,3,True,10110,3,True,10110,3,True,True
4882,5,age,49505,49506,10000,1,False,10000,1,False,10000,1,False,True
4883,5,age,49512,49511,11110,1,False,11110,1,False,11110,1,False,True
4884,5,age,49512,49513,11110,1,False,11110,1,False,11110,1,False,True
4885,5,age,49514,49513,11000,1,False,11000,1,False,11000,1,False,True
4886,5,age,49514,49515,10010,3,True,10010,3,True,10010,3,True,True
4887,5,age,49577,49576,11000,1,False,11000,1,False,11000,1,False,True
4888,5,age,49577,49578,10010,3,True,10010,3,True,10010,3,True,True
4889,5,age,49640,49639,11000,1,False,11000,1,False,11000,1,False,True
4890,5,age,49640,49641,10010,3,True,10010,3,True,10010,3,True,True
4891,5,age,49701,49700,11000,1,False,11000,1,False,11000,1,False,True
4892,5,age,49701,49702,10010,3,True,10010,3,True,10010,3,True,True
4893,5,age,49703,49702,11000,1,False,11000,1,False,11000,1,False,True
4894,5,age,49703,49704,10010,3,True,10010,3,True,10010,3,True,True
4895,5,age,49764,49763,11000,1,False,11000,1,False,11000,1,False,True
4896,5,age,49764,49765,10010,3,True,10010,3,True,10010,3,True,True
4897,5,age,49766,49765,11000,1,False,11000,1,False,11000,1,False,True
4898,5,age,49766,49767,10010,3,True,10010,3,True,10010,3,True,True
4899,5,age,49820,49819,10110,3,True,10110,3,True,10110,3,True,True
4900,5,age,49820,49821,10000,1,False,10000,1,False,10000,1,False,True
4901,5,age,49827,49826,11110,1,False,11110,1,False,11110,1,False,True
4902,5,age,49827,49828,11110,1,False,11110,1,False,11110,1,False,True
4903,5,age,49829,49828,11000,1,False,11000,1,False,11000,1,False,True
4904,5,age,49829,49830,10010,3,True,10010,3,True,10010,3,True,True
4905,5,age,49892,49891,11000,1,False,11000,1,False,11000,1,False,True
4906,5,age,49892,49893,10010,3,True,10010,3,True,10010,3,True,True
4907,5,age,49955,49954,11000,1,False,11000,1,False,11000,1,False,True
4908,5,age,49955,49956,10010,3,True,10010,3,True,10010,3,True,True
4909,5,age,50016,50015,11000,1,False,11000,1,False,11000,1,False,True
4910,5,age,50016,50017,10010,3,True,10010,3,True,10010,3,True,True
4911,5,age,50018,50017,11000,1,False,11000,1,False,11000,1,False,True
4912,5,age,50018,50019,10010,3,True,10010,3,True,10010,3,True,True
4913,5,age,50079,50078,11000,1,False,11000,1,False,11000,1,False,True
4914,5,age,50079,50080,10010,3,True,10010,3,True,10010,3,True,True
4915,5,age,50081,50080,11000,1,False,11000,1,False,11000,1,False,True
4916,5,age,50081,50082,10010,3,True,10010,3,True,10010,3,True,True
4917,5,age,50135,50134,10110,3,True,10110,3,True,10110,3,True,True
4918,5,age,50135,50136,10000,1,False,10000,1,False,10000,1,False,True
4919,5,age,50142,50141,11110,1,False,11110,1,False,11110,1,False,True
4920,5,age,50142,50143,11110,1,False,11110,1,False,11110,1,False,True
4921,5,age,50144,50143,11000,1,False,11000,1,False,11000,1,False,True
4922,5,age,50144,50145,10010,3,True,10010,3,True,10010,3,True,True
4923,5,age,50207,50206,11000,1,False,11000,1,False,11000,1,False,True
4924,5,age,50207,50208,10010,3,True,10010,3,True,10010,3,True,True
4925,5,age,50270,50269,11000,1,False,11000,1,False,11000,1,False,True
4926,5,age,50270,50271,10010,3,True,10010,3,True,10010,3,True,True
4927,5,age,50331,50330,11000,1,False,11000,1,False,11000,1,False,True
4928,5,age,50331,50332,10010,3,True,10010,3,True,10010,3,True,True
4929,5,age,50333,50332,11000,1,False,11000,1,False,11000,1,False,True
4930,5,age,50333,50334,10010,3,True,10010,3,True,10010,3,True,True
4931,5,age,50394,50393,11000,1,False,11000,1,False,11000,1,False,True
4932,5,age,50394,50395,10010,3,True,10010,3,True,10010,3,True,True
4933,5,age,50396,50395,11000,1,False,11000,1,False,11000,1,False,True
4934,5,age,50396,50397,10010,3,True,10010,3,True,10010,3,True,True
4935,5,age,50450,50449,10110,3,True,10110,3,True,10110,3,True,True
4936,5,age,50450,50451,10000,1,False,10000,1,False,10000,1,False,True
4937,5,age,50457,50456,11110,1,False,11110,1,False,11110,1,False,True
4938,5,age,50457,50458,11110,1,False,11110,1,False,11110,1,False,True
4939,5,age,50459,50458,11000,1,False,11000,1,False,11000,1,False,True
4940,5,age,50459,50460,10010,3,True,10010,3,True,10010,3,True,True
4941,5,age,50522,50521,11000,1,False,11000,1,False,11000,1,False,True
4942,5,age,50522,50523,10010,3,True,10010,3,True,10010,3,True,True
4943,5,age,50585,50584,11000,1,False,11000,1,False,11000,1,False,True
4944,5,age,50585,50586,10010,3,True,10010,3,True,10010,3,True,True
4945,5,age,50648,50647,11000,1,False,11000,1,False,11000,1,False,True
4946,5,age,50648,50649,10010,3,True,10010,3,True,10010,3,True,True
4947,5,age,50711,50710,11000,1,False,11000,1,False,11000,1,False,True
4948,5,age,50711,50712,10010,3,True,10010,3,True,10010,3,True,True
4949,5,age,50765,50764,10110,3,True,10110,3,True,10110,3,True,True
4950,5,age,50765,50766,10000,1,False,10000,1,False,10000,1,False,True
4951,5,age,50772,50771,11110,1,False,11110,1,False,11110,1,False,True
4952,5,age,50772,50773,11110,1,False,11110,1,False,11110,1,False,True
4953,5,age,50774,50773,11000,1,False,11000,1,False,11000,1,False,True
4954,5,age,50774,50775,10010,3,True,10010,3,True,10010,3,True,True
4955,5,age,50837,50836,11000,1,False,11000,1,False,11000,1,False,True
4956,5,age,50837,50838,10010,3,True,10010,3,True,10010,3,True,True
4957,5,age,50900,50899,11000,1,False,11000,1,False,11000,1,False,True
4958,5,age,50900,50901,10010,3,True,10010,3,True,10010,3,True,True
4959,5,age,50963,50962,11000,1,False,11000,1,False,11000,1,False,True
4960,5,age,50963,50964,10010,3,True,10010,3,True,10010,3,True,True
4961,5,age,51026,51025,11000,1,False,11000,1,False,11000,1,False,True
4962,5,age,51026,51027,10010,3,True,10010,3,True,10010,3,True,True
4963,5,age,51080,51079,10110,3,True,10110,3,True,10110,3,True,True
4964,5,age,51080,51081,10000,1,False,10000,1,False,10000,1,False,True
4965,5,age,51087,51086,11110,1,False,11110,1,False,11110,1,False,True
4966,5,age,51087,51088,11110,1,False,11110,1,False,11110,1,False,True
4967,5,age,51089,51088,11000,1,False,11000,1,False,11000,1,False,True
4968,5,age,51089,51090,10010,3,True,10010,3,True,10010,3,True,True
4969,5,age,51152,51151,11000,1,False,11000,1,False,11000,1,False,True
4970,5,age,51152,51153,10010,3,True,10010,3,True,10010,3,True,True
4971,5,age,51215,51214,11000,1,False,11000,1,False,11000,1,False,True
4972,5,age,51215,51216,10010,3,True,10010,3,True,10010,3,True,True
4973,5,age,51278,51277,11000,1,False,11000,1,False,11000,1,False,True
4974,5,age,51278,51279,10010,3,True,10010,3,True,10010,3,True,True
4975,5,age,51341,51340,11000,1,False,11000,1,False,11000,1,False,True
4976,5,age,51341,51342,10010,3,True,10010,3,True,10010,3,True,True
4977,5,age,51395,51394,10110,3,True,10110,3,True,10110,3,True,True
4978,5,age,51395,51396,10000,1,False,10000,1,False,10000,1,False,True
4979,5,age,51402,51401,11110,1,False,11110,1,False,11110,1,False,True
4980,5,age,51402,51403,11110,1,False,11110,1,False,11110,1,False,True
4981,5,age,51404,51403,11000,1,False,11000,1,False,11000,1,False,True
4982,5,age,51404,51405,10010,3,True,10010,3,True,10010,3,True,True
4983,5,age,51467,51466,11000,1,False,11000,1,False,11000,1,False,True
4984,5,age,51467,51468,10010,3,True,10010,3,True,10010,3,True,True
4985,5,age,51530,51529,11000,1,False,11000,1,False,11000,1,False,True
4986,5,age,51530,51531,10010,3,True,10010,3,True,10010,3,True,True
4987,5,age,51591,51590,11000,1,False,11000,1,False,11000,1,False,True
4988,5,age,51591,51592,10010,3,True,10010,3,True,10010,3,True,True
4989,5,age,51593,51592,11000,1,False,11000,1,False,11000,1,False,True
4990,5,age,51593,51594,10010,3,True,10010,3,True,10010,3,True,True
4991,5,age,51654,51653,11000,1,False,11000,1,False,11000,1,False,True
4992,5,age,51654,51655,10010,3,True,10010,3,True,10010,3,True,True
4993,5,age,51656,51655,11000,1,False,11000,1,False,11000,1,False,True
4994,5,age,51656,51657,10010,3,True,10010,3,True,10010,3,True,True
4995,5,age,51710,51709,10110,3,True,10110,3,True,10110,3,True,True
4996,5,age,51710,51711,10000,1,False,10000,1,False,10000,1,False,True
4997,5,age,51717,51716,11110,1,False,11110,1,False,11110,1,False,True
4998,5,age,51717,51718,11110,1,False,11110,1,False,11110,1,False,True
4999,5,age,51719,51718,11000,1,False,11000,1,False,11000,1,False,True
5000,5,age,51719,51720,10010,3,True,10010,3,True,10010,3,True,True
5001,5,age,51782,51781,11000,1,False,11000,1,False,11000,1,False,True
5002,5,age,51782,51783,10010,3,True,10010,3,True,10010,3,True,True
5003,5,age,51845,51844,11000,1,False,11000,1,False,11000,1,False,True
5004,5,age,51845,51846,10010,3,True,10010,3,True,10010,3,True,True
5005,5,age,51906,51905,11000,1,False,11000,1,False,11000,1,False,True
5006,5,age,51906,51907,10010,3,True,10010,3,True,10010,3,True,True
5007,5,age,51908,51907,11000,1,False,11000,1,False,11000,1,False,True
5008,5,age,51908,51909,10010,3,True,10010,3,True,10010,3,True,True
5009,5,age,51969,51968,11000,1,False,11000,1,False,11000,1,False,True
5010,5,age,51969,51970,10010,3,True,10010,3,True,10010,3,True,True
5011,5,age,51971,51970,11000,1,False,11000,1,False,11000,1,False,True
5012,5,age,51971,51972,10010,3,True,10010,3,True,10010,3,True,True
5013,5,age,52970,52969,10110,3,True,10110,3,True,10110,3,True,True
5014,5,age,52970,52971,10000,1,False,10000,1,False,10000,1,False,True
5015,5,age,52977,52976,11110,1,False,11110,1,False,11110,1,False,True
5016,5,age,52977,52978,11110,1,False,11110,1,False,11110,1,False,True
5017,5,age,52979,52978,11000,1,False,11000,1,False,11000,1,False,True
5018,5,age,52979,52980,10010,3,True,10010,3,True,10010,3,True,True
5019,5,age,53042,53041,11000,1,False,11000,1,False,11000,1,False,True
5020,5,age,53042,53043,10010,3,True,10010,3,True,10010,3,True,True
5021,5,age,53105,53104,11000,1,False,11000,1,False,11000,1,False,True
5022,5,age,53105,53106,10010,3,True,10010,3,True,10010,3,True,True
5023,5,age,53166,53165,11000,1,False,11000,1,False,11000,1,False,True
5024,5,age,53166,53167,10010,3,True,10010,3,True,10010,3,True,True
5025,5,age,53168,53167,11000,1,False,11000,1,False,11000,1,False,True
5026,5,age,53168,53169,10010,3,True,10010,3,True,10010,3,True,True
5027,5,age,53229,53228,11000,1,False,11000,1,False,11000,1,False,True
5028,5,age,53229,53230,10010,3,True,10010,3,True,10010,3,True,True
5029,5,age,53231,53230,11000,1,False,11000,1,False,11000,1,False,True
5030,5,age,53231,53232,10010,3,True,10010,3,True,10010,3,True,True
5031,5,age,53285,53284,10110,3,True,10110,3,True,10110,3,True,True
5032,5,age,53285,53286,10000,1,False,10000,1,False,10000,1,False,True
5033,5,age,53292,53291,11110,1,False,11110,1,False,11110,1,False,True
5034,5,age,53292,53293,11110,1,False,11110,1,False,11110,1,False,True
5035,5,age,53294,53293,11000,1,False,11000,1,False,11000,1,False,True
5036,5,age,53294,53295,10010,3,True,10010,3,True,10010,3,True,True
5037,5,age,53357,53356,11000,1,False,11000,1,False,11000,1,False,True
5038,5,age,53357,53358,10010,3,True,10010,3,True,10010,3,True,True
5039,5,age,53420,53419,11000,1,False,11000,1,False,11000,1,False,True
5040,5,age,53420,53421,10010,3,True,10010,3,True,10010,3,True,True
5041,5,age,53481,53480,11000,1,False,11000,1,False,11000,1,False,True
5042,5,age,53481,53482,10010,3,True,10010,3,True,10010,3,True,True
5043,5,age,53483,53482,11000,1,False,11000,1,False,11000,1,False,True
5044,5,age,53483,53484,10010,3,True,10010,3,True,10010,3,True,True
5045,5,age,53544,53543,11000,1,False,11000,1,False,11000,1,False,True
5046,5,age,53544,53545,10010,3,True,10010,3,True,10010,3,True,True
5047,5,age,53546,53545,11000,1,False,11000,1,False,11000,1,False,True
5048,5,age,53546,53547,10010,3,True,10010,3,True,10010,3,True,True
5049,5,age,54545,54544,10110,3,True,10110,3,True,10110,3,True,True
5050,5,age,54545,54546,10000,1,False,10000,1,False,10000,1,False,True
5051,5,age,54552,54551,11110,1,False,11110,1,False,11110,1,False,True
5052,5,age,54552,54553,11110,1,False,11110,1,False,11110,1,False,True
5053,5,age,54554,54553,11000,1,False,11000,1,False,11000,1,False,True
5054,5,age,54554,54555,10010,3,True,10010,3,True,10010,3,True,True
5055,5,age,54617,54616,11000,1,False,11000,1,False,11000,1,False,True
5056,5,age,54617,54618,10010,3,True,10010,3,True,10010,3,True,True
5057,5,age,54680,54679,11000,1,False,11000,1,False,11000,1,False,True
5058,5,age,54680,54681,10010,3,True,10010,3,True,10010,3,True,True
5059,5,age,54743,54742,11000,1,False,11000,1,False,11000,1,False,True
5060,5,age,54743,54744,10010,3,True,10010,3,True,10010,3,True,True
5061,5,age,54806,54805,11000,1,False,11000,1,False,11000,1,False,True
5062,5,age,54806,54807,10010,3,True,10010,3,True,10010,3,True,True
5063,5,age,54860,54859,10110,3,True,10110,3,True,10110,3,True,True
5064,5,age,54860,54861,10000,1,False,10000,1,False,10000,1,False,True
5065,5,age,54867,54866,11110,1,False,11110,1,False,11110,1,False,True
5066,5,age,54867,54868,11110,1,False,11110,1,False,11110,1,False,True
5067,5,age,54869,54868,11000,1,False,11000,1,False,11000,1,False,True
5068,5,age,54869,54870,10010,3,True,10010,3,True,10010,3,True,True
5069,5,age,54932,54931,11000,1,False,11000,1,False,11000,1,False,True
5070,5,age,54932,54933,10010,3,True,10010,3,True,10010,3,True,True
5071,5,age,54995,54994,11000,1,False,11000,1,False,11000,1,False,True
5072,5,age,54995,54996,10010,3,True,10010,3,True,10010,3,True,True
5073,5,age,55058,55057,11000,1,False,11000,1,False,11000,1,False,True
5074,5,age,55058,55059,10010,3,True,10010,3,True,10010,3,True,True
5075,5,age,55121,55120,11000,1,False,11000,1,False,11000,1,False,True
5076,5,age,55121,55122,10010,3,True,10010,3,True,10010,3,True,True
5077,5,age,56120,56119,10110,3,True,10110,3,True,10110,3,True,True
5078,5,age,56120,56121,10000,1,False,10000,1,False,10000,1,False,True
5079,5,age,56127,56126,11110,1,False,11110,1,False,11110,1,False,True
5080,5,age,56127,56128,11110,1,False,11110,1,False,11110,1,False,True
5081,5,age,56129,56128,11000,1,False,11000,1,False,11000,1,False,True
5082,5,age,56129,56130,10010,3,True,10010,3,True,10010,3,True,True
5083,5,age,56192,56191,11000,1,False,11000,1,False,11000,1,False,True
5084,5,age,56192,56193,10010,3,True,10010,3,True,10010,3,True,True
5085,5,age,56255,56254,11000,1,False,11000,1,False,11000,1,False,True
5086,5,age,56255,56256,10010,3,True,10010,3,True,10010,3,True,True
5087,5,age,56318,56317,11000,1,False,11000,1,False,11000,1,False,True
5088,5,age,56318,56319,10010,3,True,10010,3,True,10010,3,True,True
5089,5,age,56381,56380,11000,1,False,11000,1,False,11000,1,False,True
5090,5,age,56381,56382,10010,3,True,10010,3,True,10010,3,True,True
5091,5,age,56435,56434,10110,3,True,10110,3,True,10110,3,True,True
5092,5,age,56435,56436,10000,1,False,10000,1,False,10000,1,False,True
5093,5,age,56442,56441,11110,1,False,11110,1,False,11110,1,False,True
5094,5,age,56442,56443,11110,1,False,11110,1,False,11110,1,False,True
5095,5,age,56444,56443,11000,1,False,11000,1,False,11000,1,False,True
5096,5,age,56444,56445,10010,3,True,10010,3,True,10010,3,True,True
5097,5,age,56507,56506,11000,1,False,11000,1,False,11000,1,False,True
5098,5,age,56507,56508,10010,3,True,10010,3,True,10010,3,True,True
5099,5,age,56570,56569,11000,1,False,11000,1,False,11000,1,False,True
5100,5,age,56570,56571,10010,3,True,10010,3,True,10010,3,True,True
5101,5,age,56633,56632,11000,1,False,11000,1,False,11000,1,False,True
5102,5,age,56633,56634,10010,3,True,10010,3,True,10010,3,True,True
5103,5,age,56696,56695,11000,1,False,11000,1,False,11000,1,False,True
5104,5,age,56696,56697,10010,3,True,10010,3,True,10010,3,True,True
5105,5,age,63246,63245,11000,1,False,11000,1,False,11000,1,False,True
5106,5,age,63246,63247,10010,3,True,10010,3,True,10010,3,True,True
5107,5,age,63309,63308,11000,1,False,11000,1,False,11000,1,False,True
5108,5,age,63309,63310,10010,3,True,10010,3,True,10010,3,True,True
5109,5,age,63561,63560,11000,1,False,11000,1,False,11000,1,False,True
5110,5,age,63561,63562,10010,3,True,10010,3,True,10010,3,True,True
5111,5,age,63624,63623,11000,1,False,11000,1,False,11000,1,False,True
5112,5,age,63624,63625,10010,3,True,10010,3,True,10010,3,True,True
5113,5,age,63876,63875,11000,1,False,11000,1,False,11000,1,False,True
5114,5,age,63876,63877,10010,3,True,10010,3,True,10010,3,True,True
5115,5,age,63939,63938,11000,1,False,11000,1,False,11000,1,False,True
5116,5,age,63939,63940,10010,3,True,10010,3,True,10010,3,True,True
5117,5,age,64191,64190,11000,1,False,11000,1,False,11000,1,False,True
5118,5,age,64191,64192,10010,3,True,10010,3,True,10010,3,True,True
5119,5,age,64254,64253,11000,1,False,11000,1,False,11000,1,False,True
5120,5,age,64254,64255,10010,3,True,10010,3,True,10010,3,True,True
5121,5,age,64506,64505,11000,1,False,11000,1,False,11000,1,False,True
5122,5,age,64506,64507,10010,3,True,10010,3,True,10010,3,True,True
5123,5,age,64569,64568,11000,1,False,11000,1,False,11000,1,False,True
5124,5,age,64569,64570,10010,3,True,10010,3,True,10010,3,True,True
5125,5,age,64625,64624,10110,3,True,10110,3,True,10110,3,True,True
5126,5,age,64625,64626,10000,1,False,10000,1,False,10000,1,False,True
5127,5,age,64632,64631,11110,1,False,11110,1,False,11110,1,False,True
5128,5,age,64632,64633,11110,1,False,11110,1,False,11110,1,False,True
5129,5,age,64634,64633,11000,1,False,11000,1,False,11000,1,False,True
5130,5,age,64634,64635,10010,3,True,10010,3,True,10010,3,True,True
5131,5,age,64697,64696,11000,1,False,11000,1,False,11000,1,False,True
5132,5,age,64697,64698,10010,3,True,10010,3,True,10010,3,True,True
5133,5,age,64760,64759,11000,1,False,11000,1,False,11000,1,False,True
5134,5,age,64760,64761,10010,3,True,10010,3,True,10010,3,True,True
5135,5,age,64821,64820,11000,1,False,11000,1,False,11000,1,False,True
5136,5,age,64821,64822,10010,3,True,10010,3,True,10010,3,True,True
5137,5,age,64823,64822,11000,1,False,11000,1,False,11000,1,False,True
5138,5,age,64823,64824,10010,3,True,10010,3,True,10010,3,True,True
5139,5,age,64884,64883,11000,1,False,11000,1,False,11000,1,False,True
5140,5,age,64884,64885,10010,3,True,10010,3,True,10010,3,True,True
5141,5,age,64886,64885,11000,1,False,11000,1,False,11000,1,False,True
5142,5,age,64886,64887,10010,3,True,10010,3,True,10010,3,True,True
5143,5,age,64940,64939,10110,3,True,10110,3,True,10110,3,True,True
5144,5,age,64940,64941,10000,1,False,10000,1,False,10000,1,False,True
5145,5,age,64947,64946,11110,1,False,11110,1,False,11110,1,False,True
5146,5,age,64947,64948,11110,1,False,11110,1,False,11110,1,False,True
5147,5,age,64949,64948,11000,1,False,11000,1,False,11000,1,False,True
5148,5,age,64949,64950,10010,3,True,10010,3,True,10010,3,True,True
5149,5,age,65012,65011,11000,1,False,11000,1,False,11000,1,False,True
5150,5,age,65012,65013,10010,3,True,10010,3,True,10010,3,True,True
5151,5,age,65075,65074,11000,1,False,11000,1,False,11000,1,False,True
5152,5,age,65075,65076,10010,3,True,10010,3,True,10010,3,True,True
5153,5,age,65136,65135,11000,1,False,11000,1,False,11000,1,False,True
5154,5,age,65136,65137,10010,3,True,10010,3,True,10010,3,True,True
5155,5,age,65138,65137,11000,1,False,11000,1,False,11000,1,False,True
5156,5,age,65138,65139,10010,3,True,10010,3,True,10010,3,True,True
5157,5,age,65199,65198,11000,1,False,11000,1,False,11000,1,False,True
5158,5,age,65199,65200,10010,3,True,10010,3,True,10010,3,True,True
5159,5,age,65201,65200,11000,1,False,11000,1,False,11000,1,False,True
5160,5,age,65201,65202,10010,3,True,10010,3,True,10010,3,True,True
5161,5,age,65255,65254,10110,3,True,10110,3,True,10110,3,True,True
5162,5,age,65255,65256,10000,1,False,10000,1,False,10000,1,False,True
5163,5,age,65262,65261,11110,1,False,11110,1,False,11110,1,False,True
5164,5,age,65262,65263,11110,1,False,11110,1,False,11110,1,False,True
5165,5,age,65264,65263,11000,1,False,11000,1,False,11000,1,False,True
5166,5,age,65264,65265,10010,3,True,10010,3,True,10010,3,True,True
5167,5,age,65327,65326,11000,1,False,11000,1,False,11000,1,False,True
5168,5,age,65327,65328,10010,3,True,10010,3,True,10010,3,True,True
5169,5,age,65390,65389,11000,1,False,11000,1,False,11000,1,False,True
5170,5,age,65390,65391,10010,3,True,10010,3,True,10010,3,True,True
5171,5,age,65451,65450,11000,1,False,11000,1,False,11000,1,False,True
5172,5,age,65451,65452,10010,3,True,10010,3,True,10010,3,True,True
5173,5,age,65453,65452,11000,1,False,11000,1,False,11000,1,False,True
5174,5,age,65453,65454,10010,3,True,10010,3,True,10010,3,True,True
5175,5,age,65514,65513,11000,1,False,11000,1,False,11000,1,False,True
5176,5,age,65514,65515,10010,3,True,10010,3,True,10010,3,True,True
5177,5,age,65516,65515,11000,1,False,11000,1,False,11000,1,False,True
5178,5,age,65516,65517,10010,3,True,10010,3,True,10010,3,True,True
5179,5,age,65570,65569,10110,3,True,10110,3,True,10110,3,True,True
5180,5,age,65570,65571,10000,1,False,10000,1,False,10000,1,False,True
5181,5,age,65577,65576,11110,1,False,11110,1,False,11110,1,False,True
5182,5,age,65577,65578,11110,1,False,11110,1,False,11110,1,False,True
5183,5,age,65579,65578,11000,1,False,11000,1,False,11000,1,False,True
5184,5,age,65579,65580,10010,3,True,10010,3,True,10010,3,True,True
5185,5,age,65642,65641,11000,1,False,11000,1,False,11000,1,False,True
5186,5,age,65642,65643,10010,3,True,10010,3,True,10010,3,True,True
5187,5,age,65705,65704,11000,1,False,11000,1,False,11000,1,False,True
5188,5,age,65705,65706,10010,3,True,10010,3,True,10010,3,True,True
5189,5,age,65766,65765,11000,1,False,11000,1,False,11000,1,False,True
5190,5,age,65766,65767,10010,3,True,10010,3,True,10010,3,True,True
5191,5,age,65768,65767,11000,1,False,11000,1,False,11000,1,False,True
5192,5,age,65768,65769,10010,3,True,10010,3,True,10010,3,True,True
5193,5,age,65829,65828,11000,1,False,11000,1,False,11000,1,False,True
5194,5,age,65829,65830,10010,3,True,10010,3,True,10010,3,True,True
5195,5,age,65831,65830,11000,1,False,11000,1,False,11000,1,False,True
5196,5,age,65831,65832,10010,3,True,10010,3,True,10010,3,True,True
5197,5,age,65885,65884,10110,3,True,10110,3,True,10110,3,True,True
5198,5,age,65885,65886,10000,1,False,10000,1,False,10000,1,False,True
5199,5,age,65892,65891,11110,1,False,11110,1,False,11110,1,False,True
5200,5,age,65892,65893,11110,1,False,11110,1,False,11110,1,False,True
5201,5,age,65894,65893,11000,1,False,11000,1,False,11000,1,False,True
5202,5,age,65894,65895,10010,3,True,10010,3,True,10010,3,True,True
5203,5,age,65957,65956,11000,1,False,11000,1,False,11000,1,False,True
5204,5,age,65957,65958,10010,3,True,10010,3,True,10010,3,True,True
5205,5,age,66020,66019,11000,1,False,11000,1,False,11000,1,False,True
5206,5,age,66020,66021,10010,3,True,10010,3,True,10010,3,True,True
5207,5,age,66081,66080,11000,1,False,11000,1,False,11000,1,False,True
5208,5,age,66081,66082,10010,3,True,10010,3,True,10010,3,True,True
5209,5,age,66083,66082,11000,1,False,11000,1,False,11000,1,False,True
5210,5,age,66083,66084,10010,3,True,10010,3,True,10010,3,True,True
5211,5,age,66144,66143,11000,1,False,11000,1,False,11000,1,False,True
5212,5,age,66144,66145,10010,3,True,10010,3,True,10010,3,True,True
5213,5,age,66146,66145,11000,1,False,11000,1,False,11000,1,False,True
5214,5,age,66146,66147,10010,3,True,10010,3,True,10010,3,True,True
5215,5,age,66200,66199,10110,3,True,10110,3,True,10110,3,True,True
5216,5,age,66200,66201,10000,1,False,10000,1,False,10000,1,False,True
5217,5,age,66207,66206,11110,1,False,11110,1,False,11110,1,False,True
5218,5,age,66207,66208,11110,1,False,11110,1,False,11110,1,False,True
5219,5,age,66209,66208,11000,1,False,11000,1,False,11000,1,False,True
5220,5,age,66209,66210,10010,3,True,10010,3,True,10010,3,True,True
5221,5,age,66272,66271,11000,1,False,11000,1,False,11000,1,False,True
5222,5,age,66272,66273,10010,3,True,10010,3,True,10010,3,True,True
5223,5,age,66335,66334,11000,1,False,11000,1,False,11000,1,False,True
5224,5,age,66335,66336,10010,3,True,10010,3,True,10010,3,True,True
5225,5,age,66396,66395,11000,1,False,11000,1,False,11000,1,False,True
5226,5,age,66396,66397,10010,3,True,10010,3,True,10010,3,True,True
5227,5,age,66398,66397,11000,1,False,11000,1,False,11000,1,False,True
5228,5,age,66398,66399,10010,3,True,10010,3,True,10010,3,True,True
5229,5,age,66459,66458,11000,1,False,11000,1,False,11000,1,False,True
5230,5,age,66459,66460,10010,3,True,10010,3,True,10010,3,True,True
5231,5,age,66461,66460,11000,1,False,11000,1,False,11000,1,False,True
5232,5,age,66461,66462,10010,3,True,10010,3,True,10010,3,True,True
5233,5,age,66515,66514,10110,3,True,10110,3,True,10110,3,True,True
5234,5,age,66515,66516,10000,1,False,10000,1,False,10000,1,False,True
5235,5,age,66522,66521,11110,1,False,11110,1,False,11110,1,False,True
5236,5,age,66522,66523,11110,1,False,11110,1,False,11110,1,False,True
5237,5,age,66524,66523,11000,1,False,11000,1,False,11000,1,False,True
5238,5,age,66524,66525,10010,3,True,10010,3,True,10010,3,True,True
5239,5,age,66587,66586,11000,1,False,11000,1,False,11000,1,False,True
5240,5,age,66587,66588,10010,3,True,10010,3,True,10010,3,True,True
5241,5,age,66650,66649,11000,1,False,11000,1,False,11000,1,False,True
5242,5,age,66650,66651,10010,3,True,10010,3,True,10010,3,True,True
5243,5,age,66711,66710,11000,1,False,11000,1,False,11000,1,False,True
5244,5,age,66711,66712,10010,3,True,10010,3,True,10010,3,True,True
5245,5,age,66713,66712,11000,1,False,11000,1,False,11000,1,False,True
5246,5,age,66713,66714,10010,3,True,10010,3,True,10010,3,True,True
5247,5,age,66774,66773,11000,1,False,11000,1,False,11000,1,False,True
5248,5,age,66774,66775,10010,3,True,10010,3,True,10010,3,True,True
5249,5,age,66776,66775,11000,1,False,11000,1,False,11000,1,False,True
5250,5,age,66776,66777,10010,3,True,10010,3,True,10010,3,True,True
5251,5,age,66830,66829,10110,3,True,10110,3,True,10110,3,True,True
5252,5,age,66830,66831,10000,1,False,10000,1,False,10000,1,False,True
5253,5,age,66837,66836,11110,1,False,11110,1,False,11110,1,False,True
5254,5,age,66837,66838,11110,1,False,11110,1,False,11110,1,False,True
5255,5,age,66839,66838,11000,1,False,11000,1,False,11000,1,False,True
5256,5,age,66839,66840,10010,3,True,10010,3,True,10010,3,True,True
5257,5,age,66902,66901,11000,1,False,11000,1,False,11000,1,False,True
5258,5,age,66902,66903,10010,3,True,10010,3,True,10010,3,True,True
5259,5,age,66965,66964,11000,1,False,11000,1,False,11000,1,False,True
5260,5,age,66965,66966,10010,3,True,10010,3,True,10010,3,True,True
5261,5,age,67026,67025,11000,1,False,11000,1,False,11000,1,False,True
5262,5,age,67026,67027,10010,3,True,10010,3,True,10010,3,True,True
5263,5,age,67028,67027,11000,1,False,11000,1,False,11000,1,False,True
5264,5,age,67028,67029,10010,3,True,10010,3,True,10010,3,True,True
5265,5,age,67089,67088,11000,1,False,11000,1,False,11000,1,False,True
5266,5,age,67089,67090,10010,3,True,10010,3,True,10010,3,True,True
5267,5,age,67091,67090,11000,1,False,11000,1,False,11000,1,False,True
5268,5,age,67091,67092,10010,3,True,10010,3,True,10010,3,True,True
5269,5,age,67145,67144,10110,3,True,10110,3,True,10110,3,True,True
5270,5,age,67145,67146,10000,1,False,10000,1,False,10000,1,False,True
5271,5,age,67152,67151,11110,1,False,11110,1,False,11110,1,False,True
5272,5,age,67152,67153,11110,1,False,11110,1,False,11110,1,False,True
5273,5,age,67154,67153,11000,1,False,11000,1,False,11000,1,False,True
5274,5,age,67154,67155,10010,3,True,10010,3,True,10010,3,True,True
5275,5,age,67217,67216,11000,1,False,11000,1,False,11000,1,False,True
5276,5,age,67217,67218,10010,3,True,10010,3,True,10010,3,True,True
5277,5,age,67280,67279,11000,1,False,11000,1,False,11000,1,False,True
5278,5,age,67280,67281,10010,3,True,10010,3,True,10010,3,True,True
5279,5,age,67341,67340,11000,1,False,11000,1,False,11000,1,False,True
5280,5,age,67341,67342,10010,3,True,10010,3,True,10010,3,True,True
5281,5,age,67343,67342,11000,1,False,11000,1,False,11000,1,False,True
5282,5,age,67343,67344,10010,3,True,10010,3,True,10010,3,True,True
5283,5,age,67404,67403,11000,1,False,11000,1,False,11000,1,False,True
5284,5,age,67404,67405,10010,3,True,10010,3,True,10010,3,True,True
5285,5,age,67406,67405,11000,1,False,11000,1,False,11000,1,False,True
5286,5,age,67406,67407,10010,3,True,10010,3,True,10010,3,True,True
5287,5,age,67460,67459,10110,3,True,10110,3,True,10110,3,True,True
5288,5,age,67460,67461,10000,1,False,10000,1,False,10000,1,False,True
5289,5,age,67467,67466,11110,1,False,11110,1,False,11110,1,False,True
5290,5,age,67467,67468,11110,1,False,11110,1,False,11110,1,False,True
5291,5,age,67469,67468,11000,1,False,11000,1,False,11000,1,False,True
5292,5,age,67469,67470,10010,3,True,10010,3,True,10010,3,True,True
5293,5,age,67532,67531,11000,1,False,11000,1,False,11000,1,False,True
5294,5,age,67532,67533,10010,3,True,10010,3,True,10010,3,True,True
5295,5,age,67595,67594,11000,1,False,11000,1,False,11000,1,False,True
5296,5,age,67595,67596,10010,3,True,10010,3,True,10010,3,True,True
5297,5,age,67656,67655,11000,1,False,11000,1,False,11000,1,False,True
5298,5,age,67656,67657,10010,3,True,10010,3,True,10010,3,True,True
5299,5,age,67658,67657,11000,1,False,11000,1,False,11000,1,False,True
5300,5,age,67658,67659,10010,3,True,10010,3,True,10010,3,True,True
5301,5,age,67719,67718,11000,1,False,11000,1,False,11000,1,False,True
5302,5,age,67719,67720,10010,3,True,10010,3,True,10010,3,True,True
5303,5,age,67721,67720,11000,1,False,11000,1,False,11000,1,False,True
5304,5,age,67721,67722,10010,3,True,10010,3,True,10010,3,True,True
5305,5,age,67775,67774,10110,3,True,10110,3,True,10110,3,True,True
5306,5,age,67775,67776,10000,1,False,10000,1,False,10000,1,False,True
5307,5,age,67782,67781,11110,1,False,11110,1,False,11110,1,False,True
5308,5,age,67782,67783,11110,1,False,11110,1,False,11110,1,False,True
5309,5,age,67784,67783,11000,1,False,11000,1,False,11000,1,False,True
5310,5,age,67784,67785,10010,3,True,10010,3,True,10010,3,True,True
5311,5,age,67847,67846,11000,1,False,11000,1,False,11000,1,False,True
5312,5,age,67847,67848,10010,3,True,10010,3,True,10010,3,True,True
5313,5,age,67910,67909,11000,1,False,11000,1,False,11000,1,False,True
5314,5,age,67910,67911,10010,3,True,10010,3,True,10010,3,True,True
5315,5,age,67971,67970,11000,1,False,11000,1,False,11000,1,False,True
5316,5,age,67971,67972,10010,3,True,10010,3,True,10010,3,True,True
5317,5,age,67973,67972,11000,1,False,11000,1,False,11000,1,False,True
5318,5,age,67973,67974,10010,3,True,10010,3,True,10010,3,True,True
5319,5,age,68034,68033,11000,1,False,11000,1,False,11000,1,False,True
5320,5,age,68034,68035,10010,3,True,10010,3,True,10010,3,True,True
5321,5,age,68036,68035,11000,1,False,11000,1,False,11000,1,False,True
5322,5,age,68036,68037,10010,3,True,10010,3,True,10010,3,True,True
5323,5,age,68090,68089,10110,3,True,10110,3,True,10110,3,True,True
5324,5,age,68090,68091,10000,1,False,10000,1,False,10000,1,False,True
5325,5,age,68097,68096,11110,1,False,11110,1,False,11110,1,False,True
5326,5,age,68097,68098,11110,1,False,11110,1,False,11110,1,False,True
5327,5,age,68099,68098,11000,1,False,11000,1,False,11000,1,False,True
5328,5,age,68099,68100,10010,3,True,10010,3,True,10010,3,True,True
5329,5,age,68162,68161,11000,1,False,11000,1,False,11000,1,False,True
5330,5,age,68162,68163,10010,3,True,10010,3,True,10010,3,True,True
5331,5,age,68225,68224,11000,1,False,11000,1,False,11000,1,False,True
5332,5,age,68225,68226,10010,3,True,10010,3,True,10010,3,True,True
5333,5,age,68286,68285,11000,1,False,11000,1,False,11000,1,False,True
5334,5,age,68286,68287,10010,3,True,10010,3,True,10010,3,True,True
5335,5,age,68288,68287,11000,1,False,11000,1,False,11000,1,False,True
5336,5,age,68288,68289,10010,3,True,10010,3,True,10010,3,True,True
5337,5,age,68349,68348,11000,1,False,11000,1,False,11000,1,False,True
5338,5,age,68349,68350,10010,3,True,10010,3,True,10010,3,True,True
5339,5,age,68351,68350,11000,1,False,11000,1,False,11000,1,False,True
5340,5,age,68351,68352,10010,3,True,10010,3,True,10010,3,True,True
5341,5,age,68405,68404,10110,3,True,10110,3,True,10110,3,True,True
5342,5,age,68405,68406,10000,1,False,10000,1,False,10000,1,False,True
5343,5,age,68412,68411,11110,1,False,11110,1,False,11110,1,False,True
5344,5,age,68412,68413,11110,1,False,11110,1,False,11110,1,False,True
5345,5,age,68414,68413,11000,1,False,11000,1,False,11000,1,False,True
5346,5,age,68414,68415,10010,3,True,10010,3,True,10010,3,True,True
5347,5,age,68477,68476,11000,1,False,11000,1,False,11000,1,False,True
5348,5,age,68477,68478,10010,3,True,10010,3,True,10010,3,True,True
5349,5,age,68540,68539,11000,1,False,11000,1,False,11000,1,False,True
5350,5,age,68540,68541,10010,3,True,10010,3,True,10010,3,True,True
5351,5,age,68601,68600,11000,1,False,11000,1,False,11000,1,False,True
5352,5,age,68601,68602,10010,3,True,10010,3,True,10010,3,True,True
5353,5,age,68603,68602,11000,1,False,11000,1,False,11000,1,False,True
5354,5,age,68603,68604,10010,3,True,10010,3,True,10010,3,True,True
5355,5,age,68664,68663,11000,1,False,11000,1,False,11000,1,False,True
5356,5,age,68664,68665,10010,3,True,10010,3,True,10010,3,True,True
5357,5,age,68666,68665,11000,1,False,11000,1,False,11000,1,False,True
5358,5,age,68666,68667,10010,3,True,10010,3,True,10010,3,True,True
5359,5,age,68720,68719,10110,3,True,10110,3,True,10110,3,True,True
5360,5,age,68720,68721,10000,1,False,10000,1,False,10000,1,False,True
5361,5,age,68727,68726,11110,1,False,11110,1,False,11110,1,False,True
5362,5,age,68727,68728,11110,1,False,11110,1,False,11110,1,False,True
5363,5,age,68729,68728,11000,1,False,11000,1,False,11000,1,False,True
5364,5,age,68729,68730,10010,3,True,10010,3,True,10010,3,True,True
5365,5,age,68792,68791,11000,1,False,11000,1,False,11000,1,False,True
5366,5,age,68792,68793,10010,3,True,10010,3,True,10010,3,True,True
5367,5,age,68855,68854,11000,1,False,11000,1,False,11000,1,False,True
5368,5,age,68855,68856,10010,3,True,10010,3,True,10010,3,True,True
5369,5,age,68916,68915,11000,1,False,11000,1,False,11000,1,False,True
5370,5,age,68916,68917,10010,3,True,10010,3,True,10010,3,True,True
5371,5,age,68918,68917,11000,1,False,11000,1,False,11000,1,False,True
5372,5,age,68918,68919,10010,3,True,10010,3,True,10010,3,True,True
5373,5,age,68979,68978,11000,1,False,11000,1,False,11000,1,False,True
5374,5,age,68979,68980,10010,3,True,10010,3,True,10010,3,True,True
5375,5,age,68981,68980,11000,1,False,11000,1,False,11000,1,False,True
5376,5,age,68981,68982,10010,3,True,10010,3,True,10010,3,True,True
5377,5,age,69035,69034,10110,3,True,10110,3,True,10110,3,True,True
5378,5,age,69035,69036,10000,1,False,10000,1,False,10000,1,False,True
5379,5,age,69042,69041,11110,1,False,11110,1,False,11110,1,False,True
5380,5,age,69042,69043,11110,1,False,11110,1,False,11110,1,False,True
5381,5,age,69044,69043,11000,1,False,11000,1,False,11000,1,False,True
5382,5,age,69044,69045,10010,3,True,10010,3,True,10010,3,True,True
5383,5,age,69107,69106,11000,1,False,11000,1,False,11000,1,False,True
5384,5,age,69107,69108,10010,3,True,10010,3,True,10010,3,True,True
5385,5,age,69170,69169,11000,1,False,11000,1,False,11000,1,False,True
5386,5,age,69170,69171,10010,3,True,10010,3,True,10010,3,True,True
5387,5,age,69231,69230,11000,1,False,11000,1,False,11000,1,False,True
5388,5,age,69231,69232,10010,3,True,10010,3,True,10010,3,True,True
5389,5,age,69233,69232,11000,1,False,11000,1,False,11000,1,False,True
5390,5,age,69233,69234,10010,3,True,10010,3,True,10010,3,True,True
5391,5,age,69294,69293,11000,1,False,11000,1,False,11000,1,False,True
5392,5,age,69294,69295,10010,3,True,10010,3,True,10010,3,True,True
5393,5,age,69296,69295,11000,1,False,11000,1,False,11000,1,False,True
5394,5,age,69296,69297,10010,3,True,10010,3,True,10010,3,True,True
5395,5,age,69350,69349,10110,3,True,10110,3,True,10110,3,True,True
5396,5,age,69350,69351,10000,1,False,10000,1,False,10000,1,False,True
5397,5,age,69357,69356,11110,1,False,11110,1,False,11110,1,False,True
5398,5,age,69357,69358,11110,1,False,11110,1,False,11110,1,False,True
5399,5,age,69359,69358,11000,1,False,11000,1,False,11000,1,False,True
5400,5,age,69359,69360,10010,3,True,10010,3,True,10010,3,True,True
5401,5,age,69422,69421,11000,1,False,11000,1,False,11000,1,False,True
5402,5,age,69422,69423,10010,3,True,10010,3,True,10010,3,True,True
5403,5,age,69485,69484,11000,1,False,11000,1,False,11000,1,False,True
5404,5,age,69485,69486,10010,3,True,10010,3,True,10010,3,True,True
5405,5,age,69546,69545,11000,1,False,11000,1,False,11000,1,False,True
5406,5,age,69546,69547,10010,3,True,10010,3,True,10010,3,True,True
5407,5,age,69548,69547,11000,1,False,11000,1,False,11000,1,False,True
5408,5,age,69548,69549,10010,3,True,10010,3,True,10010,3,True,True
5409,5,age,69609,69608,11000,1,False,11000,1,False,11000,1,False,True
5410,5,age,69609,69610,10010,3,True,10010,3,True,10010,3,True,True
5411,5,age,69611,69610,11000,1,False,11000,1,False,11000,1,False,True
5412,5,age,69611,69612,10010,3,True,10010,3,True,10010,3,True,True
5413,5,age,69665,69664,10110,3,True,10110,3,True,10110,3,True,True
5414,5,age,69665,69666,10000,1,False,10000,1,False,10000,1,False,True
5415,5,age,69672,69671,11110,1,False,11110,1,False,11110,1,False,True
5416,5,age,69672,69673,11110,1,False,11110,1,False,11110,1,False,True
5417,5,age,69674,69673,11000,1,False,11000,1,False,11000,1,False,True
5418,5,age,69674,69675,10010,3,True,10010,3,True,10010,3,True,True
5419,5,age,69737,69736,11000,1,False,11000,1,False,11000,1,False,True
5420,5,age,69737,69738,10010,3,True,10010,3,True,10010,3,True,True
5421,5,age,69800,69799,11000,1,False,11000,1,False,11000,1,False,True
5422,5,age,69800,69801,10010,3,True,10010,3,True,10010,3,True,True
5423,5,age,69861,69860,11000,1,False,11000,1,False,11000,1,False,True
5424,5,age,69861,69862,10010,3,True,10010,3,True,10010,3,True,True
5425,5,age,69863,69862,11000,1,False,11000,1,False,11000,1,False,True
5426,5,age,69863,69864,10010,3,True,10010,3,True,10010,3,True,True
5427,5,age,69924,69923,11000,1,False,11000,1,False,11000,1,False,True
5428,5,age,69924,69925,10010,3,True,10010,3,True,10010,3,True,True
5429,5,age,69926,69925,11000,1,False,11000,1,False,11000,1,False,True
5430,5,age,69926,69927,10010,3,True,10010,3,True,10010,3,True,True
5431,5,age,69980,69979,10110,3,True,10110,3,True,10110,3,True,True
5432,5,age,69980,69981,10000,1,False,10000,1,False,10000,1,False,True
5433,5,age,69987,69986,11110,1,False,11110,1,False,11110,1,False,True
5434,5,age,69987,69988,11110,1,False,11110,1,False,11110,1,False,True
5435,5,age,69989,69988,11000,1,False,11000,1,False,11000,1,False,True
5436,5,age,69989,69990,10010,3,True,10010,3,True,10010,3,True,True
5437,5,age,70052,70051,11000,1,False,11000,1,False,11000,1,False,True
5438,5,age,70052,70053,10010,3,True,10010,3,True,10010,3,True,True
5439,5,age,70115,70114,11000,1,False,11000,1,False,11000,1,False,True
5440,5,age,70115,70116,10010,3,True,10010,3,True,10010,3,True,True
5441,5,age,70176,70175,11000,1,False,11000,1,False,11000,1,False,True
5442,5,age,70176,70177,10010,3,True,10010,3,True,10010,3,True,True
5443,5,age,70178,70177,11000,1,False,11000,1,False,11000,1,False,True
5444,5,age,70178,70179,10010,3,True,10010,3,True,10010,3,True,True
5445,5,age,70239,70238,11000,1,False,11000,1,False,11000,1,False,True
5446,5,age,70239,70240,10010,3,True,10010,3,True,10010,3,True,True
5447,5,age,70241,70240,11000,1,False,11000,1,False,11000,1,False,True
5448,5,age,70241,70242,10010,3,True,10010,3,True,10010,3,True,True
5449,5,age,70295,70294,10110,3,True,10110,3,True,10110,3,True,True
5450,5,age,70295,70296,10000,1,False,10000,1,False,10000,1,False,True
5451,5,age,70302,70301,11110,1,False,11110,1,False,11110,1,False,True
5452,5,age,70302,70303,11110,1,False,11110,1,False,11110,1,False,True
5453,5,age,70304,70303,11000,1,False,11000,1,False,11000,1,False,True
5454,5,age,70304,70305,10010,3,True,10010,3,True,10010,3,True,True
5455,5,age,70367,70366,11000,1,False,11000,1,False,11000,1,False,True
5456,5,age,70367,70368,10010,3,True,10010,3,True,10010,3,True,True
5457,5,age,70430,70429,11000,1,False,11000,1,False,11000,1,False,True
5458,5,age,70430,70431,10010,3,True,10010,3,True,10010,3,True,True
5459,5,age,70491,70490,11000,1,False,11000,1,False,11000,1,False,True
5460,5,age,70491,70492,10010,3,True,10010,3,True,10010,3,True,True
5461,5,age,70493,70492,11000,1,False,11000,1,False,11000,1,False,True
5462,5,age,70493,70494,10010,3,True,10010,3,True,10010,3,True,True
5463,5,age,70554,70553,11000,1,False,11000,1,False,11000,1,False,True
5464,5,age,70554,70555,10010,3,True,10010,3,True,10010,3,True,True
5465,5,age,70556,70555,11000,1,False,11000,1,False,11000,1,False,True
5466,5,age,70556,70557,10010,3,True,10010,3,True,10010,3,True,True
5467,5,age,70610,70609,10110,3,True,10110,3,True,10110,3,True,True
5468,5,age,70610,70611,10000,1,False,10000,1,False,10000,1,False,True
5469,5,age,70617,70616,11110,1,False,11110,1,False,11110,1,False,True
5470,5,age,70617,70618,11110,1,False,11110,1,False,11110,1,False,True
5471,5,age,70619,70618,11000,1,False,11000,1,False,11000,1,False,True
5472,5,age,70619,70620,10010,3,True,10010,3,True,10010,3,True,True
5473,5,age,70682,70681,11000,1,False,11000,1,False,11000,1,False,True
5474,5,age,70682,70683,10010,3,True,10010,3,True,10010,3,True,True
5475,5,age,70745,70744,11000,1,False,11000,1,False,11000,1,False,True
5476,5,age,70745,70746,10010,3,True,10010,3,True,10010,3,True,True
5477,5,age,70806,70805,11000,1,False,11000,1,False,11000,1,False,True
5478,5,age,70806,70807,10010,3,True,10010,3,True,10010,3,True,True
5479,5,age,70808,70807,11000,1,False,11000,1,False,11000,1,False,True
5480,5,age,70808,70809,10010,3,True,10010,3,True,10010,3,True,True
5481,5,age,70869,70868,11000,1,False,11000,1,False,11000,1,False,True
5482,5,age,70869,70870,10010,3,True,10010,3,True,10010,3,True,True
5483,5,age,70871,70870,11000,1,False,11000,1,False,11000,1,False,True
5484,5,age,70871,70872,10010,3,True,10010,3,True,10010,3,True,True
5485,5,age,70925,70924,10110,3,True,10110,3,True,10110,3,True,True
5486,5,age,70925,70926,10000,1,False,10000,1,False,10000,1,False,True
5487,5,age,70932,70931,11110,1,False,11110,1,False,11110,1,False,True
5488,5,age,70932,70933,11110,1,False,11110,1,False,11110,1,False,True
5489,5,age,70934,70933,11000,1,False,11000,1,False,11000,1,False,True
5490,5,age,70934,70935,10010,3,True,10010,3,True,10010,3,True,True
5491,5,age,70997,70996,11000,1,False,11000,1,False,11000,1,False,True
5492,5,age,70997,70998,10010,3,True,10010,3,True,10010,3,True,True
5493,5,age,71060,71059,11000,1,False,11000,1,False,11000,1,False,True
5494,5,age,71060,71061,10010,3,True,10010,3,True,10010,3,True,True
5495,5,age,71121,71120,11000,1,False,11000,1,False,11000,1,False,True
5496,5,age,71121,71122,10010,3,True,10010,3,True,10010,3,True,True
5497,5,age,71123,71122,11000,1,False,11000,1,False,11000,1,False,True
5498,5,age,71123,71124,10010,3,True,10010,3,True,10010,3,True,True
5499,5,age,71184,71183,11000,1,False,11000,1,False,11000,1,False,True
5500,5,age,71184,71185,10010,3,True,10010,3,True,10010,3,True,True
5501,5,age,71186,71185,11000,1,False,11000,1,False,11000,1,False,True
5502,5,age,71186,71187,10010,3,True,10010,3,True,10010,3,True,True
5503,5,age,71240,71239,10110,3,True,10110,3,True,10110,3,True,True
5504,5,age,71240,71241,10000,1,False,10000,1,False,10000,1,False,True
5505,5,age,71247,71246,11110,1,False,11110,1,False,11110,1,False,True
5506,5,age,71247,71248,11110,1,False,11110,1,False,11110,1,False,True
5507,5,age,71249,71248,11000,1,False,11000,1,False,11000,1,False,True
5508,5,age,71249,71250,10010,3,True,10010,3,True,10010,3,True,True
5509,5,age,71312,71311,11000,1,False,11000,1,False,11000,1,False,True
5510,5,age,71312,71313,10010,3,True,10010,3,True,10010,3,True,True
5511,5,age,71375,71374,11000,1,False,11000,1,False,11000,1,False,True
5512,5,age,71375,71376,10010,3,True,10010,3,True,10010,3,True,True
5513,5,age,71436,71435,11000,1,False,11000,1,False,11000,1,False,True
5514,5,age,71436,71437,10010,3,True,10010,3,True,10010,3,True,True
5515,5,age,71438,71437,11000,1,False,11000,1,False,11000,1,False,True
5516,5,age,71438,71439,10010,3,True,10010,3,True,10010,3,True,True
5517,5,age,71499,71498,11000,1,False,11000,1,False,11000,1,False,True
5518,5,age,71499,71500,10010,3,True,10010,3,True,10010,3,True,True
5519,5,age,71501,71500,11000,1,False,11000,1,False,11000,1,False,True
5520,5,age,71501,71502,10010,3,True,10010,3,True,10010,3,True,True
5521,5,age,71555,71554,10110,3,True,10110,3,True,10110,3,True,True
5522,5,age,71555,71556,10000,1,False,10000,1,False,10000,1,False,True
5523,5,age,71562,71561,11110,1,False,11110,1,False,11110,1,False,True
5524,5,age,71562,71563,11110,1,False,11110,1,False,11110,1,False,True
5525,5,age,71564,71563,11000,1,False,11000,1,False,11000,1,False,True
5526,5,age,71564,71565,10010,3,True,10010,3,True,10010,3,True,True
5527,5,age,71627,71626,11000,1,False,11000,1,False,11000,1,False,True
5528,5,age,71627,71628,10010,3,True,10010,3,True,10010,3,True,True
5529,5,age,71690,71689,11000,1,False,11000,1,False,11000,1,False,True
5530,5,age,71690,71691,10010,3,True,10010,3,True,10010,3,True,True
5531,5,age,71751,71750,11000,1,False,11000,1,False,11000,1,False,True
5532,5,age,71751,71752,10010,3,True,10010,3,True,10010,3,True,True
5533,5,age,71753,71752,11000,1,False,11000,1,False,11000,1,False,True
5534,5,age,71753,71754,10010,3,True,10010,3,True,10010,3,True,True
5535,5,age,71814,71813,11000,1,False,11000,1,False,11000,1,False,True
5536,5,age,71814,71815,10010,3,True,10010,3,True,10010,3,True,True
5537,5,age,71816,71815,11000,1,False,11000,1,False,11000,1,False,True
5538,5,age,71816,71817,10010,3,True,10010,3,True,10010,3,True,True
5539,5,age,71870,71869,10110,3,True,10110,3,True,10110,3,True,True
5540,5,age,71870,71871,10000,1,False,10000,1,False,10000,1,False,True
5541,5,age,71877,71876,11110,1,False,11110,1,False,11110,1,False,True
5542,5,age,71877,71878,11110,1,False,11110,1,False,11110,1,False,True
5543,5,age,71879,71878,11000,1,False,11000,1,False,11000,1,False,True
5544,5,age,71879,71880,10010,3,True,10010,3,True,10010,3,True,True
5545,5,age,71942,71941,11000,1,False,11000,1,False,11000,1,False,True
5546,5,age,71942,71943,10010,3,True,10010,3,True,10010,3,True,True
5547,5,age,72005,72004,11000,1,False,11000,1,False,11000,1,False,True
5548,5,age,72005,72006,10010,3,True,10010,3,True,10010,3,True,True
5549,5,age,72066,72065,11000,1,False,11000,1,False,11000,1,False,True
5550,5,age,72066,72067,10010,3,True,10010,3,True,10010,3,True,True
5551,5,age,72068,72067,11000,1,False,11000,1,False,11000,1,False,True
5552,5,age,72068,72069,10010,3,True,10010,3,True,10010,3,True,True
5553,5,age,72129,72128,11000,1,False,11000,1,False,11000,1,False,True
5554,5,age,72129,72130,10010,3,True,10010,3,True,10010,3,True,True
5555,5,age,72131,72130,11000,1,False,11000,1,False,11000,1,False,True
5556,5,age,72131,72132,10010,3,True,10010,3,True,10010,3,True,True
5557,5,age,72185,72184,10110,3,True,10110,3,True,10110,3,True,True
5558,5,age,72185,72186,10000,1,False,10000,1,False,10000,1,False,True
5559,5,age,72192,72191,11110,1,False,11110,1,False,11110,1,False,True
5560,5,age,72192,72193,11110,1,False,11110,1,False,11110,1,False,True
5561,5,age,72194,72193,11000,1,False,11000,1,False,11000,1,False,True
5562,5,age,72194,72195,10010,3,True,10010,3,True,10010,3,True,True
5563,5,age,72257,72256,11000,1,False,11000,1,False,11000,1,False,True
5564,5,age,72257,72258,10010,3,True,10010,3,True,10010,3,True,True
5565,5,age,72320,72319,11000,1,False,11000,1,False,11000,1,False,True
5566,5,age,72320,72321,10010,3,True,10010,3,True,10010,3,True,True
5567,5,age,72381,72380,11000,1,False,11000,1,False,11000,1,False,True
5568,5,age,72381,72382,10010,3,True,10010,3,True,10010,3,True,True
5569,5,age,72383,72382,11000,1,False,11000,1,False,11000,1,False,True
5570,5,age,72383,72384,10010,3,True,10010,3,True,10010,3,True,True
5571,5,age,72444,72443,11000,1,False,11000,1,False,11000,1,False,True
5572,5,age,72444,72445,10010,3,True,10010,3,True,10010,3,True,True
5573,5,age,72446,72445,11000,1,False,11000,1,False,11000,1,False,True
5574,5,age,72446,72447,10010,3,True,10010,3,True,10010,3,True,True
5575,5,age,72500,72499,10110,3,True,10110,3,True,10110,3,True,True
5576,5,age,72500,72501,10000,1,False,10000,1,False,10000,1,False,True
5577,5,age,72507,72506,11110,1,False,11110,1,False,11110,1,False,True
5578,5,age,72507,72508,11110,1,False,11110,1,False,11110,1,False,True
5579,5,age,72509,72508,11000,1,False,11000,1,False,11000,1,False,True
5580,5,age,72509,72510,10010,3,True,10010,3,True,10010,3,True,True
5581,5,age,72572,72571,11000,1,False,11000,1,False,11000,1,False,True
5582,5,age,72572,72573,10010,3,True,10010,3,True,10010,3,True,True
5583,5,age,72635,72634,11000,1,False,11000,1,False,11000,1,False,True
5584,5,age,72635,72636,10010,3,True,10010,3,True,10010,3,True,True
5585,5,age,72696,72695,11000,1,False,11000,1,False,11000,1,False,True
5586,5,age,72696,72697,10010,3,True,10010,3,True,10010,3,True,True
5587,5,age,72698,72697,11000,1,False,11000,1,False,11000,1,False,True
5588,5,age,72698,72699,10010,3,True,10010,3,True,10010,3,True,True
5589,5,age,72759,72758,11000,1,False,11000,1,False,11000,1,False,True
5590,5,age,72759,72760,10010,3,True,10010,3,True,10010,3,True,True
5591,5,age,72761,72760,11000,1,False,11000,1,False,11000,1,False,True
5592,5,age,72761,72762,10010,3,True,10010,3,True,10010,3,True,True
5593,5,age,72815,72814,10110,3,True,10110,3,True,10110,3,True,True
5594,5,age,72815,72816,10000,1,False,10000,1,False,10000,1,False,True
5595,5,age,72822,72821,11110,1,False,11110,1,False,11110,1,False,True
5596,5,age,72822,72823,11110,1,False,11110,1,False,11110,1,False,True
5597,5,age,72824,72823,11000,1,False,11000,1,False,11000,1,False,True
5598,5,age,72824,72825,10010,3,True,10010,3,True,10010,3,True,True
5599,5,age,72887,72886,11000,1,False,11000,1,False,11000,1,False,True
5600,5,age,72887,72888,10010,3,True,10010,3,True,10010,3,True,True
5601,5,age,72950,72949,11000,1,False,11000,1,False,11000,1,False,True
5602,5,age,72950,72951,10010,3,True,10010,3,True,10010,3,True,True
5603,5,age,73011,73010,11000,1,False,11000,1,False,11000,1,False,True
5604,5,age,73011,73012,10010,3,True,10010,3,True,10010,3,True,True
5605,5,age,73013,73012,11000,1,False,11000,1,False,11000,1,False,True
5606,5,age,73013,73014,10010,3,True,10010,3,True,10010,3,True,True
5607,5,age,73074,73073,11000,1,False,11000,1,False,11000,1,False,True
5608,5,age,73074,73075,10010,3,True,10010,3,True,10010,3,True,True
5609,5,age,73076,73075,11000,1,False,11000,1,False,11000,1,False,True
5610,5,age,73076,73077,10010,3,True,10010,3,True,10010,3,True,True
5611,5,age,73130,73129,10110,3,True,10110,3,True,10110,3,True,True
5612,5,age,73130,73131,10000,1,False,10000,1,False,10000,1,False,True
5613,5,age,73137,73136,11110,1,False,11110,1,False,11110,1,False,True
5614,5,age,73137,73138,11110,1,False,11110,1,False,11110,1,False,True
5615,5,age,73139,73138,11000,1,False,11000,1,False,11000,1,False,True
5616,5,age,73139,73140,10010,3,True,10010,3,True,10010,3,True,True
5617,5,age,73202,73201,11000,1,False,11000,1,False,11000,1,False,True
5618,5,age,73202,73203,10010,3,True,10010,3,True,10010,3,True,True
5619,5,age,73265,73264,11000,1,False,11000,1,False,11000,1,False,True
5620,5,age,73265,73266,10010,3,True,10010,3,True,10010,3,True,True
5621,5,age,73326,73325,11000,1,False,11000,1,False,11000,1,False,True
5622,5,age,73326,73327,10010,3,True,10010,3,True,10010,3,True,True
5623,5,age,73328,73327,11000,1,False,11000,1,False,11000,1,False,True
5624,5,age,73328,73329,10010,3,True,10010,3,True,10010,3,True,True
5625,5,age,73389,73388,11000,1,False,11000,1,False,11000,1,False,True
5626,5,age,73389,73390,10010,3,True,10010,3,True,10010,3,True,True
5627,5,age,73391,73390,11000,1,False,11000,1,False,11000,1,False,True
5628,5,age,73391,73392,10010,3,True,10010,3,True,10010,3,True,True
5629,5,age,73445,73444,10110,3,True,10110,3,True,10110,3,True,True
5630,5,age,73445,73446,10000,1,False,10000,1,False,10000,1,False,True
5631,5,age,73452,73451,11110,1,False,11110,1,False,11110,1,False,True
5632,5,age,73452,73453,11110,1,False,11110,1,False,11110,1,False,True
5633,5,age,73454,73453,11000,1,False,11000,1,False,11000,1,False,True
5634,5,age,73454,73455,10010,3,True,10010,3,True,10010,3,True,True
5635,5,age,73517,73516,11000,1,False,11000,1,False,11000,1,False,True
5636,5,age,73517,73518,10010,3,True,10010,3,True,10010,3,True,True
5637,5,age,73580,73579,11000,1,False,11000,1,False,11000,1,False,True
5638,5,age,73580,73581,10010,3,True,10010,3,True,10010,3,True,True
5639,5,age,73641,73640,11000,1,False,11000,1,False,11000,1,False,True
5640,5,age,73641,73642,10010,3,True,10010,3,True,10010,3,True,True
5641,5,age,73643,73642,11000,1,False,11000,1,False,11000,1,False,True
5642,5,age,73643,73644,10010,3,True,10010,3,True,10010,3,True,True
5643,5,age,73704,73703,11000,1,False,11000,1,False,11000,1,False,True
5644,5,age,73704,73705,10010,3,True,10010,3,True,10010,3,True,True
5645,5,age,73706,73705,11000,1,False,11000,1,False,11000,1,False,True
5646,5,age,73706,73707,10010,3,True,10010,3,True,10010,3,True,True
5647,5,age,73760,73759,10110,3,True,10110,3,True,10110,3,True,True
5648,5,age,73760,73761,10000,1,False,10000,1,False,10000,1,False,True
5649,5,age,73767,73766,11110,1,False,11110,1,False,11110,1,False,True
5650,5,age,73767,73768,11110,1,False,11110,1,False,11110,1,False,True
5651,5,age,73769,73768,11000,1,False,11000,1,False,11000,1,False,True
5652,5,age,73769,73770,10010,3,True,10010,3,True,10010,3,True,True
5653,5,age,73832,73831,11000,1,False,11000,1,False,11000,1,False,True
5654,5,age,73832,73833,10010,3,True,10010,3,True,10010,3,True,True
5655,5,age,73895,73894,11000,1,False,11000,1,False,11000,1,False,True
5656,5,age,73895,73896,10010,3,True,10010,3,True,10010,3,True,True
5657,5,age,73956,73955,11000,1,False,11000,1,False,11000,1,False,True
5658,5,age,73956,73957,10010,3,True,10010,3,True,10010,3,True,True
5659,5,age,73958,73957,11000,1,False,11000,1,False,11000,1,False,True
5660,5,age,73958,73959,10010,3,True,10010,3,True,10010,3,True,True
5661,5,age,74019,74018,11000,1,False,11000,1,False,11000,1,False,True
5662,5,age,74019,74020,10010,3,True,10010,3,True,10010,3,True,True
5663,5,age,74021,74020,11000,1,False,11000,1,False,11000,1,False,True
5664,5,age,74021,74022,10010,3,True,10010,3,True,10010,3,True,True
5665,5,age,74075,74074,10110,3,True,10110,3,True,10110,3,True,True
5666,5,age,74075,74076,10000,1,False,10000,1,False,10000,1,False,True
5667,5,age,74082,74081,11110,1,False,11110,1,False,11110,1,False,True
5668,5,age,74082,74083,11110,1,False,11110,1,False,11110,1,False,True
5669,5,age,74084,74083,11000,1,False,11000,1,False,11000,1,False,True
5670,5,age,74084,74085,10010,3,True,10010,3,True,10010,3,True,True
5671,5,age,74147,74146,11000,1,False,11000,1,False,11000,1,False,True
5672,5,age,74147,74148,10010,3,True,10010,3,True,10010,3,True,True
5673,5,age,74210,74209,11000,1,False,11000,1,False,11000,1,False,True
5674,5,age,74210,74211,10010,3,True,10010,3,True,10010,3,True,True
5675,5,age,74273,74272,11000,1,False,11000,1,False,11000,1,False,True
5676,5,age,74273,74274,10010,3,True,10010,3,True,10010,3,True,True
5677,5,age,74336,74335,11000,1,False,11000,1,False,11000,1,False,True
5678,5,age,74336,74337,10010,3,True,10010,3,True,10010,3,True,True
5679,5,age,74390,74389,10110,3,True,10110,3,True,10110,3,True,True
5680,5,age,74390,74391,10000,1,False,10000,1,False,10000,1,False,True
5681,5,age,74397,74396,11110,1,False,11110,1,False,11110,1,False,True
5682,5,age,74397,74398,11110,1,False,11110,1,False,11110,1,False,True
5683,5,age,74399,74398,11000,1,False,11000,1,False,11000,1,False,True
5684,5,age,74399,74400,10010,3,True,10010,3,True,10010,3,True,True
5685,5,age,74462,74461,11000,1,False,11000,1,False,11000,1,False,True
5686,5,age,74462,74463,10010,3,True,10010,3,True,10010,3,True,True
5687,5,age,74525,74524,11000,1,False,11000,1,False,11000,1,False,True
5688,5,age,74525,74526,10010,3,True,10010,3,True,10010,3,True,True
5689,5,age,74588,74587,11000,1,False,11000,1,False,11000,1,False,True
5690,5,age,74588,74589,10010,3,True,10010,3,True,10010,3,True,True
5691,5,age,74651,74650,11000,1,False,11000,1,False,11000,1,False,True
5692,5,age,74651,74652,10010,3,True,10010,3,True,10010,3,True,True
5693,5,age,74705,74704,10110,3,True,10110,3,True,10110,3,True,True
5694,5,age,74705,74706,10000,1,False,10000,1,False,10000,1,False,True
5695,5,age,74712,74711,11110,1,False,11110,1,False,11110,1,False,True
5696,5,age,74712,74713,11110,1,False,11110,1,False,11110,1,False,True
5697,5,age,74714,74713,11000,1,False,11000,1,False,11000,1,False,True
5698,5,age,74714,74715,10010,3,True,10010,3,True,10010,3,True,True
5699,5,age,74777,74776,11000,1,False,11000,1,False,11000,1,False,True
5700,5,age,74777,74778,10010,3,True,10010,3,True,10010,3,True,True
5701,5,age,74840,74839,11000,1,False,11000,1,False,11000,1,False,True
5702,5,age,74840,74841,10010,3,True,10010,3,True,10010,3,True,True
5703,5,age,74903,74902,11000,1,False,11000,1,False,11000,1,False,True
5704,5,age,74903,74904,10010,3,True,10010,3,True,10010,3,True,True
5705,5,age,74966,74965,11000,1,False,11000,1,False,11000,1,False,True
5706,5,age,74966,74967,10010,3,True,10010,3,True,10010,3,True,True
5707,5,age,75020,75019,10110,3,True,10110,3,True,10110,3,True,True
5708,5,age,75020,75021,10000,1,False,10000,1,False,10000,1,False,True
5709,5,age,75027,75026,11110,1,False,11110,1,False,11110,1,False,True
5710,5,age,75027,75028,11110,1,False,11110,1,False,11110,1,False,True
5711,5,age,75029,75028,11000,1,False,11000,1,False,11000,1,False,True
5712,5,age,75029,75030,10010,3,True,10010,3,True,10010,3,True,True
5713,5,age,75092,75091,11000,1,False,11000,1,False,11000,1,False,True
5714,5,age,75092,75093,10010,3,True,10010,3,True,10010,3,True,True
5715,5,age,75155,75154,11000,1,False,11000,1,False,11000,1,False,True
5716,5,age,75155,75156,10010,3,True,10010,3,True,10010,3,True,True
5717,5,age,75216,75215,11000,1,False,11000,1,False,11000,1,False,True
5718,5,age,75216,75217,10010,3,True,10010,3,True,10010,3,True,True
5719,5,age,75218,75217,11000,1,False,11000,1,False,11000,1,False,True
5720,5,age,75218,75219,10010,3,True,10010,3,True,10010,3,True,True
5721,5,age,75279,75278,11000,1,False,11000,1,False,11000,1,False,True
5722,5,age,75279,75280,10010,3,True,10010,3,True,10010,3,True,True
5723,5,age,75281,75280,11000,1,False,11000,1,False,11000,1,False,True
5724,5,age,75281,75282,10010,3,True,10010,3,True,10010,3,True,True
5725,5,age,75335,75334,10110,3,True,10110,3,True,10110,3,True,True
5726,5,age,75335,75336,10000,1,False,10000,1,False,10000,1,False,True
5727,5,age,75342,75341,11110,1,False,11110,1,False,11110,1,False,True
5728,5,age,75342,75343,11110,1,False,11110,1,False,11110,1,False,True
5729,5,age,75344,75343,11000,1,False,11000,1,False,11000,1,False,True
5730,5,age,75344,75345,10010,3,True,10010,3,True,10010,3,True,True
5731,5,age,75407,75406,11000,1,False,11000,1,False,11000,1,False,True
5732,5,age,75407,75408,10010,3,True,10010,3,True,10010,3,True,True
5733,5,age,75470,75469,11000,1,False,11000,1,False,11000,1,False,True
5734,5,age,75470,75471,10010,3,True,10010,3,True,10010,3,True,True
5735,5,age,75531,75530,11000,1,False,11000,1,False,11000,1,False,True
5736,5,age,75531,75532,10010,3,True,10010,3,True,10010,3,True,True
5737,5,age,75533,75532,11000,1,False,11000,1,False,11000,1,False,True
5738,5,age,75533,75534,10010,3,True,10010,3,True,10010,3,True,True
5739,5,age,75594,75593,11000,1,False,11000,1,False,11000,1,False,True
5740,5,age,75594,75595,10010,3,True,10010,3,True,10010,3,True,True
5741,5,age,75596,75595,11000,1,False,11000,1,False,11000,1,False,True
5742,5,age,75596,75597,10010,3,True,10010,3,True,10010,3,True,True
5743,5,age,75650,75649,10110,3,True,10110,3,True,10110,3,True,True
5744,5,age,75650,75651,10000,1,False,10000,1,False,10000,1,False,True
5745,5,age,75657,75656,11110,1,False,11110,1,False,11110,1,False,True
5746,5,age,75657,75658,11110,1,False,11110,1,False,11110,1,False,True
5747,5,age,75659,75658,11000,1,False,11000,1,False,11000,1,False,True
5748,5,age,75659,75660,10010,3,True,10010,3,True,10010,3,True,True
5749,5,age,75722,75721,11000,1,False,11000,1,False,11000,1,False,True
5750,5,age,75722,75723,10010,3,True,10010,3,True,10010,3,True,True
5751,5,age,75785,75784,11000,1,False,11000,1,False,11000,1,False,True
5752,5,age,75785,75786,10010,3,True,10010,3,True,10010,3,True,True
5753,5,age,75848,75847,11000,1,False,11000,1,False,11000,1,False,True
5754,5,age,75848,75849,10010,3,True,10010,3,True,10010,3,True,True
5755,5,age,75911,75910,11000,1,False,11000,1,False,11000,1,False,True
5756,5,age,75911,75912,10010,3,True,10010,3,True,10010,3,True,True
5757,5,age,75965,75964,10110,3,True,10110,3,True,10110,3,True,True
5758,5,age,75965,75966,10000,1,False,10000,1,False,10000,1,False,True
5759,5,age,75972,75971,11110,1,False,11110,1,False,11110,1,False,True
5760,5,age,75972,75973,11110,1,False,11110,1,False,11110,1,False,True
5761,5,age,75974,75973,11000,1,False,11000,1,False,11000,1,False,True
5762,5,age,75974,75975,10010,3,True,10010,3,True,10010,3,True,True
5763,5,age,76037,76036,11000,1,False,11000,1,False,11000,1,False,True
5764,5,age,76037,76038,10010,3,True,10010,3,True,10010,3,True,True
5765,5,age,76100,76099,11000,1,False,11000,1,False,11000,1,False,True
5766,5,age,76100,76101,10010,3,True,10010,3,True,10010,3,True,True
5767,5,age,76163,76162,11000,1,False,11000,1,False,11000,1,False,True
5768,5,age,76163,76164,10010,3,True,10010,3,True,10010,3,True,True
5769,5,age,76226,76225,11000,1,False,11000,1,False,11000,1,False,True
5770,5,age,76226,76227,10010,3,True,10010,3,True,10010,3,True,True
5771,5,age,76280,76279,10110,3,True,10110,3,True,10110,3,True,True
5772,5,age,76280,76281,10000,1,False,10000,1,False,10000,1,False,True
5773,5,age,76287,76286,11110,1,False,11110,1,False,11110,1,False,True
5774,5,age,76287,76288,11110,1,False,11110,1,False,11110,1,False,True
5775,5,age,76289,76288,11000,1,False,11000,1,False,11000,1,False,True
5776,5,age,76289,76290,10010,3,True,10010,3,True,10010,3,True,True
5777,5,age,76352,76351,11000,1,False,11000,1,False,11000,1,False,True
5778,5,age,76352,76353,10010,3,True,10010,3,True,10010,3,True,True
5779,5,age,76415,76414,11000,1,False,11000,1,False,11000,1,False,True
5780,5,age,76415,76416,10010,3,True,10010,3,True,10010,3,True,True
5781,5,age,76478,76477,11000,1,False,11000,1,False,11000,1,False,True
5782,5,age,76478,76479,10010,3,True,10010,3,True,10010,3,True,True
5783,5,age,76541,76540,11000,1,False,11000,1,False,11000,1,False,True
5784,5,age,76541,76542,10010,3,True,10010,3,True,10010,3,True,True
5785,5,age,76595,76594,10110,3,True,10110,3,True,10110,3,True,True
5786,5,age,76595,76596,10000,1,False,10000,1,False,10000,1,False,True
5787,5,age,76602,76601,11110,1,False,11110,1,False,11110,1,False,True
5788,5,age,76602,76603,11110,1,False,11110,1,False,11110,1,False,True
5789,5,age,76604,76603,11000,1,False,11000,1,False,11000,1,False,True
5790,5,age,76604,76605,10010,3,True,10010,3,True,10010,3,True,True
5791,5,age,76667,76666,11000,1,False,11000,1,False,11000,1,False,True
5792,5,age,76667,76668,10010,3,True,10010,3,True,10010,3,True,True
5793,5,age,76730,76729,11000,1,False,11000,1,False,11000,1,False,True
5794,5,age,76730,76731,10010,3,True,10010,3,True,10010,3,True,True
5795,5,age,76791,76790,11000,1,False,11000,1,False,11000,1,False,True
5796,5,age,76791,76792,10010,3,True,10010,3,True,10010,3,True,True
5797,5,age,76793,76792,11000,1,False,11000,1,False,11000,1,False,True
5798,5,age,76793,76794,10010,3,True,10010,3,True,10010,3,True,True
5799,5,age,76854,76853,11000,1,False,11000,1,False,11000,1,False,True
5800,5,age,76854,76855,10010,3,True,10010,3,True,10010,3,True,True
5801,5,age,76856,76855,11000,1,False,11000,1,False,11000,1,False,True
5802,5,age,76856,76857,10010,3,True,10010,3,True,10010,3,True,True
5803,5,age,76910,76909,10110,3,True,10110,3,True,10110,3,True,True
5804,5,age,76910,76911,10000,1,False,10000,1,False,10000,1,False,True
5805,5,age,76917,76916,11110,1,False,11110,1,False,11110,1,False,True
5806,5,age,76917,76918,11110,1,False,11110,1,False,11110,1,False,True
5807,5,age,76919,76918,11000,1,False,11000,1,False,11000,1,False,True
5808,5,age,76919,76920,10010,3,True,10010,3,True,10010,3,True,True
5809,5,age,76982,76981,11000,1,False,11000,1,False,11000,1,False,True
5810,5,age,76982,76983,10010,3,True,10010,3,True,10010,3,True,True
5811,5,age,77045,77044,11000,1,False,11000,1,False,11000,1,False,True
5812,5,age,77045,77046,10010,3,True,10010,3,True,10010,3,True,True
5813,5,age,77106,77105,11000,1,False,11000,1,False,11000,1,False,True
5814,5,age,77106,77107,10010,3,True,10010,3,True,10010,3,True,True
5815,5,age,77108,77107,11000,1,False,11000,1,False,11000,1,False,True
5816,5,age,77108,77109,10010,3,True,10010,3,True,10010,3,True,True
5817,5,age,77169,77168,11000,1,False,11000,1,False,11000,1,False,True
5818,5,age,77169,77170,10010,3,True,10010,3,True,10010,3,True,True
5819,5,age,77171,77170,11000,1,False,11000,1,False,11000,1,False,True
5820,5,age,77171,77172,10010,3,True,10010,3,True,10010,3,True,True
5821,5,age,78170,78169,10110,3,True,10110,3,True,10110,3,True,True
5822,5,age,78170,78171,10000,1,False,10000,1,False,10000,1,False,True
5823,5,age,78177,78176,11110,1,False,11110,1,False,11110,1,False,True
5824,5,age,78177,78178,11110,1,False,11110,1,False,11110,1,False,True
5825,5,age,78179,78178,11000,1,False,11000,1,False,11000,1,False,True
5826,5,age,78179,78180,10010,3,True,10010,3,True,10010,3,True,True
5827,5,age,78242,78241,11000,1,False,11000,1,False,11000,1,False,True
5828,5,age,78242,78243,10010,3,True,10010,3,True,10010,3,True,True
5829,5,age,78305,78304,11000,1,False,11000,1,False,11000,1,False,True
5830,5,age,78305,78306,10010,3,True,10010,3,True,10010,3,True,True
5831,5,age,78366,78365,11000,1,False,11000,1,False,11000,1,False,True
5832,5,age,78366,78367,10010,3,True,10010,3,True,10010,3,True,True
5833,5,age,78368,78367,11000,1,False,11000,1,False,11000,1,False,True
5834,5,age,78368,78369,10010,3,True,10010,3,True,10010,3,True,True
5835,5,age,78429,78428,11000,1,False,11000,1,False,11000,1,False,True
5836,5,age,78429,78430,10010,3,True,10010,3,True,10010,3,True,True
5837,5,age,78431,78430,11000,1,False,11000,1,False,11000,1,False,True
5838,5,age,78431,78432,10010,3,True,10010,3,True,10010,3,True,True
5839,5,age,78485,78484,10110,3,True,10110,3,True,10110,3,True,True
5840,5,age,78485,78486,10000,1,False,10000,1,False,10000,1,False,True
5841,5,age,78492,78491,11110,1,False,11110,1,False,11110,1,False,True
5842,5,age,78492,78493,11110,1,False,11110,1,False,11110,1,False,True
5843,5,age,78494,78493,11000,1,False,11000,1,False,11000,1,False,True
5844,5,age,78494,78495,10010,3,True,10010,3,True,10010,3,True,True
5845,5,age,78557,78556,11000,1,False,11000,1,False,11000,1,False,True
5846,5,age,78557,78558,10010,3,True,10010,3,True,10010,3,True,True
5847,5,age,78620,78619,11000,1,False,11000,1,False,11000,1,False,True
5848,5,age,78620,78621,10010,3,True,10010,3,True,10010,3,True,True
5849,5,age,78681,78680,11000,1,False,11000,1,False,11000,1,False,True
5850,5,age,78681,78682,10010,3,True,10010,3,True,10010,3,True,True
5851,5,age,78683,78682,11000,1,False,11000,1,False,11000,1,False,True
5852,5,age,78683,78684,10010,3,True,10010,3,True,10010,3,True,True
5853,5,age,78744,78743,11000,1,False,11000,1,False,11000,1,False,True
5854,5,age,78744,78745,10010,3,True,10010,3,True,10010,3,True,True
5855,5,age,78746,78745,11000,1,False,11000,1,False,11000,1,False,True
5856,5,age,78746,78747,10010,3,True,10010,3,True,10010,3,True,True
5857,5,age,79745,79744,10110,3,True,10110,3,True,10110,3,True,True
5858,5,age,79745,79746,10000,1,False,10000,1,False,10000,1,False,True
5859,5,age,79752,79751,11110,1,False,11110,1,False,11110,1,False,True
5860,5,age,79752,79753,11110,1,False,11110,1,False,11110,1,False,True
5861,5,age,79754,79753,11000,1,False,11000,1,False,11000,1,False,True
5862,5,age,79754,79755,10010,3,True,10010,3,True,10010,3,True,True
5863,5,age,79817,79816,11000,1,False,11000,1,False,11000,1,False,True
5864,5,age,79817,79818,10010,3,True,10010,3,True,10010,3,True,True
5865,5,age,79880,79879,11000,1,False,11000,1,False,11000,1,False,True
5866,5,age,79880,79881,10010,3,True,10010,3,True,10010,3,True,True
5867,5,age,79943,79942,11000,1,False,11000,1,False,11000,1,False,True
5868,5,age,79943,79944,10010,3,True,10010,3,True,10010,3,True,True
5869,5,age,80006,80005,11000,1,False,11000,1,False,11000,1,False,True
5870,5,age,80006,80007,10010,3,True,10010,3,True,10010,3,True,True
5871,5,age,80060,80059,10110,3,True,10110,3,True,10110,3,True,True
5872,5,age,80060,80061,10000,1,False,10000,1,False,10000,1,False,True
5873,5,age,80067,80066,11110,1,False,11110,1,False,11110,1,False,True
5874,5,age,80067,80068,11110,1,False,11110,1,False,11110,1,False,True
5875,5,age,80069,80068,11000,1,False,11000,1,False,11000,1,False,True
5876,5,age,80069,80070,10010,3,True,10010,3,True,10010,3,True,True
5877,5,age,80132,80131,11000,1,False,11000,1,False,11000,1,False,True
5878,5,age,80132,80133,10010,3,True,10010,3,True,10010,3,True,True
5879,5,age,80195,80194,11000,1,False,11000,1,False,11000,1,False,True
5880,5,age,80195,80196,10010,3,True,10010,3,True,10010,3,True,True
5881,5,age,80258,80257,11000,1,False,11000,1,False,11000,1,False,True
5882,5,age,80258,80259,10010,3,True,10010,3,True,10010,3,True,True
5883,5,age,80321,80320,11000,1,False,11000,1,False,11000,1,False,True
5884,5,age,80321,80322,10010,3,True,10010,3,True,10010,3,True,True
5885,5,age,83721,83720,11000,1,False,11000,1,False,11000,1,False,True
5886,5,age,83721,83722,10010,3,True,10010,3,True,10010,3,True,True
5887,5,age,83784,83783,11000,1,False,11000,1,False,11000,1,False,True
5888,5,age,83784,83785,10010,3,True,10010,3,True,10010,3,True,True
5889,5,age,84036,84035,11000,1,False,11000,1,False,11000,1,False,True
5890,5,age,84036,84037,10010,3,True,10010,3,True,10010,3,True,True
5891,5,age,84099,84098,11000,1,False,11000,1,False,11000,1,False,True
5892,5,age,84099,84100,10010,3,True,10010,3,True,10010,3,True,True
5893,5,age,84351,84350,11000,1,False,11000,1,False,11000,1,False,True
5894,5,age,84351,84352,10010,3,True,10010,3,True,10010,3,True,True
5895,5,age,84414,84413,11000,1,False,11000,1,False,11000,1,False,True
5896,5,age,84414,84415,10010,3,True,10010,3,True,10010,3,True,True
5897,5,age,84666,84665,11000,1,False,11000,1,False,11000,1,False,True
5898,5,age,84666,84667,10010,3,True,10010,3,True,10010,3,True,True
5899,5,age,84729,84728,11000,1,False,11000,1,False,11000,1,False,True
5900,5,age,84729,84730,10010,3,True,10010,3,True,10010,3,True,True
5901,5,age,84981,84980,11000,1,False,11000,1,False,11000,1,False,True
5902,5,age,84981,84982,10010,3,True,10010,3,True,10010,3,True,True
5903,5,age,85044,85043,11000,1,False,11000,1,False,11000,1,False,True
5904,5,age,85044,85045,10010,3,True,10010,3,True,10010,3,True,True
5905,5,age,85100,85099,10110,3,True,10110,3,True,10110,3,True,True
5906,5,age,85100,85101,10000,1,False,10000,1,False,10000,1,False,True
5907,5,age,85107,85106,11110,1,False,11110,1,False,11110,1,False,True
5908,5,age,85107,85108,11110,1,False,11110,1,False,11110,1,False,True
5909,5,age,85109,85108,11000,1,False,11000,1,False,11000,1,False,True
5910,5,age,85109,85110,10010,3,True,10010,3,True,10010,3,True,True
5911,5,age,85172,85171,11000,1,False,11000,1,False,11000,1,False,True
5912,5,age,85172,85173,10010,3,True,10010,3,True,10010,3,True,True
5913,5,age,85235,85234,11000,1,False,11000,1,False,11000,1,False,True
5914,5,age,85235,85236,10010,3,True,10010,3,True,10010,3,True,True
5915,5,age,85296,85295,11000,1,False,11000,1,False,11000,1,False,True
5916,5,age,85296,85297,10010,3,True,10010,3,True,10010,3,True,True
5917,5,age,85298,85297,11000,1,False,11000,1,False,11000,1,False,True
5918,5,age,85298,85299,10010,3,True,10010,3,True,10010,3,True,True
5919,5,age,85359,85358,11000,1,False,11000,1,False,11000,1,False,True
5920,5,age,85359,85360,10010,3,True,10010,3,True,10010,3,True,True
5921,5,age,85361,85360,11000,1,False,11000,1,False,11000,1,False,True
5922,5,age,85361,85362,10010,3,True,10010,3,True,10010,3,True,True
5923,5,age,85415,85414,10110,3,True,10110,3,True,10110,3,True,True
5924,5,age,85415,85416,10000,1,False,10000,1,False,10000,1,False,True
5925,5,age,85422,85421,11110,1,False,11110,1,False,11110,1,False,True
5926,5,age,85422,85423,11110,1,False,11110,1,False,11110,1,False,True
5927,5,age,85424,85423,11000,1,False,11000,1,False,11000,1,False,True
5928,5,age,85424,85425,10010,3,True,10010,3,True,10010,3,True,True
5929,5,age,85487,85486,11000,1,False,11000,1,False,11000,1,False,True
5930,5,age,85487,85488,10010,3,True,10010,3,True,10010,3,True,True
5931,5,age,85550,85549,11000,1,False,11000,1,False,11000,1,False,True
5932,5,age,85550,85551,10010,3,True,10010,3,True,10010,3,True,True
5933,5,age,85611,85610,11000,1,False,11000,1,False,11000,1,False,True
5934,5,age,85611,85612,10010,3,True,10010,3,True,10010,3,True,True
5935,5,age,85613,85612,11000,1,False,11000,1,False,11000,1,False,True
5936,5,age,85613,85614,10010,3,True,10010,3,True,10010,3,True,True
5937,5,age,85674,85673,11000,1,False,11000,1,False,11000,1,False,True
5938,5,age,85674,85675,10010,3,True,10010,3,True,10010,3,True,True
5939,5,age,85676,85675,11000,1,False,11000,1,False,11000,1,False,True
5940,5,age,85676,85677,10010,3,True,10010,3,True,10010,3,True,True
5941,5,age,85730,85729,10110,3,True,10110,3,True,10110,3,True,True
5942,5,age,85730,85731,10000,1,False,10000,1,False,10000,1,False,True
5943,5,age,85737,85736,11110,1,False,11110,1,False,11110,1,False,True
5944,5,age,85737,85738,11110,1,False,11110,1,False,11110,1,False,True
5945,5,age,85739,85738,11000,1,False,11000,1,False,11000,1,False,True
5946,5,age,85739,85740,10010,3,True,10010,3,True,10010,3,True,True
5947,5,age,85802,85801,11000,1,False,11000,1,False,11000,1,False,True
5948,5,age,85802,85803,10010,3,True,10010,3,True,10010,3,True,True
5949,5,age,85865,85864,11000,1,False,11000,1,False,11000,1,False,True
5950,5,age,85865,85866,10010,3,True,10010,3,True,10010,3,True,True
5951,5,age,85926,85925,11000,1,False,11000,1,False,11000,1,False,True
5952,5,age,85926,85927,10010,3,True,10010,3,True,10010,3,True,True
5953,5,age,85928,85927,11000,1,False,11000,1,False,11000,1,False,True
5954,5,age,85928,85929,10010,3,True,10010,3,True,10010,3,True,True
5955,5,age,85989,85988,11000,1,False,11000,1,False,11000,1,False,True
5956,5,age,85989,85990,10010,3,True,10010,3,True,10010,3,True,True
5957,5,age,85991,85990,11000,1,False,11000,1,False,11000,1,False,True
5958,5,age,85991,85992,10010,3,True,10010,3,True,10010,3,True,True
5959,5,age,86045,86044,10110,3,True,10110,3,True,10110,3,True,True
5960,5,age,86045,86046,10000,1,False,10000,1,False,10000,1,False,True
5961,5,age,86052,86051,11110,1,False,11110,1,False,11110,1,False,True
5962,5,age,86052,86053,11110,1,False,11110,1,False,11110,1,False,True
5963,5,age,86054,86053,11000,1,False,11000,1,False,11000,1,False,True
5964,5,age,86054,86055,10010,3,True,10010,3,True,10010,3,True,True
5965,5,age,86117,86116,11000,1,False,11000,1,False,11000,1,False,True
5966,5,age,86117,86118,10010,3,True,10010,3,True,10010,3,True,True
5967,5,age,86180,86179,11000,1,False,11000,1,False,11000,1,False,True
5968,5,age,86180,86181,10010,3,True,10010,3,True,10010,3,True,True
5969,5,age,86241,86240,11000,1,False,11000,1,False,11000,1,False,True
5970,5,age,86241,86242,10010,3,True,10010,3,True,10010,3,True,True
5971,5,age,86243,86242,11000,1,False,11000,1,False,11000,1,False,True
5972,5,age,86243,86244,10010,3,True,10010,3,True,10010,3,True,True
5973,5,age,86304,86303,11000,1,False,11000,1,False,11000,1,False,True
5974,5,age,86304,86305,10010,3,True,10010,3,True,10010,3,True,True
5975,5,age,86306,86305,11000,1,False,11000,1,False,11000,1,False,True
5976,5,age,86306,86307,10010,3,True,10010,3,True,10010,3,True,True
5977,5,age,86360,86359,10110,3,True,10110,3,True,10110,3,True,True
5978,5,age,86360,86361,10000,1,False,10000,1,False,10000,1,False,True
5979,5,age,86367,86366,11110,1,False,11110,1,False,11110,1,False,True
5980,5,age,86367,86368,11110,1,False,11110,1,False,11110,1,False,True
5981,5,age,86369,86368,11000,1,False,11000,1,False,11000,1,False,True
5982,5,age,86369,86370,10010,3,True,10010,3,True,10010,3,True,True
5983,5,age,86432,86431,11000,1,False,11000,1,False,11000,1,False,True
5984,5,age,86432,86433,10010,3,True,10010,3,True,10010,3,True,True
5985,5,age,86495,86494,11000,1,False,11000,1,False,11000,1,False,True
5986,5,age,86495,86496,10010,3,True,10010,3,True,10010,3,True,True
5987,5,age,86556,86555,11000,1,False,11000,1,False,11000,1,False,True
5988,5,age,86556,86557,10010,3,True,10010,3,True,10010,3,True,True
5989,5,age,86558,86557,11000,1,False,11000,1,False,11000,1,False,True
5990,5,age,86558,86559,10010,3,True,10010,3,True,10010,3,True,True
5991,5,age,86619,86618,11000,1,False,11000,1,False,11000,1,False,True
5992,5,age,86619,86620,10010,3,True,10010,3,True,10010,3,True,True
5993,5,age,86621,86620,11000,1,False,11000,1,False,11000,1,False,True
5994,5,age,86621,86622,10010,3,True,10010,3,True,10010,3,True,True
5995,5,age,86675,86674,10110,3,True,10110,3,True,10110,3,True,True
5996,5,age,86675,86676,10000,1,False,10000,1,False,10000,1,False,True
5997,5,age,86682,86681,11110,1,False,11110,1,False,11110,1,False,True
5998,5,age,86682,86683,11110,1,False,11110,1,False,11110,1,False,True
5999,5,age,86684,86683,11000,1,False,11000,1,False,11000,1,False,True
6000,5,age,86684,86685,10010,3,True,10010,3,True,10010,3,True,True
6001,5,age,86747,86746,11000,1,False,11000,1,False,11000,1,False,True
6002,5,age,86747,86748,10010,3,True,10010,3,True,10010,3,True,True
6003,5,age,86810,86809,11000,1,False,11000,1,False,11000,1,False,True
6004,5,age,86810,86811,10010,3,True,10010,3,True,10010,3,True,True
6005,5,age,86871,86870,11000,1,False,11000,1,False,11000,1,False,True
6006,5,age,86871,86872,10010,3,True,10010,3,True,10010,3,True,True
6007,5,age,86873,86872,11000,1,False,11000,1,False,11000,1,False,True
6008,5,age,86873,86874,10010,3,True,10010,3,True,10010,3,True,True
6009,5,age,86934,86933,11000,1,False,11000,1,False,11000,1,False,True
6010,5,age,86934,86935,10010,3,True,10010,3,True,10010,3,True,True
6011,5,age,86936,86935,11000,1,False,11000,1,False,11000,1,False,True
6012,5,age,86936,86937,10010,3,True,10010,3,True,10010,3,True,True
6013,5,age,86990,86989,10110,3,True,10110,3,True,10110,3,True,True
6014,5,age,86990,86991,10000,1,False,10000,1,False,10000,1,False,True
6015,5,age,86997,86996,11110,1,False,11110,1,False,11110,1,False,True
6016,5,age,86997,86998,11110,1,False,11110,1,False,11110,1,False,True
6017,5,age,86999,86998,11000,1,False,11000,1,False,11000,1,False,True
6018,5,age,86999,87000,10010,3,True,10010,3,True,10010,3,True,True
6019,5,age,87062,87061,11000,1,False,11000,1,False,11000,1,False,True
6020,5,age,87062,87063,10010,3,True,10010,3,True,10010,3,True,True
6021,5,age,87125,87124,11000,1,False,11000,1,False,11000,1,False,True
6022,5,age,87125,87126,10010,3,True,10010,3,True,10010,3,True,True
6023,5,age,87186,87185,11000,1,False,11000,1,False,11000,1,False,True
6024,5,age,87186,87187,10010,3,True,10010,3,True,10010,3,True,True
6025,5,age,87188,87187,11000,1,False,11000,1,False,11000,1,False,True
6026,5,age,87188,87189,10010,3,True,10010,3,True,10010,3,True,True
6027,5,age,87249,87248,11000,1,False,11000,1,False,11000,1,False,True
6028,5,age,87249,87250,10010,3,True,10010,3,True,10010,3,True,True
6029,5,age,87251,87250,11000,1,False,11000,1,False,11000,1,False,True
6030,5,age,87251,87252,10010,3,True,10010,3,True,10010,3,True,True
6031,5,age,87305,87304,10110,3,True,10110,3,True,10110,3,True,True
6032,5,age,87305,87306,10000,1,False,10000,1,False,10000,1,False,True
6033,5,age,87312,87311,11110,1,False,11110,1,False,11110,1,False,True
6034,5,age,87312,87313,11110,1,False,11110,1,False,11110,1,False,True
6035,5,age,87314,87313,11000,1,False,11000,1,False,11000,1,False,True
6036,5,age,87314,87315,10010,3,True,10010,3,True,10010,3,True,True
6037,5,age,87377,87376,11000,1,False,11000,1,False,11000,1,False,True
6038,5,age,87377,87378,10010,3,True,10010,3,True,10010,3,True,True
6039,5,age,87440,87439,11000,1,False,11000,1,False,11000,1,False,True
6040,5,age,87440,87441,10010,3,True,10010,3,True,10010,3,True,True
6041,5,age,87501,87500,11000,1,False,11000,1,False,11000,1,False,True
6042,5,age,87501,87502,10010,3,True,10010,3,True,10010,3,True,True
6043,5,age,87503,87502,11000,1,False,11000,1,False,11000,1,False,True
6044,5,age,87503,87504,10010,3,True,10010,3,True,10010,3,True,True
6045,5,age,87564,87563,11000,1,False,11000,1,False,11000,1,False,True
6046,5,age,87564,87565,10010,3,True,10010,3,True,10010,3,True,True
6047,5,age,87566,87565,11000,1,False,11000,1,False,11000,1,False,True
6048,5,age,87566,87567,10010,3,True,10010,3,True,10010,3,True,True
6049,5,age,87620,87619,10110,3,True,10110,3,True,10110,3,True,True
6050,5,age,87620,87621,10000,1,False,10000,1,False,10000,1,False,True
6051,5,age,87627,87626,11110,1,False,11110,1,False,11110,1,False,True
6052,5,age,87627,87628,11110,1,False,11110,1,False,11110,1,False,True
6053,5,age,87629,87628,11000,1,False,11000,1,False,11000,1,False,True
6054,5,age,87629,87630,10010,3,True,10010,3,True,10010,3,True,True
6055,5,age,87692,87691,11000,1,False,11000,1,False,11000,1,False,True
6056,5,age,87692,87693,10010,3,True,10010,3,True,10010,3,True,True
6057,5,age,87755,87754,11000,1,False,11000,1,False,11000,1,False,True
6058,5,age,87755,87756,10010,3,True,10010,3,True,10010,3,True,True
6059,5,age,87816,87815,11000,1,False,11000,1,False,11000,1,False,True
6060,5,age,87816,87817,10010,3,True,10010,3,True,10010,3,True,True
6061,5,age,87818,87817,11000,1,False,11000,1,False,11000,1,False,True
6062,5,age,87818,87819,10010,3,True,10010,3,True,10010,3,True,True
6063,5,age,87879,87878,11000,1,False,11000,1,False,11000,1,False,True
6064,5,age,87879,87880,10010,3,True,10010,3,True,10010,3,True,True
6065,5,age,87881,87880,11000,1,False,11000,1,False,11000,1,False,True
6066,5,age,87881,87882,10010,3,True,10010,3,True,10010,3,True,True
6067,5,age,87935,87934,10110,3,True,10110,3,True,10110,3,True,True
6068,5,age,87935,87936,10000,1,False,10000,1,False,10000,1,False,True
6069,5,age,87942,87941,11110,1,False,11110,1,False,11110,1,False,True
6070,5,age,87942,87943,11110,1,False,11110,1,False,11110,1,False,True
6071,5,age,87944,87943,11000,1,False,11000,1,False,11000,1,False,True
6072,5,age,87944,87945,10010,3,True,10010,3,True,10010,3,True,True
6073,5,age,88007,88006,11000,1,False,11000,1,False,11000,1,False,True
6074,5,age,88007,88008,10010,3,True,10010,3,True,10010,3,True,True
6075,5,age,88070,88069,11000,1,False,11000,1,False,11000,1,False,True
6076,5,age,88070,88071,10010,3,True,10010,3,True,10010,3,True,True
6077,5,age,88131,88130,11000,1,False,11000,1,False,11000,1,False,True
6078,5,age,88131,88132,10010,3,True,10010,3,True,10010,3,True,True
6079,5,age,88133,88132,11000,1,False,11000,1,False,11000,1,False,True
6080,5,age,88133,88134,10010,3,True,10010,3,True,10010,3,True,True
6081,5,age,88194,88193,11000,1,False,11000,1,False,11000,1,False,True
6082,5,age,88194,88195,10010,3,True,10010,3,True,10010,3,True,True
6083,5,age,88196,88195,11000,1,False,11000,1,False,11000,1,False,True
6084,5,age,88196,88197,10010,3,True,10010,3,True,10010,3,True,True
6085,5,age,88250,88249,10110,3,True,10110,3,True,10110,3,True,True
6086,5,age,88250,88251,10000,1,False,10000,1,False,10000,1,False,True
6087,5,age,88257,88256,11110,1,False,11110,1,False,11110,1,False,True
6088,5,age,88257,88258,11110,1,False,11110,1,False,11110,1,False,True
6089,5,age,88259,88258,11000,1,False,11000,1,False,11000,1,False,True
6090,5,age,88259,88260,10010,3,True,10010,3,True,10010,3,True,True
6091,5,age,88322,88321,11000,1,False,11000,1,False,11000,1,False,True
6092,5,age,88322,88323,10010,3,True,10010,3,True,10010,3,True,True
6093,5,age,88385,88384,11000,1,False,11000,1,False,11000,1,False,True
6094,5,age,88385,88386,10010,3,True,10010,3,True,10010,3,True,True
6095,5,age,88446,88445,11000,1,False,11000,1,False,11000,1,False,True
6096,5,age,88446,88447,10010,3,True,10010,3,True,10010,3,True,True
6097,5,age,88448,88447,11000,1,False,11000,1,False,11000,1,False,True
6098,5,age,88448,88449,10010,3,True,10010,3,True,10010,3,True,True
6099,5,age,88509,88508,11000,1,False,11000,1,False,11000,1,False,True
6100,5,age,88509,88510,10010,3,True,10010,3,True,10010,3,True,True
6101,5,age,88511,88510,11000,1,False,11000,1,False,11000,1,False,True
6102,5,age,88511,88512,10010,3,True,10010,3,True,10010,3,True,True
6103,5,age,88565,88564,10110,3,True,10110,3,True,10110,3,True,True
6104,5,age,88565,88566,10000,1,False,10000,1,False,10000,1,False,True
6105,5,age,88572,88571,11110,1,False,11110,1,False,11110,1,False,True
6106,5,age,88572,88573,11110,1,False,11110,1,False,11110,1,False,True
6107,5,age,88574,88573,11000,1,False,11000,1,False,11000,1,False,True
6108,5,age,88574,88575,10010,3,True,10010,3,True,10010,3,True,True
6109,5,age,88637,88636,11000,1,False,11000,1,False,11000,1,False,True
6110,5,age,88637,88638,10010,3,True,10010,3,True,10010,3,True,True
6111,5,age,88700,88699,11000,1,False,11000,1,False,11000,1,False,True
6112,5,age,88700,88701,10010,3,True,10010,3,True,10010,3,True,True
6113,5,age,88761,88760,11000,1,False,11000,1,False,11000,1,False,True
6114,5,age,88761,88762,10010,3,True,10010,3,True,10010,3,True,True
6115,5,age,88763,88762,11000,1,False,11000,1,False,11000,1,False,True
6116,5,age,88763,88764,10010,3,True,10010,3,True,10010,3,True,True
6117,5,age,88824,88823,11000,1,False,11000,1,False,11000,1,False,True
6118,5,age,88824,88825,10010,3,True,10010,3,True,10010,3,True,True
6119,5,age,88826,88825,11000,1,False,11000,1,False,11000,1,False,True
6120,5,age,88826,88827,10010,3,True,10010,3,True,10010,3,True,True
6121,5,age,88880,88879,10110,3,True,10110,3,True,10110,3,True,True
6122,5,age,88880,88881,10000,1,False,10000,1,False,10000,1,False,True
6123,5,age,88887,88886,11110,1,False,11110,1,False,11110,1,False,True
6124,5,age,88887,88888,11110,1,False,11110,1,False,11110,1,False,True
6125,5,age,88889,88888,11000,1,False,11000,1,False,11000,1,False,True
6126,5,age,88889,88890,10010,3,True,10010,3,True,10010,3,True,True
6127,5,age,88952,88951,11000,1,False,11000,1,False,11000,1,False,True
6128,5,age,88952,88953,10010,3,True,10010,3,True,10010,3,True,True
6129,5,age,89015,89014,11000,1,False,11000,1,False,11000,1,False,True
6130,5,age,89015,89016,10010,3,True,10010,3,True,10010,3,True,True
6131,5,age,89076,89075,11000,1,False,11000,1,False,11000,1,False,True
6132,5,age,89076,89077,10010,3,True,10010,3,True,10010,3,True,True
6133,5,age,89078,89077,11000,1,False,11000,1,False,11000,1,False,True
6134,5,age,89078,89079,10010,3,True,10010,3,True,10010,3,True,True
6135,5,age,89139,89138,11000,1,False,11000,1,False,11000,1,False,True
6136,5,age,89139,89140,10010,3,True,10010,3,True,10010,3,True,True
6137,5,age,89141,89140,11000,1,False,11000,1,False,11000,1,False,True
6138,5,age,89141,89142,10010,3,True,10010,3,True,10010,3,True,True
6139,5,age,89195,89194,10110,3,True,10110,3,True,10110,3,True,True
6140,5,age,89195,89196,10000,1,False,10000,1,False,10000,1,False,True
6141,5,age,89202,89201,11110,1,False,11110,1,False,11110,1,False,True
6142,5,age,89202,89203,11110,1,False,11110,1,False,11110,1,False,True
6143,5,age,89204,89203,11000,1,False,11000,1,False,11000,1,False,True
6144,5,age,89204,89205,10010,3,True,10010,3,True,10010,3,True,True
6145,5,age,89267,89266,11000,1,False,11000,1,False,11000,1,False,True
6146,5,age,89267,89268,10010,3,True,10010,3,True,10010,3,True,True
6147,5,age,89330,89329,11000,1,False,11000,1,False,11000,1,False,True
6148,5,age,89330,89331,10010,3,True,10010,3,True,10010,3,True,True
6149,5,age,89391,89390,11000,1,False,11000,1,False,11000,1,False,True
6150,5,age,89391,89392,10010,3,True,10010,3,True,10010,3,True,True
6151,5,age,89393,89392,11000,1,False,11000,1,False,11000,1,False,True
6152,5,age,89393,89394,10010,3,True,10010,3,True,10010,3,True,True
6153,5,age,89454,89453,11000,1,False,11000,1,False,11000,1,False,True
6154,5,age,89454,89455,10010,3,True,10010,3,True,10010,3,True,True
6155,5,age,89456,89455,11000,1,False,11000,1,False,11000,1,False,True
6156,5,age,89456,89457,10010,3,True,10010,3,True,10010,3,True,True
6157,5,age,89510,89509,10110,3,True,10110,3,True,10110,3,True,True
6158,5,age,89510,89511,10000,1,False,10000,1,False,10000,1,False,True
6159,5,age,89517,89516,11110,1,False,11110,1,False,11110,1,False,True
6160,5,age,89517,89518,11110,1,False,11110,1,False,11110,1,False,True
6161,5,age,89519,89518,11000,1,False,11000,1,False,11000,1,False,True
6162,5,age,89519,89520,10010,3,True,10010,3,True,10010,3,True,True
6163,5,age,89582,89581,11000,1,False,11000,1,False,11000,1,False,True
6164,5,age,89582,89583,10010,3,True,10010,3,True,10010,3,True,True
6165,5,age,89645,89644,11000,1,False,11000,1,False,11000,1,False,True
6166,5,age,89645,89646,10010,3,True,10010,3,True,10010,3,True,True
6167,5,age,89706,89705,11000,1,False,11000,1,False,11000,1,False,True
6168,5,age,89706,89707,10010,3,True,10010,3,True,10010,3,True,True
6169,5,age,89708,89707,11000,1,False,11000,1,False,11000,1,False,True
6170,5,age,89708,89709,10010,3,True,10010,3,True,10010,3,True,True
6171,5,age,89769,89768,11000,1,False,11000,1,False,11000,1,False,True
6172,5,age,89769,89770,10010,3,True,10010,3,True,10010,3,True,True
6173,5,age,89771,89770,11000,1,False,11000,1,False,11000,1,False,True
6174,5,age,89771,89772,10010,3,True,10010,3,True,10010,3,True,True
6175,5,age,89825,89824,10110,3,True,10110,3,True,10110,3,True,True
6176,5,age,89825,89826,10000,1,False,10000,1,False,10000,1,False,True
6177,5,age,89832,89831,11110,1,False,11110,1,False,11110,1,False,True
6178,5,age,89832,89833,11110,1,False,11110,1,False,11110,1,False,True
6179,5,age,89834,89833,11000,1,False,11000,1,False,11000,1,False,True
6180,5,age,89834,89835,10010,3,True,10010,3,True,10010,3,True,True
6181,5,age,89897,89896,11000,1,False,11000,1,False,11000,1,False,True
6182,5,age,89897,89898,10010,3,True,10010,3,True,10010,3,True,True
6183,5,age,89960,89959,11000,1,False,11000,1,False,11000,1,False,True
6184,5,age,89960,89961,10010,3,True,10010,3,True,10010,3,True,True
6185,5,age,90021,90020,11000,1,False,11000,1,False,11000,1,False,True
6186,5,age,90021,90022,10010,3,True,10010,3,True,10010,3,True,True
6187,5,age,90023,90022,11000,1,False,11000,1,False,11000,1,False,True
6188,5,age,90023,90024,10010,3,True,10010,3,True,10010,3,True,True
6189,5,age,90084,90083,11000,1,False,11000,1,False,11000,1,False,True
6190,5,age,90084,90085,10010,3,True,10010,3,True,10010,3,True,True
6191,5,age,90086,90085,11000,1,False,11000,1,False,11000,1,False,True
6192,5,age,90086,90087,10010,3,True,10010,3,True,10010,3,True,True
6193,5,age,90140,90139,10110,3,True,10110,3,True,10110,3,True,True
6194,5,age,90140,90141,10000,1,False,10000,1,False,10000,1,False,True
6195,5,age,90147,90146,11110,1,False,11110,1,False,11110,1,False,True
6196,5,age,90147,90148,11110,1,False,11110,1,False,11110,1,False,True
6197,5,age,90149,90148,11000,1,False,11000,1,False,11000,1,False,True
6198,5,age,90149,90150,10010,3,True,10010,3,True,10010,3,True,True
6199,5,age,90212,90211,11000,1,False,11000,1,False,11000,1,False,True
6200,5,age,90212,90213,10010,3,True,10010,3,True,10010,3,True,True
6201,5,age,90275,90274,11000,1,False,11000,1,False,11000,1,False,True
6202,5,age,90275,90276,10010,3,True,10010,3,True,10010,3,True,True
6203,5,age,90336,90335,11000,1,False,11000,1,False,11000,1,False,True
6204,5,age,90336,90337,10010,3,True,10010,3,True,10010,3,True,True
6205,5,age,90338,90337,11000,1,False,11000,1,False,11000,1,False,True
6206,5,age,90338,90339,10010,3,True,10010,3,True,10010,3,True,True
6207,5,age,90399,90398,11000,1,False,11000,1,False,11000,1,False,True
6208,5,age,90399,90400,10010,3,True,10010,3,True,10010,3,True,True
6209,5,age,90401,90400,11000,1,False,11000,1,False,11000,1,False,True
6210,5,age,90401,90402,10010,3,True,10010,3,True,10010,3,True,True
6211,5,age,90455,90454,10110,3,True,10110,3,True,10110,3,True,True
6212,5,age,90455,90456,10000,1,False,10000,1,False,10000,1,False,True
6213,5,age,90462,90461,11110,1,False,11110,1,False,11110,1,False,True
6214,5,age,90462,90463,11110,1,False,11110,1,False,11110,1,False,True
6215,5,age,90464,90463,11000,1,False,11000,1,False,11000,1,False,True
6216,5,age,90464,90465,10010,3,True,10010,3,True,10010,3,True,True
6217,5,age,90527,90526,11000,1,False,11000,1,False,11000,1,False,True
6218,5,age,90527,90528,10010,3,True,10010,3,True,10010,3,True,True
6219,5,age,90590,90589,11000,1,False,11000,1,False,11000,1,False,True
6220,5,age,90590,90591,10010,3,True,10010,3,True,10010,3,True,True
6221,5,age,90651,90650,11000,1,False,11000,1,False,11000,1,False,True
6222,5,age,90651,90652,10010,3,True,10010,3,True,10010,3,True,True
6223,5,age,90653,90652,11000,1,False,11000,1,False,11000,1,False,True
6224,5,age,90653,90654,10010,3,True,10010,3,True,10010,3,True,True
6225,5,age,90714,90713,11000,1,False,11000,1,False,11000,1,False,True
6226,5,age,90714,90715,10010,3,True,10010,3,True,10010,3,True,True
6227,5,age,90716,90715,11000,1,False,11000,1,False,11000,1,False,True
6228,5,age,90716,90717,10010,3,True,10010,3,True,10010,3,True,True
6229,5,age,90770,90769,10110,3,True,10110,3,True,10110,3,True,True
6230,5,age,90770,90771,10000,1,False,10000,1,False,10000,1,False,True
6231,5,age,90777,90776,11110,1,False,11110,1,False,11110,1,False,True
6232,5,age,90777,90778,11110,1,False,11110,1,False,11110,1,False,True
6233,5,age,90779,90778,11000,1,False,11000,1,False,11000,1,False,True
6234,5,age,90779,90780,10010,3,True,10010,3,True,10010,3,True,True
6235,5,age,90842,90841,11000,1,False,11000,1,False,11000,1,False,True
6236,5,age,90842,90843,10010,3,True,10010,3,True,10010,3,True,True
6237,5,age,90905,90904,11000,1,False,11000,1,False,11000,1,False,True
6238,5,age,90905,90906,10010,3,True,10010,3,True,10010,3,True,True
6239,5,age,90966,90965,11000,1,False,11000,1,False,11000,1,False,True
6240,5,age,90966,90967,10010,3,True,10010,3,True,10010,3,True,True
6241,5,age,90968,90967,11000,1,False,11000,1,False,11000,1,False,True
6242,5,age,90968,90969,10010,3,True,10010,3,True,10010,3,True,True
6243,5,age,91029,91028,11000,1,False,11000,1,False,11000,1,False,True
6244,5,age,91029,91030,10010,3,True,10010,3,True,10010,3,True,True
6245,5,age,91031,91030,11000,1,False,11000,1,False,11000,1,False,True
6246,5,age,91031,91032,10010,3,True,10010,3,True,10010,3,True,True
6247,5,age,91085,91084,10110,3,True,10110,3,True,10110,3,True,True
6248,5,age,91085,91086,10000,1,False,10000,1,False,10000,1,False,True
6249,5,age,91092,91091,11110,1,False,11110,1,False,11110,1,False,True
6250,5,age,91092,91093,11110,1,False,11110,1,False,11110,1,False,True
6251,5,age,91094,91093,11000,1,False,11000,1,False,11000,1,False,True
6252,5,age,91094,91095,10010,3,True,10010,3,True,10010,3,True,True
6253,5,age,91157,91156,11000,1,False,11000,1,False,11000,1,False,True
6254,5,age,91157,91158,10010,3,True,10010,3,True,10010,3,True,True
6255,5,age,91220,91219,11000,1,False,11000,1,False,11000,1,False,True
6256,5,age,91220,91221,10010,3,True,10010,3,True,10010,3,True,True
6257,5,age,91281,91280,11000,1,False,11000,1,False,11000,1,False,True
6258,5,age,91281,91282,10010,3,True,10010,3,True,10010,3,True,True
6259,5,age,91283,91282,11000,1,False,11000,1,False,11000,1,False,True
6260,5,age,91283,91284,10010,3,True,10010,3,True,10010,3,True,True
6261,5,age,91344,91343,11000,1,False,11000,1,False,11000,1,False,True
6262,5,age,91344,91345,10010,3,True,10010,3,True,10010,3,True,True
6263,5,age,91346,91345,11000,1,False,11000,1,False,11000,1,False,True
6264,5,age,91346,91347,10010,3,True,10010,3,True,10010,3,True,True
6265,5,age,91400,91399,10110,3,True,10110,3,True,10110,3,True,True
6266,5,age,91400,91401,10000,1,False,10000,1,False,10000,1,False,True
6267,5,age,91407,91406,11110,1,False,11110,1,False,11110,1,False,True
6268,5,age,91407,91408,11110,1,False,11110,1,False,11110,1,False,True
6269,5,age,91409,91408,11000,1,False,11000,1,False,11000,1,False,True
6270,5,age,91409,91410,10010,3,True,10010,3,True,10010,3,True,True
6271,5,age,91472,91471,11000,1,False,11000,1,False,11000,1,False,True
6272,5,age,91472,91473,10010,3,True,10010,3,True,10010,3,True,True
6273,5,age,91535,91534,11000,1,False,11000,1,False,11000,1,False,True
6274,5,age,91535,91536,10010,3,True,10010,3,True,10010,3,True,True
6275,5,age,91596,91595,11000,1,False,11000,1,False,11000,1,False,True
6276,5,age,91596,91597,10010,3,True,10010,3,True,10010,3,True,True
6277,5,age,91598,91597,11000,1,False,11000,1,False,11000,1,False,True
6278,5,age,91598,91599,10010,3,True,10010,3,True,10010,3,True,True
6279,5,age,91659,91658,11000,1,False,11000,1,False,11000,1,False,True
6280,5,age,91659,91660,10010,3,True,10010,3,True,10010,3,True,True
6281,5,age,91661,91660,11000,1,False,11000,1,False,11000,1,False,True
6282,5,age,91661,91662,10010,3,True,10010,3,True,10010,3,True,True
6283,5,age,91715,91714,10110,3,True,10110,3,True,10110,3,True,True
6284,5,age,91715,91716,10000,1,False,10000,1,False,10000,1,False,True
6285,5,age,91722,91721,11110,1,False,11110,1,False,11110,1,False,True
6286,5,age,91722,91723,11110,1,False,11110,1,False,11110,1,False,True
6287,5,age,91724,91723,11000,1,False,11000,1,False,11000,1,False,True
6288,5,age,91724,91725,10010,3,True,10010,3,True,10010,3,True,True
6289,5,age,91787,91786,11000,1,False,11000,1,False,11000,1,False,True
6290,5,age,91787,91788,10010,3,True,10010,3,True,10010,3,True,True
6291,5,age,91850,91849,11000,1,False,11000,1,False,11000,1,False,True
6292,5,age,91850,91851,10010,3,True,10010,3,True,10010,3,True,True
6293,5,age,91911,91910,11000,1,False,11000,1,False,11000,1,False,True
6294,5,age,91911,91912,10010,3,True,10010,3,True,10010,3,True,True
6295,5,age,91913,91912,11000,1,False,11000,1,False,11000,1,False,True
6296,5,age,91913,91914,10010,3,True,10010,3,True,10010,3,True,True
6297,5,age,91974,91973,11000,1,False,11000,1,False,11000,1,False,True
6298,5,age,91974,91975,10010,3,True,10010,3,True,10010,3,True,True
6299,5,age,91976,91975,11000,1,False,11000,1,False,11000,1,False,True
6300,5,age,91976,91977,10010,3,True,10010,3,True,10010,3,True,True
6301,5,age,92030,92029,10110,3,True,10110,3,True,10110,3,True,True
6302,5,age,92030,92031,10000,1,False,10000,1,False,10000,1,False,True
6303,5,age,92037,92036,11110,1,False,11110,1,False,11110,1,False,True
6304,5,age,92037,92038,11110,1,False,11110,1,False,11110,1,False,True
6305,5,age,92039,92038,11000,1,False,11000,1,False,11000,1,False,True
6306,5,age,92039,92040,10010,3,True,10010,3,True,10010,3,True,True
6307,5,age,92102,92101,11000,1,False,11000,1,False,11000,1,False,True
6308,5,age,92102,92103,10010,3,True,10010,3,True,10010,3,True,True
6309,5,age,92165,92164,11000,1,False,11000,1,False,11000,1,False,True
6310,5,age,92165,92166,10010,3,True,10010,3,True,10010,3,True,True
6311,5,age,92226,92225,11000,1,False,11000,1,False,11000,1,False,True
6312,5,age,92226,92227,10010,3,True,10010,3,True,10010,3,True,True
6313,5,age,92228,92227,11000,1,False,11000,1,False,11000,1,False,True
6314,5,age,92228,92229,10010,3,True,10010,3,True,10010,3,True,True
6315,5,age,92289,92288,11000,1,False,11000,1,False,11000,1,False,True
6316,5,age,92289,92290,10010,3,True,10010,3,True,10010,3,True,True
6317,5,age,92291,92290,11000,1,False,11000,1,False,11000,1,False,True
6318,5,age,92291,92292,10010,3,True,10010,3,True,10010,3,True,True
6319,5,age,92345,92344,10110,3,True,10110,3,True,10110,3,True,True
6320,5,age,92345,92346,10000,1,False,10000,1,False,10000,1,False,True
6321,5,age,92352,92351,11110,1,False,11110,1,False,11110,1,False,True
6322,5,age,92352,92353,11110,1,False,11110,1,False,11110,1,False,True
6323,5,age,92354,92353,11000,1,False,11000,1,False,11000,1,False,True
6324,5,age,92354,92355,10010,3,True,10010,3,True,10010,3,True,True
6325,5,age,92417,92416,11000,1,False,11000,1,False,11000,1,False,True
6326,5,age,92417,92418,10010,3,True,10010,3,True,10010,3,True,True
6327,5,age,92480,92479,11000,1,False,11000,1,False,11000,1,False,True
6328,5,age,92480,92481,10010,3,True,10010,3,True,10010,3,True,True
6329,5,age,92541,92540,11000,1,False,11000,1,False,11000,1,False,True
6330,5,age,92541,92542,10010,3,True,10010,3,True,10010,3,True,True
6331,5,age,92543,92542,11000,1,False,11000,1,False,11000,1,False,True
6332,5,age,92543,92544,10010,3,True,10010,3,True,10010,3,True,True
6333,5,age,92604,92603,11000,1,False,11000,1,False,11000,1,False,True
6334,5,age,92604,92605,10010,3,True,10010,3,True,10010,3,True,True
6335,5,age,92606,92605,11000,1,False,11000,1,False,11000,1,False,True
6336,5,age,92606,92607,10010,3,True,10010,3,True,10010,3,True,True
6337,5,age,92660,92659,10110,3,True,10110,3,True,10110,3,True,True
6338,5,age,92660,92661,10000,1,False,10000,1,False,10000,1,False,True
6339,5,age,92667,92666,11110,1,False,11110,1,False,11110,1,False,True
6340,5,age,92667,92668,11110,1,False,11110,1,False,11110,1,False,True
6341,5,age,92669,92668,11000,1,False,11000,1,False,11000,1,False,True
6342,5,age,92669,92670,10010,3,True,10010,3,True,10010,3,True,True
6343,5,age,92732,92731,11000,1,False,11000,1,False,11000,1,False,True
6344,5,age,92732,92733,10010,3,True,10010,3,True,10010,3,True,True
6345,5,age,92795,92794,11000,1,False,11000,1,False,11000,1,False,True
6346,5,age,92795,92796,10010,3,True,10010,3,True,10010,3,True,True
6347,5,age,92856,92855,11000,1,False,11000,1,False,11000,1,False,True
6348,5,age,92856,92857,10010,3,True,10010,3,True,10010,3,True,True
6349,5,age,92858,92857,11000,1,False,11000,1,False,11000,1,False,True
6350,5,age,92858,92859,10010,3,True,10010,3,True,10010,3,True,True
6351,5,age,92919,92918,11000,1,False,11000,1,False,11000,1,False,True
6352,5,age,92919,92920,10010,3,True,10010,3,True,10010,3,True,True
6353,5,age,92921,92920,11000,1,False,11000,1,False,11000,1,False,True
6354,5,age,92921,92922,10010,3,True,10010,3,True,10010,3,True,True
6355,5,age,92975,92974,10110,3,True,10110,3,True,10110,3,True,True
6356,5,age,92975,92976,10000,1,False,10000,1,False,10000,1,False,True
6357,5,age,92982,92981,11110,1,False,11110,1,False,11110,1,False,True
6358,5,age,92982,92983,11110,1,False,11110,1,False,11110,1,False,True
6359,5,age,92984,92983,11000,1,False,11000,1,False,11000,1,False,True
6360,5,age,92984,92985,10010,3,True,10010,3,True,10010,3,True,True
6361,5,age,93047,93046,11000,1,False,11000,1,False,11000,1,False,True
6362,5,age,93047,93048,10010,3,True,10010,3,True,10010,3,True,True
6363,5,age,93110,93109,11000,1,False,11000,1,False,11000,1,False,True
6364,5,age,93110,93111,10010,3,True,10010,3,True,10010,3,True,True
6365,5,age,93171,93170,11000,1,False,11000,1,False,11000,1,False,True
6366,5,age,93171,93172,10010,3,True,10010,3,True,10010,3,True,True
6367,5,age,93173,93172,11000,1,False,11000,1,False,11000,1,False,True
6368,5,age,93173,93174,10010,3,True,10010,3,True,10010,3,True,True
6369,5,age,93234,93233,11000,1,False,11000,1,False,11000,1,False,True
6370,5,age,93234,93235,10010,3,True,10010,3,True,10010,3,True,True
6371,5,age,93236,93235,11000,1,False,11000,1,False,11000,1,False,True
6372,5,age,93236,93237,10010,3,True,10010,3,True,10010,3,True,True
6373,5,age,93290,93289,10110,3,True,10110,3,True,10110,3,True,True
6374,5,age,93290,93291,10000,1,False,10000,1,False,10000,1,False,True
6375,5,age,93297,93296,11110,1,False,11110,1,False,11110,1,False,True
6376,5,age,93297,93298,11110,1,False,11110,1,False,11110,1,False,True
6377,5,age,93299,93298,11000,1,False,11000,1,False,11000,1,False,True
6378,5,age,93299,93300,10010,3,True,10010,3,True,10010,3,True,True
6379,5,age,93362,93361,11000,1,False,11000,1,False,11000,1,False,True
6380,5,age,93362,93363,10010,3,True,10010,3,True,10010,3,True,True
6381,5,age,93425,93424,11000,1,False,11000,1,False,11000,1,False,True
6382,5,age,93425,93426,10010,3,True,10010,3,True,10010,3,True,True
6383,5,age,93486,93485,11000,1,False,11000,1,False,11000,1,False,True
6384,5,age,93486,93487,10010,3,True,10010,3,True,10010,3,True,True
6385,5,age,93488,93487,11000,1,False,11000,1,False,11000,1,False,True
6386,5,age,93488,93489,10010,3,True,10010,3,True,10010,3,True,True
6387,5,age,93549,93548,11000,1,False,11000,1,False,11000,1,False,True
6388,5,age,93549,93550,10010,3,True,10010,3,True,10010,3,True,True
6389,5,age,93551,93550,11000,1,False,11000,1,False,11000,1,False,True
6390,5,age,93551,93552,10010,3,True,10010,3,True,10010,3,True,True
6391,5,age,93605,93604,10110,3,True,10110,3,True,10110,3,True,True
6392,5,age,93605,93606,10000,1,False,10000,1,False,10000,1,False,True
6393,5,age,93612,93611,11110,1,False,11110,1,False,11110,1,False,True
6394,5,age,93612,93613,11110,1,False,11110,1,False,11110,1,False,True
6395,5,age,93614,93613,11000,1,False,11000,1,False,11000,1,False,True
6396,5,age,93614,93615,10010,3,True,10010,3,True,10010,3,True,True
6397,5,age,93677,93676,11000,1,False,11000,1,False,11000,1,False,True
6398,5,age,93677,93678,10010,3,True,10010,3,True,10010,3,True,True
6399,5,age,93740,93739,11000,1,False,11000,1,False,11000,1,False,True
6400,5,age,93740,93741,10010,3,True,10010,3,True,10010,3,True,True
6401,5,age,93801,93800,11000,1,False,11000,1,False,11000,1,False,True
6402,5,age,93801,93802,10010,3,True,10010,3,True,10010,3,True,True
6403,5,age,93803,93802,11000,1,False,11000,1,False,11000,1,False,True
6404,5,age,93803,93804,10010,3,True,10010,3,True,10010,3,True,True
6405,5,age,93864,93863,11000,1,False,11000,1,False,11000,1,False,True
6406,5,age,93864,93865,10010,3,True,10010,3,True,10010,3,True,True
6407,5,age,93866,93865,11000,1,False,11000,1,False,11000,1,False,True
6408,5,age,93866,93867,10010,3,True,10010,3,True,10010,3,True,True
6409,5,age,93920,93919,10110,3,True,10110,3,True,10110,3,True,True
6410,5,age,93920,93921,10000,1,False,10000,1,False,10000,1,False,True
6411,5,age,93927,93926,11110,1,False,11110,1,False,11110,1,False,True
6412,5,age,93927,93928,11110,1,False,11110,1,False,11110,1,False,True
6413,5,age,93929,93928,11000,1,False,11000,1,False,11000,1,False,True
6414,5,age,93929,93930,10010,3,True,10010,3,True,10010,3,True,True
6415,5,age,93992,93991,11000,1,False,11000,1,False,11000,1,False,True
6416,5,age,93992,93993,10010,3,True,10010,3,True,10010,3,True,True
6417,5,age,94055,94054,11000,1,False,11000,1,False,11000,1,False,True
6418,5,age,94055,94056,10010,3,True,10010,3,True,10010,3,True,True
6419,5,age,94116,94115,11000,1,False,11000,1,False,11000,1,False,True
6420,5,age,94116,94117,10010,3,True,10010,3,True,10010,3,True,True
6421,5,age,94118,94117,11000,1,False,11000,1,False,11000,1,False,True
6422,5,age,94118,94119,10010,3,True,10010,3,True,10010,3,True,True
6423,5,age,94179,94178,11000,1,False,11000,1,False,11000,1,False,True
6424,5,age,94179,94180,10010,3,True,10010,3,True,10010,3,True,True
6425,5,age,94181,94180,11000,1,False,11000,1,False,11000,1,False,True
6426,5,age,94181,94182,10010,3,True,10010,3,True,10010,3,True,True
6427,5,age,94235,94234,10110,3,True,10110,3,True,10110,3,True,True
6428,5,age,94235,94236,10000,1,False,10000,1,False,10000,1,False,True
6429,5,age,94242,94241,11110,1,False,11110,1,False,11110,1,False,True
6430,5,age,94242,94243,11110,1,False,11110,1,False,11110,1,False,True
6431,5,age,94244,94243,11000,1,False,11000,1,False,11000,1,False,True
6432,5,age,94244,94245,10010,3,True,10010,3,True,10010,3,True,True
6433,5,age,94307,94306,11000,1,False,11000,1,False,11000,1,False,True
6434,5,age,94307,94308,10010,3,True,10010,3,True,10010,3,True,True
6435,5,age,94370,94369,11000,1,False,11000,1,False,11000,1,False,True
6436,5,age,94370,94371,10010,3,True,10010,3,True,10010,3,True,True
6437,5,age,94431,94430,11000,1,False,11000,1,False,11000,1,False,True
6438,5,age,94431,94432,10010,3,True,10010,3,True,10010,3,True,True
6439,5,age,94433,94432,11000,1,False,11000,1,False,11000,1,False,True
6440,5,age,94433,94434,10010,3,True,10010,3,True,10010,3,True,True
6441,5,age,94494,94493,11000,1,False,11000,1,False,11000,1,False,True
6442,5,age,94494,94495,10010,3,True,10010,3,True,10010,3,True,True
6443,5,age,94496,94495,11000,1,False,11000,1,False,11000,1,False,True
6444,5,age,94496,94497,10010,3,True,10010,3,True,10010,3,True,True
6445,5,age,94550,94549,10110,3,True,10110,3,True,10110,3,True,True
6446,5,age,94550,94551,10000,1,False,10000,1,False,10000,1,False,True
6447,5,age,94557,94556,11110,1,False,11110,1,False,11110,1,False,True
6448,5,age,94557,94558,11110,1,False,11110,1,False,11110,1,False,True
6449,5,age,94559,94558,11000,1,False,11000,1,False,11000,1,False,True
6450,5,age,94559,94560,10010,3,True,10010,3,True,10010,3,True,True
6451,5,age,94622,94621,11000,1,False,11000,1,False,11000,1,False,True
6452,5,age,94622,94623,10010,3,True,10010,3,True,10010,3,True,True
6453,5,age,94685,94684,11000,1,False,11000,1,False,11000,1,False,True
6454,5,age,94685,94686,10010,3,True,10010,3,True,10010,3,True,True
6455,5,age,94746,94745,11000,1,False,11000,1,False,11000,1,False,True
6456,5,age,94746,94747,10010,3,True,10010,3,True,10010,3,True,True
6457,5,age,94748,94747,11000,1,False,11000,1,False,11000,1,False,True
6458,5,age,94748,94749,10010,3,True,10010,3,True,10010,3,True,True
6459,5,age,94809,94808,11000,1,False,11000,1,False,11000,1,False,True
6460,5,age,94809,94810,10010,3,True,10010,3,True,10010,3,True,True
6461,5,age,94811,94810,11000,1,False,11000,1,False,11000,1,False,True
6462,5,age,94811,94812,10010,3,True,10010,3,True,10010,3,True,True
6463,5,age,94865,94864,10110,3,True,10110,3,True,10110,3,True,True
6464,5,age,94865,94866,10000,1,False,10000,1,False,10000,1,False,True
6465,5,age,94872,94871,11110,1,False,11110,1,False,11110,1,False,True
6466,5,age,94872,94873,11110,1,False,11110,1,False,11110,1,False,True
6467,5,age,94874,94873,11000,1,False,11000,1,False,11000,1,False,True
6468,5,age,94874,94875,10010,3,True,10010,3,True,10010,3,True,True
6469,5,age,94937,94936,11000,1,False,11000,1,False,11000,1,False,True
6470,5,age,94937,94938,10010,3,True,10010,3,True,10010,3,True,True
6471,5,age,95000,94999,11000,1,False,11000,1,False,11000,1,False,True
6472,5,age,95000,95001,10010,3,True,10010,3,True,10010,3,True,True
6473,5,age,95061,95060,11000,1,False,11000,1,False,11000,1,False,True
6474,5,age,95061,95062,10010,3,True,10010,3,True,10010,3,True,True
6475,5,age,95063,95062,11000,1,False,11000,1,False,11000,1,False,True
6476,5,age,95063,95064,10010,3,True,10010,3,True,10010,3,True,True
6477,5,age,95124,95123,11000,1,False,11000,1,False,11000,1,False,True
6478,5,age,95124,95125,10010,3,True,10010,3,True,10010,3,True,True
6479,5,age,95126,95125,11000,1,False,11000,1,False,11000,1,False,True
6480,5,age,95126,95127,10010,3,True,10010,3,True,10010,3,True,True
6481,5,age,95180,95179,10110,3,True,10110,3,True,10110,3,True,True
6482,5,age,95180,95181,10000,1,False,10000,1,False,10000,1,False,True
6483,5,age,95187,95186,11110,1,False,11110,1,False,11110,1,False,True
6484,5,age,95187,95188,11110,1,False,11110,1,False,11110,1,False,True
6485,5,age,95189,95188,11000,1,False,11000,1,False,11000,1,False,True
6486,5,age,95189,95190,10010,3,True,10010,3,True,10010,3,True,True
6487,5,age,95252,95251,11000,1,False,11000,1,False,11000,1,False,True
6488,5,age,95252,95253,10010,3,True,10010,3,True,10010,3,True,True
6489,5,age,95315,95314,11000,1,False,11000,1,False,11000,1,False,True
6490,5,age,95315,95316,10010,3,True,10010,3,True,10010,3,True,True
6491,5,age,95376,95375,11000,1,False,11000,1,False,11000,1,False,True
6492,5,age,95376,95377,10010,3,True,10010,3,True,10010,3,True,True
6493,5,age,95378,95377,11000,1,False,11000,1,False,11000,1,False,True
6494,5,age,95378,95379,10010,3,True,10010,3,True,10010,3,True,True
6495,5,age,95439,95438,11000,1,False,11000,1,False,11000,1,False,True
6496,5,age,95439,95440,10010,3,True,10010,3,True,10010,3,True,True
6497,5,age,95441,95440,11000,1,False,11000,1,False,11000,1,False,True
6498,5,age,95441,95442,10010,3,True,10010,3,True,10010,3,True,True
6499,5,age,95495,95494,10110,3,True,10110,3,True,10110,3,True,True
6500,5,age,95495,95496,10000,1,False,10000,1,False,10000,1,False,True
6501,5,age,95502,95501,11110,1,False,11110,1,False,11110,1,False,True
6502,5,age,95502,95503,11110,1,False,11110,1,False,11110,1,False,True
6503,5,age,95504,95503,11000,1,False,11000,1,False,11000,1,False,True
6504,5,age,95504,95505,10010,3,True,10010,3,True,10010,3,True,True
6505,5,age,95567,95566,11000,1,False,11000,1,False,11000,1,False,True
6506,5,age,95567,95568,10010,3,True,10010,3,True,10010,3,True,True
6507,5,age,95630,95629,11000,1,False,11000,1,False,11000,1,False,True
6508,5,age,95630,95631,10010,3,True,10010,3,True,10010,3,True,True
6509,5,age,95691,95690,11000,1,False,11000,1,False,11000,1,False,True
6510,5,age,95691,95692,10010,3,True,10010,3,True,10010,3,True,True
6511,5,age,95693,95692,11000,1,False,11000,1,False,11000,1,False,True
6512,5,age,95693,95694,10010,3,True,10010,3,True,10010,3,True,True
6513,5,age,95754,95753,11000,1,False,11000,1,False,11000,1,False,True
6514,5,age,95754,95755,10010,3,True,10010,3,True,10010,3,True,True
6515,5,age,95756,95755,11000,1,False,11000,1,False,11000,1,False,True
6516,5,age,95756,95757,10010,3,True,10010,3,True,10010,3,True,True
6517,5,age,95810,95809,10110,3,True,10110,3,True,10110,3,True,True
6518,5,age,95810,95811,10000,1,False,10000,1,False,10000,1,False,True
6519,5,age,95817,95816,11110,1,False,11110,1,False,11110,1,False,True
6520,5,age,95817,95818,11110,1,False,11110,1,False,11110,1,False,True
6521,5,age,95819,95818,11000,1,False,11000,1,False,11000,1,False,True
6522,5,age,95819,95820,10010,3,True,10010,3,True,10010,3,True,True
6523,5,age,95882,95881,11000,1,False,11000,1,False,11000,1,False,True
6524,5,age,95882,95883,10010,3,True,10010,3,True,10010,3,True,True
6525,5,age,95945,95944,11000,1,False,11000,1,False,11000,1,False,True
6526,5,age,95945,95946,10010,3,True,10010,3,True,10010,3,True,True
6527,5,age,96006,96005,11000,1,False,11000,1,False,11000,1,False,True
6528,5,age,96006,96007,10010,3,True,10010,3,True,10010,3,True,True
6529,5,age,96008,96007,11000,1,False,11000,1,False,11000,1,False,True
6530,5,age,96008,96009,10010,3,True,10010,3,True,10010,3,True,True
6531,5,age,96069,96068,11000,1,False,11000,1,False,11000,1,False,True
6532,5,age,96069,96070,10010,3,True,10010,3,True,10010,3,True,True
6533,5,age,96071,96070,11000,1,False,11000,1,False,11000,1,False,True
6534,5,age,96071,96072,10010,3,True,10010,3,True,10010,3,True,True
6535,5,age,96125,96124,10110,3,True,10110,3,True,10110,3,True,True
6536,5,age,96125,96126,10000,1,False,10000,1,False,10000,1,False,True
6537,5,age,96132,96131,11110,1,False,11110,1,False,11110,1,False,True
6538,5,age,96132,96133,11110,1,False,11110,1,False,11110,1,False,True
6539,5,age,96134,96133,11000,1,False,11000,1,False,11000,1,False,True
6540,5,age,96134,96135,10010,3,True,10010,3,True,10010,3,True,True
6541,5,age,96197,96196,11000,1,False,11000,1,False,11000,1,False,True
6542,5,age,96197,96198,10010,3,True,10010,3,True,10010,3,True,True
6543,5,age,96260,96259,11000,1,False,11000,1,False,11000,1,False,True
6544,5,age,96260,96261,10010,3,True,10010,3,True,10010,3,True,True
6545,5,age,96321,96320,11000,1,False,11000,1,False,11000,1,False,True
6546,5,age,96321,96322,10010,3,True,10010,3,True,10010,3,True,True
6547,5,age,96323,96322,11000,1,False,11000,1,False,11000,1,False,True
6548,5,age,96323,96324,10010,3,True,10010,3,True,10010,3,True,True
6549,5,age,96384,96383,11000,1,False,11000,1,False,11000,1,False,True
6550,5,age,96384,96385,10010,3,True,10010,3,True,10010,3,True,True
6551,5,age,96386,96385,11000,1,False,11000,1,False,11000,1,False,True
6552,5,age,96386,96387,10010,3,True,10010,3,True,10010,3,True,True
6553,5,age,96440,96439,10110,3,True,10110,3,True,10110,3,True,True
6554,5,age,96440,96441,10000,1,False,10000,1,False,10000,1,False,True
6555,5,age,96447,96446,11110,1,False,11110,1,False,11110,1,False,True
6556,5,age,96447,96448,11110,1,False,11110,1,False,11110,1,False,True
6557,5,age,96449,96448,11000,1,False,11000,1,False,11000,1,False,True
6558,5,age,96449,96450,10010,3,True,10010,3,True,10010,3,True,True
6559,5,age,96512,96511,11000,1,False,11000,1,False,11000,1,False,True
6560,5,age,96512,96513,10010,3,True,10010,3,True,10010,3,True,True
6561,5,age,96575,96574,11000,1,False,11000,1,False,11000,1,False,True
6562,5,age,96575,96576,10010,3,True,10010,3,True,10010,3,True,True
6563,5,age,96636,96635,11000,1,False,11000,1,False,11000,1,False,True
6564,5,age,96636,96637,10010,3,True,10010,3,True,10010,3,True,True
6565,5,age,96638,96637,11000,1,False,11000,1,False,11000,1,False,True
6566,5,age,96638,96639,10010,3,True,10010,3,True,10010,3,True,True
6567,5,age,96699,96698,11000,1,False,11000,1,False,11000,1,False,True
6568,5,age,96699,96700,10010,3,True,10010,3,True,10010,3,True,True
6569,5,age,96701,96700,11000,1,False,11000,1,False,11000,1,False,True
6570,5,age,96701,96702,10010,3,True,10010,3,True,10010,3,True,True
6571,5,age,96755,96754,10110,3,True,10110,3,True,10110,3,True,True
6572,5,age,96755,96756,10000,1,False,10000,1,False,10000,1,False,True
6573,5,age,96762,96761,11110,1,False,11110,1,False,11110,1,False,True
6574,5,age,96762,96763,11110,1,False,11110,1,False,11110,1,False,True
6575,5,age,96764,96763,11000,1,False,11000,1,False,11000,1,False,True
6576,5,age,96764,96765,10010,3,True,10010,3,True,10010,3,True,True
6577,5,age,96827,96826,11000,1,False,11000,1,False,11000,1,False,True
6578,5,age,96827,96828,10010,3,True,10010,3,True,10010,3,True,True
6579,5,age,96890,96889,11000,1,False,11000,1,False,11000,1,False,True
6580,5,age,96890,96891,10010,3,True,10010,3,True,10010,3,True,True
6581,5,age,96951,96950,11000,1,False,11000,1,False,11000,1,False,True
6582,5,age,96951,96952,10010,3,True,10010,3,True,10010,3,True,True
6583,5,age,96953,96952,11000,1,False,11000,1,False,11000,1,False,True
6584,5,age,96953,96954,10010,3,True,10010,3,True,10010,3,True,True
6585,5,age,97014,97013,11000,1,False,11000,1,False,11000,1,False,True
6586,5,age,97014,97015,10010,3,True,10010,3,True,10010,3,True,True
6587,5,age,97016,97015,11000,1,False,11000,1,False,11000,1,False,True
6588,5,age,97016,97017,10010,3,True,10010,3,True,10010,3,True,True
6589,5,age,97070,97069,10110,3,True,10110,3,True,10110,3,True,True
6590,5,age,97070,97071,10000,1,False,10000,1,False,10000,1,False,True
6591,5,age,97077,97076,11110,1,False,11110,1,False,11110,1,False,True
6592,5,age,97077,97078,11110,1,False,11110,1,False,11110,1,False,True
6593,5,age,97079,97078,11000,1,False,11000,1,False,11000,1,False,True
6594,5,age,97079,97080,10010,3,True,10010,3,True,10010,3,True,True
6595,5,age,97142,97141,11000,1,False,11000,1,False,11000,1,False,True
6596,5,age,97142,97143,10010,3,True,10010,3,True,10010,3,True,True
6597,5,age,97205,97204,11000,1,False,11000,1,False,11000,1,False,True
6598,5,age,97205,97206,10010,3,True,10010,3,True,10010,3,True,True
6599,5,age,97266,97265,11000,1,False,11000,1,False,11000,1,False,True
6600,5,age,97266,97267,10010,3,True,10010,3,True,10010,3,True,True
6601,5,age,97268,97267,11000,1,False,11000,1,False,11000,1,False,True
6602,5,age,97268,97269,10010,3,True,10010,3,True,10010,3,True,True
6603,5,age,97329,97328,11000,1,False,11000,1,False,11000,1,False,True
6604,5,age,97329,97330,10010,3,True,10010,3,True,10010,3,True,True
6605,5,age,97331,97330,11000,1,False,11000,1,False,11000,1,False,True
6606,5,age,97331,97332,10010,3,True,10010,3,True,10010,3,True,True
6607,5,age,97385,97384,10110,3,True,10110,3,True,10110,3,True,True
6608,5,age,97385,97386,10000,1,False,10000,1,False,10000,1,False,True
6609,5,age,97392,97391,11110,1,False,11110,1,False,11110,1,False,True
6610,5,age,97392,97393,11110,1,False,11110,1,False,11110,1,False,True
6611,5,age,97394,97393,11000,1,False,11000,1,False,11000,1,False,True
6612,5,age,97394,97395,10010,3,True,10010,3,True,10010,3,True,True
6613,5,age,97457,97456,11000,1,False,11000,1,False,11000,1,False,True
6614,5,age,97457,97458,10010,3,True,10010,3,True,10010,3,True,True
6615,5,age,97520,97519,11000,1,False,11000,1,False,11000,1,False,True
6616,5,age,97520,97521,10010,3,True,10010,3,True,10010,3,True,True
6617,5,age,97581,97580,11000,1,False,11000,1,False,11000,1,False,True
6618,5,age,97581,97582,10010,3,True,10010,3,True,10010,3,True,True
6619,5,age,97583,97582,11000,1,False,11000,1,False,11000,1,False,True
6620,5,age,97583,97584,10010,3,True,10010,3,True,10010,3,True,True
6621,5,age,97644,97643,11000,1,False,11000,1,False,11000,1,False,True
6622,5,age,97644,97645,10010,3,True,10010,3,True,10010,3,True,True
6623,5,age,97646,97645,11000,1,False,11000,1,False,11000,1,False,True
6624,5,age,97646,97647,10010,3,True,10010,3,True,10010,3,True,True
6625,5,age,97700,97699,10110,3,True,10110,3,True,10110,3,True,True
6626,5,age,97700,97701,10000,1,False,10000,1,False,10000,1,False,True
6627,5,age,97707,97706,11110,1,False,11110,1,False,11110,1,False,True
6628,5,age,97707,97708,11110,1,False,11110,1,False,11110,1,False,True
6629,5,age,97709,97708,11000,1,False,11000,1,False,11000,1,False,True
6630,5,age,97709,97710,10010,3,True,10010,3,True,10010,3,True,True
6631,5,age,97772,97771,11000,1,False,11000,1,False,11000,1,False,True
6632,5,age,97772,97773,10010,3,True,10010,3,True,10010,3,True,True
6633,5,age,97835,97834,11000,1,False,11000,1,False,11000,1,False,True
6634,5,age,97835,97836,10010,3,True,10010,3,True,10010,3,True,True
6635,5,age,97896,97895,11000,1,False,11000,1,False,11000,1,False,True
6636,5,age,97896,97897,10010,3,True,10010,3,True,10010,3,True,True
6637,5,age,97898,97897,11000,1,False,11000,1,False,11000,1,False,True
6638,5,age,97898,97899,10010,3,True,10010,3,True,10010,3,True,True
6639,5,age,97959,97958,11000,1,False,11000,1,False,11000,1,False,True
6640,5,age,97959,97960,10010,3,True,10010,3,True,10010,3,True,True
6641,5,age,97961,97960,11000,1,False,11000,1,False,11000,1,False,True
6642,5,age,97961,97962,10010,3,True,10010,3,True,10010,3,True,True
6643,5,age,98015,98014,10110,3,True,10110,3,True,10110,3,True,True
6644,5,age,98015,98016,10000,1,False,10000,1,False,10000,1,False,True
6645,5,age,98022,98021,11110,1,False,11110,1,False,11110,1,False,True
6646,5,age,98022,98023,11110,1,False,11110,1,False,11110,1,False,True
6647,5,age,98024,98023,11000,1,False,11000,1,False,11000,1,False,True
6648,5,age,98024,98025,10010,3,True,10010,3,True,10010,3,True,True
6649,5,age,98087,98086,11000,1,False,11000,1,False,11000,1,False,True
6650,5,age,98087,98088,10010,3,True,10010,3,True,10010,3,True,True
6651,5,age,98150,98149,11000,1,False,11000,1,False,11000,1,False,True
6652,5,age,98150,98151,10010,3,True,10010,3,True,10010,3,True,True
6653,5,age,98211,98210,11000,1,False,11000,1,False,11000,1,False,True
6654,5,age,98211,98212,10010,3,True,10010,3,True,10010,3,True,True
6655,5,age,98213,98212,11000,1,False,11000,1,False,11000,1,False,True
6656,5,age,98213,98214,10010,3,True,10010,3,True,10010,3,True,True
6657,5,age,98274,98273,11000,1,False,11000,1,False,11000,1,False,True
6658,5,age,98274,98275,10010,3,True,10010,3,True,10010,3,True,True
6659,5,age,98276,98275,11000,1,False,11000,1,False,11000,1,False,True
6660,5,age,98276,98277,10010,3,True,10010,3,True,10010,3,True,True
6661,5,age,98330,98329,10110,3,True,10110,3,True,10110,3,True,True
6662,5,age,98330,98331,10000,1,False,10000,1,False,10000,1,False,True
6663,5,age,98337,98336,11110,1,False,11110,1,False,11110,1,False,True
6664,5,age,98337,98338,11110,1,False,11110,1,False,11110,1,False,True
6665,5,age,98339,98338,11000,1,False,11000,1,False,11000,1,False,True
6666,5,age,98339,98340,10010,3,True,10010,3,True,10010,3,True,True
6667,5,age,98402,98401,11000,1,False,11000,1,False,11000,1,False,True
6668,5,age,98402,98403,10010,3,True,10010,3,True,10010,3,True,True
6669,5,age,98465,98464,11000,1,False,11000,1,False,11000,1,False,True
6670,5,age,98465,98466,10010,3,True,10010,3,True,10010,3,True,True
6671,5,age,98526,98525,11000,1,False,11000,1,False,11000,1,False,True
6672,5,age,98526,98527,10010,3,True,10010,3,True,10010,3,True,True
6673,5,age,98528,98527,11000,1,False,11000,1,False,11000,1,False,True
6674,5,age,98528,98529,10010,3,True,10010,3,True,10010,3,True,True
6675,5,age,98589,98588,11000,1,False,11000,1,False,11000,1,False,True
6676,5,age,98589,98590,10010,3,True,10010,3,True,10010,3,True,True
6677,5,age,98591,98590,11000,1,False,11000,1,False,11000,1,False,True
6678,5,age,98591,98592,10010,3,True,10010,3,True,10010,3,True,True
6679,5,age,98645,98644,10110,3,True,10110,3,True,10110,3,True,True
6680,5,age,98645,98646,10000,1,False,10000,1,False,10000,1,False,True
6681,5,age,98652,98651,11110,1,False,11110,1,False,11110,1,False,True
6682,5,age,98652,98653,11110,1,False,11110,1,False,11110,1,False,True
6683,5,age,98654,98653,11000,1,False,11000,1,False,11000,1,False,True
6684,5,age,98654,98655,10010,3,True,10010,3,True,10010,3,True,True
6685,5,age,98717,98716,11000,1,False,11000,1,False,11000,1,False,True
6686,5,age,98717,98718,10010,3,True,10010,3,True,10010,3,True,True
6687,5,age,98780,98779,11000,1,False,11000,1,False,11000,1,False,True
6688,5,age,98780,98781,10010,3,True,10010,3,True,10010,3,True,True
6689,5,age,98841,98840,11000,1,False,11000,1,False,11000,1,False,True
6690,5,age,98841,98842,10010,3,True,10010,3,True,10010,3,True,True
6691,5,age,98843,98842,11000,1,False,11000,1,False,11000,1,False,True
6692,5,age,98843,98844,10010,3,True,10010,3,True,10010,3,True,True
6693,5,age,98904,98903,11000,1,False,11000,1,False,11000,1,False,True
6694,5,age,98904,98905,10010,3,True,10010,3,True,10010,3,True,True
6695,5,age,98906,98905,11000,1,False,11000,1,False,11000,1,False,True
6696,5,age,98906,98907,10010,3,True,10010,3,True,10010,3,True,True
6697,5,age,98960,98959,10110,3,True,10110,3,True,10110,3,True,True
6698,5,age,98960,98961,10000,1,False,10000,1,False,10000,1,False,True
6699,5,age,98967,98966,11110,1,False,11110,1,False,11110,1,False,True
6700,5,age,98967,98968,11110,1,False,11110,1,False,11110,1,False,True
6701,5,age,98969,98968,11000,1,False,11000,1,False,11000,1,False,True
6702,5,age,98969,98970,10010,3,True,10010,3,True,10010,3,True,True
6703,5,age,99032,99031,11000,1,False,11000,1,False,11000,1,False,True
6704,5,age,99032,99033,10010,3,True,10010,3,True,10010,3,True,True
6705,5,age,99095,99094,11000,1,False,11000,1,False,11000,1,False,True
6706,5,age,99095,99096,10010,3,True,10010,3,True,10010,3,True,True
6707,5,age,99156,99155,11000,1,False,11000,1,False,11000,1,False,True
6708,5,age,99156,99157,10010,3,True,10010,3,True,10010,3,True,True
6709,5,age,99158,99157,11000,1,False,11000,1,False,11000,1,False,True
6710,5,age,99158,99159,10010,3,True,10010,3,True,10010,3,True,True
6711,5,age,99219,99218,11000,1,False,11000,1,False,11000,1,False,True
6712,5,age,99219,99220,10010,3,True,10010,3,True,10010,3,True,True
6713,5,age,99221,99220,11000,1,False,11000,1,False,11000,1,False,True
6714,5,age,99221,99222,10010,3,True,10010,3,True,10010,3,True,True
6715,5,age,99275,99274,10110,3,True,10110,3,True,10110,3,True,True
6716,5,age,99275,99276,10000,1,False,10000,1,False,10000,1,False,True
6717,5,age,99282,99281,11110,1,False,11110,1,False,11110,1,False,True
6718,5,age,99282,99283,11110,1,False,11110,1,False,11110,1,False,True
6719,5,age,99284,99283,11000,1,False,11000,1,False,11000,1,False,True
6720,5,age,99284,99285,10010,3,True,10010,3,True,10010,3,True,True
6721,5,age,99347,99346,11000,1,False,11000,1,False,11000,1,False,True
6722,5,age,99347,99348,10010,3,True,10010,3,True,10010,3,True,True
6723,5,age,99410,99409,11000,1,False,11000,1,False,11000,1,False,True
6724,5,age,99410,99411,10010,3,True,10010,3,True,10010,3,True,True
6725,5,age,99473,99472,11000,1,False,11000,1,False,11000,1,False,True
6726,5,age,99473,99474,10010,3,True,10010,3,True,10010,3,True,True
6727,5,age,99536,99535,11000,1,False,11000,1,False,11000,1,False,True
6728,5,age,99536,99537,10010,3,True,10010,3,True,10010,3,True,True
6729,5,age,99590,99589,10110,3,True,10110,3,True,10110,3,True,True
6730,5,age,99590,99591,10000,1,False,10000,1,False,10000,1,False,True
6731,5,age,99597,99596,11110,1,False,11110,1,False,11110,1,False,True
6732,5,age,99597,99598,11110,1,False,11110,1,False,11110,1,False,True
6733,5,age,99599,99598,11000,1,False,11000,1,False,11000,1,False,True
6734,5,age,99599,99600,10010,3,True,10010,3,True,10010,3,True,True
6735,5,age,99662,99661,11000,1,False,11000,1,False,11000,1,False,True
6736,5,age,99662,99663,10010,3,True,10010,3,True,10010,3,True,True
6737,5,age,99725,99724,11000,1,False,11000,1,False,11000,1,False,True
6738,5,age,99725,99726,10010,3,True,10010,3,True,10010,3,True,True
6739,5,age,99788,99787,11000,1,False,11000,1,False,11000,1,False,True
6740,5,age,99788,99789,10010,3,True,10010,3,True,10010,3,True,True
6741,5,age,99851,99850,11000,1,False,11000,1,False,11000,1,False,True
6742,5,age,99851,99852,10010,3,True,10010,3,True,10010,3,True,True
6743,5,age,99905,99904,10110,3,True,10110,3,True,10110,3,True,True
6744,5,age,99905,99906,10000,1,False,10000,1,False,10000,1,False,True
6745,5,age,99912,99911,11110,1,False,11110,1,False,11110,1,False,True
6746,5,age,99912,99913,11110,1,False,11110,1,False,11110,1,False,True
6747,5,age,99914,99913,11000,1,False,11000,1,False,11000,1,False,True
6748,5,age,99914,99915,10010,3,True,10010,3,True,10010,3,True,True
6749,5,age,99977,99976,11000,1,False,11000,1,False,11000,1,False,True
6750,5,age,99977,99978,10010,3,True,10010,3,True,10010,3,True,True
6751,5,age,100040,100039,11000,1,False,11000,1,False,11000,1,False,True
6752,5,age,100040,100041,10010,3,True,10010,3,True,10010,3,True,True
6753,5,age,100103,100102,11000,1,False,11000,1,False,11000,1,False,True
6754,5,age,100103,100104,10010,3,True,10010,3,True,10010,3,True,True
6755,5,age,100166,100165,11000,1,False,11000,1,False,11000,1,False,True
6756,5,age,100166,100167,10010,3,True,10010,3,True,10010,3,True,True
6757,5,age,100220,100219,10110,3,True,10110,3,True,10110,3,True,True
6758,5,age,100220,100221,10000,1,False,10000,1,False,10000,1,False,True
6759,5,age,100227,100226,11110,1,False,11110,1,False,11110,1,False,True
6760,5,age,100227,100228,11110,1,False,11110,1,False,11110,1,False,True
6761,5,age,100229,100228,11000,1,False,11000,1,False,11000,1,False,True
6762,5,age,100229,100230,10010,3,True,10010,3,True,10010,3,True,True
6763,5,age,100292,100291,11000,1,False,11000,1,False,11000,1,False,True
6764,5,age,100292,100293,10010,3,True,10010,3,True,10010,3,True,True
6765,5,age,100355,100354,11000,1,False,11000,1,False,11000,1,False,True
6766,5,age,100355,100356,10010,3,True,10010,3,True,10010,3,True,True
6767,5,age,100416,100415,11000,1,False,11000,1,False,11000,1,False,True
6768,5,age,100416,100417,10010,3,True,10010,3,True,10010,3,True,True
6769,5,age,100418,100417,11000,1,False,11000,1,False,11000,1,False,True
6770,5,age,100418,100419,10010,3,True,10010,3,True,10010,3,True,True
6771,5,age,100479,100478,11000,1,False,11000,1,False,11000,1,False,True
6772,5,age,100479,100480,10010,3,True,10010,3,True,10010,3,True,True
6773,5,age,100481,100480,11000,1,False,11000,1,False,11000,1,False,True
6774,5,age,100481,100482,10010,3,True,10010,3,True,10010,3,True,True
6775,5,age,100535,100534,10110,3,True,10110,3,True,10110,3,True,True
6776,5,age,100535,100536,10000,1,False,10000,1,False,10000,1,False,True
6777,5,age,100542,100541,11110,1,False,11110,1,False,11110,1,False,True
6778,5,age,100542,100543,11110,1,False,11110,1,False,11110,1,False,True
6779,5,age,100544,100543,11000,1,False,11000,1,False,11000,1,False,True
6780,5,age,100544,100545,10010,3,True,10010,3,True,10010,3,True,True
6781,5,age,100607,100606,11000,1,False,11000,1,False,11000,1,False,True
6782,5,age,100607,100608,10010,3,True,10010,3,True,10010,3,True,True
6783,5,age,100670,100669,11000,1,False,11000,1,False,11000,1,False,True
6784,5,age,100670,100671,10010,3,True,10010,3,True,10010,3,True,True
6785,5,age,100731,100730,11000,1,False,11000,1,False,11000,1,False,True
6786,5,age,100731,100732,10010,3,True,10010,3,True,10010,3,True,True
6787,5,age,100733,100732,11000,1,False,11000,1,False,11000,1,False,True
6788,5,age,100733,100734,10010,3,True,10010,3,True,10010,3,True,True
6789,5,age,100794,100793,11000,1,False,11000,1,False,11000,1,False,True
6790,5,age,100794,100795,10010,3,True,10010,3,True,10010,3,True,True
6791,5,age,100796,100795,11000,1,False,11000,1,False,11000,1,False,True
6792,5,age,100796,100797,10010,3,True,10010,3,True,10010,3,True,True
6793,5,age,101795,101794,10110,3,True,10110,3,True,10110,3,True,True
6794,5,age,101795,101796,10000,1,False,10000,1,False,10000,1,False,True
6795,5,age,101802,101801,11110,1,False,11110,1,False,11110,1,False,True
6796,5,age,101802,101803,11110,1,False,11110,1,False,11110,1,False,True
6797,5,age,101804,101803,11000,1,False,11000,1,False,11000,1,False,True
6798,5,age,101804,101805,10010,3,True,10010,3,True,10010,3,True,True
6799,5,age,101867,101866,11000,1,False,11000,1,False,11000,1,False,True
6800,5,age,101867,101868,10010,3,True,10010,3,True,10010,3,True,True
6801,5,age,101930,101929,11000,1,False,11000,1,False,11000,1,False,True
6802,5,age,101930,101931,10010,3,True,10010,3,True,10010,3,True,True
6803,5,age,101991,101990,11000,1,False,11000,1,False,11000,1,False,True
6804,5,age,101991,101992,10010,3,True,10010,3,True,10010,3,True,True
6805,5,age,101993,101992,11000,1,False,11000,1,False,11000,1,False,True
6806,5,age,101993,101994,10010,3,True,10010,3,True,10010,3,True,True
6807,5,age,102054,102053,11000,1,False,11000,1,False,11000,1,False,True
6808,5,age,102054,102055,10010,3,True,10010,3,True,10010,3,True,True
6809,5,age,102056,102055,11000,1,False,11000,1,False,11000,1,False,True
6810,5,age,102056,102057,10010,3,True,10010,3,True,10010,3,True,True
6811,5,age,102110,102109,10110,3,True,10110,3,True,10110,3,True,True
6812,5,age,102110,102111,10000,1,False,10000,1,False,10000,1,False,True
6813,5,age,102117,102116,11110,1,False,11110,1,False,11110,1,False,True
6814,5,age,102117,102118,11110,1,False,11110,1,False,11110,1,False,True
6815,5,age,102119,102118,11000,1,False,11000,1,False,11000,1,False,True
6816,5,age,102119,102120,10010,3,True,10010,3,True,10010,3,True,True
6817,5,age,102182,102181,11000,1,False,11000,1,False,11000,1,False,True
6818,5,age,102182,102183,10010,3,True,10010,3,True,10010,3,True,True
6819,5,age,102245,102244,11000,1,False,11000,1,False,11000,1,False,True
6820,5,age,102245,102246,10010,3,True,10010,3,True,10010,3,True,True
6821,5,age,102306,102305,11000,1,False,11000,1,False,11000,1,False,True
6822,5,age,102306,102307,10010,3,True,10010,3,True,10010,3,True,True
6823,5,age,102308,102307,11000,1,False,11000,1,False,11000,1,False,True
6824,5,age,102308,102309,10010,3,True,10010,3,True,10010,3,True,True
6825,5,age,102369,102368,11000,1,False,11000,1,False,11000,1,False,True
6826,5,age,102369,102370,10010,3,True,10010,3,True,10010,3,True,True
6827,5,age,102371,102370,11000,1,False,11000,1,False,11000,1,False,True
6828,5,age,102371,102372,10010,3,True,10010,3,True,10010,3,True,True
6829,5,age,104196,104195,11000,1,False,11000,1,False,11000,1,False,True
6830,5,age,104196,104197,10010,3,True,10010,3,True,10010,3,True,True
6831,5,age,104259,104258,11000,1,False,11000,1,False,11000,1,False,True
6832,5,age,104259,104260,10010,3,True,10010,3,True,10010,3,True,True
6833,5,age,104511,104510,11000,1,False,11000,1,False,11000,1,False,True
6834,5,age,104511,104512,10010,3,True,10010,3,True,10010,3,True,True
6835,5,age,104574,104573,11000,1,False,11000,1,False,11000,1,False,True
6836,5,age,104574,104575,10010,3,True,10010,3,True,10010,3,True,True
6837,5,age,104826,104825,11000,1,False,11000,1,False,11000,1,False,True
6838,5,age,104826,104827,10010,3,True,10010,3,True,10010,3,True,True
6839,5,age,104889,104888,11000,1,False,11000,1,False,11000,1,False,True
6840,5,age,104889,104890,10010,3,True,10010,3,True,10010,3,True,True
6841,5,age,105141,105140,11000,1,False,11000,1,False,11000,1,False,True
6842,5,age,105141,105142,10010,3,True,10010,3,True,10010,3,True,True
6843,5,age,105204,105203,11000,1,False,11000,1,False,11000,1,False,True
6844,5,age,105204,105205,10010,3,True,10010,3,True,10010,3,True,True
6845,5,age,105456,105455,11000,1,False,11000,1,False,11000,1,False,True
6846,5,age,105456,105457,10010,3,True,10010,3,True,10010,3,True,True
6847,5,age,105519,105518,11000,1,False,11000,1,False,11000,1,False,True
6848,5,age,105519,105520,10010,3,True,10010,3,True,10010,3,True,True
6849,5,age,105575,105574,10110,3,True,10110,3,True,10110,3,True,True
6850,5,age,105575,105576,10000,1,False,10000,1,False,10000,1,False,True
6851,5,age,105582,105581,11110,1,False,11110,1,False,11110,1,False,True
6852,5,age,105582,105583,11110,1,False,11110,1,False,11110,1,False,True
6853,5,age,105584,105583,11000,1,False,11000,1,False,11000,1,False,True
6854,5,age,105584,105585,10010,3,True,10010,3,True,10010,3,True,True
6855,5,age,105647,105646,11000,1,False,11000,1,False,11000,1,False,True
6856,5,age,105647,105648,10010,3,True,10010,3,True,10010,3,True,True
6857,5,age,105710,105709,11000,1,False,11000,1,False,11000,1,False,True
6858,5,age,105710,105711,10010,3,True,10010,3,True,10010,3,True,True
6859,5,age,105771,105770,11000,1,False,11000,1,False,11000,1,False,True
6860,5,age,105771,105772,10010,3,True,10010,3,True,10010,3,True,True
6861,5,age,105773,105772,11000,1,False,11000,1,False,11000,1,False,True
6862,5,age,105773,105774,10010,3,True,10010,3,True,10010,3,True,True
6863,5,age,105834,105833,11000,1,False,11000,1,False,11000,1,False,True
6864,5,age,105834,105835,10010,3,True,10010,3,True,10010,3,True,True
6865,5,age,105836,105835,11000,1,False,11000,1,False,11000,1,False,True
6866,5,age,105836,105837,10010,3,True,10010,3,True,10010,3,True,True
6867,5,age,105890,105889,10110,3,True,10110,3,True,10110,3,True,True
6868,5,age,105890,105891,10000,1,False,10000,1,False,10000,1,False,True
6869,5,age,105897,105896,11110,1,False,11110,1,False,11110,1,False,True
6870,5,age,105897,105898,11110,1,False,11110,1,False,11110,1,False,True
6871,5,age,105899,105898,11000,1,False,11000,1,False,11000,1,False,True
6872,5,age,105899,105900,10010,3,True,10010,3,True,10010,3,True,True
6873,5,age,105962,105961,11000,1,False,11000,1,False,11000,1,False,True
6874,5,age,105962,105963,10010,3,True,10010,3,True,10010,3,True,True
6875,5,age,106025,106024,11000,1,False,11000,1,False,11000,1,False,True
6876,5,age,106025,106026,10010,3,True,10010,3,True,10010,3,True,True
6877,5,age,106086,106085,11000,1,False,11000,1,False,11000,1,False,True
6878,5,age,106086,106087,10010,3,True,10010,3,True,10010,3,True,True
6879,5,age,106088,106087,11000,1,False,11000,1,False,11000,1,False,True
6880,5,age,106088,106089,10010,3,True,10010,3,True,10010,3,True,True
6881,5,age,106149,106148,11000,1,False,11000,1,False,11000,1,False,True
6882,5,age,106149,106150,10010,3,True,10010,3,True,10010,3,True,True
6883,5,age,106151,106150,11000,1,False,11000,1,False,11000,1,False,True
6884,5,age,106151,106152,10010,3,True,10010,3,True,10010,3,True,True
6885,5,age,106205,106204,10110,3,True,10110,3,True,10110,3,True,True
6886,5,age,106205,106206,10000,1,False,10000,1,False,10000,1,False,True
6887,5,age,106212,106211,11110,1,False,11110,1,False,11110,1,False,True
6888,5,age,106212,106213,11110,1,False,11110,1,False,11110,1,False,True
6889,5,age,106214,106213,11000,1,False,11000,1,False,11000,1,False,True
6890,5,age,106214,106215,10010,3,True,10010,3,True,10010,3,True,True
6891,5,age,106277,106276,11000,1,False,11000,1,False,11000,1,False,True
6892,5,age,106277,106278,10010,3,True,10010,3,True,10010,3,True,True
6893,5,age,106340,106339,11000,1,False,11000,1,False,11000,1,False,True
6894,5,age,106340,106341,10010,3,True,10010,3,True,10010,3,True,True
6895,5,age,106401,106400,11000,1,False,11000,1,False,11000,1,False,True
6896,5,age,106401,106402,10010,3,True,10010,3,True,10010,3,True,True
6897,5,age,106403,106402,11000,1,False,11000,1,False,11000,1,False,True
6898,5,age,106403,106404,10010,3,True,10010,3,True,10010,3,True,True
6899,5,age,106464,106463,11000,1,False,11000,1,False,11000,1,False,True
6900,5,age,106464,106465,10010,3,True,10010,3,True,10010,3,True,True
6901,5,age,106466,106465,11000,1,False,11000,1,False,11000,1,False,True
6902,5,age,106466,106467,10010,3,True,10010,3,True,10010,3,True,True
6903,5,age,106520,106519,10110,3,True,10110,3,True,10110,3,True,True
6904,5,age,106520,106521,10000,1,False,10000,1,False,10000,1,False,True
6905,5,age,106527,106526,11110,1,False,11110,1,False,11110,1,False,True
6906,5,age,106527,106528,11110,1,False,11110,1,False,11110,1,False,True
6907,5,age,106529,106528,11000,1,False,11000,1,False,11000,1,False,True
6908,5,age,106529,106530,10010,3,True,10010,3,True,10010,3,True,True
6909,5,age,106592,106591,11000,1,False,11000,1,False,11000,1,False,True
6910,5,age,106592,106593,10010,3,True,10010,3,True,10010,3,True,True
6911,5,age,106655,106654,11000,1,False,11000,1,False,11000,1,False,True
6912,5,age,106655,106656,10010,3,True,10010,3,True,10010,3,True,True
6913,5,age,106716,106715,11000,1,False,11000,1,False,11000,1,False,True
6914,5,age,106716,106717,10010,3,True,10010,3,True,10010,3,True,True
6915,5,age,106718,106717,11000,1,False,11000,1,False,11000,1,False,True
6916,5,age,106718,106719,10010,3,True,10010,3,True,10010,3,True,True
6917,5,age,106779,106778,11000,1,False,11000,1,False,11000,1,False,True
6918,5,age,106779,106780,10010,3,True,10010,3,True,10010,3,True,True
6919,5,age,106781,106780,11000,1,False,11000,1,False,11000,1,False,True
6920,5,age,106781,106782,10010,3,True,10010,3,True,10010,3,True,True
6921,5,age,106835,106834,10110,3,True,10110,3,True,10110,3,True,True
6922,5,age,106835,106836,10000,1,False,10000,1,False,10000,1,False,True
6923,5,age,106842,106841,11110,1,False,11110,1,False,11110,1,False,True
6924,5,age,106842,106843,11110,1,False,11110,1,False,11110,1,False,True
6925,5,age,106844,106843,11000,1,False,11000,1,False,11000,1,False,True
6926,5,age,106844,106845,10010,3,True,10010,3,True,10010,3,True,True
6927,5,age,106907,106906,11000,1,False,11000,1,False,11000,1,False,True
6928,5,age,106907,106908,10010,3,True,10010,3,True,10010,3,True,True
6929,5,age,106970,106969,11000,1,False,11000,1,False,11000,1,False,True
6930,5,age,106970,106971,10010,3,True,10010,3,True,10010,3,True,True
6931,5,age,107031,107030,11000,1,False,11000,1,False,11000,1,False,True
6932,5,age,107031,107032,10010,3,True,10010,3,True,10010,3,True,True
6933,5,age,107033,107032,11000,1,False,11000,1,False,11000,1,False,True
6934,5,age,107033,107034,10010,3,True,10010,3,True,10010,3,True,True
6935,5,age,107094,107093,11000,1,False,11000,1,False,11000,1,False,True
6936,5,age,107094,107095,10010,3,True,10010,3,True,10010,3,True,True
6937,5,age,107096,107095,11000,1,False,11000,1,False,11000,1,False,True
6938,5,age,107096,107097,10010,3,True,10010,3,True,10010,3,True,True
6939,5,age,107150,107149,10110,3,True,10110,3,True,10110,3,True,True
6940,5,age,107150,107151,10000,1,False,10000,1,False,10000,1,False,True
6941,5,age,107157,107156,11110,1,False,11110,1,False,11110,1,False,True
6942,5,age,107157,107158,11110,1,False,11110,1,False,11110,1,False,True
6943,5,age,107159,107158,11000,1,False,11000,1,False,11000,1,False,True
6944,5,age,107159,107160,10010,3,True,10010,3,True,10010,3,True,True
6945,5,age,107222,107221,11000,1,False,11000,1,False,11000,1,False,True
6946,5,age,107222,107223,10010,3,True,10010,3,True,10010,3,True,True
6947,5,age,107285,107284,11000,1,False,11000,1,False,11000,1,False,True
6948,5,age,107285,107286,10010,3,True,10010,3,True,10010,3,True,True
6949,5,age,107346,107345,11000,1,False,11000,1,False,11000,1,False,True
6950,5,age,107346,107347,10010,3,True,10010,3,True,10010,3,True,True
6951,5,age,107348,107347,11000,1,False,11000,1,False,11000,1,False,True
6952,5,age,107348,107349,10010,3,True,10010,3,True,10010,3,True,True
6953,5,age,107409,107408,11000,1,False,11000,1,False,11000,1,False,True
6954,5,age,107409,107410,10010,3,True,10010,3,True,10010,3,True,True
6955,5,age,107411,107410,11000,1,False,11000,1,False,11000,1,False,True
6956,5,age,107411,107412,10010,3,True,10010,3,True,10010,3,True,True
6957,5,age,107465,107464,10110,3,True,10110,3,True,10110,3,True,True
6958,5,age,107465,107466,10000,1,False,10000,1,False,10000,1,False,True
6959,5,age,107472,107471,11110,1,False,11110,1,False,11110,1,False,True
6960,5,age,107472,107473,11110,1,False,11110,1,False,11110,1,False,True
6961,5,age,107474,107473,11000,1,False,11000,1,False,11000,1,False,True
6962,5,age,107474,107475,10010,3,True,10010,3,True,10010,3,True,True
6963,5,age,107537,107536,11000,1,False,11000,1,False,11000,1,False,True
6964,5,age,107537,107538,10010,3,True,10010,3,True,10010,3,True,True
6965,5,age,107600,107599,11000,1,False,11000,1,False,11000,1,False,True
6966,5,age,107600,107601,10010,3,True,10010,3,True,10010,3,True,True
6967,5,age,107661,107660,11000,1,False,11000,1,False,11000,1,False,True
6968,5,age,107661,107662,10010,3,True,10010,3,True,10010,3,True,True
6969,5,age,107663,107662,11000,1,False,11000,1,False,11000,1,False,True
6970,5,age,107663,107664,10010,3,True,10010,3,True,10010,3,True,True
6971,5,age,107724,107723,11000,1,False,11000,1,False,11000,1,False,True
6972,5,age,107724,107725,10010,3,True,10010,3,True,10010,3,True,True
6973,5,age,107726,107725,11000,1,False,11000,1,False,11000,1,False,True
6974,5,age,107726,107727,10010,3,True,10010,3,True,10010,3,True,True
6975,5,age,107780,107779,10110,3,True,10110,3,True,10110,3,True,True
6976,5,age,107780,107781,10000,1,False,10000,1,False,10000,1,False,True
6977,5,age,107787,107786,11110,1,False,11110,1,False,11110,1,False,True
6978,5,age,107787,107788,11110,1,False,11110,1,False,11110,1,False,True
6979,5,age,107789,107788,11000,1,False,11000,1,False,11000,1,False,True
6980,5,age,107789,107790,10010,3,True,10010,3,True,10010,3,True,True
6981,5,age,107852,107851,11000,1,False,11000,1,False,11000,1,False,True
6982,5,age,107852,107853,10010,3,True,10010,3,True,10010,3,True,True
6983,5,age,107915,107914,11000,1,False,11000,1,False,11000,1,False,True
6984,5,age,107915,107916,10010,3,True,10010,3,True,10010,3,True,True
6985,5,age,107976,107975,11000,1,False,11000,1,False,11000,1,False,True
6986,5,age,107976,107977,10010,3,True,10010,3,True,10010,3,True,True
6987,5,age,107978,107977,11000,1,False,11000,1,False,11000,1,False,True
6988,5,age,107978,107979,10010,3,True,10010,3,True,10010,3,True,True
6989,5,age,108039,108038,11000,1,False,11000,1,False,11000,1,False,True
6990,5,age,108039,108040,10010,3,True,10010,3,True,10010,3,True,True
6991,5,age,108041,108040,11000,1,False,11000,1,False,11000,1,False,True
6992,5,age,108041,108042,10010,3,True,10010,3,True,10010,3,True,True
6993,5,age,108095,108094,10110,3,True,10110,3,True,10110,3,True,True
6994,5,age,108095,108096,10000,1,False,10000,1,False,10000,1,False,True
6995,5,age,108102,108101,11110,1,False,11110,1,False,11110,1,False,True
6996,5,age,108102,108103,11110,1,False,11110,1,False,11110,1,False,True
6997,5,age,108104,108103,11000,1,False,11000,1,False,11000,1,False,True
6998,5,age,108104,108105,10010,3,True,10010,3,True,10010,3,True,True
6999,5,age,108167,108166,11000,1,False,11000,1,False,11000,1,False,True
7000,5,age,108167,108168,10010,3,True,10010,3,True,10010,3,True,True
7001,5,age,108230,108229,11000,1,False,11000,1,False,11000,1,False,True
7002,5,age,108230,108231,10010,3,True,10010,3,True,10010,3,True,True
7003,5,age,108291,108290,11000,1,False,11000,1,False,11000,1,False,True
7004,5,age,108291,108292,10010,3,True,10010,3,True,10010,3,True,True
7005,5,age,108293,108292,11000,1,False,11000,1,False,11000,1,False,True
7006,5,age,108293,108294,10010,3,True,10010,3,True,10010,3,True,True
7007,5,age,108354,108353,11000,1,False,11000,1,False,11000,1,False,True
7008,5,age,108354,108355,10010,3,True,10010,3,True,10010,3,True,True
7009,5,age,108356,108355,11000,1,False,11000,1,False,11000,1,False,True
7010,5,age,108356,108357,10010,3,True,10010,3,True,10010,3,True,True
7011,5,age,108410,108409,10110,3,True,10110,3,True,10110,3,True,True
7012,5,age,108410,108411,10000,1,False,10000,1,False,10000,1,False,True
7013,5,age,108417,108416,11110,1,False,11110,1,False,11110,1,False,True
7014,5,age,108417,108418,11110,1,False,11110,1,False,11110,1,False,True
7015,5,age,108419,108418,11000,1,False,11000,1,False,11000,1,False,True
7016,5,age,108419,108420,10010,3,True,10010,3,True,10010,3,True,True
7017,5,age,108482,108481,11000,1,False,11000,1,False,11000,1,False,True
7018,5,age,108482,108483,10010,3,True,10010,3,True,10010,3,True,True
7019,5,age,108545,108544,11000,1,False,11000,1,False,11000,1,False,True
7020,5,age,108545,108546,10010,3,True,10010,3,True,10010,3,True,True
7021,5,age,108606,108605,11000,1,False,11000,1,False,11000,1,False,True
7022,5,age,108606,108607,10010,3,True,10010,3,True,10010,3,True,True
7023,5,age,108608,108607,11000,1,False,11000,1,False,11000,1,False,True
7024,5,age,108608,108609,10010,3,True,10010,3,True,10010,3,True,True
7025,5,age,108669,108668,11000,1,False,11000,1,False,11000,1,False,True
7026,5,age,108669,108670,10010,3,True,10010,3,True,10010,3,True,True
7027,5,age,108671,108670,11000,1,False,11000,1,False,11000,1,False,True
7028,5,age,108671,108672,10010,3,True,10010,3,True,10010,3,True,True
7029,5,age,108725,108724,10110,3,True,10110,3,True,10110,3,True,True
7030,5,age,108725,108726,10000,1,False,10000,1,False,10000,1,False,True
7031,5,age,108732,108731,11110,1,False,11110,1,False,11110,1,False,True
7032,5,age,108732,108733,11110,1,False,11110,1,False,11110,1,False,True
7033,5,age,108734,108733,11000,1,False,11000,1,False,11000,1,False,True
7034,5,age,108734,108735,10010,3,True,10010,3,True,10010,3,True,True
7035,5,age,108797,108796,11000,1,False,11000,1,False,11000,1,False,True
7036,5,age,108797,108798,10010,3,True,10010,3,True,10010,3,True,True
7037,5,age,108860,108859,11000,1,False,11000,1,False,11000,1,False,True
7038,5,age,108860,108861,10010,3,True,10010,3,True,10010,3,True,True
7039,5,age,108921,108920,11000,1,False,11000,1,False,11000,1,False,True
7040,5,age,108921,108922,10010,3,True,10010,3,True,10010,3,True,True
7041,5,age,108923,108922,11000,1,False,11000,1,False,11000,1,False,True
7042,5,age,108923,108924,10010,3,True,10010,3,True,10010,3,True,True
7043,5,age,108984,108983,11000,1,False,11000,1,False,11000,1,False,True
7044,5,age,108984,108985,10010,3,True,10010,3,True,10010,3,True,True
7045,5,age,108986,108985,11000,1,False,11000,1,False,11000,1,False,True
7046,5,age,108986,108987,10010,3,True,10010,3,True,10010,3,True,True
7047,5,age,109040,109039,10110,3,True,10110,3,True,10110,3,True,True
7048,5,age,109040,109041,10000,1,False,10000,1,False,10000,1,False,True
7049,5,age,109047,109046,11110,1,False,11110,1,False,11110,1,False,True
7050,5,age,109047,109048,11110,1,False,11110,1,False,11110,1,False,True
7051,5,age,109049,109048,11000,1,False,11000,1,False,11000,1,False,True
7052,5,age,109049,109050,10010,3,True,10010,3,True,10010,3,True,True
7053,5,age,109112,109111,11000,1,False,11000,1,False,11000,1,False,True
7054,5,age,109112,109113,10010,3,True,10010,3,True,10010,3,True,True
7055,5,age,109175,109174,11000,1,False,11000,1,False,11000,1,False,True
7056,5,age,109175,109176,10010,3,True,10010,3,True,10010,3,True,True
7057,5,age,109236,109235,11000,1,False,11000,1,False,11000,1,False,True
7058,5,age,109236,109237,10010,3,True,10010,3,True,10010,3,True,True
7059,5,age,109238,109237,11000,1,False,11000,1,False,11000,1,False,True
7060,5,age,109238,109239,10010,3,True,10010,3,True,10010,3,True,True
7061,5,age,109299,109298,11000,1,False,11000,1,False,11000,1,False,True
7062,5,age,109299,109300,10010,3,True,10010,3,True,10010,3,True,True
7063,5,age,109301,109300,11000,1,False,11000,1,False,11000,1,False,True
7064,5,age,109301,109302,10010,3,True,10010,3,True,10010,3,True,True
7065,5,age,109355,109354,10110,3,True,10110,3,True,10110,3,True,True
7066,5,age,109355,109356,10000,1,False,10000,1,False,10000,1,False,True
7067,5,age,109362,109361,11110,1,False,11110,1,False,11110,1,False,True
7068,5,age,109362,109363,11110,1,False,11110,1,False,11110,1,False,True
7069,5,age,109364,109363,11000,1,False,11000,1,False,11000,1,False,True
7070,5,age,109364,109365,10010,3,True,10010,3,True,10010,3,True,True
7071,5,age,109427,109426,11000,1,False,11000,1,False,11000,1,False,True
7072,5,age,109427,109428,10010,3,True,10010,3,True,10010,3,True,True
7073,5,age,109490,109489,11000,1,False,11000,1,False,11000,1,False,True
7074,5,age,109490,109491,10010,3,True,10010,3,True,10010,3,True,True
7075,5,age,109551,109550,11000,1,False,11000,1,False,11000,1,False,True
7076,5,age,109551,109552,10010,3,True,10010,3,True,10010,3,True,True
7077,5,age,109553,109552,11000,1,False,11000,1,False,11000,1,False,True
7078,5,age,109553,109554,10010,3,True,10010,3,True,10010,3,True,True
7079,5,age,109614,109613,11000,1,False,11000,1,False,11000,1,False,True
7080,5,age,109614,109615,10010,3,True,10010,3,True,10010,3,True,True
7081,5,age,109616,109615,11000,1,False,11000,1,False,11000,1,False,True
7082,5,age,109616,109617,10010,3,True,10010,3,True,10010,3,True,True
7083,5,age,109670,109669,10110,3,True,10110,3,True,10110,3,True,True
7084,5,age,109670,109671,10000,1,False,10000,1,False,10000,1,False,True
7085,5,age,109677,109676,11110,1,False,11110,1,False,11110,1,False,True
7086,5,age,109677,109678,11110,1,False,11110,1,False,11110,1,False,True
7087,5,age,109679,109678,11000,1,False,11000,1,False,11000,1,False,True
7088,5,age,109679,109680,10010,3,True,10010,3,True,10010,3,True,True
7089,5,age,109742,109741,11000,1,False,11000,1,False,11000,1,False,True
7090,5,age,109742,109743,10010,3,True,10010,3,True,10010,3,True,True
7091,5,age,109805,109804,11000,1,False,11000,1,False,11000,1,False,True
7092,5,age,109805,109806,10010,3,True,10010,3,True,10010,3,True,True
7093,5,age,109866,109865,11000,1,False,11000,1,False,11000,1,False,True
7094,5,age,109866,109867,10010,3,True,10010,3,True,10010,3,True,True
7095,5,age,109868,109867,11000,1,False,11000,1,False,11000,1,False,True
7096,5,age,109868,109869,10010,3,True,10010,3,True,10010,3,True,True
7097,5,age,109929,109928,11000,1,False,11000,1,False,11000,1,False,True
7098,5,age,109929,109930,10010,3,True,10010,3,True,10010,3,True,True
7099,5,age,109931,109930,11000,1,False,11000,1,False,11000,1,False,True
7100,5,age,109931,109932,10010,3,True,10010,3,True,10010,3,True,True
7101,5,age,109985,109984,10110,3,True,10110,3,True,10110,3,True,True
7102,5,age,109985,109986,10000,1,False,10000,1,False,10000,1,False,True
7103,5,age,109992,109991,11110,1,False,11110,1,False,11110,1,False,True
7104,5,age,109992,109993,11110,1,False,11110,1,False,11110,1,False,True
7105,5,age,109994,109993,11000,1,False,11000,1,False,11000,1,False,True
7106,5,age,109994,109995,10010,3,True,10010,3,True,10010,3,True,True
7107,5,age,110057,110056,11000,1,False,11000,1,False,11000,1,False,True
7108,5,age,110057,110058,10010,3,True,10010,3,True,10010,3,True,True
7109,5,age,110120,110119,11000,1,False,11000,1,False,11000,1,False,True
7110,5,age,110120,110121,10010,3,True,10010,3,True,10010,3,True,True
7111,5,age,110181,110180,11000,1,False,11000,1,False,11000,1,False,True
7112,5,age,110181,110182,10010,3,True,10010,3,True,10010,3,True,True
7113,5,age,110183,110182,11000,1,False,11000,1,False,11000,1,False,True
7114,5,age,110183,110184,10010,3,True,10010,3,True,10010,3,True,True
7115,5,age,110244,110243,11000,1,False,11000,1,False,11000,1,False,True
7116,5,age,110244,110245,10010,3,True,10010,3,True,10010,3,True,True
7117,5,age,110246,110245,11000,1,False,11000,1,False,11000,1,False,True
7118,5,age,110246,110247,10010,3,True,10010,3,True,10010,3,True,True
7119,5,age,110300,110299,10110,3,True,10110,3,True,10110,3,True,True
7120,5,age,110300,110301,10000,1,False,10000,1,False,10000,1,False,True
7121,5,age,110307,110306,11110,1,False,11110,1,False,11110,1,False,True
7122,5,age,110307,110308,11110,1,False,11110,1,False,11110,1,False,True
7123,5,age,110309,110308,11000,1,False,11000,1,False,11000,1,False,True
7124,5,age,110309,110310,10010,3,True,10010,3,True,10010,3,True,True
7125,5,age,110372,110371,11000,1,False,11000,1,False,11000,1,False,True
7126,5,age,110372,110373,10010,3,True,10010,3,True,10010,3,True,True
7127,5,age,110435,110434,11000,1,False,11000,1,False,11000,1,False,True
7128,5,age,110435,110436,10010,3,True,10010,3,True,10010,3,True,True
7129,5,age,110496,110495,11000,1,False,11000,1,False,11000,1,False,True
7130,5,age,110496,110497,10010,3,True,10010,3,True,10010,3,True,True
7131,5,age,110498,110497,11000,1,False,11000,1,False,11000,1,False,True
7132,5,age,110498,110499,10010,3,True,10010,3,True,10010,3,True,True
7133,5,age,110559,110558,11000,1,False,11000,1,False,11000,1,False,True
7134,5,age,110559,110560,10010,3,True,10010,3,True,10010,3,True,True
7135,5,age,110561,110560,11000,1,False,11000,1,False,11000,1,False,True
7136,5,age,110561,110562,10010,3,True,10010,3,True,10010,3,True,True
7137,5,age,110615,110614,10110,3,True,10110,3,True,10110,3,True,True
7138,5,age,110615,110616,10000,1,False,10000,1,False,10000,1,False,True
7139,5,age,110622,110621,11110,1,False,11110,1,False,11110,1,False,True
7140,5,age,110622,110623,11110,1,False,11110,1,False,11110,1,False,True
7141,5,age,110624,110623,11000,1,False,11000,1,False,11000,1,False,True
7142,5,age,110624,110625,10010,3,True,10010,3,True,10010,3,True,True
7143,5,age,110687,110686,11000,1,False,11000,1,False,11000,1,False,True
7144,5,age,110687,110688,10010,3,True,10010,3,True,10010,3,True,True
7145,5,age,110750,110749,11000,1,False,11000,1,False,11000,1,False,True
7146,5,age,110750,110751,10010,3,True,10010,3,True,10010,3,True,True
7147,5,age,110811,110810,11000,1,False,11000,1,False,11000,1,False,True
7148,5,age,110811,110812,10010,3,True,10010,3,True,10010,3,True,True
7149,5,age,110813,110812,11000,1,False,11000,1,False,11000,1,False,True
7150,5,age,110813,110814,10010,3,True,10010,3,True,10010,3,True,True
7151,5,age,110874,110873,11000,1,False,11000,1,False,11000,1,False,True
7152,5,age,110874,110875,10010,3,True,10010,3,True,10010,3,True,True
7153,5,age,110876,110875,11000,1,False,11000,1,False,11000,1,False,True
7154,5,age,110876,110877,10010,3,True,10010,3,True,10010,3,True,True
7155,5,age,110930,110929,10110,3,True,10110,3,True,10110,3,True,True
7156,5,age,110930,110931,10000,1,False,10000,1,False,10000,1,False,True
7157,5,age,110937,110936,11110,1,False,11110,1,False,11110,1,False,True
7158,5,age,110937,110938,11110,1,False,11110,1,False,11110,1,False,True
7159,5,age,110939,110938,11000,1,False,11000,1,False,11000,1,False,True
7160,5,age,110939,110940,10010,3,True,10010,3,True,10010,3,True,True
7161,5,age,111002,111001,11000,1,False,11000,1,False,11000,1,False,True
7162,5,age,111002,111003,10010,3,True,10010,3,True,10010,3,True,True
7163,5,age,111065,111064,11000,1,False,11000,1,False,11000,1,False,True
7164,5,age,111065,111066,10010,3,True,10010,3,True,10010,3,True,True
7165,5,age,111126,111125,11000,1,False,11000,1,False,11000,1,False,True
7166,5,age,111126,111127,10010,3,True,10010,3,True,10010,3,True,True
7167,5,age,111128,111127,11000,1,False,11000,1,False,11000,1,False,True
7168,5,age,111128,111129,10010,3,True,10010,3,True,10010,3,True,True
7169,5,age,111189,111188,11000,1,False,11000,1,False,11000,1,False,True
7170,5,age,111189,111190,10010,3,True,10010,3,True,10010,3,True,True
7171,5,age,111191,111190,11000,1,False,11000,1,False,11000,1,False,True
7172,5,age,111191,111192,10010,3,True,10010,3,True,10010,3,True,True
7173,5,age,111245,111244,10110,3,True,10110,3,True,10110,3,True,True
7174,5,age,111245,111246,10000,1,False,10000,1,False,10000,1,False,True
7175,5,age,111252,111251,11110,1,False,11110,1,False,11110,1,False,True
7176,5,age,111252,111253,11110,1,False,11110,1,False,11110,1,False,True
7177,5,age,111254,111253,11000,1,False,11000,1,False,11000,1,False,True
7178,5,age,111254,111255,10010,3,True,10010,3,True,10010,3,True,True
7179,5,age,111317,111316,11000,1,False,11000,1,False,11000,1,False,True
7180,5,age,111317,111318,10010,3,True,10010,3,True,10010,3,True,True
7181,5,age,111380,111379,11000,1,False,11000,1,False,11000,1,False,True
7182,5,age,111380,111381,10010,3,True,10010,3,True,10010,3,True,True
7183,5,age,111441,111440,11000,1,False,11000,1,False,11000,1,False,True
7184,5,age,111441,111442,10010,3,True,10010,3,True,10010,3,True,True
7185,5,age,111443,111442,11000,1,False,11000,1,False,11000,1,False,True
7186,5,age,111443,111444,10010,3,True,10010,3,True,10010,3,True,True
7187,5,age,111504,111503,11000,1,False,11000,1,False,11000,1,False,True
7188,5,age,111504,111505,10010,3,True,10010,3,True,10010,3,True,True
7189,5,age,111506,111505,11000,1,False,11000,1,False,11000,1,False,True
7190,5,age,111506,111507,10010,3,True,10010,3,True,10010,3,True,True
7191,5,age,111560,111559,10110,3,True,10110,3,True,10110,3,True,True
7192,5,age,111560,111561,10000,1,False,10000,1,False,10000,1,False,True
7193,5,age,111567,111566,11110,1,False,11110,1,False,11110,1,False,True
7194,5,age,111567,111568,11110,1,False,11110,1,False,11110,1,False,True
7195,5,age,111569,111568,11000,1,False,11000,1,False,11000,1,False,True
7196,5,age,111569,111570,10010,3,True,10010,3,True,10010,3,True,True
7197,5,age,111632,111631,11000,1,False,11000,1,False,11000,1,False,True
7198,5,age,111632,111633,10010,3,True,10010,3,True,10010,3,True,True
7199,5,age,111695,111694,11000,1,False,11000,1,False,11000,1,False,True
7200,5,age,111695,111696,10010,3,True,10010,3,True,10010,3,True,True
7201,5,age,111756,111755,11000,1,False,11000,1,False,11000,1,False,True
7202,5,age,111756,111757,10010,3,True,10010,3,True,10010,3,True,True
7203,5,age,111758,111757,11000,1,False,11000,1,False,11000,1,False,True
7204,5,age,111758,111759,10010,3,True,10010,3,True,10010,3,True,True
7205,5,age,111819,111818,11000,1,False,11000,1,False,11000,1,False,True
7206,5,age,111819,111820,10010,3,True,10010,3,True,10010,3,True,True
7207,5,age,111821,111820,11000,1,False,11000,1,False,11000,1,False,True
7208,5,age,111821,111822,10010,3,True,10010,3,True,10010,3,True,True
7209,5,age,111875,111874,10110,3,True,10110,3,True,10110,3,True,True
7210,5,age,111875,111876,10000,1,False,10000,1,False,10000,1,False,True
7211,5,age,111882,111881,11110,1,False,11110,1,False,11110,1,False,True
7212,5,age,111882,111883,11110,1,False,11110,1,False,11110,1,False,True
7213,5,age,111884,111883,11000,1,False,11000,1,False,11000,1,False,True
7214,5,age,111884,111885,10010,3,True,10010,3,True,10010,3,True,True
7215,5,age,111947,111946,11000,1,False,11000,1,False,11000,1,False,True
7216,5,age,111947,111948,10010,3,True,10010,3,True,10010,3,True,True
7217,5,age,112010,112009,11000,1,False,11000,1,False,11000,1,False,True
7218,5,age,112010,112011,10010,3,True,10010,3,True,10010,3,True,True
7219,5,age,112071,112070,11000,1,False,11000,1,False,11000,1,False,True
7220,5,age,112071,112072,10010,3,True,10010,3,True,10010,3,True,True
7221,5,age,112073,112072,11000,1,False,11000,1,False,11000,1,False,True
7222,5,age,112073,112074,10010,3,True,10010,3,True,10010,3,True,True
7223,5,age,112134,112133,11000,1,False,11000,1,False,11000,1,False,True
7224,5,age,112134,112135,10010,3,True,10010,3,True,10010,3,True,True
7225,5,age,112136,112135,11000,1,False,11000,1,False,11000,1,False,True
7226,5,age,112136,112137,10010,3,True,10010,3,True,10010,3,True,True
7227,5,age,112190,112189,10110,3,True,10110,3,True,10110,3,True,True
7228,5,age,112190,112191,10000,1,False,10000,1,False,10000,1,False,True
7229,5,age,112197,112196,11110,1,False,11110,1,False,11110,1,False,True
7230,5,age,112197,112198,11110,1,False,11110,1,False,11110,1,False,True
7231,5,age,112199,112198,11000,1,False,11000,1,False,11000,1,False,True
7232,5,age,112199,112200,10010,3,True,10010,3,True,10010,3,True,True
7233,5,age,112262,112261,11000,1,False,11000,1,False,11000,1,False,True
7234,5,age,112262,112263,10010,3,True,10010,3,True,10010,3,True,True
7235,5,age,112325,112324,11000,1,False,11000,1,False,11000,1,False,True
7236,5,age,112325,112326,10010,3,True,10010,3,True,10010,3,True,True
7237,5,age,112386,112385,11000,1,False,11000,1,False,11000,1,False,True
7238,5,age,112386,112387,10010,3,True,10010,3,True,10010,3,True,True
7239,5,age,112388,112387,11000,1,False,11000,1,False,11000,1,False,True
7240,5,age,112388,112389,10010,3,True,10010,3,True,10010,3,True,True
7241,5,age,112449,112448,11000,1,False,11000,1,False,11000,1,False,True
7242,5,age,112449,112450,10010,3,True,10010,3,True,10010,3,True,True
7243,5,age,112451,112450,11000,1,False,11000,1,False,11000,1,False,True
7244,5,age,112451,112452,10010,3,True,10010,3,True,10010,3,True,True
7245,5,age,112505,112504,10110,3,True,10110,3,True,10110,3,True,True
7246,5,age,112505,112506,10000,1,False,10000,1,False,10000,1,False,True
7247,5,age,112512,112511,11110,1,False,11110,1,False,11110,1,False,True
7248,5,age,112512,112513,11110,1,False,11110,1,False,11110,1,False,True
7249,5,age,112514,112513,11000,1,False,11000,1,False,11000,1,False,True
7250,5,age,112514,112515,10010,3,True,10010,3,True,10010,3,True,True
7251,5,age,112577,112576,11000,1,False,11000,1,False,11000,1,False,True
7252,5,age,112577,112578,10010,3,True,10010,3,True,10010,3,True,True
7253,5,age,112640,112639,11000,1,False,11000,1,False,11000,1,False,True
7254,5,age,112640,112641,10010,3,True,10010,3,True,10010,3,True,True
7255,5,age,112701,112700,11000,1,False,11000,1,False,11000,1,False,True
7256,5,age,112701,112702,10010,3,True,10010,3,True,10010,3,True,True
7257,5,age,112703,112702,11000,1,False,11000,1,False,11000,1,False,True
7258,5,age,112703,112704,10010,3,True,10010,3,True,10010,3,True,True
7259,5,age,112764,112763,11000,1,False,11000,1,False,11000,1,False,True
7260,5,age,112764,112765,10010,3,True,10010,3,True,10010,3,True,True
7261,5,age,112766,112765,11000,1,False,11000,1,False,11000,1,False,True
7262,5,age,112766,112767,10010,3,True,10010,3,True,10010,3,True,True
7263,5,age,112820,112819,10110,3,True,10110,3,True,10110,3,True,True
7264,5,age,112820,112821,10000,1,False,10000,1,False,10000,1,False,True
7265,5,age,112827,112826,11110,1,False,11110,1,False,11110,1,False,True
7266,5,age,112827,112828,11110,1,False,11110,1,False,11110,1,False,True
7267,5,age,112829,112828,11000,1,False,11000,1,False,11000,1,False,True
7268,5,age,112829,112830,10010,3,True,10010,3,True,10010,3,True,True
7269,5,age,112892,112891,11000,1,False,11000,1,False,11000,1,False,True
7270,5,age,112892,112893,10010,3,True,10010,3,True,10010,3,True,True
7271,5,age,112955,112954,11000,1,False,11000,1,False,11000,1,False,True
7272,5,age,112955,112956,10010,3,True,10010,3,True,10010,3,True,True
7273,5,age,113016,113015,11000,1,False,11000,1,False,11000,1,False,True
7274,5,age,113016,113017,10010,3,True,10010,3,True,10010,3,True,True
7275,5,age,113018,113017,11000,1,False,11000,1,False,11000,1,False,True
7276,5,age,113018,113019,10010,3,True,10010,3,True,10010,3,True,True
7277,5,age,113079,113078,11000,1,False,11000,1,False,11000,1,False,True
7278,5,age,113079,113080,10010,3,True,10010,3,True,10010,3,True,True
7279,5,age,113081,113080,11000,1,False,11000,1,False,11000,1,False,True
7280,5,age,113081,113082,10010,3,True,10010,3,True,10010,3,True,True
7281,5,age,113135,113134,10110,3,True,10110,3,True,10110,3,True,True
7282,5,age,113135,113136,10000,1,False,10000,1,False,10000,1,False,True
7283,5,age,113142,113141,11110,1,False,11110,1,False,11110,1,False,True
7284,5,age,113142,113143,11110,1,False,11110,1,False,11110,1,False,True
7285,5,age,113144,113143,11000,1,False,11000,1,False,11000,1,False,True
7286,5,age,113144,113145,10010,3,True,10010,3,True,10010,3,True,True
7287,5,age,113207,113206,11000,1,False,11000,1,False,11000,1,False,True
7288,5,age,113207,113208,10010,3,True,10010,3,True,10010,3,True,True
7289,5,age,113270,113269,11000,1,False,11000,1,False,11000,1,False,True
7290,5,age,113270,113271,10010,3,True,10010,3,True,10010,3,True,True
7291,5,age,113331,113330,11000,1,False,11000,1,False,11000,1,False,True
7292,5,age,113331,113332,10010,3,True,10010,3,True,10010,3,True,True
7293,5,age,113333,113332,11000,1,False,11000,1,False,11000,1,False,True
7294,5,age,113333,113334,10010,3,True,10010,3,True,10010,3,True,True
7295,5,age,113394,113393,11000,1,False,11000,1,False,11000,1,False,True
7296,5,age,113394,113395,10010,3,True,10010,3,True,10010,3,True,True
7297,5,age,113396,113395,11000,1,False,11000,1,False,11000,1,False,True
7298,5,age,113396,113397,10010,3,True,10010,3,True,10010,3,True,True
7299,5,age,113450,113449,10110,3,True,10110,3,True,10110,3,True,True
7300,5,age,113450,113451,10000,1,False,10000,1,False,10000,1,False,True
7301,5,age,113457,113456,11110,1,False,11110,1,False,11110,1,False,True
7302,5,age,113457,113458,11110,1,False,11110,1,False,11110,1,False,True
7303,5,age,113459,113458,11000,1,False,11000,1,False,11000,1,False,True
7304,5,age,113459,113460,10010,3,True,10010,3,True,10010,3,True,True
7305,5,age,113522,113521,11000,1,False,11000,1,False,11000,1,False,True
7306,5,age,113522,113523,10010,3,True,10010,3,True,10010,3,True,True
7307,5,age,113585,113584,11000,1,False,11000,1,False,11000,1,False,True
7308,5,age,113585,113586,10010,3,True,10010,3,True,10010,3,True,True
7309,5,age,113646,113645,11000,1,False,11000,1,False,11000,1,False,True
7310,5,age,113646,113647,10010,3,True,10010,3,True,10010,3,True,True
7311,5,age,113648,113647,11000,1,False,11000,1,False,11000,1,False,True
7312,5,age,113648,113649,10010,3,True,10010,3,True,10010,3,True,True
7313,5,age,113709,113708,11000,1,False,11000,1,False,11000,1,False,True
7314,5,age,113709,113710,10010,3,True,10010,3,True,10010,3,True,True
7315,5,age,113711,113710,11000,1,False,11000,1,False,11000,1,False,True
7316,5,age,113711,113712,10010,3,True,10010,3,True,10010,3,True,True
7317,5,age,113765,113764,10110,3,True,10110,3,True,10110,3,True,True
7318,5,age,113765,113766,10000,1,False,10000,1,False,10000,1,False,True
7319,5,age,113772,113771,11110,1,False,11110,1,False,11110,1,False,True
7320,5,age,113772,113773,11110,1,False,11110,1,False,11110,1,False,True
7321,5,age,113774,113773,11000,1,False,11000,1,False,11000,1,False,True
7322,5,age,113774,113775,10010,3,True,10010,3,True,10010,3,True,True
7323,5,age,113837,113836,11000,1,False,11000,1,False,11000,1,False,True
7324,5,age,113837,113838,10010,3,True,10010,3,True,10010,3,True,True
7325,5,age,113900,113899,11000,1,False,11000,1,False,11000,1,False,True
7326,5,age,113900,113901,10010,3,True,10010,3,True,10010,3,True,True
7327,5,age,113961,113960,11000,1,False,11000,1,False,11000,1,False,True
7328,5,age,113961,113962,10010,3,True,10010,3,True,10010,3,True,True
7329,5,age,113963,113962,11000,1,False,11000,1,False,11000,1,False,True
7330,5,age,113963,113964,10010,3,True,10010,3,True,10010,3,True,True
7331,5,age,114024,114023,11000,1,False,11000,1,False,11000,1,False,True
7332,5,age,114024,114025,10010,3,True,10010,3,True,10010,3,True,True
7333,5,age,114026,114025,11000,1,False,11000,1,False,11000,1,False,True
7334,5,age,114026,114027,10010,3,True,10010,3,True,10010,3,True,True
7335,5,age,114080,114079,10110,3,True,10110,3,True,10110,3,True,True
7336,5,age,114080,114081,10000,1,False,10000,1,False,10000,1,False,True
7337,5,age,114087,114086,11110,1,False,11110,1,False,11110,1,False,True
7338,5,age,114087,114088,11110,1,False,11110,1,False,11110,1,False,True
7339,5,age,114089,114088,11000,1,False,11000,1,False,11000,1,False,True
7340,5,age,114089,114090,10010,3,True,10010,3,True,10010,3,True,True
7341,5,age,114152,114151,11000,1,False,11000,1,False,11000,1,False,True
7342,5,age,114152,114153,10010,3,True,10010,3,True,10010,3,True,True
7343,5,age,114215,114214,11000,1,False,11000,1,False,11000,1,False,True
7344,5,age,114215,114216,10010,3,True,10010,3,True,10010,3,True,True
7345,5,age,114276,114275,11000,1,False,11000,1,False,11000,1,False,True
7346,5,age,114276,114277,10010,3,True,10010,3,True,10010,3,True,True
7347,5,age,114278,114277,11000,1,False,11000,1,False,11000,1,False,True
7348,5,age,114278,114279,10010,3,True,10010,3,True,10010,3,True,True
7349,5,age,114339,114338,11000,1,False,11000,1,False,11000,1,False,True
7350,5,age,114339,114340,10010,3,True,10010,3,True,10010,3,True,True
7351,5,age,114341,114340,11000,1,False,11000,1,False,11000,1,False,True
7352,5,age,114341,114342,10010,3,True,10010,3,True,10010,3,True,True
7353,5,age,114395,114394,10110,3,True,10110,3,True,10110,3,True,True
7354,5,age,114395,114396,10000,1,False,10000,1,False,10000,1,False,True
7355,5,age,114402,114401,11110,1,False,11110,1,False,11110,1,False,True
7356,5,age,114402,114403,11110,1,False,11110,1,False,11110,1,False,True
7357,5,age,114404,114403,11000,1,False,11000,1,False,11000,1,False,True
7358,5,age,114404,114405,10010,3,True,10010,3,True,10010,3,True,True
7359,5,age,114467,114466,11000,1,False,11000,1,False,11000,1,False,True
7360,5,age,114467,114468,10010,3,True,10010,3,True,10010,3,True,True
7361,5,age,114530,114529,11000,1,False,11000,1,False,11000,1,False,True
7362,5,age,114530,114531,10010,3,True,10010,3,True,10010,3,True,True
7363,5,age,114591,114590,11000,1,False,11000,1,False,11000,1,False,True
7364,5,age,114591,114592,10010,3,True,10010,3,True,10010,3,True,True
7365,5,age,114593,114592,11000,1,False,11000,1,False,11000,1,False,True
7366,5,age,114593,114594,10010,3,True,10010,3,True,10010,3,True,True
7367,5,age,114654,114653,11000,1,False,11000,1,False,11000,1,False,True
7368,5,age,114654,114655,10010,3,True,10010,3,True,10010,3,True,True
7369,5,age,114656,114655,11000,1,False,11000,1,False,11000,1,False,True
7370,5,age,114656,114657,10010,3,True,10010,3,True,10010,3,True,True
7371,5,age,114710,114709,10110,3,True,10110,3,True,10110,3,True,True
7372,5,age,114710,114711,10000,1,False,10000,1,False,10000,1,False,True
7373,5,age,114717,114716,11110,1,False,11110,1,False,11110,1,False,True
7374,5,age,114717,114718,11110,1,False,11110,1,False,11110,1,False,True
7375,5,age,114719,114718,11000,1,False,11000,1,False,11000,1,False,True
7376,5,age,114719,114720,10010,3,True,10010,3,True,10010,3,True,True
7377,5,age,114782,114781,11000,1,False,11000,1,False,11000,1,False,True
7378,5,age,114782,114783,10010,3,True,10010,3,True,10010,3,True,True
7379,5,age,114845,114844,11000,1,False,11000,1,False,11000,1,False,True
7380,5,age,114845,114846,10010,3,True,10010,3,True,10010,3,True,True
7381,5,age,114906,114905,11000,1,False,11000,1,False,11000,1,False,True
7382,5,age,114906,114907,10010,3,True,10010,3,True,10010,3,True,True
7383,5,age,114908,114907,11000,1,False,11000,1,False,11000,1,False,True
7384,5,age,114908,114909,10010,3,True,10010,3,True,10010,3,True,True
7385,5,age,114969,114968,11000,1,False,11000,1,False,11000,1,False,True
7386,5,age,114969,114970,10010,3,True,10010,3,True,10010,3,True,True
7387,5,age,114971,114970,11000,1,False,11000,1,False,11000,1,False,True
7388,5,age,114971,114972,10010,3,True,10010,3,True,10010,3,True,True
7389,5,age,115025,115024,10110,3,True,10110,3,True,10110,3,True,True
7390,5,age,115025,115026,10000,1,False,10000,1,False,10000,1,False,True
7391,5,age,115032,115031,11110,1,False,11110,1,False,11110,1,False,True
7392,5,age,115032,115033,11110,1,False,11110,1,False,11110,1,False,True
7393,5,age,115034,115033,11000,1,False,11000,1,False,11000,1,False,True
7394,5,age,115034,115035,10010,3,True,10010,3,True,10010,3,True,True
7395,5,age,115097,115096,11000,1,False,11000,1,False,11000,1,False,True
7396,5,age,115097,115098,10010,3,True,10010,3,True,10010,3,True,True
7397,5,age,115160,115159,11000,1,False,11000,1,False,11000,1,False,True
7398,5,age,115160,115161,10010,3,True,10010,3,True,10010,3,True,True
7399,5,age,115221,115220,11000,1,False,11000,1,False,11000,1,False,True
7400,5,age,115221,115222,10010,3,True,10010,3,True,10010,3,True,True
7401,5,age,115223,115222,11000,1,False,11000,1,False,11000,1,False,True
7402,5,age,115223,115224,10010,3,True,10010,3,True,10010,3,True,True
7403,5,age,115284,115283,11000,1,False,11000,1,False,11000,1,False,True
7404,5,age,115284,115285,10010,3,True,10010,3,True,10010,3,True,True
7405,5,age,115286,115285,11000,1,False,11000,1,False,11000,1,False,True
7406,5,age,115286,115287,10010,3,True,10010,3,True,10010,3,True,True
7407,5,age,115340,115339,10110,3,True,10110,3,True,10110,3,True,True
7408,5,age,115340,115341,10000,1,False,10000,1,False,10000,1,False,True
7409,5,age,115347,115346,11110,1,False,11110,1,False,11110,1,False,True
7410,5,age,115347,115348,11110,1,False,11110,1,False,11110,1,False,True
7411,5,age,115349,115348,11000,1,False,11000,1,False,11000,1,False,True
7412,5,age,115349,115350,10010,3,True,10010,3,True,10010,3,True,True
7413,5,age,115412,115411,11000,1,False,11000,1,False,11000,1,False,True
7414,5,age,115412,115413,10010,3,True,10010,3,True,10010,3,True,True
7415,5,age,115475,115474,11000,1,False,11000,1,False,11000,1,False,True
7416,5,age,115475,115476,10010,3,True,10010,3,True,10010,3,True,True
7417,5,age,115536,115535,11000,1,False,11000,1,False,11000,1,False,True
7418,5,age,115536,115537,10010,3,True,10010,3,True,10010,3,True,True
7419,5,age,115538,115537,11000,1,False,11000,1,False,11000,1,False,True
7420,5,age,115538,115539,10010,3,True,10010,3,True,10010,3,True,True
7421,5,age,115599,115598,11000,1,False,11000,1,False,11000,1,False,True
7422,5,age,115599,115600,10010,3,True,10010,3,True,10010,3,True,True
7423,5,age,115601,115600,11000,1,False,11000,1,False,11000,1,False,True
7424,5,age,115601,115602,10010,3,True,10010,3,True,10010,3,True,True
7425,5,age,115655,115654,10110,3,True,10110,3,True,10110,3,True,True
7426,5,age,115655,115656,10000,1,False,10000,1,False,10000,1,False,True
7427,5,age,115662,115661,11110,1,False,11110,1,False,11110,1,False,True
7428,5,age,115662,115663,11110,1,False,11110,1,False,11110,1,False,True
7429,5,age,115664,115663,11000,1,False,11000,1,False,11000,1,False,True
7430,5,age,115664,115665,10010,3,True,10010,3,True,10010,3,True,True
7431,5,age,115727,115726,11000,1,False,11000,1,False,11000,1,False,True
7432,5,age,115727,115728,10010,3,True,10010,3,True,10010,3,True,True
7433,5,age,115790,115789,11000,1,False,11000,1,False,11000,1,False,True
7434,5,age,115790,115791,10010,3,True,10010,3,True,10010,3,True,True
7435,5,age,115851,115850,11000,1,False,11000,1,False,11000,1,False,True
7436,5,age,115851,115852,10010,3,True,10010,3,True,10010,3,True,True
7437,5,age,115853,115852,11000,1,False,11000,1,False,11000,1,False,True
7438,5,age,115853,115854,10010,3,True,10010,3,True,10010,3,True,True
7439,5,age,115914,115913,11000,1,False,11000,1,False,11000,1,False,True
7440,5,age,115914,115915,10010,3,True,10010,3,True,10010,3,True,True
7441,5,age,115916,115915,11000,1,False,11000,1,False,11000,1,False,True
7442,5,age,115916,115917,10010,3,True,10010,3,True,10010,3,True,True
7443,5,age,115970,115969,10110,3,True,10110,3,True,10110,3,True,True
7444,5,age,115970,115971,10000,1,False,10000,1,False,10000,1,False,True
7445,5,age,115977,115976,11110,1,False,11110,1,False,11110,1,False,True
7446,5,age,115977,115978,11110,1,False,11110,1,False,11110,1,False,True
7447,5,age,115979,115978,11000,1,False,11000,1,False,11000,1,False,True
7448,5,age,115979,115980,10010,3,True,10010,3,True,10010,3,True,True
7449,5,age,116042,116041,11000,1,False,11000,1,False,11000,1,False,True
7450,5,age,116042,116043,10010,3,True,10010,3,True,10010,3,True,True
7451,5,age,116105,116104,11000,1,False,11000,1,False,11000,1,False,True
7452,5,age,116105,116106,10010,3,True,10010,3,True,10010,3,True,True
7453,5,age,116166,116165,11000,1,False,11000,1,False,11000,1,False,True
7454,5,age,116166,116167,10010,3,True,10010,3,True,10010,3,True,True
7455,5,age,116168,116167,11000,1,False,11000,1,False,11000,1,False,True
7456,5,age,116168,116169,10010,3,True,10010,3,True,10010,3,True,True
7457,5,age,116229,116228,11000,1,False,11000,1,False,11000,1,False,True
7458,5,age,116229,116230,10010,3,True,10010,3,True,10010,3,True,True
7459,5,age,116231,116230,11000,1,False,11000,1,False,11000,1,False,True
7460,5,age,116231,116232,10010,3,True,10010,3,True,10010,3,True,True
7461,5,age,116285,116284,10110,3,True,10110,3,True,10110,3,True,True
7462,5,age,116285,116286,10000,1,False,10000,1,False,10000,1,False,True
7463,5,age,116292,116291,11110,1,False,11110,1,False,11110,1,False,True
7464,5,age,116292,116293,11110,1,False,11110,1,False,11110,1,False,True
7465,5,age,116294,116293,11000,1,False,11000,1,False,11000,1,False,True
7466,5,age,116294,116295,10010,3,True,10010,3,True,10010,3,True,True
7467,5,age,116357,116356,11000,1,False,11000,1,False,11000,1,False,True
7468,5,age,116357,116358,10010,3,True,10010,3,True,10010,3,True,True
7469,5,age,116420,116419,11000,1,False,11000,1,False,11000,1,False,True
7470,5,age,116420,116421,10010,3,True,10010,3,True,10010,3,True,True
7471,5,age,116481,116480,11000,1,False,11000,1,False,11000,1,False,True
7472,5,age,116481,116482,10010,3,True,10010,3,True,10010,3,True,True
7473,5,age,116483,116482,11000,1,False,11000,1,False,11000,1,False,True
7474,5,age,116483,116484,10010,3,True,10010,3,True,10010,3,True,True
7475,5,age,116544,116543,11000,1,False,11000,1,False,11000,1,False,True
7476,5,age,116544,116545,10010,3,True,10010,3,True,10010,3,True,True
7477,5,age,116546,116545,11000,1,False,11000,1,False,11000,1,False,True
7478,5,age,116546,116547,10010,3,True,10010,3,True,10010,3,True,True
7479,5,age,116600,116599,10110,3,True,10110,3,True,10110,3,True,True
7480,5,age,116600,116601,10000,1,False,10000,1,False,10000,1,False,True
7481,5,age,116607,116606,11110,1,False,11110,1,False,11110,1,False,True
7482,5,age,116607,116608,11110,1,False,11110,1,False,11110,1,False,True
7483,5,age,116609,116608,11000,1,False,11000,1,False,11000,1,False,True
7484,5,age,116609,116610,10010,3,True,10010,3,True,10010,3,True,True
7485,5,age,116672,116671,11000,1,False,11000,1,False,11000,1,False,True
7486,5,age,116672,116673,10010,3,True,10010,3,True,10010,3,True,True
7487,5,age,116735,116734,11000,1,False,11000,1,False,11000,1,False,True
7488,5,age,116735,116736,10010,3,True,10010,3,True,10010,3,True,True
7489,5,age,116796,116795,11000,1,False,11000,1,False,11000,1,False,True
7490,5,age,116796,116797,10010,3,True,10010,3,True,10010,3,True,True
7491,5,age,116798,116797,11000,1,False,11000,1,False,11000,1,False,True
7492,5,age,116798,116799,10010,3,True,10010,3,True,10010,3,True,True
7493,5,age,116859,116858,11000,1,False,11000,1,False,11000,1,False,True
7494,5,age,116859,116860,10010,3,True,10010,3,True,10010,3,True,True
7495,5,age,116861,116860,11000,1,False,11000,1,False,11000,1,False,True
7496,5,age,116861,116862,10010,3,True,10010,3,True,10010,3,True,True
7497,5,age,116915,116914,10110,3,True,10110,3,True,10110,3,True,True
7498,5,age,116915,116916,10000,1,False,10000,1,False,10000,1,False,True
7499,5,age,116922,116921,11110,1,False,11110,1,False,11110,1,False,True
7500,5,age,116922,116923,11110,1,False,11110,1,False,11110,1,False,True
7501,5,age,116924,116923,11000,1,False,11000,1,False,11000,1,False,True
7502,5,age,116924,116925,10010,3,True,10010,3,True,10010,3,True,True
7503,5,age,116987,116986,11000,1,False,11000,1,False,11000,1,False,True
7504,5,age,116987,116988,10010,3,True,10010,3,True,10010,3,True,True
7505,5,age,117050,117049,11000,1,False,11000,1,False,11000,1,False,True
7506,5,age,117050,117051,10010,3,True,10010,3,True,10010,3,True,True
7507,5,age,117111,117110,11000,1,False,11000,1,False,11000,1,False,True
7508,5,age,117111,117112,10010,3,True,10010,3,True,10010,3,True,True
7509,5,age,117113,117112,11000,1,False,11000,1,False,11000,1,False,True
7510,5,age,117113,117114,10010,3,True,10010,3,True,10010,3,True,True
7511,5,age,117174,117173,11000,1,False,11000,1,False,11000,1,False,True
7512,5,age,117174,117175,10010,3,True,10010,3,True,10010,3,True,True
7513,5,age,117176,117175,11000,1,False,11000,1,False,11000,1,False,True
7514,5,age,117176,117177,10010,3,True,10010,3,True,10010,3,True,True
7515,5,age,117230,117229,10110,3,True,10110,3,True,10110,3,True,True
7516,5,age,117230,117231,10000,1,False,10000,1,False,10000,1,False,True
7517,5,age,117237,117236,11110,1,False,11110,1,False,11110,1,False,True
7518,5,age,117237,117238,11110,1,False,11110,1,False,11110,1,False,True
7519,5,age,117239,117238,11000,1,False,11000,1,False,11000,1,False,True
7520,5,age,117239,117240,10010,3,True,10010,3,True,10010,3,True,True
7521,5,age,117302,117301,11000,1,False,11000,1,False,11000,1,False,True
7522,5,age,117302,117303,10010,3,True,10010,3,True,10010,3,True,True
7523,5,age,117365,117364,11000,1,False,11000,1,False,11000,1,False,True
7524,5,age,117365,117366,10010,3,True,10010,3,True,10010,3,True,True
7525,5,age,117426,117425,11000,1,False,11000,1,False,11000,1,False,True
7526,5,age,117426,117427,10010,3,True,10010,3,True,10010,3,True,True
7527,5,age,117428,117427,11000,1,False,11000,1,False,11000,1,False,True
7528,5,age,117428,117429,10010,3,True,10010,3,True,10010,3,True,True
7529,5,age,117489,117488,11000,1,False,11000,1,False,11000,1,False,True
7530,5,age,117489,117490,10010,3,True,10010,3,True,10010,3,True,True
7531,5,age,117491,117490,11000,1,False,11000,1,False,11000,1,False,True
7532,5,age,117491,117492,10010,3,True,10010,3,True,10010,3,True,True
7533,5,age,117545,117544,10110,3,True,10110,3,True,10110,3,True,True
7534,5,age,117545,117546,10000,1,False,10000,1,False,10000,1,False,True
7535,5,age,117552,117551,11110,1,False,11110,1,False,11110,1,False,True
7536,5,age,117552,117553,11110,1,False,11110,1,False,11110,1,False,True
7537,5,age,117554,117553,11000,1,False,11000,1,False,11000,1,False,True
7538,5,age,117554,117555,10010,3,True,10010,3,True,10010,3,True,True
7539,5,age,117617,117616,11000,1,False,11000,1,False,11000,1,False,True
7540,5,age,117617,117618,10010,3,True,10010,3,True,10010,3,True,True
7541,5,age,117680,117679,11000,1,False,11000,1,False,11000,1,False,True
7542,5,age,117680,117681,10010,3,True,10010,3,True,10010,3,True,True
7543,5,age,117741,117740,11000,1,False,11000,1,False,11000,1,False,True
7544,5,age,117741,117742,10010,3,True,10010,3,True,10010,3,True,True
7545,5,age,117743,117742,11000,1,False,11000,1,False,11000,1,False,True
7546,5,age,117743,117744,10010,3,True,10010,3,True,10010,3,True,True
7547,5,age,117804,117803,11000,1,False,11000,1,False,11000,1,False,True
7548,5,age,117804,117805,10010,3,True,10010,3,True,10010,3,True,True
7549,5,age,117806,117805,11000,1,False,11000,1,False,11000,1,False,True
7550,5,age,117806,117807,10010,3,True,10010,3,True,10010,3,True,True
7551,5,age,117860,117859,10110,3,True,10110,3,True,10110,3,True,True
7552,5,age,117860,117861,10000,1,False,10000,1,False,10000,1,False,True
7553,5,age,117867,117866,11110,1,False,11110,1,False,11110,1,False,True
7554,5,age,117867,117868,11110,1,False,11110,1,False,11110,1,False,True
7555,5,age,117869,117868,11000,1,False,11000,1,False,11000,1,False,True
7556,5,age,117869,117870,10010,3,True,10010,3,True,10010,3,True,True
7557,5,age,117932,117931,11000,1,False,11000,1,False,11000,1,False,True
7558,5,age,117932,117933,10010,3,True,10010,3,True,10010,3,True,True
7559,5,age,117995,117994,11000,1,False,11000,1,False,11000,1,False,True
7560,5,age,117995,117996,10010,3,True,10010,3,True,10010,3,True,True
7561,5,age,118056,118055,11000,1,False,11000,1,False,11000,1,False,True
7562,5,age,118056,118057,10010,3,True,10010,3,True,10010,3,True,True
7563,5,age,118058,118057,11000,1,False,11000,1,False,11000,1,False,True
7564,5,age,118058,118059,10010,3,True,10010,3,True,10010,3,True,True
7565,5,age,118119,118118,11000,1,False,11000,1,False,11000,1,False,True
7566,5,age,118119,118120,10010,3,True,10010,3,True,10010,3,True,True
7567,5,age,118121,118120,11000,1,False,11000,1,False,11000,1,False,True
7568,5,age,118121,118122,10010,3,True,10010,3,True,10010,3,True,True
7569,5,age,118175,118174,10110,3,True,10110,3,True,10110,3,True,True
7570,5,age,118175,118176,10000,1,False,10000,1,False,10000,1,False,True
7571,5,age,118182,118181,11110,1,False,11110,1,False,11110,1,False,True
7572,5,age,118182,118183,11110,1,False,11110,1,False,11110,1,False,True
7573,5,age,118184,118183,11000,1,False,11000,1,False,11000,1,False,True
7574,5,age,118184,118185,10010,3,True,10010,3,True,10010,3,True,True
7575,5,age,118247,118246,11000,1,False,11000,1,False,11000,1,False,True
7576,5,age,118247,118248,10010,3,True,10010,3,True,10010,3,True,True
7577,5,age,118310,118309,11000,1,False,11000,1,False,11000,1,False,True
7578,5,age,118310,118311,10010,3,True,10010,3,True,10010,3,True,True
7579,5,age,118371,118370,11000,1,False,11000,1,False,11000,1,False,True
7580,5,age,118371,118372,10010,3,True,10010,3,True,10010,3,True,True
7581,5,age,118373,118372,11000,1,False,11000,1,False,11000,1,False,True
7582,5,age,118373,118374,10010,3,True,10010,3,True,10010,3,True,True
7583,5,age,118434,118433,11000,1,False,11000,1,False,11000,1,False,True
7584,5,age,118434,118435,10010,3,True,10010,3,True,10010,3,True,True
7585,5,age,118436,118435,11000,1,False,11000,1,False,11000,1,False,True
7586,5,age,118436,118437,10010,3,True,10010,3,True,10010,3,True,True
7587,5,age,118490,118489,10110,3,True,10110,3,True,10110,3,True,True
7588,5,age,118490,118491,10000,1,False,10000,1,False,10000,1,False,True
7589,5,age,118497,118496,11110,1,False,11110,1,False,11110,1,False,True
7590,5,age,118497,118498,11110,1,False,11110,1,False,11110,1,False,True
7591,5,age,118499,118498,11000,1,False,11000,1,False,11000,1,False,True
7592,5,age,118499,118500,10010,3,True,10010,3,True,10010,3,True,True
7593,5,age,118562,118561,11000,1,False,11000,1,False,11000,1,False,True
7594,5,age,118562,118563,10010,3,True,10010,3,True,10010,3,True,True
7595,5,age,118625,118624,11000,1,False,11000,1,False,11000,1,False,True
7596,5,age,118625,118626,10010,3,True,10010,3,True,10010,3,True,True
7597,5,age,118686,118685,11000,1,False,11000,1,False,11000,1,False,True
7598,5,age,118686,118687,10010,3,True,10010,3,True,10010,3,True,True
7599,5,age,118688,118687,11000,1,False,11000,1,False,11000,1,False,True
7600,5,age,118688,118689,10010,3,True,10010,3,True,10010,3,True,True
7601,5,age,118749,118748,11000,1,False,11000,1,False,11000,1,False,True
7602,5,age,118749,118750,10010,3,True,10010,3,True,10010,3,True,True
7603,5,age,118751,118750,11000,1,False,11000,1,False,11000,1,False,True
7604,5,age,118751,118752,10010,3,True,10010,3,True,10010,3,True,True
7605,5,age,118805,118804,10110,3,True,10110,3,True,10110,3,True,True
7606,5,age,118805,118806,10000,1,False,10000,1,False,10000,1,False,True
7607,5,age,118812,118811,11110,1,False,11110,1,False,11110,1,False,True
7608,5,age,118812,118813,11110,1,False,11110,1,False,11110,1,False,True
7609,5,age,118814,118813,11000,1,False,11000,1,False,11000,1,False,True
7610,5,age,118814,118815,10010,3,True,10010,3,True,10010,3,True,True
7611,5,age,118877,118876,11000,1,False,11000,1,False,11000,1,False,True
7612,5,age,118877,118878,10010,3,True,10010,3,True,10010,3,True,True
7613,5,age,118940,118939,11000,1,False,11000,1,False,11000,1,False,True
7614,5,age,118940,118941,10010,3,True,10010,3,True,10010,3,True,True
7615,5,age,119001,119000,11000,1,False,11000,1,False,11000,1,False,True
7616,5,age,119001,119002,10010,3,True,10010,3,True,10010,3,True,True
7617,5,age,119003,119002,11000,1,False,11000,1,False,11000,1,False,True
7618,5,age,119003,119004,10010,3,True,10010,3,True,10010,3,True,True
7619,5,age,119064,119063,11000,1,False,11000,1,False,11000,1,False,True
7620,5,age,119064,119065,10010,3,True,10010,3,True,10010,3,True,True
7621,5,age,119066,119065,11000,1,False,11000,1,False,11000,1,False,True
7622,5,age,119066,119067,10010,3,True,10010,3,True,10010,3,True,True
7623,5,age,119120,119119,10110,3,True,10110,3,True,10110,3,True,True
7624,5,age,119120,119121,10000,1,False,10000,1,False,10000,1,False,True
7625,5,age,119127,119126,11110,1,False,11110,1,False,11110,1,False,True
7626,5,age,119127,119128,11110,1,False,11110,1,False,11110,1,False,True
7627,5,age,119129,119128,11000,1,False,11000,1,False,11000,1,False,True
7628,5,age,119129,119130,10010,3,True,10010,3,True,10010,3,True,True
7629,5,age,119192,119191,11000,1,False,11000,1,False,11000,1,False,True
7630,5,age,119192,119193,10010,3,True,10010,3,True,10010,3,True,True
7631,5,age,119255,119254,11000,1,False,11000,1,False,11000,1,False,True
7632,5,age,119255,119256,10010,3,True,10010,3,True,10010,3,True,True
7633,5,age,119316,119315,11000,1,False,11000,1,False,11000,1,False,True
7634,5,age,119316,119317,10010,3,True,10010,3,True,10010,3,True,True
7635,5,age,119318,119317,11000,1,False,11000,1,False,11000,1,False,True
7636,5,age,119318,119319,10010,3,True,10010,3,True,10010,3,True,True
7637,5,age,119379,119378,11000,1,False,11000,1,False,11000,1,False,True
7638,5,age,119379,119380,10010,3,True,10010,3,True,10010,3,True,True
7639,5,age,119381,119380,11000,1,False,11000,1,False,11000,1,False,True
7640,5,age,119381,119382,10010,3,True,10010,3,True,10010,3,True,True
7641,5,age,119435,119434,10110,3,True,10110,3,True,10110,3,True,True
7642,5,age,119435,119436,10000,1,False,10000,1,False,10000,1,False,True
7643,5,age,119442,119441,11110,1,False,11110,1,False,11110,1,False,True
7644,5,age,119442,119443,11110,1,False,11110,1,False,11110,1,False,True
7645,5,age,119444,119443,11000,1,False,11000,1,False,11000,1,False,True
7646,5,age,119444,119445,10010,3,True,10010,3,True,10010,3,True,True
7647,5,age,119507,119506,11000,1,False,11000,1,False,11000,1,False,True
7648,5,age,119507,119508,10010,3,True,10010,3,True,10010,3,True,True
7649,5,age,119570,119569,11000,1,False,11000,1,False,11000,1,False,True
7650,5,age,119570,119571,10010,3,True,10010,3,True,10010,3,True,True
7651,5,age,119631,119630,11000,1,False,11000,1,False,11000,1,False,True
7652,5,age,119631,119632,10010,3,True,10010,3,True,10010,3,True,True
7653,5,age,119633,119632,11000,1,False,11000,1,False,11000,1,False,True
7654,5,age,119633,119634,10010,3,True,10010,3,True,10010,3,True,True
7655,5,age,119694,119693,11000,1,False,11000,1,False,11000,1,False,True
7656,5,age,119694,119695,10010,3,True,10010,3,True,10010,3,True,True
7657,5,age,119696,119695,11000,1,False,11000,1,False,11000,1,False,True
7658,5,age,119696,119697,10010,3,True,10010,3,True,10010,3,True,True
7659,5,age,119750,119749,10110,3,True,10110,3,True,10110,3,True,True
7660,5,age,119750,119751,10000,1,False,10000,1,False,10000,1,False,True
7661,5,age,119757,119756,11110,1,False,11110,1,False,11110,1,False,True
7662,5,age,119757,119758,11110,1,False,11110,1,False,11110,1,False,True
7663,5,age,119759,119758,11000,1,False,11000,1,False,11000,1,False,True
7664,5,age,119759,119760,10010,3,True,10010,3,True,10010,3,True,True
7665,5,age,119822,119821,11000,1,False,11000,1,False,11000,1,False,True
7666,5,age,119822,119823,10010,3,True,10010,3,True,10010,3,True,True
7667,5,age,119885,119884,11000,1,False,11000,1,False,11000,1,False,True
7668,5,age,119885,119886,10010,3,True,10010,3,True,10010,3,True,True
7669,5,age,119946,119945,11000,1,False,11000,1,False,11000,1,False,True
7670,5,age,119946,119947,10010,3,True,10010,3,True,10010,3,True,True
7671,5,age,119948,119947,11000,1,False,11000,1,False,11000,1,False,True
7672,5,age,119948,119949,10010,3,True,10010,3,True,10010,3,True,True
7673,5,age,120009,120008,11000,1,False,11000,1,False,11000,1,False,True
7674,5,age,120009,120010,10010,3,True,10010,3,True,10010,3,True,True
7675,5,age,120011,120010,11000,1,False,11000,1,False,11000,1,False,True
7676,5,age,120011,120012,10010,3,True,10010,3,True,10010,3,True,True
7677,5,age,120065,120064,10110,3,True,10110,3,True,10110,3,True,True
7678,5,age,120065,120066,10000,1,False,10000,1,False,10000,1,False,True
7679,5,age,120072,120071,11110,1,False,11110,1,False,11110,1,False,True
7680,5,age,120072,120073,11110,1,False,11110,1,False,11110,1,False,True
7681,5,age,120074,120073,11000,1,False,11000,1,False,11000,1,False,True
7682,5,age,120074,120075,10010,3,True,10010,3,True,10010,3,True,True
7683,5,age,120137,120136,11000,1,False,11000,1,False,11000,1,False,True
7684,5,age,120137,120138,10010,3,True,10010,3,True,10010,3,True,True
7685,5,age,120200,120199,11000,1,False,11000,1,False,11000,1,False,True
7686,5,age,120200,120201,10010,3,True,10010,3,True,10010,3,True,True
7687,5,age,120261,120260,11000,1,False,11000,1,False,11000,1,False,True
7688,5,age,120261,120262,10010,3,True,10010,3,True,10010,3,True,True
7689,5,age,120263,120262,11000,1,False,11000,1,False,11000,1,False,True
7690,5,age,120263,120264,10010,3,True,10010,3,True,10010,3,True,True
7691,5,age,120324,120323,11000,1,False,11000,1,False,11000,1,False,True
7692,5,age,120324,120325,10010,3,True,10010,3,True,10010,3,True,True
7693,5,age,120326,120325,11000,1,False,11000,1,False,11000,1,False,True
7694,5,age,120326,120327,10010,3,True,10010,3,True,10010,3,True,True
7695,5,age,120380,120379,10110,3,True,10110,3,True,10110,3,True,True
7696,5,age,120380,120381,10000,1,False,10000,1,False,10000,1,False,True
7697,5,age,120387,120386,11110,1,False,11110,1,False,11110,1,False,True
7698,5,age,120387,120388,11110,1,False,11110,1,False,11110,1,False,True
7699,5,age,120389,120388,11000,1,False,11000,1,False,11000,1,False,True
7700,5,age,120389,120390,10010,3,True,10010,3,True,10010,3,True,True
7701,5,age,120452,120451,11000,1,False,11000,1,False,11000,1,False,True
7702,5,age,120452,120453,10010,3,True,10010,3,True,10010,3,True,True
7703,5,age,120515,120514,11000,1,False,11000,1,False,11000,1,False,True
7704,5,age,120515,120516,10010,3,True,10010,3,True,10010,3,True,True
7705,5,age,120576,120575,11000,1,False,11000,1,False,11000,1,False,True
7706,5,age,120576,120577,10010,3,True,10010,3,True,10010,3,True,True
7707,5,age,120578,120577,11000,1,False,11000,1,False,11000,1,False,True
7708,5,age,120578,120579,10010,3,True,10010,3,True,10010,3,True,True
7709,5,age,120639,120638,11000,1,False,11000,1,False,11000,1,False,True
7710,5,age,120639,120640,10010,3,True,10010,3,True,10010,3,True,True
7711,5,age,120641,120640,11000,1,False,11000,1,False,11000,1,False,True
7712,5,age,120641,120642,10010,3,True,10010,3,True,10010,3,True,True
7713,5,age,120695,120694,10110,3,True,10110,3,True,10110,3,True,True
7714,5,age,120695,120696,10000,1,False,10000,1,False,10000,1,False,True
7715,5,age,120702,120701,11110,1,False,11110,1,False,11110,1,False,True
7716,5,age,120702,120703,11110,1,False,11110,1,False,11110,1,False,True
7717,5,age,120704,120703,11000,1,False,11000,1,False,11000,1,False,True
7718,5,age,120704,120705,10010,3,True,10010,3,True,10010,3,True,True
7719,5,age,120767,120766,11000,1,False,11000,1,False,11000,1,False,True
7720,5,age,120767,120768,10010,3,True,10010,3,True,10010,3,True,True
7721,5,age,120830,120829,11000,1,False,11000,1,False,11000,1,False,True
7722,5,age,120830,120831,10010,3,True,10010,3,True,10010,3,True,True
7723,5,age,120891,120890,11000,1,False,11000,1,False,11000,1,False,True
7724,5,age,120891,120892,10010,3,True,10010,3,True,10010,3,True,True
7725,5,age,120893,120892,11000,1,False,11000,1,False,11000,1,False,True
7726,5,age,120893,120894,10010,3,True,10010,3,True,10010,3,True,True
7727,5,age,120954,120953,11000,1,False,11000,1,False,11000,1,False,True
7728,5,age,120954,120955,10010,3,True,10010,3,True,10010,3,True,True
7729,5,age,120956,120955,11000,1,False,11000,1,False,11000,1,False,True
7730,5,age,120956,120957,10010,3,True,10010,3,True,10010,3,True,True
7731,5,age,121010,121009,10110,3,True,10110,3,True,10110,3,True,True
7732,5,age,121010,121011,10000,1,False,10000,1,False,10000,1,False,True
7733,5,age,121017,121016,11110,1,False,11110,1,False,11110,1,False,True
7734,5,age,121017,121018,11110,1,False,11110,1,False,11110,1,False,True
7735,5,age,121019,121018,11000,1,False,11000,1,False,11000,1,False,True
7736,5,age,121019,121020,10010,3,True,10010,3,True,10010,3,True,True
7737,5,age,121082,121081,11000,1,False,11000,1,False,11000,1,False,True
7738,5,age,121082,121083,10010,3,True,10010,3,True,10010,3,True,True
7739,5,age,121145,121144,11000,1,False,11000,1,False,11000,1,False,True
7740,5,age,121145,121146,10010,3,True,10010,3,True,10010,3,True,True
7741,5,age,121206,121205,11000,1,False,11000,1,False,11000,1,False,True
7742,5,age,121206,121207,10010,3,True,10010,3,True,10010,3,True,True
7743,5,age,121208,121207,11000,1,False,11000,1,False,11000,1,False,True
7744,5,age,121208,121209,10010,3,True,10010,3,True,10010,3,True,True
7745,5,age,121269,121268,11000,1,False,11000,1,False,11000,1,False,True
7746,5,age,121269,121270,10010,3,True,10010,3,True,10010,3,True,True
7747,5,age,121271,121270,11000,1,False,11000,1,False,11000,1,False,True
7748,5,age,121271,121272,10010,3,True,10010,3,True,10010,3,True,True
7749,5,age,121325,121324,10110,3,True,10110,3,True,10110,3,True,True
7750,5,age,121325,121326,10000,1,False,10000,1,False,10000,1,False,True
7751,5,age,121332,121331,11110,1,False,11110,1,False,11110,1,False,True
7752,5,age,121332,121333,11110,1,False,11110,1,False,11110,1,False,True
7753,5,age,121334,121333,11000,1,False,11000,1,False,11000,1,False,True
7754,5,age,121334,121335,10010,3,True,10010,3,True,10010,3,True,True
7755,5,age,121397,121396,11000,1,False,11000,1,False,11000,1,False,True
7756,5,age,121397,121398,10010,3,True,10010,3,True,10010,3,True,True
7757,5,age,121460,121459,11000,1,False,11000,1,False,11000,1,False,True
7758,5,age,121460,121461,10010,3,True,10010,3,True,10010,3,True,True
7759,5,age,121521,121520,11000,1,False,11000,1,False,11000,1,False,True
7760,5,age,121521,121522,10010,3,True,10010,3,True,10010,3,True,True
7761,5,age,121523,121522,11000,1,False,11000,1,False,11000,1,False,True
7762,5,age,121523,121524,10010,3,True,10010,3,True,10010,3,True,True
7763,5,age,121584,121583,11000,1,False,11000,1,False,11000,1,False,True
7764,5,age,121584,121585,10010,3,True,10010,3,True,10010,3,True,True
7765,5,age,121586,121585,11000,1,False,11000,1,False,11000,1,False,True
7766,5,age,121586,121587,10010,3,True,10010,3,True,10010,3,True,True
7767,5,age,121640,121639,10110,3,True,10110,3,True,10110,3,True,True
7768,5,age,121640,121641,10000,1,False,10000,1,False,10000,1,False,True
7769,5,age,121647,121646,11110,1,False,11110,1,False,11110,1,False,True
7770,5,age,121647,121648,11110,1,False,11110,1,False,11110,1,False,True
7771,5,age,121649,121648,11000,1,False,11000,1,False,11000,1,False,True
7772,5,age,121649,121650,10010,3,True,10010,3,True,10010,3,True,True
7773,5,age,121712,121711,11000,1,False,11000,1,False,11000,1,False,True
7774,5,age,121712,121713,10010,3,True,10010,3,True,10010,3,True,True
7775,5,age,121775,121774,11000,1,False,11000,1,False,11000,1,False,True
7776,5,age,121775,121776,10010,3,True,10010,3,True,10010,3,True,True
7777,5,age,121836,121835,11000,1,False,11000,1,False,11000,1,False,True
7778,5,age,121836,121837,10010,3,True,10010,3,True,10010,3,True,True
7779,5,age,121838,121837,11000,1,False,11000,1,False,11000,1,False,True
7780,5,age,121838,121839,10010,3,True,10010,3,True,10010,3,True,True
7781,5,age,121899,121898,11000,1,False,11000,1,False,11000,1,False,True
7782,5,age,121899,121900,10010,3,True,10010,3,True,10010,3,True,True
7783,5,age,121901,121900,11000,1,False,11000,1,False,11000,1,False,True
7784,5,age,121901,121902,10010,3,True,10010,3,True,10010,3,True,True
7785,5,age,121955,121954,10110,3,True,10110,3,True,10110,3,True,True
7786,5,age,121955,121956,10000,1,False,10000,1,False,10000,1,False,True
7787,5,age,121962,121961,11110,1,False,11110,1,False,11110,1,False,True
7788,5,age,121962,121963,11110,1,False,11110,1,False,11110,1,False,True
7789,5,age,121964,121963,11000,1,False,11000,1,False,11000,1,False,True
7790,5,age,121964,121965,10010,3,True,10010,3,True,10010,3,True,True
7791,5,age,122027,122026,11000,1,False,11000,1,False,11000,1,False,True
7792,5,age,122027,122028,10010,3,True,10010,3,True,10010,3,True,True
7793,5,age,122090,122089,11000,1,False,11000,1,False,11000,1,False,True
7794,5,age,122090,122091,10010,3,True,10010,3,True,10010,3,True,True
7795,5,age,122151,122150,11000,1,False,11000,1,False,11000,1,False,True
7796,5,age,122151,122152,10010,3,True,10010,3,True,10010,3,True,True
7797,5,age,122153,122152,11000,1,False,11000,1,False,11000,1,False,True
7798,5,age,122153,122154,10010,3,True,10010,3,True,10010,3,True,True
7799,5,age,122214,122213,11000,1,False,11000,1,False,11000,1,False,True
7800,5,age,122214,122215,10010,3,True,10010,3,True,10010,3,True,True
7801,5,age,122216,122215,11000,1,False,11000,1,False,11000,1,False,True
7802,5,age,122216,122217,10010,3,True,10010,3,True,10010,3,True,True
7803,5,age,122270,122269,10110,3,True,10110,3,True,10110,3,True,True
7804,5,age,122270,122271,10000,1,False,10000,1,False,10000,1,False,True
7805,5,age,122277,122276,11110,1,False,11110,1,False,11110,1,False,True
7806,5,age,122277,122278,11110,1,False,11110,1,False,11110,1,False,True
7807,5,age,122279,122278,11000,1,False,11000,1,False,11000,1,False,True
7808,5,age,122279,122280,10010,3,True,10010,3,True,10010,3,True,True
7809,5,age,122342,122341,11000,1,False,11000,1,False,11000,1,False,True
7810,5,age,122342,122343,10010,3,True,10010,3,True,10010,3,True,True
7811,5,age,122405,122404,11000,1,False,11000,1,False,11000,1,False,True
7812,5,age,122405,122406,10010,3,True,10010,3,True,10010,3,True,True
7813,5,age,122466,122465,11000,1,False,11000,1,False,11000,1,False,True
7814,5,age,122466,122467,10010,3,True,10010,3,True,10010,3,True,True
7815,5,age,122468,122467,11000,1,False,11000,1,False,11000,1,False,True
7816,5,age,122468,122469,10010,3,True,10010,3,True,10010,3,True,True
7817,5,age,122529,122528,11000,1,False,11000,1,False,11000,1,False,True
7818,5,age,122529,122530,10010,3,True,10010,3,True,10010,3,True,True
7819,5,age,122531,122530,11000,1,False,11000,1,False,11000,1,False,True
7820,5,age,122531,122532,10010,3,True,10010,3,True,10010,3,True,True
7821,5,age,122585,122584,10110,3,True,10110,3,True,10110,3,True,True
7822,5,age,122585,122586,10000,1,False,10000,1,False,10000,1,False,True
7823,5,age,122592,122591,11110,1,False,11110,1,False,11110,1,False,True
7824,5,age,122592,122593,11110,1,False,11110,1,False,11110,1,False,True
7825,5,age,122594,122593,11000,1,False,11000,1,False,11000,1,False,True
7826,5,age,122594,122595,10010,3,True,10010,3,True,10010,3,True,True
7827,5,age,122657,122656,11000,1,False,11000,1,False,11000,1,False,True
7828,5,age,122657,122658,10010,3,True,10010,3,True,10010,3,True,True
7829,5,age,122720,122719,11000,1,False,11000,1,False,11000,1,False,True
7830,5,age,122720,122721,10010,3,True,10010,3,True,10010,3,True,True
7831,5,age,122781,122780,11000,1,False,11000,1,False,11000,1,False,True
7832,5,age,122781,122782,10010,3,True,10010,3,True,10010,3,True,True
7833,5,age,122783,122782,11000,1,False,11000,1,False,11000,1,False,True
7834,5,age,122783,122784,10010,3,True,10010,3,True,10010,3,True,True
7835,5,age,122844,122843,11000,1,False,11000,1,False,11000,1,False,True
7836,5,age,122844,122845,10010,3,True,10010,3,True,10010,3,True,True
7837,5,age,122846,122845,11000,1,False,11000,1,False,11000,1,False,True
7838,5,age,122846,122847,10010,3,True,10010,3,True,10010,3,True,True
7839,5,age,124671,124670,11000,1,False,11000,1,False,11000,1,False,True
7840,5,age,124671,124672,10010,3,True,10010,3,True,10010,3,True,True
7841,5,age,124734,124733,11000,1,False,11000,1,False,11000,1,False,True
7842,5,age,124734,124735,10010,3,True,10010,3,True,10010,3,True,True
7843,5,age,124986,124985,11000,1,False,11000,1,False,11000,1,False,True
7844,5,age,124986,124987,10010,3,True,10010,3,True,10010,3,True,True
7845,5,age,125049,125048,11000,1,False,11000,1,False,11000,1,False,True
7846,5,age,125049,125050,10010,3,True,10010,3,True,10010,3,True,True
7847,5,age,125301,125300,11000,1,False,11000,1,False,11000,1,False,True
7848,5,age,125301,125302,10010,3,True,10010,3,True,10010,3,True,True
7849,5,age,125364,125363,11000,1,False,11000,1,False,11000,1,False,True
7850,5,age,125364,125365,10010,3,True,10010,3,True,10010,3,True,True
7851,5,age,125616,125615,11000,1,False,11000,1,False,11000,1,False,True
7852,5,age,125616,125617,10010,3,True,10010,3,True,10010,3,True,True
7853,5,age,125679,125678,11000,1,False,11000,1,False,11000,1,False,True
7854,5,age,125679,125680,10010,3,True,10010,3,True,10010,3,True,True
7855,5,age,125931,125930,11000,1,False,11000,1,False,11000,1,False,True
7856,5,age,125931,125932,10010,3,True,10010,3,True,10010,3,True,True
7857,5,age,125994,125993,11000,1,False,11000,1,False,11000,1,False,True
7858,5,age,125994,125995,10010,3,True,10010,3,True,10010,3,True,True
7859,5,age,126050,126049,10110,3,True,10110,3,True,10110,3,True,True
7860,5,age,126050,126051,10000,1,False,10000,1,False,10000,1,False,True
7861,5,age,126057,126056,11110,1,False,11110,1,False,11110,1,False,True
7862,5,age,126057,126058,11110,1,False,11110,1,False,11110,1,False,True
7863,5,age,126059,126058,11000,1,False,11000,1,False,11000,1,False,True
7864,5,age,126059,126060,10010,3,True,10010,3,True,10010,3,True,True
7865,5,age,126122,126121,11000,1,False,11000,1,False,11000,1,False,True
7866,5,age,126122,126123,10010,3,True,10010,3,True,10010,3,True,True
7867,5,age,126185,126184,11000,1,False,11000,1,False,11000,1,False,True
7868,5,age,126185,126186,10010,3,True,10010,3,True,10010,3,True,True
7869,5,age,126246,126245,11000,1,False,11000,1,False,11000,1,False,True
7870,5,age,126246,126247,10010,3,True,10010,3,True,10010,3,True,True
7871,5,age,126248,126247,11000,1,False,11000,1,False,11000,1,False,True
7872,5,age,126248,126249,10010,3,True,10010,3,True,10010,3,True,True
7873,5,age,126309,126308,11000,1,False,11000,1,False,11000,1,False,True
7874,5,age,126309,126310,10010,3,True,10010,3,True,10010,3,True,True
7875,5,age,126311,126310,11000,1,False,11000,1,False,11000,1,False,True
7876,5,age,126311,126312,10010,3,True,10010,3,True,10010,3,True,True
7877,5,age,126365,126364,10110,3,True,10110,3,True,10110,3,True,True
7878,5,age,126365,126366,10000,1,False,10000,1,False,10000,1,False,True
7879,5,age,126372,126371,11110,1,False,11110,1,False,11110,1,False,True
7880,5,age,126372,126373,11110,1,False,11110,1,False,11110,1,False,True
7881,5,age,126374,126373,11000,1,False,11000,1,False,11000,1,False,True
7882,5,age,126374,126375,10010,3,True,10010,3,True,10010,3,True,True
7883,5,age,126437,126436,11000,1,False,11000,1,False,11000,1,False,True
7884,5,age,126437,126438,10010,3,True,10010,3,True,10010,3,True,True
7885,5,age,126500,126499,11000,1,False,11000,1,False,11000,1,False,True
7886,5,age,126500,126501,10010,3,True,10010,3,True,10010,3,True,True
7887,5,age,126561,126560,11000,1,False,11000,1,False,11000,1,False,True
7888,5,age,126561,126562,10010,3,True,10010,3,True,10010,3,True,True
7889,5,age,126563,126562,11000,1,False,11000,1,False,11000,1,False,True
7890,5,age,126563,126564,10010,3,True,10010,3,True,10010,3,True,True
7891,5,age,126624,126623,11000,1,False,11000,1,False,11000,1,False,True
7892,5,age,126624,126625,10010,3,True,10010,3,True,10010,3,True,True
7893,5,age,126626,126625,11000,1,False,11000,1,False,11000,1,False,True
7894,5,age,126626,126627,10010,3,True,10010,3,True,10010,3,True,True
7895,5,age,126680,126679,10110,3,True,10110,3,True,10110,3,True,True
7896,5,age,126680,126681,10000,1,False,10000,1,False,10000,1,False,True
7897,5,age,126687,126686,11110,1,False,11110,1,False,11110,1,False,True
7898,5,age,126687,126688,11110,1,False,11110,1,False,11110,1,False,True
7899,5,age,126689,126688,11000,1,False,11000,1,False,11000,1,False,True
7900,5,age,126689,126690,10010,3,True,10010,3,True,10010,3,True,True
7901,5,age,126752,126751,11000,1,False,11000,1,False,11000,1,False,True
7902,5,age,126752,126753,10010,3,True,10010,3,True,10010,3,True,True
7903,5,age,126815,126814,11000,1,False,11000,1,False,11000,1,False,True
7904,5,age,126815,126816,10010,3,True,10010,3,True,10010,3,True,True
7905,5,age,126876,126875,11000,1,False,11000,1,False,11000,1,False,True
7906,5,age,126876,126877,10010,3,True,10010,3,True,10010,3,True,True
7907,5,age,126878,126877,11000,1,False,11000,1,False,11000,1,False,True
7908,5,age,126878,126879,10010,3,True,10010,3,True,10010,3,True,True
7909,5,age,126939,126938,11000,1,False,11000,1,False,11000,1,False,True
7910,5,age,126939,126940,10010,3,True,10010,3,True,10010,3,True,True
7911,5,age,126941,126940,11000,1,False,11000,1,False,11000,1,False,True
7912,5,age,126941,126942,10010,3,True,10010,3,True,10010,3,True,True
7913,5,age,126995,126994,10110,3,True,10110,3,True,10110,3,True,True
7914,5,age,126995,126996,10000,1,False,10000,1,False,10000,1,False,True
7915,5,age,127002,127001,11110,1,False,11110,1,False,11110,1,False,True
7916,5,age,127002,127003,11110,1,False,11110,1,False,11110,1,False,True
7917,5,age,127004,127003,11000,1,False,11000,1,False,11000,1,False,True
7918,5,age,127004,127005,10010,3,True,10010,3,True,10010,3,True,True
7919,5,age,127067,127066,11000,1,False,11000,1,False,11000,1,False,True
7920,5,age,127067,127068,10010,3,True,10010,3,True,10010,3,True,True
7921,5,age,127130,127129,11000,1,False,11000,1,False,11000,1,False,True
7922,5,age,127130,127131,10010,3,True,10010,3,True,10010,3,True,True
7923,5,age,127191,127190,11000,1,False,11000,1,False,11000,1,False,True
7924,5,age,127191,127192,10010,3,True,10010,3,True,10010,3,True,True
7925,5,age,127193,127192,11000,1,False,11000,1,False,11000,1,False,True
7926,5,age,127193,127194,10010,3,True,10010,3,True,10010,3,True,True
7927,5,age,127254,127253,11000,1,False,11000,1,False,11000,1,False,True
7928,5,age,127254,127255,10010,3,True,10010,3,True,10010,3,True,True
7929,5,age,127256,127255,11000,1,False,11000,1,False,11000,1,False,True
7930,5,age,127256,127257,10010,3,True,10010,3,True,10010,3,True,True
7931,5,age,127310,127309,10110,3,True,10110,3,True,10110,3,True,True
7932,5,age,127310,127311,10000,1,False,10000,1,False,10000,1,False,True
7933,5,age,127317,127316,11110,1,False,11110,1,False,11110,1,False,True
7934,5,age,127317,127318,11110,1,False,11110,1,False,11110,1,False,True
7935,5,age,127319,127318,11000,1,False,11000,1,False,11000,1,False,True
7936,5,age,127319,127320,10010,3,True,10010,3,True,10010,3,True,True
7937,5,age,127382,127381,11000,1,False,11000,1,False,11000,1,False,True
7938,5,age,127382,127383,10010,3,True,10010,3,True,10010,3,True,True
7939,5,age,127445,127444,11000,1,False,11000,1,False,11000,1,False,True
7940,5,age,127445,127446,10010,3,True,10010,3,True,10010,3,True,True
7941,5,age,127506,127505,11000,1,False,11000,1,False,11000,1,False,True
7942,5,age,127506,127507,10010,3,True,10010,3,True,10010,3,True,True
7943,5,age,127508,127507,11000,1,False,11000,1,False,11000,1,False,True
7944,5,age,127508,127509,10010,3,True,10010,3,True,10010,3,True,True
7945,5,age,127569,127568,11000,1,False,11000,1,False,11000,1,False,True
7946,5,age,127569,127570,10010,3,True,10010,3,True,10010,3,True,True
7947,5,age,127571,127570,11000,1,False,11000,1,False,11000,1,False,True
7948,5,age,127571,127572,10010,3,True,10010,3,True,10010,3,True,True
7949,5,age,127625,127624,10110,3,True,10110,3,True,10110,3,True,True
7950,5,age,127625,127626,10000,1,False,10000,1,False,10000,1,False,True
7951,5,age,127632,127631,11110,1,False,11110,1,False,11110,1,False,True
7952,5,age,127632,127633,11110,1,False,11110,1,False,11110,1,False,True
7953,5,age,127634,127633,11000,1,False,11000,1,False,11000,1,False,True
7954,5,age,127634,127635,10010,3,True,10010,3,True,10010,3,True,True
7955,5,age,127697,127696,11000,1,False,11000,1,False,11000,1,False,True
7956,5,age,127697,127698,10010,3,True,10010,3,True,10010,3,True,True
7957,5,age,127760,127759,11000,1,False,11000,1,False,11000,1,False,True
7958,5,age,127760,127761,10010,3,True,10010,3,True,10010,3,True,True
7959,5,age,127821,127820,11000,1,False,11000,1,False,11000,1,False,True
7960,5,age,127821,127822,10010,3,True,10010,3,True,10010,3,True,True
7961,5,age,127823,127822,11000,1,False,11000,1,False,11000,1,False,True
7962,5,age,127823,127824,10010,3,True,10010,3,True,10010,3,True,True
7963,5,age,127884,127883,11000,1,False,11000,1,False,11000,1,False,True
7964,5,age,127884,127885,10010,3,True,10010,3,True,10010,3,True,True
7965,5,age,127886,127885,11000,1,False,11000,1,False,11000,1,False,True
7966,5,age,127886,127887,10010,3,True,10010,3,True,10010,3,True,True
7967,5,age,127940,127939,10110,3,True,10110,3,True,10110,3,True,True
7968,5,age,127940,127941,10000,1,False,10000,1,False,10000,1,False,True
7969,5,age,127947,127946,11110,1,False,11110,1,False,11110,1,False,True
7970,5,age,127947,127948,11110,1,False,11110,1,False,11110,1,False,True
7971,5,age,127949,127948,11000,1,False,11000,1,False,11000,1,False,True
7972,5,age,127949,127950,10010,3,True,10010,3,True,10010,3,True,True
7973,5,age,128012,128011,11000,1,False,11000,1,False,11000,1,False,True
7974,5,age,128012,128013,10010,3,True,10010,3,True,10010,3,True,True
7975,5,age,128075,128074,11000,1,False,11000,1,False,11000,1,False,True
7976,5,age,128075,128076,10010,3,True,10010,3,True,10010,3,True,True
7977,5,age,128136,128135,11000,1,False,11000,1,False,11000,1,False,True
7978,5,age,128136,128137,10010,3,True,10010,3,True,10010,3,True,True
7979,5,age,128138,128137,11000,1,False,11000,1,False,11000,1,False,True
7980,5,age,128138,128139,10010,3,True,10010,3,True,10010,3,True,True
7981,5,age,128199,128198,11000,1,False,11000,1,False,11000,1,False,True
7982,5,age,128199,128200,10010,3,True,10010,3,True,10010,3,True,True
7983,5,age,128201,128200,11000,1,False,11000,1,False,11000,1,False,True
7984,5,age,128201,128202,10010,3,True,10010,3,True,10010,3,True,True
7985,5,age,128255,128254,10110,3,True,10110,3,True,10110,3,True,True
7986,5,age,128255,128256,10000,1,False,10000,1,False,10000,1,False,True
7987,5,age,128262,128261,11110,1,False,11110,1,False,11110,1,False,True
7988,5,age,128262,128263,11110,1,False,11110,1,False,11110,1,False,True
7989,5,age,128264,128263,11000,1,False,11000,1,False,11000,1,False,True
7990,5,age,128264,128265,10010,3,True,10010,3,True,10010,3,True,True
7991,5,age,128327,128326,11000,1,False,11000,1,False,11000,1,False,True
7992,5,age,128327,128328,10010,3,True,10010,3,True,10010,3,True,True
7993,5,age,128390,128389,11000,1,False,11000,1,False,11000,1,False,True
7994,5,age,128390,128391,10010,3,True,10010,3,True,10010,3,True,True
7995,5,age,128451,128450,11000,1,False,11000,1,False,11000,1,False,True
7996,5,age,128451,128452,10010,3,True,10010,3,True,10010,3,True,True
7997,5,age,128453,128452,11000,1,False,11000,1,False,11000,1,False,True
7998,5,age,128453,128454,10010,3,True,10010,3,True,10010,3,True,True
7999,5,age,128514,128513,11000,1,False,11000,1,False,11000,1,False,True
8000,5,age,128514,128515,10010,3,True,10010,3,True,10010,3,True,True
8001,5,age,128516,128515,11000,1,False,11000,1,False,11000,1,False,True
8002,5,age,128516,128517,10010,3,True,10010,3,True,10010,3,True,True
8003,5,age,128570,128569,10110,3,True,10110,3,True,10110,3,True,True
8004,5,age,128570,128571,10000,1,False,10000,1,False,10000,1,False,True
8005,5,age,128577,128576,11110,1,False,11110,1,False,11110,1,False,True
8006,5,age,128577,128578,11110,1,False,11110,1,False,11110,1,False,True
8007,5,age,128579,128578,11000,1,False,11000,1,False,11000,1,False,True
8008,5,age,128579,128580,10010,3,True,10010,3,True,10010,3,True,True
8009,5,age,128642,128641,11000,1,False,11000,1,False,11000,1,False,True
8010,5,age,128642,128643,10010,3,True,10010,3,True,10010,3,True,True
8011,5,age,128705,128704,11000,1,False,11000,1,False,11000,1,False,True
8012,5,age,128705,128706,10010,3,True,10010,3,True,10010,3,True,True
8013,5,age,128766,128765,11000,1,False,11000,1,False,11000,1,False,True
8014,5,age,128766,128767,10010,3,True,10010,3,True,10010,3,True,True
8015,5,age,128768,128767,11000,1,False,11000,1,False,11000,1,False,True
8016,5,age,128768,128769,10010,3,True,10010,3,True,10010,3,True,True
8017,5,age,128829,128828,11000,1,False,11000,1,False,11000,1,False,True
8018,5,age,128829,128830,10010,3,True,10010,3,True,10010,3,True,True
8019,5,age,128831,128830,11000,1,False,11000,1,False,11000,1,False,True
8020,5,age,128831,128832,10010,3,True,10010,3,True,10010,3,True,True
8021,5,age,128885,128884,10110,3,True,10110,3,True,10110,3,True,True
8022,5,age,128885,128886,10000,1,False,10000,1,False,10000,1,False,True
8023,5,age,128892,128891,11110,1,False,11110,1,False,11110,1,False,True
8024,5,age,128892,128893,11110,1,False,11110,1,False,11110,1,False,True
8025,5,age,128894,128893,11000,1,False,11000,1,False,11000,1,False,True
8026,5,age,128894,128895,10010,3,True,10010,3,True,10010,3,True,True
8027,5,age,128957,128956,11000,1,False,11000,1,False,11000,1,False,True
8028,5,age,128957,128958,10010,3,True,10010,3,True,10010,3,True,True
8029,5,age,129020,129019,11000,1,False,11000,1,False,11000,1,False,True
8030,5,age,129020,129021,10010,3,True,10010,3,True,10010,3,True,True
8031,5,age,129081,129080,11000,1,False,11000,1,False,11000,1,False,True
8032,5,age,129081,129082,10010,3,True,10010,3,True,10010,3,True,True
8033,5,age,129083,129082,11000,1,False,11000,1,False,11000,1,False,True
8034,5,age,129083,129084,10010,3,True,10010,3,True,10010,3,True,True
8035,5,age,129144,129143,11000,1,False,11000,1,False,11000,1,False,True
8036,5,age,129144,129145,10010,3,True,10010,3,True,10010,3,True,True
8037,5,age,129146,129145,11000,1,False,11000,1,False,11000,1,False,True
8038,5,age,129146,129147,10010,3,True,10010,3,True,10010,3,True,True
8039,5,age,129200,129199,10110,3,True,10110,3,True,10110,3,True,True
8040,5,age,129200,129201,10000,1,False,10000,1,False,10000,1,False,True
8041,5,age,129207,129206,11110,1,False,11110,1,False,11110,1,False,True
8042,5,age,129207,129208,11110,1,False,11110,1,False,11110,1,False,True
8043,5,age,129209,129208,11000,1,False,11000,1,False,11000,1,False,True
8044,5,age,129209,129210,10010,3,True,10010,3,True,10010,3,True,True
8045,5,age,129272,129271,11000,1,False,11000,1,False,11000,1,False,True
8046,5,age,129272,129273,10010,3,True,10010,3,True,10010,3,True,True
8047,5,age,129335,129334,11000,1,False,11000,1,False,11000,1,False,True
8048,5,age,129335,129336,10010,3,True,10010,3,True,10010,3,True,True
8049,5,age,129396,129395,11000,1,False,11000,1,False,11000,1,False,True
8050,5,age,129396,129397,10010,3,True,10010,3,True,10010,3,True,True
8051,5,age,129398,129397,11000,1,False,11000,1,False,11000,1,False,True
8052,5,age,129398,129399,10010,3,True,10010,3,True,10010,3,True,True
8053,5,age,129459,129458,11000,1,False,11000,1,False,11000,1,False,True
8054,5,age,129459,129460,10010,3,True,10010,3,True,10010,3,True,True
8055,5,age,129461,129460,11000,1,False,11000,1,False,11000,1,False,True
8056,5,age,129461,129462,10010,3,True,10010,3,True,10010,3,True,True
8057,5,age,129515,129514,10110,3,True,10110,3,True,10110,3,True,True
8058,5,age,129515,129516,10000,1,False,10000,1,False,10000,1,False,True
8059,5,age,129522,129521,11110,1,False,11110,1,False,11110,1,False,True
8060,5,age,129522,129523,11110,1,False,11110,1,False,11110,1,False,True
8061,5,age,129524,129523,11000,1,False,11000,1,False,11000,1,False,True
8062,5,age,129524,129525,10010,3,True,10010,3,True,10010,3,True,True
8063,5,age,129587,129586,11000,1,False,11000,1,False,11000,1,False,True
8064,5,age,129587,129588,10010,3,True,10010,3,True,10010,3,True,True
8065,5,age,129650,129649,11000,1,False,11000,1,False,11000,1,False,True
8066,5,age,129650,129651,10010,3,True,10010,3,True,10010,3,True,True
8067,5,age,129711,129710,11000,1,False,11000,1,False,11000,1,False,True
8068,5,age,129711,129712,10010,3,True,10010,3,True,10010,3,True,True
8069,5,age,129713,129712,11000,1,False,11000,1,False,11000,1,False,True
8070,5,age,129713,129714,10010,3,True,10010,3,True,10010,3,True,True
8071,5,age,129774,129773,11000,1,False,11000,1,False,11000,1,False,True
8072,5,age,129774,129775,10010,3,True,10010,3,True,10010,3,True,True
8073,5,age,129776,129775,11000,1,False,11000,1,False,11000,1,False,True
8074,5,age,129776,129777,10010,3,True,10010,3,True,10010,3,True,True
8075,5,age,129830,129829,10110,3,True,10110,3,True,10110,3,True,True
8076,5,age,129830,129831,10000,1,False,10000,1,False,10000,1,False,True
8077,5,age,129837,129836,11110,1,False,11110,1,False,11110,1,False,True
8078,5,age,129837,129838,11110,1,False,11110,1,False,11110,1,False,True
8079,5,age,129839,129838,11000,1,False,11000,1,False,11000,1,False,True
8080,5,age,129839,129840,10010,3,True,10010,3,True,10010,3,True,True
8081,5,age,129902,129901,11000,1,False,11000,1,False,11000,1,False,True
8082,5,age,129902,129903,10010,3,True,10010,3,True,10010,3,True,True
8083,5,age,129965,129964,11000,1,False,11000,1,False,11000,1,False,True
8084,5,age,129965,129966,10010,3,True,10010,3,True,10010,3,True,True
8085,5,age,130026,130025,11000,1,False,11000,1,False,11000,1,False,True
8086,5,age,130026,130027,10010,3,True,10010,3,True,10010,3,True,True
8087,5,age,130028,130027,11000,1,False,11000,1,False,11000,1,False,True
8088,5,age,130028,130029,10010,3,True,10010,3,True,10010,3,True,True
8089,5,age,130089,130088,11000,1,False,11000,1,False,11000,1,False,True
8090,5,age,130089,130090,10010,3,True,10010,3,True,10010,3,True,True
8091,5,age,130091,130090,11000,1,False,11000,1,False,11000,1,False,True
8092,5,age,130091,130092,10010,3,True,10010,3,True,10010,3,True,True
8093,5,age,130145,130144,10110,3,True,10110,3,True,10110,3,True,True
8094,5,age,130145,130146,10000,1,False,10000,1,False,10000,1,False,True
8095,5,age,130152,130151,11110,1,False,11110,1,False,11110,1,False,True
8096,5,age,130152,130153,11110,1,False,11110,1,False,11110,1,False,True
8097,5,age,130154,130153,11000,1,False,11000,1,False,11000,1,False,True
8098,5,age,130154,130155,10010,3,True,10010,3,True,10010,3,True,True
8099,5,age,130217,130216,11000,1,False,11000,1,False,11000,1,False,True
8100,5,age,130217,130218,10010,3,True,10010,3,True,10010,3,True,True
8101,5,age,130280,130279,11000,1,False,11000,1,False,11000,1,False,True
8102,5,age,130280,130281,10010,3,True,10010,3,True,10010,3,True,True
8103,5,age,130341,130340,11000,1,False,11000,1,False,11000,1,False,True
8104,5,age,130341,130342,10010,3,True,10010,3,True,10010,3,True,True
8105,5,age,130343,130342,11000,1,False,11000,1,False,11000,1,False,True
8106,5,age,130343,130344,10010,3,True,10010,3,True,10010,3,True,True
8107,5,age,130404,130403,11000,1,False,11000,1,False,11000,1,False,True
8108,5,age,130404,130405,10010,3,True,10010,3,True,10010,3,True,True
8109,5,age,130406,130405,11000,1,False,11000,1,False,11000,1,False,True
8110,5,age,130406,130407,10010,3,True,10010,3,True,10010,3,True,True
8111,5,age,130460,130459,10110,3,True,10110,3,True,10110,3,True,True
8112,5,age,130460,130461,10000,1,False,10000,1,False,10000,1,False,True
8113,5,age,130467,130466,11110,1,False,11110,1,False,11110,1,False,True
8114,5,age,130467,130468,11110,1,False,11110,1,False,11110,1,False,True
8115,5,age,130469,130468,11000,1,False,11000,1,False,11000,1,False,True
8116,5,age,130469,130470,10010,3,True,10010,3,True,10010,3,True,True
8117,5,age,130532,130531,11000,1,False,11000,1,False,11000,1,False,True
8118,5,age,130532,130533,10010,3,True,10010,3,True,10010,3,True,True
8119,5,age,130595,130594,11000,1,False,11000,1,False,11000,1,False,True
8120,5,age,130595,130596,10010,3,True,10010,3,True,10010,3,True,True
8121,5,age,130656,130655,11000,1,False,11000,1,False,11000,1,False,True
8122,5,age,130656,130657,10010,3,True,10010,3,True,10010,3,True,True
8123,5,age,130658,130657,11000,1,False,11000,1,False,11000,1,False,True
8124,5,age,130658,130659,10010,3,True,10010,3,True,10010,3,True,True
8125,5,age,130719,130718,11000,1,False,11000,1,False,11000,1,False,True
8126,5,age,130719,130720,10010,3,True,10010,3,True,10010,3,True,True
8127,5,age,130721,130720,11000,1,False,11000,1,False,11000,1,False,True
8128,5,age,130721,130722,10010,3,True,10010,3,True,10010,3,True,True
8129,5,age,130775,130774,10110,3,True,10110,3,True,10110,3,True,True
8130,5,age,130775,130776,10000,1,False,10000,1,False,10000,1,False,True
8131,5,age,130782,130781,11110,1,False,11110,1,False,11110,1,False,True
8132,5,age,130782,130783,11110,1,False,11110,1,False,11110,1,False,True
8133,5,age,130784,130783,11000,1,False,11000,1,False,11000,1,False,True
8134,5,age,130784,130785,10010,3,True,10010,3,True,10010,3,True,True
8135,5,age,130847,130846,11000,1,False,11000,1,False,11000,1,False,True
8136,5,age,130847,130848,10010,3,True,10010,3,True,10010,3,True,True
8137,5,age,130910,130909,11000,1,False,11000,1,False,11000,1,False,True
8138,5,age,130910,130911,10010,3,True,10010,3,True,10010,3,True,True
8139,5,age,130971,130970,11000,1,False,11000,1,False,11000,1,False,True
8140,5,age,130971,130972,10010,3,True,10010,3,True,10010,3,True,True
8141,5,age,130973,130972,11000,1,False,11000,1,False,11000,1,False,True
8142,5,age,130973,130974,10010,3,True,10010,3,True,10010,3,True,True
8143,5,age,131034,131033,11000,1,False,11000,1,False,11000,1,False,True
8144,5,age,131034,131035,10010,3,True,10010,3,True,10010,3,True,True
8145,5,age,131036,131035,11000,1,False,11000,1,False,11000,1,False,True
8146,5,age,131036,131037,10010,3,True,10010,3,True,10010,3,True,True
8147,5,age,131090,131089,10110,3,True,10110,3,True,10110,3,True,True
8148,5,age,131090,131091,10000,1,False,10000,1,False,10000,1,False,True
8149,5,age,131097,131096,11110,1,False,11110,1,False,11110,1,False,True
8150,5,age,131097,131098,11110,1,False,11110,1,False,11110,1,False,True
8151,5,age,131099,131098,11000,1,False,11000,1,False,11000,1,False,True
8152,5,age,131099,131100,10010,3,True,10010,3,True,10010,3,True,True
8153,5,age,131162,131161,11000,1,False,11000,1,False,11000,1,False,True
8154,5,age,131162,131163,10010,3,True,10010,3,True,10010,3,True,True
8155,5,age,131225,131224,11000,1,False,11000,1,False,11000,1,False,True
8156,5,age,131225,131226,10010,3,True,10010,3,True,10010,3,True,True
8157,5,age,131286,131285,11000,1,False,11000,1,False,11000,1,False,True
8158,5,age,131286,131287,10010,3,True,10010,3,True,10010,3,True,True
8159,5,age,131288,131287,11000,1,False,11000,1,False,11000,1,False,True
8160,5,age,131288,131289,10010,3,True,10010,3,True,10010,3,True,True
8161,5,age,131349,131348,11000,1,False,11000,1,False,11000,1,False,True
8162,5,age,131349,131350,10010,3,True,10010,3,True,10010,3,True,True
8163,5,age,131351,131350,11000,1,False,11000,1,False,11000,1,False,True
8164,5,age,131351,131352,10010,3,True,10010,3,True,10010,3,True,True
8165,5,age,131405,131404,10110,3,True,10110,3,True,10110,3,True,True
8166,5,age,131405,131406,10000,1,False,10000,1,False,10000,1,False,True
8167,5,age,131412,131411,11110,1,False,11110,1,False,11110,1,False,True
8168,5,age,131412,131413,11110,1,False,11110,1,False,11110,1,False,True
8169,5,age,131414,131413,11000,1,False,11000,1,False,11000,1,False,True
8170,5,age,131414,131415,10010,3,True,10010,3,True,10010,3,True,True
8171,5,age,131477,131476,11000,1,False,11000,1,False,11000,1,False,True
8172,5,age,131477,131478,10010,3,True,10010,3,True,10010,3,True,True
8173,5,age,131540,131539,11000,1,False,11000,1,False,11000,1,False,True
8174,5,age,131540,131541,10010,3,True,10010,3,True,10010,3,True,True
8175,5,age,131601,131600,11000,1,False,11000,1,False,11000,1,False,True
8176,5,age,131601,131602,10010,3,True,10010,3,True,10010,3,True,True
8177,5,age,131603,131602,11000,1,False,11000,1,False,11000,1,False,True
8178,5,age,131603,131604,10010,3,True,10010,3,True,10010,3,True,True
8179,5,age,131664,131663,11000,1,False,11000,1,False,11000,1,False,True
8180,5,age,131664,131665,10010,3,True,10010,3,True,10010,3,True,True
8181,5,age,131666,131665,11000,1,False,11000,1,False,11000,1,False,True
8182,5,age,131666,131667,10010,3,True,10010,3,True,10010,3,True,True
8183,5,age,131720,131719,10110,3,True,10110,3,True,10110,3,True,True
8184,5,age,131720,131721,10000,1,False,10000,1,False,10000,1,False,True
8185,5,age,131727,131726,11110,1,False,11110,1,False,11110,1,False,True
8186,5,age,131727,131728,11110,1,False,11110,1,False,11110,1,False,True
8187,5,age,131729,131728,11000,1,False,11000,1,False,11000,1,False,True
8188,5,age,131729,131730,10010,3,True,10010,3,True,10010,3,True,True
8189,5,age,131792,131791,11000,1,False,11000,1,False,11000,1,False,True
8190,5,age,131792,131793,10010,3,True,10010,3,True,10010,3,True,True
8191,5,age,131855,131854,11000,1,False,11000,1,False,11000,1,False,True
8192,5,age,131855,131856,10010,3,True,10010,3,True,10010,3,True,True
8193,5,age,131916,131915,11000,1,False,11000,1,False,11000,1,False,True
8194,5,age,131916,131917,10010,3,True,10010,3,True,10010,3,True,True
8195,5,age,131918,131917,11000,1,False,11000,1,False,11000,1,False,True
8196,5,age,131918,131919,10010,3,True,10010,3,True,10010,3,True,True
8197,5,age,131979,131978,11000,1,False,11000,1,False,11000,1,False,True
8198,5,age,131979,131980,10010,3,True,10010,3,True,10010,3,True,True
8199,5,age,131981,131980,11000,1,False,11000,1,False,11000,1,False,True
8200,5,age,131981,131982,10010,3,True,10010,3,True,10010,3,True,True
8201,5,age,132035,132034,10110,3,True,10110,3,True,10110,3,True,True
8202,5,age,132035,132036,10000,1,False,10000,1,False,10000,1,False,True
8203,5,age,132042,132041,11110,1,False,11110,1,False,11110,1,False,True
8204,5,age,132042,132043,11110,1,False,11110,1,False,11110,1,False,True
8205,5,age,132044,132043,11000,1,False,11000,1,False,11000,1,False,True
8206,5,age,132044,132045,10010,3,True,10010,3,True,10010,3,True,True
8207,5,age,132107,132106,11000,1,False,11000,1,False,11000,1,False,True
8208,5,age,132107,132108,10010,3,True,10010,3,True,10010,3,True,True
8209,5,age,132170,132169,11000,1,False,11000,1,False,11000,1,False,True
8210,5,age,132170,132171,10010,3,True,10010,3,True,10010,3,True,True
8211,5,age,132231,132230,11000,1,False,11000,1,False,11000,1,False,True
8212,5,age,132231,132232,10010,3,True,10010,3,True,10010,3,True,True
8213,5,age,132233,132232,11000,1,False,11000,1,False,11000,1,False,True
8214,5,age,132233,132234,10010,3,True,10010,3,True,10010,3,True,True
8215,5,age,132294,132293,11000,1,False,11000,1,False,11000,1,False,True
8216,5,age,132294,132295,10010,3,True,10010,3,True,10010,3,True,True
8217,5,age,132296,132295,11000,1,False,11000,1,False,11000,1,False,True
8218,5,age,132296,132297,10010,3,True,10010,3,True,10010,3,True,True
8219,5,age,132350,132349,10110,3,True,10110,3,True,10110,3,True,True
8220,5,age,132350,132351,10000,1,False,10000,1,False,10000,1,False,True
8221,5,age,132357,132356,11110,1,False,11110,1,False,11110,1,False,True
8222,5,age,132357,132358,11110,1,False,11110,1,False,11110,1,False,True
8223,5,age,132359,132358,11000,1,False,11000,1,False,11000,1,False,True
8224,5,age,132359,132360,10010,3,True,10010,3,True,10010,3,True,True
8225,5,age,132422,132421,11000,1,False,11000,1,False,11000,1,False,True
8226,5,age,132422,132423,10010,3,True,10010,3,True,10010,3,True,True
8227,5,age,132485,132484,11000,1,False,11000,1,False,11000,1,False,True
8228,5,age,132485,132486,10010,3,True,10010,3,True,10010,3,True,True
8229,5,age,132546,132545,11000,1,False,11000,1,False,11000,1,False,True
8230,5,age,132546,132547,10010,3,True,10010,3,True,10010,3,True,True
8231,5,age,132548,132547,11000,1,False,11000,1,False,11000,1,False,True
8232,5,age,132548,132549,10010,3,True,10010,3,True,10010,3,True,True
8233,5,age,132609,132608,11000,1,False,11000,1,False,11000,1,False,True
8234,5,age,132609,132610,10010,3,True,10010,3,True,10010,3,True,True
8235,5,age,132611,132610,11000,1,False,11000,1,False,11000,1,False,True
8236,5,age,132611,132612,10010,3,True,10010,3,True,10010,3,True,True
8237,5,age,132665,132664,10110,3,True,10110,3,True,10110,3,True,True
8238,5,age,132665,132666,10000,1,False,10000,1,False,10000,1,False,True
8239,5,age,132672,132671,11110,1,False,11110,1,False,11110,1,False,True
8240,5,age,132672,132673,11110,1,False,11110,1,False,11110,1,False,True
8241,5,age,132674,132673,11000,1,False,11000,1,False,11000,1,False,True
8242,5,age,132674,132675,10010,3,True,10010,3,True,10010,3,True,True
8243,5,age,132737,132736,11000,1,False,11000,1,False,11000,1,False,True
8244,5,age,132737,132738,10010,3,True,10010,3,True,10010,3,True,True
8245,5,age,132800,132799,11000,1,False,11000,1,False,11000,1,False,True
8246,5,age,132800,132801,10010,3,True,10010,3,True,10010,3,True,True
8247,5,age,132861,132860,11000,1,False,11000,1,False,11000,1,False,True
8248,5,age,132861,132862,10010,3,True,10010,3,True,10010,3,True,True
8249,5,age,132863,132862,11000,1,False,11000,1,False,11000,1,False,True
8250,5,age,132863,132864,10010,3,True,10010,3,True,10010,3,True,True
8251,5,age,132924,132923,11000,1,False,11000,1,False,11000,1,False,True
8252,5,age,132924,132925,10010,3,True,10010,3,True,10010,3,True,True
8253,5,age,132926,132925,11000,1,False,11000,1,False,11000,1,False,True
8254,5,age,132926,132927,10010,3,True,10010,3,True,10010,3,True,True
8255,5,age,132980,132979,10110,3,True,10110,3,True,10110,3,True,True
8256,5,age,132980,132981,10000,1,False,10000,1,False,10000,1,False,True
8257,5,age,132987,132986,11110,1,False,11110,1,False,11110,1,False,True
8258,5,age,132987,132988,11110,1,False,11110,1,False,11110,1,False,True
8259,5,age,132989,132988,11000,1,False,11000,1,False,11000,1,False,True
8260,5,age,132989,132990,10010,3,True,10010,3,True,10010,3,True,True
8261,5,age,133052,133051,11000,1,False,11000,1,False,11000,1,False,True
8262,5,age,133052,133053,10010,3,True,10010,3,True,10010,3,True,True
8263,5,age,133115,133114,11000,1,False,11000,1,False,11000,1,False,True
8264,5,age,133115,133116,10010,3,True,10010,3,True,10010,3,True,True
8265,5,age,133176,133175,11000,1,False,11000,1,False,11000,1,False,True
8266,5,age,133176,133177,10010,3,True,10010,3,True,10010,3,True,True
8267,5,age,133178,133177,11000,1,False,11000,1,False,11000,1,False,True
8268,5,age,133178,133179,10010,3,True,10010,3,True,10010,3,True,True
8269,5,age,133239,133238,11000,1,False,11000,1,False,11000,1,False,True
8270,5,age,133239,133240,10010,3,True,10010,3,True,10010,3,True,True
8271,5,age,133241,133240,11000,1,False,11000,1,False,11000,1,False,True
8272,5,age,133241,133242,10010,3,True,10010,3,True,10010,3,True,True
8273,5,age,133295,133294,10110,3,True,10110,3,True,10110,3,True,True
8274,5,age,133295,133296,10000,1,False,10000,1,False,10000,1,False,True
8275,5,age,133302,133301,11110,1,False,11110,1,False,11110,1,False,True
8276,5,age,133302,133303,11110,1,False,11110,1,False,11110,1,False,True
8277,5,age,133304,133303,11000,1,False,11000,1,False,11000,1,False,True
8278,5,age,133304,133305,10010,3,True,10010,3,True,10010,3,True,True
8279,5,age,133367,133366,11000,1,False,11000,1,False,11000,1,False,True
8280,5,age,133367,133368,10010,3,True,10010,3,True,10010,3,True,True
8281,5,age,133430,133429,11000,1,False,11000,1,False,11000,1,False,True
8282,5,age,133430,133431,10010,3,True,10010,3,True,10010,3,True,True
8283,5,age,133491,133490,11000,1,False,11000,1,False,11000,1,False,True
8284,5,age,133491,133492,10010,3,True,10010,3,True,10010,3,True,True
8285,5,age,133493,133492,11000,1,False,11000,1,False,11000,1,False,True
8286,5,age,133493,133494,10010,3,True,10010,3,True,10010,3,True,True
8287,5,age,133554,133553,11000,1,False,11000,1,False,11000,1,False,True
8288,5,age,133554,133555,10010,3,True,10010,3,True,10010,3,True,True
8289,5,age,133556,133555,11000,1,False,11000,1,False,11000,1,False,True
8290,5,age,133556,133557,10010,3,True,10010,3,True,10010,3,True,True
8291,5,age,133610,133609,10110,3,True,10110,3,True,10110,3,True,True
8292,5,age,133610,133611,10000,1,False,10000,1,False,10000,1,False,True
8293,5,age,133617,133616,11110,1,False,11110,1,False,11110,1,False,True
8294,5,age,133617,133618,11110,1,False,11110,1,False,11110,1,False,True
8295,5,age,133619,133618,11000,1,False,11000,1,False,11000,1,False,True
8296,5,age,133619,133620,10010,3,True,10010,3,True,10010,3,True,True
8297,5,age,133682,133681,11000,1,False,11000,1,False,11000,1,False,True
8298,5,age,133682,133683,10010,3,True,10010,3,True,10010,3,True,True
8299,5,age,133745,133744,11000,1,False,11000,1,False,11000,1,False,True
8300,5,age,133745,133746,10010,3,True,10010,3,True,10010,3,True,True
8301,5,age,133806,133805,11000,1,False,11000,1,False,11000,1,False,True
8302,5,age,133806,133807,10010,3,True,10010,3,True,10010,3,True,True
8303,5,age,133808,133807,11000,1,False,11000,1,False,11000,1,False,True
8304,5,age,133808,133809,10010,3,True,10010,3,True,10010,3,True,True
8305,5,age,133869,133868,11000,1,False,11000,1,False,11000,1,False,True
8306,5,age,133869,133870,10010,3,True,10010,3,True,10010,3,True,True
8307,5,age,133871,133870,11000,1,False,11000,1,False,11000,1,False,True
8308,5,age,133871,133872,10010,3,True,10010,3,True,10010,3,True,True
8309,5,age,133925,133924,10110,3,True,10110,3,True,10110,3,True,True
8310,5,age,133925,133926,10000,1,False,10000,1,False,10000,1,False,True
8311,5,age,133932,133931,11110,1,False,11110,1,False,11110,1,False,True
8312,5,age,133932,133933,11110,1,False,11110,1,False,11110,1,False,True
8313,5,age,133934,133933,11000,1,False,11000,1,False,11000,1,False,True
8314,5,age,133934,133935,10010,3,True,10010,3,True,10010,3,True,True
8315,5,age,133997,133996,11000,1,False,11000,1,False,11000,1,False,True
8316,5,age,133997,133998,10010,3,True,10010,3,True,10010,3,True,True
8317,5,age,134060,134059,11000,1,False,11000,1,False,11000,1,False,True
8318,5,age,134060,134061,10010,3,True,10010,3,True,10010,3,True,True
8319,5,age,134121,134120,11000,1,False,11000,1,False,11000,1,False,True
8320,5,age,134121,134122,10010,3,True,10010,3,True,10010,3,True,True
8321,5,age,134123,134122,11000,1,False,11000,1,False,11000,1,False,True
8322,5,age,134123,134124,10010,3,True,10010,3,True,10010,3,True,True
8323,5,age,134184,134183,11000,1,False,11000,1,False,11000,1,False,True
8324,5,age,134184,134185,10010,3,True,10010,3,True,10010,3,True,True
8325,5,age,134186,134185,11000,1,False,11000,1,False,11000,1,False,True
8326,5,age,134186,134187,10010,3,True,10010,3,True,10010,3,True,True
8327,5,age,134240,134239,10110,3,True,10110,3,True,10110,3,True,True
8328,5,age,134240,134241,10000,1,False,10000,1,False,10000,1,False,True
8329,5,age,134247,134246,11110,1,False,11110,1,False,11110,1,False,True
8330,5,age,134247,134248,11110,1,False,11110,1,False,11110,1,False,True
8331,5,age,134249,134248,11000,1,False,11000,1,False,11000,1,False,True
8332,5,age,134249,134250,10010,3,True,10010,3,True,10010,3,True,True
8333,5,age,134312,134311,11000,1,False,11000,1,False,11000,1,False,True
8334,5,age,134312,134313,10010,3,True,10010,3,True,10010,3,True,True
8335,5,age,134375,134374,11000,1,False,11000,1,False,11000,1,False,True
8336,5,age,134375,134376,10010,3,True,10010,3,True,10010,3,True,True
8337,5,age,134436,134435,11000,1,False,11000,1,False,11000,1,False,True
8338,5,age,134436,134437,10010,3,True,10010,3,True,10010,3,True,True
8339,5,age,134438,134437,11000,1,False,11000,1,False,11000,1,False,True
8340,5,age,134438,134439,10010,3,True,10010,3,True,10010,3,True,True
8341,5,age,134499,134498,11000,1,False,11000,1,False,11000,1,False,True
8342,5,age,134499,134500,10010,3,True,10010,3,True,10010,3,True,True
8343,5,age,134501,134500,11000,1,False,11000,1,False,11000,1,False,True
8344,5,age,134501,134502,10010,3,True,10010,3,True,10010,3,True,True
8345,5,age,134555,134554,10110,3,True,10110,3,True,10110,3,True,True
8346,5,age,134555,134556,10000,1,False,10000,1,False,10000,1,False,True
8347,5,age,134562,134561,11110,1,False,11110,1,False,11110,1,False,True
8348,5,age,134562,134563,11110,1,False,11110,1,False,11110,1,False,True
8349,5,age,134564,134563,11000,1,False,11000,1,False,11000,1,False,True
8350,5,age,134564,134565,10010,3,True,10010,3,True,10010,3,True,True
8351,5,age,134627,134626,11000,1,False,11000,1,False,11000,1,False,True
8352,5,age,134627,134628,10010,3,True,10010,3,True,10010,3,True,True
8353,5,age,134690,134689,11000,1,False,11000,1,False,11000,1,False,True
8354,5,age,134690,134691,10010,3,True,10010,3,True,10010,3,True,True
8355,5,age,134751,134750,11000,1,False,11000,1,False,11000,1,False,True
8356,5,age,134751,134752,10010,3,True,10010,3,True,10010,3,True,True
8357,5,age,134753,134752,11000,1,False,11000,1,False,11000,1,False,True
8358,5,age,134753,134754,10010,3,True,10010,3,True,10010,3,True,True
8359,5,age,134814,134813,11000,1,False,11000,1,False,11000,1,False,True
8360,5,age,134814,134815,10010,3,True,10010,3,True,10010,3,True,True
8361,5,age,134816,134815,11000,1,False,11000,1,False,11000,1,False,True
8362,5,age,134816,134817,10010,3,True,10010,3,True,10010,3,True,True
8363,5,age,134870,134869,10110,3,True,10110,3,True,10110,3,True,True
8364,5,age,134870,134871,10000,1,False,10000,1,False,10000,1,False,True
8365,5,age,134877,134876,11110,1,False,11110,1,False,11110,1,False,True
8366,5,age,134877,134878,11110,1,False,11110,1,False,11110,1,False,True
8367,5,age,134879,134878,11000,1,False,11000,1,False,11000,1,False,True
8368,5,age,134879,134880,10010,3,True,10010,3,True,10010,3,True,True
8369,5,age,134942,134941,11000,1,False,11000,1,False,11000,1,False,True
8370,5,age,134942,134943,10010,3,True,10010,3,True,10010,3,True,True
8371,5,age,135005,135004,11000,1,False,11000,1,False,11000,1,False,True
8372,5,age,135005,135006,10010,3,True,10010,3,True,10010,3,True,True
8373,5,age,135066,135065,11000,1,False,11000,1,False,11000,1,False,True
8374,5,age,135066,135067,10010,3,True,10010,3,True,10010,3,True,True
8375,5,age,135068,135067,11000,1,False,11000,1,False,11000,1,False,True
8376,5,age,135068,135069,10010,3,True,10010,3,True,10010,3,True,True
8377,5,age,135129,135128,11000,1,False,11000,1,False,11000,1,False,True
8378,5,age,135129,135130,10010,3,True,10010,3,True,10010,3,True,True
8379,5,age,135131,135130,11000,1,False,11000,1,False,11000,1,False,True
8380,5,age,135131,135132,10010,3,True,10010,3,True,10010,3,True,True
8381,5,age,135185,135184,10110,3,True,10110,3,True,10110,3,True,True
8382,5,age,135185,135186,10000,1,False,10000,1,False,10000,1,False,True
8383,5,age,135192,135191,11110,1,False,11110,1,False,11110,1,False,True
8384,5,age,135192,135193,11110,1,False,11110,1,False,11110,1,False,True
8385,5,age,135194,135193,11000,1,False,11000,1,False,11000,1,False,True
8386,5,age,135194,135195,10010,3,True,10010,3,True,10010,3,True,True
8387,5,age,135257,135256,11000,1,False,11000,1,False,11000,1,False,True
8388,5,age,135257,135258,10010,3,True,10010,3,True,10010,3,True,True
8389,5,age,135320,135319,11000,1,False,11000,1,False,11000,1,False,True
8390,5,age,135320,135321,10010,3,True,10010,3,True,10010,3,True,True
8391,5,age,135381,135380,11000,1,False,11000,1,False,11000,1,False,True
8392,5,age,135381,135382,10010,3,True,10010,3,True,10010,3,True,True
8393,5,age,135383,135382,11000,1,False,11000,1,False,11000,1,False,True
8394,5,age,135383,135384,10010,3,True,10010,3,True,10010,3,True,True
8395,5,age,135444,135443,11000,1,False,11000,1,False,11000,1,False,True
8396,5,age,135444,135445,10010,3,True,10010,3,True,10010,3,True,True
8397,5,age,135446,135445,11000,1,False,11000,1,False,11000,1,False,True
8398,5,age,135446,135447,10010,3,True,10010,3,True,10010,3,True,True
8399,5,age,135500,135499,10110,3,True,10110,3,True,10110,3,True,True
8400,5,age,135500,135501,10000,1,False,10000,1,False,10000,1,False,True
8401,5,age,135507,135506,11110,1,False,11110,1,False,11110,1,False,True
8402,5,age,135507,135508,11110,1,False,11110,1,False,11110,1,False,True
8403,5,age,135509,135508,11000,1,False,11000,1,False,11000,1,False,True
8404,5,age,135509,135510,10010,3,True,10010,3,True,10010,3,True,True
8405,5,age,135572,135571,11000,1,False,11000,1,False,11000,1,False,True
8406,5,age,135572,135573,10010,3,True,10010,3,True,10010,3,True,True
8407,5,age,135635,135634,11000,1,False,11000,1,False,11000,1,False,True
8408,5,age,135635,135636,10010,3,True,10010,3,True,10010,3,True,True
8409,5,age,135696,135695,11000,1,False,11000,1,False,11000,1,False,True
8410,5,age,135696,135697,10010,3,True,10010,3,True,10010,3,True,True
8411,5,age,135698,135697,11000,1,False,11000,1,False,11000,1,False,True
8412,5,age,135698,135699,10010,3,True,10010,3,True,10010,3,True,True
8413,5,age,135759,135758,11000,1,False,11000,1,False,11000,1,False,True
8414,5,age,135759,135760,10010,3,True,10010,3,True,10010,3,True,True
8415,5,age,135761,135760,11000,1,False,11000,1,False,11000,1,False,True
8416,5,age,135761,135762,10010,3,True,10010,3,True,10010,3,True,True
8417,5,age,135815,135814,10110,3,True,10110,3,True,10110,3,True,True
8418,5,age,135815,135816,10000,1,False,10000,1,False,10000,1,False,True
8419,5,age,135822,135821,11110,1,False,11110,1,False,11110,1,False,True
8420,5,age,135822,135823,11110,1,False,11110,1,False,11110,1,False,True
8421,5,age,135824,135823,11000,1,False,11000,1,False,11000,1,False,True
8422,5,age,135824,135825,10010,3,True,10010,3,True,10010,3,True,True
8423,5,age,135887,135886,11000,1,False,11000,1,False,11000,1,False,True
8424,5,age,135887,135888,10010,3,True,10010,3,True,10010,3,True,True
8425,5,age,135950,135949,11000,1,False,11000,1,False,11000,1,False,True
8426,5,age,135950,135951,10010,3,True,10010,3,True,10010,3,True,True
8427,5,age,136011,136010,11000,1,False,11000,1,False,11000,1,False,True
8428,5,age,136011,136012,10010,3,True,10010,3,True,10010,3,True,True
8429,5,age,136013,136012,11000,1,False,11000,1,False,11000,1,False,True
8430,5,age,136013,136014,10010,3,True,10010,3,True,10010,3,True,True
8431,5,age,136074,136073,11000,1,False,11000,1,False,11000,1,False,True
8432,5,age,136074,136075,10010,3,True,10010,3,True,10010,3,True,True
8433,5,age,136076,136075,11000,1,False,11000,1,False,11000,1,False,True
8434,5,age,136076,136077,10010,3,True,10010,3,True,10010,3,True,True
8435,5,age,136130,136129,10110,3,True,10110,3,True,10110,3,True,True
8436,5,age,136130,136131,10000,1,False,10000,1,False,10000,1,False,True
8437,5,age,136137,136136,11110,1,False,11110,1,False,11110,1,False,True
8438,5,age,136137,136138,11110,1,False,11110,1,False,11110,1,False,True
8439,5,age,136139,136138,11000,1,False,11000,1,False,11000,1,False,True
8440,5,age,136139,136140,10010,3,True,10010,3,True,10010,3,True,True
8441,5,age,136202,136201,11000,1,False,11000,1,False,11000,1,False,True
8442,5,age,136202,136203,10010,3,True,10010,3,True,10010,3,True,True
8443,5,age,136265,136264,11000,1,False,11000,1,False,11000,1,False,True
8444,5,age,136265,136266,10010,3,True,10010,3,True,10010,3,True,True
8445,5,age,136326,136325,11000,1,False,11000,1,False,11000,1,False,True
8446,5,age,136326,136327,10010,3,True,10010,3,True,10010,3,True,True
8447,5,age,136328,136327,11000,1,False,11000,1,False,11000,1,False,True
8448,5,age,136328,136329,10010,3,True,10010,3,True,10010,3,True,True
8449,5,age,136389,136388,11000,1,False,11000,1,False,11000,1,False,True
8450,5,age,136389,136390,10010,3,True,10010,3,True,10010,3,True,True
8451,5,age,136391,136390,11000,1,False,11000,1,False,11000,1,False,True
8452,5,age,136391,136392,10010,3,True,10010,3,True,10010,3,True,True
8453,5,age,136445,136444,10110,3,True,10110,3,True,10110,3,True,True
8454,5,age,136445,136446,10000,1,False,10000,1,False,10000,1,False,True
8455,5,age,136452,136451,11110,1,False,11110,1,False,11110,1,False,True
8456,5,age,136452,136453,11110,1,False,11110,1,False,11110,1,False,True
8457,5,age,136454,136453,11000,1,False,11000,1,False,11000,1,False,True
8458,5,age,136454,136455,10010,3,True,10010,3,True,10010,3,True,True
8459,5,age,136517,136516,11000,1,False,11000,1,False,11000,1,False,True
8460,5,age,136517,136518,10010,3,True,10010,3,True,10010,3,True,True
8461,5,age,136580,136579,11000,1,False,11000,1,False,11000,1,False,True
8462,5,age,136580,136581,10010,3,True,10010,3,True,10010,3,True,True
8463,5,age,136641,136640,11000,1,False,11000,1,False,11000,1,False,True
8464,5,age,136641,136642,10010,3,True,10010,3,True,10010,3,True,True
8465,5,age,136643,136642,11000,1,False,11000,1,False,11000,1,False,True
8466,5,age,136643,136644,10010,3,True,10010,3,True,10010,3,True,True
8467,5,age,136704,136703,11000,1,False,11000,1,False,11000,1,False,True
8468,5,age,136704,136705,10010,3,True,10010,3,True,10010,3,True,True
8469,5,age,136706,136705,11000,1,False,11000,1,False,11000,1,False,True
8470,5,age,136706,136707,10010,3,True,10010,3,True,10010,3,True,True
8471,5,age,136760,136759,10110,3,True,10110,3,True,10110,3,True,True
8472,5,age,136760,136761,10000,1,False,10000,1,False,10000,1,False,True
8473,5,age,136767,136766,11110,1,False,11110,1,False,11110,1,False,True
8474,5,age,136767,136768,11110,1,False,11110,1,False,11110,1,False,True
8475,5,age,136769,136768,11000,1,False,11000,1,False,11000,1,False,True
8476,5,age,136769,136770,10010,3,True,10010,3,True,10010,3,True,True
8477,5,age,136832,136831,11000,1,False,11000,1,False,11000,1,False,True
8478,5,age,136832,136833,10010,3,True,10010,3,True,10010,3,True,True
8479,5,age,136895,136894,11000,1,False,11000,1,False,11000,1,False,True
8480,5,age,136895,136896,10010,3,True,10010,3,True,10010,3,True,True
8481,5,age,136956,136955,11000,1,False,11000,1,False,11000,1,False,True
8482,5,age,136956,136957,10010,3,True,10010,3,True,10010,3,True,True
8483,5,age,136958,136957,11000,1,False,11000,1,False,11000,1,False,True
8484,5,age,136958,136959,10010,3,True,10010,3,True,10010,3,True,True
8485,5,age,137019,137018,11000,1,False,11000,1,False,11000,1,False,True
8486,5,age,137019,137020,10010,3,True,10010,3,True,10010,3,True,True
8487,5,age,137021,137020,11000,1,False,11000,1,False,11000,1,False,True
8488,5,age,137021,137022,10010,3,True,10010,3,True,10010,3,True,True
8489,5,age,137075,137074,10110,3,True,10110,3,True,10110,3,True,True
8490,5,age,137075,137076,10000,1,False,10000,1,False,10000,1,False,True
8491,5,age,137082,137081,11110,1,False,11110,1,False,11110,1,False,True
8492,5,age,137082,137083,11110,1,False,11110,1,False,11110,1,False,True
8493,5,age,137084,137083,11000,1,False,11000,1,False,11000,1,False,True
8494,5,age,137084,137085,10010,3,True,10010,3,True,10010,3,True,True
8495,5,age,137147,137146,11000,1,False,11000,1,False,11000,1,False,True
8496,5,age,137147,137148,10010,3,True,10010,3,True,10010,3,True,True
8497,5,age,137210,137209,11000,1,False,11000,1,False,11000,1,False,True
8498,5,age,137210,137211,10010,3,True,10010,3,True,10010,3,True,True
8499,5,age,137271,137270,11000,1,False,11000,1,False,11000,1,False,True
8500,5,age,137271,137272,10010,3,True,10010,3,True,10010,3,True,True
8501,5,age,137273,137272,11000,1,False,11000,1,False,11000,1,False,True
8502,5,age,137273,137274,10010,3,True,10010,3,True,10010,3,True,True
8503,5,age,137334,137333,11000,1,False,11000,1,False,11000,1,False,True
8504,5,age,137334,137335,10010,3,True,10010,3,True,10010,3,True,True
8505,5,age,137336,137335,11000,1,False,11000,1,False,11000,1,False,True
8506,5,age,137336,137337,10010,3,True,10010,3,True,10010,3,True,True
8507,5,age,137390,137389,10110,3,True,10110,3,True,10110,3,True,True
8508,5,age,137390,137391,10000,1,False,10000,1,False,10000,1,False,True
8509,5,age,137397,137396,11110,1,False,11110,1,False,11110,1,False,True
8510,5,age,137397,137398,11110,1,False,11110,1,False,11110,1,False,True
8511,5,age,137399,137398,11000,1,False,11000,1,False,11000,1,False,True
8512,5,age,137399,137400,10010,3,True,10010,3,True,10010,3,True,True
8513,5,age,137462,137461,11000,1,False,11000,1,False,11000,1,False,True
8514,5,age,137462,137463,10010,3,True,10010,3,True,10010,3,True,True
8515,5,age,137525,137524,11000,1,False,11000,1,False,11000,1,False,True
8516,5,age,137525,137526,10010,3,True,10010,3,True,10010,3,True,True
8517,5,age,137586,137585,11000,1,False,11000,1,False,11000,1,False,True
8518,5,age,137586,137587,10010,3,True,10010,3,True,10010,3,True,True
8519,5,age,137588,137587,11000,1,False,11000,1,False,11000,1,False,True
8520,5,age,137588,137589,10010,3,True,10010,3,True,10010,3,True,True
8521,5,age,137649,137648,11000,1,False,11000,1,False,11000,1,False,True
8522,5,age,137649,137650,10010,3,True,10010,3,True,10010,3,True,True
8523,5,age,137651,137650,11000,1,False,11000,1,False,11000,1,False,True
8524,5,age,137651,137652,10010,3,True,10010,3,True,10010,3,True,True
8525,5,age,137705,137704,10110,3,True,10110,3,True,10110,3,True,True
8526,5,age,137705,137706,10000,1,False,10000,1,False,10000,1,False,True
8527,5,age,137712,137711,11110,1,False,11110,1,False,11110,1,False,True
8528,5,age,137712,137713,11110,1,False,11110,1,False,11110,1,False,True
8529,5,age,137714,137713,11000,1,False,11000,1,False,11000,1,False,True
8530,5,age,137714,137715,10010,3,True,10010,3,True,10010,3,True,True
8531,5,age,137777,137776,11000,1,False,11000,1,False,11000,1,False,True
8532,5,age,137777,137778,10010,3,True,10010,3,True,10010,3,True,True
8533,5,age,137840,137839,11000,1,False,11000,1,False,11000,1,False,True
8534,5,age,137840,137841,10010,3,True,10010,3,True,10010,3,True,True
8535,5,age,137901,137900,11000,1,False,11000,1,False,11000,1,False,True
8536,5,age,137901,137902,10010,3,True,10010,3,True,10010,3,True,True
8537,5,age,137903,137902,11000,1,False,11000,1,False,11000,1,False,True
8538,5,age,137903,137904,10010,3,True,10010,3,True,10010,3,True,True
8539,5,age,137964,137963,11000,1,False,11000,1,False,11000,1,False,True
8540,5,age,137964,137965,10010,3,True,10010,3,True,10010,3,True,True
8541,5,age,137966,137965,11000,1,False,11000,1,False,11000,1,False,True
8542,5,age,137966,137967,10010,3,True,10010,3,True,10010,3,True,True
8543,5,age,138020,138019,10110,3,True,10110,3,True,10110,3,True,True
8544,5,age,138020,138021,10000,1,False,10000,1,False,10000,1,False,True
8545,5,age,138027,138026,11110,1,False,11110,1,False,11110,1,False,True
8546,5,age,138027,138028,11110,1,False,11110,1,False,11110,1,False,True
8547,5,age,138029,138028,11000,1,False,11000,1,False,11000,1,False,True
8548,5,age,138029,138030,10010,3,True,10010,3,True,10010,3,True,True
8549,5,age,138092,138091,11000,1,False,11000,1,False,11000,1,False,True
8550,5,age,138092,138093,10010,3,True,10010,3,True,10010,3,True,True
8551,5,age,138155,138154,11000,1,False,11000,1,False,11000,1,False,True
8552,5,age,138155,138156,10010,3,True,10010,3,True,10010,3,True,True
8553,5,age,138216,138215,11000,1,False,11000,1,False,11000,1,False,True
8554,5,age,138216,138217,10010,3,True,10010,3,True,10010,3,True,True
8555,5,age,138218,138217,11000,1,False,11000,1,False,11000,1,False,True
8556,5,age,138218,138219,10010,3,True,10010,3,True,10010,3,True,True
8557,5,age,138279,138278,11000,1,False,11000,1,False,11000,1,False,True
8558,5,age,138279,138280,10010,3,True,10010,3,True,10010,3,True,True
8559,5,age,138281,138280,11000,1,False,11000,1,False,11000,1,False,True
8560,5,age,138281,138282,10010,3,True,10010,3,True,10010,3,True,True
8561,5,age,138335,138334,10110,3,True,10110,3,True,10110,3,True,True
8562,5,age,138335,138336,10000,1,False,10000,1,False,10000,1,False,True
8563,5,age,138342,138341,11110,1,False,11110,1,False,11110,1,False,True
8564,5,age,138342,138343,11110,1,False,11110,1,False,11110,1,False,True
8565,5,age,138344,138343,11000,1,False,11000,1,False,11000,1,False,True
8566,5,age,138344,138345,10010,3,True,10010,3,True,10010,3,True,True
8567,5,age,138407,138406,11000,1,False,11000,1,False,11000,1,False,True
8568,5,age,138407,138408,10010,3,True,10010,3,True,10010,3,True,True
8569,5,age,138470,138469,11000,1,False,11000,1,False,11000,1,False,True
8570,5,age,138470,138471,10010,3,True,10010,3,True,10010,3,True,True
8571,5,age,138531,138530,11000,1,False,11000,1,False,11000,1,False,True
8572,5,age,138531,138532,10010,3,True,10010,3,True,10010,3,True,True
8573,5,age,138533,138532,11000,1,False,11000,1,False,11000,1,False,True
8574,5,age,138533,138534,10010,3,True,10010,3,True,10010,3,True,True
8575,5,age,138594,138593,11000,1,False,11000,1,False,11000,1,False,True
8576,5,age,138594,138595,10010,3,True,10010,3,True,10010,3,True,True
8577,5,age,138596,138595,11000,1,False,11000,1,False,11000,1,False,True
8578,5,age,138596,138597,10010,3,True,10010,3,True,10010,3,True,True
8579,5,age,138650,138649,10110,3,True,10110,3,True,10110,3,True,True
8580,5,age,138650,138651,10000,1,False,10000,1,False,10000,1,False,True
8581,5,age,138657,138656,11110,1,False,11110,1,False,11110,1,False,True
8582,5,age,138657,138658,11110,1,False,11110,1,False,11110,1,False,True
8583,5,age,138659,138658,11000,1,False,11000,1,False,11000,1,False,True
8584,5,age,138659,138660,10010,3,True,10010,3,True,10010,3,True,True
8585,5,age,138722,138721,11000,1,False,11000,1,False,11000,1,False,True
8586,5,age,138722,138723,10010,3,True,10010,3,True,10010,3,True,True
8587,5,age,138785,138784,11000,1,False,11000,1,False,11000,1,False,True
8588,5,age,138785,138786,10010,3,True,10010,3,True,10010,3,True,True
8589,5,age,138846,138845,11000,1,False,11000,1,False,11000,1,False,True
8590,5,age,138846,138847,10010,3,True,10010,3,True,10010,3,True,True
8591,5,age,138848,138847,11000,1,False,11000,1,False,11000,1,False,True
8592,5,age,138848,138849,10010,3,True,10010,3,True,10010,3,True,True
8593,5,age,138909,138908,11000,1,False,11000,1,False,11000,1,False,True
8594,5,age,138909,138910,10010,3,True,10010,3,True,10010,3,True,True
8595,5,age,138911,138910,11000,1,False,11000,1,False,11000,1,False,True
8596,5,age,138911,138912,10010,3,True,10010,3,True,10010,3,True,True
8597,5,age,138965,138964,10110,3,True,10110,3,True,10110,3,True,True
8598,5,age,138965,138966,10000,1,False,10000,1,False,10000,1,False,True
8599,5,age,138972,138971,11110,1,False,11110,1,False,11110,1,False,True
8600,5,age,138972,138973,11110,1,False,11110,1,False,11110,1,False,True
8601,5,age,138974,138973,11000,1,False,11000,1,False,11000,1,False,True
8602,5,age,138974,138975,10010,3,True,10010,3,True,10010,3,True,True
8603,5,age,139037,139036,11000,1,False,11000,1,False,11000,1,False,True
8604,5,age,139037,139038,10010,3,True,10010,3,True,10010,3,True,True
8605,5,age,139100,139099,11000,1,False,11000,1,False,11000,1,False,True
8606,5,age,139100,139101,10010,3,True,10010,3,True,10010,3,True,True
8607,5,age,139161,139160,11000,1,False,11000,1,False,11000,1,False,True
8608,5,age,139161,139162,10010,3,True,10010,3,True,10010,3,True,True
8609,5,age,139163,139162,11000,1,False,11000,1,False,11000,1,False,True
8610,5,age,139163,139164,10010,3,True,10010,3,True,10010,3,True,True
8611,5,age,139224,139223,11000,1,False,11000,1,False,11000,1,False,True
8612,5,age,139224,139225,10010,3,True,10010,3,True,10010,3,True,True
8613,5,age,139226,139225,11000,1,False,11000,1,False,11000,1,False,True
8614,5,age,139226,139227,10010,3,True,10010,3,True,10010,3,True,True
8615,5,age,139280,139279,10110,3,True,10110,3,True,10110,3,True,True
8616,5,age,139280,139281,10000,1,False,10000,1,False,10000,1,False,True
8617,5,age,139287,139286,11110,1,False,11110,1,False,11110,1,False,True
8618,5,age,139287,139288,11110,1,False,11110,1,False,11110,1,False,True
8619,5,age,139289,139288,11000,1,False,11000,1,False,11000,1,False,True
8620,5,age,139289,139290,10010,3,True,10010,3,True,10010,3,True,True
8621,5,age,139352,139351,11000,1,False,11000,1,False,11000,1,False,True
8622,5,age,139352,139353,10010,3,True,10010,3,True,10010,3,True,True
8623,5,age,139415,139414,11000,1,False,11000,1,False,11000,1,False,True
8624,5,age,139415,139416,10010,3,True,10010,3,True,10010,3,True,True
8625,5,age,139476,139475,11000,1,False,11000,1,False,11000,1,False,True
8626,5,age,139476,139477,10010,3,True,10010,3,True,10010,3,True,True
8627,5,age,139478,139477,11000,1,False,11000,1,False,11000,1,False,True
8628,5,age,139478,139479,10010,3,True,10010,3,True,10010,3,True,True
8629,5,age,139539,139538,11000,1,False,11000,1,False,11000,1,False,True
8630,5,age,139539,139540,10010,3,True,10010,3,True,10010,3,True,True
8631,5,age,139541,139540,11000,1,False,11000,1,False,11000,1,False,True
8632,5,age,139541,139542,10010,3,True,10010,3,True,10010,3,True,True
8633,5,age,139595,139594,10110,3,True,10110,3,True,10110,3,True,True
8634,5,age,139595,139596,10000,1,False,10000,1,False,10000,1,False,True
8635,5,age,139602,139601,11110,1,False,11110,1,False,11110,1,False,True
8636,5,age,139602,139603,11110,1,False,11110,1,False,11110,1,False,True
8637,5,age,139604,139603,11000,1,False,11000,1,False,11000,1,False,True
8638,5,age,139604,139605,10010,3,True,10010,3,True,10010,3,True,True
8639,5,age,139667,139666,11000,1,False,11000,1,False,11000,1,False,True
8640,5,age,139667,139668,10010,3,True,10010,3,True,10010,3,True,True
8641,5,age,139730,139729,11000,1,False,11000,1,False,11000,1,False,True
8642,5,age,139730,139731,10010,3,True,10010,3,True,10010,3,True,True
8643,5,age,139791,139790,11000,1,False,11000,1,False,11000,1,False,True
8644,5,age,139791,139792,10010,3,True,10010,3,True,10010,3,True,True
8645,5,age,139793,139792,11000,1,False,11000,1,False,11000,1,False,True
8646,5,age,139793,139794,10010,3,True,10010,3,True,10010,3,True,True
8647,5,age,139854,139853,11000,1,False,11000,1,False,11000,1,False,True
8648,5,age,139854,139855,10010,3,True,10010,3,True,10010,3,True,True
8649,5,age,139856,139855,11000,1,False,11000,1,False,11000,1,False,True
8650,5,age,139856,139857,10010,3,True,10010,3,True,10010,3,True,True
8651,5,age,139910,139909,10110,3,True,10110,3,True,10110,3,True,True
8652,5,age,139910,139911,10000,1,False,10000,1,False,10000,1,False,True
8653,5,age,139917,139916,11110,1,False,11110,1,False,11110,1,False,True
8654,5,age,139917,139918,11110,1,False,11110,1,False,11110,1,False,True
8655,5,age,139919,139918,11000,1,False,11000,1,False,11000,1,False,True
8656,5,age,139919,139920,10010,3,True,10010,3,True,10010,3,True,True
8657,5,age,139982,139981,11000,1,False,11000,1,False,11000,1,False,True
8658,5,age,139982,139983,10010,3,True,10010,3,True,10010,3,True,True
8659,5,age,140045,140044,11000,1,False,11000,1,False,11000,1,False,True
8660,5,age,140045,140046,10010,3,True,10010,3,True,10010,3,True,True
8661,5,age,140106,140105,11000,1,False,11000,1,False,11000,1,False,True
8662,5,age,140106,140107,10010,3,True,10010,3,True,10010,3,True,True
8663,5,age,140108,140107,11000,1,False,11000,1,False,11000,1,False,True
8664,5,age,140108,140109,10010,3,True,10010,3,True,10010,3,True,True
8665,5,age,140169,140168,11000,1,False,11000,1,False,11000,1,False,True
8666,5,age,140169,140170,10010,3,True,10010,3,True,10010,3,True,True
8667,5,age,140171,140170,11000,1,False,11000,1,False,11000,1,False,True
8668,5,age,140171,140172,10010,3,True,10010,3,True,10010,3,True,True
8669,5,age,140225,140224,10110,3,True,10110,3,True,10110,3,True,True
8670,5,age,140225,140226,10000,1,False,10000,1,False,10000,1,False,True
8671,5,age,140232,140231,11110,1,False,11110,1,False,11110,1,False,True
8672,5,age,140232,140233,11110,1,False,11110,1,False,11110,1,False,True
8673,5,age,140234,140233,11000,1,False,11000,1,False,11000,1,False,True
8674,5,age,140234,140235,10010,3,True,10010,3,True,10010,3,True,True
8675,5,age,140297,140296,11000,1,False,11000,1,False,11000,1,False,True
8676,5,age,140297,140298,10010,3,True,10010,3,True,10010,3,True,True
8677,5,age,140360,140359,11000,1,False,11000,1,False,11000,1,False,True
8678,5,age,140360,140361,10010,3,True,10010,3,True,10010,3,True,True
8679,5,age,140421,140420,11000,1,False,11000,1,False,11000,1,False,True
8680,5,age,140421,140422,10010,3,True,10010,3,True,10010,3,True,True
8681,5,age,140423,140422,11000,1,False,11000,1,False,11000,1,False,True
8682,5,age,140423,140424,10010,3,True,10010,3,True,10010,3,True,True
8683,5,age,140484,140483,11000,1,False,11000,1,False,11000,1,False,True
8684,5,age,140484,140485,10010,3,True,10010,3,True,10010,3,True,True
8685,5,age,140486,140485,11000,1,False,11000,1,False,11000,1,False,True
8686,5,age,140486,140487,10010,3,True,10010,3,True,10010,3,True,True
8687,5,age,140540,140539,10110,3,True,10110,3,True,10110,3,True,True
8688,5,age,140540,140541,10000,1,False,10000,1,False,10000,1,False,True
8689,5,age,140547,140546,11110,1,False,11110,1,False,11110,1,False,True
8690,5,age,140547,140548,11110,1,False,11110,1,False,11110,1,False,True
8691,5,age,140549,140548,11000,1,False,11000,1,False,11000,1,False,True
8692,5,age,140549,140550,10010,3,True,10010,3,True,10010,3,True,True
8693,5,age,140612,140611,11000,1,False,11000,1,False,11000,1,False,True
8694,5,age,140612,140613,10010,3,True,10010,3,True,10010,3,True,True
8695,5,age,140675,140674,11000,1,False,11000,1,False,11000,1,False,True
8696,5,age,140675,140676,10010,3,True,10010,3,True,10010,3,True,True
8697,5,age,140736,140735,11000,1,False,11000,1,False,11000,1,False,True
8698,5,age,140736,140737,10010,3,True,10010,3,True,10010,3,True,True
8699,5,age,140738,140737,11000,1,False,11000,1,False,11000,1,False,True
8700,5,age,140738,140739,10010,3,True,10010,3,True,10010,3,True,True
8701,5,age,140799,140798,11000,1,False,11000,1,False,11000,1,False,True
8702,5,age,140799,140800,10010,3,True,10010,3,True,10010,3,True,True
8703,5,age,140801,140800,11000,1,False,11000,1,False,11000,1,False,True
8704,5,age,140801,140802,10010,3,True,10010,3,True,10010,3,True,True
8705,5,age,140855,140854,10110,3,True,10110,3,True,10110,3,True,True
8706,5,age,140855,140856,10000,1,False,10000,1,False,10000,1,False,True
8707,5,age,140862,140861,11110,1,False,11110,1,False,11110,1,False,True
8708,5,age,140862,140863,11110,1,False,11110,1,False,11110,1,False,True
8709,5,age,140864,140863,11000,1,False,11000,1,False,11000,1,False,True
8710,5,age,140864,140865,10010,3,True,10010,3,True,10010,3,True,True
8711,5,age,140927,140926,11000,1,False,11000,1,False,11000,1,False,True
8712,5,age,140927,140928,10010,3,True,10010,3,True,10010,3,True,True
8713,5,age,140990,140989,11000,1,False,11000,1,False,11000,1,False,True
8714,5,age,140990,140991,10010,3,True,10010,3,True,10010,3,True,True
8715,5,age,141051,141050,11000,1,False,11000,1,False,11000,1,False,True
8716,5,age,141051,141052,10010,3,True,10010,3,True,10010,3,True,True
8717,5,age,141053,141052,11000,1,False,11000,1,False,11000,1,False,True
8718,5,age,141053,141054,10010,3,True,10010,3,True,10010,3,True,True
8719,5,age,141114,141113,11000,1,False,11000,1,False,11000,1,False,True
8720,5,age,141114,141115,10010,3,True,10010,3,True,10010,3,True,True
8721,5,age,141116,141115,11000,1,False,11000,1,False,11000,1,False,True
8722,5,age,141116,141117,10010,3,True,10010,3,True,10010,3,True,True
8723,5,age,141170,141169,10110,3,True,10110,3,True,10110,3,True,True
8724,5,age,141170,141171,10000,1,False,10000,1,False,10000,1,False,True
8725,5,age,141177,141176,11110,1,False,11110,1,False,11110,1,False,True
8726,5,age,141177,141178,11110,1,False,11110,1,False,11110,1,False,True
8727,5,age,141179,141178,11000,1,False,11000,1,False,11000,1,False,True
8728,5,age,141179,141180,10010,3,True,10010,3,True,10010,3,True,True
8729,5,age,141242,141241,11000,1,False,11000,1,False,11000,1,False,True
8730,5,age,141242,141243,10010,3,True,10010,3,True,10010,3,True,True
8731,5,age,141305,141304,11000,1,False,11000,1,False,11000,1,False,True
8732,5,age,141305,141306,10010,3,True,10010,3,True,10010,3,True,True
8733,5,age,141366,141365,11000,1,False,11000,1,False,11000,1,False,True
8734,5,age,141366,141367,10010,3,True,10010,3,True,10010,3,True,True
8735,5,age,141368,141367,11000,1,False,11000,1,False,11000,1,False,True
8736,5,age,141368,141369,10010,3,True,10010,3,True,10010,3,True,True
8737,5,age,141429,141428,11000,1,False,11000,1,False,11000,1,False,True
8738,5,age,141429,141430,10010,3,True,10010,3,True,10010,3,True,True
8739,5,age,141431,141430,11000,1,False,11000,1,False,11000,1,False,True
8740,5,age,141431,141432,10010,3,True,10010,3,True,10010,3,True,True
8741,5,age,141485,141484,10110,3,True,10110,3,True,10110,3,True,True
8742,5,age,141485,141486,10000,1,False,10000,1,False,10000,1,False,True
8743,5,age,141492,141491,11110,1,False,11110,1,False,11110,1,False,True
8744,5,age,141492,141493,11110,1,False,11110,1,False,11110,1,False,True
8745,5,age,141494,141493,11000,1,False,11000,1,False,11000,1,False,True
8746,5,age,141494,141495,10010,3,True,10010,3,True,10010,3,True,True
8747,5,age,141557,141556,11000,1,False,11000,1,False,11000,1,False,True
8748,5,age,141557,141558,10010,3,True,10010,3,True,10010,3,True,True
8749,5,age,141620,141619,11000,1,False,11000,1,False,11000,1,False,True
8750,5,age,141620,141621,10010,3,True,10010,3,True,10010,3,True,True
8751,5,age,141681,141680,11000,1,False,11000,1,False,11000,1,False,True
8752,5,age,141681,141682,10010,3,True,10010,3,True,10010,3,True,True
8753,5,age,141683,141682,11000,1,False,11000,1,False,11000,1,False,True
8754,5,age,141683,141684,10010,3,True,10010,3,True,10010,3,True,True
8755,5,age,141744,141743,11000,1,False,11000,1,False,11000,1,False,True
8756,5,age,141744,141745,10010,3,True,10010,3,True,10010,3,True,True
8757,5,age,141746,141745,11000,1,False,11000,1,False,11000,1,False,True
8758,5,age,141746,141747,10010,3,True,10010,3,True,10010,3,True,True
8759,5,age,141800,141799,10110,3,True,10110,3,True,10110,3,True,True
8760,5,age,141800,141801,10000,1,False,10000,1,False,10000,1,False,True
8761,5,age,141807,141806,11110,1,False,11110,1,False,11110,1,False,True
8762,5,age,141807,141808,11110,1,False,11110,1,False,11110,1,False,True
8763,5,age,141809,141808,11000,1,False,11000,1,False,11000,1,False,True
8764,5,age,141809,141810,10010,3,True,10010,3,True,10010,3,True,True
8765,5,age,141872,141871,11000,1,False,11000,1,False,11000,1,False,True
8766,5,age,141872,141873,10010,3,True,10010,3,True,10010,3,True,True
8767,5,age,141935,141934,11000,1,False,11000,1,False,11000,1,False,True
8768,5,age,141935,141936,10010,3,True,10010,3,True,10010,3,True,True
8769,5,age,141996,141995,11000,1,False,11000,1,False,11000,1,False,True
8770,5,age,141996,141997,10010,3,True,10010,3,True,10010,3,True,True
8771,5,age,141998,141997,11000,1,False,11000,1,False,11000,1,False,True
8772,5,age,141998,141999,10010,3,True,10010,3,True,10010,3,True,True
8773,5,age,142059,142058,11000,1,False,11000,1,False,11000,1,False,True
8774,5,age,142059,142060,10010,3,True,10010,3,True,10010,3,True,True
8775,5,age,142061,142060,11000,1,False,11000,1,False,11000,1,False,True
8776,5,age,142061,142062,10010,3,True,10010,3,True,10010,3,True,True
8777,5,age,142115,142114,10110,3,True,10110,3,True,10110,3,True,True
8778,5,age,142115,142116,10000,1,False,10000,1,False,10000,1,False,True
8779,5,age,142122,142121,11110,1,False,11110,1,False,11110,1,False,True
8780,5,age,142122,142123,11110,1,False,11110,1,False,11110,1,False,True
8781,5,age,142124,142123,11000,1,False,11000,1,False,11000,1,False,True
8782,5,age,142124,142125,10010,3,True,10010,3,True,10010,3,True,True
8783,5,age,142187,142186,11000,1,False,11000,1,False,11000,1,False,True
8784,5,age,142187,142188,10010,3,True,10010,3,True,10010,3,True,True
8785,5,age,142250,142249,11000,1,False,11000,1,False,11000,1,False,True
8786,5,age,142250,142251,10010,3,True,10010,3,True,10010,3,True,True
8787,5,age,142311,142310,11000,1,False,11000,1,False,11000,1,False,True
8788,5,age,142311,142312,10010,3,True,10010,3,True,10010,3,True,True
8789,5,age,142313,142312,11000,1,False,11000,1,False,11000,1,False,True
8790,5,age,142313,142314,10010,3,True,10010,3,True,10010,3,True,True
8791,5,age,142374,142373,11000,1,False,11000,1,False,11000,1,False,True
8792,5,age,142374,142375,10010,3,True,10010,3,True,10010,3,True,True
8793,5,age,142376,142375,11000,1,False,11000,1,False,11000,1,False,True
8794,5,age,142376,142377,10010,3,True,10010,3,True,10010,3,True,True
8795,5,age,142430,142429,10110,3,True,10110,3,True,10110,3,True,True
8796,5,age,142430,142431,10000,1,False,10000,1,False,10000,1,False,True
8797,5,age,142437,142436,11110,1,False,11110,1,False,11110,1,False,True
8798,5,age,142437,142438,11110,1,False,11110,1,False,11110,1,False,True
8799,5,age,142439,142438,11000,1,False,11000,1,False,11000,1,False,True
8800,5,age,142439,142440,10010,3,True,10010,3,True,10010,3,True,True
8801,5,age,142502,142501,11000,1,False,11000,1,False,11000,1,False,True
8802,5,age,142502,142503,10010,3,True,10010,3,True,10010,3,True,True
8803,5,age,142565,142564,11000,1,False,11000,1,False,11000,1,False,True
8804,5,age,142565,142566,10010,3,True,10010,3,True,10010,3,True,True
8805,5,age,142626,142625,11000,1,False,11000,1,False,11000,1,False,True
8806,5,age,142626,142627,10010,3,True,10010,3,True,10010,3,True,True
8807,5,age,142628,142627,11000,1,False,11000,1,False,11000,1,False,True
8808,5,age,142628,142629,10010,3,True,10010,3,True,10010,3,True,True
8809,5,age,142689,142688,11000,1,False,11000,1,False,11000,1,False,True
8810,5,age,142689,142690,10010,3,True,10010,3,True,10010,3,True,True
8811,5,age,142691,142690,11000,1,False,11000,1,False,11000,1,False,True
8812,5,age,142691,142692,10010,3,True,10010,3,True,10010,3,True,True
8813,5,age,142745,142744,10110,3,True,10110,3,True,10110,3,True,True
8814,5,age,142745,142746,10000,1,False,10000,1,False,10000,1,False,True
8815,5,age,142752,142751,11110,1,False,11110,1,False,11110,1,False,True
8816,5,age,142752,142753,11110,1,False,11110,1,False,11110,1,False,True
8817,5,age,142754,142753,11000,1,False,11000,1,False,11000,1,False,True
8818,5,age,142754,142755,10010,3,True,10010,3,True,10010,3,True,True
8819,5,age,142817,142816,11000,1,False,11000,1,False,11000,1,False,True
8820,5,age,142817,142818,10010,3,True,10010,3,True,10010,3,True,True
8821,5,age,142880,142879,11000,1,False,11000,1,False,11000,1,False,True
8822,5,age,142880,142881,10010,3,True,10010,3,True,10010,3,True,True
8823,5,age,142941,142940,11000,1,False,11000,1,False,11000,1,False,True
8824,5,age,142941,142942,10010,3,True,10010,3,True,10010,3,True,True
8825,5,age,142943,142942,11000,1,False,11000,1,False,11000,1,False,True
8826,5,age,142943,142944,10010,3,True,10010,3,True,10010,3,True,True
8827,5,age,143004,143003,11000,1,False,11000,1,False,11000,1,False,True
8828,5,age,143004,143005,10010,3,True,10010,3,True,10010,3,True,True
8829,5,age,143006,143005,11000,1,False,11000,1,False,11000,1,False,True
8830,5,age,143006,143007,10010,3,True,10010,3,True,10010,3,True,True
8831,5,age,143060,143059,10110,3,True,10110,3,True,10110,3,True,True
8832,5,age,143060,143061,10000,1,False,10000,1,False,10000,1,False,True
8833,5,age,143067,143066,11110,1,False,11110,1,False,11110,1,False,True
8834,5,age,143067,143068,11110,1,False,11110,1,False,11110,1,False,True
8835,5,age,143069,143068,11000,1,False,11000,1,False,11000,1,False,True
8836,5,age,143069,143070,10010,3,True,10010,3,True,10010,3,True,True
8837,5,age,143132,143131,11000,1,False,11000,1,False,11000,1,False,True
8838,5,age,143132,143133,10010,3,True,10010,3,True,10010,3,True,True
8839,5,age,143195,143194,11000,1,False,11000,1,False,11000,1,False,True
8840,5,age,143195,143196,10010,3,True,10010,3,True,10010,3,True,True
8841,5,age,143256,143255,11000,1,False,11000,1,False,11000,1,False,True
8842,5,age,143256,143257,10010,3,True,10010,3,True,10010,3,True,True
8843,5,age,143258,143257,11000,1,False,11000,1,False,11000,1,False,True
8844,5,age,143258,143259,10010,3,True,10010,3,True,10010,3,True,True
8845,5,age,143319,143318,11000,1,False,11000,1,False,11000,1,False,True
8846,5,age,143319,143320,10010,3,True,10010,3,True,10010,3,True,True
8847,5,age,143321,143320,11000,1,False,11000,1,False,11000,1,False,True
8848,5,age,143321,143322,10010,3,True,10010,3,True,10010,3,True,True
