node_index,pending_age_s,u_lo,u_hi,endpoint_monotone,hold_cell_product,adopt_cell_product,vf_endpoint_width,af_endpoint_width,position_endpoint_width
167058,0.0,-6.0,-5.96875,True,4,8,0.00040678289301077086,0.007766334591397417,1.3875987446065885e-05
167058,0.0,-5.96875,-5.9375,True,4,8,0.00040678289301077086,0.007766334591397417,1.3875987446176907e-05
167058,0.0,-5.9375,-5.90625,True,4,8,0.00040678289301165904,0.007766334591397417,1.3875987446176907e-05
167058,0.0,-5.90625,-5.875,True,4,8,0.00040678289301077086,0.007766334591396529,1.3875987446176907e-05
167058,0.0,-5.875,-5.84375,True,4,8,0.00040678289301077086,0.007766334591397417,1.3875987446176907e-05
167058,0.0,-5.84375,-5.8125,True,4,8,0.00040678289301077086,0.007766334591397417,1.3875987446176907e-05
167058,0.0,-5.8125,-5.78125,True,4,8,0.00040678289301077086,0.007766334591397417,1.3875987446176907e-05
167058,0.0,-5.78125,-5.75,True,4,8,0.00040678289301165904,0.007766334591397417,1.3875987446176907e-05
167058,0.0,-5.75,-5.71875,True,4,8,0.00040678289301077086,0.007766334591397417,1.3875987446176907e-05
167058,0.0,-5.71875,-5.6875,True,4,8,0.00040678289301077086,0.007766334591397417,1.3875987446065885e-05
167058,0.0,-5.6875,-5.65625,True,4,8,0.00040678289301077086,0.007766334591397417,1.387598744628793e-05
167058,0.0,-5.65625,-5.625,True,4,8,0.00040678289301077086,0.007766334591397417,1.3875987446176907e-05
167058,0.0,-5.625,-5.59375,True,4,8,0.00040678289301165904,0.007766334591396529,1.3875987446065885e-05
167058,0.0,-5.59375,-5.5625,True,4,8,0.00040678289301077086,0.007766334591397417,1.3875987446176907e-05
167058,0.0,-5.5625,-5.53125,True,4,8,0.00040678289301077086,0.007766334591397417,1.387598744628793e-05
167058,0.0,-5.53125,-5.5,True,4,8,0.00040678289301077086,0.007766334591397417,1.3875987446065885e-05
167058,0.0,-5.5,-5.46875,True,4,8,0.00040678289301077086,0.007766334591397417,1.3875987446176907e-05
167058,0.0,-5.46875,-5.4375,True,4,8,0.00040678289301165904,0.007766334591397417,1.387598744628793e-05
167058,0.0,-5.4375,-5.40625,True,4,8,0.00040678289301077086,0.007766334591397417,1.3875987446065885e-05
167058,0.0,-5.40625,-5.375,True,4,8,0.00040678289301077086,0.007766334591397417,1.3875987446176907e-05
167058,0.0,-5.375,-5.34375,True,4,8,0.00040678289301077086,0.007766334591397417,1.3875987446176907e-05
167058,0.0,-5.34375,-5.3125,True,4,8,0.00040678289301077086,0.007766334591396529,1.3875987446176907e-05
167058,0.0,-5.3125,-5.28125,True,4,8,0.00040678289301165904,0.007766334591397417,1.3875987446176907e-05
167058,0.0,-5.28125,-5.25,True,4,8,0.00040678289301077086,0.007766334591397417,1.3875987446176907e-05
167058,0.0,-5.25,-5.21875,True,4,8,0.00040678289301077086,0.007766334591397417,1.3875987446176907e-05
167058,0.0,-5.21875,-5.1875,True,4,8,0.00040678289301077086,0.007766334591397417,1.3875987446176907e-05
167058,0.0,-5.1875,-5.15625,True,4,8,0.00040678289301077086,0.007766334591397417,1.3875987446176907e-05
167058,0.0,-5.15625,-5.125,True,4,8,0.00040678289301165904,0.007766334591397417,1.3875987446065885e-05
167058,0.0,-5.125,-5.09375,True,4,8,0.00040678289301077086,0.007766334591397417,1.387598744628793e-05
167058,0.0,-5.09375,-5.0625,True,4,8,0.00040678289301077086,0.007766334591397417,1.3875987446176907e-05
167058,0.0,-5.0625,-5.03125,True,4,8,0.00040678289301077086,0.007766334591396529,1.3875987446065885e-05
167058,0.0,-5.03125,-5.0,True,4,8,0.00040678289301077086,0.007766334591397417,1.387598744628793e-05
167058,0.0,-5.0,-4.96875,True,4,8,0.00040678289301165904,0.007766334591397417,1.3875987446176907e-05
167058,0.0,-4.96875,-4.9375,True,4,8,0.00040678289301077086,0.007766334591397417,1.3875987446065885e-05
167058,0.0,-4.9375,-4.90625,True,4,8,0.00040678289301077086,0.007766334591397417,1.3875987446176907e-05
167058,0.0,-4.90625,-4.875,True,4,8,0.00040678289301077086,0.007766334591397417,1.387598744628793e-05
167058,0.0,-4.875,-4.84375,True,4,8,0.00040678289301077086,0.007766334591397417,1.3875987446065885e-05
167058,0.0,-4.84375,-4.8125,True,4,8,0.00040678289301165904,0.007766334591397417,1.3875987446176907e-05
167058,0.0,-4.8125,-4.78125,True,4,8,0.00040678289301077086,0.007766334591397417,1.3875987446176907e-05
167058,0.0,-4.78125,-4.75,True,4,8,0.00040678289301077086,0.007766334591396529,1.3875987446176907e-05
167058,0.0,-4.75,-4.71875,True,4,8,0.00040678289301077086,0.007766334591397417,1.3875987446176907e-05
167058,0.0,-4.71875,-4.6875,True,4,8,0.00040678289301077086,0.007766334591397417,1.3875987446176907e-05
167058,0.0,-4.6875,-4.65625,True,4,8,0.00040678289301165904,0.007766334591397417,1.3875987446176907e-05
167058,0.0,-4.65625,-4.625,True,4,8,0.00040678289301077086,0.007766334591397417,1.3875987446176907e-05
167058,0.0,-4.625,-4.59375,True,4,8,0.00040678289301077086,0.007766334591397417,1.3875987446176907e-05
167058,0.0,-4.59375,-4.5625,True,4,8,0.00040678289301077086,0.007766334591397417,1.3875987446065885e-05
167058,0.0,-4.5625,-4.53125,True,4,8,0.00040678289301077086,0.007766334591396529,1.387598744628793e-05
167058,0.0,-4.53125,-4.5,True,4,8,0.00040678289301165904,0.007766334591398305,1.3875987446176907e-05
167058,0.0,-4.5,-4.46875,True,4,8,0.00040678289301077086,0.007766334591396529,1.3875987446065885e-05
167058,0.0,-4.46875,-4.4375,True,4,8,0.00040678289301077086,0.007766334591397417,1.387598744628793e-05
167058,0.0,-4.4375,-4.40625,True,4,8,0.00040678289301077086,0.007766334591397417,1.3875987446176907e-05
167058,0.0,-4.40625,-4.375,True,4,8,0.00040678289301077086,0.007766334591397417,1.3875987446065885e-05
167058,0.0,-4.375,-4.34375,True,4,8,0.00040678289301165904,0.007766334591397417,1.3875987446176907e-05
167058,0.0,-4.34375,-4.3125,True,4,8,0.00040678289301077086,0.007766334591397417,1.387598744628793e-05
167058,0.0,-4.3125,-4.28125,True,4,8,0.0004067828930098827,0.007766334591397417,1.3875987446065885e-05
167058,0.0,-4.28125,-4.25,True,4,8,0.00040678289301077086,0.007766334591396529,1.3875987446176907e-05
167058,0.0,-4.25,-4.21875,True,4,8,0.00040678289301077086,0.007766334591398305,1.387598744628793e-05
167058,0.0,-4.21875,-4.1875,True,4,8,0.00040678289301165904,0.007766334591396529,1.3875987446065885e-05
167058,0.0,-4.1875,-4.15625,True,4,8,0.00040678289301077086,0.007766334591397417,1.3875987446176907e-05
167058,0.0,-4.15625,-4.125,True,4,8,0.00040678289301077086,0.007766334591397417,1.3875987446176907e-05
167058,0.0,-4.125,-4.09375,True,4,8,0.00040678289301077086,0.007766334591397417,1.3875987446176907e-05
167058,0.0,-4.09375,-4.0625,True,4,8,0.00040678289301077086,0.007766334591397417,1.3875987446176907e-05
167058,0.0,-4.0625,-4.03125,True,4,8,0.00040678289301077086,0.007766334591397417,1.3875987446176907e-05
167058,0.0,-4.03125,-4.0,True,4,8,0.00040678289301165904,0.007766334591397417,1.3875987446065885e-05
167058,0.0,-4.0,-3.96875,True,4,8,0.00040678289301077086,0.007766334591396529,1.387598744628793e-05
167058,0.0,-3.96875,-3.9375,True,4,8,0.00040678289301077086,0.007766334591397417,1.3875987446176907e-05
167058,0.0,-3.9375,-3.90625,True,4,8,0.00040678289301077086,0.007766334591397417,1.3875987446065885e-05
167058,0.0,-3.90625,-3.875,True,4,8,0.00040678289301077086,0.007766334591397417,1.387598744628793e-05
167058,0.0,-3.875,-3.84375,True,4,8,0.00040678289301165904,0.007766334591397417,1.3875987446176907e-05
167058,0.0,-3.84375,-3.8125,True,4,8,0.00040678289301077086,0.007766334591397417,1.3875987446065885e-05
167058,0.0,-3.8125,-3.78125,True,4,8,0.00040678289301077086,0.007766334591397417,1.3875987446176907e-05
167058,0.0,-3.78125,-3.75,True,4,8,0.00040678289301077086,0.007766334591397417,1.387598744628793e-05
167058,0.0,-3.75,-3.71875,True,4,8,0.00040678289301077086,0.007766334591397417,1.3875987446065885e-05
167058,0.0,-3.71875,-3.6875,True,4,8,0.00040678289301165904,0.007766334591396529,1.3875987446176907e-05
167058,0.0,-3.6875,-3.65625,True,4,8,0.00040678289301077086,0.007766334591397417,1.387598744628793e-05
167058,0.0,-3.65625,-3.625,True,4,8,0.00040678289301077086,0.007766334591397417,1.3875987446065885e-05
167058,0.0,-3.625,-3.59375,True,4,8,0.00040678289301077086,0.007766334591397417,1.3875987446176907e-05
167058,0.0,-3.59375,-3.5625,True,4,8,0.00040678289301077086,0.007766334591397417,1.3875987446176907e-05
167058,0.0,-3.5625,-3.53125,True,4,8,0.00040678289301165904,0.007766334591397417,1.3875987446176907e-05
167058,0.0,-3.53125,-3.5,True,4,8,0.00040678289301077086,0.007766334591397417,1.3875987446176907e-05
167058,0.0,-3.5,-3.46875,True,4,8,0.00040678289301077086,0.007766334591397417,1.3875987446176907e-05
167058,0.0,-3.46875,-3.4375,True,4,8,0.00040678289301077086,0.007766334591397417,1.387598744628793e-05
167058,0.0,-3.4375,-3.40625,True,4,8,0.00040678289301077086,0.007766334591396529,1.3875987446065885e-05
167058,0.0,-3.40625,-3.375,True,4,8,0.00040678289301165904,0.007766334591398305,1.3875987446176907e-05
167058,0.0,-3.375,-3.34375,True,4,8,0.00040678289301077086,0.007766334591396529,1.3875987446065885e-05
167058,0.0,-3.34375,-3.3125,True,4,8,0.00040678289301077086,0.007766334591397417,1.387598744628793e-05
167058,0.0,-3.3125,-3.28125,True,4,8,0.00040678289301077086,0.007766334591397417,1.3875987446176907e-05
167058,0.0,-3.28125,-3.25,True,4,8,0.00040678289301077086,0.007766334591397417,1.3875987446176907e-05
167058,0.0,-3.25,-3.21875,True,4,8,0.00040678289301165904,0.007766334591397417,1.3875987446065885e-05
167058,0.0,-3.21875,-3.1875,True,4,8,0.00040678289301077086,0.007766334591396529,1.387598744628793e-05
167058,0.0,-3.1875,-3.15625,True,4,8,0.00040678289301077086,0.007766334591398305,1.3875987446176907e-05
167058,0.0,-3.15625,-3.125,True,4,8,0.00040678289301077086,0.007766334591396529,1.3875987446065885e-05
167058,0.0,-3.125,-3.09375,True,4,8,0.00040678289301077086,0.007766334591398305,1.387598744628793e-05
167058,0.0,-3.09375,-3.0625,True,4,8,0.00040678289301165904,0.007766334591396529,1.3875987446176907e-05
167058,0.0,-3.0625,-3.03125,True,4,8,0.00040678289301077086,0.007766334591397417,1.3875987446065885e-05
167058,0.0,-3.03125,-3.0,True,4,8,0.00040678289301077086,0.007766334591397417,1.3875987446176907e-05
167058,0.0,-3.0,-2.96875,True,4,8,0.00040678289301077086,0.007766334591397417,1.387598744628793e-05
167058,0.0,-2.96875,-2.9375,True,4,8,0.00040678289301165904,0.007766334591397417,1.3875987446065885e-05
167058,0.0,-2.9375,-2.90625,True,4,8,0.00040678289301077086,0.007766334591396529,1.3875987446176907e-05
167058,0.0,-2.90625,-2.875,True,4,8,0.00040678289301077086,0.007766334591398305,1.387598744628793e-05
167058,0.0,-2.875,-2.84375,True,4,8,0.00040678289301077086,0.007766334591396529,1.3875987446065885e-05
167058,0.0,-2.84375,-2.8125,True,4,8,0.00040678289301077086,0.007766334591398305,1.3875987446176907e-05
167058,0.0,-2.8125,-2.78125,True,4,8,0.00040678289301165904,0.007766334591396529,1.3875987446176907e-05
167058,0.0,-2.78125,-2.75,True,4,8,0.00040678289301077086,0.007766334591397417,1.3875987446176907e-05
167058,0.0,-2.75,-2.71875,True,4,8,0.00040678289301077086,0.007766334591397417,1.3875987446176907e-05
167058,0.0,-2.71875,-2.6875,True,4,8,0.00040678289301077086,0.007766334591397417,1.3875987446176907e-05
167058,0.0,-2.6875,-2.65625,True,4,8,0.00040678289301077086,0.007766334591397417,1.3875987446176907e-05
167058,0.0,-2.65625,-2.625,True,4,8,0.00040678289301165904,0.007766334591396529,1.3875987446176907e-05
167058,0.0,-2.625,-2.59375,True,4,8,0.00040678289301077086,0.007766334591398305,1.3875987446176907e-05
167058,0.0,-2.59375,-2.5625,True,4,8,0.00040678289301077086,0.007766334591396529,1.3875987446065885e-05
167058,0.0,-2.5625,-2.53125,True,4,8,0.00040678289301077086,0.007766334591397417,1.387598744628793e-05
167058,0.0,-2.53125,-2.5,True,4,8,0.00040678289301077086,0.007766334591397417,1.3875987446176907e-05
167058,0.0,-2.5,-2.46875,True,4,8,0.00040678289301165904,0.007766334591397417,1.3875987446065885e-05
167058,0.0,-2.46875,-2.4375,True,4,8,0.00040678289301077086,0.007766334591397417,1.3875987446176907e-05
167058,0.0,-2.4375,-2.40625,True,4,8,0.00040678289301077086,0.007766334591397417,1.387598744628793e-05
167058,0.0,-2.40625,-2.375,True,4,8,0.00040678289301077086,0.007766334591397417,1.3875987446065885e-05
167058,0.0,-2.375,-2.34375,True,4,8,0.00040678289301077086,0.007766334591396529,1.3875987446176907e-05
167058,0.0,-2.34375,-2.3125,True,4,8,0.00040678289301165904,0.007766334591398305,1.387598744628793e-05
167058,0.0,-2.3125,-2.28125,True,4,8,0.00040678289301077086,0.007766334591396529,1.3875987446065885e-05
167058,0.0,-2.28125,-2.25,True,4,8,0.00040678289301077086,0.007766334591397417,1.3875987446176907e-05
167058,0.0,-2.25,-2.21875,True,4,8,0.00040678289301077086,0.007766334591397417,1.3875987446176907e-05
167058,0.0,-2.21875,-2.1875,True,4,8,0.00040678289301077086,0.007766334591397417,1.3875987446176907e-05
167058,0.0,-2.1875,-2.15625,True,4,8,0.00040678289301165904,0.007766334591397417,1.3875987446176907e-05
167058,0.0,-2.15625,-2.125,True,4,8,0.00040678289301077086,0.007766334591397417,1.3875987446176907e-05
167058,0.0,-2.125,-2.09375,True,4,8,0.00040678289301077086,0.007766334591397417,1.3875987446176907e-05
167058,0.0,-2.09375,-2.0625,True,4,8,0.00040678289301077086,0.007766334591396529,1.3875987446176907e-05
167058,0.0,-2.0625,-2.03125,True,4,8,0.00040678289301077086,0.007766334591397417,1.3875987446176907e-05
167058,0.0,-2.03125,-2.0,True,4,8,0.00040678289301165904,0.007766334591397417,1.3875987446065885e-05
167058,0.0,-2.0,-1.96875,True,4,8,0.00040678289301077086,0.007766334591397417,1.387598744628793e-05
167058,0.0,-1.96875,-1.9375,True,4,8,0.00040678289301077086,0.007766334591397417,1.3875987446176907e-05
167058,0.0,-1.9375,-1.90625,True,4,8,0.00040678289301077086,0.007766334591397417,1.3875987446065885e-05
167058,0.0,-1.90625,-1.875,True,4,8,0.00040678289301077086,0.007766334591397417,1.387598744628793e-05
167058,0.0,-1.875,-1.84375,True,4,8,0.00040678289301165904,0.007766334591397417,1.3875987446176907e-05
167058,0.0,-1.84375,-1.8125,True,4,8,0.00040678289301077086,0.007766334591397417,1.3875987446065885e-05
167058,0.0,-1.8125,-1.78125,True,4,8,0.00040678289301077086,0.007766334591396529,1.3875987446176907e-05
167058,0.0,-1.78125,-1.75,True,4,8,0.00040678289301077086,0.007766334591397417,1.387598744628793e-05
167058,0.0,-1.75,-1.71875,True,4,8,0.00040678289301077086,0.007766334591397417,1.3875987446065885e-05
167058,0.0,-1.71875,-1.6875,True,4,8,0.00040678289301165904,0.007766334591397417,1.3875987446176907e-05
167058,0.0,-1.6875,-1.65625,True,4,8,0.00040678289301077086,0.007766334591397417,1.3875987446176907e-05
167058,0.0,-1.65625,-1.625,True,4,8,0.00040678289301077086,0.007766334591397417,1.3875987446176907e-05
167058,0.0,-1.625,-1.59375,True,4,8,0.00040678289301077086,0.007766334591397417,1.3875987446176907e-05
167058,0.0,-1.59375,-1.5625,True,4,8,0.00040678289301077086,0.007766334591397417,1.3875987446176907e-05
167058,0.0,-1.5625,-1.53125,True,4,8,0.00040678289301165904,0.007766334591396529,1.3875987446176907e-05
167058,0.0,-1.53125,-1.5,True,4,8,0.00040678289301077086,0.007766334591397417,1.3875987446176907e-05
167058,0.0,-1.5,-1.46875,True,4,8,0.00040678289301077086,0.007766334591397417,1.3875987446176907e-05
167058,0.0,-1.46875,-1.4375,True,4,8,0.00040678289301077086,0.007766334591397417,1.3875987446065885e-05
167058,0.0,-1.4375,-1.40625,True,4,8,0.00040678289301077086,0.007766334591397417,1.387598744628793e-05
167058,0.0,-1.40625,-1.375,True,4,8,0.00040678289301165904,0.007766334591397417,1.3875987446176907e-05
167058,0.0,-1.375,-1.34375,True,4,8,0.00040678289301077086,0.007766334591397417,1.3875987446065885e-05
167058,0.0,-1.34375,-1.3125,True,4,8,0.00040678289301077086,0.007766334591397417,1.387598744628793e-05
167058,0.0,-1.3125,-1.28125,True,4,8,0.0004067828930098827,0.007766334591397417,1.3875987446176907e-05
167058,0.0,-1.28125,-1.25,True,4,8,0.00040678289301077086,0.007766334591396529,1.3875987446065885e-05
167058,0.0,-1.25,-1.21875,True,4,8,0.0004067828930125472,0.007766334591397417,1.3875987446176907e-05
167058,0.0,-1.21875,-1.1875,True,4,8,0.00040678289301077086,0.007766334591397417,1.387598744628793e-05
167058,0.0,-1.1875,-1.15625,True,4,8,0.00040678289301077086,0.007766334591397417,1.3875987446065885e-05
167058,0.0,-1.15625,-1.125,True,4,8,0.00040678289301077086,0.007766334591397417,1.3875987446176907e-05
167058,0.0,-1.125,-1.09375,True,4,8,0.0004067828930098827,0.007766334591397417,1.387598744628793e-05
167058,0.0,-1.09375,-1.0625,True,4,8,0.00040678289301165904,0.007766334591397417,1.3875987446065885e-05
167058,0.0,-1.0625,-1.03125,True,4,8,0.00040678289301077086,0.007766334591397417,1.3875987446176907e-05
167058,0.0,-1.03125,-1.0,True,4,8,0.00040678289301077086,0.007766334591397417,1.3875987446176907e-05
167058,0.0,-1.0,-0.96875,True,4,8,0.00040678289301077086,0.007766334591396529,1.3875987446176907e-05
167058,0.0,-0.96875,-0.9375,True,4,8,0.00040678289301077086,0.007766334591397417,1.3875987446176907e-05
167058,0.0,-0.9375,-0.90625,True,4,8,0.00040678289301165904,0.007766334591397417,1.3875987446176907e-05
167058,0.0,-0.90625,-0.875,True,4,8,0.00040678289301077086,0.007766334591397417,1.3875987446065885e-05
167058,0.0,-0.875,-0.84375,True,4,8,0.00040678289301077086,0.007766334591397417,1.387598744628793e-05
167058,0.0,-0.84375,-0.8125,True,4,8,0.00040678289301077086,0.007766334591397417,1.3875987446176907e-05
167058,0.0,-0.8125,-0.78125,True,4,8,0.00040678289301077086,0.007766334591397417,1.3875987446065885e-05
167058,0.0,-0.78125,-0.75,True,4,8,0.00040678289301165904,0.007766334591397417,1.387598744628793e-05
167058,0.0,-0.75,-0.71875,True,4,8,0.00040678289301077086,0.007766334591397417,1.3875987446176907e-05
167058,0.0,-0.71875,-0.6875,True,4,8,0.00040678289301077086,0.007766334591397417,1.3875987446065885e-05
167058,0.0,-0.6875,-0.65625,True,4,8,0.00040678289301077086,0.007766334591397417,1.3875987446176907e-05
167058,0.0,-0.65625,-0.625,True,4,8,0.00040678289301077086,0.007766334591396529,1.387598744628793e-05
167058,0.0,-0.625,-0.59375,True,4,8,0.00040678289301165904,0.007766334591397417,1.3875987446065885e-05
167058,0.0,-0.59375,-0.5625,True,4,8,0.00040678289301077086,0.007766334591397417,1.3875987446176907e-05
167058,0.0,-0.5625,-0.53125,True,4,8,0.00040678289301077086,0.007766334591397417,1.387598744628793e-05
167058,0.0,-0.53125,-0.5,True,4,8,0.00040678289301077086,0.007766334591397417,1.3875987446065885e-05
167058,0.0,-0.5,-0.46875,True,4,8,0.00040678289301077086,0.007766334591397417,1.3875987446176907e-05
167058,0.0,-0.46875,-0.4375,True,4,8,0.00040678289301165904,0.007766334591397417,1.3875987446176907e-05
167058,0.0,-0.4375,-0.40625,True,4,8,0.00040678289301077086,0.007766334591397417,1.3875987446176907e-05
167058,0.0,-0.40625,-0.375,True,4,8,0.00040678289301077086,0.007766334591397417,1.3875987446176907e-05
167058,0.0,-0.375,-0.34375,True,4,8,0.00040678289301077086,0.007766334591396529,1.3875987446176907e-05
167058,0.0,-0.34375,-0.3125,True,4,8,0.00040678289301077086,0.007766334591397417,1.3875987446176907e-05
167058,0.0,-0.3125,-0.28125,True,4,8,0.00040678289301165904,0.007766334591397417,1.3875987446176907e-05
167058,0.0,-0.28125,-0.25,True,4,8,0.00040678289301077086,0.007766334591397417,1.3875987446176907e-05
167058,0.0,-0.25,-0.21875,True,4,8,0.00040678289301077086,0.007766334591397417,1.3875987446065885e-05
167058,0.0,-0.21875,-0.1875,True,4,8,0.00040678289301077086,0.007766334591397417,1.387598744628793e-05
167058,0.0,-0.1875,-0.15625,True,4,8,0.00040678289301077086,0.007766334591397417,1.3875987446176907e-05
167058,0.0,-0.15625,-0.125,True,4,8,0.00040678289301165904,0.007766334591397417,1.3875987446065885e-05
167058,0.0,-0.125,-0.09375,True,4,8,0.00040678289301077086,0.007766334591397417,1.387598744628793e-05
167058,0.0,-0.09375,-0.0625,True,4,8,0.00040678289301077086,0.007766334591396529,1.3875987446176907e-05
167058,0.0,-0.0625,-0.03125,True,4,8,0.00040678289301077086,0.007766334591397417,1.3875987446065885e-05
167058,0.0,-0.03125,0.0,True,4,8,0.00040678289301077086,0.007766334591397417,1.3875987446176907e-05
167058,0.0,0.0,0.03125,True,4,8,0.00040678289301165904,0.007766334591397417,1.387598744628793e-05
167058,0.0,0.03125,0.0625,True,4,8,0.00040678289301077086,0.007766334591397417,1.3875987446065885e-05
167058,0.0,0.0625,0.09375,True,4,8,0.00040678289301077086,0.007766334591397417,1.3875987446176907e-05
167058,0.0,0.09375,0.125,True,4,8,0.00040678289301077086,0.007766334591397417,1.3875987446176907e-05
167058,0.0,0.125,0.15625,True,4,8,0.00040678289301077086,0.007766334591397417,1.3875987446176907e-05
167058,0.0,0.15625,0.1875,True,4,8,0.00040678289301165904,0.007766334591397417,1.3875987446176907e-05
167058,0.0,0.1875,0.21875,True,4,8,0.00040678289301077086,0.007766334591396529,1.3875987446176907e-05
167058,0.0,0.21875,0.25,True,4,8,0.00040678289301077086,0.007766334591397417,1.3875987446176907e-05
167058,0.0,0.25,0.28125,True,4,8,0.00040678289301077086,0.007766334591397417,1.3875987446176907e-05
167058,0.0,0.28125,0.3125,True,4,8,0.00040678289301077086,0.007766334591397417,1.3875987446176907e-05
167058,0.0,0.3125,0.34375,True,4,8,0.00040678289301165904,0.007766334591397417,1.3875987446065885e-05
167058,0.0,0.34375,0.375,True,4,8,0.00040678289301077086,0.007766334591397417,1.387598744628793e-05
167058,0.0,0.375,0.40625,True,4,8,0.00040678289301077086,0.007766334591397417,1.3875987446176907e-05
167058,0.0,0.40625,0.4375,True,4,8,0.00040678289301077086,0.007766334591397417,1.3875987446065885e-05
167058,0.0,0.4375,0.46875,True,4,8,0.00040678289301077086,0.007766334591396529,1.387598744628793e-05
167058,0.0,0.46875,0.5,True,4,8,0.00040678289301165904,0.007766334591397417,1.3875987446176907e-05
167058,0.0,0.5,0.53125,True,4,8,0.00040678289301077086,0.007766334591397417,1.3875987446065885e-05
167058,0.0,0.53125,0.5625,True,4,8,0.00040678289301077086,0.007766334591397417,1.3875987446176907e-05
167058,0.0,0.5625,0.59375,True,4,8,0.00040678289301077086,0.007766334591397417,1.387598744628793e-05
167058,0.0,0.59375,0.625,True,4,8,0.00040678289301077086,0.007766334591397417,1.3875987446065885e-05
167058,0.0,0.625,0.65625,True,4,8,0.00040678289301165904,0.007766334591397417,1.3875987446176907e-05
167058,0.0,0.65625,0.6875,True,4,8,0.00040678289301077086,0.007766334591397417,1.387598744628793e-05
167058,0.0,0.6875,0.71875,True,4,8,0.00040678289301077086,0.007766334591397417,1.3875987446065885e-05
167058,0.0,0.71875,0.75,True,4,8,0.00040678289301077086,0.007766334591396529,1.3875987446176907e-05
167058,0.0,0.75,0.78125,True,4,8,0.00040678289301077086,0.007766334591397417,1.3875987446176907e-05
167058,0.0,0.78125,0.8125,True,4,8,0.00040678289301165904,0.007766334591397417,1.3875987446176907e-05
167058,0.0,0.8125,0.84375,True,4,8,0.00040678289301077086,0.007766334591397417,1.3875987446176907e-05
167058,0.0,0.84375,0.875,True,4,8,0.00040678289301077086,0.007766334591397417,1.3875987446176907e-05
167058,0.0,0.875,0.90625,True,4,8,0.00040678289301077086,0.007766334591397417,1.3875987446065885e-05
167058,0.0,0.90625,0.9375,True,4,8,0.00040678289301077086,0.007766334591397417,1.387598744628793e-05
167058,0.0,0.9375,0.96875,True,4,8,0.00040678289301165904,0.007766334591397417,1.3875987446176907e-05
167058,0.0,0.96875,1.0,True,4,8,0.00040678289301077086,0.007766334591397417,1.3875987446065885e-05
167058,0.0,1.0,1.03125,True,4,8,0.00040678289301077086,0.007766334591396529,1.387598744628793e-05
167058,0.0,1.03125,1.0625,True,4,8,0.00040678289301077086,0.007766334591397417,1.3875987446176907e-05
167058,0.0,1.0625,1.09375,True,4,8,0.00040678289301077086,0.007766334591397417,1.3875987446065885e-05
167058,0.0,1.09375,1.125,True,4,8,0.00040678289301165904,0.007766334591397417,1.3875987446176907e-05
167058,0.0,1.125,1.15625,True,4,8,0.00040678289301077086,0.007766334591397417,1.387598744628793e-05
167058,0.0,1.15625,1.1875,True,4,8,0.00040678289301077086,0.007766334591397417,1.3875987446065885e-05
167058,0.0,1.1875,1.21875,True,4,8,0.00040678289301077086,0.007766334591397417,1.3875987446176907e-05
167058,0.0,1.21875,1.25,True,4,8,0.00040678289301077086,0.007766334591397417,1.387598744628793e-05
167058,0.0,1.25,1.28125,True,4,8,0.00040678289301165904,0.007766334591397417,1.3875987446065885e-05
167058,0.0,1.28125,1.3125,True,4,8,0.00040678289301077086,0.007766334591396529,1.3875987446176907e-05
167058,0.0,1.3125,1.34375,True,4,8,0.00040678289301077086,0.007766334591397417,1.3875987446176907e-05
167058,0.0,1.34375,1.375,True,4,8,0.00040678289301077086,0.007766334591397417,1.3875987446176907e-05
167058,0.0,1.375,1.40625,True,4,8,0.00040678289301077086,0.007766334591397417,1.3875987446176907e-05
167058,0.0,1.40625,1.4375,True,4,8,0.00040678289301165904,0.007766334591397417,1.3875987446176907e-05
167058,0.0,1.4375,1.46875,True,4,8,0.00040678289301077086,0.007766334591397417,1.3875987446176907e-05
167058,0.0,1.46875,1.5,True,4,8,0.00040678289301077086,0.007766334591397417,1.3875987446176907e-05
167058,0.0,1.5,1.53125,True,4,8,0.00040678289301077086,0.007766334591397417,1.3875987446176907e-05
167058,0.0,1.53125,1.5625,True,4,8,0.00040678289301077086,0.007766334591397417,1.3875987446065885e-05
167058,0.0,1.5625,1.59375,True,4,8,0.00040678289301077086,0.007766334591396529,1.387598744628793e-05
167058,0.0,1.59375,1.625,True,4,8,0.00040678289301165904,0.007766334591397417,1.3875987446176907e-05
167058,0.0,1.625,1.65625,True,4,8,0.00040678289301077086,0.007766334591397417,1.3875987446065885e-05
167058,0.0,1.65625,1.6875,True,4,8,0.0004067828930098827,0.007766334591397417,1.3875987446176907e-05
167058,0.0,1.6875,1.71875,True,4,8,0.00040678289301165904,0.007766334591397417,1.387598744628793e-05
167058,0.0,1.71875,1.75,True,4,8,0.00040678289301165904,0.007766334591397417,1.3875987446065885e-05
167058,0.0,1.75,1.78125,True,4,8,0.00040678289301077086,0.007766334591397417,1.3875987446176907e-05
167058,0.0,1.78125,1.8125,True,4,8,0.00040678289301077086,0.007766334591397417,1.387598744628793e-05
167058,0.0,1.8125,1.84375,True,4,8,0.00040678289301077086,0.007766334591397417,1.3875987446065885e-05
167058,0.0,1.84375,1.875,True,4,8,0.00040678289301077086,0.007766334591396529,1.3875987446176907e-05
167058,0.0,1.875,1.90625,True,4,8,0.00040678289301077086,0.007766334591397417,1.3875987446176907e-05
167058,0.0,1.90625,1.9375,True,4,8,0.00040678289301077086,0.007766334591397417,1.3875987446176907e-05
167058,0.0,1.9375,1.96875,True,4,8,0.00040678289301077086,0.007766334591396529,1.3875987446176907e-05
167058,0.0,1.96875,2.0,True,4,8,0.00040678289301077086,0.007766334591397861,1.3875987446176907e-05
167058,0.0,2.0,2.03125,True,4,8,0.00040678289301077086,0.007766334591397417,1.3875987446176907e-05
167058,0.0,2.03125,2.0625,True,4,8,0.00040678289301165904,0.007766334591397417,1.3875987446176907e-05
167058,0.0,2.0625,2.09375,True,4,8,0.00040678289301165904,0.007766334591397417,1.3875987446176907e-05
167058,0.0,2.09375,2.125,True,4,8,0.00040678289301077086,0.007766334591396529,1.3875987446065885e-05
167058,0.0,2.125,2.15625,True,4,8,0.0004067828930098827,0.007766334591397417,1.387598744628793e-05
167058,0.0,2.15625,2.1875,True,4,8,0.00040678289301077086,0.007766334591397417,1.3875987446176907e-05
167058,0.0,2.1875,2.21875,True,4,8,0.00040678289301165904,0.007766334591397417,1.3875987446065885e-05
167058,0.0,2.21875,2.25,True,4,8,0.00040678289301077086,0.007766334591397417,1.3875987446176907e-05
167058,0.0,2.25,2.28125,True,4,8,0.00040678289301077086,0.007766334591397417,1.387598744628793e-05
167058,0.0,2.28125,2.3125,True,4,8,0.00040678289301077086,0.007766334591397417,1.3875987446065885e-05
167058,0.0,2.3125,2.34375,True,4,8,0.00040678289301077086,0.007766334591397417,1.3875987446176907e-05
167058,0.0,2.34375,2.375,True,4,8,0.00040678289301165904,0.007766334591397417,1.387598744628793e-05
167058,0.0,2.375,2.40625,True,4,8,0.00040678289301077086,0.007766334591396529,1.3875987446065885e-05
167058,0.0,2.40625,2.4375,True,4,8,0.00040678289301077086,0.007766334591397417,1.3875987446176907e-05
167058,0.0,2.4375,2.46875,True,4,8,0.00040678289301077086,0.007766334591397417,1.3875987446176907e-05
167058,0.0,2.46875,2.5,True,4,8,0.00040678289301077086,0.007766334591397417,1.3875987446176907e-05
167247,0.0,-6.0,-5.96875,True,4,8,0.00040678289301077086,0.007766334591397417,1.3875987446065885e-05
167247,0.0,-5.96875,-5.9375,True,4,8,0.00040678289301077086,0.007766334591397417,1.3875987446176907e-05
167247,0.0,-5.9375,-5.90625,True,4,8,0.00040678289301165904,0.007766334591397417,1.3875987446176907e-05
167247,0.0,-5.90625,-5.875,True,4,8,0.00040678289301077086,0.007766334591396529,1.3875987446176907e-05
167247,0.0,-5.875,-5.84375,True,4,8,0.00040678289301077086,0.007766334591397417,1.3875987446176907e-05
167247,0.0,-5.84375,-5.8125,True,4,8,0.00040678289301077086,0.007766334591397417,1.3875987446176907e-05
167247,0.0,-5.8125,-5.78125,True,4,8,0.00040678289301077086,0.007766334591397417,1.3875987446176907e-05
167247,0.0,-5.78125,-5.75,True,4,8,0.00040678289301165904,0.007766334591397417,1.3875987446176907e-05
167247,0.0,-5.75,-5.71875,True,4,8,0.00040678289301077086,0.007766334591397417,1.3875987446176907e-05
167247,0.0,-5.71875,-5.6875,True,4,8,0.00040678289301077086,0.007766334591397417,1.3875987446065885e-05
167247,0.0,-5.6875,-5.65625,True,4,8,0.00040678289301077086,0.007766334591397417,1.387598744628793e-05
167247,0.0,-5.65625,-5.625,True,4,8,0.00040678289301077086,0.007766334591397417,1.3875987446176907e-05
167247,0.0,-5.625,-5.59375,True,4,8,0.00040678289301165904,0.007766334591396529,1.3875987446065885e-05
167247,0.0,-5.59375,-5.5625,True,4,8,0.00040678289301077086,0.007766334591397417,1.3875987446176907e-05
167247,0.0,-5.5625,-5.53125,True,4,8,0.00040678289301077086,0.007766334591397417,1.387598744628793e-05
167247,0.0,-5.53125,-5.5,True,4,8,0.00040678289301077086,0.007766334591397417,1.3875987446065885e-05
167247,0.0,-5.5,-5.46875,True,4,8,0.00040678289301077086,0.007766334591397417,1.3875987446176907e-05
167247,0.0,-5.46875,-5.4375,True,4,8,0.00040678289301165904,0.007766334591397417,1.387598744628793e-05
167247,0.0,-5.4375,-5.40625,True,4,8,0.00040678289301077086,0.007766334591397417,1.3875987446065885e-05
167247,0.0,-5.40625,-5.375,True,4,8,0.00040678289301077086,0.007766334591397417,1.3875987446176907e-05
167247,0.0,-5.375,-5.34375,True,4,8,0.00040678289301077086,0.007766334591397417,1.3875987446176907e-05
167247,0.0,-5.34375,-5.3125,True,4,8,0.00040678289301077086,0.007766334591396529,1.3875987446176907e-05
167247,0.0,-5.3125,-5.28125,True,4,8,0.00040678289301165904,0.007766334591397417,1.3875987446176907e-05
167247,0.0,-5.28125,-5.25,True,4,8,0.00040678289301077086,0.007766334591397417,1.3875987446176907e-05
167247,0.0,-5.25,-5.21875,True,4,8,0.00040678289301077086,0.007766334591397417,1.3875987446176907e-05
167247,0.0,-5.21875,-5.1875,True,4,8,0.00040678289301077086,0.007766334591397417,1.3875987446176907e-05
167247,0.0,-5.1875,-5.15625,True,4,8,0.00040678289301077086,0.007766334591397417,1.3875987446176907e-05
167247,0.0,-5.15625,-5.125,True,4,8,0.00040678289301165904,0.007766334591397417,1.3875987446065885e-05
167247,0.0,-5.125,-5.09375,True,4,8,0.00040678289301077086,0.007766334591397417,1.387598744628793e-05
167247,0.0,-5.09375,-5.0625,True,4,8,0.00040678289301077086,0.007766334591397417,1.3875987446176907e-05
167247,0.0,-5.0625,-5.03125,True,4,8,0.00040678289301077086,0.007766334591396529,1.3875987446065885e-05
167247,0.0,-5.03125,-5.0,True,4,8,0.00040678289301077086,0.007766334591397417,1.387598744628793e-05
167247,0.0,-5.0,-4.96875,True,4,8,0.00040678289301165904,0.007766334591397417,1.3875987446176907e-05
167247,0.0,-4.96875,-4.9375,True,4,8,0.00040678289301077086,0.007766334591397417,1.3875987446065885e-05
167247,0.0,-4.9375,-4.90625,True,4,8,0.00040678289301077086,0.007766334591397417,1.3875987446176907e-05
167247,0.0,-4.90625,-4.875,True,4,8,0.00040678289301077086,0.007766334591397417,1.387598744628793e-05
167247,0.0,-4.875,-4.84375,True,4,8,0.00040678289301077086,0.007766334591397417,1.3875987446065885e-05
167247,0.0,-4.84375,-4.8125,True,4,8,0.00040678289301165904,0.007766334591397417,1.3875987446176907e-05
167247,0.0,-4.8125,-4.78125,True,4,8,0.00040678289301077086,0.007766334591397417,1.3875987446176907e-05
167247,0.0,-4.78125,-4.75,True,4,8,0.00040678289301077086,0.007766334591396529,1.3875987446176907e-05
167247,0.0,-4.75,-4.71875,True,4,8,0.00040678289301077086,0.007766334591397417,1.3875987446176907e-05
167247,0.0,-4.71875,-4.6875,True,4,8,0.00040678289301077086,0.007766334591397417,1.3875987446176907e-05
167247,0.0,-4.6875,-4.65625,True,4,8,0.00040678289301165904,0.007766334591397417,1.3875987446176907e-05
167247,0.0,-4.65625,-4.625,True,4,8,0.00040678289301077086,0.007766334591397417,1.3875987446176907e-05
167247,0.0,-4.625,-4.59375,True,4,8,0.00040678289301077086,0.007766334591397417,1.3875987446176907e-05
167247,0.0,-4.59375,-4.5625,True,4,8,0.00040678289301077086,0.007766334591397417,1.3875987446065885e-05
167247,0.0,-4.5625,-4.53125,True,4,8,0.00040678289301077086,0.007766334591396529,1.387598744628793e-05
167247,0.0,-4.53125,-4.5,True,4,8,0.00040678289301165904,0.007766334591398305,1.3875987446176907e-05
167247,0.0,-4.5,-4.46875,True,4,8,0.00040678289301077086,0.007766334591396529,1.3875987446065885e-05
167247,0.0,-4.46875,-4.4375,True,4,8,0.00040678289301077086,0.007766334591397417,1.387598744628793e-05
167247,0.0,-4.4375,-4.40625,True,4,8,0.00040678289301077086,0.007766334591397417,1.3875987446176907e-05
167247,0.0,-4.40625,-4.375,True,4,8,0.00040678289301077086,0.007766334591397417,1.3875987446065885e-05
167247,0.0,-4.375,-4.34375,True,4,8,0.00040678289301165904,0.007766334591397417,1.3875987446176907e-05
167247,0.0,-4.34375,-4.3125,True,4,8,0.00040678289301077086,0.007766334591397417,1.387598744628793e-05
167247,0.0,-4.3125,-4.28125,True,4,8,0.0004067828930098827,0.007766334591397417,1.3875987446065885e-05
167247,0.0,-4.28125,-4.25,True,4,8,0.00040678289301077086,0.007766334591396529,1.3875987446176907e-05
167247,0.0,-4.25,-4.21875,True,4,8,0.00040678289301077086,0.007766334591398305,1.387598744628793e-05
167247,0.0,-4.21875,-4.1875,True,4,8,0.00040678289301165904,0.007766334591396529,1.3875987446065885e-05
167247,0.0,-4.1875,-4.15625,True,4,8,0.00040678289301077086,0.007766334591397417,1.3875987446176907e-05
167247,0.0,-4.15625,-4.125,True,4,8,0.00040678289301077086,0.007766334591397417,1.3875987446176907e-05
167247,0.0,-4.125,-4.09375,True,4,8,0.00040678289301077086,0.007766334591397417,1.3875987446176907e-05
167247,0.0,-4.09375,-4.0625,True,4,8,0.00040678289301077086,0.007766334591397417,1.3875987446176907e-05
167247,0.0,-4.0625,-4.03125,True,4,8,0.00040678289301077086,0.007766334591397417,1.3875987446176907e-05
167247,0.0,-4.03125,-4.0,True,4,8,0.00040678289301165904,0.007766334591397417,1.3875987446065885e-05
167247,0.0,-4.0,-3.96875,True,4,8,0.00040678289301077086,0.007766334591396529,1.387598744628793e-05
167247,0.0,-3.96875,-3.9375,True,4,8,0.00040678289301077086,0.007766334591397417,1.3875987446176907e-05
167247,0.0,-3.9375,-3.90625,True,4,8,0.00040678289301077086,0.007766334591397417,1.3875987446065885e-05
167247,0.0,-3.90625,-3.875,True,4,8,0.00040678289301077086,0.007766334591397417,1.387598744628793e-05
167247,0.0,-3.875,-3.84375,True,4,8,0.00040678289301165904,0.007766334591397417,1.3875987446176907e-05
167247,0.0,-3.84375,-3.8125,True,4,8,0.00040678289301077086,0.007766334591397417,1.3875987446065885e-05
167247,0.0,-3.8125,-3.78125,True,4,8,0.00040678289301077086,0.007766334591397417,1.3875987446176907e-05
167247,0.0,-3.78125,-3.75,True,4,8,0.00040678289301077086,0.007766334591397417,1.387598744628793e-05
167247,0.0,-3.75,-3.71875,True,4,8,0.00040678289301077086,0.007766334591397417,1.3875987446065885e-05
167247,0.0,-3.71875,-3.6875,True,4,8,0.00040678289301165904,0.007766334591396529,1.3875987446176907e-05
167247,0.0,-3.6875,-3.65625,True,4,8,0.00040678289301077086,0.007766334591397417,1.387598744628793e-05
167247,0.0,-3.65625,-3.625,True,4,8,0.00040678289301077086,0.007766334591397417,1.3875987446065885e-05
167247,0.0,-3.625,-3.59375,True,4,8,0.00040678289301077086,0.007766334591397417,1.3875987446176907e-05
167247,0.0,-3.59375,-3.5625,True,4,8,0.00040678289301077086,0.007766334591397417,1.3875987446176907e-05
167247,0.0,-3.5625,-3.53125,True,4,8,0.00040678289301165904,0.007766334591397417,1.3875987446176907e-05
167247,0.0,-3.53125,-3.5,True,4,8,0.00040678289301077086,0.007766334591397417,1.3875987446176907e-05
167247,0.0,-3.5,-3.46875,True,4,8,0.00040678289301077086,0.007766334591397417,1.3875987446176907e-05
167247,0.0,-3.46875,-3.4375,True,4,8,0.00040678289301077086,0.007766334591397417,1.387598744628793e-05
167247,0.0,-3.4375,-3.40625,True,4,8,0.00040678289301077086,0.007766334591396529,1.3875987446065885e-05
167247,0.0,-3.40625,-3.375,True,4,8,0.00040678289301165904,0.007766334591398305,1.3875987446176907e-05
167247,0.0,-3.375,-3.34375,True,4,8,0.00040678289301077086,0.007766334591396529,1.3875987446065885e-05
167247,0.0,-3.34375,-3.3125,True,4,8,0.00040678289301077086,0.007766334591397417,1.387598744628793e-05
167247,0.0,-3.3125,-3.28125,True,4,8,0.00040678289301077086,0.007766334591397417,1.3875987446176907e-05
167247,0.0,-3.28125,-3.25,True,4,8,0.00040678289301077086,0.007766334591397417,1.3875987446176907e-05
167247,0.0,-3.25,-3.21875,True,4,8,0.00040678289301165904,0.007766334591397417,1.3875987446065885e-05
167247,0.0,-3.21875,-3.1875,True,4,8,0.00040678289301077086,0.007766334591396529,1.387598744628793e-05
167247,0.0,-3.1875,-3.15625,True,4,8,0.00040678289301077086,0.007766334591398305,1.3875987446176907e-05
167247,0.0,-3.15625,-3.125,True,4,8,0.00040678289301077086,0.007766334591396529,1.3875987446065885e-05
167247,0.0,-3.125,-3.09375,True,4,8,0.00040678289301077086,0.007766334591398305,1.387598744628793e-05
167247,0.0,-3.09375,-3.0625,True,4,8,0.00040678289301165904,0.007766334591396529,1.3875987446176907e-05
167247,0.0,-3.0625,-3.03125,True,4,8,0.00040678289301077086,0.007766334591397417,1.3875987446065885e-05
167247,0.0,-3.03125,-3.0,True,4,8,0.00040678289301077086,0.007766334591397417,1.3875987446176907e-05
167247,0.0,-3.0,-2.96875,True,4,8,0.00040678289301077086,0.007766334591397417,1.387598744628793e-05
167247,0.0,-2.96875,-2.9375,True,4,8,0.00040678289301165904,0.007766334591397417,1.3875987446065885e-05
167247,0.0,-2.9375,-2.90625,True,4,8,0.00040678289301077086,0.007766334591396529,1.3875987446176907e-05
167247,0.0,-2.90625,-2.875,True,4,8,0.00040678289301077086,0.007766334591398305,1.387598744628793e-05
167247,0.0,-2.875,-2.84375,True,4,8,0.00040678289301077086,0.007766334591396529,1.3875987446065885e-05
167247,0.0,-2.84375,-2.8125,True,4,8,0.00040678289301077086,0.007766334591398305,1.3875987446176907e-05
167247,0.0,-2.8125,-2.78125,True,4,8,0.00040678289301165904,0.007766334591396529,1.3875987446176907e-05
167247,0.0,-2.78125,-2.75,True,4,8,0.00040678289301077086,0.007766334591397417,1.3875987446176907e-05
167247,0.0,-2.75,-2.71875,True,4,8,0.00040678289301077086,0.007766334591397417,1.3875987446176907e-05
167247,0.0,-2.71875,-2.6875,True,4,8,0.00040678289301077086,0.007766334591397417,1.3875987446176907e-05
167247,0.0,-2.6875,-2.65625,True,4,8,0.00040678289301077086,0.007766334591397417,1.3875987446176907e-05
167247,0.0,-2.65625,-2.625,True,4,8,0.00040678289301165904,0.007766334591396529,1.3875987446176907e-05
167247,0.0,-2.625,-2.59375,True,4,8,0.00040678289301077086,0.007766334591398305,1.3875987446176907e-05
167247,0.0,-2.59375,-2.5625,True,4,8,0.00040678289301077086,0.007766334591396529,1.3875987446065885e-05
167247,0.0,-2.5625,-2.53125,True,4,8,0.00040678289301077086,0.007766334591397417,1.387598744628793e-05
167247,0.0,-2.53125,-2.5,True,4,8,0.00040678289301077086,0.007766334591397417,1.3875987446176907e-05
167247,0.0,-2.5,-2.46875,True,4,8,0.00040678289301165904,0.007766334591397417,1.3875987446065885e-05
167247,0.0,-2.46875,-2.4375,True,4,8,0.00040678289301077086,0.007766334591397417,1.3875987446176907e-05
167247,0.0,-2.4375,-2.40625,True,4,8,0.00040678289301077086,0.007766334591397417,1.387598744628793e-05
167247,0.0,-2.40625,-2.375,True,4,8,0.00040678289301077086,0.007766334591397417,1.3875987446065885e-05
167247,0.0,-2.375,-2.34375,True,4,8,0.00040678289301077086,0.007766334591396529,1.3875987446176907e-05
167247,0.0,-2.34375,-2.3125,True,4,8,0.00040678289301165904,0.007766334591398305,1.387598744628793e-05
167247,0.0,-2.3125,-2.28125,True,4,8,0.00040678289301077086,0.007766334591396529,1.3875987446065885e-05
167247,0.0,-2.28125,-2.25,True,4,8,0.00040678289301077086,0.007766334591397417,1.3875987446176907e-05
167247,0.0,-2.25,-2.21875,True,4,8,0.00040678289301077086,0.007766334591397417,1.3875987446176907e-05
167247,0.0,-2.21875,-2.1875,True,4,8,0.00040678289301077086,0.007766334591397417,1.3875987446176907e-05
167247,0.0,-2.1875,-2.15625,True,4,8,0.00040678289301165904,0.007766334591397417,1.3875987446176907e-05
167247,0.0,-2.15625,-2.125,True,4,8,0.00040678289301077086,0.007766334591397417,1.3875987446176907e-05
167247,0.0,-2.125,-2.09375,True,4,8,0.00040678289301077086,0.007766334591397417,1.3875987446176907e-05
167247,0.0,-2.09375,-2.0625,True,4,8,0.00040678289301077086,0.007766334591396529,1.3875987446176907e-05
167247,0.0,-2.0625,-2.03125,True,4,8,0.00040678289301077086,0.007766334591397417,1.3875987446176907e-05
167247,0.0,-2.03125,-2.0,True,4,8,0.00040678289301165904,0.007766334591397417,1.3875987446065885e-05
167247,0.0,-2.0,-1.96875,True,4,8,0.00040678289301077086,0.007766334591397417,1.387598744628793e-05
167247,0.0,-1.96875,-1.9375,True,4,8,0.00040678289301077086,0.007766334591397417,1.3875987446176907e-05
167247,0.0,-1.9375,-1.90625,True,4,8,0.00040678289301077086,0.007766334591397417,1.3875987446065885e-05
167247,0.0,-1.90625,-1.875,True,4,8,0.00040678289301077086,0.007766334591397417,1.387598744628793e-05
167247,0.0,-1.875,-1.84375,True,4,8,0.00040678289301165904,0.007766334591397417,1.3875987446176907e-05
167247,0.0,-1.84375,-1.8125,True,4,8,0.00040678289301077086,0.007766334591397417,1.3875987446065885e-05
167247,0.0,-1.8125,-1.78125,True,4,8,0.00040678289301077086,0.007766334591396529,1.3875987446176907e-05
167247,0.0,-1.78125,-1.75,True,4,8,0.00040678289301077086,0.007766334591397417,1.387598744628793e-05
167247,0.0,-1.75,-1.71875,True,4,8,0.00040678289301077086,0.007766334591397417,1.3875987446065885e-05
167247,0.0,-1.71875,-1.6875,True,4,8,0.00040678289301165904,0.007766334591397417,1.3875987446176907e-05
167247,0.0,-1.6875,-1.65625,True,4,8,0.00040678289301077086,0.007766334591397417,1.3875987446176907e-05
167247,0.0,-1.65625,-1.625,True,4,8,0.00040678289301077086,0.007766334591397417,1.3875987446176907e-05
167247,0.0,-1.625,-1.59375,True,4,8,0.00040678289301077086,0.007766334591397417,1.3875987446176907e-05
167247,0.0,-1.59375,-1.5625,True,4,8,0.00040678289301077086,0.007766334591397417,1.3875987446176907e-05
167247,0.0,-1.5625,-1.53125,True,4,8,0.00040678289301165904,0.007766334591396529,1.3875987446176907e-05
167247,0.0,-1.53125,-1.5,True,4,8,0.00040678289301077086,0.007766334591397417,1.3875987446176907e-05
167247,0.0,-1.5,-1.46875,True,4,8,0.00040678289301077086,0.007766334591397417,1.3875987446176907e-05
167247,0.0,-1.46875,-1.4375,True,4,8,0.00040678289301077086,0.007766334591397417,1.3875987446065885e-05
167247,0.0,-1.4375,-1.40625,True,4,8,0.00040678289301077086,0.007766334591397417,1.387598744628793e-05
167247,0.0,-1.40625,-1.375,True,4,8,0.00040678289301165904,0.007766334591397417,1.3875987446176907e-05
167247,0.0,-1.375,-1.34375,True,4,8,0.00040678289301077086,0.007766334591397417,1.3875987446065885e-05
167247,0.0,-1.34375,-1.3125,True,4,8,0.00040678289301077086,0.007766334591397417,1.387598744628793e-05
167247,0.0,-1.3125,-1.28125,True,4,8,0.0004067828930098827,0.007766334591397417,1.3875987446176907e-05
167247,0.0,-1.28125,-1.25,True,4,8,0.00040678289301077086,0.007766334591396529,1.3875987446065885e-05
167247,0.0,-1.25,-1.21875,True,4,8,0.0004067828930125472,0.007766334591397417,1.3875987446176907e-05
167247,0.0,-1.21875,-1.1875,True,4,8,0.00040678289301077086,0.007766334591397417,1.387598744628793e-05
167247,0.0,-1.1875,-1.15625,True,4,8,0.00040678289301077086,0.007766334591397417,1.3875987446065885e-05
167247,0.0,-1.15625,-1.125,True,4,8,0.00040678289301077086,0.007766334591397417,1.3875987446176907e-05
167247,0.0,-1.125,-1.09375,True,4,8,0.0004067828930098827,0.007766334591397417,1.387598744628793e-05
167247,0.0,-1.09375,-1.0625,True,4,8,0.00040678289301165904,0.007766334591397417,1.3875987446065885e-05
167247,0.0,-1.0625,-1.03125,True,4,8,0.00040678289301077086,0.007766334591397417,1.3875987446176907e-05
167247,0.0,-1.03125,-1.0,True,4,8,0.00040678289301077086,0.007766334591397417,1.3875987446176907e-05
167247,0.0,-1.0,-0.96875,True,4,8,0.00040678289301077086,0.007766334591396529,1.3875987446176907e-05
167247,0.0,-0.96875,-0.9375,True,4,8,0.00040678289301077086,0.007766334591397417,1.3875987446176907e-05
167247,0.0,-0.9375,-0.90625,True,4,8,0.00040678289301165904,0.007766334591397417,1.3875987446176907e-05
167247,0.0,-0.90625,-0.875,True,4,8,0.00040678289301077086,0.007766334591397417,1.3875987446065885e-05
167247,0.0,-0.875,-0.84375,True,4,8,0.00040678289301077086,0.007766334591397417,1.387598744628793e-05
167247,0.0,-0.84375,-0.8125,True,4,8,0.00040678289301077086,0.007766334591397417,1.3875987446176907e-05
167247,0.0,-0.8125,-0.78125,True,4,8,0.00040678289301077086,0.007766334591397417,1.3875987446065885e-05
167247,0.0,-0.78125,-0.75,True,4,8,0.00040678289301165904,0.007766334591397417,1.387598744628793e-05
167247,0.0,-0.75,-0.71875,True,4,8,0.00040678289301077086,0.007766334591397417,1.3875987446176907e-05
167247,0.0,-0.71875,-0.6875,True,4,8,0.00040678289301077086,0.007766334591397417,1.3875987446065885e-05
167247,0.0,-0.6875,-0.65625,True,4,8,0.00040678289301077086,0.007766334591397417,1.3875987446176907e-05
167247,0.0,-0.65625,-0.625,True,4,8,0.00040678289301077086,0.007766334591396529,1.387598744628793e-05
167247,0.0,-0.625,-0.59375,True,4,8,0.00040678289301165904,0.007766334591397417,1.3875987446065885e-05
167247,0.0,-0.59375,-0.5625,True,4,8,0.00040678289301077086,0.007766334591397417,1.3875987446176907e-05
167247,0.0,-0.5625,-0.53125,True,4,8,0.00040678289301077086,0.007766334591397417,1.387598744628793e-05
167247,0.0,-0.53125,-0.5,True,4,8,0.00040678289301077086,0.007766334591397417,1.3875987446065885e-05
167247,0.0,-0.5,-0.46875,True,4,8,0.00040678289301077086,0.007766334591397417,1.3875987446176907e-05
167247,0.0,-0.46875,-0.4375,True,4,8,0.00040678289301165904,0.007766334591397417,1.3875987446176907e-05
167247,0.0,-0.4375,-0.40625,True,4,8,0.00040678289301077086,0.007766334591397417,1.3875987446176907e-05
167247,0.0,-0.40625,-0.375,True,4,8,0.00040678289301077086,0.007766334591397417,1.3875987446176907e-05
167247,0.0,-0.375,-0.34375,True,4,8,0.00040678289301077086,0.007766334591396529,1.3875987446176907e-05
167247,0.0,-0.34375,-0.3125,True,4,8,0.00040678289301077086,0.007766334591397417,1.3875987446176907e-05
167247,0.0,-0.3125,-0.28125,True,4,8,0.00040678289301165904,0.007766334591397417,1.3875987446176907e-05
167247,0.0,-0.28125,-0.25,True,4,8,0.00040678289301077086,0.007766334591397417,1.3875987446176907e-05
167247,0.0,-0.25,-0.21875,True,4,8,0.00040678289301077086,0.007766334591397417,1.3875987446065885e-05
167247,0.0,-0.21875,-0.1875,True,4,8,0.00040678289301077086,0.007766334591397417,1.387598744628793e-05
167247,0.0,-0.1875,-0.15625,True,4,8,0.00040678289301077086,0.007766334591397417,1.3875987446176907e-05
167247,0.0,-0.15625,-0.125,True,4,8,0.00040678289301165904,0.007766334591397417,1.3875987446065885e-05
167247,0.0,-0.125,-0.09375,True,4,8,0.00040678289301077086,0.007766334591397417,1.387598744628793e-05
167247,0.0,-0.09375,-0.0625,True,4,8,0.00040678289301077086,0.007766334591396529,1.3875987446176907e-05
167247,0.0,-0.0625,-0.03125,True,4,8,0.00040678289301077086,0.007766334591397417,1.3875987446065885e-05
167247,0.0,-0.03125,0.0,True,4,8,0.00040678289301077086,0.007766334591397417,1.3875987446176907e-05
167247,0.0,0.0,0.03125,True,4,8,0.00040678289301165904,0.007766334591397417,1.387598744628793e-05
167247,0.0,0.03125,0.0625,True,4,8,0.00040678289301077086,0.007766334591397417,1.3875987446065885e-05
167247,0.0,0.0625,0.09375,True,4,8,0.00040678289301077086,0.007766334591397417,1.3875987446176907e-05
167247,0.0,0.09375,0.125,True,4,8,0.00040678289301077086,0.007766334591397417,1.3875987446176907e-05
167247,0.0,0.125,0.15625,True,4,8,0.00040678289301077086,0.007766334591397417,1.3875987446176907e-05
167247,0.0,0.15625,0.1875,True,4,8,0.00040678289301165904,0.007766334591397417,1.3875987446176907e-05
167247,0.0,0.1875,0.21875,True,4,8,0.00040678289301077086,0.007766334591396529,1.3875987446176907e-05
167247,0.0,0.21875,0.25,True,4,8,0.00040678289301077086,0.007766334591397417,1.3875987446176907e-05
167247,0.0,0.25,0.28125,True,4,8,0.00040678289301077086,0.007766334591397417,1.3875987446176907e-05
167247,0.0,0.28125,0.3125,True,4,8,0.00040678289301077086,0.007766334591397417,1.3875987446176907e-05
167247,0.0,0.3125,0.34375,True,4,8,0.00040678289301165904,0.007766334591397417,1.3875987446065885e-05
167247,0.0,0.34375,0.375,True,4,8,0.00040678289301077086,0.007766334591397417,1.387598744628793e-05
167247,0.0,0.375,0.40625,True,4,8,0.00040678289301077086,0.007766334591397417,1.3875987446176907e-05
167247,0.0,0.40625,0.4375,True,4,8,0.00040678289301077086,0.007766334591397417,1.3875987446065885e-05
167247,0.0,0.4375,0.46875,True,4,8,0.00040678289301077086,0.007766334591396529,1.387598744628793e-05
167247,0.0,0.46875,0.5,True,4,8,0.00040678289301165904,0.007766334591397417,1.3875987446176907e-05
167247,0.0,0.5,0.53125,True,4,8,0.00040678289301077086,0.007766334591397417,1.3875987446065885e-05
167247,0.0,0.53125,0.5625,True,4,8,0.00040678289301077086,0.007766334591397417,1.3875987446176907e-05
167247,0.0,0.5625,0.59375,True,4,8,0.00040678289301077086,0.007766334591397417,1.387598744628793e-05
167247,0.0,0.59375,0.625,True,4,8,0.00040678289301077086,0.007766334591397417,1.3875987446065885e-05
167247,0.0,0.625,0.65625,True,4,8,0.00040678289301165904,0.007766334591397417,1.3875987446176907e-05
167247,0.0,0.65625,0.6875,True,4,8,0.00040678289301077086,0.007766334591397417,1.387598744628793e-05
167247,0.0,0.6875,0.71875,True,4,8,0.00040678289301077086,0.007766334591397417,1.3875987446065885e-05
167247,0.0,0.71875,0.75,True,4,8,0.00040678289301077086,0.007766334591396529,1.3875987446176907e-05
167247,0.0,0.75,0.78125,True,4,8,0.00040678289301077086,0.007766334591397417,1.3875987446176907e-05
167247,0.0,0.78125,0.8125,True,4,8,0.00040678289301165904,0.007766334591397417,1.3875987446176907e-05
167247,0.0,0.8125,0.84375,True,4,8,0.00040678289301077086,0.007766334591397417,1.3875987446176907e-05
167247,0.0,0.84375,0.875,True,4,8,0.00040678289301077086,0.007766334591397417,1.3875987446176907e-05
167247,0.0,0.875,0.90625,True,4,8,0.00040678289301077086,0.007766334591397417,1.3875987446065885e-05
167247,0.0,0.90625,0.9375,True,4,8,0.00040678289301077086,0.007766334591397417,1.387598744628793e-05
167247,0.0,0.9375,0.96875,True,4,8,0.00040678289301165904,0.007766334591397417,1.3875987446176907e-05
167247,0.0,0.96875,1.0,True,4,8,0.00040678289301077086,0.007766334591397417,1.3875987446065885e-05
167247,0.0,1.0,1.03125,True,4,8,0.00040678289301077086,0.007766334591396529,1.387598744628793e-05
167247,0.0,1.03125,1.0625,True,4,8,0.00040678289301077086,0.007766334591397417,1.3875987446176907e-05
167247,0.0,1.0625,1.09375,True,4,8,0.00040678289301077086,0.007766334591397417,1.3875987446065885e-05
167247,0.0,1.09375,1.125,True,4,8,0.00040678289301165904,0.007766334591397417,1.3875987446176907e-05
167247,0.0,1.125,1.15625,True,4,8,0.00040678289301077086,0.007766334591397417,1.387598744628793e-05
167247,0.0,1.15625,1.1875,True,4,8,0.00040678289301077086,0.007766334591397417,1.3875987446065885e-05
167247,0.0,1.1875,1.21875,True,4,8,0.00040678289301077086,0.007766334591397417,1.3875987446176907e-05
167247,0.0,1.21875,1.25,True,4,8,0.00040678289301077086,0.007766334591397417,1.387598744628793e-05
167247,0.0,1.25,1.28125,True,4,8,0.00040678289301165904,0.007766334591397417,1.3875987446065885e-05
167247,0.0,1.28125,1.3125,True,4,8,0.00040678289301077086,0.007766334591396529,1.3875987446176907e-05
167247,0.0,1.3125,1.34375,True,4,8,0.00040678289301077086,0.007766334591397417,1.3875987446176907e-05
167247,0.0,1.34375,1.375,True,4,8,0.00040678289301077086,0.007766334591397417,1.3875987446176907e-05
167247,0.0,1.375,1.40625,True,4,8,0.00040678289301077086,0.007766334591397417,1.3875987446176907e-05
167247,0.0,1.40625,1.4375,True,4,8,0.00040678289301165904,0.007766334591397417,1.3875987446176907e-05
167247,0.0,1.4375,1.46875,True,4,8,0.00040678289301077086,0.007766334591397417,1.3875987446176907e-05
167247,0.0,1.46875,1.5,True,4,8,0.00040678289301077086,0.007766334591397417,1.3875987446176907e-05
167247,0.0,1.5,1.53125,True,4,8,0.00040678289301077086,0.007766334591397417,1.3875987446176907e-05
167247,0.0,1.53125,1.5625,True,4,8,0.00040678289301077086,0.007766334591397417,1.3875987446065885e-05
167247,0.0,1.5625,1.59375,True,4,8,0.00040678289301077086,0.007766334591396529,1.387598744628793e-05
167247,0.0,1.59375,1.625,True,4,8,0.00040678289301165904,0.007766334591397417,1.3875987446176907e-05
167247,0.0,1.625,1.65625,True,4,8,0.00040678289301077086,0.007766334591397417,1.3875987446065885e-05
167247,0.0,1.65625,1.6875,True,4,8,0.0004067828930098827,0.007766334591397417,1.3875987446176907e-05
167247,0.0,1.6875,1.71875,True,4,8,0.00040678289301165904,0.007766334591397417,1.387598744628793e-05
167247,0.0,1.71875,1.75,True,4,8,0.00040678289301165904,0.007766334591397417,1.3875987446065885e-05
167247,0.0,1.75,1.78125,True,4,8,0.00040678289301077086,0.007766334591397417,1.3875987446176907e-05
167247,0.0,1.78125,1.8125,True,4,8,0.00040678289301077086,0.007766334591397417,1.387598744628793e-05
167247,0.0,1.8125,1.84375,True,4,8,0.00040678289301077086,0.007766334591397417,1.3875987446065885e-05
167247,0.0,1.84375,1.875,True,4,8,0.00040678289301077086,0.007766334591396529,1.3875987446176907e-05
167247,0.0,1.875,1.90625,True,4,8,0.00040678289301077086,0.007766334591397417,1.3875987446176907e-05
167247,0.0,1.90625,1.9375,True,4,8,0.00040678289301077086,0.007766334591397417,1.3875987446176907e-05
167247,0.0,1.9375,1.96875,True,4,8,0.00040678289301077086,0.007766334591396529,1.3875987446176907e-05
167247,0.0,1.96875,2.0,True,4,8,0.00040678289301077086,0.007766334591397861,1.3875987446176907e-05
167247,0.0,2.0,2.03125,True,4,8,0.00040678289301077086,0.007766334591397417,1.3875987446176907e-05
167247,0.0,2.03125,2.0625,True,4,8,0.00040678289301165904,0.007766334591397417,1.3875987446176907e-05
167247,0.0,2.0625,2.09375,True,4,8,0.00040678289301165904,0.007766334591397417,1.3875987446176907e-05
167247,0.0,2.09375,2.125,True,4,8,0.00040678289301077086,0.007766334591396529,1.3875987446065885e-05
167247,0.0,2.125,2.15625,True,4,8,0.0004067828930098827,0.007766334591397417,1.387598744628793e-05
167247,0.0,2.15625,2.1875,True,4,8,0.00040678289301077086,0.007766334591397417,1.3875987446176907e-05
167247,0.0,2.1875,2.21875,True,4,8,0.00040678289301165904,0.007766334591397417,1.3875987446065885e-05
167247,0.0,2.21875,2.25,True,4,8,0.00040678289301077086,0.007766334591397417,1.3875987446176907e-05
167247,0.0,2.25,2.28125,True,4,8,0.00040678289301077086,0.007766334591397417,1.387598744628793e-05
167247,0.0,2.28125,2.3125,True,4,8,0.00040678289301077086,0.007766334591397417,1.3875987446065885e-05
167247,0.0,2.3125,2.34375,True,4,8,0.00040678289301077086,0.007766334591397417,1.3875987446176907e-05
167247,0.0,2.34375,2.375,True,4,8,0.00040678289301165904,0.007766334591397417,1.387598744628793e-05
167247,0.0,2.375,2.40625,True,4,8,0.00040678289301077086,0.007766334591396529,1.3875987446065885e-05
167247,0.0,2.40625,2.4375,True,4,8,0.00040678289301077086,0.007766334591397417,1.3875987446176907e-05
167247,0.0,2.4375,2.46875,True,4,8,0.00040678289301077086,0.007766334591397417,1.3875987446176907e-05
167247,0.0,2.46875,2.5,True,4,8,0.00040678289301077086,0.007766334591397417,1.3875987446176907e-05
169137,0.0,-6.0,-5.96875,True,4,8,0.00040678289301077086,0.007766334591397417,1.3875987446065885e-05
169137,0.0,-5.96875,-5.9375,True,4,8,0.00040678289301077086,0.007766334591397417,1.3875987446176907e-05
169137,0.0,-5.9375,-5.90625,True,4,8,0.00040678289301165904,0.007766334591397417,1.3875987446176907e-05
169137,0.0,-5.90625,-5.875,True,4,8,0.00040678289301077086,0.007766334591397417,1.3875987446176907e-05
169137,0.0,-5.875,-5.84375,True,4,8,0.00040678289301077086,0.007766334591397417,1.3875987446176907e-05
169137,0.0,-5.84375,-5.8125,True,4,8,0.00040678289301077086,0.007766334591396529,1.3875987446176907e-05
169137,0.0,-5.8125,-5.78125,True,4,8,0.00040678289301077086,0.007766334591397417,1.3875987446176907e-05
169137,0.0,-5.78125,-5.75,True,4,8,0.00040678289301165904,0.007766334591397417,1.3875987446176907e-05
169137,0.0,-5.75,-5.71875,True,4,8,0.00040678289301077086,0.007766334591397417,1.3875987446176907e-05
169137,0.0,-5.71875,-5.6875,True,4,8,0.00040678289301077086,0.007766334591397417,1.3875987446065885e-05
169137,0.0,-5.6875,-5.65625,True,4,8,0.00040678289301077086,0.007766334591397417,1.387598744628793e-05
169137,0.0,-5.65625,-5.625,True,4,8,0.00040678289301077086,0.007766334591397417,1.3875987446176907e-05
169137,0.0,-5.625,-5.59375,True,4,8,0.00040678289301165904,0.007766334591397417,1.3875987446065885e-05
169137,0.0,-5.59375,-5.5625,True,4,8,0.00040678289301077086,0.007766334591397417,1.3875987446176907e-05
169137,0.0,-5.5625,-5.53125,True,4,8,0.00040678289301077086,0.007766334591396529,1.387598744628793e-05
169137,0.0,-5.53125,-5.5,True,4,8,0.00040678289301077086,0.007766334591397417,1.3875987446065885e-05
169137,0.0,-5.5,-5.46875,True,4,8,0.00040678289301077086,0.007766334591397417,1.3875987446176907e-05
169137,0.0,-5.46875,-5.4375,True,4,8,0.00040678289301165904,0.007766334591397417,1.387598744628793e-05
169137,0.0,-5.4375,-5.40625,True,4,8,0.00040678289301077086,0.007766334591397417,1.3875987446065885e-05
169137,0.0,-5.40625,-5.375,True,4,8,0.00040678289301077086,0.007766334591397417,1.3875987446176907e-05
169137,0.0,-5.375,-5.34375,True,4,8,0.00040678289301077086,0.007766334591397417,1.3875987446176907e-05
169137,0.0,-5.34375,-5.3125,True,4,8,0.00040678289301077086,0.007766334591396529,1.3875987446176907e-05
169137,0.0,-5.3125,-5.28125,True,4,8,0.00040678289301165904,0.007766334591398305,1.3875987446176907e-05
169137,0.0,-5.28125,-5.25,True,4,8,0.00040678289301077086,0.007766334591396529,1.3875987446176907e-05
169137,0.0,-5.25,-5.21875,True,4,8,0.00040678289301077086,0.007766334591397417,1.3875987446176907e-05
169137,0.0,-5.21875,-5.1875,True,4,8,0.00040678289301077086,0.007766334591397417,1.3875987446176907e-05
169137,0.0,-5.1875,-5.15625,True,4,8,0.00040678289301077086,0.007766334591397417,1.3875987446176907e-05
169137,0.0,-5.15625,-5.125,True,4,8,0.00040678289301165904,0.007766334591397417,1.3875987446065885e-05
169137,0.0,-5.125,-5.09375,True,4,8,0.00040678289301077086,0.007766334591397417,1.387598744628793e-05
169137,0.0,-5.09375,-5.0625,True,4,8,0.0004067828930098827,0.007766334591397417,1.3875987446176907e-05
169137,0.0,-5.0625,-5.03125,True,4,8,0.00040678289301077086,0.007766334591397417,1.3875987446065885e-05
169137,0.0,-5.03125,-5.0,True,4,8,0.00040678289301077086,0.007766334591397417,1.387598744628793e-05
169137,0.0,-5.0,-4.96875,True,4,8,0.00040678289301165904,0.007766334591396529,1.3875987446176907e-05
169137,0.0,-4.96875,-4.9375,True,4,8,0.00040678289301077086,0.007766334591397417,1.3875987446065885e-05
169137,0.0,-4.9375,-4.90625,True,4,8,0.00040678289301077086,0.007766334591397417,1.3875987446176907e-05
169137,0.0,-4.90625,-4.875,True,4,8,0.00040678289301077086,0.007766334591397417,1.387598744628793e-05
169137,0.0,-4.875,-4.84375,True,4,8,0.00040678289301077086,0.007766334591397417,1.3875987446065885e-05
169137,0.0,-4.84375,-4.8125,True,4,8,0.00040678289301165904,0.007766334591397417,1.3875987446176907e-05
169137,0.0,-4.8125,-4.78125,True,4,8,0.00040678289301077086,0.007766334591396973,1.3875987446176907e-05
169137,0.0,-4.78125,-4.75,True,4,8,0.00040678289301077086,0.007766334591397417,1.3875987446176907e-05
169137,0.0,-4.75,-4.71875,True,4,8,0.00040678289301077086,0.007766334591397417,1.3875987446176907e-05
169137,0.0,-4.71875,-4.6875,True,4,8,0.00040678289301077086,0.007766334591397417,1.3875987446176907e-05
169137,0.0,-4.6875,-4.65625,True,4,8,0.00040678289301165904,0.007766334591396973,1.3875987446176907e-05
169137,0.0,-4.65625,-4.625,True,4,8,0.00040678289301077086,0.007766334591397417,1.3875987446176907e-05
169137,0.0,-4.625,-4.59375,True,4,8,0.00040678289301077086,0.007766334591397417,1.3875987446176907e-05
169137,0.0,-4.59375,-4.5625,True,4,8,0.00040678289301077086,0.007766334591397417,1.3875987446065885e-05
169137,0.0,-4.5625,-4.53125,True,4,8,0.00040678289301077086,0.007766334591397417,1.387598744628793e-05
169137,0.0,-4.53125,-4.5,True,4,8,0.00040678289301165904,0.007766334591396973,1.3875987446176907e-05
169137,0.0,-4.5,-4.46875,True,4,8,0.00040678289301077086,0.007766334591397417,1.3875987446065885e-05
169137,0.0,-4.46875,-4.4375,True,4,8,0.00040678289301077086,0.007766334591397417,1.387598744628793e-05
169137,0.0,-4.4375,-4.40625,True,4,8,0.00040678289301077086,0.007766334591397417,1.3875987446176907e-05
169137,0.0,-4.40625,-4.375,True,4,8,0.00040678289301077086,0.007766334591396973,1.3875987446065885e-05
169137,0.0,-4.375,-4.34375,True,4,8,0.00040678289301165904,0.007766334591397417,1.3875987446176907e-05
169137,0.0,-4.34375,-4.3125,True,4,8,0.00040678289301077086,0.007766334591397417,1.387598744628793e-05
169137,0.0,-4.3125,-4.28125,True,4,8,0.00040678289301077086,0.007766334591397417,1.3875987446065885e-05
169137,0.0,-4.28125,-4.25,True,4,8,0.00040678289301077086,0.007766334591397417,1.3875987446176907e-05
169137,0.0,-4.25,-4.21875,True,4,8,0.00040678289301077086,0.007766334591396973,1.387598744628793e-05
169137,0.0,-4.21875,-4.1875,True,4,8,0.00040678289301165904,0.007766334591397417,1.3875987446065885e-05
169137,0.0,-4.1875,-4.15625,True,4,8,0.00040678289301077086,0.007766334591397417,1.3875987446176907e-05
169137,0.0,-4.15625,-4.125,True,4,8,0.00040678289301077086,0.007766334591397417,1.3875987446176907e-05
169137,0.0,-4.125,-4.09375,True,4,8,0.00040678289301077086,0.007766334591396973,1.3875987446176907e-05
169137,0.0,-4.09375,-4.0625,True,4,8,0.00040678289301077086,0.007766334591397417,1.3875987446176907e-05
169137,0.0,-4.0625,-4.03125,True,4,8,0.00040678289301077086,0.007766334591397417,1.3875987446176907e-05
169137,0.0,-4.03125,-4.0,True,4,8,0.00040678289301165904,0.007766334591396973,1.3875987446065885e-05
169137,0.0,-4.0,-3.96875,True,4,8,0.00040678289301077086,0.007766334591397417,1.387598744628793e-05
169137,0.0,-3.96875,-3.9375,True,4,8,0.00040678289301077086,0.007766334591397417,1.3875987446176907e-05
169137,0.0,-3.9375,-3.90625,True,4,8,0.00040678289301077086,0.007766334591397417,1.3875987446065885e-05
169137,0.0,-3.90625,-3.875,True,4,8,0.00040678289301077086,0.007766334591397417,1.387598744628793e-05
169137,0.0,-3.875,-3.84375,True,4,8,0.00040678289301165904,0.007766334591396973,1.3875987446176907e-05
169137,0.0,-3.84375,-3.8125,True,8,16,0.00040678289301077086,0.007766334591397417,1.3875987446065885e-05
169137,0.0,-3.8125,-3.78125,True,4,8,0.00040678289301077086,0.007766334591397417,1.3875987446176907e-05
169137,0.0,-3.78125,-3.75,True,4,8,0.00040678289301077086,0.007766334591397417,1.387598744628793e-05
169137,0.0,-3.75,-3.71875,True,4,8,0.00040678289301077086,0.007766334591396973,1.3875987446065885e-05
169137,0.0,-3.71875,-3.6875,True,4,8,0.00040678289301165904,0.007766334591397417,1.3875987446176907e-05
169137,0.0,-3.6875,-3.65625,True,4,8,0.00040678289301077086,0.007766334591397417,1.387598744628793e-05
169137,0.0,-3.65625,-3.625,True,4,8,0.00040678289301077086,0.007766334591397417,1.3875987446065885e-05
169137,0.0,-3.625,-3.59375,True,4,8,0.00040678289301077086,0.007766334591396973,1.3875987446176907e-05
169137,0.0,-3.59375,-3.5625,True,4,8,0.00040678289301077086,0.007766334591397417,1.3875987446176907e-05
169137,0.0,-3.5625,-3.53125,True,4,8,0.00040678289301165904,0.007766334591397417,1.3875987446176907e-05
169137,0.0,-3.53125,-3.5,True,4,8,0.00040678289301077086,0.007766334591397417,1.3875987446176907e-05
169137,0.0,-3.5,-3.46875,True,4,8,0.00040678289301077086,0.007766334591397417,1.3875987446176907e-05
169137,0.0,-3.46875,-3.4375,True,4,8,0.00040678289301077086,0.007766334591396973,1.3875987446176907e-05
169137,0.0,-3.4375,-3.40625,True,4,8,0.00040678289301077086,0.007766334591397417,1.3875987446176907e-05
169137,0.0,-3.40625,-3.375,True,4,8,0.00040678289301165904,0.007766334591397417,1.3875987446176907e-05
169137,0.0,-3.375,-3.34375,True,4,8,0.00040678289301077086,0.007766334591397417,1.3875987446065885e-05
169137,0.0,-3.34375,-3.3125,True,4,8,0.00040678289301077086,0.007766334591396973,1.387598744628793e-05
169137,0.0,-3.3125,-3.28125,True,4,8,0.00040678289301077086,0.007766334591397417,1.3875987446176907e-05
169137,0.0,-3.28125,-3.25,True,4,8,0.00040678289301077086,0.007766334591397417,1.3875987446065885e-05
169137,0.0,-3.25,-3.21875,True,4,8,0.00040678289301165904,0.007766334591397417,1.3875987446176907e-05
169137,0.0,-3.21875,-3.1875,True,4,8,0.00040678289301077086,0.007766334591397417,1.387598744628793e-05
169137,0.0,-3.1875,-3.15625,True,4,8,0.00040678289301077086,0.007766334591396973,1.3875987446065885e-05
169137,0.0,-3.15625,-3.125,True,4,8,0.00040678289301077086,0.007766334591397417,1.3875987446176907e-05
169137,0.0,-3.125,-3.09375,True,4,8,0.00040678289301077086,0.007766334591397417,1.387598744628793e-05
169137,0.0,-3.09375,-3.0625,True,4,8,0.00040678289301165904,0.007766334591397417,1.3875987446065885e-05
169137,0.0,-3.0625,-3.03125,True,4,8,0.00040678289301077086,0.007766334591396973,1.3875987446176907e-05
169137,0.0,-3.03125,-3.0,True,4,8,0.00040678289301077086,0.007766334591397417,1.3875987446176907e-05
169137,0.0,-3.0,-2.96875,True,4,8,0.00040678289301077086,0.007766334591397417,1.3875987446176907e-05
169137,0.0,-2.96875,-2.9375,True,4,8,0.00040678289301165904,0.007766334591397417,1.3875987446176907e-05
169137,0.0,-2.9375,-2.90625,True,4,8,0.00040678289301077086,0.007766334591397417,1.3875987446176907e-05
169137,0.0,-2.90625,-2.875,True,4,8,0.00040678289301077086,0.007766334591396973,1.3875987446176907e-05
169137,0.0,-2.875,-2.84375,True,4,8,0.00040678289301077086,0.007766334591397417,1.3875987446176907e-05
169137,0.0,-2.84375,-2.8125,True,4,8,0.00040678289301077086,0.007766334591397417,1.3875987446176907e-05
169137,0.0,-2.8125,-2.78125,True,4,8,0.00040678289301165904,0.007766334591396973,1.3875987446065885e-05
169137,0.0,-2.78125,-2.75,True,4,8,0.00040678289301077086,0.007766334591397417,1.387598744628793e-05
169137,0.0,-2.75,-2.71875,True,4,8,0.00040678289301077086,0.007766334591397417,1.3875987446176907e-05
169137,0.0,-2.71875,-2.6875,True,4,8,0.00040678289301077086,0.007766334591397417,1.3875987446065885e-05
169137,0.0,-2.6875,-2.65625,True,4,8,0.00040678289301077086,0.007766334591397417,1.387598744628793e-05
169137,0.0,-2.65625,-2.625,True,4,8,0.00040678289301165904,0.007766334591397417,1.3875987446176907e-05
169137,0.0,-2.625,-2.59375,True,4,8,0.00040678289301077086,0.007766334591396973,1.3875987446065885e-05
169137,0.0,-2.59375,-2.5625,True,4,8,0.00040678289301077086,0.007766334591397417,1.3875987446176907e-05
169137,0.0,-2.5625,-2.53125,True,4,8,0.00040678289301077086,0.007766334591397417,1.387598744628793e-05
169137,0.0,-2.53125,-2.5,True,4,8,0.00040678289301077086,0.007766334591396973,1.3875987446065885e-05
169137,0.0,-2.5,-2.46875,True,4,8,0.00040678289301165904,0.007766334591397417,1.3875987446176907e-05
169137,0.0,-2.46875,-2.4375,True,4,8,0.00040678289301077086,0.007766334591397417,1.3875987446176907e-05
169137,0.0,-2.4375,-2.40625,True,4,8,0.00040678289301077086,0.007766334591397417,1.3875987446176907e-05
169137,0.0,-2.40625,-2.375,True,4,8,0.00040678289301077086,0.007766334591397417,1.3875987446176907e-05
169137,0.0,-2.375,-2.34375,True,4,8,0.00040678289301077086,0.007766334591397417,1.3875987446176907e-05
169137,0.0,-2.34375,-2.3125,True,4,8,0.00040678289301165904,0.007766334591396973,1.3875987446176907e-05
169137,0.0,-2.3125,-2.28125,True,4,8,0.00040678289301077086,0.007766334591397417,1.3875987446176907e-05
169137,0.0,-2.28125,-2.25,True,4,8,0.00040678289301077086,0.007766334591397417,1.3875987446176907e-05
169137,0.0,-2.25,-2.21875,True,4,8,0.00040678289301077086,0.007766334591396973,1.3875987446065885e-05
169137,0.0,-2.21875,-2.1875,True,4,8,0.00040678289301077086,0.007766334591397417,1.387598744628793e-05
169137,0.0,-2.1875,-2.15625,True,4,8,0.00040678289301165904,0.007766334591397417,1.3875987446176907e-05
169137,0.0,-2.15625,-2.125,True,4,8,0.00040678289301077086,0.007766334591397417,1.3875987446065885e-05
169137,0.0,-2.125,-2.09375,True,4,8,0.00040678289301077086,0.007766334591397417,1.387598744628793e-05
169137,0.0,-2.09375,-2.0625,True,4,8,0.00040678289301077086,0.007766334591397417,1.3875987446176907e-05
169137,0.0,-2.0625,-2.03125,True,4,8,0.00040678289301077086,0.007766334591397417,1.3875987446065885e-05
169137,0.0,-2.03125,-2.0,True,4,8,0.00040678289301165904,0.007766334591396973,1.3875987446176907e-05
169137,0.0,-2.0,-1.96875,True,4,8,0.00040678289301077086,0.007766334591397417,1.387598744628793e-05
169137,0.0,-1.96875,-1.9375,True,4,8,0.00040678289301077086,0.007766334591396973,1.3875987446065885e-05
169137,0.0,-1.9375,-1.90625,True,4,8,0.0004067828930098827,0.007766334591397417,1.3875987446176907e-05
169137,0.0,-1.90625,-1.875,True,4,8,0.00040678289301165904,0.007766334591397417,1.387598744628793e-05
169137,0.0,-1.875,-1.84375,True,4,8,0.00040678289301077086,0.007766334591397417,1.3875987446065885e-05
169137,0.0,-1.84375,-1.8125,True,4,8,0.00040678289301077086,0.007766334591397417,1.3875987446176907e-05
169137,0.0,-1.8125,-1.78125,True,4,8,0.00040678289301077086,0.007766334591396973,1.3875987446176907e-05
169137,0.0,-1.78125,-1.75,True,4,8,0.00040678289301077086,0.007766334591397417,1.3875987446176907e-05
169137,0.0,-1.75,-1.71875,True,4,8,0.00040678289301077086,0.007766334591396973,1.3875987446176907e-05
169137,0.0,-1.71875,-1.6875,True,4,8,0.00040678289301165904,0.007766334591397417,1.3875987446176907e-05
169137,0.0,-1.6875,-1.65625,True,4,8,0.00040678289301077086,0.007766334591397417,1.3875987446065885e-05
169137,0.0,-1.65625,-1.625,True,4,8,0.00040678289301077086,0.007766334591397417,1.387598744628793e-05
169137,0.0,-1.625,-1.59375,True,4,8,0.00040678289301077086,0.007766334591397417,1.3875987446176907e-05
169137,0.0,-1.59375,-1.5625,True,4,8,0.00040678289301077086,0.007766334591397417,1.3875987446065885e-05
169137,0.0,-1.5625,-1.53125,True,4,8,0.00040678289301165904,0.007766334591397417,1.387598744628793e-05
169137,0.0,-1.53125,-1.5,True,4,8,0.00040678289301077086,0.007766334591396973,1.3875987446176907e-05
169137,0.0,-1.5,-1.46875,True,4,8,0.00040678289301077086,0.007766334591397417,1.3875987446065885e-05
169137,0.0,-1.46875,-1.4375,True,4,8,0.00040678289301077086,0.007766334591396973,1.3875987446176907e-05
169137,0.0,-1.4375,-1.40625,True,4,8,0.00040678289301077086,0.007766334591397417,1.387598744628793e-05
169137,0.0,-1.40625,-1.375,True,4,8,0.00040678289301165904,0.007766334591397417,1.3875987446065885e-05
169137,0.0,-1.375,-1.34375,True,4,8,0.00040678289301077086,0.007766334591397417,1.3875987446176907e-05
169137,0.0,-1.34375,-1.3125,True,4,8,0.00040678289301077086,0.007766334591397417,1.387598744628793e-05
169137,0.0,-1.3125,-1.28125,True,4,8,0.00040678289301077086,0.007766334591397417,1.3875987446065885e-05
169137,0.0,-1.28125,-1.25,True,4,8,0.00040678289301077086,0.007766334591397417,1.3875987446176907e-05
169137,0.0,-1.25,-1.21875,True,4,8,0.00040678289301165904,0.007766334591396973,1.3875987446176907e-05
169137,0.0,-1.21875,-1.1875,True,4,8,0.00040678289301077086,0.007766334591397417,1.3875987446176907e-05
169137,0.0,-1.1875,-1.15625,True,4,8,0.00040678289301077086,0.007766334591396973,1.3875987446176907e-05
169137,0.0,-1.15625,-1.125,True,4,8,0.00040678289301077086,0.007766334591397417,1.3875987446176907e-05
169137,0.0,-1.125,-1.09375,True,4,8,0.00040678289301077086,0.007766334591397417,1.3875987446176907e-05
169137,0.0,-1.09375,-1.0625,True,4,8,0.00040678289301165904,0.007766334591397417,1.3875987446176907e-05
169137,0.0,-1.0625,-1.03125,True,4,8,0.00040678289301077086,0.007766334591397417,1.3875987446176907e-05
169137,0.0,-1.03125,-1.0,True,4,8,0.00040678289301077086,0.007766334591397417,1.3875987446176907e-05
169137,0.0,-1.0,-0.96875,True,4,8,0.00040678289301077086,0.007766334591396973,1.3875987446176907e-05
169137,0.0,-0.96875,-0.9375,True,4,8,0.00040678289301077086,0.007766334591397417,1.3875987446176907e-05
169137,0.0,-0.9375,-0.90625,True,4,8,0.00040678289301165904,0.007766334591397417,1.3875987446176907e-05
169137,0.0,-0.90625,-0.875,True,4,8,0.00040678289301077086,0.007766334591397417,1.3875987446065885e-05
169137,0.0,-0.875,-0.84375,True,4,8,0.00040678289301077086,0.007766334591397417,1.387598744628793e-05
169137,0.0,-0.84375,-0.8125,True,4,8,0.00040678289301077086,0.007766334591396973,1.3875987446176907e-05
169137,0.0,-0.8125,-0.78125,True,4,8,0.00040678289301077086,0.007766334591397417,1.3875987446065885e-05
169137,0.0,-0.78125,-0.75,True,4,8,0.00040678289301165904,0.007766334591397417,1.387598744628793e-05
169137,0.0,-0.75,-0.71875,True,4,8,0.00040678289301077086,0.007766334591397417,1.3875987446176907e-05
169137,0.0,-0.71875,-0.6875,True,4,8,0.00040678289301077086,0.007766334591396973,1.3875987446065885e-05
169137,0.0,-0.6875,-0.65625,True,4,8,0.00040678289301077086,0.007766334591397417,1.3875987446176907e-05
169137,0.0,-0.65625,-0.625,True,4,8,0.00040678289301077086,0.007766334591397417,1.387598744628793e-05
169137,0.0,-0.625,-0.59375,True,4,8,0.00040678289301165904,0.007766334591397417,1.3875987446065885e-05
169137,0.0,-0.59375,-0.5625,True,4,8,0.00040678289301077086,0.007766334591397417,1.3875987446176907e-05
169137,0.0,-0.5625,-0.53125,True,4,8,0.00040678289301077086,0.007766334591396973,1.387598744628793e-05
169137,0.0,-0.53125,-0.5,True,4,8,0.00040678289301077086,0.007766334591397417,1.3875987446065885e-05
169137,0.0,-0.5,-0.46875,True,4,8,0.00040678289301077086,0.007766334591397417,1.3875987446176907e-05
169137,0.0,-0.46875,-0.4375,True,4,8,0.00040678289301165904,0.007766334591397417,1.3875987446176907e-05
169137,0.0,-0.4375,-0.40625,True,4,8,0.00040678289301077086,0.007766334591396973,1.3875987446176907e-05
169137,0.0,-0.40625,-0.375,True,4,8,0.00040678289301077086,0.007766334591397417,1.3875987446176907e-05
169137,0.0,-0.375,-0.34375,True,4,8,0.00040678289301077086,0.007766334591397417,1.3875987446176907e-05
169137,0.0,-0.34375,-0.3125,True,4,8,0.00040678289301077086,0.007766334591397417,1.3875987446176907e-05
169137,0.0,-0.3125,-0.28125,True,4,8,0.00040678289301165904,0.007766334591396973,1.3875987446176907e-05
169137,0.0,-0.28125,-0.25,True,4,8,0.00040678289301077086,0.007766334591397417,1.3875987446176907e-05
169137,0.0,-0.25,-0.21875,True,4,8,0.00040678289301077086,0.007766334591397417,1.3875987446065885e-05
169137,0.0,-0.21875,-0.1875,True,4,8,0.00040678289301077086,0.007766334591397417,1.387598744628793e-05
169137,0.0,-0.1875,-0.15625,True,4,8,0.00040678289301077086,0.007766334591397417,1.3875987446176907e-05
169137,0.0,-0.15625,-0.125,True,4,8,0.00040678289301165904,0.007766334591396973,1.3875987446065885e-05
169137,0.0,-0.125,-0.09375,True,4,8,0.00040678289301077086,0.007766334591397417,1.387598744628793e-05
169137,0.0,-0.09375,-0.0625,True,4,8,0.00040678289301077086,0.007766334591397417,1.3875987446176907e-05
169137,0.0,-0.0625,-0.03125,True,4,8,0.00040678289301077086,0.007766334591397417,1.3875987446065885e-05
169137,0.0,-0.03125,0.0,True,4,8,0.00040678289301077086,0.007766334591396973,1.3875987446176907e-05
169137,0.0,0.0,0.03125,True,4,8,0.00040678289301165904,0.007766334591397417,1.387598744628793e-05
169137,0.0,0.03125,0.0625,True,4,8,0.00040678289301077086,0.007766334591397417,1.3875987446065885e-05
169137,0.0,0.0625,0.09375,True,4,8,0.00040678289301077086,0.007766334591397417,1.3875987446176907e-05
169137,0.0,0.09375,0.125,True,4,8,0.00040678289301077086,0.007766334591397417,1.3875987446176907e-05
169137,0.0,0.125,0.15625,True,4,8,0.00040678289301077086,0.007766334591396973,1.3875987446176907e-05
169137,0.0,0.15625,0.1875,True,4,8,0.00040678289301165904,0.007766334591396973,1.3875987446176907e-05
169137,0.0,0.1875,0.21875,True,4,8,0.00040678289301077086,0.007766334591397417,1.3875987446176907e-05
169137,0.0,0.21875,0.25,True,4,8,0.00040678289301077086,0.007766334591397417,1.3875987446176907e-05
169137,0.0,0.25,0.28125,True,4,8,0.00040678289301077086,0.007766334591397417,1.3875987446176907e-05
169137,0.0,0.28125,0.3125,True,4,8,0.00040678289301077086,0.007766334591396973,1.3875987446176907e-05
169137,0.0,0.3125,0.34375,True,4,8,0.00040678289301165904,0.007766334591397417,1.3875987446065885e-05
169137,0.0,0.34375,0.375,True,4,8,0.00040678289301077086,0.007766334591397417,1.387598744628793e-05
169137,0.0,0.375,0.40625,True,4,8,0.00040678289301077086,0.007766334591397417,1.3875987446176907e-05
169137,0.0,0.40625,0.4375,True,4,8,0.00040678289301077086,0.007766334591397417,1.3875987446065885e-05
169137,0.0,0.4375,0.46875,True,4,8,0.00040678289301077086,0.007766334591396973,1.387598744628793e-05
169137,0.0,0.46875,0.5,True,4,8,0.00040678289301165904,0.007766334591397417,1.3875987446176907e-05
169137,0.0,0.5,0.53125,True,4,8,0.00040678289301077086,0.007766334591397417,1.3875987446065885e-05
169137,0.0,0.53125,0.5625,True,4,8,0.00040678289301077086,0.007766334591397417,1.3875987446176907e-05
169137,0.0,0.5625,0.59375,True,4,8,0.00040678289301077086,0.007766334591396973,1.387598744628793e-05
169137,0.0,0.59375,0.625,True,4,8,0.00040678289301077086,0.007766334591397417,1.3875987446065885e-05
169137,0.0,0.625,0.65625,True,4,8,0.00040678289301165904,0.007766334591397417,1.3875987446176907e-05
169137,0.0,0.65625,0.6875,True,4,8,0.00040678289301077086,0.007766334591397417,1.387598744628793e-05
169137,0.0,0.6875,0.71875,True,4,8,0.00040678289301077086,0.007766334591396973,1.3875987446065885e-05
169137,0.0,0.71875,0.75,True,4,8,0.00040678289301077086,0.007766334591397417,1.3875987446176907e-05
169137,0.0,0.75,0.78125,True,4,8,0.00040678289301077086,0.007766334591397417,1.3875987446176907e-05
169137,0.0,0.78125,0.8125,True,4,8,0.00040678289301165904,0.007766334591397417,1.3875987446176907e-05
169137,0.0,0.8125,0.84375,True,4,8,0.00040678289301077086,0.007766334591397417,1.3875987446176907e-05
169137,0.0,0.84375,0.875,True,4,8,0.00040678289301077086,0.007766334591396973,1.3875987446176907e-05
169137,0.0,0.875,0.90625,True,4,8,0.00040678289301077086,0.007766334591397417,1.3875987446065885e-05
169137,0.0,0.90625,0.9375,True,4,8,0.00040678289301077086,0.007766334591397861,1.387598744628793e-05
169137,0.0,0.9375,0.96875,True,4,8,0.00040678289301165904,0.007766334591397417,1.3875987446176907e-05
169137,0.0,0.96875,1.0,True,4,8,0.00040678289301077086,0.007766334591396529,1.3875987446065885e-05
169137,0.0,1.0,1.03125,True,4,8,0.00040678289301077086,0.007766334591397417,1.387598744628793e-05
169137,0.0,1.03125,1.0625,True,4,8,0.00040678289301077086,0.007766334591397417,1.3875987446176907e-05
169137,0.0,1.0625,1.09375,True,4,8,0.00040678289301077086,0.007766334591397417,1.3875987446065885e-05
169137,0.0,1.09375,1.125,True,4,8,0.00040678289301077086,0.007766334591397417,1.3875987446176907e-05
169137,0.0,1.125,1.15625,True,4,8,0.00040678289301077086,0.007766334591397417,1.387598744628793e-05
169137,0.0,1.15625,1.1875,True,4,8,0.00040678289301077086,0.007766334591397417,1.3875987446065885e-05
169137,0.0,1.1875,1.21875,True,4,8,0.00040678289301077086,0.007766334591397417,1.3875987446176907e-05
169137,0.0,1.21875,1.25,True,4,8,0.00040678289301077086,0.007766334591397417,1.387598744628793e-05
169137,0.0,1.25,1.28125,True,4,8,0.00040678289301165904,0.007766334591396529,1.3875987446065885e-05
169137,0.0,1.28125,1.3125,True,4,8,0.00040678289301077086,0.007766334591397417,1.3875987446176907e-05
169137,0.0,1.3125,1.34375,True,4,8,0.00040678289301077086,0.007766334591397417,1.3875987446176907e-05
169137,0.0,1.34375,1.375,True,4,8,0.00040678289301077086,0.007766334591397417,1.3875987446176907e-05
169137,0.0,1.375,1.40625,True,4,8,0.00040678289301077086,0.007766334591397417,1.3875987446176907e-05
169137,0.0,1.40625,1.4375,True,4,8,0.00040678289301165904,0.007766334591397417,1.3875987446176907e-05
169137,0.0,1.4375,1.46875,True,4,8,0.00040678289301077086,0.007766334591397417,1.3875987446176907e-05
169137,0.0,1.46875,1.5,True,4,8,0.00040678289301077086,0.007766334591397417,1.3875987446176907e-05
169137,0.0,1.5,1.53125,True,4,8,0.00040678289301077086,0.007766334591397417,1.3875987446176907e-05
169137,0.0,1.53125,1.5625,True,4,8,0.00040678289301077086,0.007766334591397417,1.3875987446065885e-05
169137,0.0,1.5625,1.59375,True,4,8,0.00040678289301165904,0.007766334591397417,1.387598744628793e-05
169137,0.0,1.59375,1.625,True,4,8,0.00040678289301077086,0.007766334591396529,1.3875987446176907e-05
169137,0.0,1.625,1.65625,True,4,8,0.00040678289301077086,0.007766334591397417,1.3875987446065885e-05
169137,0.0,1.65625,1.6875,True,4,8,0.00040678289301077086,0.007766334591397417,1.3875987446176907e-05
169137,0.0,1.6875,1.71875,True,4,8,0.00040678289301077086,0.007766334591397417,1.387598744628793e-05
169137,0.0,1.71875,1.75,True,4,8,0.00040678289301165904,0.007766334591397417,1.3875987446065885e-05
169137,0.0,1.75,1.78125,True,4,8,0.00040678289301077086,0.007766334591397417,1.3875987446176907e-05
169137,0.0,1.78125,1.8125,True,4,8,0.00040678289301077086,0.007766334591397417,1.387598744628793e-05
169137,0.0,1.8125,1.84375,True,4,8,0.00040678289301077086,0.007766334591397417,1.3875987446065885e-05
169137,0.0,1.84375,1.875,True,4,8,0.00040678289301077086,0.007766334591397417,1.3875987446176907e-05
169137,0.0,1.875,1.90625,True,4,8,0.00040678289301165904,0.007766334591396529,1.3875987446176907e-05
169137,0.0,1.90625,1.9375,True,4,8,0.00040678289301077086,0.007766334591396973,1.3875987446176907e-05
169137,0.0,1.9375,1.96875,True,4,8,0.00040678289301077086,0.007766334591397417,1.3875987446176907e-05
169137,0.0,1.96875,2.0,True,4,8,0.00040678289301077086,0.007766334591397417,1.3875987446176907e-05
169137,0.0,2.0,2.03125,True,4,8,0.00040678289301077086,0.007766334591397417,1.3875987446176907e-05
169137,0.0,2.03125,2.0625,True,4,8,0.00040678289301165904,0.007766334591397417,1.3875987446176907e-05
169137,0.0,2.0625,2.09375,True,4,8,0.00040678289301077086,0.007766334591397417,1.3875987446176907e-05
169137,0.0,2.09375,2.125,True,4,8,0.00040678289301077086,0.007766334591397417,1.3875987446065885e-05
169137,0.0,2.125,2.15625,True,4,8,0.00040678289301077086,0.007766334591397417,1.387598744628793e-05
169137,0.0,2.15625,2.1875,True,4,8,0.00040678289301077086,0.007766334591396529,1.3875987446176907e-05
169137,0.0,2.1875,2.21875,True,4,8,0.00040678289301165904,0.007766334591397417,1.3875987446065885e-05
169137,0.0,2.21875,2.25,True,4,8,0.00040678289301077086,0.007766334591397417,1.3875987446176907e-05
169137,0.0,2.25,2.28125,True,4,8,0.00040678289301077086,0.007766334591397417,1.387598744628793e-05
169137,0.0,2.28125,2.3125,True,4,8,0.00040678289301077086,0.007766334591397417,1.3875987446065885e-05
169137,0.0,2.3125,2.34375,True,4,8,0.00040678289301077086,0.007766334591397417,1.3875987446176907e-05
169137,0.0,2.34375,2.375,True,4,8,0.00040678289301165904,0.007766334591397417,1.387598744628793e-05
169137,0.0,2.375,2.40625,True,4,8,0.00040678289301077086,0.007766334591397417,1.3875987446065885e-05
169137,0.0,2.40625,2.4375,True,4,8,0.00040678289301077086,0.007766334591397417,1.3875987446176907e-05
169137,0.0,2.4375,2.46875,True,4,8,0.00040678289301077086,0.007766334591396529,1.3875987446176907e-05
169137,0.0,2.46875,2.5,True,4,8,0.00040678289301077086,0.007766334591397417,1.3875987446176907e-05
171216,0.0,-6.0,-5.96875,True,4,8,0.00040678289301077086,0.007766334591396973,1.3875987446176907e-05
171216,0.0,-5.96875,-5.9375,True,4,8,0.00040678289301077086,0.007766334591397417,1.3875987446176907e-05
171216,0.0,-5.9375,-5.90625,True,4,8,0.00040678289301077086,0.007766334591397417,1.3875987446065885e-05
171216,0.0,-5.90625,-5.875,True,4,8,0.00040678289301077086,0.007766334591397417,1.387598744628793e-05
171216,0.0,-5.875,-5.84375,True,4,8,0.00040678289301077086,0.007766334591396973,1.3875987446176907e-05
171216,0.0,-5.84375,-5.8125,True,4,8,0.00040678289301077086,0.007766334591397417,1.3875987446065885e-05
171216,0.0,-5.8125,-5.78125,True,4,8,0.00040678289301077086,0.007766334591397417,1.387598744628793e-05
171216,0.0,-5.78125,-5.75,True,4,8,0.00040678289301165904,0.007766334591397417,1.3875987446176907e-05
171216,0.0,-5.75,-5.71875,True,4,8,0.00040678289301077086,0.007766334591396973,1.3875987446065885e-05
171216,0.0,-5.71875,-5.6875,True,4,8,0.00040678289301077086,0.007766334591397417,1.3875987446176907e-05
171216,0.0,-5.6875,-5.65625,True,4,8,0.00040678289301077086,0.007766334591397417,1.387598744628793e-05
171216,0.0,-5.65625,-5.625,True,4,8,0.00040678289301077086,0.007766334591397417,1.3875987446065885e-05
171216,0.0,-5.625,-5.59375,True,4,8,0.00040678289301165904,0.007766334591397417,1.3875987446176907e-05
171216,0.0,-5.59375,-5.5625,True,4,8,0.00040678289301077086,0.007766334591396973,1.3875987446176907e-05
171216,0.0,-5.5625,-5.53125,True,4,8,0.00040678289301077086,0.007766334591397417,1.3875987446176907e-05
171216,0.0,-5.53125,-5.5,True,4,8,0.00040678289301077086,0.007766334591397417,1.3875987446176907e-05
171216,0.0,-5.5,-5.46875,True,4,8,0.00040678289301077086,0.007766334591397417,1.3875987446176907e-05
171216,0.0,-5.46875,-5.4375,True,4,8,0.00040678289301165904,0.007766334591396973,1.3875987446176907e-05
171216,0.0,-5.4375,-5.40625,True,4,8,0.00040678289301077086,0.007766334591397417,1.3875987446176907e-05
171216,0.0,-5.40625,-5.375,True,4,8,0.00040678289301077086,0.007766334591397417,1.3875987446176907e-05
171216,0.0,-5.375,-5.34375,True,4,8,0.00040678289301077086,0.007766334591397417,1.3875987446065885e-05
171216,0.0,-5.34375,-5.3125,True,4,8,0.00040678289301077086,0.007766334591397417,1.387598744628793e-05
171216,0.0,-5.3125,-5.28125,True,4,8,0.00040678289301165904,0.007766334591396973,1.3875987446176907e-05
171216,0.0,-5.28125,-5.25,True,4,8,0.00040678289301077086,0.007766334591397417,1.3875987446176907e-05
171216,0.0,-5.25,-5.21875,True,4,8,0.00040678289301077086,0.007766334591397417,1.3875987446176907e-05
171216,0.0,-5.21875,-5.1875,True,4,8,0.00040678289301077086,0.007766334591397417,1.3875987446176907e-05
171216,0.0,-5.1875,-5.15625,True,4,8,0.00040678289301077086,0.007766334591396973,1.3875987446176907e-05
171216,0.0,-5.15625,-5.125,True,4,8,0.00040678289301165904,0.007766334591397417,1.3875987446065885e-05
171216,0.0,-5.125,-5.09375,True,4,8,0.00040678289301077086,0.007766334591397417,1.387598744628793e-05
171216,0.0,-5.09375,-5.0625,True,4,8,0.00040678289301077086,0.007766334591397417,1.3875987446176907e-05
171216,0.0,-5.0625,-5.03125,True,4,8,0.00040678289301077086,0.007766334591396973,1.3875987446065885e-05
171216,0.0,-5.03125,-5.0,True,4,8,0.00040678289301077086,0.007766334591397417,1.387598744628793e-05
171216,0.0,-5.0,-4.96875,True,4,8,0.00040678289301165904,0.007766334591397417,1.3875987446176907e-05
171216,0.0,-4.96875,-4.9375,True,4,8,0.00040678289301077086,0.007766334591397417,1.3875987446065885e-05
171216,0.0,-4.9375,-4.90625,True,4,8,0.00040678289301077086,0.007766334591397417,1.3875987446176907e-05
171216,0.0,-4.90625,-4.875,True,4,8,0.00040678289301077086,0.007766334591396973,1.387598744628793e-05
171216,0.0,-4.875,-4.84375,True,4,8,0.00040678289301077086,0.007766334591397417,1.3875987446065885e-05
171216,0.0,-4.84375,-4.8125,True,4,8,0.00040678289301165904,0.007766334591397417,1.3875987446176907e-05
171216,0.0,-4.8125,-4.78125,True,4,8,0.00040678289301077086,0.007766334591397417,1.3875987446176907e-05
171216,0.0,-4.78125,-4.75,True,4,8,0.00040678289301077086,0.007766334591396973,1.3875987446176907e-05
171216,0.0,-4.75,-4.71875,True,4,8,0.00040678289301077086,0.007766334591397417,1.3875987446176907e-05
171216,0.0,-4.71875,-4.6875,True,4,8,0.00040678289301077086,0.007766334591397417,1.3875987446176907e-05
171216,0.0,-4.6875,-4.65625,True,4,8,0.00040678289301165904,0.007766334591397417,1.3875987446176907e-05
171216,0.0,-4.65625,-4.625,True,4,8,0.00040678289301077086,0.007766334591397417,1.3875987446176907e-05
171216,0.0,-4.625,-4.59375,True,4,8,0.00040678289301077086,0.007766334591396973,1.3875987446176907e-05
171216,0.0,-4.59375,-4.5625,True,4,8,0.00040678289301077086,0.007766334591397417,1.3875987446065885e-05
171216,0.0,-4.5625,-4.53125,True,4,8,0.00040678289301077086,0.007766334591397417,1.387598744628793e-05
171216,0.0,-4.53125,-4.5,True,4,8,0.00040678289301165904,0.007766334591397417,1.3875987446176907e-05
171216,0.0,-4.5,-4.46875,True,4,8,0.00040678289301077086,0.007766334591396973,1.3875987446065885e-05
171216,0.0,-4.46875,-4.4375,True,4,8,0.00040678289301077086,0.007766334591397417,1.387598744628793e-05
171216,0.0,-4.4375,-4.40625,True,4,8,0.00040678289301077086,0.007766334591397417,1.3875987446176907e-05
171216,0.0,-4.40625,-4.375,True,4,8,0.00040678289301077086,0.007766334591397417,1.3875987446065885e-05
171216,0.0,-4.375,-4.34375,True,4,8,0.00040678289301165904,0.007766334591397417,1.3875987446176907e-05
171216,0.0,-4.34375,-4.3125,True,4,8,0.00040678289301077086,0.007766334591396973,1.387598744628793e-05
171216,0.0,-4.3125,-4.28125,True,4,8,0.00040678289301077086,0.007766334591397417,1.3875987446065885e-05
171216,0.0,-4.28125,-4.25,True,4,8,0.00040678289301077086,0.007766334591397417,1.3875987446176907e-05
171216,0.0,-4.25,-4.21875,True,4,8,0.00040678289301077086,0.007766334591397417,1.387598744628793e-05
171216,0.0,-4.21875,-4.1875,True,4,8,0.00040678289301165904,0.007766334591397417,1.3875987446065885e-05
171216,0.0,-4.1875,-4.15625,True,4,8,0.00040678289301077086,0.007766334591396973,1.3875987446176907e-05
171216,0.0,-4.15625,-4.125,True,4,8,0.00040678289301077086,0.007766334591397417,1.3875987446176907e-05
171216,0.0,-4.125,-4.09375,True,4,8,0.00040678289301077086,0.007766334591396973,1.3875987446176907e-05
171216,0.0,-4.09375,-4.0625,True,4,8,0.00040678289301077086,0.007766334591397417,1.3875987446176907e-05
171216,0.0,-4.0625,-4.03125,True,4,8,0.00040678289301077086,0.007766334591397417,1.3875987446176907e-05
171216,0.0,-4.03125,-4.0,True,4,8,0.00040678289301165904,0.007766334591397417,1.3875987446065885e-05
171216,0.0,-4.0,-3.96875,True,4,8,0.00040678289301077086,0.007766334591397417,1.387598744628793e-05
171216,0.0,-3.96875,-3.9375,True,4,8,0.00040678289301077086,0.007766334591397417,1.3875987446176907e-05
171216,0.0,-3.9375,-3.90625,True,4,8,0.00040678289301077086,0.007766334591396973,1.3875987446065885e-05
171216,0.0,-3.90625,-3.875,True,4,8,0.00040678289301077086,0.007766334591397417,1.387598744628793e-05
171216,0.0,-3.875,-3.84375,True,4,8,0.00040678289301165904,0.007766334591396973,1.3875987446176907e-05
171216,0.0,-3.84375,-3.8125,True,4,8,0.00040678289301077086,0.007766334591397417,1.3875987446065885e-05
171216,0.0,-3.8125,-3.78125,True,4,8,0.00040678289301077086,0.007766334591397417,1.3875987446176907e-05
171216,0.0,-3.78125,-3.75,True,4,8,0.00040678289301077086,0.007766334591397417,1.387598744628793e-05
171216,0.0,-3.75,-3.71875,True,4,8,0.00040678289301077086,0.007766334591397417,1.3875987446065885e-05
171216,0.0,-3.71875,-3.6875,True,4,8,0.00040678289301165904,0.007766334591397417,1.3875987446176907e-05
171216,0.0,-3.6875,-3.65625,True,4,8,0.00040678289301077086,0.007766334591397417,1.387598744628793e-05
171216,0.0,-3.65625,-3.625,True,4,8,0.00040678289301077086,0.007766334591396973,1.3875987446065885e-05
171216,0.0,-3.625,-3.59375,True,4,8,0.00040678289301077086,0.007766334591397417,1.3875987446176907e-05
171216,0.0,-3.59375,-3.5625,True,4,8,0.00040678289301077086,0.007766334591397195,1.3875987446176907e-05
171216,0.0,-3.5625,-3.53125,True,4,8,0.00040678289301165904,0.007766334591397417,1.3875987446176907e-05
171216,0.0,-3.53125,-3.5,True,4,8,0.00040678289301077086,0.007766334591397195,1.3875987446176907e-05
171216,0.0,-3.5,-3.46875,True,4,8,0.00040678289301077086,0.007766334591397417,1.3875987446176907e-05
171216,0.0,-3.46875,-3.4375,True,4,8,0.00040678289301077086,0.007766334591397195,1.3875987446176907e-05
171216,0.0,-3.4375,-3.40625,True,4,8,0.00040678289301077086,0.007766334591397417,1.3875987446176907e-05
171216,0.0,-3.40625,-3.375,True,4,8,0.00040678289301165904,0.007766334591397195,1.3875987446176907e-05
171216,0.0,-3.375,-3.34375,True,4,8,0.00040678289301077086,0.007766334591397417,1.3875987446065885e-05
171216,0.0,-3.34375,-3.3125,True,4,8,0.00040678289301077086,0.007766334591397417,1.387598744628793e-05
171216,0.0,-3.3125,-3.28125,True,4,8,0.00040678289301077086,0.007766334591397195,1.3875987446176907e-05
171216,0.0,-3.28125,-3.25,True,4,8,0.00040678289301077086,0.007766334591397417,1.3875987446065885e-05
171216,0.0,-3.25,-3.21875,True,4,8,0.00040678289301165904,0.007766334591397195,1.3875987446176907e-05
171216,0.0,-3.21875,-3.1875,True,4,8,0.00040678289301077086,0.007766334591397417,1.387598744628793e-05
171216,0.0,-3.1875,-3.15625,True,4,8,0.00040678289301077086,0.007766334591397195,1.3875987446065885e-05
171216,0.0,-3.15625,-3.125,True,4,8,0.00040678289301077086,0.007766334591397417,1.3875987446176907e-05
171216,0.0,-3.125,-3.09375,True,4,8,0.00040678289301077086,0.007766334591397195,1.387598744628793e-05
171216,0.0,-3.09375,-3.0625,True,4,8,0.00040678289301165904,0.007766334591397417,1.3875987446065885e-05
171216,0.0,-3.0625,-3.03125,True,4,8,0.00040678289301077086,0.007766334591397195,1.3875987446176907e-05
171216,0.0,-3.03125,-3.0,True,4,8,0.00040678289301077086,0.007766334591397417,1.3875987446176907e-05
171216,0.0,-3.0,-2.96875,True,4,8,0.00040678289301077086,0.007766334591397417,1.3875987446176907e-05
171216,0.0,-2.96875,-2.9375,True,4,8,0.00040678289301165904,0.007766334591397195,1.3875987446176907e-05
171216,0.0,-2.9375,-2.90625,True,4,8,0.00040678289301077086,0.007766334591397417,1.3875987446176907e-05
171216,0.0,-2.90625,-2.875,True,4,8,0.00040678289301077086,0.007766334591397195,1.3875987446176907e-05
171216,0.0,-2.875,-2.84375,True,4,8,0.00040678289301077086,0.007766334591397417,1.3875987446176907e-05
171216,0.0,-2.84375,-2.8125,True,4,8,0.00040678289301077086,0.007766334591397195,1.3875987446176907e-05
171216,0.0,-2.8125,-2.78125,True,4,8,0.00040678289301165904,0.007766334591397417,1.3875987446065885e-05
171216,0.0,-2.78125,-2.75,True,4,8,0.00040678289301077086,0.007766334591397417,1.387598744628793e-05
171216,0.0,-2.75,-2.71875,True,4,8,0.00040678289301077086,0.007766334591397195,1.3875987446176907e-05
171216,0.0,-2.71875,-2.6875,True,4,8,0.00040678289301077086,0.007766334591397195,1.3875987446065885e-05
171216,0.0,-2.6875,-2.65625,True,4,8,0.0004067828930098827,0.007766334591397417,1.387598744628793e-05
171216,0.0,-2.65625,-2.625,True,4,8,0.00040678289301165904,0.007766334591397417,1.3875987446176907e-05
171216,0.0,-2.625,-2.59375,True,4,8,0.00040678289301077086,0.007766334591397195,1.3875987446065885e-05
171216,0.0,-2.59375,-2.5625,True,4,8,0.00040678289301077086,0.007766334591397195,1.3875987446176907e-05
171216,0.0,-2.5625,-2.53125,True,4,8,0.00040678289301077086,0.007766334591397417,1.387598744628793e-05
171216,0.0,-2.53125,-2.5,True,4,8,0.00040678289301077086,0.007766334591397417,1.3875987446065885e-05
171216,0.0,-2.5,-2.46875,True,4,8,0.00040678289301165904,0.007766334591397417,1.3875987446176907e-05
171216,0.0,-2.46875,-2.4375,True,4,8,0.00040678289301077086,0.007766334591397195,1.3875987446176907e-05
171216,0.0,-2.4375,-2.40625,True,4,8,0.00040678289301077086,0.007766334591397195,1.3875987446176907e-05
171216,0.0,-2.40625,-2.375,True,4,8,0.00040678289301077086,0.007766334591397417,1.3875987446176907e-05
171216,0.0,-2.375,-2.34375,True,4,8,0.00040678289301077086,0.007766334591397417,1.3875987446176907e-05
171216,0.0,-2.34375,-2.3125,True,4,8,0.00040678289301165904,0.007766334591397195,1.3875987446176907e-05
171216,0.0,-2.3125,-2.28125,True,4,8,0.00040678289301077086,0.007766334591397195,1.3875987446176907e-05
171216,0.0,-2.28125,-2.25,True,4,8,0.00040678289301077086,0.007766334591397417,1.3875987446176907e-05
171216,0.0,-2.25,-2.21875,True,4,8,0.00040678289301077086,0.007766334591397417,1.3875987446065885e-05
171216,0.0,-2.21875,-2.1875,True,4,8,0.00040678289301077086,0.007766334591397195,1.387598744628793e-05
171216,0.0,-2.1875,-2.15625,True,4,8,0.00040678289301165904,0.007766334591397417,1.3875987446176907e-05
171216,0.0,-2.15625,-2.125,True,4,8,0.00040678289301077086,0.007766334591397195,1.3875987446065885e-05
171216,0.0,-2.125,-2.09375,True,4,8,0.00040678289301077086,0.007766334591397417,1.387598744628793e-05
171216,0.0,-2.09375,-2.0625,True,4,8,0.00040678289301077086,0.007766334591397417,1.3875987446176907e-05
171216,0.0,-2.0625,-2.03125,True,4,8,0.00040678289301077086,0.007766334591397195,1.3875987446065885e-05
171216,0.0,-2.03125,-2.0,True,4,8,0.00040678289301165904,0.007766334591397417,1.3875987446176907e-05
171216,0.0,-2.0,-1.96875,True,4,8,0.00040678289301077086,0.007766334591397195,1.387598744628793e-05
171216,0.0,-1.96875,-1.9375,True,4,8,0.00040678289301077086,0.007766334591397417,1.3875987446065885e-05
171216,0.0,-1.9375,-1.90625,True,4,8,0.00040678289301077086,0.007766334591397417,1.3875987446176907e-05
171216,0.0,-1.90625,-1.875,True,4,8,0.00040678289301077086,0.007766334591397195,1.387598744628793e-05
171216,0.0,-1.875,-1.84375,True,4,8,0.00040678289301165904,0.007766334591397195,1.3875987446065885e-05
171216,0.0,-1.84375,-1.8125,True,4,8,0.00040678289301077086,0.007766334591397417,1.3875987446176907e-05
171216,0.0,-1.8125,-1.78125,True,4,8,0.00040678289301077086,0.007766334591397417,1.3875987446176907e-05
171216,0.0,-1.78125,-1.75,True,4,8,0.00040678289301077086,0.007766334591397195,1.3875987446176907e-05
171216,0.0,-1.75,-1.71875,True,4,8,0.00040678289301077086,0.007766334591397417,1.3875987446176907e-05
171216,0.0,-1.71875,-1.6875,True,4,8,0.00040678289301165904,0.007766334591397195,1.3875987446176907e-05
171216,0.0,-1.6875,-1.65625,True,4,8,0.00040678289301077086,0.007766334591397417,1.3875987446065885e-05
171216,0.0,-1.65625,-1.625,True,4,8,0.00040678289301077086,0.007766334591397195,1.387598744628793e-05
171216,0.0,-1.625,-1.59375,True,4,8,0.00040678289301077086,0.007766334591397417,1.3875987446176907e-05
171216,0.0,-1.59375,-1.5625,True,8,16,0.00040678289301077086,0.007766334591397195,1.3875987446065885e-05
171216,0.0,-1.5625,-1.53125,True,4,8,0.00040678289301165904,0.007766334591397417,1.387598744628793e-05
171216,0.0,-1.53125,-1.5,True,4,8,0.00040678289301077086,0.007766334591397417,1.3875987446176907e-05
171216,0.0,-1.5,-1.46875,True,4,8,0.00040678289301077086,0.007766334591397195,1.3875987446065885e-05
171216,0.0,-1.46875,-1.4375,True,4,8,0.00040678289301077086,0.007766334591397417,1.3875987446176907e-05
171216,0.0,-1.4375,-1.40625,True,4,8,0.00040678289301077086,0.007766334591397195,1.387598744628793e-05
171216,0.0,-1.40625,-1.375,True,4,8,0.00040678289301165904,0.007766334591397417,1.3875987446065885e-05
171216,0.0,-1.375,-1.34375,True,4,8,0.00040678289301077086,0.007766334591397195,1.3875987446176907e-05
171216,0.0,-1.34375,-1.3125,True,4,8,0.00040678289301077086,0.007766334591397417,1.387598744628793e-05
171216,0.0,-1.3125,-1.28125,True,4,8,0.00040678289301077086,0.007766334591397195,1.3875987446065885e-05
171216,0.0,-1.28125,-1.25,True,4,8,0.00040678289301077086,0.007766334591397417,1.3875987446176907e-05
171216,0.0,-1.25,-1.21875,True,4,8,0.00040678289301165904,0.007766334591397417,1.3875987446176907e-05
171216,0.0,-1.21875,-1.1875,True,4,8,0.00040678289301077086,0.007766334591397195,1.3875987446176907e-05
171216,0.0,-1.1875,-1.15625,True,4,8,0.00040678289301077086,0.007766334591397195,1.3875987446176907e-05
171216,0.0,-1.15625,-1.125,True,4,8,0.00040678289301077086,0.007766334591397417,1.3875987446176907e-05
171216,0.0,-1.125,-1.09375,True,4,8,0.00040678289301077086,0.007766334591397417,1.3875987446176907e-05
171216,0.0,-1.09375,-1.0625,True,4,8,0.00040678289301165904,0.007766334591397195,1.3875987446176907e-05
171216,0.0,-1.0625,-1.03125,True,4,8,0.00040678289301077086,0.007766334591397195,1.3875987446176907e-05
171216,0.0,-1.03125,-1.0,True,4,8,0.00040678289301077086,0.007766334591397417,1.3875987446065885e-05
171216,0.0,-1.0,-0.96875,True,4,8,0.00040678289301077086,0.007766334591397417,1.387598744628793e-05
171216,0.0,-0.96875,-0.9375,True,4,8,0.00040678289301077086,0.007766334591397195,1.3875987446176907e-05
171216,0.0,-0.9375,-0.90625,True,4,8,0.00040678289301165904,0.007766334591397417,1.3875987446065885e-05
171216,0.0,-0.90625,-0.875,True,4,8,0.00040678289301077086,0.007766334591397195,1.3875987446176907e-05
171216,0.0,-0.875,-0.84375,True,4,8,0.00040678289301077086,0.007766334591397417,1.387598744628793e-05
171216,0.0,-0.84375,-0.8125,True,4,8,0.00040678289301077086,0.007766334591397417,1.3875987446065885e-05
171216,0.0,-0.8125,-0.78125,True,4,8,0.00040678289301077086,0.007766334591397195,1.3875987446176907e-05
171216,0.0,-0.78125,-0.75,True,4,8,0.00040678289301165904,0.007766334591397195,1.387598744628793e-05
171216,0.0,-0.75,-0.71875,True,4,8,0.00040678289301077086,0.007766334591397417,1.3875987446065885e-05
171216,0.0,-0.71875,-0.6875,True,4,8,0.00040678289301077086,0.007766334591397417,1.3875987446176907e-05
171216,0.0,-0.6875,-0.65625,True,4,8,0.00040678289301077086,0.007766334591397195,1.3875987446176907e-05
171216,0.0,-0.65625,-0.625,True,4,8,0.00040678289301077086,0.007766334591397195,1.3875987446176907e-05
171216,0.0,-0.625,-0.59375,True,4,8,0.00040678289301165904,0.007766334591397417,1.3875987446176907e-05
171216,0.0,-0.59375,-0.5625,True,4,8,0.00040678289301077086,0.007766334591397417,1.3875987446176907e-05
171216,0.0,-0.5625,-0.53125,True,4,8,0.00040678289301077086,0.007766334591397195,1.3875987446176907e-05
171216,0.0,-0.53125,-0.5,True,4,8,0.00040678289301077086,0.007766334591397417,1.3875987446176907e-05
171216,0.0,-0.5,-0.46875,True,4,8,0.00040678289301077086,0.007766334591397195,1.3875987446176907e-05
171216,0.0,-0.46875,-0.4375,True,4,8,0.00040678289301165904,0.007766334591397417,1.3875987446065885e-05
171216,0.0,-0.4375,-0.40625,True,4,8,0.00040678289301077086,0.007766334591397195,1.387598744628793e-05
171216,0.0,-0.40625,-0.375,True,4,8,0.00040678289301077086,0.007766334591397417,1.3875987446176907e-05
171216,0.0,-0.375,-0.34375,True,4,8,0.00040678289301077086,0.007766334591397417,1.3875987446065885e-05
171216,0.0,-0.34375,-0.3125,True,4,8,0.00040678289301077086,0.007766334591397195,1.387598744628793e-05
171216,0.0,-0.3125,-0.28125,True,4,8,0.00040678289301165904,0.007766334591397417,1.3875987446176907e-05
171216,0.0,-0.28125,-0.25,True,4,8,0.00040678289301077086,0.007766334591397195,1.3875987446065885e-05
171216,0.0,-0.25,-0.21875,True,4,8,0.00040678289301077086,0.007766334591397417,1.3875987446176907e-05
171216,0.0,-0.21875,-0.1875,True,4,8,0.00040678289301077086,0.007766334591397417,1.387598744628793e-05
171216,0.0,-0.1875,-0.15625,True,4,8,0.00040678289301077086,0.007766334591397195,1.3875987446065885e-05
171216,0.0,-0.15625,-0.125,True,4,8,0.00040678289301165904,0.007766334591397417,1.3875987446176907e-05
171216,0.0,-0.125,-0.09375,True,4,8,0.00040678289301077086,0.007766334591397195,1.387598744628793e-05
171216,0.0,-0.09375,-0.0625,True,4,8,0.00040678289301077086,0.007766334591397417,1.3875987446065885e-05
171216,0.0,-0.0625,-0.03125,True,4,8,0.00040678289301077086,0.007766334591397195,1.3875987446176907e-05
171216,0.0,-0.03125,0.0,True,4,8,0.00040678289301077086,0.007766334591397417,1.3875987446176907e-05
171216,0.0,0.0,0.03125,True,4,8,0.00040678289301165904,0.007766334591397195,1.3875987446176907e-05
171216,0.0,0.03125,0.0625,True,4,8,0.00040678289301077086,0.007766334591397417,1.3875987446176907e-05
171216,0.0,0.0625,0.09375,True,4,8,0.00040678289301077086,0.007766334591397195,1.3875987446176907e-05
171216,0.0,0.09375,0.125,True,4,8,0.00040678289301077086,0.007766334591397417,1.3875987446065885e-05
171216,0.0,0.125,0.15625,True,4,8,0.00040678289301077086,0.007766334591397417,1.387598744628793e-05
171216,0.0,0.15625,0.1875,True,4,8,0.00040678289301165904,0.007766334591397195,1.3875987446176907e-05
171216,0.0,0.1875,0.21875,True,4,8,0.00040678289301077086,0.007766334591397417,1.3875987446065885e-05
171216,0.0,0.21875,0.25,True,4,8,0.00040678289301077086,0.007766334591397195,1.387598744628793e-05
171216,0.0,0.25,0.28125,True,4,8,0.00040678289301077086,0.007766334591397417,1.3875987446176907e-05
171216,0.0,0.28125,0.3125,True,4,8,0.00040678289301077086,0.007766334591397195,1.3875987446065885e-05
171216,0.0,0.3125,0.34375,True,4,8,0.00040678289301077086,0.007766334591397417,1.3875987446176907e-05
171216,0.0,0.34375,0.375,True,4,8,0.00040678289301077086,0.007766334591397195,1.387598744628793e-05
171216,0.0,0.375,0.40625,True,4,8,0.00040678289301077086,0.007766334591397417,1.3875987446065885e-05
171216,0.0,0.40625,0.4375,True,4,8,0.00040678289301077086,0.007766334591397417,1.3875987446176907e-05
171216,0.0,0.4375,0.46875,True,4,8,0.00040678289301077086,0.007766334591397306,1.387598744628793e-05
171216,0.0,0.46875,0.5,True,4,8,0.00040678289301165904,0.007766334591397195,1.3875987446065885e-05
171216,0.0,0.5,0.53125,True,4,8,0.00040678289301077086,0.007766334591397417,1.3875987446176907e-05
171216,0.0,0.53125,0.5625,True,4,8,0.00040678289301077086,0.007766334591397195,1.3875987446176907e-05
171216,0.0,0.5625,0.59375,True,4,8,0.00040678289301077086,0.007766334591397417,1.3875987446176907e-05
171216,0.0,0.59375,0.625,True,4,8,0.00040678289301077086,0.007766334591397195,1.3875987446176907e-05
171216,0.0,0.625,0.65625,True,4,8,0.00040678289301165904,0.007766334591397417,1.3875987446176907e-05
171216,0.0,0.65625,0.6875,True,4,8,0.00040678289301077086,0.007766334591397417,1.3875987446176907e-05
171216,0.0,0.6875,0.71875,True,4,8,0.00040678289301077086,0.007766334591397195,1.3875987446176907e-05
171216,0.0,0.71875,0.75,True,4,8,0.00040678289301077086,0.007766334591397417,1.3875987446176907e-05
171216,0.0,0.75,0.78125,True,4,8,0.00040678289301077086,0.007766334591397195,1.3875987446065885e-05
171216,0.0,0.78125,0.8125,True,4,8,0.00040678289301165904,0.007766334591397417,1.387598744628793e-05
171216,0.0,0.8125,0.84375,True,4,8,0.00040678289301077086,0.007766334591397195,1.3875987446176907e-05
171216,0.0,0.84375,0.875,True,4,8,0.00040678289301077086,0.007766334591397417,1.3875987446065885e-05
171216,0.0,0.875,0.90625,True,4,8,0.00040678289301077086,0.007766334591397195,1.3875987446176907e-05
171216,0.0,0.90625,0.9375,True,4,8,0.00040678289301077086,0.007766334591397084,1.387598744628793e-05
171216,0.0,0.9375,0.96875,True,4,8,0.00040678289301165904,0.007766334591397417,1.3875987446065885e-05
171216,0.0,0.96875,1.0,True,4,8,0.00040678289301077086,0.007766334591397417,1.3875987446176907e-05
171216,0.0,1.0,1.03125,True,4,8,0.00040678289301077086,0.007766334591397195,1.387598744628793e-05
171216,0.0,1.03125,1.0625,True,4,8,0.00040678289301077086,0.007766334591397417,1.3875987446065885e-05
171216,0.0,1.0625,1.09375,True,4,8,0.00040678289301077086,0.007766334591397195,1.3875987446176907e-05
171216,0.0,1.09375,1.125,True,4,8,0.00040678289301165904,0.007766334591397417,1.3875987446176907e-05
171216,0.0,1.125,1.15625,True,4,8,0.00040678289301077086,0.007766334591397417,1.3875987446176907e-05
171216,0.0,1.15625,1.1875,True,4,8,0.00040678289301077086,0.007766334591396973,1.3875987446176907e-05
171216,0.0,1.1875,1.21875,True,4,8,0.00040678289301077086,0.007766334591397417,1.3875987446176907e-05
171216,0.0,1.21875,1.25,True,4,8,0.00040678289301077086,0.007766334591397417,1.387598744628793e-05
171216,0.0,1.25,1.28125,True,4,8,0.00040678289301165904,0.007766334591397417,1.3875987446065885e-05
171216,0.0,1.28125,1.3125,True,4,8,0.00040678289301077086,0.007766334591397417,1.3875987446176907e-05
171216,0.0,1.3125,1.34375,True,4,8,0.00040678289301077086,0.007766334591396973,1.3875987446065885e-05
171216,0.0,1.34375,1.375,True,4,8,0.00040678289301077086,0.007766334591397417,1.387598744628793e-05
171216,0.0,1.375,1.40625,True,4,8,0.00040678289301077086,0.007766334591397417,1.3875987446176907e-05
171216,0.0,1.40625,1.4375,True,4,8,0.00040678289301165904,0.007766334591397417,1.3875987446176907e-05
171216,0.0,1.4375,1.46875,True,4,8,0.00040678289301077086,0.007766334591396973,1.3875987446176907e-05
171216,0.0,1.46875,1.5,True,4,8,0.00040678289301077086,0.007766334591397417,1.3875987446176907e-05
171216,0.0,1.5,1.53125,True,4,8,0.00040678289301077086,0.007766334591397417,1.3875987446065885e-05
171216,0.0,1.53125,1.5625,True,4,8,0.00040678289301077086,0.007766334591397417,1.3875987446176907e-05
171216,0.0,1.5625,1.59375,True,4,8,0.00040678289301165904,0.007766334591396973,1.387598744628793e-05
171216,0.0,1.59375,1.625,True,4,8,0.00040678289301077086,0.007766334591397417,1.3875987446176907e-05
171216,0.0,1.625,1.65625,True,4,8,0.00040678289301077086,0.007766334591397417,1.3875987446065885e-05
171216,0.0,1.65625,1.6875,True,4,8,0.00040678289301077086,0.007766334591397417,1.3875987446176907e-05
171216,0.0,1.6875,1.71875,True,4,8,0.00040678289301077086,0.007766334591397417,1.3875987446176907e-05
171216,0.0,1.71875,1.75,True,4,8,0.00040678289301165904,0.007766334591396973,1.3875987446176907e-05
171216,0.0,1.75,1.78125,True,4,8,0.00040678289301077086,0.007766334591397417,1.3875987446176907e-05
171216,0.0,1.78125,1.8125,True,4,8,0.00040678289301077086,0.007766334591397417,1.387598744628793e-05
171216,0.0,1.8125,1.84375,True,4,8,0.00040678289301077086,0.007766334591397417,1.3875987446065885e-05
171216,0.0,1.84375,1.875,True,4,8,0.00040678289301077086,0.007766334591396973,1.3875987446176907e-05
171216,0.0,1.875,1.90625,True,4,8,0.00040678289301165904,0.007766334591397417,1.3875987446176907e-05
171216,0.0,1.90625,1.9375,True,4,8,0.00040678289301077086,0.007766334591397639,1.3875987446176907e-05
171216,0.0,1.9375,1.96875,True,4,8,0.00040678289301077086,0.007766334591396973,1.3875987446176907e-05
171216,0.0,1.96875,2.0,True,4,8,0.00040678289301077086,0.007766334591397417,1.3875987446176907e-05
171216,0.0,2.0,2.03125,True,4,8,0.00040678289301077086,0.007766334591397417,1.3875987446176907e-05
171216,0.0,2.03125,2.0625,True,4,8,0.00040678289301165904,0.007766334591397417,1.3875987446176907e-05
171216,0.0,2.0625,2.09375,True,4,8,0.00040678289301077086,0.007766334591397417,1.3875987446176907e-05
171216,0.0,2.09375,2.125,True,4,8,0.00040678289301077086,0.007766334591396973,1.3875987446065885e-05
171216,0.0,2.125,2.15625,True,4,8,0.00040678289301077086,0.007766334591397417,1.387598744628793e-05
171216,0.0,2.15625,2.1875,True,4,8,0.00040678289301077086,0.007766334591397417,1.3875987446176907e-05
171216,0.0,2.1875,2.21875,True,4,8,0.00040678289301165904,0.007766334591397417,1.3875987446065885e-05
171216,0.0,2.21875,2.25,True,4,8,0.00040678289301077086,0.007766334591396973,1.3875987446176907e-05
171216,0.0,2.25,2.28125,True,4,8,0.00040678289301077086,0.007766334591397417,1.387598744628793e-05
171216,0.0,2.28125,2.3125,True,4,8,0.00040678289301077086,0.007766334591397417,1.3875987446065885e-05
171216,0.0,2.3125,2.34375,True,4,8,0.00040678289301077086,0.007766334591397417,1.3875987446176907e-05
171216,0.0,2.34375,2.375,True,4,8,0.00040678289301165904,0.007766334591397417,1.387598744628793e-05
171216,0.0,2.375,2.40625,True,4,8,0.00040678289301077086,0.007766334591396973,1.3875987446065885e-05
171216,0.0,2.40625,2.4375,True,4,8,0.00040678289301077086,0.007766334591396973,1.3875987446176907e-05
171216,0.0,2.4375,2.46875,True,4,8,0.00040678289301077086,0.007766334591397417,1.3875987446176907e-05
171216,0.0,2.46875,2.5,True,4,8,0.00040678289301077086,0.007766334591397417,1.3875987446176907e-05
