edge_id,axis,axis_name,witness_node,nonwitness_node,subdivisions,diagnostic_fast_transition_count,diagnostic_fast_reentry,diagnostic_fast_transition_t,diagnostic_nominal_transition_count,diagnostic_nominal_reentry,diagnostic_nominal_transition_t,diagnostic_stressed_transition_count,diagnostic_stressed_reentry,diagnostic_stressed_transition_t,profiles_transition_counts_equal,any_profile_reentry,fast_transition_lookup_signature_changed,fast_transition_lookup_signature_same
3964,5,age,1821,1822,128,3,True,0.07421875;0.69921875;0.76171875,3,True,0.07421875;0.69921875;0.76171875,3,True,0.07421875;0.69921875;0.76171875,True,True,3,0
3966,5,age,1884,1885,128,3,True,0.07421875;0.69921875;0.97265625,3,True,0.07421875;0.69921875;0.97265625,3,True,0.07421875;0.69921875;0.97265625,True,True,3,0
3968,5,age,2136,2137,128,3,True,0.07421875;0.69921875;0.76171875,3,True,0.07421875;0.69921875;0.76171875,3,True,0.07421875;0.69921875;0.76171875,True,True,3,0
3970,5,age,2199,2200,128,3,True,0.07421875;0.69921875;0.97265625,3,True,0.07421875;0.69921875;0.97265625,3,True,0.07421875;0.69921875;0.97265625,True,True,3,0
3972,5,age,2451,2452,128,3,True,0.07421875;0.69921875;0.76171875,3,True,0.07421875;0.69921875;0.76171875,3,True,0.07421875;0.69921875;0.76171875,True,True,3,0
3974,5,age,2514,2515,128,3,True,0.07421875;0.69921875;0.97265625,3,True,0.07421875;0.69921875;0.97265625,3,True,0.07421875;0.69921875;0.97265625,True,True,3,0
3976,5,age,2766,2767,128,3,True,0.07421875;0.69921875;0.76171875,3,True,0.07421875;0.69921875;0.76171875,3,True,0.07421875;0.69921875;0.76171875,True,True,3,0
3978,5,age,2829,2830,128,3,True,0.07421875;0.69921875;0.97265625,3,True,0.07421875;0.69921875;0.97265625,3,True,0.07421875;0.69921875;0.97265625,True,True,3,0
3980,5,age,3081,3082,128,3,True,0.07421875;0.69921875;0.76171875,3,True,0.07421875;0.69921875;0.76171875,3,True,0.07421875;0.69921875;0.76171875,True,True,3,0
3982,5,age,3144,3145,128,3,True,0.07421875;0.69921875;0.97265625,3,True,0.07421875;0.69921875;0.97265625,3,True,0.07421875;0.69921875;0.97265625,True,True,3,0
3983,5,age,3200,3199,128,3,True,0.12109375;0.30078125;0.92578125,3,True,0.12109375;0.30078125;0.92578125,3,True,0.12109375;0.30078125;0.92578125,True,True,3,0
3988,5,age,3209,3210,128,3,True,0.13671875;0.69921875;0.82421875,3,True,0.13671875;0.69921875;0.82421875,3,True,0.13671875;0.69921875;0.82421875,True,True,3,0
3990,5,age,3272,3273,128,3,True,0.13671875;0.69921875;0.82421875,3,True,0.13671875;0.69921875;0.82421875,3,True,0.13671875;0.69921875;0.82421875,True,True,3,0
3992,5,age,3335,3336,128,3,True,0.13671875;0.69921875;0.82421875,3,True,0.13671875;0.69921875;0.82421875,3,True,0.13671875;0.69921875;0.82421875,True,True,3,0
3994,5,age,3396,3397,128,3,True,0.07421875;0.69921875;0.76171875,3,True,0.07421875;0.69921875;0.76171875,3,True,0.07421875;0.69921875;0.76171875,True,True,3,0
3996,5,age,3398,3399,128,3,True,0.13671875;0.69921875;0.82421875,3,True,0.13671875;0.69921875;0.82421875,3,True,0.13671875;0.69921875;0.82421875,True,True,3,0
3998,5,age,3459,3460,128,3,True,0.07421875;0.69921875;0.97265625,3,True,0.07421875;0.69921875;0.97265625,3,True,0.07421875;0.69921875;0.97265625,True,True,3,0
4000,5,age,3461,3462,128,3,True,0.13671875;0.69921875;0.82421875,3,True,0.13671875;0.69921875;0.82421875,3,True,0.13671875;0.69921875;0.82421875,True,True,3,0
4001,5,age,3515,3514,128,3,True,0.12109375;0.30078125;0.92578125,3,True,0.12109375;0.30078125;0.92578125,3,True,0.12109375;0.30078125;0.92578125,True,True,3,0
4006,5,age,3524,3525,128,3,True,0.13671875;0.69921875;0.82421875,3,True,0.13671875;0.69921875;0.82421875,3,True,0.13671875;0.69921875;0.82421875,True,True,3,0
4008,5,age,3587,3588,128,3,True,0.13671875;0.69921875;0.82421875,3,True,0.13671875;0.69921875;0.82421875,3,True,0.13671875;0.69921875;0.82421875,True,True,3,0
4010,5,age,3650,3651,128,3,True,0.13671875;0.69921875;0.82421875,3,True,0.13671875;0.69921875;0.82421875,3,True,0.13671875;0.69921875;0.82421875,True,True,3,0
4012,5,age,3711,3712,128,3,True,0.07421875;0.69921875;0.76171875,3,True,0.07421875;0.69921875;0.76171875,3,True,0.07421875;0.69921875;0.76171875,True,True,3,0
4014,5,age,3713,3714,128,3,True,0.13671875;0.69921875;0.82421875,3,True,0.13671875;0.69921875;0.82421875,3,True,0.13671875;0.69921875;0.82421875,True,True,3,0
4016,5,age,3774,3775,128,3,True,0.07421875;0.69921875;0.97265625,3,True,0.07421875;0.69921875;0.97265625,3,True,0.07421875;0.69921875;0.97265625,True,True,3,0
4018,5,age,3776,3777,128,3,True,0.13671875;0.69921875;0.82421875,3,True,0.13671875;0.69921875;0.82421875,3,True,0.13671875;0.69921875;0.82421875,True,True,3,0
4019,5,age,3830,3829,128,3,True,0.12109375;0.30078125;0.92578125,3,True,0.12109375;0.30078125;0.92578125,3,True,0.12109375;0.30078125;0.92578125,True,True,3,0
4024,5,age,3839,3840,128,3,True,0.13671875;0.69921875;0.82421875,3,True,0.13671875;0.69921875;0.82421875,3,True,0.13671875;0.69921875;0.82421875,True,True,3,0
4026,5,age,3902,3903,128,3,True,0.13671875;0.69921875;0.82421875,3,True,0.13671875;0.69921875;0.82421875,3,True,0.13671875;0.69921875;0.82421875,True,True,3,0
4028,5,age,3965,3966,128,3,True,0.13671875;0.69921875;0.82421875,3,True,0.13671875;0.69921875;0.82421875,3,True,0.13671875;0.69921875;0.82421875,True,True,3,0
4030,5,age,4026,4027,128,3,True,0.07421875;0.69921875;0.76171875,3,True,0.07421875;0.69921875;0.76171875,3,True,0.07421875;0.69921875;0.76171875,True,True,3,0
4032,5,age,4028,4029,128,3,True,0.13671875;0.69921875;0.82421875,3,True,0.13671875;0.69921875;0.82421875,3,True,0.13671875;0.69921875;0.82421875,True,True,3,0
4034,5,age,4089,4090,128,3,True,0.07421875;0.69921875;0.97265625,3,True,0.07421875;0.69921875;0.97265625,3,True,0.07421875;0.69921875;0.97265625,True,True,3,0
4036,5,age,4091,4092,128,3,True,0.13671875;0.69921875;0.82421875,3,True,0.13671875;0.69921875;0.82421875,3,True,0.13671875;0.69921875;0.82421875,True,True,3,0
4037,5,age,4145,4144,128,3,True,0.12109375;0.30078125;0.92578125,3,True,0.12109375;0.30078125;0.92578125,3,True,0.12109375;0.30078125;0.92578125,True,True,3,0
4042,5,age,4154,4155,128,3,True,0.13671875;0.69921875;0.82421875,3,True,0.13671875;0.69921875;0.82421875,3,True,0.13671875;0.69921875;0.82421875,True,True,3,0
4044,5,age,4217,4218,128,3,True,0.13671875;0.69921875;0.82421875,3,True,0.13671875;0.69921875;0.82421875,3,True,0.13671875;0.69921875;0.82421875,True,True,3,0
4046,5,age,4280,4281,128,3,True,0.13671875;0.69921875;0.82421875,3,True,0.13671875;0.69921875;0.82421875,3,True,0.13671875;0.69921875;0.82421875,True,True,3,0
4048,5,age,4341,4342,128,3,True,0.07421875;0.69921875;0.76171875,3,True,0.07421875;0.69921875;0.76171875,3,True,0.07421875;0.69921875;0.76171875,True,True,3,0
4050,5,age,4343,4344,128,3,True,0.13671875;0.69921875;0.82421875,3,True,0.13671875;0.69921875;0.82421875,3,True,0.13671875;0.69921875;0.82421875,True,True,3,0
4052,5,age,4404,4405,128,3,True,0.07421875;0.69921875;0.97265625,3,True,0.07421875;0.69921875;0.97265625,3,True,0.07421875;0.69921875;0.97265625,True,True,3,0
4054,5,age,4406,4407,128,3,True,0.13671875;0.69921875;0.82421875,3,True,0.13671875;0.69921875;0.82421875,3,True,0.13671875;0.69921875;0.82421875,True,True,3,0
4055,5,age,4460,4459,128,3,True,0.12109375;0.30078125;0.92578125,3,True,0.12109375;0.30078125;0.92578125,3,True,0.12109375;0.30078125;0.92578125,True,True,3,0
4060,5,age,4469,4470,128,3,True,0.13671875;0.69921875;0.82421875,3,True,0.13671875;0.69921875;0.82421875,3,True,0.13671875;0.69921875;0.82421875,True,True,3,0
4062,5,age,4532,4533,128,3,True,0.13671875;0.69921875;0.82421875,3,True,0.13671875;0.69921875;0.82421875,3,True,0.13671875;0.69921875;0.82421875,True,True,3,0
4064,5,age,4595,4596,128,3,True,0.13671875;0.69921875;0.82421875,3,True,0.13671875;0.69921875;0.82421875,3,True,0.13671875;0.69921875;0.82421875,True,True,3,0
4066,5,age,4656,4657,128,3,True,0.07421875;0.69921875;0.76171875,3,True,0.07421875;0.69921875;0.76171875,3,True,0.07421875;0.69921875;0.76171875,True,True,3,0
4068,5,age,4658,4659,128,3,True,0.13671875;0.69921875;0.82421875,3,True,0.13671875;0.69921875;0.82421875,3,True,0.13671875;0.69921875;0.82421875,True,True,3,0
4070,5,age,4719,4720,128,3,True,0.07421875;0.69921875;0.97265625,3,True,0.07421875;0.69921875;0.97265625,3,True,0.07421875;0.69921875;0.97265625,True,True,3,0
4072,5,age,4721,4722,128,3,True,0.13671875;0.69921875;0.82421875,3,True,0.13671875;0.69921875;0.82421875,3,True,0.13671875;0.69921875;0.82421875,True,True,3,0
4073,5,age,4775,4774,128,3,True,0.12109375;0.30078125;0.92578125,3,True,0.12109375;0.30078125;0.92578125,3,True,0.12109375;0.30078125;0.92578125,True,True,3,0
4078,5,age,4784,4785,128,3,True,0.13671875;0.69921875;0.82421875,3,True,0.13671875;0.69921875;0.82421875,3,True,0.13671875;0.69921875;0.82421875,True,True,3,0
4080,5,age,4847,4848,128,3,True,0.13671875;0.69921875;0.82421875,3,True,0.13671875;0.69921875;0.82421875,3,True,0.13671875;0.69921875;0.82421875,True,True,3,0
4082,5,age,4910,4911,128,3,True,0.13671875;0.69921875;0.82421875,3,True,0.13671875;0.69921875;0.82421875,3,True,0.13671875;0.69921875;0.82421875,True,True,3,0
4084,5,age,4973,4974,128,3,True,0.13671875;0.69921875;0.82421875,3,True,0.13671875;0.69921875;0.82421875,3,True,0.13671875;0.69921875;0.82421875,True,True,3,0
4086,5,age,5036,5037,128,3,True,0.13671875;0.69921875;0.82421875,3,True,0.13671875;0.69921875;0.82421875,3,True,0.13671875;0.69921875;0.82421875,True,True,3,0
4087,5,age,5090,5089,128,3,True,0.12109375;0.30078125;0.92578125,3,True,0.12109375;0.30078125;0.92578125,3,True,0.12109375;0.30078125;0.92578125,True,True,3,0
4092,5,age,5099,5100,128,3,True,0.13671875;0.69921875;0.82421875,3,True,0.13671875;0.69921875;0.82421875,3,True,0.13671875;0.69921875;0.82421875,True,True,3,0
4094,5,age,5162,5163,128,3,True,0.13671875;0.69921875;0.82421875,3,True,0.13671875;0.69921875;0.82421875,3,True,0.13671875;0.69921875;0.82421875,True,True,3,0
4096,5,age,5225,5226,128,3,True,0.13671875;0.69921875;0.82421875,3,True,0.13671875;0.69921875;0.82421875,3,True,0.13671875;0.69921875;0.82421875,True,True,3,0
4098,5,age,5288,5289,128,3,True,0.13671875;0.69921875;0.82421875,3,True,0.13671875;0.69921875;0.82421875,3,True,0.13671875;0.69921875;0.82421875,True,True,3,0
4100,5,age,5351,5352,128,3,True,0.13671875;0.69921875;0.82421875,3,True,0.13671875;0.69921875;0.82421875,3,True,0.13671875;0.69921875;0.82421875,True,True,3,0
4101,5,age,5405,5404,128,3,True,0.12109375;0.30078125;0.92578125,3,True,0.12109375;0.30078125;0.92578125,3,True,0.12109375;0.30078125;0.92578125,True,True,3,0
4106,5,age,5414,5415,128,3,True,0.13671875;0.69921875;0.82421875,3,True,0.13671875;0.69921875;0.82421875,3,True,0.13671875;0.69921875;0.82421875,True,True,3,0
4108,5,age,5477,5478,128,3,True,0.13671875;0.69921875;0.82421875,3,True,0.13671875;0.69921875;0.82421875,3,True,0.13671875;0.69921875;0.82421875,True,True,3,0
4110,5,age,5540,5541,128,3,True,0.13671875;0.69921875;0.82421875,3,True,0.13671875;0.69921875;0.82421875,3,True,0.13671875;0.69921875;0.82421875,True,True,3,0
4112,5,age,5603,5604,128,3,True,0.13671875;0.69921875;0.82421875,3,True,0.13671875;0.69921875;0.82421875,3,True,0.13671875;0.69921875;0.82421875,True,True,3,0
4114,5,age,5666,5667,128,3,True,0.13671875;0.69921875;0.82421875,3,True,0.13671875;0.69921875;0.82421875,3,True,0.13671875;0.69921875;0.82421875,True,True,3,0
4115,5,age,5720,5719,128,3,True,0.12109375;0.30078125;0.92578125,3,True,0.12109375;0.30078125;0.92578125,3,True,0.12109375;0.30078125;0.92578125,True,True,3,0
4120,5,age,5729,5730,128,3,True,0.13671875;0.69921875;0.82421875,3,True,0.13671875;0.69921875;0.82421875,3,True,0.13671875;0.69921875;0.82421875,True,True,3,0
4122,5,age,5792,5793,128,3,True,0.13671875;0.69921875;0.82421875,3,True,0.13671875;0.69921875;0.82421875,3,True,0.13671875;0.69921875;0.82421875,True,True,3,0
4124,5,age,5855,5856,128,3,True,0.13671875;0.69921875;0.82421875,3,True,0.13671875;0.69921875;0.82421875,3,True,0.13671875;0.69921875;0.82421875,True,True,3,0
4126,5,age,5918,5919,128,3,True,0.13671875;0.69921875;0.82421875,3,True,0.13671875;0.69921875;0.82421875,3,True,0.13671875;0.69921875;0.82421875,True,True,3,0
4128,5,age,5981,5982,128,3,True,0.13671875;0.69921875;0.82421875,3,True,0.13671875;0.69921875;0.82421875,3,True,0.13671875;0.69921875;0.82421875,True,True,3,0
4129,5,age,6035,6034,128,3,True,0.12109375;0.30078125;0.92578125,3,True,0.12109375;0.30078125;0.92578125,3,True,0.12109375;0.30078125;0.92578125,True,True,3,0
4134,5,age,6044,6045,128,3,True,0.13671875;0.69921875;0.82421875,3,True,0.13671875;0.69921875;0.82421875,3,True,0.13671875;0.69921875;0.82421875,True,True,3,0
4136,5,age,6107,6108,128,3,True,0.13671875;0.69921875;0.82421875,3,True,0.13671875;0.69921875;0.82421875,3,True,0.13671875;0.69921875;0.82421875,True,True,3,0
4138,5,age,6170,6171,128,3,True,0.13671875;0.69921875;0.82421875,3,True,0.13671875;0.69921875;0.82421875,3,True,0.13671875;0.69921875;0.82421875,True,True,3,0
4140,5,age,6233,6234,128,3,True,0.13671875;0.69921875;0.82421875,3,True,0.13671875;0.69921875;0.82421875,3,True,0.13671875;0.69921875;0.82421875,True,True,3,0
4142,5,age,6296,6297,128,3,True,0.13671875;0.69921875;0.82421875,3,True,0.13671875;0.69921875;0.82421875,3,True,0.13671875;0.69921875;0.82421875,True,True,3,0
4143,5,age,6350,6349,128,3,True,0.12109375;0.30078125;0.92578125,3,True,0.12109375;0.30078125;0.92578125,3,True,0.12109375;0.30078125;0.92578125,True,True,3,0
4148,5,age,6359,6360,128,3,True,0.13671875;0.69921875;0.82421875,3,True,0.13671875;0.69921875;0.82421875,3,True,0.13671875;0.69921875;0.82421875,True,True,3,0
4150,5,age,6422,6423,128,3,True,0.13671875;0.69921875;0.82421875,3,True,0.13671875;0.69921875;0.82421875,3,True,0.13671875;0.69921875;0.82421875,True,True,3,0
4152,5,age,6485,6486,128,3,True,0.13671875;0.69921875;0.82421875,3,True,0.13671875;0.69921875;0.82421875,3,True,0.13671875;0.69921875;0.82421875,True,True,3,0
4154,5,age,6548,6549,128,3,True,0.13671875;0.69921875;0.82421875,3,True,0.13671875;0.69921875;0.82421875,3,True,0.13671875;0.69921875;0.82421875,True,True,3,0
4156,5,age,6611,6612,128,3,True,0.13671875;0.69921875;0.82421875,3,True,0.13671875;0.69921875;0.82421875,3,True,0.13671875;0.69921875;0.82421875,True,True,3,0
4157,5,age,6665,6664,128,3,True,0.12109375;0.30078125;0.92578125,3,True,0.12109375;0.30078125;0.92578125,3,True,0.12109375;0.30078125;0.92578125,True,True,3,0
4162,5,age,6674,6675,128,3,True,0.13671875;0.69921875;0.82421875,3,True,0.13671875;0.69921875;0.82421875,3,True,0.13671875;0.69921875;0.82421875,True,True,3,0
4164,5,age,6737,6738,128,3,True,0.13671875;0.69921875;0.82421875,3,True,0.13671875;0.69921875;0.82421875,3,True,0.13671875;0.69921875;0.82421875,True,True,3,0
4166,5,age,6800,6801,128,3,True,0.13671875;0.69921875;0.82421875,3,True,0.13671875;0.69921875;0.82421875,3,True,0.13671875;0.69921875;0.82421875,True,True,3,0
4168,5,age,6863,6864,128,3,True,0.13671875;0.69921875;0.82421875,3,True,0.13671875;0.69921875;0.82421875,3,True,0.13671875;0.69921875;0.82421875,True,True,3,0
4170,5,age,6926,6927,128,3,True,0.13671875;0.69921875;0.82421875,3,True,0.13671875;0.69921875;0.82421875,3,True,0.13671875;0.69921875;0.82421875,True,True,3,0
4171,5,age,6980,6979,128,3,True,0.12109375;0.30078125;0.92578125,3,True,0.12109375;0.30078125;0.92578125,3,True,0.12109375;0.30078125;0.92578125,True,True,3,0
4176,5,age,6989,6990,128,3,True,0.13671875;0.69921875;0.82421875,3,True,0.13671875;0.69921875;0.82421875,3,True,0.13671875;0.69921875;0.82421875,True,True,3,0
4178,5,age,7052,7053,128,3,True,0.13671875;0.69921875;0.82421875,3,True,0.13671875;0.69921875;0.82421875,3,True,0.13671875;0.69921875;0.82421875,True,True,3,0
4180,5,age,7115,7116,128,3,True,0.13671875;0.69921875;0.82421875,3,True,0.13671875;0.69921875;0.82421875,3,True,0.13671875;0.69921875;0.82421875,True,True,3,0
4182,5,age,7178,7179,128,3,True,0.13671875;0.69921875;0.82421875,3,True,0.13671875;0.69921875;0.82421875,3,True,0.13671875;0.69921875;0.82421875,True,True,3,0
4184,5,age,7241,7242,128,3,True,0.13671875;0.69921875;0.82421875,3,True,0.13671875;0.69921875;0.82421875,3,True,0.13671875;0.69921875;0.82421875,True,True,3,0
4185,5,age,7295,7294,128,3,True,0.12109375;0.30078125;0.92578125,3,True,0.12109375;0.30078125;0.92578125,3,True,0.12109375;0.30078125;0.92578125,True,True,3,0
4190,5,age,7304,7305,128,3,True,0.13671875;0.69921875;0.82421875,3,True,0.13671875;0.69921875;0.82421875,3,True,0.13671875;0.69921875;0.82421875,True,True,3,0
4192,5,age,7367,7368,128,3,True,0.13671875;0.69921875;0.82421875,3,True,0.13671875;0.69921875;0.82421875,3,True,0.13671875;0.69921875;0.82421875,True,True,3,0
4194,5,age,7430,7431,128,3,True,0.13671875;0.69921875;0.82421875,3,True,0.13671875;0.69921875;0.82421875,3,True,0.13671875;0.69921875;0.82421875,True,True,3,0
4196,5,age,7493,7494,128,3,True,0.13671875;0.69921875;0.82421875,3,True,0.13671875;0.69921875;0.82421875,3,True,0.13671875;0.69921875;0.82421875,True,True,3,0
4198,5,age,7556,7557,128,3,True,0.13671875;0.69921875;0.82421875,3,True,0.13671875;0.69921875;0.82421875,3,True,0.13671875;0.69921875;0.82421875,True,True,3,0
4199,5,age,7610,7609,128,3,True,0.12109375;0.30078125;0.92578125,3,True,0.12109375;0.30078125;0.92578125,3,True,0.12109375;0.30078125;0.92578125,True,True,3,0
4204,5,age,7619,7620,128,3,True,0.13671875;0.69921875;0.82421875,3,True,0.13671875;0.69921875;0.82421875,3,True,0.13671875;0.69921875;0.82421875,True,True,3,0
4206,5,age,7682,7683,128,3,True,0.13671875;0.69921875;0.82421875,3,True,0.13671875;0.69921875;0.82421875,3,True,0.13671875;0.69921875;0.82421875,True,True,3,0
4208,5,age,7745,7746,128,3,True,0.13671875;0.69921875;0.82421875,3,True,0.13671875;0.69921875;0.82421875,3,True,0.13671875;0.69921875;0.82421875,True,True,3,0
4210,5,age,7808,7809,128,3,True,0.13671875;0.69921875;0.82421875,3,True,0.13671875;0.69921875;0.82421875,3,True,0.13671875;0.69921875;0.82421875,True,True,3,0
4212,5,age,7871,7872,128,3,True,0.13671875;0.69921875;0.82421875,3,True,0.13671875;0.69921875;0.82421875,3,True,0.13671875;0.69921875;0.82421875,True,True,3,0
4214,5,age,22296,22297,128,3,True,0.07421875;0.69921875;0.76171875,3,True,0.07421875;0.69921875;0.76171875,3,True,0.07421875;0.69921875;0.76171875,True,True,3,0
4216,5,age,22359,22360,128,3,True,0.07421875;0.69921875;0.97265625,3,True,0.07421875;0.69921875;0.97265625,3,True,0.07421875;0.69921875;0.97265625,True,True,3,0
4218,5,age,22611,22612,128,3,True,0.07421875;0.69921875;0.76171875,3,True,0.07421875;0.69921875;0.76171875,3,True,0.07421875;0.69921875;0.76171875,True,True,3,0
4220,5,age,22674,22675,128,3,True,0.07421875;0.69921875;0.97265625,3,True,0.07421875;0.69921875;0.97265625,3,True,0.07421875;0.69921875;0.97265625,True,True,3,0
4222,5,age,22926,22927,128,3,True,0.07421875;0.69921875;0.76171875,3,True,0.07421875;0.69921875;0.76171875,3,True,0.07421875;0.69921875;0.76171875,True,True,3,0
4224,5,age,22989,22990,128,3,True,0.07421875;0.69921875;0.97265625,3,True,0.07421875;0.69921875;0.97265625,3,True,0.07421875;0.69921875;0.97265625,True,True,3,0
4226,5,age,23241,23242,128,3,True,0.07421875;0.69921875;0.76171875,3,True,0.07421875;0.69921875;0.76171875,3,True,0.07421875;0.69921875;0.76171875,True,True,3,0
4228,5,age,23304,23305,128,3,True,0.07421875;0.69921875;0.97265625,3,True,0.07421875;0.69921875;0.97265625,3,True,0.07421875;0.69921875;0.97265625,True,True,3,0
4230,5,age,23556,23557,128,3,True,0.07421875;0.69921875;0.76171875,3,True,0.07421875;0.69921875;0.76171875,3,True,0.07421875;0.69921875;0.76171875,True,True,3,0
4232,5,age,23619,23620,128,3,True,0.07421875;0.69921875;0.97265625,3,True,0.07421875;0.69921875;0.97265625,3,True,0.07421875;0.69921875;0.97265625,True,True,3,0
4233,5,age,23675,23674,128,3,True,0.12109375;0.30078125;0.92578125,3,True,0.12109375;0.30078125;0.92578125,3,True,0.12109375;0.30078125;0.92578125,True,True,3,0
4238,5,age,23684,23685,128,3,True,0.13671875;0.69921875;0.82421875,3,True,0.13671875;0.69921875;0.82421875,3,True,0.13671875;0.69921875;0.82421875,True,True,3,0
4240,5,age,23747,23748,128,3,True,0.13671875;0.69921875;0.82421875,3,True,0.13671875;0.69921875;0.82421875,3,True,0.13671875;0.69921875;0.82421875,True,True,3,0
4242,5,age,23810,23811,128,3,True,0.13671875;0.69921875;0.82421875,3,True,0.13671875;0.69921875;0.82421875,3,True,0.13671875;0.69921875;0.82421875,True,True,3,0
4244,5,age,23871,23872,128,3,True,0.07421875;0.69921875;0.76171875,3,True,0.07421875;0.69921875;0.76171875,3,True,0.07421875;0.69921875;0.76171875,True,True,3,0
4246,5,age,23873,23874,128,3,True,0.13671875;0.69921875;0.82421875,3,True,0.13671875;0.69921875;0.82421875,3,True,0.13671875;0.69921875;0.82421875,True,True,3,0
4248,5,age,23934,23935,128,3,True,0.07421875;0.69921875;0.97265625,3,True,0.07421875;0.69921875;0.97265625,3,True,0.07421875;0.69921875;0.97265625,True,True,3,0
4250,5,age,23936,23937,128,3,True,0.13671875;0.69921875;0.82421875,3,True,0.13671875;0.69921875;0.82421875,3,True,0.13671875;0.69921875;0.82421875,True,True,3,0
4251,5,age,23990,23989,128,3,True,0.12109375;0.30078125;0.92578125,3,True,0.12109375;0.30078125;0.92578125,3,True,0.12109375;0.30078125;0.92578125,True,True,3,0
4256,5,age,23999,24000,128,3,True,0.13671875;0.69921875;0.82421875,3,True,0.13671875;0.69921875;0.82421875,3,True,0.13671875;0.69921875;0.82421875,True,True,3,0
4258,5,age,24062,24063,128,3,True,0.13671875;0.69921875;0.82421875,3,True,0.13671875;0.69921875;0.82421875,3,True,0.13671875;0.69921875;0.82421875,True,True,3,0
4260,5,age,24125,24126,128,3,True,0.13671875;0.69921875;0.82421875,3,True,0.13671875;0.69921875;0.82421875,3,True,0.13671875;0.69921875;0.82421875,True,True,3,0
4262,5,age,24186,24187,128,3,True,0.07421875;0.69921875;0.76171875,3,True,0.07421875;0.69921875;0.76171875,3,True,0.07421875;0.69921875;0.76171875,True,True,3,0
4264,5,age,24188,24189,128,3,True,0.13671875;0.69921875;0.82421875,3,True,0.13671875;0.69921875;0.82421875,3,True,0.13671875;0.69921875;0.82421875,True,True,3,0
4266,5,age,24249,24250,128,3,True,0.07421875;0.69921875;0.97265625,3,True,0.07421875;0.69921875;0.97265625,3,True,0.07421875;0.69921875;0.97265625,True,True,3,0
4268,5,age,24251,24252,128,3,True,0.13671875;0.69921875;0.82421875,3,True,0.13671875;0.69921875;0.82421875,3,True,0.13671875;0.69921875;0.82421875,True,True,3,0
4269,5,age,24305,24304,128,3,True,0.12109375;0.30078125;0.92578125,3,True,0.12109375;0.30078125;0.92578125,3,True,0.12109375;0.30078125;0.92578125,True,True,3,0
4274,5,age,24314,24315,128,3,True,0.13671875;0.69921875;0.82421875,3,True,0.13671875;0.69921875;0.82421875,3,True,0.13671875;0.69921875;0.82421875,True,True,3,0
4276,5,age,24377,24378,128,3,True,0.13671875;0.69921875;0.82421875,3,True,0.13671875;0.69921875;0.82421875,3,True,0.13671875;0.69921875;0.82421875,True,True,3,0
4278,5,age,24440,24441,128,3,True,0.13671875;0.69921875;0.82421875,3,True,0.13671875;0.69921875;0.82421875,3,True,0.13671875;0.69921875;0.82421875,True,True,3,0
4280,5,age,24501,24502,128,3,True,0.07421875;0.69921875;0.76171875,3,True,0.07421875;0.69921875;0.76171875,3,True,0.07421875;0.69921875;0.76171875,True,True,3,0
4282,5,age,24503,24504,128,3,True,0.13671875;0.69921875;0.82421875,3,True,0.13671875;0.69921875;0.82421875,3,True,0.13671875;0.69921875;0.82421875,True,True,3,0
4284,5,age,24564,24565,128,3,True,0.07421875;0.69921875;0.97265625,3,True,0.07421875;0.69921875;0.97265625,3,True,0.07421875;0.69921875;0.97265625,True,True,3,0
4286,5,age,24566,24567,128,3,True,0.13671875;0.69921875;0.82421875,3,True,0.13671875;0.69921875;0.82421875,3,True,0.13671875;0.69921875;0.82421875,True,True,3,0
4287,5,age,24620,24619,128,3,True,0.12109375;0.30078125;0.92578125,3,True,0.12109375;0.30078125;0.92578125,3,True,0.12109375;0.30078125;0.92578125,True,True,3,0
4292,5,age,24629,24630,128,3,True,0.13671875;0.69921875;0.82421875,3,True,0.13671875;0.69921875;0.82421875,3,True,0.13671875;0.69921875;0.82421875,True,True,3,0
4294,5,age,24692,24693,128,3,True,0.13671875;0.69921875;0.82421875,3,True,0.13671875;0.69921875;0.82421875,3,True,0.13671875;0.69921875;0.82421875,True,True,3,0
4296,5,age,24755,24756,128,3,True,0.13671875;0.69921875;0.82421875,3,True,0.13671875;0.69921875;0.82421875,3,True,0.13671875;0.69921875;0.82421875,True,True,3,0
4298,5,age,24816,24817,128,3,True,0.07421875;0.69921875;0.76171875,3,True,0.07421875;0.69921875;0.76171875,3,True,0.07421875;0.69921875;0.76171875,True,True,3,0
4300,5,age,24818,24819,128,3,True,0.13671875;0.69921875;0.82421875,3,True,0.13671875;0.69921875;0.82421875,3,True,0.13671875;0.69921875;0.82421875,True,True,3,0
4302,5,age,24879,24880,128,3,True,0.07421875;0.69921875;0.97265625,3,True,0.07421875;0.69921875;0.97265625,3,True,0.07421875;0.69921875;0.97265625,True,True,3,0
4304,5,age,24881,24882,128,3,True,0.13671875;0.69921875;0.82421875,3,True,0.13671875;0.69921875;0.82421875,3,True,0.13671875;0.69921875;0.82421875,True,True,3,0
4305,5,age,24935,24934,128,3,True,0.12109375;0.30078125;0.92578125,3,True,0.12109375;0.30078125;0.92578125,3,True,0.12109375;0.30078125;0.92578125,True,True,3,0
4310,5,age,24944,24945,128,3,True,0.13671875;0.69921875;0.82421875,3,True,0.13671875;0.69921875;0.82421875,3,True,0.13671875;0.69921875;0.82421875,True,True,3,0
4312,5,age,25007,25008,128,3,True,0.13671875;0.69921875;0.82421875,3,True,0.13671875;0.69921875;0.82421875,3,True,0.13671875;0.69921875;0.82421875,True,True,3,0
4314,5,age,25070,25071,128,3,True,0.13671875;0.69921875;0.82421875,3,True,0.13671875;0.69921875;0.82421875,3,True,0.13671875;0.69921875;0.82421875,True,True,3,0
4316,5,age,25131,25132,128,3,True,0.07421875;0.69921875;0.76171875,3,True,0.07421875;0.69921875;0.76171875,3,True,0.07421875;0.69921875;0.76171875,True,True,3,0
4318,5,age,25133,25134,128,3,True,0.13671875;0.69921875;0.82421875,3,True,0.13671875;0.69921875;0.82421875,3,True,0.13671875;0.69921875;0.82421875,True,True,3,0
4320,5,age,25194,25195,128,3,True,0.07421875;0.69921875;0.97265625,3,True,0.07421875;0.69921875;0.97265625,3,True,0.07421875;0.69921875;0.97265625,True,True,3,0
4322,5,age,25196,25197,128,3,True,0.13671875;0.69921875;0.82421875,3,True,0.13671875;0.69921875;0.82421875,3,True,0.13671875;0.69921875;0.82421875,True,True,3,0
4323,5,age,25250,25249,128,3,True,0.12109375;0.30078125;0.92578125,3,True,0.12109375;0.30078125;0.92578125,3,True,0.12109375;0.30078125;0.92578125,True,True,3,0
4328,5,age,25259,25260,128,3,True,0.13671875;0.69921875;0.82421875,3,True,0.13671875;0.69921875;0.82421875,3,True,0.13671875;0.69921875;0.82421875,True,True,3,0
4330,5,age,25322,25323,128,3,True,0.13671875;0.69921875;0.82421875,3,True,0.13671875;0.69921875;0.82421875,3,True,0.13671875;0.69921875;0.82421875,True,True,3,0
4332,5,age,25385,25386,128,3,True,0.13671875;0.69921875;0.82421875,3,True,0.13671875;0.69921875;0.82421875,3,True,0.13671875;0.69921875;0.82421875,True,True,3,0
4334,5,age,25446,25447,128,3,True,0.07421875;0.69921875;0.76171875,3,True,0.07421875;0.69921875;0.76171875,3,True,0.07421875;0.69921875;0.76171875,True,True,3,0
4336,5,age,25448,25449,128,3,True,0.13671875;0.69921875;0.82421875,3,True,0.13671875;0.69921875;0.82421875,3,True,0.13671875;0.69921875;0.82421875,True,True,3,0
4338,5,age,25509,25510,128,3,True,0.07421875;0.69921875;0.97265625,3,True,0.07421875;0.69921875;0.97265625,3,True,0.07421875;0.69921875;0.97265625,True,True,3,0
4340,5,age,25511,25512,128,3,True,0.13671875;0.69921875;0.82421875,3,True,0.13671875;0.69921875;0.82421875,3,True,0.13671875;0.69921875;0.82421875,True,True,3,0
4341,5,age,25565,25564,128,3,True,0.12109375;0.30078125;0.92578125,3,True,0.12109375;0.30078125;0.92578125,3,True,0.12109375;0.30078125;0.92578125,True,True,3,0
4346,5,age,25574,25575,128,3,True,0.13671875;0.69921875;0.82421875,3,True,0.13671875;0.69921875;0.82421875,3,True,0.13671875;0.69921875;0.82421875,True,True,3,0
4348,5,age,25637,25638,128,3,True,0.13671875;0.69921875;0.82421875,3,True,0.13671875;0.69921875;0.82421875,3,True,0.13671875;0.69921875;0.82421875,True,True,3,0
4350,5,age,25700,25701,128,3,True,0.13671875;0.69921875;0.82421875,3,True,0.13671875;0.69921875;0.82421875,3,True,0.13671875;0.69921875;0.82421875,True,True,3,0
4352,5,age,25761,25762,128,3,True,0.07421875;0.69921875;0.76171875,3,True,0.07421875;0.69921875;0.76171875,3,True,0.07421875;0.69921875;0.76171875,True,True,3,0
4354,5,age,25763,25764,128,3,True,0.13671875;0.69921875;0.82421875,3,True,0.13671875;0.69921875;0.82421875,3,True,0.13671875;0.69921875;0.82421875,True,True,3,0
4356,5,age,25824,25825,128,3,True,0.07421875;0.69921875;0.97265625,3,True,0.07421875;0.69921875;0.97265625,3,True,0.07421875;0.69921875;0.97265625,True,True,3,0
4358,5,age,25826,25827,128,3,True,0.13671875;0.69921875;0.82421875,3,True,0.13671875;0.69921875;0.82421875,3,True,0.13671875;0.69921875;0.82421875,True,True,3,0
4359,5,age,25880,25879,128,3,True,0.12109375;0.30078125;0.92578125,3,True,0.12109375;0.30078125;0.92578125,3,True,0.12109375;0.30078125;0.92578125,True,True,3,0
4364,5,age,25889,25890,128,3,True,0.13671875;0.69921875;0.82421875,3,True,0.13671875;0.69921875;0.82421875,3,True,0.13671875;0.69921875;0.82421875,True,True,3,0
4366,5,age,25952,25953,128,3,True,0.13671875;0.69921875;0.82421875,3,True,0.13671875;0.69921875;0.82421875,3,True,0.13671875;0.69921875;0.82421875,True,True,3,0
4368,5,age,26015,26016,128,3,True,0.13671875;0.69921875;0.82421875,3,True,0.13671875;0.69921875;0.82421875,3,True,0.13671875;0.69921875;0.82421875,True,True,3,0
4370,5,age,26076,26077,128,3,True,0.07421875;0.69921875;0.76171875,3,True,0.07421875;0.69921875;0.76171875,3,True,0.07421875;0.69921875;0.76171875,True,True,3,0
4372,5,age,26078,26079,128,3,True,0.13671875;0.69921875;0.82421875,3,True,0.13671875;0.69921875;0.82421875,3,True,0.13671875;0.69921875;0.82421875,True,True,3,0
4374,5,age,26139,26140,128,3,True,0.07421875;0.69921875;0.97265625,3,True,0.07421875;0.69921875;0.97265625,3,True,0.07421875;0.69921875;0.97265625,True,True,3,0
4376,5,age,26141,26142,128,3,True,0.13671875;0.69921875;0.82421875,3,True,0.13671875;0.69921875;0.82421875,3,True,0.13671875;0.69921875;0.82421875,True,True,3,0
4377,5,age,26195,26194,128,3,True,0.12109375;0.30078125;0.92578125,3,True,0.12109375;0.30078125;0.92578125,3,True,0.12109375;0.30078125;0.92578125,True,True,3,0
4382,5,age,26204,26205,128,3,True,0.13671875;0.69921875;0.82421875,3,True,0.13671875;0.69921875;0.82421875,3,True,0.13671875;0.69921875;0.82421875,True,True,3,0
4384,5,age,26267,26268,128,3,True,0.13671875;0.69921875;0.82421875,3,True,0.13671875;0.69921875;0.82421875,3,True,0.13671875;0.69921875;0.82421875,True,True,3,0
4386,5,age,26330,26331,128,3,True,0.13671875;0.69921875;0.82421875,3,True,0.13671875;0.69921875;0.82421875,3,True,0.13671875;0.69921875;0.82421875,True,True,3,0
4388,5,age,26391,26392,128,3,True,0.07421875;0.69921875;0.76171875,3,True,0.07421875;0.69921875;0.76171875,3,True,0.07421875;0.69921875;0.76171875,True,True,3,0
4390,5,age,26393,26394,128,3,True,0.13671875;0.69921875;0.82421875,3,True,0.13671875;0.69921875;0.82421875,3,True,0.13671875;0.69921875;0.82421875,True,True,3,0
4392,5,age,26454,26455,128,3,True,0.07421875;0.69921875;0.97265625,3,True,0.07421875;0.69921875;0.97265625,3,True,0.07421875;0.69921875;0.97265625,True,True,3,0
4394,5,age,26456,26457,128,3,True,0.13671875;0.69921875;0.82421875,3,True,0.13671875;0.69921875;0.82421875,3,True,0.13671875;0.69921875;0.82421875,True,True,3,0
4395,5,age,26510,26509,128,3,True,0.12109375;0.30078125;0.92578125,3,True,0.12109375;0.30078125;0.92578125,3,True,0.12109375;0.30078125;0.92578125,True,True,3,0
4400,5,age,26519,26520,128,3,True,0.13671875;0.69921875;0.82421875,3,True,0.13671875;0.69921875;0.82421875,3,True,0.13671875;0.69921875;0.82421875,True,True,3,0
4402,5,age,26582,26583,128,3,True,0.13671875;0.69921875;0.82421875,3,True,0.13671875;0.69921875;0.82421875,3,True,0.13671875;0.69921875;0.82421875,True,True,3,0
4404,5,age,26645,26646,128,3,True,0.13671875;0.69921875;0.82421875,3,True,0.13671875;0.69921875;0.82421875,3,True,0.13671875;0.69921875;0.82421875,True,True,3,0
4406,5,age,26706,26707,128,3,True,0.07421875;0.69921875;0.76171875,3,True,0.07421875;0.69921875;0.76171875,3,True,0.07421875;0.69921875;0.76171875,True,True,3,0
4408,5,age,26708,26709,128,3,True,0.13671875;0.69921875;0.82421875,3,True,0.13671875;0.69921875;0.82421875,3,True,0.13671875;0.69921875;0.82421875,True,True,3,0
4410,5,age,26769,26770,128,3,True,0.07421875;0.69921875;0.97265625,3,True,0.07421875;0.69921875;0.97265625,3,True,0.07421875;0.69921875;0.97265625,True,True,3,0
4412,5,age,26771,26772,128,3,True,0.13671875;0.69921875;0.82421875,3,True,0.13671875;0.69921875;0.82421875,3,True,0.13671875;0.69921875;0.82421875,True,True,3,0
4413,5,age,26825,26824,128,3,True,0.12109375;0.30078125;0.92578125,3,True,0.12109375;0.30078125;0.92578125,3,True,0.12109375;0.30078125;0.92578125,True,True,3,0
4418,5,age,26834,26835,128,3,True,0.13671875;0.69921875;0.82421875,3,True,0.13671875;0.69921875;0.82421875,3,True,0.13671875;0.69921875;0.82421875,True,True,3,0
4420,5,age,26897,26898,128,3,True,0.13671875;0.69921875;0.82421875,3,True,0.13671875;0.69921875;0.82421875,3,True,0.13671875;0.69921875;0.82421875,True,True,3,0
4422,5,age,26960,26961,128,3,True,0.13671875;0.69921875;0.82421875,3,True,0.13671875;0.69921875;0.82421875,3,True,0.13671875;0.69921875;0.82421875,True,True,3,0
4424,5,age,27023,27024,128,3,True,0.13671875;0.69921875;0.82421875,3,True,0.13671875;0.69921875;0.82421875,3,True,0.13671875;0.69921875;0.82421875,True,True,3,0
4426,5,age,27086,27087,128,3,True,0.13671875;0.69921875;0.82421875,3,True,0.13671875;0.69921875;0.82421875,3,True,0.13671875;0.69921875;0.82421875,True,True,3,0
4427,5,age,27140,27139,128,3,True,0.12109375;0.30078125;0.92578125,3,True,0.12109375;0.30078125;0.92578125,3,True,0.12109375;0.30078125;0.92578125,True,True,3,0
4432,5,age,27149,27150,128,3,True,0.13671875;0.69921875;0.82421875,3,True,0.13671875;0.69921875;0.82421875,3,True,0.13671875;0.69921875;0.82421875,True,True,3,0
4434,5,age,27212,27213,128,3,True,0.13671875;0.69921875;0.82421875,3,True,0.13671875;0.69921875;0.82421875,3,True,0.13671875;0.69921875;0.82421875,True,True,3,0
4436,5,age,27275,27276,128,3,True,0.13671875;0.69921875;0.82421875,3,True,0.13671875;0.69921875;0.82421875,3,True,0.13671875;0.69921875;0.82421875,True,True,3,0
4438,5,age,27338,27339,128,3,True,0.13671875;0.69921875;0.82421875,3,True,0.13671875;0.69921875;0.82421875,3,True,0.13671875;0.69921875;0.82421875,True,True,3,0
4440,5,age,27401,27402,128,3,True,0.13671875;0.69921875;0.82421875,3,True,0.13671875;0.69921875;0.82421875,3,True,0.13671875;0.69921875;0.82421875,True,True,3,0
4441,5,age,27455,27454,128,3,True,0.12109375;0.30078125;0.92578125,3,True,0.12109375;0.30078125;0.92578125,3,True,0.12109375;0.30078125;0.92578125,True,True,3,0
4446,5,age,27464,27465,128,3,True,0.13671875;0.69921875;0.82421875,3,True,0.13671875;0.69921875;0.82421875,3,True,0.13671875;0.69921875;0.82421875,True,True,3,0
4448,5,age,27527,27528,128,3,True,0.13671875;0.69921875;0.82421875,3,True,0.13671875;0.69921875;0.82421875,3,True,0.13671875;0.69921875;0.82421875,True,True,3,0
4450,5,age,27590,27591,128,3,True,0.13671875;0.69921875;0.82421875,3,True,0.13671875;0.69921875;0.82421875,3,True,0.13671875;0.69921875;0.82421875,True,True,3,0
4452,5,age,27653,27654,128,3,True,0.13671875;0.69921875;0.82421875,3,True,0.13671875;0.69921875;0.82421875,3,True,0.13671875;0.69921875;0.82421875,True,True,3,0
4454,5,age,27716,27717,128,3,True,0.13671875;0.69921875;0.82421875,3,True,0.13671875;0.69921875;0.82421875,3,True,0.13671875;0.69921875;0.82421875,True,True,3,0
4455,5,age,27770,27769,128,3,True,0.12109375;0.30078125;0.92578125,3,True,0.12109375;0.30078125;0.92578125,3,True,0.12109375;0.30078125;0.92578125,True,True,3,0
4460,5,age,27779,27780,128,3,True,0.13671875;0.69921875;0.82421875,3,True,0.13671875;0.69921875;0.82421875,3,True,0.13671875;0.69921875;0.82421875,True,True,3,0
4462,5,age,27842,27843,128,3,True,0.13671875;0.69921875;0.82421875,3,True,0.13671875;0.69921875;0.82421875,3,True,0.13671875;0.69921875;0.82421875,True,True,3,0
4464,5,age,27905,27906,128,3,True,0.13671875;0.69921875;0.82421875,3,True,0.13671875;0.69921875;0.82421875,3,True,0.13671875;0.69921875;0.82421875,True,True,3,0
4466,5,age,27966,27967,128,3,True,0.07421875;0.69921875;0.76171875,3,True,0.07421875;0.69921875;0.76171875,3,True,0.07421875;0.69921875;0.76171875,True,True,3,0
4468,5,age,27968,27969,128,3,True,0.13671875;0.69921875;0.82421875,3,True,0.13671875;0.69921875;0.82421875,3,True,0.13671875;0.69921875;0.82421875,True,True,3,0
4470,5,age,28029,28030,128,3,True,0.07421875;0.69921875;0.97265625,3,True,0.07421875;0.69921875;0.97265625,3,True,0.07421875;0.69921875;0.97265625,True,True,3,0
4472,5,age,28031,28032,128,3,True,0.13671875;0.69921875;0.82421875,3,True,0.13671875;0.69921875;0.82421875,3,True,0.13671875;0.69921875;0.82421875,True,True,3,0
4473,5,age,28085,28084,128,3,True,0.12109375;0.30078125;0.92578125,3,True,0.12109375;0.30078125;0.92578125,3,True,0.12109375;0.30078125;0.92578125,True,True,3,0
4478,5,age,28094,28095,128,3,True,0.13671875;0.69921875;0.82421875,3,True,0.13671875;0.69921875;0.82421875,3,True,0.13671875;0.69921875;0.82421875,True,True,3,0
4480,5,age,28157,28158,128,3,True,0.13671875;0.69921875;0.82421875,3,True,0.13671875;0.69921875;0.82421875,3,True,0.13671875;0.69921875;0.82421875,True,True,3,0
4482,5,age,28220,28221,128,3,True,0.13671875;0.69921875;0.82421875,3,True,0.13671875;0.69921875;0.82421875,3,True,0.13671875;0.69921875;0.82421875,True,True,3,0
4484,5,age,28281,28282,128,3,True,0.07421875;0.69921875;0.76171875,3,True,0.07421875;0.69921875;0.76171875,3,True,0.07421875;0.69921875;0.76171875,True,True,3,0
4486,5,age,28283,28284,128,3,True,0.13671875;0.69921875;0.82421875,3,True,0.13671875;0.69921875;0.82421875,3,True,0.13671875;0.69921875;0.82421875,True,True,3,0
4488,5,age,28344,28345,128,3,True,0.07421875;0.69921875;0.97265625,3,True,0.07421875;0.69921875;0.97265625,3,True,0.07421875;0.69921875;0.97265625,True,True,3,0
4490,5,age,28346,28347,128,3,True,0.13671875;0.69921875;0.82421875,3,True,0.13671875;0.69921875;0.82421875,3,True,0.13671875;0.69921875;0.82421875,True,True,3,0
4491,5,age,29345,29344,128,3,True,0.12109375;0.30078125;0.92578125,3,True,0.12109375;0.30078125;0.92578125,3,True,0.12109375;0.30078125;0.92578125,True,True,3,0
4496,5,age,29354,29355,128,3,True,0.13671875;0.69921875;0.82421875,3,True,0.13671875;0.69921875;0.82421875,3,True,0.13671875;0.69921875;0.82421875,True,True,3,0
4498,5,age,29417,29418,128,3,True,0.13671875;0.69921875;0.82421875,3,True,0.13671875;0.69921875;0.82421875,3,True,0.13671875;0.69921875;0.82421875,True,True,3,0
4500,5,age,29480,29481,128,3,True,0.13671875;0.69921875;0.82421875,3,True,0.13671875;0.69921875;0.82421875,3,True,0.13671875;0.69921875;0.82421875,True,True,3,0
4502,5,age,29541,29542,128,3,True,0.07421875;0.69921875;0.76171875,3,True,0.07421875;0.69921875;0.76171875,3,True,0.07421875;0.69921875;0.76171875,True,True,3,0
4504,5,age,29543,29544,128,3,True,0.13671875;0.69921875;0.82421875,3,True,0.13671875;0.69921875;0.82421875,3,True,0.13671875;0.69921875;0.82421875,True,True,3,0
4506,5,age,29604,29605,128,3,True,0.07421875;0.69921875;0.97265625,3,True,0.07421875;0.69921875;0.97265625,3,True,0.07421875;0.69921875;0.97265625,True,True,3,0
4508,5,age,29606,29607,128,3,True,0.13671875;0.69921875;0.82421875,3,True,0.13671875;0.69921875;0.82421875,3,True,0.13671875;0.69921875;0.82421875,True,True,3,0
4509,5,age,29660,29659,128,3,True,0.12109375;0.30078125;0.92578125,3,True,0.12109375;0.30078125;0.92578125,3,True,0.12109375;0.30078125;0.92578125,True,True,3,0
4514,5,age,29669,29670,128,3,True,0.13671875;0.69921875;0.82421875,3,True,0.13671875;0.69921875;0.82421875,3,True,0.13671875;0.69921875;0.82421875,True,True,3,0
4516,5,age,29732,29733,128,3,True,0.13671875;0.69921875;0.82421875,3,True,0.13671875;0.69921875;0.82421875,3,True,0.13671875;0.69921875;0.82421875,True,True,3,0
4518,5,age,29795,29796,128,3,True,0.13671875;0.69921875;0.82421875,3,True,0.13671875;0.69921875;0.82421875,3,True,0.13671875;0.69921875;0.82421875,True,True,3,0
4520,5,age,29856,29857,128,3,True,0.07421875;0.69921875;0.76171875,3,True,0.07421875;0.69921875;0.76171875,3,True,0.07421875;0.69921875;0.76171875,True,True,3,0
4522,5,age,29858,29859,128,3,True,0.13671875;0.69921875;0.82421875,3,True,0.13671875;0.69921875;0.82421875,3,True,0.13671875;0.69921875;0.82421875,True,True,3,0
4524,5,age,29919,29920,128,3,True,0.07421875;0.69921875;0.97265625,3,True,0.07421875;0.69921875;0.97265625,3,True,0.07421875;0.69921875;0.97265625,True,True,3,0
4526,5,age,29921,29922,128,3,True,0.13671875;0.69921875;0.82421875,3,True,0.13671875;0.69921875;0.82421875,3,True,0.13671875;0.69921875;0.82421875,True,True,3,0
4527,5,age,30920,30919,128,3,True,0.12109375;0.30078125;0.92578125,3,True,0.12109375;0.30078125;0.92578125,3,True,0.12109375;0.30078125;0.92578125,True,True,3,0
4532,5,age,30929,30930,128,3,True,0.13671875;0.69921875;0.82421875,3,True,0.13671875;0.69921875;0.82421875,3,True,0.13671875;0.69921875;0.82421875,True,True,3,0
4534,5,age,30992,30993,128,3,True,0.13671875;0.69921875;0.82421875,3,True,0.13671875;0.69921875;0.82421875,3,True,0.13671875;0.69921875;0.82421875,True,True,3,0
4536,5,age,31055,31056,128,3,True,0.13671875;0.69921875;0.82421875,3,True,0.13671875;0.69921875;0.82421875,3,True,0.13671875;0.69921875;0.82421875,True,True,3,0
4538,5,age,31118,31119,128,3,True,0.13671875;0.69921875;0.82421875,3,True,0.13671875;0.69921875;0.82421875,3,True,0.13671875;0.69921875;0.82421875,True,True,3,0
4540,5,age,31181,31182,128,3,True,0.13671875;0.69921875;0.82421875,3,True,0.13671875;0.69921875;0.82421875,3,True,0.13671875;0.69921875;0.82421875,True,True,3,0
4541,5,age,31235,31234,128,3,True,0.12109375;0.30078125;0.92578125,3,True,0.12109375;0.30078125;0.92578125,3,True,0.12109375;0.30078125;0.92578125,True,True,3,0
4546,5,age,31244,31245,128,3,True,0.13671875;0.69921875;0.82421875,3,True,0.13671875;0.69921875;0.82421875,3,True,0.13671875;0.69921875;0.82421875,True,True,3,0
4548,5,age,31307,31308,128,3,True,0.13671875;0.69921875;0.82421875,3,True,0.13671875;0.69921875;0.82421875,3,True,0.13671875;0.69921875;0.82421875,True,True,3,0
4550,5,age,31370,31371,128,3,True,0.13671875;0.69921875;0.82421875,3,True,0.13671875;0.69921875;0.82421875,3,True,0.13671875;0.69921875;0.82421875,True,True,3,0
4552,5,age,31433,31434,128,3,True,0.13671875;0.69921875;0.82421875,3,True,0.13671875;0.69921875;0.82421875,3,True,0.13671875;0.69921875;0.82421875,True,True,3,0
4554,5,age,31496,31497,128,3,True,0.13671875;0.69921875;0.82421875,3,True,0.13671875;0.69921875;0.82421875,3,True,0.13671875;0.69921875;0.82421875,True,True,3,0
4556,5,age,42771,42772,128,3,True,0.07421875;0.69921875;0.76171875,3,True,0.07421875;0.69921875;0.76171875,3,True,0.07421875;0.69921875;0.76171875,True,True,3,0
4558,5,age,42834,42835,128,3,True,0.07421875;0.69921875;0.97265625,3,True,0.07421875;0.69921875;0.97265625,3,True,0.07421875;0.69921875;0.97265625,True,True,3,0
4560,5,age,43086,43087,128,3,True,0.07421875;0.69921875;0.76171875,3,True,0.07421875;0.69921875;0.76171875,3,True,0.07421875;0.69921875;0.76171875,True,True,3,0
4562,5,age,43149,43150,128,3,True,0.07421875;0.69921875;0.97265625,3,True,0.07421875;0.69921875;0.97265625,3,True,0.07421875;0.69921875;0.97265625,True,True,3,0
4564,5,age,43401,43402,128,3,True,0.07421875;0.69921875;0.76171875,3,True,0.07421875;0.69921875;0.76171875,3,True,0.07421875;0.69921875;0.76171875,True,True,3,0
4566,5,age,43464,43465,128,3,True,0.07421875;0.69921875;0.97265625,3,True,0.07421875;0.69921875;0.97265625,3,True,0.07421875;0.69921875;0.97265625,True,True,3,0
4568,5,age,43716,43717,128,3,True,0.07421875;0.69921875;0.76171875,3,True,0.07421875;0.69921875;0.76171875,3,True,0.07421875;0.69921875;0.76171875,True,True,3,0
4570,5,age,43779,43780,128,3,True,0.07421875;0.69921875;0.97265625,3,True,0.07421875;0.69921875;0.97265625,3,True,0.07421875;0.69921875;0.97265625,True,True,3,0
4572,5,age,44031,44032,128,3,True,0.07421875;0.69921875;0.76171875,3,True,0.07421875;0.69921875;0.76171875,3,True,0.07421875;0.69921875;0.76171875,True,True,3,0
4574,5,age,44094,44095,128,3,True,0.07421875;0.69921875;0.97265625,3,True,0.07421875;0.69921875;0.97265625,3,True,0.07421875;0.69921875;0.97265625,True,True,3,0
4575,5,age,44150,44149,128,3,True,0.12109375;0.30078125;0.92578125,3,True,0.12109375;0.30078125;0.92578125,3,True,0.12109375;0.30078125;0.92578125,True,True,3,0
4580,5,age,44159,44160,128,3,True,0.13671875;0.69921875;0.82421875,3,True,0.13671875;0.69921875;0.82421875,3,True,0.13671875;0.69921875;0.82421875,True,True,3,0
4582,5,age,44222,44223,128,3,True,0.13671875;0.69921875;0.82421875,3,True,0.13671875;0.69921875;0.82421875,3,True,0.13671875;0.69921875;0.82421875,True,True,3,0
4584,5,age,44285,44286,128,3,True,0.13671875;0.69921875;0.82421875,3,True,0.13671875;0.69921875;0.82421875,3,True,0.13671875;0.69921875;0.82421875,True,True,3,0
4586,5,age,44346,44347,128,3,True,0.07421875;0.69921875;0.76171875,3,True,0.07421875;0.69921875;0.76171875,3,True,0.07421875;0.69921875;0.76171875,True,True,3,0
4588,5,age,44348,44349,128,3,True,0.13671875;0.69921875;0.82421875,3,True,0.13671875;0.69921875;0.82421875,3,True,0.13671875;0.69921875;0.82421875,True,True,3,0
4590,5,age,44409,44410,128,3,True,0.07421875;0.69921875;0.97265625,3,True,0.07421875;0.69921875;0.97265625,3,True,0.07421875;0.69921875;0.97265625,True,True,3,0
4592,5,age,44411,44412,128,3,True,0.13671875;0.69921875;0.82421875,3,True,0.13671875;0.69921875;0.82421875,3,True,0.13671875;0.69921875;0.82421875,True,True,3,0
4593,5,age,44465,44464,128,3,True,0.12109375;0.30078125;0.92578125,3,True,0.12109375;0.30078125;0.92578125,3,True,0.12109375;0.30078125;0.92578125,True,True,3,0
4598,5,age,44474,44475,128,3,True,0.13671875;0.69921875;0.82421875,3,True,0.13671875;0.69921875;0.82421875,3,True,0.13671875;0.69921875;0.82421875,True,True,3,0
4600,5,age,44537,44538,128,3,True,0.13671875;0.69921875;0.82421875,3,True,0.13671875;0.69921875;0.82421875,3,True,0.13671875;0.69921875;0.82421875,True,True,3,0
4602,5,age,44600,44601,128,3,True,0.13671875;0.69921875;0.82421875,3,True,0.13671875;0.69921875;0.82421875,3,True,0.13671875;0.69921875;0.82421875,True,True,3,0
4604,5,age,44661,44662,128,3,True,0.07421875;0.69921875;0.76171875,3,True,0.07421875;0.69921875;0.76171875,3,True,0.07421875;0.69921875;0.76171875,True,True,3,0
4606,5,age,44663,44664,128,3,True,0.13671875;0.69921875;0.82421875,3,True,0.13671875;0.69921875;0.82421875,3,True,0.13671875;0.69921875;0.82421875,True,True,3,0
4608,5,age,44724,44725,128,3,True,0.07421875;0.69921875;0.97265625,3,True,0.07421875;0.69921875;0.97265625,3,True,0.07421875;0.69921875;0.97265625,True,True,3,0
4610,5,age,44726,44727,128,3,True,0.13671875;0.69921875;0.82421875,3,True,0.13671875;0.69921875;0.82421875,3,True,0.13671875;0.69921875;0.82421875,True,True,3,0
4611,5,age,44780,44779,128,3,True,0.12109375;0.30078125;0.92578125,3,True,0.12109375;0.30078125;0.92578125,3,True,0.12109375;0.30078125;0.92578125,True,True,3,0
4616,5,age,44789,44790,128,3,True,0.13671875;0.69921875;0.82421875,3,True,0.13671875;0.69921875;0.82421875,3,True,0.13671875;0.69921875;0.82421875,True,True,3,0
4618,5,age,44852,44853,128,3,True,0.13671875;0.69921875;0.82421875,3,True,0.13671875;0.69921875;0.82421875,3,True,0.13671875;0.69921875;0.82421875,True,True,3,0
4620,5,age,44915,44916,128,3,True,0.13671875;0.69921875;0.82421875,3,True,0.13671875;0.69921875;0.82421875,3,True,0.13671875;0.69921875;0.82421875,True,True,3,0
4622,5,age,44976,44977,128,3,True,0.07421875;0.69921875;0.76171875,3,True,0.07421875;0.69921875;0.76171875,3,True,0.07421875;0.69921875;0.76171875,True,True,3,0
4624,5,age,44978,44979,128,3,True,0.13671875;0.69921875;0.82421875,3,True,0.13671875;0.69921875;0.82421875,3,True,0.13671875;0.69921875;0.82421875,True,True,3,0
4626,5,age,45039,45040,128,3,True,0.07421875;0.69921875;0.97265625,3,True,0.07421875;0.69921875;0.97265625,3,True,0.07421875;0.69921875;0.97265625,True,True,3,0
4628,5,age,45041,45042,128,3,True,0.13671875;0.69921875;0.82421875,3,True,0.13671875;0.69921875;0.82421875,3,True,0.13671875;0.69921875;0.82421875,True,True,3,0
4629,5,age,45095,45094,128,3,True,0.12109375;0.30078125;0.92578125,3,True,0.12109375;0.30078125;0.92578125,3,True,0.12109375;0.30078125;0.92578125,True,True,3,0
4634,5,age,45104,45105,128,3,True,0.13671875;0.69921875;0.82421875,3,True,0.13671875;0.69921875;0.82421875,3,True,0.13671875;0.69921875;0.82421875,True,True,3,0
4636,5,age,45167,45168,128,3,True,0.13671875;0.69921875;0.82421875,3,True,0.13671875;0.69921875;0.82421875,3,True,0.13671875;0.69921875;0.82421875,True,True,3,0
4638,5,age,45230,45231,128,3,True,0.13671875;0.69921875;0.82421875,3,True,0.13671875;0.69921875;0.82421875,3,True,0.13671875;0.69921875;0.82421875,True,True,3,0
4640,5,age,45291,45292,128,3,True,0.07421875;0.69921875;0.76171875,3,True,0.07421875;0.69921875;0.76171875,3,True,0.07421875;0.69921875;0.76171875,True,True,3,0
4642,5,age,45293,45294,128,3,True,0.13671875;0.69921875;0.82421875,3,True,0.13671875;0.69921875;0.82421875,3,True,0.13671875;0.69921875;0.82421875,True,True,3,0
4644,5,age,45354,45355,128,3,True,0.07421875;0.69921875;0.97265625,3,True,0.07421875;0.69921875;0.97265625,3,True,0.07421875;0.69921875;0.97265625,True,True,3,0
4646,5,age,45356,45357,128,3,True,0.13671875;0.69921875;0.82421875,3,True,0.13671875;0.69921875;0.82421875,3,True,0.13671875;0.69921875;0.82421875,True,True,3,0
4647,5,age,45410,45409,128,3,True,0.12109375;0.30078125;0.92578125,3,True,0.12109375;0.30078125;0.92578125,3,True,0.12109375;0.30078125;0.92578125,True,True,3,0
4652,5,age,45419,45420,128,3,True,0.13671875;0.69921875;0.82421875,3,True,0.13671875;0.69921875;0.82421875,3,True,0.13671875;0.69921875;0.82421875,True,True,3,0
4654,5,age,45482,45483,128,3,True,0.13671875;0.69921875;0.82421875,3,True,0.13671875;0.69921875;0.82421875,3,True,0.13671875;0.69921875;0.82421875,True,True,3,0
4656,5,age,45545,45546,128,3,True,0.13671875;0.69921875;0.82421875,3,True,0.13671875;0.69921875;0.82421875,3,True,0.13671875;0.69921875;0.82421875,True,True,3,0
4658,5,age,45606,45607,128,3,True,0.07421875;0.69921875;0.76171875,3,True,0.07421875;0.69921875;0.76171875,3,True,0.07421875;0.69921875;0.76171875,True,True,3,0
4660,5,age,45608,45609,128,3,True,0.13671875;0.69921875;0.82421875,3,True,0.13671875;0.69921875;0.82421875,3,True,0.13671875;0.69921875;0.82421875,True,True,3,0
4662,5,age,45669,45670,128,3,True,0.07421875;0.69921875;0.97265625,3,True,0.07421875;0.69921875;0.97265625,3,True,0.07421875;0.69921875;0.97265625,True,True,3,0
4664,5,age,45671,45672,128,3,True,0.13671875;0.69921875;0.82421875,3,True,0.13671875;0.69921875;0.82421875,3,True,0.13671875;0.69921875;0.82421875,True,True,3,0
4665,5,age,45725,45724,128,3,True,0.12109375;0.30078125;0.92578125,3,True,0.12109375;0.30078125;0.92578125,3,True,0.12109375;0.30078125;0.92578125,True,True,3,0
4670,5,age,45734,45735,128,3,True,0.13671875;0.69921875;0.82421875,3,True,0.13671875;0.69921875;0.82421875,3,True,0.13671875;0.69921875;0.82421875,True,True,3,0
4672,5,age,45797,45798,128,3,True,0.13671875;0.69921875;0.82421875,3,True,0.13671875;0.69921875;0.82421875,3,True,0.13671875;0.69921875;0.82421875,True,True,3,0
4674,5,age,45860,45861,128,3,True,0.13671875;0.69921875;0.82421875,3,True,0.13671875;0.69921875;0.82421875,3,True,0.13671875;0.69921875;0.82421875,True,True,3,0
4676,5,age,45921,45922,128,3,True,0.07421875;0.69921875;0.76171875,3,True,0.07421875;0.69921875;0.76171875,3,True,0.07421875;0.69921875;0.76171875,True,True,3,0
4678,5,age,45923,45924,128,3,True,0.13671875;0.69921875;0.82421875,3,True,0.13671875;0.69921875;0.82421875,3,True,0.13671875;0.69921875;0.82421875,True,True,3,0
4680,5,age,45984,45985,128,3,True,0.07421875;0.69921875;0.97265625,3,True,0.07421875;0.69921875;0.97265625,3,True,0.07421875;0.69921875;0.97265625,True,True,3,0
4682,5,age,45986,45987,128,3,True,0.13671875;0.69921875;0.82421875,3,True,0.13671875;0.69921875;0.82421875,3,True,0.13671875;0.69921875;0.82421875,True,True,3,0
4683,5,age,46040,46039,128,3,True,0.12109375;0.30078125;0.92578125,3,True,0.12109375;0.30078125;0.92578125,3,True,0.12109375;0.30078125;0.92578125,True,True,3,0
4688,5,age,46049,46050,128,3,True,0.13671875;0.69921875;0.82421875,3,True,0.13671875;0.69921875;0.82421875,3,True,0.13671875;0.69921875;0.82421875,True,True,3,0
4690,5,age,46112,46113,128,3,True,0.13671875;0.69921875;0.82421875,3,True,0.13671875;0.69921875;0.82421875,3,True,0.13671875;0.69921875;0.82421875,True,True,3,0
4692,5,age,46175,46176,128,3,True,0.13671875;0.69921875;0.82421875,3,True,0.13671875;0.69921875;0.82421875,3,True,0.13671875;0.69921875;0.82421875,True,True,3,0
4694,5,age,46236,46237,128,3,True,0.07421875;0.69921875;0.76171875,3,True,0.07421875;0.69921875;0.76171875,3,True,0.07421875;0.69921875;0.76171875,True,True,3,0
4696,5,age,46238,46239,128,3,True,0.13671875;0.69921875;0.82421875,3,True,0.13671875;0.69921875;0.82421875,3,True,0.13671875;0.69921875;0.82421875,True,True,3,0
4698,5,age,46299,46300,128,3,True,0.07421875;0.69921875;0.97265625,3,True,0.07421875;0.69921875;0.97265625,3,True,0.07421875;0.69921875;0.97265625,True,True,3,0
4700,5,age,46301,46302,128,3,True,0.13671875;0.69921875;0.82421875,3,True,0.13671875;0.69921875;0.82421875,3,True,0.13671875;0.69921875;0.82421875,True,True,3,0
4701,5,age,46355,46354,128,3,True,0.12109375;0.30078125;0.92578125,3,True,0.12109375;0.30078125;0.92578125,3,True,0.12109375;0.30078125;0.92578125,True,True,3,0
4706,5,age,46364,46365,128,3,True,0.13671875;0.69921875;0.82421875,3,True,0.13671875;0.69921875;0.82421875,3,True,0.13671875;0.69921875;0.82421875,True,True,3,0
4708,5,age,46427,46428,128,3,True,0.13671875;0.69921875;0.82421875,3,True,0.13671875;0.69921875;0.82421875,3,True,0.13671875;0.69921875;0.82421875,True,True,3,0
4710,5,age,46490,46491,128,3,True,0.13671875;0.69921875;0.82421875,3,True,0.13671875;0.69921875;0.82421875,3,True,0.13671875;0.69921875;0.82421875,True,True,3,0
4712,5,age,46551,46552,128,3,True,0.07421875;0.69921875;0.76171875,3,True,0.07421875;0.69921875;0.76171875,3,True,0.07421875;0.69921875;0.76171875,True,True,3,0
4714,5,age,46553,46554,128,3,True,0.13671875;0.69921875;0.82421875,3,True,0.13671875;0.69921875;0.82421875,3,True,0.13671875;0.69921875;0.82421875,True,True,3,0
4716,5,age,46614,46615,128,3,True,0.07421875;0.69921875;0.97265625,3,True,0.07421875;0.69921875;0.97265625,3,True,0.07421875;0.69921875;0.97265625,True,True,3,0
4718,5,age,46616,46617,128,3,True,0.13671875;0.69921875;0.82421875,3,True,0.13671875;0.69921875;0.82421875,3,True,0.13671875;0.69921875;0.82421875,True,True,3,0
4719,5,age,46670,46669,128,3,True,0.12109375;0.30078125;0.92578125,3,True,0.12109375;0.30078125;0.92578125,3,True,0.12109375;0.30078125;0.92578125,True,True,3,0
4724,5,age,46679,46680,128,3,True,0.13671875;0.69921875;0.82421875,3,True,0.13671875;0.69921875;0.82421875,3,True,0.13671875;0.69921875;0.82421875,True,True,3,0
4726,5,age,46742,46743,128,3,True,0.13671875;0.69921875;0.82421875,3,True,0.13671875;0.69921875;0.82421875,3,True,0.13671875;0.69921875;0.82421875,True,True,3,0
4728,5,age,46805,46806,128,3,True,0.13671875;0.69921875;0.82421875,3,True,0.13671875;0.69921875;0.82421875,3,True,0.13671875;0.69921875;0.82421875,True,True,3,0
4730,5,age,46866,46867,128,3,True,0.07421875;0.69921875;0.76171875,3,True,0.07421875;0.69921875;0.76171875,3,True,0.07421875;0.69921875;0.76171875,True,True,3,0
4732,5,age,46868,46869,128,3,True,0.13671875;0.69921875;0.82421875,3,True,0.13671875;0.69921875;0.82421875,3,True,0.13671875;0.69921875;0.82421875,True,True,3,0
4734,5,age,46929,46930,128,3,True,0.07421875;0.69921875;0.97265625,3,True,0.07421875;0.69921875;0.97265625,3,True,0.07421875;0.69921875;0.97265625,True,True,3,0
4736,5,age,46931,46932,128,3,True,0.13671875;0.69921875;0.82421875,3,True,0.13671875;0.69921875;0.82421875,3,True,0.13671875;0.69921875;0.82421875,True,True,3,0
4737,5,age,46985,46984,128,3,True,0.12109375;0.30078125;0.92578125,3,True,0.12109375;0.30078125;0.92578125,3,True,0.12109375;0.30078125;0.92578125,True,True,3,0
4742,5,age,46994,46995,128,3,True,0.13671875;0.69921875;0.82421875,3,True,0.13671875;0.69921875;0.82421875,3,True,0.13671875;0.69921875;0.82421875,True,True,3,0
4744,5,age,47057,47058,128,3,True,0.13671875;0.69921875;0.82421875,3,True,0.13671875;0.69921875;0.82421875,3,True,0.13671875;0.69921875;0.82421875,True,True,3,0
4746,5,age,47120,47121,128,3,True,0.13671875;0.69921875;0.82421875,3,True,0.13671875;0.69921875;0.82421875,3,True,0.13671875;0.69921875;0.82421875,True,True,3,0
4748,5,age,47181,47182,128,3,True,0.07421875;0.69921875;0.76171875,3,True,0.07421875;0.69921875;0.76171875,3,True,0.07421875;0.69921875;0.76171875,True,True,3,0
4750,5,age,47183,47184,128,3,True,0.13671875;0.69921875;0.82421875,3,True,0.13671875;0.69921875;0.82421875,3,True,0.13671875;0.69921875;0.82421875,True,True,3,0
4752,5,age,47244,47245,128,3,True,0.07421875;0.69921875;0.97265625,3,True,0.07421875;0.69921875;0.97265625,3,True,0.07421875;0.69921875;0.97265625,True,True,3,0
4754,5,age,47246,47247,128,3,True,0.13671875;0.69921875;0.82421875,3,True,0.13671875;0.69921875;0.82421875,3,True,0.13671875;0.69921875;0.82421875,True,True,3,0
4755,5,age,47300,47299,128,3,True,0.12109375;0.30078125;0.92578125,3,True,0.12109375;0.30078125;0.92578125,3,True,0.12109375;0.30078125;0.92578125,True,True,3,0
4760,5,age,47309,47310,128,3,True,0.13671875;0.69921875;0.82421875,3,True,0.13671875;0.69921875;0.82421875,3,True,0.13671875;0.69921875;0.82421875,True,True,3,0
4762,5,age,47372,47373,128,3,True,0.13671875;0.69921875;0.82421875,3,True,0.13671875;0.69921875;0.82421875,3,True,0.13671875;0.69921875;0.82421875,True,True,3,0
4764,5,age,47435,47436,128,3,True,0.13671875;0.69921875;0.82421875,3,True,0.13671875;0.69921875;0.82421875,3,True,0.13671875;0.69921875;0.82421875,True,True,3,0
4766,5,age,47496,47497,128,3,True,0.07421875;0.69921875;0.76171875,3,True,0.07421875;0.69921875;0.76171875,3,True,0.07421875;0.69921875;0.76171875,True,True,3,0
4768,5,age,47498,47499,128,3,True,0.13671875;0.69921875;0.82421875,3,True,0.13671875;0.69921875;0.82421875,3,True,0.13671875;0.69921875;0.82421875,True,True,3,0
4770,5,age,47559,47560,128,3,True,0.07421875;0.69921875;0.97265625,3,True,0.07421875;0.69921875;0.97265625,3,True,0.07421875;0.69921875;0.97265625,True,True,3,0
4772,5,age,47561,47562,128,3,True,0.13671875;0.69921875;0.82421875,3,True,0.13671875;0.69921875;0.82421875,3,True,0.13671875;0.69921875;0.82421875,True,True,3,0
4773,5,age,47615,47614,128,3,True,0.12109375;0.30078125;0.92578125,3,True,0.12109375;0.30078125;0.92578125,3,True,0.12109375;0.30078125;0.92578125,True,True,3,0
4778,5,age,47624,47625,128,3,True,0.13671875;0.69921875;0.82421875,3,True,0.13671875;0.69921875;0.82421875,3,True,0.13671875;0.69921875;0.82421875,True,True,3,0
4780,5,age,47687,47688,128,3,True,0.13671875;0.69921875;0.82421875,3,True,0.13671875;0.69921875;0.82421875,3,True,0.13671875;0.69921875;0.82421875,True,True,3,0
4782,5,age,47750,47751,128,3,True,0.13671875;0.69921875;0.82421875,3,True,0.13671875;0.69921875;0.82421875,3,True,0.13671875;0.69921875;0.82421875,True,True,3,0
4784,5,age,47811,47812,128,3,True,0.07421875;0.69921875;0.76171875,3,True,0.07421875;0.69921875;0.76171875,3,True,0.07421875;0.69921875;0.76171875,True,True,3,0
4786,5,age,47813,47814,128,3,True,0.13671875;0.69921875;0.82421875,3,True,0.13671875;0.69921875;0.82421875,3,True,0.13671875;0.69921875;0.82421875,True,True,3,0
4788,5,age,47874,47875,128,3,True,0.07421875;0.69921875;0.97265625,3,True,0.07421875;0.69921875;0.97265625,3,True,0.07421875;0.69921875;0.97265625,True,True,3,0
4790,5,age,47876,47877,128,3,True,0.13671875;0.69921875;0.82421875,3,True,0.13671875;0.69921875;0.82421875,3,True,0.13671875;0.69921875;0.82421875,True,True,3,0
4791,5,age,47930,47929,128,3,True,0.12109375;0.30078125;0.92578125,3,True,0.12109375;0.30078125;0.92578125,3,True,0.12109375;0.30078125;0.92578125,True,True,3,0
4796,5,age,47939,47940,128,3,True,0.13671875;0.69921875;0.82421875,3,True,0.13671875;0.69921875;0.82421875,3,True,0.13671875;0.69921875;0.82421875,True,True,3,0
4798,5,age,48002,48003,128,3,True,0.13671875;0.69921875;0.82421875,3,True,0.13671875;0.69921875;0.82421875,3,True,0.13671875;0.69921875;0.82421875,True,True,3,0
4800,5,age,48065,48066,128,3,True,0.13671875;0.69921875;0.82421875,3,True,0.13671875;0.69921875;0.82421875,3,True,0.13671875;0.69921875;0.82421875,True,True,3,0
4802,5,age,48126,48127,128,3,True,0.07421875;0.69921875;0.76171875,3,True,0.07421875;0.69921875;0.76171875,3,True,0.07421875;0.69921875;0.76171875,True,True,3,0
4804,5,age,48128,48129,128,3,True,0.13671875;0.69921875;0.82421875,3,True,0.13671875;0.69921875;0.82421875,3,True,0.13671875;0.69921875;0.82421875,True,True,3,0
4806,5,age,48189,48190,128,3,True,0.07421875;0.69921875;0.97265625,3,True,0.07421875;0.69921875;0.97265625,3,True,0.07421875;0.69921875;0.97265625,True,True,3,0
4808,5,age,48191,48192,128,3,True,0.13671875;0.69921875;0.82421875,3,True,0.13671875;0.69921875;0.82421875,3,True,0.13671875;0.69921875;0.82421875,True,True,3,0
4809,5,age,48245,48244,128,3,True,0.12109375;0.30078125;0.92578125,3,True,0.12109375;0.30078125;0.92578125,3,True,0.12109375;0.30078125;0.92578125,True,True,3,0
4814,5,age,48254,48255,128,3,True,0.13671875;0.69921875;0.82421875,3,True,0.13671875;0.69921875;0.82421875,3,True,0.13671875;0.69921875;0.82421875,True,True,3,0
4816,5,age,48317,48318,128,3,True,0.13671875;0.69921875;0.82421875,3,True,0.13671875;0.69921875;0.82421875,3,True,0.13671875;0.69921875;0.82421875,True,True,3,0
4818,5,age,48380,48381,128,3,True,0.13671875;0.69921875;0.82421875,3,True,0.13671875;0.69921875;0.82421875,3,True,0.13671875;0.69921875;0.82421875,True,True,3,0
4820,5,age,48441,48442,128,3,True,0.07421875;0.69921875;0.76171875,3,True,0.07421875;0.69921875;0.76171875,3,True,0.07421875;0.69921875;0.76171875,True,True,3,0
4822,5,age,48443,48444,128,3,True,0.13671875;0.69921875;0.82421875,3,True,0.13671875;0.69921875;0.82421875,3,True,0.13671875;0.69921875;0.82421875,True,True,3,0
4824,5,age,48504,48505,128,3,True,0.07421875;0.69921875;0.97265625,3,True,0.07421875;0.69921875;0.97265625,3,True,0.07421875;0.69921875;0.97265625,True,True,3,0
4826,5,age,48506,48507,128,3,True,0.13671875;0.69921875;0.82421875,3,True,0.13671875;0.69921875;0.82421875,3,True,0.13671875;0.69921875;0.82421875,True,True,3,0
4827,5,age,48560,48559,128,3,True,0.12109375;0.30078125;0.92578125,3,True,0.12109375;0.30078125;0.92578125,3,True,0.12109375;0.30078125;0.92578125,True,True,3,0
4832,5,age,48569,48570,128,3,True,0.13671875;0.69921875;0.82421875,3,True,0.13671875;0.69921875;0.82421875,3,True,0.13671875;0.69921875;0.82421875,True,True,3,0
4834,5,age,48632,48633,128,3,True,0.13671875;0.69921875;0.82421875,3,True,0.13671875;0.69921875;0.82421875,3,True,0.13671875;0.69921875;0.82421875,True,True,3,0
4836,5,age,48695,48696,128,3,True,0.13671875;0.69921875;0.82421875,3,True,0.13671875;0.69921875;0.82421875,3,True,0.13671875;0.69921875;0.82421875,True,True,3,0
4838,5,age,48756,48757,128,3,True,0.07421875;0.69921875;0.76171875,3,True,0.07421875;0.69921875;0.76171875,3,True,0.07421875;0.69921875;0.76171875,True,True,3,0
4840,5,age,48758,48759,128,3,True,0.13671875;0.69921875;0.82421875,3,True,0.13671875;0.69921875;0.82421875,3,True,0.13671875;0.69921875;0.82421875,True,True,3,0
4842,5,age,48819,48820,128,3,True,0.07421875;0.69921875;0.97265625,3,True,0.07421875;0.69921875;0.97265625,3,True,0.07421875;0.69921875;0.97265625,True,True,3,0
4844,5,age,48821,48822,128,3,True,0.13671875;0.69921875;0.82421875,3,True,0.13671875;0.69921875;0.82421875,3,True,0.13671875;0.69921875;0.82421875,True,True,3,0
4845,5,age,48875,48874,128,3,True,0.12109375;0.30078125;0.92578125,3,True,0.12109375;0.30078125;0.92578125,3,True,0.12109375;0.30078125;0.92578125,True,True,3,0
4850,5,age,48884,48885,128,3,True,0.13671875;0.69921875;0.82421875,3,True,0.13671875;0.69921875;0.82421875,3,True,0.13671875;0.69921875;0.82421875,True,True,3,0
4852,5,age,48947,48948,128,3,True,0.13671875;0.69921875;0.82421875,3,True,0.13671875;0.69921875;0.82421875,3,True,0.13671875;0.69921875;0.82421875,True,True,3,0
4854,5,age,49010,49011,128,3,True,0.13671875;0.69921875;0.82421875,3,True,0.13671875;0.69921875;0.82421875,3,True,0.13671875;0.69921875;0.82421875,True,True,3,0
4856,5,age,49071,49072,128,3,True,0.07421875;0.69921875;0.76171875,3,True,0.07421875;0.69921875;0.76171875,3,True,0.07421875;0.69921875;0.76171875,True,True,3,0
4858,5,age,49073,49074,128,3,True,0.13671875;0.69921875;0.82421875,3,True,0.13671875;0.69921875;0.82421875,3,True,0.13671875;0.69921875;0.82421875,True,True,3,0
4860,5,age,49134,49135,128,3,True,0.07421875;0.69921875;0.97265625,3,True,0.07421875;0.69921875;0.97265625,3,True,0.07421875;0.69921875;0.97265625,True,True,3,0
4862,5,age,49136,49137,128,3,True,0.13671875;0.69921875;0.82421875,3,True,0.13671875;0.69921875;0.82421875,3,True,0.13671875;0.69921875;0.82421875,True,True,3,0
4863,5,age,49190,49189,128,3,True,0.12109375;0.30078125;0.92578125,3,True,0.12109375;0.30078125;0.92578125,3,True,0.12109375;0.30078125;0.92578125,True,True,3,0
4868,5,age,49199,49200,128,3,True,0.13671875;0.69921875;0.82421875,3,True,0.13671875;0.69921875;0.82421875,3,True,0.13671875;0.69921875;0.82421875,True,True,3,0
4870,5,age,49262,49263,128,3,True,0.13671875;0.69921875;0.82421875,3,True,0.13671875;0.69921875;0.82421875,3,True,0.13671875;0.69921875;0.82421875,True,True,3,0
4872,5,age,49325,49326,128,3,True,0.13671875;0.69921875;0.82421875,3,True,0.13671875;0.69921875;0.82421875,3,True,0.13671875;0.69921875;0.82421875,True,True,3,0
4874,5,age,49386,49387,128,3,True,0.07421875;0.69921875;0.76171875,3,True,0.07421875;0.69921875;0.76171875,3,True,0.07421875;0.69921875;0.76171875,True,True,3,0
4876,5,age,49388,49389,128,3,True,0.13671875;0.69921875;0.82421875,3,True,0.13671875;0.69921875;0.82421875,3,True,0.13671875;0.69921875;0.82421875,True,True,3,0
4878,5,age,49449,49450,128,3,True,0.07421875;0.69921875;0.97265625,3,True,0.07421875;0.69921875;0.97265625,3,True,0.07421875;0.69921875;0.97265625,True,True,3,0
4880,5,age,49451,49452,128,3,True,0.13671875;0.69921875;0.82421875,3,True,0.13671875;0.69921875;0.82421875,3,True,0.13671875;0.69921875;0.82421875,True,True,3,0
4881,5,age,49505,49504,128,3,True,0.12109375;0.30078125;0.92578125,3,True,0.12109375;0.30078125;0.92578125,3,True,0.12109375;0.30078125;0.92578125,True,True,3,0
4886,5,age,49514,49515,128,3,True,0.13671875;0.69921875;0.82421875,3,True,0.13671875;0.69921875;0.82421875,3,True,0.13671875;0.69921875;0.82421875,True,True,3,0
4888,5,age,49577,49578,128,3,True,0.13671875;0.69921875;0.82421875,3,True,0.13671875;0.69921875;0.82421875,3,True,0.13671875;0.69921875;0.82421875,True,True,3,0
4890,5,age,49640,49641,128,3,True,0.13671875;0.69921875;0.82421875,3,True,0.13671875;0.69921875;0.82421875,3,True,0.13671875;0.69921875;0.82421875,True,True,3,0
4892,5,age,49701,49702,128,3,True,0.07421875;0.69921875;0.76171875,3,True,0.07421875;0.69921875;0.76171875,3,True,0.07421875;0.69921875;0.76171875,True,True,3,0
4894,5,age,49703,49704,128,3,True,0.13671875;0.69921875;0.82421875,3,True,0.13671875;0.69921875;0.82421875,3,True,0.13671875;0.69921875;0.82421875,True,True,3,0
4896,5,age,49764,49765,128,3,True,0.07421875;0.69921875;0.97265625,3,True,0.07421875;0.69921875;0.97265625,3,True,0.07421875;0.69921875;0.97265625,True,True,3,0
4898,5,age,49766,49767,128,3,True,0.13671875;0.69921875;0.82421875,3,True,0.13671875;0.69921875;0.82421875,3,True,0.13671875;0.69921875;0.82421875,True,True,3,0
4899,5,age,49820,49819,128,3,True,0.12109375;0.30078125;0.92578125,3,True,0.12109375;0.30078125;0.92578125,3,True,0.12109375;0.30078125;0.92578125,True,True,3,0
4904,5,age,49829,49830,128,3,True,0.13671875;0.69921875;0.82421875,3,True,0.13671875;0.69921875;0.82421875,3,True,0.13671875;0.69921875;0.82421875,True,True,3,0
4906,5,age,49892,49893,128,3,True,0.13671875;0.69921875;0.82421875,3,True,0.13671875;0.69921875;0.82421875,3,True,0.13671875;0.69921875;0.82421875,True,True,3,0
4908,5,age,49955,49956,128,3,True,0.13671875;0.69921875;0.82421875,3,True,0.13671875;0.69921875;0.82421875,3,True,0.13671875;0.69921875;0.82421875,True,True,3,0
4910,5,age,50016,50017,128,3,True,0.07421875;0.69921875;0.76171875,3,True,0.07421875;0.69921875;0.76171875,3,True,0.07421875;0.69921875;0.76171875,True,True,3,0
4912,5,age,50018,50019,128,3,True,0.13671875;0.69921875;0.82421875,3,True,0.13671875;0.69921875;0.82421875,3,True,0.13671875;0.69921875;0.82421875,True,True,3,0
4914,5,age,50079,50080,128,3,True,0.07421875;0.69921875;0.97265625,3,True,0.07421875;0.69921875;0.97265625,3,True,0.07421875;0.69921875;0.97265625,True,True,3,0
4916,5,age,50081,50082,128,3,True,0.13671875;0.69921875;0.82421875,3,True,0.13671875;0.69921875;0.82421875,3,True,0.13671875;0.69921875;0.82421875,True,True,3,0
4917,5,age,50135,50134,128,3,True,0.12109375;0.30078125;0.92578125,3,True,0.12109375;0.30078125;0.92578125,3,True,0.12109375;0.30078125;0.92578125,True,True,3,0
4922,5,age,50144,50145,128,3,True,0.13671875;0.69921875;0.82421875,3,True,0.13671875;0.69921875;0.82421875,3,True,0.13671875;0.69921875;0.82421875,True,True,3,0
4924,5,age,50207,50208,128,3,True,0.13671875;0.69921875;0.82421875,3,True,0.13671875;0.69921875;0.82421875,3,True,0.13671875;0.69921875;0.82421875,True,True,3,0
4926,5,age,50270,50271,128,3,True,0.13671875;0.69921875;0.82421875,3,True,0.13671875;0.69921875;0.82421875,3,True,0.13671875;0.69921875;0.82421875,True,True,3,0
4928,5,age,50331,50332,128,3,True,0.07421875;0.69921875;0.76171875,3,True,0.07421875;0.69921875;0.76171875,3,True,0.07421875;0.69921875;0.76171875,True,True,3,0
4930,5,age,50333,50334,128,3,True,0.13671875;0.69921875;0.82421875,3,True,0.13671875;0.69921875;0.82421875,3,True,0.13671875;0.69921875;0.82421875,True,True,3,0
4932,5,age,50394,50395,128,3,True,0.07421875;0.69921875;0.97265625,3,True,0.07421875;0.69921875;0.97265625,3,True,0.07421875;0.69921875;0.97265625,True,True,3,0
4934,5,age,50396,50397,128,3,True,0.13671875;0.69921875;0.82421875,3,True,0.13671875;0.69921875;0.82421875,3,True,0.13671875;0.69921875;0.82421875,True,True,3,0
4935,5,age,50450,50449,128,3,True,0.12109375;0.30078125;0.92578125,3,True,0.12109375;0.30078125;0.92578125,3,True,0.12109375;0.30078125;0.92578125,True,True,3,0
4940,5,age,50459,50460,128,3,True,0.13671875;0.69921875;0.82421875,3,True,0.13671875;0.69921875;0.82421875,3,True,0.13671875;0.69921875;0.82421875,True,True,3,0
4942,5,age,50522,50523,128,3,True,0.13671875;0.69921875;0.82421875,3,True,0.13671875;0.69921875;0.82421875,3,True,0.13671875;0.69921875;0.82421875,True,True,3,0
4944,5,age,50585,50586,128,3,True,0.13671875;0.69921875;0.82421875,3,True,0.13671875;0.69921875;0.82421875,3,True,0.13671875;0.69921875;0.82421875,True,True,3,0
4946,5,age,50648,50649,128,3,True,0.13671875;0.69921875;0.82421875,3,True,0.13671875;0.69921875;0.82421875,3,True,0.13671875;0.69921875;0.82421875,True,True,3,0
4948,5,age,50711,50712,128,3,True,0.13671875;0.69921875;0.82421875,3,True,0.13671875;0.69921875;0.82421875,3,True,0.13671875;0.69921875;0.82421875,True,True,3,0
4949,5,age,50765,50764,128,3,True,0.12109375;0.30078125;0.92578125,3,True,0.12109375;0.30078125;0.92578125,3,True,0.12109375;0.30078125;0.92578125,True,True,3,0
4954,5,age,50774,50775,128,3,True,0.13671875;0.69921875;0.82421875,3,True,0.13671875;0.69921875;0.82421875,3,True,0.13671875;0.69921875;0.82421875,True,True,3,0
4956,5,age,50837,50838,128,3,True,0.13671875;0.69921875;0.82421875,3,True,0.13671875;0.69921875;0.82421875,3,True,0.13671875;0.69921875;0.82421875,True,True,3,0
4958,5,age,50900,50901,128,3,True,0.13671875;0.69921875;0.82421875,3,True,0.13671875;0.69921875;0.82421875,3,True,0.13671875;0.69921875;0.82421875,True,True,3,0
4960,5,age,50963,50964,128,3,True,0.13671875;0.69921875;0.82421875,3,True,0.13671875;0.69921875;0.82421875,3,True,0.13671875;0.69921875;0.82421875,True,True,3,0
4962,5,age,51026,51027,128,3,True,0.13671875;0.69921875;0.82421875,3,True,0.13671875;0.69921875;0.82421875,3,True,0.13671875;0.69921875;0.82421875,True,True,3,0
4963,5,age,51080,51079,128,3,True,0.12109375;0.30078125;0.92578125,3,True,0.12109375;0.30078125;0.92578125,3,True,0.12109375;0.30078125;0.92578125,True,True,3,0
4968,5,age,51089,51090,128,3,True,0.13671875;0.69921875;0.82421875,3,True,0.13671875;0.69921875;0.82421875,3,True,0.13671875;0.69921875;0.82421875,True,True,3,0
4970,5,age,51152,51153,128,3,True,0.13671875;0.69921875;0.82421875,3,True,0.13671875;0.69921875;0.82421875,3,True,0.13671875;0.69921875;0.82421875,True,True,3,0
4972,5,age,51215,51216,128,3,True,0.13671875;0.69921875;0.82421875,3,True,0.13671875;0.69921875;0.82421875,3,True,0.13671875;0.69921875;0.82421875,True,True,3,0
4974,5,age,51278,51279,128,3,True,0.13671875;0.69921875;0.82421875,3,True,0.13671875;0.69921875;0.82421875,3,True,0.13671875;0.69921875;0.82421875,True,True,3,0
4976,5,age,51341,51342,128,3,True,0.13671875;0.69921875;0.82421875,3,True,0.13671875;0.69921875;0.82421875,3,True,0.13671875;0.69921875;0.82421875,True,True,3,0
4977,5,age,51395,51394,128,3,True,0.12109375;0.30078125;0.92578125,3,True,0.12109375;0.30078125;0.92578125,3,True,0.12109375;0.30078125;0.92578125,True,True,3,0
4982,5,age,51404,51405,128,3,True,0.13671875;0.69921875;0.82421875,3,True,0.13671875;0.69921875;0.82421875,3,True,0.13671875;0.69921875;0.82421875,True,True,3,0
4984,5,age,51467,51468,128,3,True,0.13671875;0.69921875;0.82421875,3,True,0.13671875;0.69921875;0.82421875,3,True,0.13671875;0.69921875;0.82421875,True,True,3,0
4986,5,age,51530,51531,128,3,True,0.13671875;0.69921875;0.82421875,3,True,0.13671875;0.69921875;0.82421875,3,True,0.13671875;0.69921875;0.82421875,True,True,3,0
4988,5,age,51591,51592,128,3,True,0.07421875;0.69921875;0.76171875,3,True,0.07421875;0.69921875;0.76171875,3,True,0.07421875;0.69921875;0.76171875,True,True,3,0
4990,5,age,51593,51594,128,3,True,0.13671875;0.69921875;0.82421875,3,True,0.13671875;0.69921875;0.82421875,3,True,0.13671875;0.69921875;0.82421875,True,True,3,0
4992,5,age,51654,51655,128,3,True,0.07421875;0.69921875;0.97265625,3,True,0.07421875;0.69921875;0.97265625,3,True,0.07421875;0.69921875;0.97265625,True,True,3,0
4994,5,age,51656,51657,128,3,True,0.13671875;0.69921875;0.82421875,3,True,0.13671875;0.69921875;0.82421875,3,True,0.13671875;0.69921875;0.82421875,True,True,3,0
4995,5,age,51710,51709,128,3,True,0.12109375;0.30078125;0.92578125,3,True,0.12109375;0.30078125;0.92578125,3,True,0.12109375;0.30078125;0.92578125,True,True,3,0
5000,5,age,51719,51720,128,3,True,0.13671875;0.69921875;0.82421875,3,True,0.13671875;0.69921875;0.82421875,3,True,0.13671875;0.69921875;0.82421875,True,True,3,0
5002,5,age,51782,51783,128,3,True,0.13671875;0.69921875;0.82421875,3,True,0.13671875;0.69921875;0.82421875,3,True,0.13671875;0.69921875;0.82421875,True,True,3,0
5004,5,age,51845,51846,128,3,True,0.13671875;0.69921875;0.82421875,3,True,0.13671875;0.69921875;0.82421875,3,True,0.13671875;0.69921875;0.82421875,True,True,3,0
5006,5,age,51906,51907,128,3,True,0.07421875;0.69921875;0.76171875,3,True,0.07421875;0.69921875;0.76171875,3,True,0.07421875;0.69921875;0.76171875,True,True,3,0
5008,5,age,51908,51909,128,3,True,0.13671875;0.69921875;0.82421875,3,True,0.13671875;0.69921875;0.82421875,3,True,0.13671875;0.69921875;0.82421875,True,True,3,0
5010,5,age,51969,51970,128,3,True,0.07421875;0.69921875;0.97265625,3,True,0.07421875;0.69921875;0.97265625,3,True,0.07421875;0.69921875;0.97265625,True,True,3,0
5012,5,age,51971,51972,128,3,True,0.13671875;0.69921875;0.82421875,3,True,0.13671875;0.69921875;0.82421875,3,True,0.13671875;0.69921875;0.82421875,True,True,3,0
5013,5,age,52970,52969,128,3,True,0.12109375;0.30078125;0.92578125,3,True,0.12109375;0.30078125;0.92578125,3,True,0.12109375;0.30078125;0.92578125,True,True,3,0
5018,5,age,52979,52980,128,3,True,0.13671875;0.69921875;0.82421875,3,True,0.13671875;0.69921875;0.82421875,3,True,0.13671875;0.69921875;0.82421875,True,True,3,0
5020,5,age,53042,53043,128,3,True,0.13671875;0.69921875;0.82421875,3,True,0.13671875;0.69921875;0.82421875,3,True,0.13671875;0.69921875;0.82421875,True,True,3,0
5022,5,age,53105,53106,128,3,True,0.13671875;0.69921875;0.82421875,3,True,0.13671875;0.69921875;0.82421875,3,True,0.13671875;0.69921875;0.82421875,True,True,3,0
5024,5,age,53166,53167,128,3,True,0.07421875;0.69921875;0.76171875,3,True,0.07421875;0.69921875;0.76171875,3,True,0.07421875;0.69921875;0.76171875,True,True,3,0
5026,5,age,53168,53169,128,3,True,0.13671875;0.69921875;0.82421875,3,True,0.13671875;0.69921875;0.82421875,3,True,0.13671875;0.69921875;0.82421875,True,True,3,0
5028,5,age,53229,53230,128,3,True,0.07421875;0.69921875;0.97265625,3,True,0.07421875;0.69921875;0.97265625,3,True,0.07421875;0.69921875;0.97265625,True,True,3,0
5030,5,age,53231,53232,128,3,True,0.13671875;0.69921875;0.82421875,3,True,0.13671875;0.69921875;0.82421875,3,True,0.13671875;0.69921875;0.82421875,True,True,3,0
5031,5,age,53285,53284,128,3,True,0.12109375;0.30078125;0.92578125,3,True,0.12109375;0.30078125;0.92578125,3,True,0.12109375;0.30078125;0.92578125,True,True,3,0
5036,5,age,53294,53295,128,3,True,0.13671875;0.69921875;0.82421875,3,True,0.13671875;0.69921875;0.82421875,3,True,0.13671875;0.69921875;0.82421875,True,True,3,0
5038,5,age,53357,53358,128,3,True,0.13671875;0.69921875;0.82421875,3,True,0.13671875;0.69921875;0.82421875,3,True,0.13671875;0.69921875;0.82421875,True,True,3,0
5040,5,age,53420,53421,128,3,True,0.13671875;0.69921875;0.82421875,3,True,0.13671875;0.69921875;0.82421875,3,True,0.13671875;0.69921875;0.82421875,True,True,3,0
5042,5,age,53481,53482,128,3,True,0.07421875;0.69921875;0.76171875,3,True,0.07421875;0.69921875;0.76171875,3,True,0.07421875;0.69921875;0.76171875,True,True,3,0
5044,5,age,53483,53484,128,3,True,0.13671875;0.69921875;0.82421875,3,True,0.13671875;0.69921875;0.82421875,3,True,0.13671875;0.69921875;0.82421875,True,True,3,0
5046,5,age,53544,53545,128,3,True,0.07421875;0.69921875;0.97265625,3,True,0.07421875;0.69921875;0.97265625,3,True,0.07421875;0.69921875;0.97265625,True,True,3,0
5048,5,age,53546,53547,128,3,True,0.13671875;0.69921875;0.82421875,3,True,0.13671875;0.69921875;0.82421875,3,True,0.13671875;0.69921875;0.82421875,True,True,3,0
5049,5,age,54545,54544,128,3,True,0.12109375;0.30078125;0.92578125,3,True,0.12109375;0.30078125;0.92578125,3,True,0.12109375;0.30078125;0.92578125,True,True,3,0
5054,5,age,54554,54555,128,3,True,0.13671875;0.69921875;0.82421875,3,True,0.13671875;0.69921875;0.82421875,3,True,0.13671875;0.69921875;0.82421875,True,True,3,0
5056,5,age,54617,54618,128,3,True,0.13671875;0.69921875;0.82421875,3,True,0.13671875;0.69921875;0.82421875,3,True,0.13671875;0.69921875;0.82421875,True,True,3,0
5058,5,age,54680,54681,128,3,True,0.13671875;0.69921875;0.82421875,3,True,0.13671875;0.69921875;0.82421875,3,True,0.13671875;0.69921875;0.82421875,True,True,3,0
5060,5,age,54743,54744,128,3,True,0.13671875;0.69921875;0.82421875,3,True,0.13671875;0.69921875;0.82421875,3,True,0.13671875;0.69921875;0.82421875,True,True,3,0
5062,5,age,54806,54807,128,3,True,0.13671875;0.69921875;0.82421875,3,True,0.13671875;0.69921875;0.82421875,3,True,0.13671875;0.69921875;0.82421875,True,True,3,0
5063,5,age,54860,54859,128,3,True,0.12109375;0.30078125;0.92578125,3,True,0.12109375;0.30078125;0.92578125,3,True,0.12109375;0.30078125;0.92578125,True,True,3,0
5068,5,age,54869,54870,128,3,True,0.13671875;0.69921875;0.82421875,3,True,0.13671875;0.69921875;0.82421875,3,True,0.13671875;0.69921875;0.82421875,True,True,3,0
5070,5,age,54932,54933,128,3,True,0.13671875;0.69921875;0.82421875,3,True,0.13671875;0.69921875;0.82421875,3,True,0.13671875;0.69921875;0.82421875,True,True,3,0
5072,5,age,54995,54996,128,3,True,0.13671875;0.69921875;0.82421875,3,True,0.13671875;0.69921875;0.82421875,3,True,0.13671875;0.69921875;0.82421875,True,True,3,0
5074,5,age,55058,55059,128,3,True,0.13671875;0.69921875;0.82421875,3,True,0.13671875;0.69921875;0.82421875,3,True,0.13671875;0.69921875;0.82421875,True,True,3,0
5076,5,age,55121,55122,128,3,True,0.13671875;0.69921875;0.82421875,3,True,0.13671875;0.69921875;0.82421875,3,True,0.13671875;0.69921875;0.82421875,True,True,3,0
5077,5,age,56120,56119,128,3,True,0.12109375;0.30078125;0.92578125,3,True,0.12109375;0.30078125;0.92578125,3,True,0.12109375;0.30078125;0.92578125,True,True,3,0
5082,5,age,56129,56130,128,3,True,0.13671875;0.69921875;0.82421875,3,True,0.13671875;0.69921875;0.82421875,3,True,0.13671875;0.69921875;0.82421875,True,True,3,0
5084,5,age,56192,56193,128,3,True,0.13671875;0.69921875;0.82421875,3,True,0.13671875;0.69921875;0.82421875,3,True,0.13671875;0.69921875;0.82421875,True,True,3,0
5086,5,age,56255,56256,128,3,True,0.13671875;0.69921875;0.82421875,3,True,0.13671875;0.69921875;0.82421875,3,True,0.13671875;0.69921875;0.82421875,True,True,3,0
5088,5,age,56318,56319,128,3,True,0.13671875;0.69921875;0.82421875,3,True,0.13671875;0.69921875;0.82421875,3,True,0.13671875;0.69921875;0.82421875,True,True,3,0
5090,5,age,56381,56382,128,3,True,0.13671875;0.69921875;0.82421875,3,True,0.13671875;0.69921875;0.82421875,3,True,0.13671875;0.69921875;0.82421875,True,True,3,0
5091,5,age,56435,56434,128,3,True,0.12109375;0.30078125;0.92578125,3,True,0.12109375;0.30078125;0.92578125,3,True,0.12109375;0.30078125;0.92578125,True,True,3,0
5096,5,age,56444,56445,128,3,True,0.13671875;0.69921875;0.82421875,3,True,0.13671875;0.69921875;0.82421875,3,True,0.13671875;0.69921875;0.82421875,True,True,3,0
5098,5,age,56507,56508,128,3,True,0.13671875;0.69921875;0.82421875,3,True,0.13671875;0.69921875;0.82421875,3,True,0.13671875;0.69921875;0.82421875,True,True,3,0
5100,5,age,56570,56571,128,3,True,0.13671875;0.69921875;0.82421875,3,True,0.13671875;0.69921875;0.82421875,3,True,0.13671875;0.69921875;0.82421875,True,True,3,0
5102,5,age,56633,56634,128,3,True,0.13671875;0.69921875;0.82421875,3,True,0.13671875;0.69921875;0.82421875,3,True,0.13671875;0.69921875;0.82421875,True,True,3,0
5104,5,age,56696,56697,128,3,True,0.13671875;0.69921875;0.82421875,3,True,0.13671875;0.69921875;0.82421875,3,True,0.13671875;0.69921875;0.82421875,True,True,3,0
5106,5,age,63246,63247,128,3,True,0.07421875;0.69921875;0.76171875,3,True,0.07421875;0.69921875;0.76171875,3,True,0.07421875;0.69921875;0.76171875,True,True,3,0
5108,5,age,63309,63310,128,3,True,0.07421875;0.69921875;0.97265625,3,True,0.07421875;0.69921875;0.97265625,3,True,0.07421875;0.69921875;0.97265625,True,True,3,0
5110,5,age,63561,63562,128,3,True,0.07421875;0.69921875;0.76171875,3,True,0.07421875;0.69921875;0.76171875,3,True,0.07421875;0.69921875;0.76171875,True,True,3,0
5112,5,age,63624,63625,128,3,True,0.07421875;0.69921875;0.97265625,3,True,0.07421875;0.69921875;0.97265625,3,True,0.07421875;0.69921875;0.97265625,True,True,3,0
5114,5,age,63876,63877,128,3,True,0.07421875;0.69921875;0.76171875,3,True,0.07421875;0.69921875;0.76171875,3,True,0.07421875;0.69921875;0.76171875,True,True,3,0
5116,5,age,63939,63940,128,3,True,0.07421875;0.69921875;0.97265625,3,True,0.07421875;0.69921875;0.97265625,3,True,0.07421875;0.69921875;0.97265625,True,True,3,0
5118,5,age,64191,64192,128,3,True,0.07421875;0.69921875;0.76171875,3,True,0.07421875;0.69921875;0.76171875,3,True,0.07421875;0.69921875;0.76171875,True,True,3,0
5120,5,age,64254,64255,128,3,True,0.07421875;0.69921875;0.97265625,3,True,0.07421875;0.69921875;0.97265625,3,True,0.07421875;0.69921875;0.97265625,True,True,3,0
5122,5,age,64506,64507,128,3,True,0.07421875;0.69921875;0.76171875,3,True,0.07421875;0.69921875;0.76171875,3,True,0.07421875;0.69921875;0.76171875,True,True,3,0
5124,5,age,64569,64570,128,3,True,0.07421875;0.69921875;0.97265625,3,True,0.07421875;0.69921875;0.97265625,3,True,0.07421875;0.69921875;0.97265625,True,True,3,0
5125,5,age,64625,64624,128,3,True,0.12109375;0.30078125;0.92578125,3,True,0.12109375;0.30078125;0.92578125,3,True,0.12109375;0.30078125;0.92578125,True,True,3,0
5130,5,age,64634,64635,128,3,True,0.13671875;0.69921875;0.82421875,3,True,0.13671875;0.69921875;0.82421875,3,True,0.13671875;0.69921875;0.82421875,True,True,3,0
5132,5,age,64697,64698,128,3,True,0.13671875;0.69921875;0.82421875,3,True,0.13671875;0.69921875;0.82421875,3,True,0.13671875;0.69921875;0.82421875,True,True,3,0
5134,5,age,64760,64761,128,3,True,0.13671875;0.69921875;0.82421875,3,True,0.13671875;0.69921875;0.82421875,3,True,0.13671875;0.69921875;0.82421875,True,True,3,0
5136,5,age,64821,64822,128,3,True,0.07421875;0.69921875;0.76171875,3,True,0.07421875;0.69921875;0.76171875,3,True,0.07421875;0.69921875;0.76171875,True,True,3,0
5138,5,age,64823,64824,128,3,True,0.13671875;0.69921875;0.82421875,3,True,0.13671875;0.69921875;0.82421875,3,True,0.13671875;0.69921875;0.82421875,True,True,3,0
5140,5,age,64884,64885,128,3,True,0.07421875;0.69921875;0.97265625,3,True,0.07421875;0.69921875;0.97265625,3,True,0.07421875;0.69921875;0.97265625,True,True,3,0
5142,5,age,64886,64887,128,3,True,0.13671875;0.69921875;0.82421875,3,True,0.13671875;0.69921875;0.82421875,3,True,0.13671875;0.69921875;0.82421875,True,True,3,0
5143,5,age,64940,64939,128,3,True,0.12109375;0.30078125;0.92578125,3,True,0.12109375;0.30078125;0.92578125,3,True,0.12109375;0.30078125;0.92578125,True,True,3,0
5148,5,age,64949,64950,128,3,True,0.13671875;0.69921875;0.82421875,3,True,0.13671875;0.69921875;0.82421875,3,True,0.13671875;0.69921875;0.82421875,True,True,3,0
5150,5,age,65012,65013,128,3,True,0.13671875;0.69921875;0.82421875,3,True,0.13671875;0.69921875;0.82421875,3,True,0.13671875;0.69921875;0.82421875,True,True,3,0
5152,5,age,65075,65076,128,3,True,0.13671875;0.69921875;0.82421875,3,True,0.13671875;0.69921875;0.82421875,3,True,0.13671875;0.69921875;0.82421875,True,True,3,0
5154,5,age,65136,65137,128,3,True,0.07421875;0.69921875;0.76171875,3,True,0.07421875;0.69921875;0.76171875,3,True,0.07421875;0.69921875;0.76171875,True,True,3,0
5156,5,age,65138,65139,128,3,True,0.13671875;0.69921875;0.82421875,3,True,0.13671875;0.69921875;0.82421875,3,True,0.13671875;0.69921875;0.82421875,True,True,3,0
5158,5,age,65199,65200,128,3,True,0.07421875;0.69921875;0.97265625,3,True,0.07421875;0.69921875;0.97265625,3,True,0.07421875;0.69921875;0.97265625,True,True,3,0
5160,5,age,65201,65202,128,3,True,0.13671875;0.69921875;0.82421875,3,True,0.13671875;0.69921875;0.82421875,3,True,0.13671875;0.69921875;0.82421875,True,True,3,0
5161,5,age,65255,65254,128,3,True,0.12109375;0.30078125;0.92578125,3,True,0.12109375;0.30078125;0.92578125,3,True,0.12109375;0.30078125;0.92578125,True,True,3,0
5166,5,age,65264,65265,128,3,True,0.13671875;0.69921875;0.82421875,3,True,0.13671875;0.69921875;0.82421875,3,True,0.13671875;0.69921875;0.82421875,True,True,3,0
5168,5,age,65327,65328,128,3,True,0.13671875;0.69921875;0.82421875,3,True,0.13671875;0.69921875;0.82421875,3,True,0.13671875;0.69921875;0.82421875,True,True,3,0
5170,5,age,65390,65391,128,3,True,0.13671875;0.69921875;0.82421875,3,True,0.13671875;0.69921875;0.82421875,3,True,0.13671875;0.69921875;0.82421875,True,True,3,0
5172,5,age,65451,65452,128,3,True,0.07421875;0.69921875;0.76171875,3,True,0.07421875;0.69921875;0.76171875,3,True,0.07421875;0.69921875;0.76171875,True,True,3,0
5174,5,age,65453,65454,128,3,True,0.13671875;0.69921875;0.82421875,3,True,0.13671875;0.69921875;0.82421875,3,True,0.13671875;0.69921875;0.82421875,True,True,3,0
5176,5,age,65514,65515,128,3,True,0.07421875;0.69921875;0.97265625,3,True,0.07421875;0.69921875;0.97265625,3,True,0.07421875;0.69921875;0.97265625,True,True,3,0
5178,5,age,65516,65517,128,3,True,0.13671875;0.69921875;0.82421875,3,True,0.13671875;0.69921875;0.82421875,3,True,0.13671875;0.69921875;0.82421875,True,True,3,0
5179,5,age,65570,65569,128,3,True,0.12109375;0.30078125;0.92578125,3,True,0.12109375;0.30078125;0.92578125,3,True,0.12109375;0.30078125;0.92578125,True,True,3,0
5184,5,age,65579,65580,128,3,True,0.13671875;0.69921875;0.82421875,3,True,0.13671875;0.69921875;0.82421875,3,True,0.13671875;0.69921875;0.82421875,True,True,3,0
5186,5,age,65642,65643,128,3,True,0.13671875;0.69921875;0.82421875,3,True,0.13671875;0.69921875;0.82421875,3,True,0.13671875;0.69921875;0.82421875,True,True,3,0
5188,5,age,65705,65706,128,3,True,0.13671875;0.69921875;0.82421875,3,True,0.13671875;0.69921875;0.82421875,3,True,0.13671875;0.69921875;0.82421875,True,True,3,0
5190,5,age,65766,65767,128,3,True,0.07421875;0.69921875;0.76171875,3,True,0.07421875;0.69921875;0.76171875,3,True,0.07421875;0.69921875;0.76171875,True,True,3,0
5192,5,age,65768,65769,128,3,True,0.13671875;0.69921875;0.82421875,3,True,0.13671875;0.69921875;0.82421875,3,True,0.13671875;0.69921875;0.82421875,True,True,3,0
5194,5,age,65829,65830,128,3,True,0.07421875;0.69921875;0.97265625,3,True,0.07421875;0.69921875;0.97265625,3,True,0.07421875;0.69921875;0.97265625,True,True,3,0
5196,5,age,65831,65832,128,3,True,0.13671875;0.69921875;0.82421875,3,True,0.13671875;0.69921875;0.82421875,3,True,0.13671875;0.69921875;0.82421875,True,True,3,0
5197,5,age,65885,65884,128,3,True,0.12109375;0.30078125;0.92578125,3,True,0.12109375;0.30078125;0.92578125,3,True,0.12109375;0.30078125;0.92578125,True,True,3,0
5202,5,age,65894,65895,128,3,True,0.13671875;0.69921875;0.82421875,3,True,0.13671875;0.69921875;0.82421875,3,True,0.13671875;0.69921875;0.82421875,True,True,3,0
5204,5,age,65957,65958,128,3,True,0.13671875;0.69921875;0.82421875,3,True,0.13671875;0.69921875;0.82421875,3,True,0.13671875;0.69921875;0.82421875,True,True,3,0
5206,5,age,66020,66021,128,3,True,0.13671875;0.69921875;0.82421875,3,True,0.13671875;0.69921875;0.82421875,3,True,0.13671875;0.69921875;0.82421875,True,True,3,0
5208,5,age,66081,66082,128,3,True,0.07421875;0.69921875;0.76171875,3,True,0.07421875;0.69921875;0.76171875,3,True,0.07421875;0.69921875;0.76171875,True,True,3,0
5210,5,age,66083,66084,128,3,True,0.13671875;0.69921875;0.82421875,3,True,0.13671875;0.69921875;0.82421875,3,True,0.13671875;0.69921875;0.82421875,True,True,3,0
5212,5,age,66144,66145,128,3,True,0.07421875;0.69921875;0.97265625,3,True,0.07421875;0.69921875;0.97265625,3,True,0.07421875;0.69921875;0.97265625,True,True,3,0
5214,5,age,66146,66147,128,3,True,0.13671875;0.69921875;0.82421875,3,True,0.13671875;0.69921875;0.82421875,3,True,0.13671875;0.69921875;0.82421875,True,True,3,0
5215,5,age,66200,66199,128,3,True,0.12109375;0.30078125;0.92578125,3,True,0.12109375;0.30078125;0.92578125,3,True,0.12109375;0.30078125;0.92578125,True,True,3,0
5220,5,age,66209,66210,128,3,True,0.13671875;0.69921875;0.82421875,3,True,0.13671875;0.69921875;0.82421875,3,True,0.13671875;0.69921875;0.82421875,True,True,3,0
5222,5,age,66272,66273,128,3,True,0.13671875;0.69921875;0.82421875,3,True,0.13671875;0.69921875;0.82421875,3,True,0.13671875;0.69921875;0.82421875,True,True,3,0
5224,5,age,66335,66336,128,3,True,0.13671875;0.69921875;0.82421875,3,True,0.13671875;0.69921875;0.82421875,3,True,0.13671875;0.69921875;0.82421875,True,True,3,0
5226,5,age,66396,66397,128,3,True,0.07421875;0.69921875;0.76171875,3,True,0.07421875;0.69921875;0.76171875,3,True,0.07421875;0.69921875;0.76171875,True,True,3,0
5228,5,age,66398,66399,128,3,True,0.13671875;0.69921875;0.82421875,3,True,0.13671875;0.69921875;0.82421875,3,True,0.13671875;0.69921875;0.82421875,True,True,3,0
5230,5,age,66459,66460,128,3,True,0.07421875;0.69921875;0.97265625,3,True,0.07421875;0.69921875;0.97265625,3,True,0.07421875;0.69921875;0.97265625,True,True,3,0
5232,5,age,66461,66462,128,3,True,0.13671875;0.69921875;0.82421875,3,True,0.13671875;0.69921875;0.82421875,3,True,0.13671875;0.69921875;0.82421875,True,True,3,0
5233,5,age,66515,66514,128,3,True,0.12109375;0.30078125;0.92578125,3,True,0.12109375;0.30078125;0.92578125,3,True,0.12109375;0.30078125;0.92578125,True,True,3,0
5238,5,age,66524,66525,128,3,True,0.13671875;0.69921875;0.82421875,3,True,0.13671875;0.69921875;0.82421875,3,True,0.13671875;0.69921875;0.82421875,True,True,3,0
5240,5,age,66587,66588,128,3,True,0.13671875;0.69921875;0.82421875,3,True,0.13671875;0.69921875;0.82421875,3,True,0.13671875;0.69921875;0.82421875,True,True,3,0
5242,5,age,66650,66651,128,3,True,0.13671875;0.69921875;0.82421875,3,True,0.13671875;0.69921875;0.82421875,3,True,0.13671875;0.69921875;0.82421875,True,True,3,0
5244,5,age,66711,66712,128,3,True,0.07421875;0.69921875;0.76171875,3,True,0.07421875;0.69921875;0.76171875,3,True,0.07421875;0.69921875;0.76171875,True,True,3,0
5246,5,age,66713,66714,128,3,True,0.13671875;0.69921875;0.82421875,3,True,0.13671875;0.69921875;0.82421875,3,True,0.13671875;0.69921875;0.82421875,True,True,3,0
5248,5,age,66774,66775,128,3,True,0.07421875;0.69921875;0.97265625,3,True,0.07421875;0.69921875;0.97265625,3,True,0.07421875;0.69921875;0.97265625,True,True,3,0
5250,5,age,66776,66777,128,3,True,0.13671875;0.69921875;0.82421875,3,True,0.13671875;0.69921875;0.82421875,3,True,0.13671875;0.69921875;0.82421875,True,True,3,0
5251,5,age,66830,66829,128,3,True,0.12109375;0.30078125;0.92578125,3,True,0.12109375;0.30078125;0.92578125,3,True,0.12109375;0.30078125;0.92578125,True,True,3,0
5256,5,age,66839,66840,128,3,True,0.13671875;0.69921875;0.82421875,3,True,0.13671875;0.69921875;0.82421875,3,True,0.13671875;0.69921875;0.82421875,True,True,3,0
5258,5,age,66902,66903,128,3,True,0.13671875;0.69921875;0.82421875,3,True,0.13671875;0.69921875;0.82421875,3,True,0.13671875;0.69921875;0.82421875,True,True,3,0
5260,5,age,66965,66966,128,3,True,0.13671875;0.69921875;0.82421875,3,True,0.13671875;0.69921875;0.82421875,3,True,0.13671875;0.69921875;0.82421875,True,True,3,0
5262,5,age,67026,67027,128,3,True,0.07421875;0.69921875;0.76171875,3,True,0.07421875;0.69921875;0.76171875,3,True,0.07421875;0.69921875;0.76171875,True,True,3,0
5264,5,age,67028,67029,128,3,True,0.13671875;0.69921875;0.82421875,3,True,0.13671875;0.69921875;0.82421875,3,True,0.13671875;0.69921875;0.82421875,True,True,3,0
5266,5,age,67089,67090,128,3,True,0.07421875;0.69921875;0.97265625,3,True,0.07421875;0.69921875;0.97265625,3,True,0.07421875;0.69921875;0.97265625,True,True,3,0
5268,5,age,67091,67092,128,3,True,0.13671875;0.69921875;0.82421875,3,True,0.13671875;0.69921875;0.82421875,3,True,0.13671875;0.69921875;0.82421875,True,True,3,0
5269,5,age,67145,67144,128,3,True,0.12109375;0.30078125;0.92578125,3,True,0.12109375;0.30078125;0.92578125,3,True,0.12109375;0.30078125;0.92578125,True,True,3,0
5274,5,age,67154,67155,128,3,True,0.13671875;0.69921875;0.82421875,3,True,0.13671875;0.69921875;0.82421875,3,True,0.13671875;0.69921875;0.82421875,True,True,3,0
5276,5,age,67217,67218,128,3,True,0.13671875;0.69921875;0.82421875,3,True,0.13671875;0.69921875;0.82421875,3,True,0.13671875;0.69921875;0.82421875,True,True,3,0
5278,5,age,67280,67281,128,3,True,0.13671875;0.69921875;0.82421875,3,True,0.13671875;0.69921875;0.82421875,3,True,0.13671875;0.69921875;0.82421875,True,True,3,0
5280,5,age,67341,67342,128,3,True,0.07421875;0.69921875;0.76171875,3,True,0.07421875;0.69921875;0.76171875,3,True,0.07421875;0.69921875;0.76171875,True,True,3,0
5282,5,age,67343,67344,128,3,True,0.13671875;0.69921875;0.82421875,3,True,0.13671875;0.69921875;0.82421875,3,True,0.13671875;0.69921875;0.82421875,True,True,3,0
5284,5,age,67404,67405,128,3,True,0.07421875;0.69921875;0.97265625,3,True,0.07421875;0.69921875;0.97265625,3,True,0.07421875;0.69921875;0.97265625,True,True,3,0
5286,5,age,67406,67407,128,3,True,0.13671875;0.69921875;0.82421875,3,True,0.13671875;0.69921875;0.82421875,3,True,0.13671875;0.69921875;0.82421875,True,True,3,0
5287,5,age,67460,67459,128,3,True,0.12109375;0.30078125;0.92578125,3,True,0.12109375;0.30078125;0.92578125,3,True,0.12109375;0.30078125;0.92578125,True,True,3,0
5292,5,age,67469,67470,128,3,True,0.13671875;0.69921875;0.82421875,3,True,0.13671875;0.69921875;0.82421875,3,True,0.13671875;0.69921875;0.82421875,True,True,3,0
5294,5,age,67532,67533,128,3,True,0.13671875;0.69921875;0.82421875,3,True,0.13671875;0.69921875;0.82421875,3,True,0.13671875;0.69921875;0.82421875,True,True,3,0
5296,5,age,67595,67596,128,3,True,0.13671875;0.69921875;0.82421875,3,True,0.13671875;0.69921875;0.82421875,3,True,0.13671875;0.69921875;0.82421875,True,True,3,0
5298,5,age,67656,67657,128,3,True,0.07421875;0.69921875;0.76171875,3,True,0.07421875;0.69921875;0.76171875,3,True,0.07421875;0.69921875;0.76171875,True,True,3,0
5300,5,age,67658,67659,128,3,True,0.13671875;0.69921875;0.82421875,3,True,0.13671875;0.69921875;0.82421875,3,True,0.13671875;0.69921875;0.82421875,True,True,3,0
5302,5,age,67719,67720,128,3,True,0.07421875;0.69921875;0.97265625,3,True,0.07421875;0.69921875;0.97265625,3,True,0.07421875;0.69921875;0.97265625,True,True,3,0
5304,5,age,67721,67722,128,3,True,0.13671875;0.69921875;0.82421875,3,True,0.13671875;0.69921875;0.82421875,3,True,0.13671875;0.69921875;0.82421875,True,True,3,0
5305,5,age,67775,67774,128,3,True,0.12109375;0.30078125;0.92578125,3,True,0.12109375;0.30078125;0.92578125,3,True,0.12109375;0.30078125;0.92578125,True,True,3,0
5310,5,age,67784,67785,128,3,True,0.13671875;0.69921875;0.82421875,3,True,0.13671875;0.69921875;0.82421875,3,True,0.13671875;0.69921875;0.82421875,True,True,3,0
5312,5,age,67847,67848,128,3,True,0.13671875;0.69921875;0.82421875,3,True,0.13671875;0.69921875;0.82421875,3,True,0.13671875;0.69921875;0.82421875,True,True,3,0
5314,5,age,67910,67911,128,3,True,0.13671875;0.69921875;0.82421875,3,True,0.13671875;0.69921875;0.82421875,3,True,0.13671875;0.69921875;0.82421875,True,True,3,0
5316,5,age,67971,67972,128,3,True,0.07421875;0.69921875;0.76171875,3,True,0.07421875;0.69921875;0.76171875,3,True,0.07421875;0.69921875;0.76171875,True,True,3,0
5318,5,age,67973,67974,128,3,True,0.13671875;0.69921875;0.82421875,3,True,0.13671875;0.69921875;0.82421875,3,True,0.13671875;0.69921875;0.82421875,True,True,3,0
5320,5,age,68034,68035,128,3,True,0.07421875;0.69921875;0.97265625,3,True,0.07421875;0.69921875;0.97265625,3,True,0.07421875;0.69921875;0.97265625,True,True,3,0
5322,5,age,68036,68037,128,3,True,0.13671875;0.69921875;0.82421875,3,True,0.13671875;0.69921875;0.82421875,3,True,0.13671875;0.69921875;0.82421875,True,True,3,0
5323,5,age,68090,68089,128,3,True,0.12109375;0.30078125;0.92578125,3,True,0.12109375;0.30078125;0.92578125,3,True,0.12109375;0.30078125;0.92578125,True,True,3,0
5328,5,age,68099,68100,128,3,True,0.13671875;0.69921875;0.82421875,3,True,0.13671875;0.69921875;0.82421875,3,True,0.13671875;0.69921875;0.82421875,True,True,3,0
5330,5,age,68162,68163,128,3,True,0.13671875;0.69921875;0.82421875,3,True,0.13671875;0.69921875;0.82421875,3,True,0.13671875;0.69921875;0.82421875,True,True,3,0
5332,5,age,68225,68226,128,3,True,0.13671875;0.69921875;0.82421875,3,True,0.13671875;0.69921875;0.82421875,3,True,0.13671875;0.69921875;0.82421875,True,True,3,0
5334,5,age,68286,68287,128,3,True,0.07421875;0.69921875;0.76171875,3,True,0.07421875;0.69921875;0.76171875,3,True,0.07421875;0.69921875;0.76171875,True,True,3,0
5336,5,age,68288,68289,128,3,True,0.13671875;0.69921875;0.82421875,3,True,0.13671875;0.69921875;0.82421875,3,True,0.13671875;0.69921875;0.82421875,True,True,3,0
5338,5,age,68349,68350,128,3,True,0.07421875;0.69921875;0.97265625,3,True,0.07421875;0.69921875;0.97265625,3,True,0.07421875;0.69921875;0.97265625,True,True,3,0
5340,5,age,68351,68352,128,3,True,0.13671875;0.69921875;0.82421875,3,True,0.13671875;0.69921875;0.82421875,3,True,0.13671875;0.69921875;0.82421875,True,True,3,0
5341,5,age,68405,68404,128,3,True,0.12109375;0.30078125;0.92578125,3,True,0.12109375;0.30078125;0.92578125,3,True,0.12109375;0.30078125;0.92578125,True,True,3,0
5346,5,age,68414,68415,128,3,True,0.13671875;0.69921875;0.82421875,3,True,0.13671875;0.69921875;0.82421875,3,True,0.13671875;0.69921875;0.82421875,True,True,3,0
5348,5,age,68477,68478,128,3,True,0.13671875;0.69921875;0.82421875,3,True,0.13671875;0.69921875;0.82421875,3,True,0.13671875;0.69921875;0.82421875,True,True,3,0
5350,5,age,68540,68541,128,3,True,0.13671875;0.69921875;0.82421875,3,True,0.13671875;0.69921875;0.82421875,3,True,0.13671875;0.69921875;0.82421875,True,True,3,0
5352,5,age,68601,68602,128,3,True,0.07421875;0.69921875;0.76171875,3,True,0.07421875;0.69921875;0.76171875,3,True,0.07421875;0.69921875;0.76171875,True,True,3,0
5354,5,age,68603,68604,128,3,True,0.13671875;0.69921875;0.82421875,3,True,0.13671875;0.69921875;0.82421875,3,True,0.13671875;0.69921875;0.82421875,True,True,3,0
5356,5,age,68664,68665,128,3,True,0.07421875;0.69921875;0.97265625,3,True,0.07421875;0.69921875;0.97265625,3,True,0.07421875;0.69921875;0.97265625,True,True,3,0
5358,5,age,68666,68667,128,3,True,0.13671875;0.69921875;0.82421875,3,True,0.13671875;0.69921875;0.82421875,3,True,0.13671875;0.69921875;0.82421875,True,True,3,0
5359,5,age,68720,68719,128,3,True,0.12109375;0.30078125;0.92578125,3,True,0.12109375;0.30078125;0.92578125,3,True,0.12109375;0.30078125;0.92578125,True,True,3,0
5364,5,age,68729,68730,128,3,True,0.13671875;0.69921875;0.82421875,3,True,0.13671875;0.69921875;0.82421875,3,True,0.13671875;0.69921875;0.82421875,True,True,3,0
5366,5,age,68792,68793,128,3,True,0.13671875;0.69921875;0.82421875,3,True,0.13671875;0.69921875;0.82421875,3,True,0.13671875;0.69921875;0.82421875,True,True,3,0
5368,5,age,68855,68856,128,3,True,0.13671875;0.69921875;0.82421875,3,True,0.13671875;0.69921875;0.82421875,3,True,0.13671875;0.69921875;0.82421875,True,True,3,0
5370,5,age,68916,68917,128,3,True,0.07421875;0.69921875;0.76171875,3,True,0.07421875;0.69921875;0.76171875,3,True,0.07421875;0.69921875;0.76171875,True,True,3,0
5372,5,age,68918,68919,128,3,True,0.13671875;0.69921875;0.82421875,3,True,0.13671875;0.69921875;0.82421875,3,True,0.13671875;0.69921875;0.82421875,True,True,3,0
5374,5,age,68979,68980,128,3,True,0.07421875;0.69921875;0.97265625,3,True,0.07421875;0.69921875;0.97265625,3,True,0.07421875;0.69921875;0.97265625,True,True,3,0
5376,5,age,68981,68982,128,3,True,0.13671875;0.69921875;0.82421875,3,True,0.13671875;0.69921875;0.82421875,3,True,0.13671875;0.69921875;0.82421875,True,True,3,0
5377,5,age,69035,69034,128,3,True,0.12109375;0.30078125;0.92578125,3,True,0.12109375;0.30078125;0.92578125,3,True,0.12109375;0.30078125;0.92578125,True,True,3,0
5382,5,age,69044,69045,128,3,True,0.13671875;0.69921875;0.82421875,3,True,0.13671875;0.69921875;0.82421875,3,True,0.13671875;0.69921875;0.82421875,True,True,3,0
5384,5,age,69107,69108,128,3,True,0.13671875;0.69921875;0.82421875,3,True,0.13671875;0.69921875;0.82421875,3,True,0.13671875;0.69921875;0.82421875,True,True,3,0
5386,5,age,69170,69171,128,3,True,0.13671875;0.69921875;0.82421875,3,True,0.13671875;0.69921875;0.82421875,3,True,0.13671875;0.69921875;0.82421875,True,True,3,0
5388,5,age,69231,69232,128,3,True,0.07421875;0.69921875;0.76171875,3,True,0.07421875;0.69921875;0.76171875,3,True,0.07421875;0.69921875;0.76171875,True,True,3,0
5390,5,age,69233,69234,128,3,True,0.13671875;0.69921875;0.82421875,3,True,0.13671875;0.69921875;0.82421875,3,True,0.13671875;0.69921875;0.82421875,True,True,3,0
5392,5,age,69294,69295,128,3,True,0.07421875;0.69921875;0.97265625,3,True,0.07421875;0.69921875;0.97265625,3,True,0.07421875;0.69921875;0.97265625,True,True,3,0
5394,5,age,69296,69297,128,3,True,0.13671875;0.69921875;0.82421875,3,True,0.13671875;0.69921875;0.82421875,3,True,0.13671875;0.69921875;0.82421875,True,True,3,0
5395,5,age,69350,69349,128,3,True,0.12109375;0.30078125;0.92578125,3,True,0.12109375;0.30078125;0.92578125,3,True,0.12109375;0.30078125;0.92578125,True,True,3,0
5400,5,age,69359,69360,128,3,True,0.13671875;0.69921875;0.82421875,3,True,0.13671875;0.69921875;0.82421875,3,True,0.13671875;0.69921875;0.82421875,True,True,3,0
5402,5,age,69422,69423,128,3,True,0.13671875;0.69921875;0.82421875,3,True,0.13671875;0.69921875;0.82421875,3,True,0.13671875;0.69921875;0.82421875,True,True,3,0
5404,5,age,69485,69486,128,3,True,0.13671875;0.69921875;0.82421875,3,True,0.13671875;0.69921875;0.82421875,3,True,0.13671875;0.69921875;0.82421875,True,True,3,0
5406,5,age,69546,69547,128,3,True,0.07421875;0.69921875;0.76171875,3,True,0.07421875;0.69921875;0.76171875,3,True,0.07421875;0.69921875;0.76171875,True,True,3,0
5408,5,age,69548,69549,128,3,True,0.13671875;0.69921875;0.82421875,3,True,0.13671875;0.69921875;0.82421875,3,True,0.13671875;0.69921875;0.82421875,True,True,3,0
5410,5,age,69609,69610,128,3,True,0.07421875;0.69921875;0.97265625,3,True,0.07421875;0.69921875;0.97265625,3,True,0.07421875;0.69921875;0.97265625,True,True,3,0
5412,5,age,69611,69612,128,3,True,0.13671875;0.69921875;0.82421875,3,True,0.13671875;0.69921875;0.82421875,3,True,0.13671875;0.69921875;0.82421875,True,True,3,0
5413,5,age,69665,69664,128,3,True,0.12109375;0.30078125;0.92578125,3,True,0.12109375;0.30078125;0.92578125,3,True,0.12109375;0.30078125;0.92578125,True,True,3,0
5418,5,age,69674,69675,128,3,True,0.13671875;0.69921875;0.82421875,3,True,0.13671875;0.69921875;0.82421875,3,True,0.13671875;0.69921875;0.82421875,True,True,3,0
5420,5,age,69737,69738,128,3,True,0.13671875;0.69921875;0.82421875,3,True,0.13671875;0.69921875;0.82421875,3,True,0.13671875;0.69921875;0.82421875,True,True,3,0
5422,5,age,69800,69801,128,3,True,0.13671875;0.69921875;0.82421875,3,True,0.13671875;0.69921875;0.82421875,3,True,0.13671875;0.69921875;0.82421875,True,True,3,0
5424,5,age,69861,69862,128,3,True,0.07421875;0.69921875;0.76171875,3,True,0.07421875;0.69921875;0.76171875,3,True,0.07421875;0.69921875;0.76171875,True,True,3,0
5426,5,age,69863,69864,128,3,True,0.13671875;0.69921875;0.82421875,3,True,0.13671875;0.69921875;0.82421875,3,True,0.13671875;0.69921875;0.82421875,True,True,3,0
5428,5,age,69924,69925,128,3,True,0.07421875;0.69921875;0.97265625,3,True,0.07421875;0.69921875;0.97265625,3,True,0.07421875;0.69921875;0.97265625,True,True,3,0
5430,5,age,69926,69927,128,3,True,0.13671875;0.69921875;0.82421875,3,True,0.13671875;0.69921875;0.82421875,3,True,0.13671875;0.69921875;0.82421875,True,True,3,0
5431,5,age,69980,69979,128,3,True,0.12109375;0.30078125;0.92578125,3,True,0.12109375;0.30078125;0.92578125,3,True,0.12109375;0.30078125;0.92578125,True,True,3,0
5436,5,age,69989,69990,128,3,True,0.13671875;0.69921875;0.82421875,3,True,0.13671875;0.69921875;0.82421875,3,True,0.13671875;0.69921875;0.82421875,True,True,3,0
5438,5,age,70052,70053,128,3,True,0.13671875;0.69921875;0.82421875,3,True,0.13671875;0.69921875;0.82421875,3,True,0.13671875;0.69921875;0.82421875,True,True,3,0
5440,5,age,70115,70116,128,3,True,0.13671875;0.69921875;0.82421875,3,True,0.13671875;0.69921875;0.82421875,3,True,0.13671875;0.69921875;0.82421875,True,True,3,0
5442,5,age,70176,70177,128,3,True,0.07421875;0.69921875;0.76171875,3,True,0.07421875;0.69921875;0.76171875,3,True,0.07421875;0.69921875;0.76171875,True,True,3,0
5444,5,age,70178,70179,128,3,True,0.13671875;0.69921875;0.82421875,3,True,0.13671875;0.69921875;0.82421875,3,True,0.13671875;0.69921875;0.82421875,True,True,3,0
5446,5,age,70239,70240,128,3,True,0.07421875;0.69921875;0.97265625,3,True,0.07421875;0.69921875;0.97265625,3,True,0.07421875;0.69921875;0.97265625,True,True,3,0
5448,5,age,70241,70242,128,3,True,0.13671875;0.69921875;0.82421875,3,True,0.13671875;0.69921875;0.82421875,3,True,0.13671875;0.69921875;0.82421875,True,True,3,0
5449,5,age,70295,70294,128,3,True,0.12109375;0.30078125;0.92578125,3,True,0.12109375;0.30078125;0.92578125,3,True,0.12109375;0.30078125;0.92578125,True,True,3,0
5454,5,age,70304,70305,128,3,True,0.13671875;0.69921875;0.82421875,3,True,0.13671875;0.69921875;0.82421875,3,True,0.13671875;0.69921875;0.82421875,True,True,3,0
5456,5,age,70367,70368,128,3,True,0.13671875;0.69921875;0.82421875,3,True,0.13671875;0.69921875;0.82421875,3,True,0.13671875;0.69921875;0.82421875,True,True,3,0
5458,5,age,70430,70431,128,3,True,0.13671875;0.69921875;0.82421875,3,True,0.13671875;0.69921875;0.82421875,3,True,0.13671875;0.69921875;0.82421875,True,True,3,0
5460,5,age,70491,70492,128,3,True,0.07421875;0.69921875;0.76171875,3,True,0.07421875;0.69921875;0.76171875,3,True,0.07421875;0.69921875;0.76171875,True,True,3,0
5462,5,age,70493,70494,128,3,True,0.13671875;0.69921875;0.82421875,3,True,0.13671875;0.69921875;0.82421875,3,True,0.13671875;0.69921875;0.82421875,True,True,3,0
5464,5,age,70554,70555,128,3,True,0.07421875;0.69921875;0.97265625,3,True,0.07421875;0.69921875;0.97265625,3,True,0.07421875;0.69921875;0.97265625,True,True,3,0
5466,5,age,70556,70557,128,3,True,0.13671875;0.69921875;0.82421875,3,True,0.13671875;0.69921875;0.82421875,3,True,0.13671875;0.69921875;0.82421875,True,True,3,0
5467,5,age,70610,70609,128,3,True,0.12109375;0.30078125;0.92578125,3,True,0.12109375;0.30078125;0.92578125,3,True,0.12109375;0.30078125;0.92578125,True,True,3,0
5472,5,age,70619,70620,128,3,True,0.13671875;0.69921875;0.82421875,3,True,0.13671875;0.69921875;0.82421875,3,True,0.13671875;0.69921875;0.82421875,True,True,3,0
5474,5,age,70682,70683,128,3,True,0.13671875;0.69921875;0.82421875,3,True,0.13671875;0.69921875;0.82421875,3,True,0.13671875;0.69921875;0.82421875,True,True,3,0
5476,5,age,70745,70746,128,3,True,0.13671875;0.69921875;0.82421875,3,True,0.13671875;0.69921875;0.82421875,3,True,0.13671875;0.69921875;0.82421875,True,True,3,0
5478,5,age,70806,70807,128,3,True,0.07421875;0.69921875;0.76171875,3,True,0.07421875;0.69921875;0.76171875,3,True,0.07421875;0.69921875;0.76171875,True,True,3,0
5480,5,age,70808,70809,128,3,True,0.13671875;0.69921875;0.82421875,3,True,0.13671875;0.69921875;0.82421875,3,True,0.13671875;0.69921875;0.82421875,True,True,3,0
5482,5,age,70869,70870,128,3,True,0.07421875;0.69921875;0.97265625,3,True,0.07421875;0.69921875;0.97265625,3,True,0.07421875;0.69921875;0.97265625,True,True,3,0
5484,5,age,70871,70872,128,3,True,0.13671875;0.69921875;0.82421875,3,True,0.13671875;0.69921875;0.82421875,3,True,0.13671875;0.69921875;0.82421875,True,True,3,0
5485,5,age,70925,70924,128,3,True,0.12109375;0.30078125;0.92578125,3,True,0.12109375;0.30078125;0.92578125,3,True,0.12109375;0.30078125;0.92578125,True,True,3,0
5490,5,age,70934,70935,128,3,True,0.13671875;0.69921875;0.82421875,3,True,0.13671875;0.69921875;0.82421875,3,True,0.13671875;0.69921875;0.82421875,True,True,3,0
5492,5,age,70997,70998,128,3,True,0.13671875;0.69921875;0.82421875,3,True,0.13671875;0.69921875;0.82421875,3,True,0.13671875;0.69921875;0.82421875,True,True,3,0
5494,5,age,71060,71061,128,3,True,0.13671875;0.69921875;0.82421875,3,True,0.13671875;0.69921875;0.82421875,3,True,0.13671875;0.69921875;0.82421875,True,True,3,0
5496,5,age,71121,71122,128,3,True,0.07421875;0.69921875;0.76171875,3,True,0.07421875;0.69921875;0.76171875,3,True,0.07421875;0.69921875;0.76171875,True,True,3,0
5498,5,age,71123,71124,128,3,True,0.13671875;0.69921875;0.82421875,3,True,0.13671875;0.69921875;0.82421875,3,True,0.13671875;0.69921875;0.82421875,True,True,3,0
5500,5,age,71184,71185,128,3,True,0.07421875;0.69921875;0.97265625,3,True,0.07421875;0.69921875;0.97265625,3,True,0.07421875;0.69921875;0.97265625,True,True,3,0
5502,5,age,71186,71187,128,3,True,0.13671875;0.69921875;0.82421875,3,True,0.13671875;0.69921875;0.82421875,3,True,0.13671875;0.69921875;0.82421875,True,True,3,0
5503,5,age,71240,71239,128,3,True,0.12109375;0.30078125;0.92578125,3,True,0.12109375;0.30078125;0.92578125,3,True,0.12109375;0.30078125;0.92578125,True,True,3,0
5508,5,age,71249,71250,128,3,True,0.13671875;0.69921875;0.82421875,3,True,0.13671875;0.69921875;0.82421875,3,True,0.13671875;0.69921875;0.82421875,True,True,3,0
5510,5,age,71312,71313,128,3,True,0.13671875;0.69921875;0.82421875,3,True,0.13671875;0.69921875;0.82421875,3,True,0.13671875;0.69921875;0.82421875,True,True,3,0
5512,5,age,71375,71376,128,3,True,0.13671875;0.69921875;0.82421875,3,True,0.13671875;0.69921875;0.82421875,3,True,0.13671875;0.69921875;0.82421875,True,True,3,0
5514,5,age,71436,71437,128,3,True,0.07421875;0.69921875;0.76171875,3,True,0.07421875;0.69921875;0.76171875,3,True,0.07421875;0.69921875;0.76171875,True,True,3,0
5516,5,age,71438,71439,128,3,True,0.13671875;0.69921875;0.82421875,3,True,0.13671875;0.69921875;0.82421875,3,True,0.13671875;0.69921875;0.82421875,True,True,3,0
5518,5,age,71499,71500,128,3,True,0.07421875;0.69921875;0.97265625,3,True,0.07421875;0.69921875;0.97265625,3,True,0.07421875;0.69921875;0.97265625,True,True,3,0
5520,5,age,71501,71502,128,3,True,0.13671875;0.69921875;0.82421875,3,True,0.13671875;0.69921875;0.82421875,3,True,0.13671875;0.69921875;0.82421875,True,True,3,0
5521,5,age,71555,71554,128,3,True,0.12109375;0.30078125;0.92578125,3,True,0.12109375;0.30078125;0.92578125,3,True,0.12109375;0.30078125;0.92578125,True,True,3,0
5526,5,age,71564,71565,128,3,True,0.13671875;0.69921875;0.82421875,3,True,0.13671875;0.69921875;0.82421875,3,True,0.13671875;0.69921875;0.82421875,True,True,3,0
5528,5,age,71627,71628,128,3,True,0.13671875;0.69921875;0.82421875,3,True,0.13671875;0.69921875;0.82421875,3,True,0.13671875;0.69921875;0.82421875,True,True,3,0
5530,5,age,71690,71691,128,3,True,0.13671875;0.69921875;0.82421875,3,True,0.13671875;0.69921875;0.82421875,3,True,0.13671875;0.69921875;0.82421875,True,True,3,0
5532,5,age,71751,71752,128,3,True,0.07421875;0.69921875;0.76171875,3,True,0.07421875;0.69921875;0.76171875,3,True,0.07421875;0.69921875;0.76171875,True,True,3,0
5534,5,age,71753,71754,128,3,True,0.13671875;0.69921875;0.82421875,3,True,0.13671875;0.69921875;0.82421875,3,True,0.13671875;0.69921875;0.82421875,True,True,3,0
5536,5,age,71814,71815,128,3,True,0.07421875;0.69921875;0.97265625,3,True,0.07421875;0.69921875;0.97265625,3,True,0.07421875;0.69921875;0.97265625,True,True,3,0
5538,5,age,71816,71817,128,3,True,0.13671875;0.69921875;0.82421875,3,True,0.13671875;0.69921875;0.82421875,3,True,0.13671875;0.69921875;0.82421875,True,True,3,0
5539,5,age,71870,71869,128,3,True,0.12109375;0.30078125;0.92578125,3,True,0.12109375;0.30078125;0.92578125,3,True,0.12109375;0.30078125;0.92578125,True,True,3,0
5544,5,age,71879,71880,128,3,True,0.13671875;0.69921875;0.82421875,3,True,0.13671875;0.69921875;0.82421875,3,True,0.13671875;0.69921875;0.82421875,True,True,3,0
5546,5,age,71942,71943,128,3,True,0.13671875;0.69921875;0.82421875,3,True,0.13671875;0.69921875;0.82421875,3,True,0.13671875;0.69921875;0.82421875,True,True,3,0
5548,5,age,72005,72006,128,3,True,0.13671875;0.69921875;0.82421875,3,True,0.13671875;0.69921875;0.82421875,3,True,0.13671875;0.69921875;0.82421875,True,True,3,0
5550,5,age,72066,72067,128,3,True,0.07421875;0.69921875;0.76171875,3,True,0.07421875;0.69921875;0.76171875,3,True,0.07421875;0.69921875;0.76171875,True,True,3,0
5552,5,age,72068,72069,128,3,True,0.13671875;0.69921875;0.82421875,3,True,0.13671875;0.69921875;0.82421875,3,True,0.13671875;0.69921875;0.82421875,True,True,3,0
5554,5,age,72129,72130,128,3,True,0.07421875;0.69921875;0.97265625,3,True,0.07421875;0.69921875;0.97265625,3,True,0.07421875;0.69921875;0.97265625,True,True,3,0
5556,5,age,72131,72132,128,3,True,0.13671875;0.69921875;0.82421875,3,True,0.13671875;0.69921875;0.82421875,3,True,0.13671875;0.69921875;0.82421875,True,True,3,0
5557,5,age,72185,72184,128,3,True,0.12109375;0.30078125;0.92578125,3,True,0.12109375;0.30078125;0.92578125,3,True,0.12109375;0.30078125;0.92578125,True,True,3,0
5562,5,age,72194,72195,128,3,True,0.13671875;0.69921875;0.82421875,3,True,0.13671875;0.69921875;0.82421875,3,True,0.13671875;0.69921875;0.82421875,True,True,3,0
5564,5,age,72257,72258,128,3,True,0.13671875;0.69921875;0.82421875,3,True,0.13671875;0.69921875;0.82421875,3,True,0.13671875;0.69921875;0.82421875,True,True,3,0
5566,5,age,72320,72321,128,3,True,0.13671875;0.69921875;0.82421875,3,True,0.13671875;0.69921875;0.82421875,3,True,0.13671875;0.69921875;0.82421875,True,True,3,0
5568,5,age,72381,72382,128,3,True,0.07421875;0.69921875;0.76171875,3,True,0.07421875;0.69921875;0.76171875,3,True,0.07421875;0.69921875;0.76171875,True,True,3,0
5570,5,age,72383,72384,128,3,True,0.13671875;0.69921875;0.82421875,3,True,0.13671875;0.69921875;0.82421875,3,True,0.13671875;0.69921875;0.82421875,True,True,3,0
5572,5,age,72444,72445,128,3,True,0.07421875;0.69921875;0.97265625,3,True,0.07421875;0.69921875;0.97265625,3,True,0.07421875;0.69921875;0.97265625,True,True,3,0
5574,5,age,72446,72447,128,3,True,0.13671875;0.69921875;0.82421875,3,True,0.13671875;0.69921875;0.82421875,3,True,0.13671875;0.69921875;0.82421875,True,True,3,0
5575,5,age,72500,72499,128,3,True,0.12109375;0.30078125;0.92578125,3,True,0.12109375;0.30078125;0.92578125,3,True,0.12109375;0.30078125;0.92578125,True,True,3,0
5580,5,age,72509,72510,128,3,True,0.13671875;0.69921875;0.82421875,3,True,0.13671875;0.69921875;0.82421875,3,True,0.13671875;0.69921875;0.82421875,True,True,3,0
5582,5,age,72572,72573,128,3,True,0.13671875;0.69921875;0.82421875,3,True,0.13671875;0.69921875;0.82421875,3,True,0.13671875;0.69921875;0.82421875,True,True,3,0
5584,5,age,72635,72636,128,3,True,0.13671875;0.69921875;0.82421875,3,True,0.13671875;0.69921875;0.82421875,3,True,0.13671875;0.69921875;0.82421875,True,True,3,0
5586,5,age,72696,72697,128,3,True,0.07421875;0.69921875;0.76171875,3,True,0.07421875;0.69921875;0.76171875,3,True,0.07421875;0.69921875;0.76171875,True,True,3,0
5588,5,age,72698,72699,128,3,True,0.13671875;0.69921875;0.82421875,3,True,0.13671875;0.69921875;0.82421875,3,True,0.13671875;0.69921875;0.82421875,True,True,3,0
5590,5,age,72759,72760,128,3,True,0.07421875;0.69921875;0.97265625,3,True,0.07421875;0.69921875;0.97265625,3,True,0.07421875;0.69921875;0.97265625,True,True,3,0
5592,5,age,72761,72762,128,3,True,0.13671875;0.69921875;0.82421875,3,True,0.13671875;0.69921875;0.82421875,3,True,0.13671875;0.69921875;0.82421875,True,True,3,0
5593,5,age,72815,72814,128,3,True,0.12109375;0.30078125;0.92578125,3,True,0.12109375;0.30078125;0.92578125,3,True,0.12109375;0.30078125;0.92578125,True,True,3,0
5598,5,age,72824,72825,128,3,True,0.13671875;0.69921875;0.82421875,3,True,0.13671875;0.69921875;0.82421875,3,True,0.13671875;0.69921875;0.82421875,True,True,3,0
5600,5,age,72887,72888,128,3,True,0.13671875;0.69921875;0.82421875,3,True,0.13671875;0.69921875;0.82421875,3,True,0.13671875;0.69921875;0.82421875,True,True,3,0
5602,5,age,72950,72951,128,3,True,0.13671875;0.69921875;0.82421875,3,True,0.13671875;0.69921875;0.82421875,3,True,0.13671875;0.69921875;0.82421875,True,True,3,0
5604,5,age,73011,73012,128,3,True,0.07421875;0.69921875;0.76171875,3,True,0.07421875;0.69921875;0.76171875,3,True,0.07421875;0.69921875;0.76171875,True,True,3,0
5606,5,age,73013,73014,128,3,True,0.13671875;0.69921875;0.82421875,3,True,0.13671875;0.69921875;0.82421875,3,True,0.13671875;0.69921875;0.82421875,True,True,3,0
5608,5,age,73074,73075,128,3,True,0.07421875;0.69921875;0.97265625,3,True,0.07421875;0.69921875;0.97265625,3,True,0.07421875;0.69921875;0.97265625,True,True,3,0
5610,5,age,73076,73077,128,3,True,0.13671875;0.69921875;0.82421875,3,True,0.13671875;0.69921875;0.82421875,3,True,0.13671875;0.69921875;0.82421875,True,True,3,0
5611,5,age,73130,73129,128,3,True,0.12109375;0.30078125;0.92578125,3,True,0.12109375;0.30078125;0.92578125,3,True,0.12109375;0.30078125;0.92578125,True,True,3,0
5616,5,age,73139,73140,128,3,True,0.13671875;0.69921875;0.82421875,3,True,0.13671875;0.69921875;0.82421875,3,True,0.13671875;0.69921875;0.82421875,True,True,3,0
5618,5,age,73202,73203,128,3,True,0.13671875;0.69921875;0.82421875,3,True,0.13671875;0.69921875;0.82421875,3,True,0.13671875;0.69921875;0.82421875,True,True,3,0
5620,5,age,73265,73266,128,3,True,0.13671875;0.69921875;0.82421875,3,True,0.13671875;0.69921875;0.82421875,3,True,0.13671875;0.69921875;0.82421875,True,True,3,0
5622,5,age,73326,73327,128,3,True,0.07421875;0.69921875;0.76171875,3,True,0.07421875;0.69921875;0.76171875,3,True,0.07421875;0.69921875;0.76171875,True,True,3,0
5624,5,age,73328,73329,128,3,True,0.13671875;0.69921875;0.82421875,3,True,0.13671875;0.69921875;0.82421875,3,True,0.13671875;0.69921875;0.82421875,True,True,3,0
5626,5,age,73389,73390,128,3,True,0.07421875;0.69921875;0.97265625,3,True,0.07421875;0.69921875;0.97265625,3,True,0.07421875;0.69921875;0.97265625,True,True,3,0
5628,5,age,73391,73392,128,3,True,0.13671875;0.69921875;0.82421875,3,True,0.13671875;0.69921875;0.82421875,3,True,0.13671875;0.69921875;0.82421875,True,True,3,0
5629,5,age,73445,73444,128,3,True,0.12109375;0.30078125;0.92578125,3,True,0.12109375;0.30078125;0.92578125,3,True,0.12109375;0.30078125;0.92578125,True,True,3,0
5634,5,age,73454,73455,128,3,True,0.13671875;0.69921875;0.82421875,3,True,0.13671875;0.69921875;0.82421875,3,True,0.13671875;0.69921875;0.82421875,True,True,3,0
5636,5,age,73517,73518,128,3,True,0.13671875;0.69921875;0.82421875,3,True,0.13671875;0.69921875;0.82421875,3,True,0.13671875;0.69921875;0.82421875,True,True,3,0
5638,5,age,73580,73581,128,3,True,0.13671875;0.69921875;0.82421875,3,True,0.13671875;0.69921875;0.82421875,3,True,0.13671875;0.69921875;0.82421875,True,True,3,0
5640,5,age,73641,73642,128,3,True,0.07421875;0.69921875;0.76171875,3,True,0.07421875;0.69921875;0.76171875,3,True,0.07421875;0.69921875;0.76171875,True,True,3,0
5642,5,age,73643,73644,128,3,True,0.13671875;0.69921875;0.82421875,3,True,0.13671875;0.69921875;0.82421875,3,True,0.13671875;0.69921875;0.82421875,True,True,3,0
5644,5,age,73704,73705,128,3,True,0.07421875;0.69921875;0.97265625,3,True,0.07421875;0.69921875;0.97265625,3,True,0.07421875;0.69921875;0.97265625,True,True,3,0
5646,5,age,73706,73707,128,3,True,0.13671875;0.69921875;0.82421875,3,True,0.13671875;0.69921875;0.82421875,3,True,0.13671875;0.69921875;0.82421875,True,True,3,0
5647,5,age,73760,73759,128,3,True,0.12109375;0.30078125;0.92578125,3,True,0.12109375;0.30078125;0.92578125,3,True,0.12109375;0.30078125;0.92578125,True,True,3,0
5652,5,age,73769,73770,128,3,True,0.13671875;0.69921875;0.82421875,3,True,0.13671875;0.69921875;0.82421875,3,True,0.13671875;0.69921875;0.82421875,True,True,3,0
5654,5,age,73832,73833,128,3,True,0.13671875;0.69921875;0.82421875,3,True,0.13671875;0.69921875;0.82421875,3,True,0.13671875;0.69921875;0.82421875,True,True,3,0
5656,5,age,73895,73896,128,3,True,0.13671875;0.69921875;0.82421875,3,True,0.13671875;0.69921875;0.82421875,3,True,0.13671875;0.69921875;0.82421875,True,True,3,0
5658,5,age,73956,73957,128,3,True,0.07421875;0.69921875;0.76171875,3,True,0.07421875;0.69921875;0.76171875,3,True,0.07421875;0.69921875;0.76171875,True,True,3,0
5660,5,age,73958,73959,128,3,True,0.13671875;0.69921875;0.82421875,3,True,0.13671875;0.69921875;0.82421875,3,True,0.13671875;0.69921875;0.82421875,True,True,3,0
5662,5,age,74019,74020,128,3,True,0.07421875;0.69921875;0.97265625,3,True,0.07421875;0.69921875;0.97265625,3,True,0.07421875;0.69921875;0.97265625,True,True,3,0
5664,5,age,74021,74022,128,3,True,0.13671875;0.69921875;0.82421875,3,True,0.13671875;0.69921875;0.82421875,3,True,0.13671875;0.69921875;0.82421875,True,True,3,0
5665,5,age,74075,74074,128,3,True,0.12109375;0.30078125;0.92578125,3,True,0.12109375;0.30078125;0.92578125,3,True,0.12109375;0.30078125;0.92578125,True,True,3,0
5670,5,age,74084,74085,128,3,True,0.13671875;0.69921875;0.82421875,3,True,0.13671875;0.69921875;0.82421875,3,True,0.13671875;0.69921875;0.82421875,True,True,3,0
5672,5,age,74147,74148,128,3,True,0.13671875;0.69921875;0.82421875,3,True,0.13671875;0.69921875;0.82421875,3,True,0.13671875;0.69921875;0.82421875,True,True,3,0
5674,5,age,74210,74211,128,3,True,0.13671875;0.69921875;0.82421875,3,True,0.13671875;0.69921875;0.82421875,3,True,0.13671875;0.69921875;0.82421875,True,True,3,0
5676,5,age,74273,74274,128,3,True,0.13671875;0.69921875;0.82421875,3,True,0.13671875;0.69921875;0.82421875,3,True,0.13671875;0.69921875;0.82421875,True,True,3,0
5678,5,age,74336,74337,128,3,True,0.13671875;0.69921875;0.82421875,3,True,0.13671875;0.69921875;0.82421875,3,True,0.13671875;0.69921875;0.82421875,True,True,3,0
5679,5,age,74390,74389,128,3,True,0.12109375;0.30078125;0.92578125,3,True,0.12109375;0.30078125;0.92578125,3,True,0.12109375;0.30078125;0.92578125,True,True,3,0
5684,5,age,74399,74400,128,3,True,0.13671875;0.69921875;0.82421875,3,True,0.13671875;0.69921875;0.82421875,3,True,0.13671875;0.69921875;0.82421875,True,True,3,0
5686,5,age,74462,74463,128,3,True,0.13671875;0.69921875;0.82421875,3,True,0.13671875;0.69921875;0.82421875,3,True,0.13671875;0.69921875;0.82421875,True,True,3,0
5688,5,age,74525,74526,128,3,True,0.13671875;0.69921875;0.82421875,3,True,0.13671875;0.69921875;0.82421875,3,True,0.13671875;0.69921875;0.82421875,True,True,3,0
5690,5,age,74588,74589,128,3,True,0.13671875;0.69921875;0.82421875,3,True,0.13671875;0.69921875;0.82421875,3,True,0.13671875;0.69921875;0.82421875,True,True,3,0
5692,5,age,74651,74652,128,3,True,0.13671875;0.69921875;0.82421875,3,True,0.13671875;0.69921875;0.82421875,3,True,0.13671875;0.69921875;0.82421875,True,True,3,0
5693,5,age,74705,74704,128,3,True,0.12109375;0.30078125;0.92578125,3,True,0.12109375;0.30078125;0.92578125,3,True,0.12109375;0.30078125;0.92578125,True,True,3,0
5698,5,age,74714,74715,128,3,True,0.13671875;0.69921875;0.82421875,3,True,0.13671875;0.69921875;0.82421875,3,True,0.13671875;0.69921875;0.82421875,True,True,3,0
5700,5,age,74777,74778,128,3,True,0.13671875;0.69921875;0.82421875,3,True,0.13671875;0.69921875;0.82421875,3,True,0.13671875;0.69921875;0.82421875,True,True,3,0
5702,5,age,74840,74841,128,3,True,0.13671875;0.69921875;0.82421875,3,True,0.13671875;0.69921875;0.82421875,3,True,0.13671875;0.69921875;0.82421875,True,True,3,0
5704,5,age,74903,74904,128,3,True,0.13671875;0.69921875;0.82421875,3,True,0.13671875;0.69921875;0.82421875,3,True,0.13671875;0.69921875;0.82421875,True,True,3,0
5706,5,age,74966,74967,128,3,True,0.13671875;0.69921875;0.82421875,3,True,0.13671875;0.69921875;0.82421875,3,True,0.13671875;0.69921875;0.82421875,True,True,3,0
5707,5,age,75020,75019,128,3,True,0.12109375;0.30078125;0.92578125,3,True,0.12109375;0.30078125;0.92578125,3,True,0.12109375;0.30078125;0.92578125,True,True,3,0
5712,5,age,75029,75030,128,3,True,0.13671875;0.69921875;0.82421875,3,True,0.13671875;0.69921875;0.82421875,3,True,0.13671875;0.69921875;0.82421875,True,True,3,0
5714,5,age,75092,75093,128,3,True,0.13671875;0.69921875;0.82421875,3,True,0.13671875;0.69921875;0.82421875,3,True,0.13671875;0.69921875;0.82421875,True,True,3,0
5716,5,age,75155,75156,128,3,True,0.13671875;0.69921875;0.82421875,3,True,0.13671875;0.69921875;0.82421875,3,True,0.13671875;0.69921875;0.82421875,True,True,3,0
5718,5,age,75216,75217,128,3,True,0.07421875;0.69921875;0.76171875,3,True,0.07421875;0.69921875;0.76171875,3,True,0.07421875;0.69921875;0.76171875,True,True,3,0
5720,5,age,75218,75219,128,3,True,0.13671875;0.69921875;0.82421875,3,True,0.13671875;0.69921875;0.82421875,3,True,0.13671875;0.69921875;0.82421875,True,True,3,0
5722,5,age,75279,75280,128,3,True,0.07421875;0.69921875;0.97265625,3,True,0.07421875;0.69921875;0.97265625,3,True,0.07421875;0.69921875;0.97265625,True,True,3,0
5724,5,age,75281,75282,128,3,True,0.13671875;0.69921875;0.82421875,3,True,0.13671875;0.69921875;0.82421875,3,True,0.13671875;0.69921875;0.82421875,True,True,3,0
5725,5,age,75335,75334,128,3,True,0.12109375;0.30078125;0.92578125,3,True,0.12109375;0.30078125;0.92578125,3,True,0.12109375;0.30078125;0.92578125,True,True,3,0
5730,5,age,75344,75345,128,3,True,0.13671875;0.69921875;0.82421875,3,True,0.13671875;0.69921875;0.82421875,3,True,0.13671875;0.69921875;0.82421875,True,True,3,0
5732,5,age,75407,75408,128,3,True,0.13671875;0.69921875;0.82421875,3,True,0.13671875;0.69921875;0.82421875,3,True,0.13671875;0.69921875;0.82421875,True,True,3,0
5734,5,age,75470,75471,128,3,True,0.13671875;0.69921875;0.82421875,3,True,0.13671875;0.69921875;0.82421875,3,True,0.13671875;0.69921875;0.82421875,True,True,3,0
5736,5,age,75531,75532,128,3,True,0.07421875;0.69921875;0.76171875,3,True,0.07421875;0.69921875;0.76171875,3,True,0.07421875;0.69921875;0.76171875,True,True,3,0
5738,5,age,75533,75534,128,3,True,0.13671875;0.69921875;0.82421875,3,True,0.13671875;0.69921875;0.82421875,3,True,0.13671875;0.69921875;0.82421875,True,True,3,0
5740,5,age,75594,75595,128,3,True,0.07421875;0.69921875;0.97265625,3,True,0.07421875;0.69921875;0.97265625,3,True,0.07421875;0.69921875;0.97265625,True,True,3,0
5742,5,age,75596,75597,128,3,True,0.13671875;0.69921875;0.82421875,3,True,0.13671875;0.69921875;0.82421875,3,True,0.13671875;0.69921875;0.82421875,True,True,3,0
5743,5,age,75650,75649,128,3,True,0.12109375;0.30078125;0.92578125,3,True,0.12109375;0.30078125;0.92578125,3,True,0.12109375;0.30078125;0.92578125,True,True,3,0
5748,5,age,75659,75660,128,3,True,0.13671875;0.69921875;0.82421875,3,True,0.13671875;0.69921875;0.82421875,3,True,0.13671875;0.69921875;0.82421875,True,True,3,0
5750,5,age,75722,75723,128,3,True,0.13671875;0.69921875;0.82421875,3,True,0.13671875;0.69921875;0.82421875,3,True,0.13671875;0.69921875;0.82421875,True,True,3,0
5752,5,age,75785,75786,128,3,True,0.13671875;0.69921875;0.82421875,3,True,0.13671875;0.69921875;0.82421875,3,True,0.13671875;0.69921875;0.82421875,True,True,3,0
5754,5,age,75848,75849,128,3,True,0.13671875;0.69921875;0.82421875,3,True,0.13671875;0.69921875;0.82421875,3,True,0.13671875;0.69921875;0.82421875,True,True,3,0
5756,5,age,75911,75912,128,3,True,0.13671875;0.69921875;0.82421875,3,True,0.13671875;0.69921875;0.82421875,3,True,0.13671875;0.69921875;0.82421875,True,True,3,0
5757,5,age,75965,75964,128,3,True,0.12109375;0.30078125;0.92578125,3,True,0.12109375;0.30078125;0.92578125,3,True,0.12109375;0.30078125;0.92578125,True,True,3,0
5762,5,age,75974,75975,128,3,True,0.13671875;0.69921875;0.82421875,3,True,0.13671875;0.69921875;0.82421875,3,True,0.13671875;0.69921875;0.82421875,True,True,3,0
5764,5,age,76037,76038,128,3,True,0.13671875;0.69921875;0.82421875,3,True,0.13671875;0.69921875;0.82421875,3,True,0.13671875;0.69921875;0.82421875,True,True,3,0
5766,5,age,76100,76101,128,3,True,0.13671875;0.69921875;0.82421875,3,True,0.13671875;0.69921875;0.82421875,3,True,0.13671875;0.69921875;0.82421875,True,True,3,0
5768,5,age,76163,76164,128,3,True,0.13671875;0.69921875;0.82421875,3,True,0.13671875;0.69921875;0.82421875,3,True,0.13671875;0.69921875;0.82421875,True,True,3,0
5770,5,age,76226,76227,128,3,True,0.13671875;0.69921875;0.82421875,3,True,0.13671875;0.69921875;0.82421875,3,True,0.13671875;0.69921875;0.82421875,True,True,3,0
5771,5,age,76280,76279,128,3,True,0.12109375;0.30078125;0.92578125,3,True,0.12109375;0.30078125;0.92578125,3,True,0.12109375;0.30078125;0.92578125,True,True,3,0
5776,5,age,76289,76290,128,3,True,0.13671875;0.69921875;0.82421875,3,True,0.13671875;0.69921875;0.82421875,3,True,0.13671875;0.69921875;0.82421875,True,True,3,0
5778,5,age,76352,76353,128,3,True,0.13671875;0.69921875;0.82421875,3,True,0.13671875;0.69921875;0.82421875,3,True,0.13671875;0.69921875;0.82421875,True,True,3,0
5780,5,age,76415,76416,128,3,True,0.13671875;0.69921875;0.82421875,3,True,0.13671875;0.69921875;0.82421875,3,True,0.13671875;0.69921875;0.82421875,True,True,3,0
5782,5,age,76478,76479,128,3,True,0.13671875;0.69921875;0.82421875,3,True,0.13671875;0.69921875;0.82421875,3,True,0.13671875;0.69921875;0.82421875,True,True,3,0
5784,5,age,76541,76542,128,3,True,0.13671875;0.69921875;0.82421875,3,True,0.13671875;0.69921875;0.82421875,3,True,0.13671875;0.69921875;0.82421875,True,True,3,0
5785,5,age,76595,76594,128,3,True,0.12109375;0.30078125;0.92578125,3,True,0.12109375;0.30078125;0.92578125,3,True,0.12109375;0.30078125;0.92578125,True,True,3,0
5790,5,age,76604,76605,128,3,True,0.13671875;0.69921875;0.82421875,3,True,0.13671875;0.69921875;0.82421875,3,True,0.13671875;0.69921875;0.82421875,True,True,3,0
5792,5,age,76667,76668,128,3,True,0.13671875;0.69921875;0.82421875,3,True,0.13671875;0.69921875;0.82421875,3,True,0.13671875;0.69921875;0.82421875,True,True,3,0
5794,5,age,76730,76731,128,3,True,0.13671875;0.69921875;0.82421875,3,True,0.13671875;0.69921875;0.82421875,3,True,0.13671875;0.69921875;0.82421875,True,True,3,0
5796,5,age,76791,76792,128,3,True,0.07421875;0.69921875;0.76171875,3,True,0.07421875;0.69921875;0.76171875,3,True,0.07421875;0.69921875;0.76171875,True,True,3,0
5798,5,age,76793,76794,128,3,True,0.13671875;0.69921875;0.82421875,3,True,0.13671875;0.69921875;0.82421875,3,True,0.13671875;0.69921875;0.82421875,True,True,3,0
5800,5,age,76854,76855,128,3,True,0.07421875;0.69921875;0.97265625,3,True,0.07421875;0.69921875;0.97265625,3,True,0.07421875;0.69921875;0.97265625,True,True,3,0
5802,5,age,76856,76857,128,3,True,0.13671875;0.69921875;0.82421875,3,True,0.13671875;0.69921875;0.82421875,3,True,0.13671875;0.69921875;0.82421875,True,True,3,0
5803,5,age,76910,76909,128,3,True,0.12109375;0.30078125;0.92578125,3,True,0.12109375;0.30078125;0.92578125,3,True,0.12109375;0.30078125;0.92578125,True,True,3,0
5808,5,age,76919,76920,128,3,True,0.13671875;0.69921875;0.82421875,3,True,0.13671875;0.69921875;0.82421875,3,True,0.13671875;0.69921875;0.82421875,True,True,3,0
5810,5,age,76982,76983,128,3,True,0.13671875;0.69921875;0.82421875,3,True,0.13671875;0.69921875;0.82421875,3,True,0.13671875;0.69921875;0.82421875,True,True,3,0
5812,5,age,77045,77046,128,3,True,0.13671875;0.69921875;0.82421875,3,True,0.13671875;0.69921875;0.82421875,3,True,0.13671875;0.69921875;0.82421875,True,True,3,0
5814,5,age,77106,77107,128,3,True,0.07421875;0.69921875;0.76171875,3,True,0.07421875;0.69921875;0.76171875,3,True,0.07421875;0.69921875;0.76171875,True,True,3,0
5816,5,age,77108,77109,128,3,True,0.13671875;0.69921875;0.82421875,3,True,0.13671875;0.69921875;0.82421875,3,True,0.13671875;0.69921875;0.82421875,True,True,3,0
5818,5,age,77169,77170,128,3,True,0.07421875;0.69921875;0.97265625,3,True,0.07421875;0.69921875;0.97265625,3,True,0.07421875;0.69921875;0.97265625,True,True,3,0
5820,5,age,77171,77172,128,3,True,0.13671875;0.69921875;0.82421875,3,True,0.13671875;0.69921875;0.82421875,3,True,0.13671875;0.69921875;0.82421875,True,True,3,0
5821,5,age,78170,78169,128,3,True,0.12109375;0.30078125;0.92578125,3,True,0.12109375;0.30078125;0.92578125,3,True,0.12109375;0.30078125;0.92578125,True,True,3,0
5826,5,age,78179,78180,128,3,True,0.13671875;0.69921875;0.82421875,3,True,0.13671875;0.69921875;0.82421875,3,True,0.13671875;0.69921875;0.82421875,True,True,3,0
5828,5,age,78242,78243,128,3,True,0.13671875;0.69921875;0.82421875,3,True,0.13671875;0.69921875;0.82421875,3,True,0.13671875;0.69921875;0.82421875,True,True,3,0
5830,5,age,78305,78306,128,3,True,0.13671875;0.69921875;0.82421875,3,True,0.13671875;0.69921875;0.82421875,3,True,0.13671875;0.69921875;0.82421875,True,True,3,0
5832,5,age,78366,78367,128,3,True,0.07421875;0.69921875;0.76171875,3,True,0.07421875;0.69921875;0.76171875,3,True,0.07421875;0.69921875;0.76171875,True,True,3,0
5834,5,age,78368,78369,128,3,True,0.13671875;0.69921875;0.82421875,3,True,0.13671875;0.69921875;0.82421875,3,True,0.13671875;0.69921875;0.82421875,True,True,3,0
5836,5,age,78429,78430,128,3,True,0.07421875;0.69921875;0.97265625,3,True,0.07421875;0.69921875;0.97265625,3,True,0.07421875;0.69921875;0.97265625,True,True,3,0
5838,5,age,78431,78432,128,3,True,0.13671875;0.69921875;0.82421875,3,True,0.13671875;0.69921875;0.82421875,3,True,0.13671875;0.69921875;0.82421875,True,True,3,0
5839,5,age,78485,78484,128,3,True,0.12109375;0.30078125;0.92578125,3,True,0.12109375;0.30078125;0.92578125,3,True,0.12109375;0.30078125;0.92578125,True,True,3,0
5844,5,age,78494,78495,128,3,True,0.13671875;0.69921875;0.82421875,3,True,0.13671875;0.69921875;0.82421875,3,True,0.13671875;0.69921875;0.82421875,True,True,3,0
5846,5,age,78557,78558,128,3,True,0.13671875;0.69921875;0.82421875,3,True,0.13671875;0.69921875;0.82421875,3,True,0.13671875;0.69921875;0.82421875,True,True,3,0
5848,5,age,78620,78621,128,3,True,0.13671875;0.69921875;0.82421875,3,True,0.13671875;0.69921875;0.82421875,3,True,0.13671875;0.69921875;0.82421875,True,True,3,0
5850,5,age,78681,78682,128,3,True,0.07421875;0.69921875;0.76171875,3,True,0.07421875;0.69921875;0.76171875,3,True,0.07421875;0.69921875;0.76171875,True,True,3,0
5852,5,age,78683,78684,128,3,True,0.13671875;0.69921875;0.82421875,3,True,0.13671875;0.69921875;0.82421875,3,True,0.13671875;0.69921875;0.82421875,True,True,3,0
5854,5,age,78744,78745,128,3,True,0.07421875;0.69921875;0.97265625,3,True,0.07421875;0.69921875;0.97265625,3,True,0.07421875;0.69921875;0.97265625,True,True,3,0
5856,5,age,78746,78747,128,3,True,0.13671875;0.69921875;0.82421875,3,True,0.13671875;0.69921875;0.82421875,3,True,0.13671875;0.69921875;0.82421875,True,True,3,0
5857,5,age,79745,79744,128,3,True,0.12109375;0.30078125;0.92578125,3,True,0.12109375;0.30078125;0.92578125,3,True,0.12109375;0.30078125;0.92578125,True,True,3,0
5862,5,age,79754,79755,128,3,True,0.13671875;0.69921875;0.82421875,3,True,0.13671875;0.69921875;0.82421875,3,True,0.13671875;0.69921875;0.82421875,True,True,3,0
5864,5,age,79817,79818,128,3,True,0.13671875;0.69921875;0.82421875,3,True,0.13671875;0.69921875;0.82421875,3,True,0.13671875;0.69921875;0.82421875,True,True,3,0
5866,5,age,79880,79881,128,3,True,0.13671875;0.69921875;0.82421875,3,True,0.13671875;0.69921875;0.82421875,3,True,0.13671875;0.69921875;0.82421875,True,True,3,0
5868,5,age,79943,79944,128,3,True,0.13671875;0.69921875;0.82421875,3,True,0.13671875;0.69921875;0.82421875,3,True,0.13671875;0.69921875;0.82421875,True,True,3,0
5870,5,age,80006,80007,128,3,True,0.13671875;0.69921875;0.82421875,3,True,0.13671875;0.69921875;0.82421875,3,True,0.13671875;0.69921875;0.82421875,True,True,3,0
5871,5,age,80060,80059,128,3,True,0.12109375;0.30078125;0.92578125,3,True,0.12109375;0.30078125;0.92578125,3,True,0.12109375;0.30078125;0.92578125,True,True,3,0
5876,5,age,80069,80070,128,3,True,0.13671875;0.69921875;0.82421875,3,True,0.13671875;0.69921875;0.82421875,3,True,0.13671875;0.69921875;0.82421875,True,True,3,0
5878,5,age,80132,80133,128,3,True,0.13671875;0.69921875;0.82421875,3,True,0.13671875;0.69921875;0.82421875,3,True,0.13671875;0.69921875;0.82421875,True,True,3,0
5880,5,age,80195,80196,128,3,True,0.13671875;0.69921875;0.82421875,3,True,0.13671875;0.69921875;0.82421875,3,True,0.13671875;0.69921875;0.82421875,True,True,3,0
5882,5,age,80258,80259,128,3,True,0.13671875;0.69921875;0.82421875,3,True,0.13671875;0.69921875;0.82421875,3,True,0.13671875;0.69921875;0.82421875,True,True,3,0
5884,5,age,80321,80322,128,3,True,0.13671875;0.69921875;0.82421875,3,True,0.13671875;0.69921875;0.82421875,3,True,0.13671875;0.69921875;0.82421875,True,True,3,0
5886,5,age,83721,83722,128,3,True,0.07421875;0.69921875;0.76171875,3,True,0.07421875;0.69921875;0.76171875,3,True,0.07421875;0.69921875;0.76171875,True,True,3,0
5888,5,age,83784,83785,128,3,True,0.07421875;0.69921875;0.97265625,3,True,0.07421875;0.69921875;0.97265625,3,True,0.07421875;0.69921875;0.97265625,True,True,3,0
5890,5,age,84036,84037,128,3,True,0.07421875;0.69921875;0.76171875,3,True,0.07421875;0.69921875;0.76171875,3,True,0.07421875;0.69921875;0.76171875,True,True,3,0
5892,5,age,84099,84100,128,3,True,0.07421875;0.69921875;0.97265625,3,True,0.07421875;0.69921875;0.97265625,3,True,0.07421875;0.69921875;0.97265625,True,True,3,0
5894,5,age,84351,84352,128,3,True,0.07421875;0.69921875;0.76171875,3,True,0.07421875;0.69921875;0.76171875,3,True,0.07421875;0.69921875;0.76171875,True,True,3,0
5896,5,age,84414,84415,128,3,True,0.07421875;0.69921875;0.97265625,3,True,0.07421875;0.69921875;0.97265625,3,True,0.07421875;0.69921875;0.97265625,True,True,3,0
5898,5,age,84666,84667,128,3,True,0.07421875;0.69921875;0.76171875,3,True,0.07421875;0.69921875;0.76171875,3,True,0.07421875;0.69921875;0.76171875,True,True,3,0
5900,5,age,84729,84730,128,3,True,0.07421875;0.69921875;0.97265625,3,True,0.07421875;0.69921875;0.97265625,3,True,0.07421875;0.69921875;0.97265625,True,True,3,0
5902,5,age,84981,84982,128,3,True,0.07421875;0.69921875;0.76171875,3,True,0.07421875;0.69921875;0.76171875,3,True,0.07421875;0.69921875;0.76171875,True,True,3,0
5904,5,age,85044,85045,128,3,True,0.07421875;0.69921875;0.97265625,3,True,0.07421875;0.69921875;0.97265625,3,True,0.07421875;0.69921875;0.97265625,True,True,3,0
5905,5,age,85100,85099,128,3,True,0.12109375;0.30078125;0.92578125,3,True,0.12109375;0.30078125;0.92578125,3,True,0.12109375;0.30078125;0.92578125,True,True,3,0
5910,5,age,85109,85110,128,3,True,0.13671875;0.69921875;0.82421875,3,True,0.13671875;0.69921875;0.82421875,3,True,0.13671875;0.69921875;0.82421875,True,True,3,0
5912,5,age,85172,85173,128,3,True,0.13671875;0.69921875;0.82421875,3,True,0.13671875;0.69921875;0.82421875,3,True,0.13671875;0.69921875;0.82421875,True,True,3,0
5914,5,age,85235,85236,128,3,True,0.13671875;0.69921875;0.82421875,3,True,0.13671875;0.69921875;0.82421875,3,True,0.13671875;0.69921875;0.82421875,True,True,3,0
5916,5,age,85296,85297,128,3,True,0.07421875;0.69921875;0.76171875,3,True,0.07421875;0.69921875;0.76171875,3,True,0.07421875;0.69921875;0.76171875,True,True,3,0
5918,5,age,85298,85299,128,3,True,0.13671875;0.69921875;0.82421875,3,True,0.13671875;0.69921875;0.82421875,3,True,0.13671875;0.69921875;0.82421875,True,True,3,0
5920,5,age,85359,85360,128,3,True,0.07421875;0.69921875;0.97265625,3,True,0.07421875;0.69921875;0.97265625,3,True,0.07421875;0.69921875;0.97265625,True,True,3,0
5922,5,age,85361,85362,128,3,True,0.13671875;0.69921875;0.82421875,3,True,0.13671875;0.69921875;0.82421875,3,True,0.13671875;0.69921875;0.82421875,True,True,3,0
5923,5,age,85415,85414,128,3,True,0.12109375;0.30078125;0.92578125,3,True,0.12109375;0.30078125;0.92578125,3,True,0.12109375;0.30078125;0.92578125,True,True,3,0
5928,5,age,85424,85425,128,3,True,0.13671875;0.69921875;0.82421875,3,True,0.13671875;0.69921875;0.82421875,3,True,0.13671875;0.69921875;0.82421875,True,True,3,0
5930,5,age,85487,85488,128,3,True,0.13671875;0.69921875;0.82421875,3,True,0.13671875;0.69921875;0.82421875,3,True,0.13671875;0.69921875;0.82421875,True,True,3,0
5932,5,age,85550,85551,128,3,True,0.13671875;0.69921875;0.82421875,3,True,0.13671875;0.69921875;0.82421875,3,True,0.13671875;0.69921875;0.82421875,True,True,3,0
5934,5,age,85611,85612,128,3,True,0.07421875;0.69921875;0.76171875,3,True,0.07421875;0.69921875;0.76171875,3,True,0.07421875;0.69921875;0.76171875,True,True,3,0
5936,5,age,85613,85614,128,3,True,0.13671875;0.69921875;0.82421875,3,True,0.13671875;0.69921875;0.82421875,3,True,0.13671875;0.69921875;0.82421875,True,True,3,0
5938,5,age,85674,85675,128,3,True,0.07421875;0.69921875;0.97265625,3,True,0.07421875;0.69921875;0.97265625,3,True,0.07421875;0.69921875;0.97265625,True,True,3,0
5940,5,age,85676,85677,128,3,True,0.13671875;0.69921875;0.82421875,3,True,0.13671875;0.69921875;0.82421875,3,True,0.13671875;0.69921875;0.82421875,True,True,3,0
5941,5,age,85730,85729,128,3,True,0.12109375;0.30078125;0.92578125,3,True,0.12109375;0.30078125;0.92578125,3,True,0.12109375;0.30078125;0.92578125,True,True,3,0
5946,5,age,85739,85740,128,3,True,0.13671875;0.69921875;0.82421875,3,True,0.13671875;0.69921875;0.82421875,3,True,0.13671875;0.69921875;0.82421875,True,True,3,0
5948,5,age,85802,85803,128,3,True,0.13671875;0.69921875;0.82421875,3,True,0.13671875;0.69921875;0.82421875,3,True,0.13671875;0.69921875;0.82421875,True,True,3,0
5950,5,age,85865,85866,128,3,True,0.13671875;0.69921875;0.82421875,3,True,0.13671875;0.69921875;0.82421875,3,True,0.13671875;0.69921875;0.82421875,True,True,3,0
5952,5,age,85926,85927,128,3,True,0.07421875;0.69921875;0.76171875,3,True,0.07421875;0.69921875;0.76171875,3,True,0.07421875;0.69921875;0.76171875,True,True,3,0
5954,5,age,85928,85929,128,3,True,0.13671875;0.69921875;0.82421875,3,True,0.13671875;0.69921875;0.82421875,3,True,0.13671875;0.69921875;0.82421875,True,True,3,0
5956,5,age,85989,85990,128,3,True,0.07421875;0.69921875;0.97265625,3,True,0.07421875;0.69921875;0.97265625,3,True,0.07421875;0.69921875;0.97265625,True,True,3,0
5958,5,age,85991,85992,128,3,True,0.13671875;0.69921875;0.82421875,3,True,0.13671875;0.69921875;0.82421875,3,True,0.13671875;0.69921875;0.82421875,True,True,3,0
5959,5,age,86045,86044,128,3,True,0.12109375;0.30078125;0.92578125,3,True,0.12109375;0.30078125;0.92578125,3,True,0.12109375;0.30078125;0.92578125,True,True,3,0
5964,5,age,86054,86055,128,3,True,0.13671875;0.69921875;0.82421875,3,True,0.13671875;0.69921875;0.82421875,3,True,0.13671875;0.69921875;0.82421875,True,True,3,0
5966,5,age,86117,86118,128,3,True,0.13671875;0.69921875;0.82421875,3,True,0.13671875;0.69921875;0.82421875,3,True,0.13671875;0.69921875;0.82421875,True,True,3,0
5968,5,age,86180,86181,128,3,True,0.13671875;0.69921875;0.82421875,3,True,0.13671875;0.69921875;0.82421875,3,True,0.13671875;0.69921875;0.82421875,True,True,3,0
5970,5,age,86241,86242,128,3,True,0.07421875;0.69921875;0.76171875,3,True,0.07421875;0.69921875;0.76171875,3,True,0.07421875;0.69921875;0.76171875,True,True,3,0
5972,5,age,86243,86244,128,3,True,0.13671875;0.69921875;0.82421875,3,True,0.13671875;0.69921875;0.82421875,3,True,0.13671875;0.69921875;0.82421875,True,True,3,0
5974,5,age,86304,86305,128,3,True,0.07421875;0.69921875;0.97265625,3,True,0.07421875;0.69921875;0.97265625,3,True,0.07421875;0.69921875;0.97265625,True,True,3,0
5976,5,age,86306,86307,128,3,True,0.13671875;0.69921875;0.82421875,3,True,0.13671875;0.69921875;0.82421875,3,True,0.13671875;0.69921875;0.82421875,True,True,3,0
5977,5,age,86360,86359,128,3,True,0.12109375;0.30078125;0.92578125,3,True,0.12109375;0.30078125;0.92578125,3,True,0.12109375;0.30078125;0.92578125,True,True,3,0
5982,5,age,86369,86370,128,3,True,0.13671875;0.69921875;0.82421875,3,True,0.13671875;0.69921875;0.82421875,3,True,0.13671875;0.69921875;0.82421875,True,True,3,0
5984,5,age,86432,86433,128,3,True,0.13671875;0.69921875;0.82421875,3,True,0.13671875;0.69921875;0.82421875,3,True,0.13671875;0.69921875;0.82421875,True,True,3,0
5986,5,age,86495,86496,128,3,True,0.13671875;0.69921875;0.82421875,3,True,0.13671875;0.69921875;0.82421875,3,True,0.13671875;0.69921875;0.82421875,True,True,3,0
5988,5,age,86556,86557,128,3,True,0.07421875;0.69921875;0.76171875,3,True,0.07421875;0.69921875;0.76171875,3,True,0.07421875;0.69921875;0.76171875,True,True,3,0
5990,5,age,86558,86559,128,3,True,0.13671875;0.69921875;0.82421875,3,True,0.13671875;0.69921875;0.82421875,3,True,0.13671875;0.69921875;0.82421875,True,True,3,0
5992,5,age,86619,86620,128,3,True,0.07421875;0.69921875;0.97265625,3,True,0.07421875;0.69921875;0.97265625,3,True,0.07421875;0.69921875;0.97265625,True,True,3,0
5994,5,age,86621,86622,128,3,True,0.13671875;0.69921875;0.82421875,3,True,0.13671875;0.69921875;0.82421875,3,True,0.13671875;0.69921875;0.82421875,True,True,3,0
5995,5,age,86675,86674,128,3,True,0.12109375;0.30078125;0.92578125,3,True,0.12109375;0.30078125;0.92578125,3,True,0.12109375;0.30078125;0.92578125,True,True,3,0
6000,5,age,86684,86685,128,3,True,0.13671875;0.69921875;0.82421875,3,True,0.13671875;0.69921875;0.82421875,3,True,0.13671875;0.69921875;0.82421875,True,True,3,0
6002,5,age,86747,86748,128,3,True,0.13671875;0.69921875;0.82421875,3,True,0.13671875;0.69921875;0.82421875,3,True,0.13671875;0.69921875;0.82421875,True,True,3,0
6004,5,age,86810,86811,128,3,True,0.13671875;0.69921875;0.82421875,3,True,0.13671875;0.69921875;0.82421875,3,True,0.13671875;0.69921875;0.82421875,True,True,3,0
6006,5,age,86871,86872,128,3,True,0.07421875;0.69921875;0.76171875,3,True,0.07421875;0.69921875;0.76171875,3,True,0.07421875;0.69921875;0.76171875,True,True,3,0
6008,5,age,86873,86874,128,3,True,0.13671875;0.69921875;0.82421875,3,True,0.13671875;0.69921875;0.82421875,3,True,0.13671875;0.69921875;0.82421875,True,True,3,0
6010,5,age,86934,86935,128,3,True,0.07421875;0.69921875;0.97265625,3,True,0.07421875;0.69921875;0.97265625,3,True,0.07421875;0.69921875;0.97265625,True,True,3,0
6012,5,age,86936,86937,128,3,True,0.13671875;0.69921875;0.82421875,3,True,0.13671875;0.69921875;0.82421875,3,True,0.13671875;0.69921875;0.82421875,True,True,3,0
6013,5,age,86990,86989,128,3,True,0.12109375;0.30078125;0.92578125,3,True,0.12109375;0.30078125;0.92578125,3,True,0.12109375;0.30078125;0.92578125,True,True,3,0
6018,5,age,86999,87000,128,3,True,0.13671875;0.69921875;0.82421875,3,True,0.13671875;0.69921875;0.82421875,3,True,0.13671875;0.69921875;0.82421875,True,True,3,0
6020,5,age,87062,87063,128,3,True,0.13671875;0.69921875;0.82421875,3,True,0.13671875;0.69921875;0.82421875,3,True,0.13671875;0.69921875;0.82421875,True,True,3,0
6022,5,age,87125,87126,128,3,True,0.13671875;0.69921875;0.82421875,3,True,0.13671875;0.69921875;0.82421875,3,True,0.13671875;0.69921875;0.82421875,True,True,3,0
6024,5,age,87186,87187,128,3,True,0.07421875;0.69921875;0.76171875,3,True,0.07421875;0.69921875;0.76171875,3,True,0.07421875;0.69921875;0.76171875,True,True,3,0
6026,5,age,87188,87189,128,3,True,0.13671875;0.69921875;0.82421875,3,True,0.13671875;0.69921875;0.82421875,3,True,0.13671875;0.69921875;0.82421875,True,True,3,0
6028,5,age,87249,87250,128,3,True,0.07421875;0.69921875;0.97265625,3,True,0.07421875;0.69921875;0.97265625,3,True,0.07421875;0.69921875;0.97265625,True,True,3,0
6030,5,age,87251,87252,128,3,True,0.13671875;0.69921875;0.82421875,3,True,0.13671875;0.69921875;0.82421875,3,True,0.13671875;0.69921875;0.82421875,True,True,3,0
6031,5,age,87305,87304,128,3,True,0.12109375;0.30078125;0.92578125,3,True,0.12109375;0.30078125;0.92578125,3,True,0.12109375;0.30078125;0.92578125,True,True,3,0
6036,5,age,87314,87315,128,3,True,0.13671875;0.69921875;0.82421875,3,True,0.13671875;0.69921875;0.82421875,3,True,0.13671875;0.69921875;0.82421875,True,True,3,0
6038,5,age,87377,87378,128,3,True,0.13671875;0.69921875;0.82421875,3,True,0.13671875;0.69921875;0.82421875,3,True,0.13671875;0.69921875;0.82421875,True,True,3,0
6040,5,age,87440,87441,128,3,True,0.13671875;0.69921875;0.82421875,3,True,0.13671875;0.69921875;0.82421875,3,True,0.13671875;0.69921875;0.82421875,True,True,3,0
6042,5,age,87501,87502,128,3,True,0.07421875;0.69921875;0.76171875,3,True,0.07421875;0.69921875;0.76171875,3,True,0.07421875;0.69921875;0.76171875,True,True,3,0
6044,5,age,87503,87504,128,3,True,0.13671875;0.69921875;0.82421875,3,True,0.13671875;0.69921875;0.82421875,3,True,0.13671875;0.69921875;0.82421875,True,True,3,0
6046,5,age,87564,87565,128,3,True,0.07421875;0.69921875;0.97265625,3,True,0.07421875;0.69921875;0.97265625,3,True,0.07421875;0.69921875;0.97265625,True,True,3,0
6048,5,age,87566,87567,128,3,True,0.13671875;0.69921875;0.82421875,3,True,0.13671875;0.69921875;0.82421875,3,True,0.13671875;0.69921875;0.82421875,True,True,3,0
6049,5,age,87620,87619,128,3,True,0.12109375;0.30078125;0.92578125,3,True,0.12109375;0.30078125;0.92578125,3,True,0.12109375;0.30078125;0.92578125,True,True,3,0
6054,5,age,87629,87630,128,3,True,0.13671875;0.69921875;0.82421875,3,True,0.13671875;0.69921875;0.82421875,3,True,0.13671875;0.69921875;0.82421875,True,True,3,0
6056,5,age,87692,87693,128,3,True,0.13671875;0.69921875;0.82421875,3,True,0.13671875;0.69921875;0.82421875,3,True,0.13671875;0.69921875;0.82421875,True,True,3,0
6058,5,age,87755,87756,128,3,True,0.13671875;0.69921875;0.82421875,3,True,0.13671875;0.69921875;0.82421875,3,True,0.13671875;0.69921875;0.82421875,True,True,3,0
6060,5,age,87816,87817,128,3,True,0.07421875;0.69921875;0.76171875,3,True,0.07421875;0.69921875;0.76171875,3,True,0.07421875;0.69921875;0.76171875,True,True,3,0
6062,5,age,87818,87819,128,3,True,0.13671875;0.69921875;0.82421875,3,True,0.13671875;0.69921875;0.82421875,3,True,0.13671875;0.69921875;0.82421875,True,True,3,0
6064,5,age,87879,87880,128,3,True,0.07421875;0.69921875;0.97265625,3,True,0.07421875;0.69921875;0.97265625,3,True,0.07421875;0.69921875;0.97265625,True,True,3,0
6066,5,age,87881,87882,128,3,True,0.13671875;0.69921875;0.82421875,3,True,0.13671875;0.69921875;0.82421875,3,True,0.13671875;0.69921875;0.82421875,True,True,3,0
6067,5,age,87935,87934,128,3,True,0.12109375;0.30078125;0.92578125,3,True,0.12109375;0.30078125;0.92578125,3,True,0.12109375;0.30078125;0.92578125,True,True,3,0
6072,5,age,87944,87945,128,3,True,0.13671875;0.69921875;0.82421875,3,True,0.13671875;0.69921875;0.82421875,3,True,0.13671875;0.69921875;0.82421875,True,True,3,0
6074,5,age,88007,88008,128,3,True,0.13671875;0.69921875;0.82421875,3,True,0.13671875;0.69921875;0.82421875,3,True,0.13671875;0.69921875;0.82421875,True,True,3,0
6076,5,age,88070,88071,128,3,True,0.13671875;0.69921875;0.82421875,3,True,0.13671875;0.69921875;0.82421875,3,True,0.13671875;0.69921875;0.82421875,True,True,3,0
6078,5,age,88131,88132,128,3,True,0.07421875;0.69921875;0.76171875,3,True,0.07421875;0.69921875;0.76171875,3,True,0.07421875;0.69921875;0.76171875,True,True,3,0
6080,5,age,88133,88134,128,3,True,0.13671875;0.69921875;0.82421875,3,True,0.13671875;0.69921875;0.82421875,3,True,0.13671875;0.69921875;0.82421875,True,True,3,0
6082,5,age,88194,88195,128,3,True,0.07421875;0.69921875;0.97265625,3,True,0.07421875;0.69921875;0.97265625,3,True,0.07421875;0.69921875;0.97265625,True,True,3,0
6084,5,age,88196,88197,128,3,True,0.13671875;0.69921875;0.82421875,3,True,0.13671875;0.69921875;0.82421875,3,True,0.13671875;0.69921875;0.82421875,True,True,3,0
6085,5,age,88250,88249,128,3,True,0.12109375;0.30078125;0.92578125,3,True,0.12109375;0.30078125;0.92578125,3,True,0.12109375;0.30078125;0.92578125,True,True,3,0
6090,5,age,88259,88260,128,3,True,0.13671875;0.69921875;0.82421875,3,True,0.13671875;0.69921875;0.82421875,3,True,0.13671875;0.69921875;0.82421875,True,True,3,0
6092,5,age,88322,88323,128,3,True,0.13671875;0.69921875;0.82421875,3,True,0.13671875;0.69921875;0.82421875,3,True,0.13671875;0.69921875;0.82421875,True,True,3,0
6094,5,age,88385,88386,128,3,True,0.13671875;0.69921875;0.82421875,3,True,0.13671875;0.69921875;0.82421875,3,True,0.13671875;0.69921875;0.82421875,True,True,3,0
6096,5,age,88446,88447,128,3,True,0.07421875;0.69921875;0.76171875,3,True,0.07421875;0.69921875;0.76171875,3,True,0.07421875;0.69921875;0.76171875,True,True,3,0
6098,5,age,88448,88449,128,3,True,0.13671875;0.69921875;0.82421875,3,True,0.13671875;0.69921875;0.82421875,3,True,0.13671875;0.69921875;0.82421875,True,True,3,0
6100,5,age,88509,88510,128,3,True,0.07421875;0.69921875;0.97265625,3,True,0.07421875;0.69921875;0.97265625,3,True,0.07421875;0.69921875;0.97265625,True,True,3,0
6102,5,age,88511,88512,128,3,True,0.13671875;0.69921875;0.82421875,3,True,0.13671875;0.69921875;0.82421875,3,True,0.13671875;0.69921875;0.82421875,True,True,3,0
6103,5,age,88565,88564,128,3,True,0.12109375;0.30078125;0.92578125,3,True,0.12109375;0.30078125;0.92578125,3,True,0.12109375;0.30078125;0.92578125,True,True,3,0
6108,5,age,88574,88575,128,3,True,0.13671875;0.69921875;0.82421875,3,True,0.13671875;0.69921875;0.82421875,3,True,0.13671875;0.69921875;0.82421875,True,True,3,0
6110,5,age,88637,88638,128,3,True,0.13671875;0.69921875;0.82421875,3,True,0.13671875;0.69921875;0.82421875,3,True,0.13671875;0.69921875;0.82421875,True,True,3,0
6112,5,age,88700,88701,128,3,True,0.13671875;0.69921875;0.82421875,3,True,0.13671875;0.69921875;0.82421875,3,True,0.13671875;0.69921875;0.82421875,True,True,3,0
6114,5,age,88761,88762,128,3,True,0.07421875;0.69921875;0.76171875,3,True,0.07421875;0.69921875;0.76171875,3,True,0.07421875;0.69921875;0.76171875,True,True,3,0
6116,5,age,88763,88764,128,3,True,0.13671875;0.69921875;0.82421875,3,True,0.13671875;0.69921875;0.82421875,3,True,0.13671875;0.69921875;0.82421875,True,True,3,0
6118,5,age,88824,88825,128,3,True,0.07421875;0.69921875;0.97265625,3,True,0.07421875;0.69921875;0.97265625,3,True,0.07421875;0.69921875;0.97265625,True,True,3,0
6120,5,age,88826,88827,128,3,True,0.13671875;0.69921875;0.82421875,3,True,0.13671875;0.69921875;0.82421875,3,True,0.13671875;0.69921875;0.82421875,True,True,3,0
6121,5,age,88880,88879,128,3,True,0.12109375;0.30078125;0.92578125,3,True,0.12109375;0.30078125;0.92578125,3,True,0.12109375;0.30078125;0.92578125,True,True,3,0
6126,5,age,88889,88890,128,3,True,0.13671875;0.69921875;0.82421875,3,True,0.13671875;0.69921875;0.82421875,3,True,0.13671875;0.69921875;0.82421875,True,True,3,0
6128,5,age,88952,88953,128,3,True,0.13671875;0.69921875;0.82421875,3,True,0.13671875;0.69921875;0.82421875,3,True,0.13671875;0.69921875;0.82421875,True,True,3,0
6130,5,age,89015,89016,128,3,True,0.13671875;0.69921875;0.82421875,3,True,0.13671875;0.69921875;0.82421875,3,True,0.13671875;0.69921875;0.82421875,True,True,3,0
6132,5,age,89076,89077,128,3,True,0.07421875;0.69921875;0.76171875,3,True,0.07421875;0.69921875;0.76171875,3,True,0.07421875;0.69921875;0.76171875,True,True,3,0
6134,5,age,89078,89079,128,3,True,0.13671875;0.69921875;0.82421875,3,True,0.13671875;0.69921875;0.82421875,3,True,0.13671875;0.69921875;0.82421875,True,True,3,0
6136,5,age,89139,89140,128,3,True,0.07421875;0.69921875;0.97265625,3,True,0.07421875;0.69921875;0.97265625,3,True,0.07421875;0.69921875;0.97265625,True,True,3,0
6138,5,age,89141,89142,128,3,True,0.13671875;0.69921875;0.82421875,3,True,0.13671875;0.69921875;0.82421875,3,True,0.13671875;0.69921875;0.82421875,True,True,3,0
6139,5,age,89195,89194,128,3,True,0.12109375;0.30078125;0.92578125,3,True,0.12109375;0.30078125;0.92578125,3,True,0.12109375;0.30078125;0.92578125,True,True,3,0
6144,5,age,89204,89205,128,3,True,0.13671875;0.69921875;0.82421875,3,True,0.13671875;0.69921875;0.82421875,3,True,0.13671875;0.69921875;0.82421875,True,True,3,0
6146,5,age,89267,89268,128,3,True,0.13671875;0.69921875;0.82421875,3,True,0.13671875;0.69921875;0.82421875,3,True,0.13671875;0.69921875;0.82421875,True,True,3,0
6148,5,age,89330,89331,128,3,True,0.13671875;0.69921875;0.82421875,3,True,0.13671875;0.69921875;0.82421875,3,True,0.13671875;0.69921875;0.82421875,True,True,3,0
6150,5,age,89391,89392,128,3,True,0.07421875;0.69921875;0.76171875,3,True,0.07421875;0.69921875;0.76171875,3,True,0.07421875;0.69921875;0.76171875,True,True,3,0
6152,5,age,89393,89394,128,3,True,0.13671875;0.69921875;0.82421875,3,True,0.13671875;0.69921875;0.82421875,3,True,0.13671875;0.69921875;0.82421875,True,True,3,0
6154,5,age,89454,89455,128,3,True,0.07421875;0.69921875;0.97265625,3,True,0.07421875;0.69921875;0.97265625,3,True,0.07421875;0.69921875;0.97265625,True,True,3,0
6156,5,age,89456,89457,128,3,True,0.13671875;0.69921875;0.82421875,3,True,0.13671875;0.69921875;0.82421875,3,True,0.13671875;0.69921875;0.82421875,True,True,3,0
6157,5,age,89510,89509,128,3,True,0.12109375;0.30078125;0.92578125,3,True,0.12109375;0.30078125;0.92578125,3,True,0.12109375;0.30078125;0.92578125,True,True,3,0
6162,5,age,89519,89520,128,3,True,0.13671875;0.69921875;0.82421875,3,True,0.13671875;0.69921875;0.82421875,3,True,0.13671875;0.69921875;0.82421875,True,True,3,0
6164,5,age,89582,89583,128,3,True,0.13671875;0.69921875;0.82421875,3,True,0.13671875;0.69921875;0.82421875,3,True,0.13671875;0.69921875;0.82421875,True,True,3,0
6166,5,age,89645,89646,128,3,True,0.13671875;0.69921875;0.82421875,3,True,0.13671875;0.69921875;0.82421875,3,True,0.13671875;0.69921875;0.82421875,True,True,3,0
6168,5,age,89706,89707,128,3,True,0.07421875;0.69921875;0.76171875,3,True,0.07421875;0.69921875;0.76171875,3,True,0.07421875;0.69921875;0.76171875,True,True,3,0
6170,5,age,89708,89709,128,3,True,0.13671875;0.69921875;0.82421875,3,True,0.13671875;0.69921875;0.82421875,3,True,0.13671875;0.69921875;0.82421875,True,True,3,0
6172,5,age,89769,89770,128,3,True,0.07421875;0.69921875;0.97265625,3,True,0.07421875;0.69921875;0.97265625,3,True,0.07421875;0.69921875;0.97265625,True,True,3,0
6174,5,age,89771,89772,128,3,True,0.13671875;0.69921875;0.82421875,3,True,0.13671875;0.69921875;0.82421875,3,True,0.13671875;0.69921875;0.82421875,True,True,3,0
6175,5,age,89825,89824,128,3,True,0.12109375;0.30078125;0.92578125,3,True,0.12109375;0.30078125;0.92578125,3,True,0.12109375;0.30078125;0.92578125,True,True,3,0
6180,5,age,89834,89835,128,3,True,0.13671875;0.69921875;0.82421875,3,True,0.13671875;0.69921875;0.82421875,3,True,0.13671875;0.69921875;0.82421875,True,True,3,0
6182,5,age,89897,89898,128,3,True,0.13671875;0.69921875;0.82421875,3,True,0.13671875;0.69921875;0.82421875,3,True,0.13671875;0.69921875;0.82421875,True,True,3,0
6184,5,age,89960,89961,128,3,True,0.13671875;0.69921875;0.82421875,3,True,0.13671875;0.69921875;0.82421875,3,True,0.13671875;0.69921875;0.82421875,True,True,3,0
6186,5,age,90021,90022,128,3,True,0.07421875;0.69921875;0.76171875,3,True,0.07421875;0.69921875;0.76171875,3,True,0.07421875;0.69921875;0.76171875,True,True,3,0
6188,5,age,90023,90024,128,3,True,0.13671875;0.69921875;0.82421875,3,True,0.13671875;0.69921875;0.82421875,3,True,0.13671875;0.69921875;0.82421875,True,True,3,0
6190,5,age,90084,90085,128,3,True,0.07421875;0.69921875;0.97265625,3,True,0.07421875;0.69921875;0.97265625,3,True,0.07421875;0.69921875;0.97265625,True,True,3,0
6192,5,age,90086,90087,128,3,True,0.13671875;0.69921875;0.82421875,3,True,0.13671875;0.69921875;0.82421875,3,True,0.13671875;0.69921875;0.82421875,True,True,3,0
6193,5,age,90140,90139,128,3,True,0.12109375;0.30078125;0.92578125,3,True,0.12109375;0.30078125;0.92578125,3,True,0.12109375;0.30078125;0.92578125,True,True,3,0
6198,5,age,90149,90150,128,3,True,0.13671875;0.69921875;0.82421875,3,True,0.13671875;0.69921875;0.82421875,3,True,0.13671875;0.69921875;0.82421875,True,True,3,0
6200,5,age,90212,90213,128,3,True,0.13671875;0.69921875;0.82421875,3,True,0.13671875;0.69921875;0.82421875,3,True,0.13671875;0.69921875;0.82421875,True,True,3,0
6202,5,age,90275,90276,128,3,True,0.13671875;0.69921875;0.82421875,3,True,0.13671875;0.69921875;0.82421875,3,True,0.13671875;0.69921875;0.82421875,True,True,3,0
6204,5,age,90336,90337,128,3,True,0.07421875;0.69921875;0.76171875,3,True,0.07421875;0.69921875;0.76171875,3,True,0.07421875;0.69921875;0.76171875,True,True,3,0
6206,5,age,90338,90339,128,3,True,0.13671875;0.69921875;0.82421875,3,True,0.13671875;0.69921875;0.82421875,3,True,0.13671875;0.69921875;0.82421875,True,True,3,0
6208,5,age,90399,90400,128,3,True,0.07421875;0.69921875;0.97265625,3,True,0.07421875;0.69921875;0.97265625,3,True,0.07421875;0.69921875;0.97265625,True,True,3,0
6210,5,age,90401,90402,128,3,True,0.13671875;0.69921875;0.82421875,3,True,0.13671875;0.69921875;0.82421875,3,True,0.13671875;0.69921875;0.82421875,True,True,3,0
6211,5,age,90455,90454,128,3,True,0.12109375;0.30078125;0.92578125,3,True,0.12109375;0.30078125;0.92578125,3,True,0.12109375;0.30078125;0.92578125,True,True,3,0
6216,5,age,90464,90465,128,3,True,0.13671875;0.69921875;0.82421875,3,True,0.13671875;0.69921875;0.82421875,3,True,0.13671875;0.69921875;0.82421875,True,True,3,0
6218,5,age,90527,90528,128,3,True,0.13671875;0.69921875;0.82421875,3,True,0.13671875;0.69921875;0.82421875,3,True,0.13671875;0.69921875;0.82421875,True,True,3,0
6220,5,age,90590,90591,128,3,True,0.13671875;0.69921875;0.82421875,3,True,0.13671875;0.69921875;0.82421875,3,True,0.13671875;0.69921875;0.82421875,True,True,3,0
6222,5,age,90651,90652,128,3,True,0.07421875;0.69921875;0.76171875,3,True,0.07421875;0.69921875;0.76171875,3,True,0.07421875;0.69921875;0.76171875,True,True,3,0
6224,5,age,90653,90654,128,3,True,0.13671875;0.69921875;0.82421875,3,True,0.13671875;0.69921875;0.82421875,3,True,0.13671875;0.69921875;0.82421875,True,True,3,0
6226,5,age,90714,90715,128,3,True,0.07421875;0.69921875;0.97265625,3,True,0.07421875;0.69921875;0.97265625,3,True,0.07421875;0.69921875;0.97265625,True,True,3,0
6228,5,age,90716,90717,128,3,True,0.13671875;0.69921875;0.82421875,3,True,0.13671875;0.69921875;0.82421875,3,True,0.13671875;0.69921875;0.82421875,True,True,3,0
6229,5,age,90770,90769,128,3,True,0.12109375;0.30078125;0.92578125,3,True,0.12109375;0.30078125;0.92578125,3,True,0.12109375;0.30078125;0.92578125,True,True,3,0
6234,5,age,90779,90780,128,3,True,0.13671875;0.69921875;0.82421875,3,True,0.13671875;0.69921875;0.82421875,3,True,0.13671875;0.69921875;0.82421875,True,True,3,0
6236,5,age,90842,90843,128,3,True,0.13671875;0.69921875;0.82421875,3,True,0.13671875;0.69921875;0.82421875,3,True,0.13671875;0.69921875;0.82421875,True,True,3,0
6238,5,age,90905,90906,128,3,True,0.13671875;0.69921875;0.82421875,3,True,0.13671875;0.69921875;0.82421875,3,True,0.13671875;0.69921875;0.82421875,True,True,3,0
6240,5,age,90966,90967,128,3,True,0.07421875;0.69921875;0.76171875,3,True,0.07421875;0.69921875;0.76171875,3,True,0.07421875;0.69921875;0.76171875,True,True,3,0
6242,5,age,90968,90969,128,3,True,0.13671875;0.69921875;0.82421875,3,True,0.13671875;0.69921875;0.82421875,3,True,0.13671875;0.69921875;0.82421875,True,True,3,0
6244,5,age,91029,91030,128,3,True,0.07421875;0.69921875;0.97265625,3,True,0.07421875;0.69921875;0.97265625,3,True,0.07421875;0.69921875;0.97265625,True,True,3,0
6246,5,age,91031,91032,128,3,True,0.13671875;0.69921875;0.82421875,3,True,0.13671875;0.69921875;0.82421875,3,True,0.13671875;0.69921875;0.82421875,True,True,3,0
6247,5,age,91085,91084,128,3,True,0.12109375;0.30078125;0.92578125,3,True,0.12109375;0.30078125;0.92578125,3,True,0.12109375;0.30078125;0.92578125,True,True,3,0
6252,5,age,91094,91095,128,3,True,0.13671875;0.69921875;0.82421875,3,True,0.13671875;0.69921875;0.82421875,3,True,0.13671875;0.69921875;0.82421875,True,True,3,0
6254,5,age,91157,91158,128,3,True,0.13671875;0.69921875;0.82421875,3,True,0.13671875;0.69921875;0.82421875,3,True,0.13671875;0.69921875;0.82421875,True,True,3,0
6256,5,age,91220,91221,128,3,True,0.13671875;0.69921875;0.82421875,3,True,0.13671875;0.69921875;0.82421875,3,True,0.13671875;0.69921875;0.82421875,True,True,3,0
6258,5,age,91281,91282,128,3,True,0.07421875;0.69921875;0.76171875,3,True,0.07421875;0.69921875;0.76171875,3,True,0.07421875;0.69921875;0.76171875,True,True,3,0
6260,5,age,91283,91284,128,3,True,0.13671875;0.69921875;0.82421875,3,True,0.13671875;0.69921875;0.82421875,3,True,0.13671875;0.69921875;0.82421875,True,True,3,0
6262,5,age,91344,91345,128,3,True,0.07421875;0.69921875;0.97265625,3,True,0.07421875;0.69921875;0.97265625,3,True,0.07421875;0.69921875;0.97265625,True,True,3,0
6264,5,age,91346,91347,128,3,True,0.13671875;0.69921875;0.82421875,3,True,0.13671875;0.69921875;0.82421875,3,True,0.13671875;0.69921875;0.82421875,True,True,3,0
6265,5,age,91400,91399,128,3,True,0.12109375;0.30078125;0.92578125,3,True,0.12109375;0.30078125;0.92578125,3,True,0.12109375;0.30078125;0.92578125,True,True,3,0
6270,5,age,91409,91410,128,3,True,0.13671875;0.69921875;0.82421875,3,True,0.13671875;0.69921875;0.82421875,3,True,0.13671875;0.69921875;0.82421875,True,True,3,0
6272,5,age,91472,91473,128,3,True,0.13671875;0.69921875;0.82421875,3,True,0.13671875;0.69921875;0.82421875,3,True,0.13671875;0.69921875;0.82421875,True,True,3,0
6274,5,age,91535,91536,128,3,True,0.13671875;0.69921875;0.82421875,3,True,0.13671875;0.69921875;0.82421875,3,True,0.13671875;0.69921875;0.82421875,True,True,3,0
6276,5,age,91596,91597,128,3,True,0.07421875;0.69921875;0.76171875,3,True,0.07421875;0.69921875;0.76171875,3,True,0.07421875;0.69921875;0.76171875,True,True,3,0
6278,5,age,91598,91599,128,3,True,0.13671875;0.69921875;0.82421875,3,True,0.13671875;0.69921875;0.82421875,3,True,0.13671875;0.69921875;0.82421875,True,True,3,0
6280,5,age,91659,91660,128,3,True,0.07421875;0.69921875;0.97265625,3,True,0.07421875;0.69921875;0.97265625,3,True,0.07421875;0.69921875;0.97265625,True,True,3,0
6282,5,age,91661,91662,128,3,True,0.13671875;0.69921875;0.82421875,3,True,0.13671875;0.69921875;0.82421875,3,True,0.13671875;0.69921875;0.82421875,True,True,3,0
6283,5,age,91715,91714,128,3,True,0.12109375;0.30078125;0.92578125,3,True,0.12109375;0.30078125;0.92578125,3,True,0.12109375;0.30078125;0.92578125,True,True,3,0
6288,5,age,91724,91725,128,3,True,0.13671875;0.69921875;0.82421875,3,True,0.13671875;0.69921875;0.82421875,3,True,0.13671875;0.69921875;0.82421875,True,True,3,0
6290,5,age,91787,91788,128,3,True,0.13671875;0.69921875;0.82421875,3,True,0.13671875;0.69921875;0.82421875,3,True,0.13671875;0.69921875;0.82421875,True,True,3,0
6292,5,age,91850,91851,128,3,True,0.13671875;0.69921875;0.82421875,3,True,0.13671875;0.69921875;0.82421875,3,True,0.13671875;0.69921875;0.82421875,True,True,3,0
6294,5,age,91911,91912,128,3,True,0.07421875;0.69921875;0.76171875,3,True,0.07421875;0.69921875;0.76171875,3,True,0.07421875;0.69921875;0.76171875,True,True,3,0
6296,5,age,91913,91914,128,3,True,0.13671875;0.69921875;0.82421875,3,True,0.13671875;0.69921875;0.82421875,3,True,0.13671875;0.69921875;0.82421875,True,True,3,0
6298,5,age,91974,91975,128,3,True,0.07421875;0.69921875;0.97265625,3,True,0.07421875;0.69921875;0.97265625,3,True,0.07421875;0.69921875;0.97265625,True,True,3,0
6300,5,age,91976,91977,128,3,True,0.13671875;0.69921875;0.82421875,3,True,0.13671875;0.69921875;0.82421875,3,True,0.13671875;0.69921875;0.82421875,True,True,3,0
6301,5,age,92030,92029,128,3,True,0.12109375;0.30078125;0.92578125,3,True,0.12109375;0.30078125;0.92578125,3,True,0.12109375;0.30078125;0.92578125,True,True,3,0
6306,5,age,92039,92040,128,3,True,0.13671875;0.69921875;0.82421875,3,True,0.13671875;0.69921875;0.82421875,3,True,0.13671875;0.69921875;0.82421875,True,True,3,0
6308,5,age,92102,92103,128,3,True,0.13671875;0.69921875;0.82421875,3,True,0.13671875;0.69921875;0.82421875,3,True,0.13671875;0.69921875;0.82421875,True,True,3,0
6310,5,age,92165,92166,128,3,True,0.13671875;0.69921875;0.82421875,3,True,0.13671875;0.69921875;0.82421875,3,True,0.13671875;0.69921875;0.82421875,True,True,3,0
6312,5,age,92226,92227,128,3,True,0.07421875;0.69921875;0.76171875,3,True,0.07421875;0.69921875;0.76171875,3,True,0.07421875;0.69921875;0.76171875,True,True,3,0
6314,5,age,92228,92229,128,3,True,0.13671875;0.69921875;0.82421875,3,True,0.13671875;0.69921875;0.82421875,3,True,0.13671875;0.69921875;0.82421875,True,True,3,0
6316,5,age,92289,92290,128,3,True,0.07421875;0.69921875;0.97265625,3,True,0.07421875;0.69921875;0.97265625,3,True,0.07421875;0.69921875;0.97265625,True,True,3,0
6318,5,age,92291,92292,128,3,True,0.13671875;0.69921875;0.82421875,3,True,0.13671875;0.69921875;0.82421875,3,True,0.13671875;0.69921875;0.82421875,True,True,3,0
6319,5,age,92345,92344,128,3,True,0.12109375;0.30078125;0.92578125,3,True,0.12109375;0.30078125;0.92578125,3,True,0.12109375;0.30078125;0.92578125,True,True,3,0
6324,5,age,92354,92355,128,3,True,0.13671875;0.69921875;0.82421875,3,True,0.13671875;0.69921875;0.82421875,3,True,0.13671875;0.69921875;0.82421875,True,True,3,0
6326,5,age,92417,92418,128,3,True,0.13671875;0.69921875;0.82421875,3,True,0.13671875;0.69921875;0.82421875,3,True,0.13671875;0.69921875;0.82421875,True,True,3,0
6328,5,age,92480,92481,128,3,True,0.13671875;0.69921875;0.82421875,3,True,0.13671875;0.69921875;0.82421875,3,True,0.13671875;0.69921875;0.82421875,True,True,3,0
6330,5,age,92541,92542,128,3,True,0.07421875;0.69921875;0.76171875,3,True,0.07421875;0.69921875;0.76171875,3,True,0.07421875;0.69921875;0.76171875,True,True,3,0
6332,5,age,92543,92544,128,3,True,0.13671875;0.69921875;0.82421875,3,True,0.13671875;0.69921875;0.82421875,3,True,0.13671875;0.69921875;0.82421875,True,True,3,0
6334,5,age,92604,92605,128,3,True,0.07421875;0.69921875;0.97265625,3,True,0.07421875;0.69921875;0.97265625,3,True,0.07421875;0.69921875;0.97265625,True,True,3,0
6336,5,age,92606,92607,128,3,True,0.13671875;0.69921875;0.82421875,3,True,0.13671875;0.69921875;0.82421875,3,True,0.13671875;0.69921875;0.82421875,True,True,3,0
6337,5,age,92660,92659,128,3,True,0.12109375;0.30078125;0.92578125,3,True,0.12109375;0.30078125;0.92578125,3,True,0.12109375;0.30078125;0.92578125,True,True,3,0
6342,5,age,92669,92670,128,3,True,0.13671875;0.69921875;0.82421875,3,True,0.13671875;0.69921875;0.82421875,3,True,0.13671875;0.69921875;0.82421875,True,True,3,0
6344,5,age,92732,92733,128,3,True,0.13671875;0.69921875;0.82421875,3,True,0.13671875;0.69921875;0.82421875,3,True,0.13671875;0.69921875;0.82421875,True,True,3,0
6346,5,age,92795,92796,128,3,True,0.13671875;0.69921875;0.82421875,3,True,0.13671875;0.69921875;0.82421875,3,True,0.13671875;0.69921875;0.82421875,True,True,3,0
6348,5,age,92856,92857,128,3,True,0.07421875;0.69921875;0.76171875,3,True,0.07421875;0.69921875;0.76171875,3,True,0.07421875;0.69921875;0.76171875,True,True,3,0
6350,5,age,92858,92859,128,3,True,0.13671875;0.69921875;0.82421875,3,True,0.13671875;0.69921875;0.82421875,3,True,0.13671875;0.69921875;0.82421875,True,True,3,0
6352,5,age,92919,92920,128,3,True,0.07421875;0.69921875;0.97265625,3,True,0.07421875;0.69921875;0.97265625,3,True,0.07421875;0.69921875;0.97265625,True,True,3,0
6354,5,age,92921,92922,128,3,True,0.13671875;0.69921875;0.82421875,3,True,0.13671875;0.69921875;0.82421875,3,True,0.13671875;0.69921875;0.82421875,True,True,3,0
6355,5,age,92975,92974,128,3,True,0.12109375;0.30078125;0.92578125,3,True,0.12109375;0.30078125;0.92578125,3,True,0.12109375;0.30078125;0.92578125,True,True,3,0
6360,5,age,92984,92985,128,3,True,0.13671875;0.69921875;0.82421875,3,True,0.13671875;0.69921875;0.82421875,3,True,0.13671875;0.69921875;0.82421875,True,True,3,0
6362,5,age,93047,93048,128,3,True,0.13671875;0.69921875;0.82421875,3,True,0.13671875;0.69921875;0.82421875,3,True,0.13671875;0.69921875;0.82421875,True,True,3,0
6364,5,age,93110,93111,128,3,True,0.13671875;0.69921875;0.82421875,3,True,0.13671875;0.69921875;0.82421875,3,True,0.13671875;0.69921875;0.82421875,True,True,3,0
6366,5,age,93171,93172,128,3,True,0.07421875;0.69921875;0.76171875,3,True,0.07421875;0.69921875;0.76171875,3,True,0.07421875;0.69921875;0.76171875,True,True,3,0
6368,5,age,93173,93174,128,3,True,0.13671875;0.69921875;0.82421875,3,True,0.13671875;0.69921875;0.82421875,3,True,0.13671875;0.69921875;0.82421875,True,True,3,0
6370,5,age,93234,93235,128,3,True,0.07421875;0.69921875;0.97265625,3,True,0.07421875;0.69921875;0.97265625,3,True,0.07421875;0.69921875;0.97265625,True,True,3,0
6372,5,age,93236,93237,128,3,True,0.13671875;0.69921875;0.82421875,3,True,0.13671875;0.69921875;0.82421875,3,True,0.13671875;0.69921875;0.82421875,True,True,3,0
6373,5,age,93290,93289,128,3,True,0.12109375;0.30078125;0.92578125,3,True,0.12109375;0.30078125;0.92578125,3,True,0.12109375;0.30078125;0.92578125,True,True,3,0
6378,5,age,93299,93300,128,3,True,0.13671875;0.69921875;0.82421875,3,True,0.13671875;0.69921875;0.82421875,3,True,0.13671875;0.69921875;0.82421875,True,True,3,0
6380,5,age,93362,93363,128,3,True,0.13671875;0.69921875;0.82421875,3,True,0.13671875;0.69921875;0.82421875,3,True,0.13671875;0.69921875;0.82421875,True,True,3,0
6382,5,age,93425,93426,128,3,True,0.13671875;0.69921875;0.82421875,3,True,0.13671875;0.69921875;0.82421875,3,True,0.13671875;0.69921875;0.82421875,True,True,3,0
6384,5,age,93486,93487,128,3,True,0.07421875;0.69921875;0.76171875,3,True,0.07421875;0.69921875;0.76171875,3,True,0.07421875;0.69921875;0.76171875,True,True,3,0
6386,5,age,93488,93489,128,3,True,0.13671875;0.69921875;0.82421875,3,True,0.13671875;0.69921875;0.82421875,3,True,0.13671875;0.69921875;0.82421875,True,True,3,0
6388,5,age,93549,93550,128,3,True,0.07421875;0.69921875;0.97265625,3,True,0.07421875;0.69921875;0.97265625,3,True,0.07421875;0.69921875;0.97265625,True,True,3,0
6390,5,age,93551,93552,128,3,True,0.13671875;0.69921875;0.82421875,3,True,0.13671875;0.69921875;0.82421875,3,True,0.13671875;0.69921875;0.82421875,True,True,3,0
6391,5,age,93605,93604,128,3,True,0.12109375;0.30078125;0.92578125,3,True,0.12109375;0.30078125;0.92578125,3,True,0.12109375;0.30078125;0.92578125,True,True,3,0
6396,5,age,93614,93615,128,3,True,0.13671875;0.69921875;0.82421875,3,True,0.13671875;0.69921875;0.82421875,3,True,0.13671875;0.69921875;0.82421875,True,True,3,0
6398,5,age,93677,93678,128,3,True,0.13671875;0.69921875;0.82421875,3,True,0.13671875;0.69921875;0.82421875,3,True,0.13671875;0.69921875;0.82421875,True,True,3,0
6400,5,age,93740,93741,128,3,True,0.13671875;0.69921875;0.82421875,3,True,0.13671875;0.69921875;0.82421875,3,True,0.13671875;0.69921875;0.82421875,True,True,3,0
6402,5,age,93801,93802,128,3,True,0.07421875;0.69921875;0.76171875,3,True,0.07421875;0.69921875;0.76171875,3,True,0.07421875;0.69921875;0.76171875,True,True,3,0
6404,5,age,93803,93804,128,3,True,0.13671875;0.69921875;0.82421875,3,True,0.13671875;0.69921875;0.82421875,3,True,0.13671875;0.69921875;0.82421875,True,True,3,0
6406,5,age,93864,93865,128,3,True,0.07421875;0.69921875;0.97265625,3,True,0.07421875;0.69921875;0.97265625,3,True,0.07421875;0.69921875;0.97265625,True,True,3,0
6408,5,age,93866,93867,128,3,True,0.13671875;0.69921875;0.82421875,3,True,0.13671875;0.69921875;0.82421875,3,True,0.13671875;0.69921875;0.82421875,True,True,3,0
6409,5,age,93920,93919,128,3,True,0.12109375;0.30078125;0.92578125,3,True,0.12109375;0.30078125;0.92578125,3,True,0.12109375;0.30078125;0.92578125,True,True,3,0
6414,5,age,93929,93930,128,3,True,0.13671875;0.69921875;0.82421875,3,True,0.13671875;0.69921875;0.82421875,3,True,0.13671875;0.69921875;0.82421875,True,True,3,0
6416,5,age,93992,93993,128,3,True,0.13671875;0.69921875;0.82421875,3,True,0.13671875;0.69921875;0.82421875,3,True,0.13671875;0.69921875;0.82421875,True,True,3,0
6418,5,age,94055,94056,128,3,True,0.13671875;0.69921875;0.82421875,3,True,0.13671875;0.69921875;0.82421875,3,True,0.13671875;0.69921875;0.82421875,True,True,3,0
6420,5,age,94116,94117,128,3,True,0.07421875;0.69921875;0.76171875,3,True,0.07421875;0.69921875;0.76171875,3,True,0.07421875;0.69921875;0.76171875,True,True,3,0
6422,5,age,94118,94119,128,3,True,0.13671875;0.69921875;0.82421875,3,True,0.13671875;0.69921875;0.82421875,3,True,0.13671875;0.69921875;0.82421875,True,True,3,0
6424,5,age,94179,94180,128,3,True,0.07421875;0.69921875;0.97265625,3,True,0.07421875;0.69921875;0.97265625,3,True,0.07421875;0.69921875;0.97265625,True,True,3,0
6426,5,age,94181,94182,128,3,True,0.13671875;0.69921875;0.82421875,3,True,0.13671875;0.69921875;0.82421875,3,True,0.13671875;0.69921875;0.82421875,True,True,3,0
6427,5,age,94235,94234,128,3,True,0.12109375;0.30078125;0.92578125,3,True,0.12109375;0.30078125;0.92578125,3,True,0.12109375;0.30078125;0.92578125,True,True,3,0
6432,5,age,94244,94245,128,3,True,0.13671875;0.69921875;0.82421875,3,True,0.13671875;0.69921875;0.82421875,3,True,0.13671875;0.69921875;0.82421875,True,True,3,0
6434,5,age,94307,94308,128,3,True,0.13671875;0.69921875;0.82421875,3,True,0.13671875;0.69921875;0.82421875,3,True,0.13671875;0.69921875;0.82421875,True,True,3,0
6436,5,age,94370,94371,128,3,True,0.13671875;0.69921875;0.82421875,3,True,0.13671875;0.69921875;0.82421875,3,True,0.13671875;0.69921875;0.82421875,True,True,3,0
6438,5,age,94431,94432,128,3,True,0.07421875;0.69921875;0.76171875,3,True,0.07421875;0.69921875;0.76171875,3,True,0.07421875;0.69921875;0.76171875,True,True,3,0
6440,5,age,94433,94434,128,3,True,0.13671875;0.69921875;0.82421875,3,True,0.13671875;0.69921875;0.82421875,3,True,0.13671875;0.69921875;0.82421875,True,True,3,0
6442,5,age,94494,94495,128,3,True,0.07421875;0.69921875;0.97265625,3,True,0.07421875;0.69921875;0.97265625,3,True,0.07421875;0.69921875;0.97265625,True,True,3,0
6444,5,age,94496,94497,128,3,True,0.13671875;0.69921875;0.82421875,3,True,0.13671875;0.69921875;0.82421875,3,True,0.13671875;0.69921875;0.82421875,True,True,3,0
6445,5,age,94550,94549,128,3,True,0.12109375;0.30078125;0.92578125,3,True,0.12109375;0.30078125;0.92578125,3,True,0.12109375;0.30078125;0.92578125,True,True,3,0
6450,5,age,94559,94560,128,3,True,0.13671875;0.69921875;0.82421875,3,True,0.13671875;0.69921875;0.82421875,3,True,0.13671875;0.69921875;0.82421875,True,True,3,0
6452,5,age,94622,94623,128,3,True,0.13671875;0.69921875;0.82421875,3,True,0.13671875;0.69921875;0.82421875,3,True,0.13671875;0.69921875;0.82421875,True,True,3,0
6454,5,age,94685,94686,128,3,True,0.13671875;0.69921875;0.82421875,3,True,0.13671875;0.69921875;0.82421875,3,True,0.13671875;0.69921875;0.82421875,True,True,3,0
6456,5,age,94746,94747,128,3,True,0.07421875;0.69921875;0.76171875,3,True,0.07421875;0.69921875;0.76171875,3,True,0.07421875;0.69921875;0.76171875,True,True,3,0
6458,5,age,94748,94749,128,3,True,0.13671875;0.69921875;0.82421875,3,True,0.13671875;0.69921875;0.82421875,3,True,0.13671875;0.69921875;0.82421875,True,True,3,0
6460,5,age,94809,94810,128,3,True,0.07421875;0.69921875;0.97265625,3,True,0.07421875;0.69921875;0.97265625,3,True,0.07421875;0.69921875;0.97265625,True,True,3,0
6462,5,age,94811,94812,128,3,True,0.13671875;0.69921875;0.82421875,3,True,0.13671875;0.69921875;0.82421875,3,True,0.13671875;0.69921875;0.82421875,True,True,3,0
6463,5,age,94865,94864,128,3,True,0.12109375;0.30078125;0.92578125,3,True,0.12109375;0.30078125;0.92578125,3,True,0.12109375;0.30078125;0.92578125,True,True,3,0
6468,5,age,94874,94875,128,3,True,0.13671875;0.69921875;0.82421875,3,True,0.13671875;0.69921875;0.82421875,3,True,0.13671875;0.69921875;0.82421875,True,True,3,0
6470,5,age,94937,94938,128,3,True,0.13671875;0.69921875;0.82421875,3,True,0.13671875;0.69921875;0.82421875,3,True,0.13671875;0.69921875;0.82421875,True,True,3,0
6472,5,age,95000,95001,128,3,True,0.13671875;0.69921875;0.82421875,3,True,0.13671875;0.69921875;0.82421875,3,True,0.13671875;0.69921875;0.82421875,True,True,3,0
6474,5,age,95061,95062,128,3,True,0.07421875;0.69921875;0.76171875,3,True,0.07421875;0.69921875;0.76171875,3,True,0.07421875;0.69921875;0.76171875,True,True,3,0
6476,5,age,95063,95064,128,3,True,0.13671875;0.69921875;0.82421875,3,True,0.13671875;0.69921875;0.82421875,3,True,0.13671875;0.69921875;0.82421875,True,True,3,0
6478,5,age,95124,95125,128,3,True,0.07421875;0.69921875;0.97265625,3,True,0.07421875;0.69921875;0.97265625,3,True,0.07421875;0.69921875;0.97265625,True,True,3,0
6480,5,age,95126,95127,128,3,True,0.13671875;0.69921875;0.82421875,3,True,0.13671875;0.69921875;0.82421875,3,True,0.13671875;0.69921875;0.82421875,True,True,3,0
6481,5,age,95180,95179,128,3,True,0.12109375;0.30078125;0.92578125,3,True,0.12109375;0.30078125;0.92578125,3,True,0.12109375;0.30078125;0.92578125,True,True,3,0
6486,5,age,95189,95190,128,3,True,0.13671875;0.69921875;0.82421875,3,True,0.13671875;0.69921875;0.82421875,3,True,0.13671875;0.69921875;0.82421875,True,True,3,0
6488,5,age,95252,95253,128,3,True,0.13671875;0.69921875;0.82421875,3,True,0.13671875;0.69921875;0.82421875,3,True,0.13671875;0.69921875;0.82421875,True,True,3,0
6490,5,age,95315,95316,128,3,True,0.13671875;0.69921875;0.82421875,3,True,0.13671875;0.69921875;0.82421875,3,True,0.13671875;0.69921875;0.82421875,True,True,3,0
6492,5,age,95376,95377,128,3,True,0.07421875;0.69921875;0.76171875,3,True,0.07421875;0.69921875;0.76171875,3,True,0.07421875;0.69921875;0.76171875,True,True,3,0
6494,5,age,95378,95379,128,3,True,0.13671875;0.69921875;0.82421875,3,True,0.13671875;0.69921875;0.82421875,3,True,0.13671875;0.69921875;0.82421875,True,True,3,0
6496,5,age,95439,95440,128,3,True,0.07421875;0.69921875;0.97265625,3,True,0.07421875;0.69921875;0.97265625,3,True,0.07421875;0.69921875;0.97265625,True,True,3,0
6498,5,age,95441,95442,128,3,True,0.13671875;0.69921875;0.82421875,3,True,0.13671875;0.69921875;0.82421875,3,True,0.13671875;0.69921875;0.82421875,True,True,3,0
6499,5,age,95495,95494,128,3,True,0.12109375;0.30078125;0.92578125,3,True,0.12109375;0.30078125;0.92578125,3,True,0.12109375;0.30078125;0.92578125,True,True,3,0
6504,5,age,95504,95505,128,3,True,0.13671875;0.69921875;0.82421875,3,True,0.13671875;0.69921875;0.82421875,3,True,0.13671875;0.69921875;0.82421875,True,True,3,0
6506,5,age,95567,95568,128,3,True,0.13671875;0.69921875;0.82421875,3,True,0.13671875;0.69921875;0.82421875,3,True,0.13671875;0.69921875;0.82421875,True,True,3,0
6508,5,age,95630,95631,128,3,True,0.13671875;0.69921875;0.82421875,3,True,0.13671875;0.69921875;0.82421875,3,True,0.13671875;0.69921875;0.82421875,True,True,3,0
6510,5,age,95691,95692,128,3,True,0.07421875;0.69921875;0.76171875,3,True,0.07421875;0.69921875;0.76171875,3,True,0.07421875;0.69921875;0.76171875,True,True,3,0
6512,5,age,95693,95694,128,3,True,0.13671875;0.69921875;0.82421875,3,True,0.13671875;0.69921875;0.82421875,3,True,0.13671875;0.69921875;0.82421875,True,True,3,0
6514,5,age,95754,95755,128,3,True,0.07421875;0.69921875;0.97265625,3,True,0.07421875;0.69921875;0.97265625,3,True,0.07421875;0.69921875;0.97265625,True,True,3,0
6516,5,age,95756,95757,128,3,True,0.13671875;0.69921875;0.82421875,3,True,0.13671875;0.69921875;0.82421875,3,True,0.13671875;0.69921875;0.82421875,True,True,3,0
6517,5,age,95810,95809,128,3,True,0.12109375;0.30078125;0.92578125,3,True,0.12109375;0.30078125;0.92578125,3,True,0.12109375;0.30078125;0.92578125,True,True,3,0
6522,5,age,95819,95820,128,3,True,0.13671875;0.69921875;0.82421875,3,True,0.13671875;0.69921875;0.82421875,3,True,0.13671875;0.69921875;0.82421875,True,True,3,0
6524,5,age,95882,95883,128,3,True,0.13671875;0.69921875;0.82421875,3,True,0.13671875;0.69921875;0.82421875,3,True,0.13671875;0.69921875;0.82421875,True,True,3,0
6526,5,age,95945,95946,128,3,True,0.13671875;0.69921875;0.82421875,3,True,0.13671875;0.69921875;0.82421875,3,True,0.13671875;0.69921875;0.82421875,True,True,3,0
6528,5,age,96006,96007,128,3,True,0.07421875;0.69921875;0.76171875,3,True,0.07421875;0.69921875;0.76171875,3,True,0.07421875;0.69921875;0.76171875,True,True,3,0
6530,5,age,96008,96009,128,3,True,0.13671875;0.69921875;0.82421875,3,True,0.13671875;0.69921875;0.82421875,3,True,0.13671875;0.69921875;0.82421875,True,True,3,0
6532,5,age,96069,96070,128,3,True,0.07421875;0.69921875;0.97265625,3,True,0.07421875;0.69921875;0.97265625,3,True,0.07421875;0.69921875;0.97265625,True,True,3,0
6534,5,age,96071,96072,128,3,True,0.13671875;0.69921875;0.82421875,3,True,0.13671875;0.69921875;0.82421875,3,True,0.13671875;0.69921875;0.82421875,True,True,3,0
6535,5,age,96125,96124,128,3,True,0.12109375;0.30078125;0.92578125,3,True,0.12109375;0.30078125;0.92578125,3,True,0.12109375;0.30078125;0.92578125,True,True,3,0
6540,5,age,96134,96135,128,3,True,0.13671875;0.69921875;0.82421875,3,True,0.13671875;0.69921875;0.82421875,3,True,0.13671875;0.69921875;0.82421875,True,True,3,0
6542,5,age,96197,96198,128,3,True,0.13671875;0.69921875;0.82421875,3,True,0.13671875;0.69921875;0.82421875,3,True,0.13671875;0.69921875;0.82421875,True,True,3,0
6544,5,age,96260,96261,128,3,True,0.13671875;0.69921875;0.82421875,3,True,0.13671875;0.69921875;0.82421875,3,True,0.13671875;0.69921875;0.82421875,True,True,3,0
6546,5,age,96321,96322,128,3,True,0.07421875;0.69921875;0.76171875,3,True,0.07421875;0.69921875;0.76171875,3,True,0.07421875;0.69921875;0.76171875,True,True,3,0
6548,5,age,96323,96324,128,3,True,0.13671875;0.69921875;0.82421875,3,True,0.13671875;0.69921875;0.82421875,3,True,0.13671875;0.69921875;0.82421875,True,True,3,0
6550,5,age,96384,96385,128,3,True,0.07421875;0.69921875;0.97265625,3,True,0.07421875;0.69921875;0.97265625,3,True,0.07421875;0.69921875;0.97265625,True,True,3,0
6552,5,age,96386,96387,128,3,True,0.13671875;0.69921875;0.82421875,3,True,0.13671875;0.69921875;0.82421875,3,True,0.13671875;0.69921875;0.82421875,True,True,3,0
6553,5,age,96440,96439,128,3,True,0.12109375;0.30078125;0.92578125,3,True,0.12109375;0.30078125;0.92578125,3,True,0.12109375;0.30078125;0.92578125,True,True,3,0
6558,5,age,96449,96450,128,3,True,0.13671875;0.69921875;0.82421875,3,True,0.13671875;0.69921875;0.82421875,3,True,0.13671875;0.69921875;0.82421875,True,True,3,0
6560,5,age,96512,96513,128,3,True,0.13671875;0.69921875;0.82421875,3,True,0.13671875;0.69921875;0.82421875,3,True,0.13671875;0.69921875;0.82421875,True,True,3,0
6562,5,age,96575,96576,128,3,True,0.13671875;0.69921875;0.82421875,3,True,0.13671875;0.69921875;0.82421875,3,True,0.13671875;0.69921875;0.82421875,True,True,3,0
6564,5,age,96636,96637,128,3,True,0.07421875;0.69921875;0.76171875,3,True,0.07421875;0.69921875;0.76171875,3,True,0.07421875;0.69921875;0.76171875,True,True,3,0
6566,5,age,96638,96639,128,3,True,0.13671875;0.69921875;0.82421875,3,True,0.13671875;0.69921875;0.82421875,3,True,0.13671875;0.69921875;0.82421875,True,True,3,0
6568,5,age,96699,96700,128,3,True,0.07421875;0.69921875;0.97265625,3,True,0.07421875;0.69921875;0.97265625,3,True,0.07421875;0.69921875;0.97265625,True,True,3,0
6570,5,age,96701,96702,128,3,True,0.13671875;0.69921875;0.82421875,3,True,0.13671875;0.69921875;0.82421875,3,True,0.13671875;0.69921875;0.82421875,True,True,3,0
6571,5,age,96755,96754,128,3,True,0.12109375;0.30078125;0.92578125,3,True,0.12109375;0.30078125;0.92578125,3,True,0.12109375;0.30078125;0.92578125,True,True,3,0
6576,5,age,96764,96765,128,3,True,0.13671875;0.69921875;0.82421875,3,True,0.13671875;0.69921875;0.82421875,3,True,0.13671875;0.69921875;0.82421875,True,True,3,0
6578,5,age,96827,96828,128,3,True,0.13671875;0.69921875;0.82421875,3,True,0.13671875;0.69921875;0.82421875,3,True,0.13671875;0.69921875;0.82421875,True,True,3,0
6580,5,age,96890,96891,128,3,True,0.13671875;0.69921875;0.82421875,3,True,0.13671875;0.69921875;0.82421875,3,True,0.13671875;0.69921875;0.82421875,True,True,3,0
6582,5,age,96951,96952,128,3,True,0.07421875;0.69921875;0.76171875,3,True,0.07421875;0.69921875;0.76171875,3,True,0.07421875;0.69921875;0.76171875,True,True,3,0
6584,5,age,96953,96954,128,3,True,0.13671875;0.69921875;0.82421875,3,True,0.13671875;0.69921875;0.82421875,3,True,0.13671875;0.69921875;0.82421875,True,True,3,0
6586,5,age,97014,97015,128,3,True,0.07421875;0.69921875;0.97265625,3,True,0.07421875;0.69921875;0.97265625,3,True,0.07421875;0.69921875;0.97265625,True,True,3,0
6588,5,age,97016,97017,128,3,True,0.13671875;0.69921875;0.82421875,3,True,0.13671875;0.69921875;0.82421875,3,True,0.13671875;0.69921875;0.82421875,True,True,3,0
6589,5,age,97070,97069,128,3,True,0.12109375;0.30078125;0.92578125,3,True,0.12109375;0.30078125;0.92578125,3,True,0.12109375;0.30078125;0.92578125,True,True,3,0
6594,5,age,97079,97080,128,3,True,0.13671875;0.69921875;0.82421875,3,True,0.13671875;0.69921875;0.82421875,3,True,0.13671875;0.69921875;0.82421875,True,True,3,0
6596,5,age,97142,97143,128,3,True,0.13671875;0.69921875;0.82421875,3,True,0.13671875;0.69921875;0.82421875,3,True,0.13671875;0.69921875;0.82421875,True,True,3,0
6598,5,age,97205,97206,128,3,True,0.13671875;0.69921875;0.82421875,3,True,0.13671875;0.69921875;0.82421875,3,True,0.13671875;0.69921875;0.82421875,True,True,3,0
6600,5,age,97266,97267,128,3,True,0.07421875;0.69921875;0.76171875,3,True,0.07421875;0.69921875;0.76171875,3,True,0.07421875;0.69921875;0.76171875,True,True,3,0
6602,5,age,97268,97269,128,3,True,0.13671875;0.69921875;0.82421875,3,True,0.13671875;0.69921875;0.82421875,3,True,0.13671875;0.69921875;0.82421875,True,True,3,0
6604,5,age,97329,97330,128,3,True,0.07421875;0.69921875;0.97265625,3,True,0.07421875;0.69921875;0.97265625,3,True,0.07421875;0.69921875;0.97265625,True,True,3,0
6606,5,age,97331,97332,128,3,True,0.13671875;0.69921875;0.82421875,3,True,0.13671875;0.69921875;0.82421875,3,True,0.13671875;0.69921875;0.82421875,True,True,3,0
6607,5,age,97385,97384,128,3,True,0.12109375;0.30078125;0.92578125,3,True,0.12109375;0.30078125;0.92578125,3,True,0.12109375;0.30078125;0.92578125,True,True,3,0
6612,5,age,97394,97395,128,3,True,0.13671875;0.69921875;0.82421875,3,True,0.13671875;0.69921875;0.82421875,3,True,0.13671875;0.69921875;0.82421875,True,True,3,0
6614,5,age,97457,97458,128,3,True,0.13671875;0.69921875;0.82421875,3,True,0.13671875;0.69921875;0.82421875,3,True,0.13671875;0.69921875;0.82421875,True,True,3,0
6616,5,age,97520,97521,128,3,True,0.13671875;0.69921875;0.82421875,3,True,0.13671875;0.69921875;0.82421875,3,True,0.13671875;0.69921875;0.82421875,True,True,3,0
6618,5,age,97581,97582,128,3,True,0.07421875;0.69921875;0.76171875,3,True,0.07421875;0.69921875;0.76171875,3,True,0.07421875;0.69921875;0.76171875,True,True,3,0
6620,5,age,97583,97584,128,3,True,0.13671875;0.69921875;0.82421875,3,True,0.13671875;0.69921875;0.82421875,3,True,0.13671875;0.69921875;0.82421875,True,True,3,0
6622,5,age,97644,97645,128,3,True,0.07421875;0.69921875;0.97265625,3,True,0.07421875;0.69921875;0.97265625,3,True,0.07421875;0.69921875;0.97265625,True,True,3,0
6624,5,age,97646,97647,128,3,True,0.13671875;0.69921875;0.82421875,3,True,0.13671875;0.69921875;0.82421875,3,True,0.13671875;0.69921875;0.82421875,True,True,3,0
6625,5,age,97700,97699,128,3,True,0.12109375;0.30078125;0.92578125,3,True,0.12109375;0.30078125;0.92578125,3,True,0.12109375;0.30078125;0.92578125,True,True,3,0
6630,5,age,97709,97710,128,3,True,0.13671875;0.69921875;0.82421875,3,True,0.13671875;0.69921875;0.82421875,3,True,0.13671875;0.69921875;0.82421875,True,True,3,0
6632,5,age,97772,97773,128,3,True,0.13671875;0.69921875;0.82421875,3,True,0.13671875;0.69921875;0.82421875,3,True,0.13671875;0.69921875;0.82421875,True,True,3,0
6634,5,age,97835,97836,128,3,True,0.13671875;0.69921875;0.82421875,3,True,0.13671875;0.69921875;0.82421875,3,True,0.13671875;0.69921875;0.82421875,True,True,3,0
6636,5,age,97896,97897,128,3,True,0.07421875;0.69921875;0.76171875,3,True,0.07421875;0.69921875;0.76171875,3,True,0.07421875;0.69921875;0.76171875,True,True,3,0
6638,5,age,97898,97899,128,3,True,0.13671875;0.69921875;0.82421875,3,True,0.13671875;0.69921875;0.82421875,3,True,0.13671875;0.69921875;0.82421875,True,True,3,0
6640,5,age,97959,97960,128,3,True,0.07421875;0.69921875;0.97265625,3,True,0.07421875;0.69921875;0.97265625,3,True,0.07421875;0.69921875;0.97265625,True,True,3,0
6642,5,age,97961,97962,128,3,True,0.13671875;0.69921875;0.82421875,3,True,0.13671875;0.69921875;0.82421875,3,True,0.13671875;0.69921875;0.82421875,True,True,3,0
6643,5,age,98015,98014,128,3,True,0.12109375;0.30078125;0.92578125,3,True,0.12109375;0.30078125;0.92578125,3,True,0.12109375;0.30078125;0.92578125,True,True,3,0
6648,5,age,98024,98025,128,3,True,0.13671875;0.69921875;0.82421875,3,True,0.13671875;0.69921875;0.82421875,3,True,0.13671875;0.69921875;0.82421875,True,True,3,0
6650,5,age,98087,98088,128,3,True,0.13671875;0.69921875;0.82421875,3,True,0.13671875;0.69921875;0.82421875,3,True,0.13671875;0.69921875;0.82421875,True,True,3,0
6652,5,age,98150,98151,128,3,True,0.13671875;0.69921875;0.82421875,3,True,0.13671875;0.69921875;0.82421875,3,True,0.13671875;0.69921875;0.82421875,True,True,3,0
6654,5,age,98211,98212,128,3,True,0.07421875;0.69921875;0.76171875,3,True,0.07421875;0.69921875;0.76171875,3,True,0.07421875;0.69921875;0.76171875,True,True,3,0
6656,5,age,98213,98214,128,3,True,0.13671875;0.69921875;0.82421875,3,True,0.13671875;0.69921875;0.82421875,3,True,0.13671875;0.69921875;0.82421875,True,True,3,0
6658,5,age,98274,98275,128,3,True,0.07421875;0.69921875;0.97265625,3,True,0.07421875;0.69921875;0.97265625,3,True,0.07421875;0.69921875;0.97265625,True,True,3,0
6660,5,age,98276,98277,128,3,True,0.13671875;0.69921875;0.82421875,3,True,0.13671875;0.69921875;0.82421875,3,True,0.13671875;0.69921875;0.82421875,True,True,3,0
6661,5,age,98330,98329,128,3,True,0.12109375;0.30078125;0.92578125,3,True,0.12109375;0.30078125;0.92578125,3,True,0.12109375;0.30078125;0.92578125,True,True,3,0
6666,5,age,98339,98340,128,3,True,0.13671875;0.69921875;0.82421875,3,True,0.13671875;0.69921875;0.82421875,3,True,0.13671875;0.69921875;0.82421875,True,True,3,0
6668,5,age,98402,98403,128,3,True,0.13671875;0.69921875;0.82421875,3,True,0.13671875;0.69921875;0.82421875,3,True,0.13671875;0.69921875;0.82421875,True,True,3,0
6670,5,age,98465,98466,128,3,True,0.13671875;0.69921875;0.82421875,3,True,0.13671875;0.69921875;0.82421875,3,True,0.13671875;0.69921875;0.82421875,True,True,3,0
6672,5,age,98526,98527,128,3,True,0.07421875;0.69921875;0.76171875,3,True,0.07421875;0.69921875;0.76171875,3,True,0.07421875;0.69921875;0.76171875,True,True,3,0
6674,5,age,98528,98529,128,3,True,0.13671875;0.69921875;0.82421875,3,True,0.13671875;0.69921875;0.82421875,3,True,0.13671875;0.69921875;0.82421875,True,True,3,0
6676,5,age,98589,98590,128,3,True,0.07421875;0.69921875;0.97265625,3,True,0.07421875;0.69921875;0.97265625,3,True,0.07421875;0.69921875;0.97265625,True,True,3,0
6678,5,age,98591,98592,128,3,True,0.13671875;0.69921875;0.82421875,3,True,0.13671875;0.69921875;0.82421875,3,True,0.13671875;0.69921875;0.82421875,True,True,3,0
6679,5,age,98645,98644,128,3,True,0.12109375;0.30078125;0.92578125,3,True,0.12109375;0.30078125;0.92578125,3,True,0.12109375;0.30078125;0.92578125,True,True,3,0
6684,5,age,98654,98655,128,3,True,0.13671875;0.69921875;0.82421875,3,True,0.13671875;0.69921875;0.82421875,3,True,0.13671875;0.69921875;0.82421875,True,True,3,0
6686,5,age,98717,98718,128,3,True,0.13671875;0.69921875;0.82421875,3,True,0.13671875;0.69921875;0.82421875,3,True,0.13671875;0.69921875;0.82421875,True,True,3,0
6688,5,age,98780,98781,128,3,True,0.13671875;0.69921875;0.82421875,3,True,0.13671875;0.69921875;0.82421875,3,True,0.13671875;0.69921875;0.82421875,True,True,3,0
6690,5,age,98841,98842,128,3,True,0.07421875;0.69921875;0.76171875,3,True,0.07421875;0.69921875;0.76171875,3,True,0.07421875;0.69921875;0.76171875,True,True,3,0
6692,5,age,98843,98844,128,3,True,0.13671875;0.69921875;0.82421875,3,True,0.13671875;0.69921875;0.82421875,3,True,0.13671875;0.69921875;0.82421875,True,True,3,0
6694,5,age,98904,98905,128,3,True,0.07421875;0.69921875;0.97265625,3,True,0.07421875;0.69921875;0.97265625,3,True,0.07421875;0.69921875;0.97265625,True,True,3,0
6696,5,age,98906,98907,128,3,True,0.13671875;0.69921875;0.82421875,3,True,0.13671875;0.69921875;0.82421875,3,True,0.13671875;0.69921875;0.82421875,True,True,3,0
6697,5,age,98960,98959,128,3,True,0.12109375;0.30078125;0.92578125,3,True,0.12109375;0.30078125;0.92578125,3,True,0.12109375;0.30078125;0.92578125,True,True,3,0
6702,5,age,98969,98970,128,3,True,0.13671875;0.69921875;0.82421875,3,True,0.13671875;0.69921875;0.82421875,3,True,0.13671875;0.69921875;0.82421875,True,True,3,0
6704,5,age,99032,99033,128,3,True,0.13671875;0.69921875;0.82421875,3,True,0.13671875;0.69921875;0.82421875,3,True,0.13671875;0.69921875;0.82421875,True,True,3,0
6706,5,age,99095,99096,128,3,True,0.13671875;0.69921875;0.82421875,3,True,0.13671875;0.69921875;0.82421875,3,True,0.13671875;0.69921875;0.82421875,True,True,3,0
6708,5,age,99156,99157,128,3,True,0.07421875;0.69921875;0.76171875,3,True,0.07421875;0.69921875;0.76171875,3,True,0.07421875;0.69921875;0.76171875,True,True,3,0
6710,5,age,99158,99159,128,3,True,0.13671875;0.69921875;0.82421875,3,True,0.13671875;0.69921875;0.82421875,3,True,0.13671875;0.69921875;0.82421875,True,True,3,0
6712,5,age,99219,99220,128,3,True,0.07421875;0.69921875;0.97265625,3,True,0.07421875;0.69921875;0.97265625,3,True,0.07421875;0.69921875;0.97265625,True,True,3,0
6714,5,age,99221,99222,128,3,True,0.13671875;0.69921875;0.82421875,3,True,0.13671875;0.69921875;0.82421875,3,True,0.13671875;0.69921875;0.82421875,True,True,3,0
6715,5,age,99275,99274,128,3,True,0.12109375;0.30078125;0.92578125,3,True,0.12109375;0.30078125;0.92578125,3,True,0.12109375;0.30078125;0.92578125,True,True,3,0
6720,5,age,99284,99285,128,3,True,0.13671875;0.69921875;0.82421875,3,True,0.13671875;0.69921875;0.82421875,3,True,0.13671875;0.69921875;0.82421875,True,True,3,0
6722,5,age,99347,99348,128,3,True,0.13671875;0.69921875;0.82421875,3,True,0.13671875;0.69921875;0.82421875,3,True,0.13671875;0.69921875;0.82421875,True,True,3,0
6724,5,age,99410,99411,128,3,True,0.13671875;0.69921875;0.82421875,3,True,0.13671875;0.69921875;0.82421875,3,True,0.13671875;0.69921875;0.82421875,True,True,3,0
6726,5,age,99473,99474,128,3,True,0.13671875;0.69921875;0.82421875,3,True,0.13671875;0.69921875;0.82421875,3,True,0.13671875;0.69921875;0.82421875,True,True,3,0
6728,5,age,99536,99537,128,3,True,0.13671875;0.69921875;0.82421875,3,True,0.13671875;0.69921875;0.82421875,3,True,0.13671875;0.69921875;0.82421875,True,True,3,0
6729,5,age,99590,99589,128,3,True,0.12109375;0.30078125;0.92578125,3,True,0.12109375;0.30078125;0.92578125,3,True,0.12109375;0.30078125;0.92578125,True,True,3,0
6734,5,age,99599,99600,128,3,True,0.13671875;0.69921875;0.82421875,3,True,0.13671875;0.69921875;0.82421875,3,True,0.13671875;0.69921875;0.82421875,True,True,3,0
6736,5,age,99662,99663,128,3,True,0.13671875;0.69921875;0.82421875,3,True,0.13671875;0.69921875;0.82421875,3,True,0.13671875;0.69921875;0.82421875,True,True,3,0
6738,5,age,99725,99726,128,3,True,0.13671875;0.69921875;0.82421875,3,True,0.13671875;0.69921875;0.82421875,3,True,0.13671875;0.69921875;0.82421875,True,True,3,0
6740,5,age,99788,99789,128,3,True,0.13671875;0.69921875;0.82421875,3,True,0.13671875;0.69921875;0.82421875,3,True,0.13671875;0.69921875;0.82421875,True,True,3,0
6742,5,age,99851,99852,128,3,True,0.13671875;0.69921875;0.82421875,3,True,0.13671875;0.69921875;0.82421875,3,True,0.13671875;0.69921875;0.82421875,True,True,3,0
6743,5,age,99905,99904,128,3,True,0.12109375;0.30078125;0.92578125,3,True,0.12109375;0.30078125;0.92578125,3,True,0.12109375;0.30078125;0.92578125,True,True,3,0
6748,5,age,99914,99915,128,3,True,0.13671875;0.69921875;0.82421875,3,True,0.13671875;0.69921875;0.82421875,3,True,0.13671875;0.69921875;0.82421875,True,True,3,0
6750,5,age,99977,99978,128,3,True,0.13671875;0.69921875;0.82421875,3,True,0.13671875;0.69921875;0.82421875,3,True,0.13671875;0.69921875;0.82421875,True,True,3,0
6752,5,age,100040,100041,128,3,True,0.13671875;0.69921875;0.82421875,3,True,0.13671875;0.69921875;0.82421875,3,True,0.13671875;0.69921875;0.82421875,True,True,3,0
6754,5,age,100103,100104,128,3,True,0.13671875;0.69921875;0.82421875,3,True,0.13671875;0.69921875;0.82421875,3,True,0.13671875;0.69921875;0.82421875,True,True,3,0
6756,5,age,100166,100167,128,3,True,0.13671875;0.69921875;0.82421875,3,True,0.13671875;0.69921875;0.82421875,3,True,0.13671875;0.69921875;0.82421875,True,True,3,0
6757,5,age,100220,100219,128,3,True,0.12109375;0.30078125;0.92578125,3,True,0.12109375;0.30078125;0.92578125,3,True,0.12109375;0.30078125;0.92578125,True,True,3,0
6762,5,age,100229,100230,128,3,True,0.13671875;0.69921875;0.82421875,3,True,0.13671875;0.69921875;0.82421875,3,True,0.13671875;0.69921875;0.82421875,True,True,3,0
6764,5,age,100292,100293,128,3,True,0.13671875;0.69921875;0.82421875,3,True,0.13671875;0.69921875;0.82421875,3,True,0.13671875;0.69921875;0.82421875,True,True,3,0
6766,5,age,100355,100356,128,3,True,0.13671875;0.69921875;0.82421875,3,True,0.13671875;0.69921875;0.82421875,3,True,0.13671875;0.69921875;0.82421875,True,True,3,0
6768,5,age,100416,100417,128,3,True,0.07421875;0.69921875;0.76171875,3,True,0.07421875;0.69921875;0.76171875,3,True,0.07421875;0.69921875;0.76171875,True,True,3,0
6770,5,age,100418,100419,128,3,True,0.13671875;0.69921875;0.82421875,3,True,0.13671875;0.69921875;0.82421875,3,True,0.13671875;0.69921875;0.82421875,True,True,3,0
6772,5,age,100479,100480,128,3,True,0.07421875;0.69921875;0.97265625,3,True,0.07421875;0.69921875;0.97265625,3,True,0.07421875;0.69921875;0.97265625,True,True,3,0
6774,5,age,100481,100482,128,3,True,0.13671875;0.69921875;0.82421875,3,True,0.13671875;0.69921875;0.82421875,3,True,0.13671875;0.69921875;0.82421875,True,True,3,0
6775,5,age,100535,100534,128,3,True,0.12109375;0.30078125;0.92578125,3,True,0.12109375;0.30078125;0.92578125,3,True,0.12109375;0.30078125;0.92578125,True,True,3,0
6780,5,age,100544,100545,128,3,True,0.13671875;0.69921875;0.82421875,3,True,0.13671875;0.69921875;0.82421875,3,True,0.13671875;0.69921875;0.82421875,True,True,3,0
6782,5,age,100607,100608,128,3,True,0.13671875;0.69921875;0.82421875,3,True,0.13671875;0.69921875;0.82421875,3,True,0.13671875;0.69921875;0.82421875,True,True,3,0
6784,5,age,100670,100671,128,3,True,0.13671875;0.69921875;0.82421875,3,True,0.13671875;0.69921875;0.82421875,3,True,0.13671875;0.69921875;0.82421875,True,True,3,0
6786,5,age,100731,100732,128,3,True,0.07421875;0.69921875;0.76171875,3,True,0.07421875;0.69921875;0.76171875,3,True,0.07421875;0.69921875;0.76171875,True,True,3,0
6788,5,age,100733,100734,128,3,True,0.13671875;0.69921875;0.82421875,3,True,0.13671875;0.69921875;0.82421875,3,True,0.13671875;0.69921875;0.82421875,True,True,3,0
6790,5,age,100794,100795,128,3,True,0.07421875;0.69921875;0.97265625,3,True,0.07421875;0.69921875;0.97265625,3,True,0.07421875;0.69921875;0.97265625,True,True,3,0
6792,5,age,100796,100797,128,3,True,0.13671875;0.69921875;0.82421875,3,True,0.13671875;0.69921875;0.82421875,3,True,0.13671875;0.69921875;0.82421875,True,True,3,0
6793,5,age,101795,101794,128,3,True,0.12109375;0.30078125;0.92578125,3,True,0.12109375;0.30078125;0.92578125,3,True,0.12109375;0.30078125;0.92578125,True,True,3,0
6798,5,age,101804,101805,128,3,True,0.13671875;0.69921875;0.82421875,3,True,0.13671875;0.69921875;0.82421875,3,True,0.13671875;0.69921875;0.82421875,True,True,3,0
6800,5,age,101867,101868,128,3,True,0.13671875;0.69921875;0.82421875,3,True,0.13671875;0.69921875;0.82421875,3,True,0.13671875;0.69921875;0.82421875,True,True,3,0
6802,5,age,101930,101931,128,3,True,0.13671875;0.69921875;0.82421875,3,True,0.13671875;0.69921875;0.82421875,3,True,0.13671875;0.69921875;0.82421875,True,True,3,0
6804,5,age,101991,101992,128,3,True,0.07421875;0.69921875;0.76171875,3,True,0.07421875;0.69921875;0.76171875,3,True,0.07421875;0.69921875;0.76171875,True,True,3,0
6806,5,age,101993,101994,128,3,True,0.13671875;0.69921875;0.82421875,3,True,0.13671875;0.69921875;0.82421875,3,True,0.13671875;0.69921875;0.82421875,True,True,3,0
6808,5,age,102054,102055,128,3,True,0.07421875;0.69921875;0.97265625,3,True,0.07421875;0.69921875;0.97265625,3,True,0.07421875;0.69921875;0.97265625,True,True,3,0
6810,5,age,102056,102057,128,3,True,0.13671875;0.69921875;0.82421875,3,True,0.13671875;0.69921875;0.82421875,3,True,0.13671875;0.69921875;0.82421875,True,True,3,0
6811,5,age,102110,102109,128,3,True,0.12109375;0.30078125;0.92578125,3,True,0.12109375;0.30078125;0.92578125,3,True,0.12109375;0.30078125;0.92578125,True,True,3,0
6816,5,age,102119,102120,128,3,True,0.13671875;0.69921875;0.82421875,3,True,0.13671875;0.69921875;0.82421875,3,True,0.13671875;0.69921875;0.82421875,True,True,3,0
6818,5,age,102182,102183,128,3,True,0.13671875;0.69921875;0.82421875,3,True,0.13671875;0.69921875;0.82421875,3,True,0.13671875;0.69921875;0.82421875,True,True,3,0
6820,5,age,102245,102246,128,3,True,0.13671875;0.69921875;0.82421875,3,True,0.13671875;0.69921875;0.82421875,3,True,0.13671875;0.69921875;0.82421875,True,True,3,0
6822,5,age,102306,102307,128,3,True,0.07421875;0.69921875;0.76171875,3,True,0.07421875;0.69921875;0.76171875,3,True,0.07421875;0.69921875;0.76171875,True,True,3,0
6824,5,age,102308,102309,128,3,True,0.13671875;0.69921875;0.82421875,3,True,0.13671875;0.69921875;0.82421875,3,True,0.13671875;0.69921875;0.82421875,True,True,3,0
6826,5,age,102369,102370,128,3,True,0.07421875;0.69921875;0.97265625,3,True,0.07421875;0.69921875;0.97265625,3,True,0.07421875;0.69921875;0.97265625,True,True,3,0
6828,5,age,102371,102372,128,3,True,0.13671875;0.69921875;0.82421875,3,True,0.13671875;0.69921875;0.82421875,3,True,0.13671875;0.69921875;0.82421875,True,True,3,0
6830,5,age,104196,104197,128,3,True,0.07421875;0.69921875;0.76171875,3,True,0.07421875;0.69921875;0.76171875,3,True,0.07421875;0.69921875;0.76171875,True,True,3,0
6832,5,age,104259,104260,128,3,True,0.07421875;0.69921875;0.97265625,3,True,0.07421875;0.69921875;0.97265625,3,True,0.07421875;0.69921875;0.97265625,True,True,3,0
6834,5,age,104511,104512,128,3,True,0.07421875;0.69921875;0.76171875,3,True,0.07421875;0.69921875;0.76171875,3,True,0.07421875;0.69921875;0.76171875,True,True,3,0
6836,5,age,104574,104575,128,3,True,0.07421875;0.69921875;0.97265625,3,True,0.07421875;0.69921875;0.97265625,3,True,0.07421875;0.69921875;0.97265625,True,True,3,0
6838,5,age,104826,104827,128,3,True,0.07421875;0.69921875;0.76171875,3,True,0.07421875;0.69921875;0.76171875,3,True,0.07421875;0.69921875;0.76171875,True,True,3,0
6840,5,age,104889,104890,128,3,True,0.07421875;0.69921875;0.97265625,3,True,0.07421875;0.69921875;0.97265625,3,True,0.07421875;0.69921875;0.97265625,True,True,3,0
6842,5,age,105141,105142,128,3,True,0.07421875;0.69921875;0.76171875,3,True,0.07421875;0.69921875;0.76171875,3,True,0.07421875;0.69921875;0.76171875,True,True,3,0
6844,5,age,105204,105205,128,3,True,0.07421875;0.69921875;0.97265625,3,True,0.07421875;0.69921875;0.97265625,3,True,0.07421875;0.69921875;0.97265625,True,True,3,0
6846,5,age,105456,105457,128,3,True,0.07421875;0.69921875;0.76171875,3,True,0.07421875;0.69921875;0.76171875,3,True,0.07421875;0.69921875;0.76171875,True,True,3,0
6848,5,age,105519,105520,128,3,True,0.07421875;0.69921875;0.97265625,3,True,0.07421875;0.69921875;0.97265625,3,True,0.07421875;0.69921875;0.97265625,True,True,3,0
6849,5,age,105575,105574,128,3,True,0.12109375;0.30078125;0.92578125,3,True,0.12109375;0.30078125;0.92578125,3,True,0.12109375;0.30078125;0.92578125,True,True,3,0
6854,5,age,105584,105585,128,3,True,0.13671875;0.69921875;0.82421875,3,True,0.13671875;0.69921875;0.82421875,3,True,0.13671875;0.69921875;0.82421875,True,True,3,0
6856,5,age,105647,105648,128,3,True,0.13671875;0.69921875;0.82421875,3,True,0.13671875;0.69921875;0.82421875,3,True,0.13671875;0.69921875;0.82421875,True,True,3,0
6858,5,age,105710,105711,128,3,True,0.13671875;0.69921875;0.82421875,3,True,0.13671875;0.69921875;0.82421875,3,True,0.13671875;0.69921875;0.82421875,True,True,3,0
6860,5,age,105771,105772,128,3,True,0.07421875;0.69921875;0.76171875,3,True,0.07421875;0.69921875;0.76171875,3,True,0.07421875;0.69921875;0.76171875,True,True,3,0
6862,5,age,105773,105774,128,3,True,0.13671875;0.69921875;0.82421875,3,True,0.13671875;0.69921875;0.82421875,3,True,0.13671875;0.69921875;0.82421875,True,True,3,0
6864,5,age,105834,105835,128,3,True,0.07421875;0.69921875;0.97265625,3,True,0.07421875;0.69921875;0.97265625,3,True,0.07421875;0.69921875;0.97265625,True,True,3,0
6866,5,age,105836,105837,128,3,True,0.13671875;0.69921875;0.82421875,3,True,0.13671875;0.69921875;0.82421875,3,True,0.13671875;0.69921875;0.82421875,True,True,3,0
6867,5,age,105890,105889,128,3,True,0.12109375;0.30078125;0.92578125,3,True,0.12109375;0.30078125;0.92578125,3,True,0.12109375;0.30078125;0.92578125,True,True,3,0
6872,5,age,105899,105900,128,3,True,0.13671875;0.69921875;0.82421875,3,True,0.13671875;0.69921875;0.82421875,3,True,0.13671875;0.69921875;0.82421875,True,True,3,0
6874,5,age,105962,105963,128,3,True,0.13671875;0.69921875;0.82421875,3,True,0.13671875;0.69921875;0.82421875,3,True,0.13671875;0.69921875;0.82421875,True,True,3,0
6876,5,age,106025,106026,128,3,True,0.13671875;0.69921875;0.82421875,3,True,0.13671875;0.69921875;0.82421875,3,True,0.13671875;0.69921875;0.82421875,True,True,3,0
6878,5,age,106086,106087,128,3,True,0.07421875;0.69921875;0.76171875,3,True,0.07421875;0.69921875;0.76171875,3,True,0.07421875;0.69921875;0.76171875,True,True,3,0
6880,5,age,106088,106089,128,3,True,0.13671875;0.69921875;0.82421875,3,True,0.13671875;0.69921875;0.82421875,3,True,0.13671875;0.69921875;0.82421875,True,True,3,0
6882,5,age,106149,106150,128,3,True,0.07421875;0.69921875;0.97265625,3,True,0.07421875;0.69921875;0.97265625,3,True,0.07421875;0.69921875;0.97265625,True,True,3,0
6884,5,age,106151,106152,128,3,True,0.13671875;0.69921875;0.82421875,3,True,0.13671875;0.69921875;0.82421875,3,True,0.13671875;0.69921875;0.82421875,True,True,3,0
6885,5,age,106205,106204,128,3,True,0.12109375;0.30078125;0.92578125,3,True,0.12109375;0.30078125;0.92578125,3,True,0.12109375;0.30078125;0.92578125,True,True,3,0
6890,5,age,106214,106215,128,3,True,0.13671875;0.69921875;0.82421875,3,True,0.13671875;0.69921875;0.82421875,3,True,0.13671875;0.69921875;0.82421875,True,True,3,0
6892,5,age,106277,106278,128,3,True,0.13671875;0.69921875;0.82421875,3,True,0.13671875;0.69921875;0.82421875,3,True,0.13671875;0.69921875;0.82421875,True,True,3,0
6894,5,age,106340,106341,128,3,True,0.13671875;0.69921875;0.82421875,3,True,0.13671875;0.69921875;0.82421875,3,True,0.13671875;0.69921875;0.82421875,True,True,3,0
6896,5,age,106401,106402,128,3,True,0.07421875;0.69921875;0.76171875,3,True,0.07421875;0.69921875;0.76171875,3,True,0.07421875;0.69921875;0.76171875,True,True,3,0
6898,5,age,106403,106404,128,3,True,0.13671875;0.69921875;0.82421875,3,True,0.13671875;0.69921875;0.82421875,3,True,0.13671875;0.69921875;0.82421875,True,True,3,0
6900,5,age,106464,106465,128,3,True,0.07421875;0.69921875;0.97265625,3,True,0.07421875;0.69921875;0.97265625,3,True,0.07421875;0.69921875;0.97265625,True,True,3,0
6902,5,age,106466,106467,128,3,True,0.13671875;0.69921875;0.82421875,3,True,0.13671875;0.69921875;0.82421875,3,True,0.13671875;0.69921875;0.82421875,True,True,3,0
6903,5,age,106520,106519,128,3,True,0.12109375;0.30078125;0.92578125,3,True,0.12109375;0.30078125;0.92578125,3,True,0.12109375;0.30078125;0.92578125,True,True,3,0
6908,5,age,106529,106530,128,3,True,0.13671875;0.69921875;0.82421875,3,True,0.13671875;0.69921875;0.82421875,3,True,0.13671875;0.69921875;0.82421875,True,True,3,0
6910,5,age,106592,106593,128,3,True,0.13671875;0.69921875;0.82421875,3,True,0.13671875;0.69921875;0.82421875,3,True,0.13671875;0.69921875;0.82421875,True,True,3,0
6912,5,age,106655,106656,128,3,True,0.13671875;0.69921875;0.82421875,3,True,0.13671875;0.69921875;0.82421875,3,True,0.13671875;0.69921875;0.82421875,True,True,3,0
6914,5,age,106716,106717,128,3,True,0.07421875;0.69921875;0.76171875,3,True,0.07421875;0.69921875;0.76171875,3,True,0.07421875;0.69921875;0.76171875,True,True,3,0
6916,5,age,106718,106719,128,3,True,0.13671875;0.69921875;0.82421875,3,True,0.13671875;0.69921875;0.82421875,3,True,0.13671875;0.69921875;0.82421875,True,True,3,0
6918,5,age,106779,106780,128,3,True,0.07421875;0.69921875;0.97265625,3,True,0.07421875;0.69921875;0.97265625,3,True,0.07421875;0.69921875;0.97265625,True,True,3,0
6920,5,age,106781,106782,128,3,True,0.13671875;0.69921875;0.82421875,3,True,0.13671875;0.69921875;0.82421875,3,True,0.13671875;0.69921875;0.82421875,True,True,3,0
6921,5,age,106835,106834,128,3,True,0.12109375;0.30078125;0.92578125,3,True,0.12109375;0.30078125;0.92578125,3,True,0.12109375;0.30078125;0.92578125,True,True,3,0
6926,5,age,106844,106845,128,3,True,0.13671875;0.69921875;0.82421875,3,True,0.13671875;0.69921875;0.82421875,3,True,0.13671875;0.69921875;0.82421875,True,True,3,0
6928,5,age,106907,106908,128,3,True,0.13671875;0.69921875;0.82421875,3,True,0.13671875;0.69921875;0.82421875,3,True,0.13671875;0.69921875;0.82421875,True,True,3,0
6930,5,age,106970,106971,128,3,True,0.13671875;0.69921875;0.82421875,3,True,0.13671875;0.69921875;0.82421875,3,True,0.13671875;0.69921875;0.82421875,True,True,3,0
6932,5,age,107031,107032,128,3,True,0.07421875;0.69921875;0.76171875,3,True,0.07421875;0.69921875;0.76171875,3,True,0.07421875;0.69921875;0.76171875,True,True,3,0
6934,5,age,107033,107034,128,3,True,0.13671875;0.69921875;0.82421875,3,True,0.13671875;0.69921875;0.82421875,3,True,0.13671875;0.69921875;0.82421875,True,True,3,0
6936,5,age,107094,107095,128,3,True,0.07421875;0.69921875;0.97265625,3,True,0.07421875;0.69921875;0.97265625,3,True,0.07421875;0.69921875;0.97265625,True,True,3,0
6938,5,age,107096,107097,128,3,True,0.13671875;0.69921875;0.82421875,3,True,0.13671875;0.69921875;0.82421875,3,True,0.13671875;0.69921875;0.82421875,True,True,3,0
6939,5,age,107150,107149,128,3,True,0.12109375;0.30078125;0.92578125,3,True,0.12109375;0.30078125;0.92578125,3,True,0.12109375;0.30078125;0.92578125,True,True,3,0
6944,5,age,107159,107160,128,3,True,0.13671875;0.69921875;0.82421875,3,True,0.13671875;0.69921875;0.82421875,3,True,0.13671875;0.69921875;0.82421875,True,True,3,0
6946,5,age,107222,107223,128,3,True,0.13671875;0.69921875;0.82421875,3,True,0.13671875;0.69921875;0.82421875,3,True,0.13671875;0.69921875;0.82421875,True,True,3,0
6948,5,age,107285,107286,128,3,True,0.13671875;0.69921875;0.82421875,3,True,0.13671875;0.69921875;0.82421875,3,True,0.13671875;0.69921875;0.82421875,True,True,3,0
6950,5,age,107346,107347,128,3,True,0.07421875;0.69921875;0.76171875,3,True,0.07421875;0.69921875;0.76171875,3,True,0.07421875;0.69921875;0.76171875,True,True,3,0
6952,5,age,107348,107349,128,3,True,0.13671875;0.69921875;0.82421875,3,True,0.13671875;0.69921875;0.82421875,3,True,0.13671875;0.69921875;0.82421875,True,True,3,0
6954,5,age,107409,107410,128,3,True,0.07421875;0.69921875;0.97265625,3,True,0.07421875;0.69921875;0.97265625,3,True,0.07421875;0.69921875;0.97265625,True,True,3,0
6956,5,age,107411,107412,128,3,True,0.13671875;0.69921875;0.82421875,3,True,0.13671875;0.69921875;0.82421875,3,True,0.13671875;0.69921875;0.82421875,True,True,3,0
6957,5,age,107465,107464,128,3,True,0.12109375;0.30078125;0.92578125,3,True,0.12109375;0.30078125;0.92578125,3,True,0.12109375;0.30078125;0.92578125,True,True,3,0
6962,5,age,107474,107475,128,3,True,0.13671875;0.69921875;0.82421875,3,True,0.13671875;0.69921875;0.82421875,3,True,0.13671875;0.69921875;0.82421875,True,True,3,0
6964,5,age,107537,107538,128,3,True,0.13671875;0.69921875;0.82421875,3,True,0.13671875;0.69921875;0.82421875,3,True,0.13671875;0.69921875;0.82421875,True,True,3,0
6966,5,age,107600,107601,128,3,True,0.13671875;0.69921875;0.82421875,3,True,0.13671875;0.69921875;0.82421875,3,True,0.13671875;0.69921875;0.82421875,True,True,3,0
6968,5,age,107661,107662,128,3,True,0.07421875;0.69921875;0.76171875,3,True,0.07421875;0.69921875;0.76171875,3,True,0.07421875;0.69921875;0.76171875,True,True,3,0
6970,5,age,107663,107664,128,3,True,0.13671875;0.69921875;0.82421875,3,True,0.13671875;0.69921875;0.82421875,3,True,0.13671875;0.69921875;0.82421875,True,True,3,0
6972,5,age,107724,107725,128,3,True,0.07421875;0.69921875;0.97265625,3,True,0.07421875;0.69921875;0.97265625,3,True,0.07421875;0.69921875;0.97265625,True,True,3,0
6974,5,age,107726,107727,128,3,True,0.13671875;0.69921875;0.82421875,3,True,0.13671875;0.69921875;0.82421875,3,True,0.13671875;0.69921875;0.82421875,True,True,3,0
6975,5,age,107780,107779,128,3,True,0.12109375;0.30078125;0.92578125,3,True,0.12109375;0.30078125;0.92578125,3,True,0.12109375;0.30078125;0.92578125,True,True,3,0
6980,5,age,107789,107790,128,3,True,0.13671875;0.69921875;0.82421875,3,True,0.13671875;0.69921875;0.82421875,3,True,0.13671875;0.69921875;0.82421875,True,True,3,0
6982,5,age,107852,107853,128,3,True,0.13671875;0.69921875;0.82421875,3,True,0.13671875;0.69921875;0.82421875,3,True,0.13671875;0.69921875;0.82421875,True,True,3,0
6984,5,age,107915,107916,128,3,True,0.13671875;0.69921875;0.82421875,3,True,0.13671875;0.69921875;0.82421875,3,True,0.13671875;0.69921875;0.82421875,True,True,3,0
6986,5,age,107976,107977,128,3,True,0.07421875;0.69921875;0.76171875,3,True,0.07421875;0.69921875;0.76171875,3,True,0.07421875;0.69921875;0.76171875,True,True,3,0
6988,5,age,107978,107979,128,3,True,0.13671875;0.69921875;0.82421875,3,True,0.13671875;0.69921875;0.82421875,3,True,0.13671875;0.69921875;0.82421875,True,True,3,0
6990,5,age,108039,108040,128,3,True,0.07421875;0.69921875;0.97265625,3,True,0.07421875;0.69921875;0.97265625,3,True,0.07421875;0.69921875;0.97265625,True,True,3,0
6992,5,age,108041,108042,128,3,True,0.13671875;0.69921875;0.82421875,3,True,0.13671875;0.69921875;0.82421875,3,True,0.13671875;0.69921875;0.82421875,True,True,3,0
6993,5,age,108095,108094,128,3,True,0.12109375;0.30078125;0.92578125,3,True,0.12109375;0.30078125;0.92578125,3,True,0.12109375;0.30078125;0.92578125,True,True,3,0
6998,5,age,108104,108105,128,3,True,0.13671875;0.69921875;0.82421875,3,True,0.13671875;0.69921875;0.82421875,3,True,0.13671875;0.69921875;0.82421875,True,True,3,0
7000,5,age,108167,108168,128,3,True,0.13671875;0.69921875;0.82421875,3,True,0.13671875;0.69921875;0.82421875,3,True,0.13671875;0.69921875;0.82421875,True,True,3,0
7002,5,age,108230,108231,128,3,True,0.13671875;0.69921875;0.82421875,3,True,0.13671875;0.69921875;0.82421875,3,True,0.13671875;0.69921875;0.82421875,True,True,3,0
7004,5,age,108291,108292,128,3,True,0.07421875;0.69921875;0.76171875,3,True,0.07421875;0.69921875;0.76171875,3,True,0.07421875;0.69921875;0.76171875,True,True,3,0
7006,5,age,108293,108294,128,3,True,0.13671875;0.69921875;0.82421875,3,True,0.13671875;0.69921875;0.82421875,3,True,0.13671875;0.69921875;0.82421875,True,True,3,0
7008,5,age,108354,108355,128,3,True,0.07421875;0.69921875;0.97265625,3,True,0.07421875;0.69921875;0.97265625,3,True,0.07421875;0.69921875;0.97265625,True,True,3,0
7010,5,age,108356,108357,128,3,True,0.13671875;0.69921875;0.82421875,3,True,0.13671875;0.69921875;0.82421875,3,True,0.13671875;0.69921875;0.82421875,True,True,3,0
7011,5,age,108410,108409,128,3,True,0.12109375;0.30078125;0.92578125,3,True,0.12109375;0.30078125;0.92578125,3,True,0.12109375;0.30078125;0.92578125,True,True,3,0
7016,5,age,108419,108420,128,3,True,0.13671875;0.69921875;0.82421875,3,True,0.13671875;0.69921875;0.82421875,3,True,0.13671875;0.69921875;0.82421875,True,True,3,0
7018,5,age,108482,108483,128,3,True,0.13671875;0.69921875;0.82421875,3,True,0.13671875;0.69921875;0.82421875,3,True,0.13671875;0.69921875;0.82421875,True,True,3,0
7020,5,age,108545,108546,128,3,True,0.13671875;0.69921875;0.82421875,3,True,0.13671875;0.69921875;0.82421875,3,True,0.13671875;0.69921875;0.82421875,True,True,3,0
7022,5,age,108606,108607,128,3,True,0.07421875;0.69921875;0.76171875,3,True,0.07421875;0.69921875;0.76171875,3,True,0.07421875;0.69921875;0.76171875,True,True,3,0
7024,5,age,108608,108609,128,3,True,0.13671875;0.69921875;0.82421875,3,True,0.13671875;0.69921875;0.82421875,3,True,0.13671875;0.69921875;0.82421875,True,True,3,0
7026,5,age,108669,108670,128,3,True,0.07421875;0.69921875;0.97265625,3,True,0.07421875;0.69921875;0.97265625,3,True,0.07421875;0.69921875;0.97265625,True,True,3,0
7028,5,age,108671,108672,128,3,True,0.13671875;0.69921875;0.82421875,3,True,0.13671875;0.69921875;0.82421875,3,True,0.13671875;0.69921875;0.82421875,True,True,3,0
7029,5,age,108725,108724,128,3,True,0.12109375;0.30078125;0.92578125,3,True,0.12109375;0.30078125;0.92578125,3,True,0.12109375;0.30078125;0.92578125,True,True,3,0
7034,5,age,108734,108735,128,3,True,0.13671875;0.69921875;0.82421875,3,True,0.13671875;0.69921875;0.82421875,3,True,0.13671875;0.69921875;0.82421875,True,True,3,0
7036,5,age,108797,108798,128,3,True,0.13671875;0.69921875;0.82421875,3,True,0.13671875;0.69921875;0.82421875,3,True,0.13671875;0.69921875;0.82421875,True,True,3,0
7038,5,age,108860,108861,128,3,True,0.13671875;0.69921875;0.82421875,3,True,0.13671875;0.69921875;0.82421875,3,True,0.13671875;0.69921875;0.82421875,True,True,3,0
7040,5,age,108921,108922,128,3,True,0.07421875;0.69921875;0.76171875,3,True,0.07421875;0.69921875;0.76171875,3,True,0.07421875;0.69921875;0.76171875,True,True,3,0
7042,5,age,108923,108924,128,3,True,0.13671875;0.69921875;0.82421875,3,True,0.13671875;0.69921875;0.82421875,3,True,0.13671875;0.69921875;0.82421875,True,True,3,0
7044,5,age,108984,108985,128,3,True,0.07421875;0.69921875;0.97265625,3,True,0.07421875;0.69921875;0.97265625,3,True,0.07421875;0.69921875;0.97265625,True,True,3,0
7046,5,age,108986,108987,128,3,True,0.13671875;0.69921875;0.82421875,3,True,0.13671875;0.69921875;0.82421875,3,True,0.13671875;0.69921875;0.82421875,True,True,3,0
7047,5,age,109040,109039,128,3,True,0.12109375;0.30078125;0.92578125,3,True,0.12109375;0.30078125;0.92578125,3,True,0.12109375;0.30078125;0.92578125,True,True,3,0
7052,5,age,109049,109050,128,3,True,0.13671875;0.69921875;0.82421875,3,True,0.13671875;0.69921875;0.82421875,3,True,0.13671875;0.69921875;0.82421875,True,True,3,0
7054,5,age,109112,109113,128,3,True,0.13671875;0.69921875;0.82421875,3,True,0.13671875;0.69921875;0.82421875,3,True,0.13671875;0.69921875;0.82421875,True,True,3,0
7056,5,age,109175,109176,128,3,True,0.13671875;0.69921875;0.82421875,3,True,0.13671875;0.69921875;0.82421875,3,True,0.13671875;0.69921875;0.82421875,True,True,3,0
7058,5,age,109236,109237,128,3,True,0.07421875;0.69921875;0.76171875,3,True,0.07421875;0.69921875;0.76171875,3,True,0.07421875;0.69921875;0.76171875,True,True,3,0
7060,5,age,109238,109239,128,3,True,0.13671875;0.69921875;0.82421875,3,True,0.13671875;0.69921875;0.82421875,3,True,0.13671875;0.69921875;0.82421875,True,True,3,0
7062,5,age,109299,109300,128,3,True,0.07421875;0.69921875;0.97265625,3,True,0.07421875;0.69921875;0.97265625,3,True,0.07421875;0.69921875;0.97265625,True,True,3,0
7064,5,age,109301,109302,128,3,True,0.13671875;0.69921875;0.82421875,3,True,0.13671875;0.69921875;0.82421875,3,True,0.13671875;0.69921875;0.82421875,True,True,3,0
7065,5,age,109355,109354,128,3,True,0.12109375;0.30078125;0.92578125,3,True,0.12109375;0.30078125;0.92578125,3,True,0.12109375;0.30078125;0.92578125,True,True,3,0
7070,5,age,109364,109365,128,3,True,0.13671875;0.69921875;0.82421875,3,True,0.13671875;0.69921875;0.82421875,3,True,0.13671875;0.69921875;0.82421875,True,True,3,0
7072,5,age,109427,109428,128,3,True,0.13671875;0.69921875;0.82421875,3,True,0.13671875;0.69921875;0.82421875,3,True,0.13671875;0.69921875;0.82421875,True,True,3,0
7074,5,age,109490,109491,128,3,True,0.13671875;0.69921875;0.82421875,3,True,0.13671875;0.69921875;0.82421875,3,True,0.13671875;0.69921875;0.82421875,True,True,3,0
7076,5,age,109551,109552,128,3,True,0.07421875;0.69921875;0.76171875,3,True,0.07421875;0.69921875;0.76171875,3,True,0.07421875;0.69921875;0.76171875,True,True,3,0
7078,5,age,109553,109554,128,3,True,0.13671875;0.69921875;0.82421875,3,True,0.13671875;0.69921875;0.82421875,3,True,0.13671875;0.69921875;0.82421875,True,True,3,0
7080,5,age,109614,109615,128,3,True,0.07421875;0.69921875;0.97265625,3,True,0.07421875;0.69921875;0.97265625,3,True,0.07421875;0.69921875;0.97265625,True,True,3,0
7082,5,age,109616,109617,128,3,True,0.13671875;0.69921875;0.82421875,3,True,0.13671875;0.69921875;0.82421875,3,True,0.13671875;0.69921875;0.82421875,True,True,3,0
7083,5,age,109670,109669,128,3,True,0.12109375;0.30078125;0.92578125,3,True,0.12109375;0.30078125;0.92578125,3,True,0.12109375;0.30078125;0.92578125,True,True,3,0
7088,5,age,109679,109680,128,3,True,0.13671875;0.69921875;0.82421875,3,True,0.13671875;0.69921875;0.82421875,3,True,0.13671875;0.69921875;0.82421875,True,True,3,0
7090,5,age,109742,109743,128,3,True,0.13671875;0.69921875;0.82421875,3,True,0.13671875;0.69921875;0.82421875,3,True,0.13671875;0.69921875;0.82421875,True,True,3,0
7092,5,age,109805,109806,128,3,True,0.13671875;0.69921875;0.82421875,3,True,0.13671875;0.69921875;0.82421875,3,True,0.13671875;0.69921875;0.82421875,True,True,3,0
7094,5,age,109866,109867,128,3,True,0.07421875;0.69921875;0.76171875,3,True,0.07421875;0.69921875;0.76171875,3,True,0.07421875;0.69921875;0.76171875,True,True,3,0
7096,5,age,109868,109869,128,3,True,0.13671875;0.69921875;0.82421875,3,True,0.13671875;0.69921875;0.82421875,3,True,0.13671875;0.69921875;0.82421875,True,True,3,0
7098,5,age,109929,109930,128,3,True,0.07421875;0.69921875;0.97265625,3,True,0.07421875;0.69921875;0.97265625,3,True,0.07421875;0.69921875;0.97265625,True,True,3,0
7100,5,age,109931,109932,128,3,True,0.13671875;0.69921875;0.82421875,3,True,0.13671875;0.69921875;0.82421875,3,True,0.13671875;0.69921875;0.82421875,True,True,3,0
7101,5,age,109985,109984,128,3,True,0.12109375;0.30078125;0.92578125,3,True,0.12109375;0.30078125;0.92578125,3,True,0.12109375;0.30078125;0.92578125,True,True,3,0
7106,5,age,109994,109995,128,3,True,0.13671875;0.69921875;0.82421875,3,True,0.13671875;0.69921875;0.82421875,3,True,0.13671875;0.69921875;0.82421875,True,True,3,0
7108,5,age,110057,110058,128,3,True,0.13671875;0.69921875;0.82421875,3,True,0.13671875;0.69921875;0.82421875,3,True,0.13671875;0.69921875;0.82421875,True,True,3,0
7110,5,age,110120,110121,128,3,True,0.13671875;0.69921875;0.82421875,3,True,0.13671875;0.69921875;0.82421875,3,True,0.13671875;0.69921875;0.82421875,True,True,3,0
7112,5,age,110181,110182,128,3,True,0.07421875;0.69921875;0.76171875,3,True,0.07421875;0.69921875;0.76171875,3,True,0.07421875;0.69921875;0.76171875,True,True,3,0
7114,5,age,110183,110184,128,3,True,0.13671875;0.69921875;0.82421875,3,True,0.13671875;0.69921875;0.82421875,3,True,0.13671875;0.69921875;0.82421875,True,True,3,0
7116,5,age,110244,110245,128,3,True,0.07421875;0.69921875;0.97265625,3,True,0.07421875;0.69921875;0.97265625,3,True,0.07421875;0.69921875;0.97265625,True,True,3,0
7118,5,age,110246,110247,128,3,True,0.13671875;0.69921875;0.82421875,3,True,0.13671875;0.69921875;0.82421875,3,True,0.13671875;0.69921875;0.82421875,True,True,3,0
7119,5,age,110300,110299,128,3,True,0.12109375;0.30078125;0.92578125,3,True,0.12109375;0.30078125;0.92578125,3,True,0.12109375;0.30078125;0.92578125,True,True,3,0
7124,5,age,110309,110310,128,3,True,0.13671875;0.69921875;0.82421875,3,True,0.13671875;0.69921875;0.82421875,3,True,0.13671875;0.69921875;0.82421875,True,True,3,0
7126,5,age,110372,110373,128,3,True,0.13671875;0.69921875;0.82421875,3,True,0.13671875;0.69921875;0.82421875,3,True,0.13671875;0.69921875;0.82421875,True,True,3,0
7128,5,age,110435,110436,128,3,True,0.13671875;0.69921875;0.82421875,3,True,0.13671875;0.69921875;0.82421875,3,True,0.13671875;0.69921875;0.82421875,True,True,3,0
7130,5,age,110496,110497,128,3,True,0.07421875;0.69921875;0.76171875,3,True,0.07421875;0.69921875;0.76171875,3,True,0.07421875;0.69921875;0.76171875,True,True,3,0
7132,5,age,110498,110499,128,3,True,0.13671875;0.69921875;0.82421875,3,True,0.13671875;0.69921875;0.82421875,3,True,0.13671875;0.69921875;0.82421875,True,True,3,0
7134,5,age,110559,110560,128,3,True,0.07421875;0.69921875;0.97265625,3,True,0.07421875;0.69921875;0.97265625,3,True,0.07421875;0.69921875;0.97265625,True,True,3,0
7136,5,age,110561,110562,128,3,True,0.13671875;0.69921875;0.82421875,3,True,0.13671875;0.69921875;0.82421875,3,True,0.13671875;0.69921875;0.82421875,True,True,3,0
7137,5,age,110615,110614,128,3,True,0.12109375;0.30078125;0.92578125,3,True,0.12109375;0.30078125;0.92578125,3,True,0.12109375;0.30078125;0.92578125,True,True,3,0
7142,5,age,110624,110625,128,3,True,0.13671875;0.69921875;0.82421875,3,True,0.13671875;0.69921875;0.82421875,3,True,0.13671875;0.69921875;0.82421875,True,True,3,0
7144,5,age,110687,110688,128,3,True,0.13671875;0.69921875;0.82421875,3,True,0.13671875;0.69921875;0.82421875,3,True,0.13671875;0.69921875;0.82421875,True,True,3,0
7146,5,age,110750,110751,128,3,True,0.13671875;0.69921875;0.82421875,3,True,0.13671875;0.69921875;0.82421875,3,True,0.13671875;0.69921875;0.82421875,True,True,3,0
7148,5,age,110811,110812,128,3,True,0.07421875;0.69921875;0.76171875,3,True,0.07421875;0.69921875;0.76171875,3,True,0.07421875;0.69921875;0.76171875,True,True,3,0
7150,5,age,110813,110814,128,3,True,0.13671875;0.69921875;0.82421875,3,True,0.13671875;0.69921875;0.82421875,3,True,0.13671875;0.69921875;0.82421875,True,True,3,0
7152,5,age,110874,110875,128,3,True,0.07421875;0.69921875;0.97265625,3,True,0.07421875;0.69921875;0.97265625,3,True,0.07421875;0.69921875;0.97265625,True,True,3,0
7154,5,age,110876,110877,128,3,True,0.13671875;0.69921875;0.82421875,3,True,0.13671875;0.69921875;0.82421875,3,True,0.13671875;0.69921875;0.82421875,True,True,3,0
7155,5,age,110930,110929,128,3,True,0.12109375;0.30078125;0.92578125,3,True,0.12109375;0.30078125;0.92578125,3,True,0.12109375;0.30078125;0.92578125,True,True,3,0
7160,5,age,110939,110940,128,3,True,0.13671875;0.69921875;0.82421875,3,True,0.13671875;0.69921875;0.82421875,3,True,0.13671875;0.69921875;0.82421875,True,True,3,0
7162,5,age,111002,111003,128,3,True,0.13671875;0.69921875;0.82421875,3,True,0.13671875;0.69921875;0.82421875,3,True,0.13671875;0.69921875;0.82421875,True,True,3,0
7164,5,age,111065,111066,128,3,True,0.13671875;0.69921875;0.82421875,3,True,0.13671875;0.69921875;0.82421875,3,True,0.13671875;0.69921875;0.82421875,True,True,3,0
7166,5,age,111126,111127,128,3,True,0.07421875;0.69921875;0.76171875,3,True,0.07421875;0.69921875;0.76171875,3,True,0.07421875;0.69921875;0.76171875,True,True,3,0
7168,5,age,111128,111129,128,3,True,0.13671875;0.69921875;0.82421875,3,True,0.13671875;0.69921875;0.82421875,3,True,0.13671875;0.69921875;0.82421875,True,True,3,0
7170,5,age,111189,111190,128,3,True,0.07421875;0.69921875;0.97265625,3,True,0.07421875;0.69921875;0.97265625,3,True,0.07421875;0.69921875;0.97265625,True,True,3,0
7172,5,age,111191,111192,128,3,True,0.13671875;0.69921875;0.82421875,3,True,0.13671875;0.69921875;0.82421875,3,True,0.13671875;0.69921875;0.82421875,True,True,3,0
7173,5,age,111245,111244,128,3,True,0.12109375;0.30078125;0.92578125,3,True,0.12109375;0.30078125;0.92578125,3,True,0.12109375;0.30078125;0.92578125,True,True,3,0
7178,5,age,111254,111255,128,3,True,0.13671875;0.69921875;0.82421875,3,True,0.13671875;0.69921875;0.82421875,3,True,0.13671875;0.69921875;0.82421875,True,True,3,0
7180,5,age,111317,111318,128,3,True,0.13671875;0.69921875;0.82421875,3,True,0.13671875;0.69921875;0.82421875,3,True,0.13671875;0.69921875;0.82421875,True,True,3,0
7182,5,age,111380,111381,128,3,True,0.13671875;0.69921875;0.82421875,3,True,0.13671875;0.69921875;0.82421875,3,True,0.13671875;0.69921875;0.82421875,True,True,3,0
7184,5,age,111441,111442,128,3,True,0.07421875;0.69921875;0.76171875,3,True,0.07421875;0.69921875;0.76171875,3,True,0.07421875;0.69921875;0.76171875,True,True,3,0
7186,5,age,111443,111444,128,3,True,0.13671875;0.69921875;0.82421875,3,True,0.13671875;0.69921875;0.82421875,3,True,0.13671875;0.69921875;0.82421875,True,True,3,0
7188,5,age,111504,111505,128,3,True,0.07421875;0.69921875;0.97265625,3,True,0.07421875;0.69921875;0.97265625,3,True,0.07421875;0.69921875;0.97265625,True,True,3,0
7190,5,age,111506,111507,128,3,True,0.13671875;0.69921875;0.82421875,3,True,0.13671875;0.69921875;0.82421875,3,True,0.13671875;0.69921875;0.82421875,True,True,3,0
7191,5,age,111560,111559,128,3,True,0.12109375;0.30078125;0.92578125,3,True,0.12109375;0.30078125;0.92578125,3,True,0.12109375;0.30078125;0.92578125,True,True,3,0
7196,5,age,111569,111570,128,3,True,0.13671875;0.69921875;0.82421875,3,True,0.13671875;0.69921875;0.82421875,3,True,0.13671875;0.69921875;0.82421875,True,True,3,0
7198,5,age,111632,111633,128,3,True,0.13671875;0.69921875;0.82421875,3,True,0.13671875;0.69921875;0.82421875,3,True,0.13671875;0.69921875;0.82421875,True,True,3,0
7200,5,age,111695,111696,128,3,True,0.13671875;0.69921875;0.82421875,3,True,0.13671875;0.69921875;0.82421875,3,True,0.13671875;0.69921875;0.82421875,True,True,3,0
7202,5,age,111756,111757,128,3,True,0.07421875;0.69921875;0.76171875,3,True,0.07421875;0.69921875;0.76171875,3,True,0.07421875;0.69921875;0.76171875,True,True,3,0
7204,5,age,111758,111759,128,3,True,0.13671875;0.69921875;0.82421875,3,True,0.13671875;0.69921875;0.82421875,3,True,0.13671875;0.69921875;0.82421875,True,True,3,0
7206,5,age,111819,111820,128,3,True,0.07421875;0.69921875;0.97265625,3,True,0.07421875;0.69921875;0.97265625,3,True,0.07421875;0.69921875;0.97265625,True,True,3,0
7208,5,age,111821,111822,128,3,True,0.13671875;0.69921875;0.82421875,3,True,0.13671875;0.69921875;0.82421875,3,True,0.13671875;0.69921875;0.82421875,True,True,3,0
7209,5,age,111875,111874,128,3,True,0.12109375;0.30078125;0.92578125,3,True,0.12109375;0.30078125;0.92578125,3,True,0.12109375;0.30078125;0.92578125,True,True,3,0
7214,5,age,111884,111885,128,3,True,0.13671875;0.69921875;0.82421875,3,True,0.13671875;0.69921875;0.82421875,3,True,0.13671875;0.69921875;0.82421875,True,True,3,0
7216,5,age,111947,111948,128,3,True,0.13671875;0.69921875;0.82421875,3,True,0.13671875;0.69921875;0.82421875,3,True,0.13671875;0.69921875;0.82421875,True,True,3,0
7218,5,age,112010,112011,128,3,True,0.13671875;0.69921875;0.82421875,3,True,0.13671875;0.69921875;0.82421875,3,True,0.13671875;0.69921875;0.82421875,True,True,3,0
7220,5,age,112071,112072,128,3,True,0.07421875;0.69921875;0.76171875,3,True,0.07421875;0.69921875;0.76171875,3,True,0.07421875;0.69921875;0.76171875,True,True,3,0
7222,5,age,112073,112074,128,3,True,0.13671875;0.69921875;0.82421875,3,True,0.13671875;0.69921875;0.82421875,3,True,0.13671875;0.69921875;0.82421875,True,True,3,0
7224,5,age,112134,112135,128,3,True,0.07421875;0.69921875;0.97265625,3,True,0.07421875;0.69921875;0.97265625,3,True,0.07421875;0.69921875;0.97265625,True,True,3,0
7226,5,age,112136,112137,128,3,True,0.13671875;0.69921875;0.82421875,3,True,0.13671875;0.69921875;0.82421875,3,True,0.13671875;0.69921875;0.82421875,True,True,3,0
7227,5,age,112190,112189,128,3,True,0.12109375;0.30078125;0.92578125,3,True,0.12109375;0.30078125;0.92578125,3,True,0.12109375;0.30078125;0.92578125,True,True,3,0
7232,5,age,112199,112200,128,3,True,0.13671875;0.69921875;0.82421875,3,True,0.13671875;0.69921875;0.82421875,3,True,0.13671875;0.69921875;0.82421875,True,True,3,0
7234,5,age,112262,112263,128,3,True,0.13671875;0.69921875;0.82421875,3,True,0.13671875;0.69921875;0.82421875,3,True,0.13671875;0.69921875;0.82421875,True,True,3,0
7236,5,age,112325,112326,128,3,True,0.13671875;0.69921875;0.82421875,3,True,0.13671875;0.69921875;0.82421875,3,True,0.13671875;0.69921875;0.82421875,True,True,3,0
7238,5,age,112386,112387,128,3,True,0.07421875;0.69921875;0.76171875,3,True,0.07421875;0.69921875;0.76171875,3,True,0.07421875;0.69921875;0.76171875,True,True,3,0
7240,5,age,112388,112389,128,3,True,0.13671875;0.69921875;0.82421875,3,True,0.13671875;0.69921875;0.82421875,3,True,0.13671875;0.69921875;0.82421875,True,True,3,0
7242,5,age,112449,112450,128,3,True,0.07421875;0.69921875;0.97265625,3,True,0.07421875;0.69921875;0.97265625,3,True,0.07421875;0.69921875;0.97265625,True,True,3,0
7244,5,age,112451,112452,128,3,True,0.13671875;0.69921875;0.82421875,3,True,0.13671875;0.69921875;0.82421875,3,True,0.13671875;0.69921875;0.82421875,True,True,3,0
7245,5,age,112505,112504,128,3,True,0.12109375;0.30078125;0.92578125,3,True,0.12109375;0.30078125;0.92578125,3,True,0.12109375;0.30078125;0.92578125,True,True,3,0
7250,5,age,112514,112515,128,3,True,0.13671875;0.69921875;0.82421875,3,True,0.13671875;0.69921875;0.82421875,3,True,0.13671875;0.69921875;0.82421875,True,True,3,0
7252,5,age,112577,112578,128,3,True,0.13671875;0.69921875;0.82421875,3,True,0.13671875;0.69921875;0.82421875,3,True,0.13671875;0.69921875;0.82421875,True,True,3,0
7254,5,age,112640,112641,128,3,True,0.13671875;0.69921875;0.82421875,3,True,0.13671875;0.69921875;0.82421875,3,True,0.13671875;0.69921875;0.82421875,True,True,3,0
7256,5,age,112701,112702,128,3,True,0.07421875;0.69921875;0.76171875,3,True,0.07421875;0.69921875;0.76171875,3,True,0.07421875;0.69921875;0.76171875,True,True,3,0
7258,5,age,112703,112704,128,3,True,0.13671875;0.69921875;0.82421875,3,True,0.13671875;0.69921875;0.82421875,3,True,0.13671875;0.69921875;0.82421875,True,True,3,0
7260,5,age,112764,112765,128,3,True,0.07421875;0.69921875;0.97265625,3,True,0.07421875;0.69921875;0.97265625,3,True,0.07421875;0.69921875;0.97265625,True,True,3,0
7262,5,age,112766,112767,128,3,True,0.13671875;0.69921875;0.82421875,3,True,0.13671875;0.69921875;0.82421875,3,True,0.13671875;0.69921875;0.82421875,True,True,3,0
7263,5,age,112820,112819,128,3,True,0.12109375;0.30078125;0.92578125,3,True,0.12109375;0.30078125;0.92578125,3,True,0.12109375;0.30078125;0.92578125,True,True,3,0
7268,5,age,112829,112830,128,3,True,0.13671875;0.69921875;0.82421875,3,True,0.13671875;0.69921875;0.82421875,3,True,0.13671875;0.69921875;0.82421875,True,True,3,0
7270,5,age,112892,112893,128,3,True,0.13671875;0.69921875;0.82421875,3,True,0.13671875;0.69921875;0.82421875,3,True,0.13671875;0.69921875;0.82421875,True,True,3,0
7272,5,age,112955,112956,128,3,True,0.13671875;0.69921875;0.82421875,3,True,0.13671875;0.69921875;0.82421875,3,True,0.13671875;0.69921875;0.82421875,True,True,3,0
7274,5,age,113016,113017,128,3,True,0.07421875;0.69921875;0.76171875,3,True,0.07421875;0.69921875;0.76171875,3,True,0.07421875;0.69921875;0.76171875,True,True,3,0
7276,5,age,113018,113019,128,3,True,0.13671875;0.69921875;0.82421875,3,True,0.13671875;0.69921875;0.82421875,3,True,0.13671875;0.69921875;0.82421875,True,True,3,0
7278,5,age,113079,113080,128,3,True,0.07421875;0.69921875;0.97265625,3,True,0.07421875;0.69921875;0.97265625,3,True,0.07421875;0.69921875;0.97265625,True,True,3,0
7280,5,age,113081,113082,128,3,True,0.13671875;0.69921875;0.82421875,3,True,0.13671875;0.69921875;0.82421875,3,True,0.13671875;0.69921875;0.82421875,True,True,3,0
7281,5,age,113135,113134,128,3,True,0.12109375;0.30078125;0.92578125,3,True,0.12109375;0.30078125;0.92578125,3,True,0.12109375;0.30078125;0.92578125,True,True,3,0
7286,5,age,113144,113145,128,3,True,0.13671875;0.69921875;0.82421875,3,True,0.13671875;0.69921875;0.82421875,3,True,0.13671875;0.69921875;0.82421875,True,True,3,0
7288,5,age,113207,113208,128,3,True,0.13671875;0.69921875;0.82421875,3,True,0.13671875;0.69921875;0.82421875,3,True,0.13671875;0.69921875;0.82421875,True,True,3,0
7290,5,age,113270,113271,128,3,True,0.13671875;0.69921875;0.82421875,3,True,0.13671875;0.69921875;0.82421875,3,True,0.13671875;0.69921875;0.82421875,True,True,3,0
7292,5,age,113331,113332,128,3,True,0.07421875;0.69921875;0.76171875,3,True,0.07421875;0.69921875;0.76171875,3,True,0.07421875;0.69921875;0.76171875,True,True,3,0
7294,5,age,113333,113334,128,3,True,0.13671875;0.69921875;0.82421875,3,True,0.13671875;0.69921875;0.82421875,3,True,0.13671875;0.69921875;0.82421875,True,True,3,0
7296,5,age,113394,113395,128,3,True,0.07421875;0.69921875;0.97265625,3,True,0.07421875;0.69921875;0.97265625,3,True,0.07421875;0.69921875;0.97265625,True,True,3,0
7298,5,age,113396,113397,128,3,True,0.13671875;0.69921875;0.82421875,3,True,0.13671875;0.69921875;0.82421875,3,True,0.13671875;0.69921875;0.82421875,True,True,3,0
7299,5,age,113450,113449,128,3,True,0.12109375;0.30078125;0.92578125,3,True,0.12109375;0.30078125;0.92578125,3,True,0.12109375;0.30078125;0.92578125,True,True,3,0
7304,5,age,113459,113460,128,3,True,0.13671875;0.69921875;0.82421875,3,True,0.13671875;0.69921875;0.82421875,3,True,0.13671875;0.69921875;0.82421875,True,True,3,0
7306,5,age,113522,113523,128,3,True,0.13671875;0.69921875;0.82421875,3,True,0.13671875;0.69921875;0.82421875,3,True,0.13671875;0.69921875;0.82421875,True,True,3,0
7308,5,age,113585,113586,128,3,True,0.13671875;0.69921875;0.82421875,3,True,0.13671875;0.69921875;0.82421875,3,True,0.13671875;0.69921875;0.82421875,True,True,3,0
7310,5,age,113646,113647,128,3,True,0.07421875;0.69921875;0.76171875,3,True,0.07421875;0.69921875;0.76171875,3,True,0.07421875;0.69921875;0.76171875,True,True,3,0
7312,5,age,113648,113649,128,3,True,0.13671875;0.69921875;0.82421875,3,True,0.13671875;0.69921875;0.82421875,3,True,0.13671875;0.69921875;0.82421875,True,True,3,0
7314,5,age,113709,113710,128,3,True,0.07421875;0.69921875;0.97265625,3,True,0.07421875;0.69921875;0.97265625,3,True,0.07421875;0.69921875;0.97265625,True,True,3,0
7316,5,age,113711,113712,128,3,True,0.13671875;0.69921875;0.82421875,3,True,0.13671875;0.69921875;0.82421875,3,True,0.13671875;0.69921875;0.82421875,True,True,3,0
7317,5,age,113765,113764,128,3,True,0.12109375;0.30078125;0.92578125,3,True,0.12109375;0.30078125;0.92578125,3,True,0.12109375;0.30078125;0.92578125,True,True,3,0
7322,5,age,113774,113775,128,3,True,0.13671875;0.69921875;0.82421875,3,True,0.13671875;0.69921875;0.82421875,3,True,0.13671875;0.69921875;0.82421875,True,True,3,0
7324,5,age,113837,113838,128,3,True,0.13671875;0.69921875;0.82421875,3,True,0.13671875;0.69921875;0.82421875,3,True,0.13671875;0.69921875;0.82421875,True,True,3,0
7326,5,age,113900,113901,128,3,True,0.13671875;0.69921875;0.82421875,3,True,0.13671875;0.69921875;0.82421875,3,True,0.13671875;0.69921875;0.82421875,True,True,3,0
7328,5,age,113961,113962,128,3,True,0.07421875;0.69921875;0.76171875,3,True,0.07421875;0.69921875;0.76171875,3,True,0.07421875;0.69921875;0.76171875,True,True,3,0
7330,5,age,113963,113964,128,3,True,0.13671875;0.69921875;0.82421875,3,True,0.13671875;0.69921875;0.82421875,3,True,0.13671875;0.69921875;0.82421875,True,True,3,0
7332,5,age,114024,114025,128,3,True,0.07421875;0.69921875;0.97265625,3,True,0.07421875;0.69921875;0.97265625,3,True,0.07421875;0.69921875;0.97265625,True,True,3,0
7334,5,age,114026,114027,128,3,True,0.13671875;0.69921875;0.82421875,3,True,0.13671875;0.69921875;0.82421875,3,True,0.13671875;0.69921875;0.82421875,True,True,3,0
7335,5,age,114080,114079,128,3,True,0.12109375;0.30078125;0.92578125,3,True,0.12109375;0.30078125;0.92578125,3,True,0.12109375;0.30078125;0.92578125,True,True,3,0
7340,5,age,114089,114090,128,3,True,0.13671875;0.69921875;0.82421875,3,True,0.13671875;0.69921875;0.82421875,3,True,0.13671875;0.69921875;0.82421875,True,True,3,0
7342,5,age,114152,114153,128,3,True,0.13671875;0.69921875;0.82421875,3,True,0.13671875;0.69921875;0.82421875,3,True,0.13671875;0.69921875;0.82421875,True,True,3,0
7344,5,age,114215,114216,128,3,True,0.13671875;0.69921875;0.82421875,3,True,0.13671875;0.69921875;0.82421875,3,True,0.13671875;0.69921875;0.82421875,True,True,3,0
7346,5,age,114276,114277,128,3,True,0.07421875;0.69921875;0.76171875,3,True,0.07421875;0.69921875;0.76171875,3,True,0.07421875;0.69921875;0.76171875,True,True,3,0
7348,5,age,114278,114279,128,3,True,0.13671875;0.69921875;0.82421875,3,True,0.13671875;0.69921875;0.82421875,3,True,0.13671875;0.69921875;0.82421875,True,True,3,0
7350,5,age,114339,114340,128,3,True,0.07421875;0.69921875;0.97265625,3,True,0.07421875;0.69921875;0.97265625,3,True,0.07421875;0.69921875;0.97265625,True,True,3,0
7352,5,age,114341,114342,128,3,True,0.13671875;0.69921875;0.82421875,3,True,0.13671875;0.69921875;0.82421875,3,True,0.13671875;0.69921875;0.82421875,True,True,3,0
7353,5,age,114395,114394,128,3,True,0.12109375;0.30078125;0.92578125,3,True,0.12109375;0.30078125;0.92578125,3,True,0.12109375;0.30078125;0.92578125,True,True,3,0
7358,5,age,114404,114405,128,3,True,0.13671875;0.69921875;0.82421875,3,True,0.13671875;0.69921875;0.82421875,3,True,0.13671875;0.69921875;0.82421875,True,True,3,0
7360,5,age,114467,114468,128,3,True,0.13671875;0.69921875;0.82421875,3,True,0.13671875;0.69921875;0.82421875,3,True,0.13671875;0.69921875;0.82421875,True,True,3,0
7362,5,age,114530,114531,128,3,True,0.13671875;0.69921875;0.82421875,3,True,0.13671875;0.69921875;0.82421875,3,True,0.13671875;0.69921875;0.82421875,True,True,3,0
7364,5,age,114591,114592,128,3,True,0.07421875;0.69921875;0.76171875,3,True,0.07421875;0.69921875;0.76171875,3,True,0.07421875;0.69921875;0.76171875,True,True,3,0
7366,5,age,114593,114594,128,3,True,0.13671875;0.69921875;0.82421875,3,True,0.13671875;0.69921875;0.82421875,3,True,0.13671875;0.69921875;0.82421875,True,True,3,0
7368,5,age,114654,114655,128,3,True,0.07421875;0.69921875;0.97265625,3,True,0.07421875;0.69921875;0.97265625,3,True,0.07421875;0.69921875;0.97265625,True,True,3,0
7370,5,age,114656,114657,128,3,True,0.13671875;0.69921875;0.82421875,3,True,0.13671875;0.69921875;0.82421875,3,True,0.13671875;0.69921875;0.82421875,True,True,3,0
7371,5,age,114710,114709,128,3,True,0.12109375;0.30078125;0.92578125,3,True,0.12109375;0.30078125;0.92578125,3,True,0.12109375;0.30078125;0.92578125,True,True,3,0
7376,5,age,114719,114720,128,3,True,0.13671875;0.69921875;0.82421875,3,True,0.13671875;0.69921875;0.82421875,3,True,0.13671875;0.69921875;0.82421875,True,True,3,0
7378,5,age,114782,114783,128,3,True,0.13671875;0.69921875;0.82421875,3,True,0.13671875;0.69921875;0.82421875,3,True,0.13671875;0.69921875;0.82421875,True,True,3,0
7380,5,age,114845,114846,128,3,True,0.13671875;0.69921875;0.82421875,3,True,0.13671875;0.69921875;0.82421875,3,True,0.13671875;0.69921875;0.82421875,True,True,3,0
7382,5,age,114906,114907,128,3,True,0.07421875;0.69921875;0.76171875,3,True,0.07421875;0.69921875;0.76171875,3,True,0.07421875;0.69921875;0.76171875,True,True,3,0
7384,5,age,114908,114909,128,3,True,0.13671875;0.69921875;0.82421875,3,True,0.13671875;0.69921875;0.82421875,3,True,0.13671875;0.69921875;0.82421875,True,True,3,0
7386,5,age,114969,114970,128,3,True,0.07421875;0.69921875;0.97265625,3,True,0.07421875;0.69921875;0.97265625,3,True,0.07421875;0.69921875;0.97265625,True,True,3,0
7388,5,age,114971,114972,128,3,True,0.13671875;0.69921875;0.82421875,3,True,0.13671875;0.69921875;0.82421875,3,True,0.13671875;0.69921875;0.82421875,True,True,3,0
7389,5,age,115025,115024,128,3,True,0.12109375;0.30078125;0.92578125,3,True,0.12109375;0.30078125;0.92578125,3,True,0.12109375;0.30078125;0.92578125,True,True,3,0
7394,5,age,115034,115035,128,3,True,0.13671875;0.69921875;0.82421875,3,True,0.13671875;0.69921875;0.82421875,3,True,0.13671875;0.69921875;0.82421875,True,True,3,0
7396,5,age,115097,115098,128,3,True,0.13671875;0.69921875;0.82421875,3,True,0.13671875;0.69921875;0.82421875,3,True,0.13671875;0.69921875;0.82421875,True,True,3,0
7398,5,age,115160,115161,128,3,True,0.13671875;0.69921875;0.82421875,3,True,0.13671875;0.69921875;0.82421875,3,True,0.13671875;0.69921875;0.82421875,True,True,3,0
7400,5,age,115221,115222,128,3,True,0.07421875;0.69921875;0.76171875,3,True,0.07421875;0.69921875;0.76171875,3,True,0.07421875;0.69921875;0.76171875,True,True,3,0
7402,5,age,115223,115224,128,3,True,0.13671875;0.69921875;0.82421875,3,True,0.13671875;0.69921875;0.82421875,3,True,0.13671875;0.69921875;0.82421875,True,True,3,0
7404,5,age,115284,115285,128,3,True,0.07421875;0.69921875;0.97265625,3,True,0.07421875;0.69921875;0.97265625,3,True,0.07421875;0.69921875;0.97265625,True,True,3,0
7406,5,age,115286,115287,128,3,True,0.13671875;0.69921875;0.82421875,3,True,0.13671875;0.69921875;0.82421875,3,True,0.13671875;0.69921875;0.82421875,True,True,3,0
7407,5,age,115340,115339,128,3,True,0.12109375;0.30078125;0.92578125,3,True,0.12109375;0.30078125;0.92578125,3,True,0.12109375;0.30078125;0.92578125,True,True,3,0
7412,5,age,115349,115350,128,3,True,0.13671875;0.69921875;0.82421875,3,True,0.13671875;0.69921875;0.82421875,3,True,0.13671875;0.69921875;0.82421875,True,True,3,0
7414,5,age,115412,115413,128,3,True,0.13671875;0.69921875;0.82421875,3,True,0.13671875;0.69921875;0.82421875,3,True,0.13671875;0.69921875;0.82421875,True,True,3,0
7416,5,age,115475,115476,128,3,True,0.13671875;0.69921875;0.82421875,3,True,0.13671875;0.69921875;0.82421875,3,True,0.13671875;0.69921875;0.82421875,True,True,3,0
7418,5,age,115536,115537,128,3,True,0.07421875;0.69921875;0.76171875,3,True,0.07421875;0.69921875;0.76171875,3,True,0.07421875;0.69921875;0.76171875,True,True,3,0
7420,5,age,115538,115539,128,3,True,0.13671875;0.69921875;0.82421875,3,True,0.13671875;0.69921875;0.82421875,3,True,0.13671875;0.69921875;0.82421875,True,True,3,0
7422,5,age,115599,115600,128,3,True,0.07421875;0.69921875;0.97265625,3,True,0.07421875;0.69921875;0.97265625,3,True,0.07421875;0.69921875;0.97265625,True,True,3,0
7424,5,age,115601,115602,128,3,True,0.13671875;0.69921875;0.82421875,3,True,0.13671875;0.69921875;0.82421875,3,True,0.13671875;0.69921875;0.82421875,True,True,3,0
7425,5,age,115655,115654,128,3,True,0.12109375;0.30078125;0.92578125,3,True,0.12109375;0.30078125;0.92578125,3,True,0.12109375;0.30078125;0.92578125,True,True,3,0
7430,5,age,115664,115665,128,3,True,0.13671875;0.69921875;0.82421875,3,True,0.13671875;0.69921875;0.82421875,3,True,0.13671875;0.69921875;0.82421875,True,True,3,0
7432,5,age,115727,115728,128,3,True,0.13671875;0.69921875;0.82421875,3,True,0.13671875;0.69921875;0.82421875,3,True,0.13671875;0.69921875;0.82421875,True,True,3,0
7434,5,age,115790,115791,128,3,True,0.13671875;0.69921875;0.82421875,3,True,0.13671875;0.69921875;0.82421875,3,True,0.13671875;0.69921875;0.82421875,True,True,3,0
7436,5,age,115851,115852,128,3,True,0.07421875;0.69921875;0.76171875,3,True,0.07421875;0.69921875;0.76171875,3,True,0.07421875;0.69921875;0.76171875,True,True,3,0
7438,5,age,115853,115854,128,3,True,0.13671875;0.69921875;0.82421875,3,True,0.13671875;0.69921875;0.82421875,3,True,0.13671875;0.69921875;0.82421875,True,True,3,0
7440,5,age,115914,115915,128,3,True,0.07421875;0.69921875;0.97265625,3,True,0.07421875;0.69921875;0.97265625,3,True,0.07421875;0.69921875;0.97265625,True,True,3,0
7442,5,age,115916,115917,128,3,True,0.13671875;0.69921875;0.82421875,3,True,0.13671875;0.69921875;0.82421875,3,True,0.13671875;0.69921875;0.82421875,True,True,3,0
7443,5,age,115970,115969,128,3,True,0.12109375;0.30078125;0.92578125,3,True,0.12109375;0.30078125;0.92578125,3,True,0.12109375;0.30078125;0.92578125,True,True,3,0
7448,5,age,115979,115980,128,3,True,0.13671875;0.69921875;0.82421875,3,True,0.13671875;0.69921875;0.82421875,3,True,0.13671875;0.69921875;0.82421875,True,True,3,0
7450,5,age,116042,116043,128,3,True,0.13671875;0.69921875;0.82421875,3,True,0.13671875;0.69921875;0.82421875,3,True,0.13671875;0.69921875;0.82421875,True,True,3,0
7452,5,age,116105,116106,128,3,True,0.13671875;0.69921875;0.82421875,3,True,0.13671875;0.69921875;0.82421875,3,True,0.13671875;0.69921875;0.82421875,True,True,3,0
7454,5,age,116166,116167,128,3,True,0.07421875;0.69921875;0.76171875,3,True,0.07421875;0.69921875;0.76171875,3,True,0.07421875;0.69921875;0.76171875,True,True,3,0
7456,5,age,116168,116169,128,3,True,0.13671875;0.69921875;0.82421875,3,True,0.13671875;0.69921875;0.82421875,3,True,0.13671875;0.69921875;0.82421875,True,True,3,0
7458,5,age,116229,116230,128,3,True,0.07421875;0.69921875;0.97265625,3,True,0.07421875;0.69921875;0.97265625,3,True,0.07421875;0.69921875;0.97265625,True,True,3,0
7460,5,age,116231,116232,128,3,True,0.13671875;0.69921875;0.82421875,3,True,0.13671875;0.69921875;0.82421875,3,True,0.13671875;0.69921875;0.82421875,True,True,3,0
7461,5,age,116285,116284,128,3,True,0.12109375;0.30078125;0.92578125,3,True,0.12109375;0.30078125;0.92578125,3,True,0.12109375;0.30078125;0.92578125,True,True,3,0
7466,5,age,116294,116295,128,3,True,0.13671875;0.69921875;0.82421875,3,True,0.13671875;0.69921875;0.82421875,3,True,0.13671875;0.69921875;0.82421875,True,True,3,0
7468,5,age,116357,116358,128,3,True,0.13671875;0.69921875;0.82421875,3,True,0.13671875;0.69921875;0.82421875,3,True,0.13671875;0.69921875;0.82421875,True,True,3,0
7470,5,age,116420,116421,128,3,True,0.13671875;0.69921875;0.82421875,3,True,0.13671875;0.69921875;0.82421875,3,True,0.13671875;0.69921875;0.82421875,True,True,3,0
7472,5,age,116481,116482,128,3,True,0.07421875;0.69921875;0.76171875,3,True,0.07421875;0.69921875;0.76171875,3,True,0.07421875;0.69921875;0.76171875,True,True,3,0
7474,5,age,116483,116484,128,3,True,0.13671875;0.69921875;0.82421875,3,True,0.13671875;0.69921875;0.82421875,3,True,0.13671875;0.69921875;0.82421875,True,True,3,0
7476,5,age,116544,116545,128,3,True,0.07421875;0.69921875;0.97265625,3,True,0.07421875;0.69921875;0.97265625,3,True,0.07421875;0.69921875;0.97265625,True,True,3,0
7478,5,age,116546,116547,128,3,True,0.13671875;0.69921875;0.82421875,3,True,0.13671875;0.69921875;0.82421875,3,True,0.13671875;0.69921875;0.82421875,True,True,3,0
7479,5,age,116600,116599,128,3,True,0.12109375;0.30078125;0.92578125,3,True,0.12109375;0.30078125;0.92578125,3,True,0.12109375;0.30078125;0.92578125,True,True,3,0
7484,5,age,116609,116610,128,3,True,0.13671875;0.69921875;0.82421875,3,True,0.13671875;0.69921875;0.82421875,3,True,0.13671875;0.69921875;0.82421875,True,True,3,0
7486,5,age,116672,116673,128,3,True,0.13671875;0.69921875;0.82421875,3,True,0.13671875;0.69921875;0.82421875,3,True,0.13671875;0.69921875;0.82421875,True,True,3,0
7488,5,age,116735,116736,128,3,True,0.13671875;0.69921875;0.82421875,3,True,0.13671875;0.69921875;0.82421875,3,True,0.13671875;0.69921875;0.82421875,True,True,3,0
7490,5,age,116796,116797,128,3,True,0.07421875;0.69921875;0.76171875,3,True,0.07421875;0.69921875;0.76171875,3,True,0.07421875;0.69921875;0.76171875,True,True,3,0
7492,5,age,116798,116799,128,3,True,0.13671875;0.69921875;0.82421875,3,True,0.13671875;0.69921875;0.82421875,3,True,0.13671875;0.69921875;0.82421875,True,True,3,0
7494,5,age,116859,116860,128,3,True,0.07421875;0.69921875;0.97265625,3,True,0.07421875;0.69921875;0.97265625,3,True,0.07421875;0.69921875;0.97265625,True,True,3,0
7496,5,age,116861,116862,128,3,True,0.13671875;0.69921875;0.82421875,3,True,0.13671875;0.69921875;0.82421875,3,True,0.13671875;0.69921875;0.82421875,True,True,3,0
7497,5,age,116915,116914,128,3,True,0.12109375;0.30078125;0.92578125,3,True,0.12109375;0.30078125;0.92578125,3,True,0.12109375;0.30078125;0.92578125,True,True,3,0
7502,5,age,116924,116925,128,3,True,0.13671875;0.69921875;0.82421875,3,True,0.13671875;0.69921875;0.82421875,3,True,0.13671875;0.69921875;0.82421875,True,True,3,0
7504,5,age,116987,116988,128,3,True,0.13671875;0.69921875;0.82421875,3,True,0.13671875;0.69921875;0.82421875,3,True,0.13671875;0.69921875;0.82421875,True,True,3,0
7506,5,age,117050,117051,128,3,True,0.13671875;0.69921875;0.82421875,3,True,0.13671875;0.69921875;0.82421875,3,True,0.13671875;0.69921875;0.82421875,True,True,3,0
7508,5,age,117111,117112,128,3,True,0.07421875;0.69921875;0.76171875,3,True,0.07421875;0.69921875;0.76171875,3,True,0.07421875;0.69921875;0.76171875,True,True,3,0
7510,5,age,117113,117114,128,3,True,0.13671875;0.69921875;0.82421875,3,True,0.13671875;0.69921875;0.82421875,3,True,0.13671875;0.69921875;0.82421875,True,True,3,0
7512,5,age,117174,117175,128,3,True,0.07421875;0.69921875;0.97265625,3,True,0.07421875;0.69921875;0.97265625,3,True,0.07421875;0.69921875;0.97265625,True,True,3,0
7514,5,age,117176,117177,128,3,True,0.13671875;0.69921875;0.82421875,3,True,0.13671875;0.69921875;0.82421875,3,True,0.13671875;0.69921875;0.82421875,True,True,3,0
7515,5,age,117230,117229,128,3,True,0.12109375;0.30078125;0.92578125,3,True,0.12109375;0.30078125;0.92578125,3,True,0.12109375;0.30078125;0.92578125,True,True,3,0
7520,5,age,117239,117240,128,3,True,0.13671875;0.69921875;0.82421875,3,True,0.13671875;0.69921875;0.82421875,3,True,0.13671875;0.69921875;0.82421875,True,True,3,0
7522,5,age,117302,117303,128,3,True,0.13671875;0.69921875;0.82421875,3,True,0.13671875;0.69921875;0.82421875,3,True,0.13671875;0.69921875;0.82421875,True,True,3,0
7524,5,age,117365,117366,128,3,True,0.13671875;0.69921875;0.82421875,3,True,0.13671875;0.69921875;0.82421875,3,True,0.13671875;0.69921875;0.82421875,True,True,3,0
7526,5,age,117426,117427,128,3,True,0.07421875;0.69921875;0.76171875,3,True,0.07421875;0.69921875;0.76171875,3,True,0.07421875;0.69921875;0.76171875,True,True,3,0
7528,5,age,117428,117429,128,3,True,0.13671875;0.69921875;0.82421875,3,True,0.13671875;0.69921875;0.82421875,3,True,0.13671875;0.69921875;0.82421875,True,True,3,0
7530,5,age,117489,117490,128,3,True,0.07421875;0.69921875;0.97265625,3,True,0.07421875;0.69921875;0.97265625,3,True,0.07421875;0.69921875;0.97265625,True,True,3,0
7532,5,age,117491,117492,128,3,True,0.13671875;0.69921875;0.82421875,3,True,0.13671875;0.69921875;0.82421875,3,True,0.13671875;0.69921875;0.82421875,True,True,3,0
7533,5,age,117545,117544,128,3,True,0.12109375;0.30078125;0.92578125,3,True,0.12109375;0.30078125;0.92578125,3,True,0.12109375;0.30078125;0.92578125,True,True,3,0
7538,5,age,117554,117555,128,3,True,0.13671875;0.69921875;0.82421875,3,True,0.13671875;0.69921875;0.82421875,3,True,0.13671875;0.69921875;0.82421875,True,True,3,0
7540,5,age,117617,117618,128,3,True,0.13671875;0.69921875;0.82421875,3,True,0.13671875;0.69921875;0.82421875,3,True,0.13671875;0.69921875;0.82421875,True,True,3,0
7542,5,age,117680,117681,128,3,True,0.13671875;0.69921875;0.82421875,3,True,0.13671875;0.69921875;0.82421875,3,True,0.13671875;0.69921875;0.82421875,True,True,3,0
7544,5,age,117741,117742,128,3,True,0.07421875;0.69921875;0.76171875,3,True,0.07421875;0.69921875;0.76171875,3,True,0.07421875;0.69921875;0.76171875,True,True,3,0
7546,5,age,117743,117744,128,3,True,0.13671875;0.69921875;0.82421875,3,True,0.13671875;0.69921875;0.82421875,3,True,0.13671875;0.69921875;0.82421875,True,True,3,0
7548,5,age,117804,117805,128,3,True,0.07421875;0.69921875;0.97265625,3,True,0.07421875;0.69921875;0.97265625,3,True,0.07421875;0.69921875;0.97265625,True,True,3,0
7550,5,age,117806,117807,128,3,True,0.13671875;0.69921875;0.82421875,3,True,0.13671875;0.69921875;0.82421875,3,True,0.13671875;0.69921875;0.82421875,True,True,3,0
7551,5,age,117860,117859,128,3,True,0.12109375;0.30078125;0.92578125,3,True,0.12109375;0.30078125;0.92578125,3,True,0.12109375;0.30078125;0.92578125,True,True,3,0
7556,5,age,117869,117870,128,3,True,0.13671875;0.69921875;0.82421875,3,True,0.13671875;0.69921875;0.82421875,3,True,0.13671875;0.69921875;0.82421875,True,True,3,0
7558,5,age,117932,117933,128,3,True,0.13671875;0.69921875;0.82421875,3,True,0.13671875;0.69921875;0.82421875,3,True,0.13671875;0.69921875;0.82421875,True,True,3,0
7560,5,age,117995,117996,128,3,True,0.13671875;0.69921875;0.82421875,3,True,0.13671875;0.69921875;0.82421875,3,True,0.13671875;0.69921875;0.82421875,True,True,3,0
7562,5,age,118056,118057,128,3,True,0.07421875;0.69921875;0.76171875,3,True,0.07421875;0.69921875;0.76171875,3,True,0.07421875;0.69921875;0.76171875,True,True,3,0
7564,5,age,118058,118059,128,3,True,0.13671875;0.69921875;0.82421875,3,True,0.13671875;0.69921875;0.82421875,3,True,0.13671875;0.69921875;0.82421875,True,True,3,0
7566,5,age,118119,118120,128,3,True,0.07421875;0.69921875;0.97265625,3,True,0.07421875;0.69921875;0.97265625,3,True,0.07421875;0.69921875;0.97265625,True,True,3,0
7568,5,age,118121,118122,128,3,True,0.13671875;0.69921875;0.82421875,3,True,0.13671875;0.69921875;0.82421875,3,True,0.13671875;0.69921875;0.82421875,True,True,3,0
7569,5,age,118175,118174,128,3,True,0.12109375;0.30078125;0.92578125,3,True,0.12109375;0.30078125;0.92578125,3,True,0.12109375;0.30078125;0.92578125,True,True,3,0
7574,5,age,118184,118185,128,3,True,0.13671875;0.69921875;0.82421875,3,True,0.13671875;0.69921875;0.82421875,3,True,0.13671875;0.69921875;0.82421875,True,True,3,0
7576,5,age,118247,118248,128,3,True,0.13671875;0.69921875;0.82421875,3,True,0.13671875;0.69921875;0.82421875,3,True,0.13671875;0.69921875;0.82421875,True,True,3,0
7578,5,age,118310,118311,128,3,True,0.13671875;0.69921875;0.82421875,3,True,0.13671875;0.69921875;0.82421875,3,True,0.13671875;0.69921875;0.82421875,True,True,3,0
7580,5,age,118371,118372,128,3,True,0.07421875;0.69921875;0.76171875,3,True,0.07421875;0.69921875;0.76171875,3,True,0.07421875;0.69921875;0.76171875,True,True,3,0
7582,5,age,118373,118374,128,3,True,0.13671875;0.69921875;0.82421875,3,True,0.13671875;0.69921875;0.82421875,3,True,0.13671875;0.69921875;0.82421875,True,True,3,0
7584,5,age,118434,118435,128,3,True,0.07421875;0.69921875;0.97265625,3,True,0.07421875;0.69921875;0.97265625,3,True,0.07421875;0.69921875;0.97265625,True,True,3,0
7586,5,age,118436,118437,128,3,True,0.13671875;0.69921875;0.82421875,3,True,0.13671875;0.69921875;0.82421875,3,True,0.13671875;0.69921875;0.82421875,True,True,3,0
7587,5,age,118490,118489,128,3,True,0.12109375;0.30078125;0.92578125,3,True,0.12109375;0.30078125;0.92578125,3,True,0.12109375;0.30078125;0.92578125,True,True,3,0
7592,5,age,118499,118500,128,3,True,0.13671875;0.69921875;0.82421875,3,True,0.13671875;0.69921875;0.82421875,3,True,0.13671875;0.69921875;0.82421875,True,True,3,0
7594,5,age,118562,118563,128,3,True,0.13671875;0.69921875;0.82421875,3,True,0.13671875;0.69921875;0.82421875,3,True,0.13671875;0.69921875;0.82421875,True,True,3,0
7596,5,age,118625,118626,128,3,True,0.13671875;0.69921875;0.82421875,3,True,0.13671875;0.69921875;0.82421875,3,True,0.13671875;0.69921875;0.82421875,True,True,3,0
7598,5,age,118686,118687,128,3,True,0.07421875;0.69921875;0.76171875,3,True,0.07421875;0.69921875;0.76171875,3,True,0.07421875;0.69921875;0.76171875,True,True,3,0
7600,5,age,118688,118689,128,3,True,0.13671875;0.69921875;0.82421875,3,True,0.13671875;0.69921875;0.82421875,3,True,0.13671875;0.69921875;0.82421875,True,True,3,0
7602,5,age,118749,118750,128,3,True,0.07421875;0.69921875;0.97265625,3,True,0.07421875;0.69921875;0.97265625,3,True,0.07421875;0.69921875;0.97265625,True,True,3,0
7604,5,age,118751,118752,128,3,True,0.13671875;0.69921875;0.82421875,3,True,0.13671875;0.69921875;0.82421875,3,True,0.13671875;0.69921875;0.82421875,True,True,3,0
7605,5,age,118805,118804,128,3,True,0.12109375;0.30078125;0.92578125,3,True,0.12109375;0.30078125;0.92578125,3,True,0.12109375;0.30078125;0.92578125,True,True,3,0
7610,5,age,118814,118815,128,3,True,0.13671875;0.69921875;0.82421875,3,True,0.13671875;0.69921875;0.82421875,3,True,0.13671875;0.69921875;0.82421875,True,True,3,0
7612,5,age,118877,118878,128,3,True,0.13671875;0.69921875;0.82421875,3,True,0.13671875;0.69921875;0.82421875,3,True,0.13671875;0.69921875;0.82421875,True,True,3,0
7614,5,age,118940,118941,128,3,True,0.13671875;0.69921875;0.82421875,3,True,0.13671875;0.69921875;0.82421875,3,True,0.13671875;0.69921875;0.82421875,True,True,3,0
7616,5,age,119001,119002,128,3,True,0.07421875;0.69921875;0.76171875,3,True,0.07421875;0.69921875;0.76171875,3,True,0.07421875;0.69921875;0.76171875,True,True,3,0
7618,5,age,119003,119004,128,3,True,0.13671875;0.69921875;0.82421875,3,True,0.13671875;0.69921875;0.82421875,3,True,0.13671875;0.69921875;0.82421875,True,True,3,0
7620,5,age,119064,119065,128,3,True,0.07421875;0.69921875;0.97265625,3,True,0.07421875;0.69921875;0.97265625,3,True,0.07421875;0.69921875;0.97265625,True,True,3,0
7622,5,age,119066,119067,128,3,True,0.13671875;0.69921875;0.82421875,3,True,0.13671875;0.69921875;0.82421875,3,True,0.13671875;0.69921875;0.82421875,True,True,3,0
7623,5,age,119120,119119,128,3,True,0.12109375;0.30078125;0.92578125,3,True,0.12109375;0.30078125;0.92578125,3,True,0.12109375;0.30078125;0.92578125,True,True,3,0
7628,5,age,119129,119130,128,3,True,0.13671875;0.69921875;0.82421875,3,True,0.13671875;0.69921875;0.82421875,3,True,0.13671875;0.69921875;0.82421875,True,True,3,0
7630,5,age,119192,119193,128,3,True,0.13671875;0.69921875;0.82421875,3,True,0.13671875;0.69921875;0.82421875,3,True,0.13671875;0.69921875;0.82421875,True,True,3,0
7632,5,age,119255,119256,128,3,True,0.13671875;0.69921875;0.82421875,3,True,0.13671875;0.69921875;0.82421875,3,True,0.13671875;0.69921875;0.82421875,True,True,3,0
7634,5,age,119316,119317,128,3,True,0.07421875;0.69921875;0.76171875,3,True,0.07421875;0.69921875;0.76171875,3,True,0.07421875;0.69921875;0.76171875,True,True,3,0
7636,5,age,119318,119319,128,3,True,0.13671875;0.69921875;0.82421875,3,True,0.13671875;0.69921875;0.82421875,3,True,0.13671875;0.69921875;0.82421875,True,True,3,0
7638,5,age,119379,119380,128,3,True,0.07421875;0.69921875;0.97265625,3,True,0.07421875;0.69921875;0.97265625,3,True,0.07421875;0.69921875;0.97265625,True,True,3,0
7640,5,age,119381,119382,128,3,True,0.13671875;0.69921875;0.82421875,3,True,0.13671875;0.69921875;0.82421875,3,True,0.13671875;0.69921875;0.82421875,True,True,3,0
7641,5,age,119435,119434,128,3,True,0.12109375;0.30078125;0.92578125,3,True,0.12109375;0.30078125;0.92578125,3,True,0.12109375;0.30078125;0.92578125,True,True,3,0
7646,5,age,119444,119445,128,3,True,0.13671875;0.69921875;0.82421875,3,True,0.13671875;0.69921875;0.82421875,3,True,0.13671875;0.69921875;0.82421875,True,True,3,0
7648,5,age,119507,119508,128,3,True,0.13671875;0.69921875;0.82421875,3,True,0.13671875;0.69921875;0.82421875,3,True,0.13671875;0.69921875;0.82421875,True,True,3,0
7650,5,age,119570,119571,128,3,True,0.13671875;0.69921875;0.82421875,3,True,0.13671875;0.69921875;0.82421875,3,True,0.13671875;0.69921875;0.82421875,True,True,3,0
7652,5,age,119631,119632,128,3,True,0.07421875;0.69921875;0.76171875,3,True,0.07421875;0.69921875;0.76171875,3,True,0.07421875;0.69921875;0.76171875,True,True,3,0
7654,5,age,119633,119634,128,3,True,0.13671875;0.69921875;0.82421875,3,True,0.13671875;0.69921875;0.82421875,3,True,0.13671875;0.69921875;0.82421875,True,True,3,0
7656,5,age,119694,119695,128,3,True,0.07421875;0.69921875;0.97265625,3,True,0.07421875;0.69921875;0.97265625,3,True,0.07421875;0.69921875;0.97265625,True,True,3,0
7658,5,age,119696,119697,128,3,True,0.13671875;0.69921875;0.82421875,3,True,0.13671875;0.69921875;0.82421875,3,True,0.13671875;0.69921875;0.82421875,True,True,3,0
7659,5,age,119750,119749,128,3,True,0.12109375;0.30078125;0.92578125,3,True,0.12109375;0.30078125;0.92578125,3,True,0.12109375;0.30078125;0.92578125,True,True,3,0
7664,5,age,119759,119760,128,3,True,0.13671875;0.69921875;0.82421875,3,True,0.13671875;0.69921875;0.82421875,3,True,0.13671875;0.69921875;0.82421875,True,True,3,0
7666,5,age,119822,119823,128,3,True,0.13671875;0.69921875;0.82421875,3,True,0.13671875;0.69921875;0.82421875,3,True,0.13671875;0.69921875;0.82421875,True,True,3,0
7668,5,age,119885,119886,128,3,True,0.13671875;0.69921875;0.82421875,3,True,0.13671875;0.69921875;0.82421875,3,True,0.13671875;0.69921875;0.82421875,True,True,3,0
7670,5,age,119946,119947,128,3,True,0.07421875;0.69921875;0.76171875,3,True,0.07421875;0.69921875;0.76171875,3,True,0.07421875;0.69921875;0.76171875,True,True,3,0
7672,5,age,119948,119949,128,3,True,0.13671875;0.69921875;0.82421875,3,True,0.13671875;0.69921875;0.82421875,3,True,0.13671875;0.69921875;0.82421875,True,True,3,0
7674,5,age,120009,120010,128,3,True,0.07421875;0.69921875;0.97265625,3,True,0.07421875;0.69921875;0.97265625,3,True,0.07421875;0.69921875;0.97265625,True,True,3,0
7676,5,age,120011,120012,128,3,True,0.13671875;0.69921875;0.82421875,3,True,0.13671875;0.69921875;0.82421875,3,True,0.13671875;0.69921875;0.82421875,True,True,3,0
7677,5,age,120065,120064,128,3,True,0.12109375;0.30078125;0.92578125,3,True,0.12109375;0.30078125;0.92578125,3,True,0.12109375;0.30078125;0.92578125,True,True,3,0
7682,5,age,120074,120075,128,3,True,0.13671875;0.69921875;0.82421875,3,True,0.13671875;0.69921875;0.82421875,3,True,0.13671875;0.69921875;0.82421875,True,True,3,0
7684,5,age,120137,120138,128,3,True,0.13671875;0.69921875;0.82421875,3,True,0.13671875;0.69921875;0.82421875,3,True,0.13671875;0.69921875;0.82421875,True,True,3,0
7686,5,age,120200,120201,128,3,True,0.13671875;0.69921875;0.82421875,3,True,0.13671875;0.69921875;0.82421875,3,True,0.13671875;0.69921875;0.82421875,True,True,3,0
7688,5,age,120261,120262,128,3,True,0.07421875;0.69921875;0.76171875,3,True,0.07421875;0.69921875;0.76171875,3,True,0.07421875;0.69921875;0.76171875,True,True,3,0
7690,5,age,120263,120264,128,3,True,0.13671875;0.69921875;0.82421875,3,True,0.13671875;0.69921875;0.82421875,3,True,0.13671875;0.69921875;0.82421875,True,True,3,0
7692,5,age,120324,120325,128,3,True,0.07421875;0.69921875;0.97265625,3,True,0.07421875;0.69921875;0.97265625,3,True,0.07421875;0.69921875;0.97265625,True,True,3,0
7694,5,age,120326,120327,128,3,True,0.13671875;0.69921875;0.82421875,3,True,0.13671875;0.69921875;0.82421875,3,True,0.13671875;0.69921875;0.82421875,True,True,3,0
7695,5,age,120380,120379,128,3,True,0.12109375;0.30078125;0.92578125,3,True,0.12109375;0.30078125;0.92578125,3,True,0.12109375;0.30078125;0.92578125,True,True,3,0
7700,5,age,120389,120390,128,3,True,0.13671875;0.69921875;0.82421875,3,True,0.13671875;0.69921875;0.82421875,3,True,0.13671875;0.69921875;0.82421875,True,True,3,0
7702,5,age,120452,120453,128,3,True,0.13671875;0.69921875;0.82421875,3,True,0.13671875;0.69921875;0.82421875,3,True,0.13671875;0.69921875;0.82421875,True,True,3,0
7704,5,age,120515,120516,128,3,True,0.13671875;0.69921875;0.82421875,3,True,0.13671875;0.69921875;0.82421875,3,True,0.13671875;0.69921875;0.82421875,True,True,3,0
7706,5,age,120576,120577,128,3,True,0.07421875;0.69921875;0.76171875,3,True,0.07421875;0.69921875;0.76171875,3,True,0.07421875;0.69921875;0.76171875,True,True,3,0
7708,5,age,120578,120579,128,3,True,0.13671875;0.69921875;0.82421875,3,True,0.13671875;0.69921875;0.82421875,3,True,0.13671875;0.69921875;0.82421875,True,True,3,0
7710,5,age,120639,120640,128,3,True,0.07421875;0.69921875;0.97265625,3,True,0.07421875;0.69921875;0.97265625,3,True,0.07421875;0.69921875;0.97265625,True,True,3,0
7712,5,age,120641,120642,128,3,True,0.13671875;0.69921875;0.82421875,3,True,0.13671875;0.69921875;0.82421875,3,True,0.13671875;0.69921875;0.82421875,True,True,3,0
7713,5,age,120695,120694,128,3,True,0.12109375;0.30078125;0.92578125,3,True,0.12109375;0.30078125;0.92578125,3,True,0.12109375;0.30078125;0.92578125,True,True,3,0
7718,5,age,120704,120705,128,3,True,0.13671875;0.69921875;0.82421875,3,True,0.13671875;0.69921875;0.82421875,3,True,0.13671875;0.69921875;0.82421875,True,True,3,0
7720,5,age,120767,120768,128,3,True,0.13671875;0.69921875;0.82421875,3,True,0.13671875;0.69921875;0.82421875,3,True,0.13671875;0.69921875;0.82421875,True,True,3,0
7722,5,age,120830,120831,128,3,True,0.13671875;0.69921875;0.82421875,3,True,0.13671875;0.69921875;0.82421875,3,True,0.13671875;0.69921875;0.82421875,True,True,3,0
7724,5,age,120891,120892,128,3,True,0.07421875;0.69921875;0.76171875,3,True,0.07421875;0.69921875;0.76171875,3,True,0.07421875;0.69921875;0.76171875,True,True,3,0
7726,5,age,120893,120894,128,3,True,0.13671875;0.69921875;0.82421875,3,True,0.13671875;0.69921875;0.82421875,3,True,0.13671875;0.69921875;0.82421875,True,True,3,0
7728,5,age,120954,120955,128,3,True,0.07421875;0.69921875;0.97265625,3,True,0.07421875;0.69921875;0.97265625,3,True,0.07421875;0.69921875;0.97265625,True,True,3,0
7730,5,age,120956,120957,128,3,True,0.13671875;0.69921875;0.82421875,3,True,0.13671875;0.69921875;0.82421875,3,True,0.13671875;0.69921875;0.82421875,True,True,3,0
7731,5,age,121010,121009,128,3,True,0.12109375;0.30078125;0.92578125,3,True,0.12109375;0.30078125;0.92578125,3,True,0.12109375;0.30078125;0.92578125,True,True,3,0
7736,5,age,121019,121020,128,3,True,0.13671875;0.69921875;0.82421875,3,True,0.13671875;0.69921875;0.82421875,3,True,0.13671875;0.69921875;0.82421875,True,True,3,0
7738,5,age,121082,121083,128,3,True,0.13671875;0.69921875;0.82421875,3,True,0.13671875;0.69921875;0.82421875,3,True,0.13671875;0.69921875;0.82421875,True,True,3,0
7740,5,age,121145,121146,128,3,True,0.13671875;0.69921875;0.82421875,3,True,0.13671875;0.69921875;0.82421875,3,True,0.13671875;0.69921875;0.82421875,True,True,3,0
7742,5,age,121206,121207,128,3,True,0.07421875;0.69921875;0.76171875,3,True,0.07421875;0.69921875;0.76171875,3,True,0.07421875;0.69921875;0.76171875,True,True,3,0
7744,5,age,121208,121209,128,3,True,0.13671875;0.69921875;0.82421875,3,True,0.13671875;0.69921875;0.82421875,3,True,0.13671875;0.69921875;0.82421875,True,True,3,0
7746,5,age,121269,121270,128,3,True,0.07421875;0.69921875;0.97265625,3,True,0.07421875;0.69921875;0.97265625,3,True,0.07421875;0.69921875;0.97265625,True,True,3,0
7748,5,age,121271,121272,128,3,True,0.13671875;0.69921875;0.82421875,3,True,0.13671875;0.69921875;0.82421875,3,True,0.13671875;0.69921875;0.82421875,True,True,3,0
7749,5,age,121325,121324,128,3,True,0.12109375;0.30078125;0.92578125,3,True,0.12109375;0.30078125;0.92578125,3,True,0.12109375;0.30078125;0.92578125,True,True,3,0
7754,5,age,121334,121335,128,3,True,0.13671875;0.69921875;0.82421875,3,True,0.13671875;0.69921875;0.82421875,3,True,0.13671875;0.69921875;0.82421875,True,True,3,0
7756,5,age,121397,121398,128,3,True,0.13671875;0.69921875;0.82421875,3,True,0.13671875;0.69921875;0.82421875,3,True,0.13671875;0.69921875;0.82421875,True,True,3,0
7758,5,age,121460,121461,128,3,True,0.13671875;0.69921875;0.82421875,3,True,0.13671875;0.69921875;0.82421875,3,True,0.13671875;0.69921875;0.82421875,True,True,3,0
7760,5,age,121521,121522,128,3,True,0.07421875;0.69921875;0.76171875,3,True,0.07421875;0.69921875;0.76171875,3,True,0.07421875;0.69921875;0.76171875,True,True,3,0
7762,5,age,121523,121524,128,3,True,0.13671875;0.69921875;0.82421875,3,True,0.13671875;0.69921875;0.82421875,3,True,0.13671875;0.69921875;0.82421875,True,True,3,0
7764,5,age,121584,121585,128,3,True,0.07421875;0.69921875;0.97265625,3,True,0.07421875;0.69921875;0.97265625,3,True,0.07421875;0.69921875;0.97265625,True,True,3,0
7766,5,age,121586,121587,128,3,True,0.13671875;0.69921875;0.82421875,3,True,0.13671875;0.69921875;0.82421875,3,True,0.13671875;0.69921875;0.82421875,True,True,3,0
7767,5,age,121640,121639,128,3,True,0.12109375;0.30078125;0.92578125,3,True,0.12109375;0.30078125;0.92578125,3,True,0.12109375;0.30078125;0.92578125,True,True,3,0
7772,5,age,121649,121650,128,3,True,0.13671875;0.69921875;0.82421875,3,True,0.13671875;0.69921875;0.82421875,3,True,0.13671875;0.69921875;0.82421875,True,True,3,0
7774,5,age,121712,121713,128,3,True,0.13671875;0.69921875;0.82421875,3,True,0.13671875;0.69921875;0.82421875,3,True,0.13671875;0.69921875;0.82421875,True,True,3,0
7776,5,age,121775,121776,128,3,True,0.13671875;0.69921875;0.82421875,3,True,0.13671875;0.69921875;0.82421875,3,True,0.13671875;0.69921875;0.82421875,True,True,3,0
7778,5,age,121836,121837,128,3,True,0.07421875;0.69921875;0.76171875,3,True,0.07421875;0.69921875;0.76171875,3,True,0.07421875;0.69921875;0.76171875,True,True,3,0
7780,5,age,121838,121839,128,3,True,0.13671875;0.69921875;0.82421875,3,True,0.13671875;0.69921875;0.82421875,3,True,0.13671875;0.69921875;0.82421875,True,True,3,0
7782,5,age,121899,121900,128,3,True,0.07421875;0.69921875;0.97265625,3,True,0.07421875;0.69921875;0.97265625,3,True,0.07421875;0.69921875;0.97265625,True,True,3,0
7784,5,age,121901,121902,128,3,True,0.13671875;0.69921875;0.82421875,3,True,0.13671875;0.69921875;0.82421875,3,True,0.13671875;0.69921875;0.82421875,True,True,3,0
7785,5,age,121955,121954,128,3,True,0.12109375;0.30078125;0.92578125,3,True,0.12109375;0.30078125;0.92578125,3,True,0.12109375;0.30078125;0.92578125,True,True,3,0
7790,5,age,121964,121965,128,3,True,0.13671875;0.69921875;0.82421875,3,True,0.13671875;0.69921875;0.82421875,3,True,0.13671875;0.69921875;0.82421875,True,True,3,0
7792,5,age,122027,122028,128,3,True,0.13671875;0.69921875;0.82421875,3,True,0.13671875;0.69921875;0.82421875,3,True,0.13671875;0.69921875;0.82421875,True,True,3,0
7794,5,age,122090,122091,128,3,True,0.13671875;0.69921875;0.82421875,3,True,0.13671875;0.69921875;0.82421875,3,True,0.13671875;0.69921875;0.82421875,True,True,3,0
7796,5,age,122151,122152,128,3,True,0.07421875;0.69921875;0.76171875,3,True,0.07421875;0.69921875;0.76171875,3,True,0.07421875;0.69921875;0.76171875,True,True,3,0
7798,5,age,122153,122154,128,3,True,0.13671875;0.69921875;0.82421875,3,True,0.13671875;0.69921875;0.82421875,3,True,0.13671875;0.69921875;0.82421875,True,True,3,0
7800,5,age,122214,122215,128,3,True,0.07421875;0.69921875;0.97265625,3,True,0.07421875;0.69921875;0.97265625,3,True,0.07421875;0.69921875;0.97265625,True,True,3,0
7802,5,age,122216,122217,128,3,True,0.13671875;0.69921875;0.82421875,3,True,0.13671875;0.69921875;0.82421875,3,True,0.13671875;0.69921875;0.82421875,True,True,3,0
7803,5,age,122270,122269,128,3,True,0.12109375;0.30078125;0.92578125,3,True,0.12109375;0.30078125;0.92578125,3,True,0.12109375;0.30078125;0.92578125,True,True,3,0
7808,5,age,122279,122280,128,3,True,0.13671875;0.69921875;0.82421875,3,True,0.13671875;0.69921875;0.82421875,3,True,0.13671875;0.69921875;0.82421875,True,True,3,0
7810,5,age,122342,122343,128,3,True,0.13671875;0.69921875;0.82421875,3,True,0.13671875;0.69921875;0.82421875,3,True,0.13671875;0.69921875;0.82421875,True,True,3,0
7812,5,age,122405,122406,128,3,True,0.13671875;0.69921875;0.82421875,3,True,0.13671875;0.69921875;0.82421875,3,True,0.13671875;0.69921875;0.82421875,True,True,3,0
7814,5,age,122466,122467,128,3,True,0.07421875;0.69921875;0.76171875,3,True,0.07421875;0.69921875;0.76171875,3,True,0.07421875;0.69921875;0.76171875,True,True,3,0
7816,5,age,122468,122469,128,3,True,0.13671875;0.69921875;0.82421875,3,True,0.13671875;0.69921875;0.82421875,3,True,0.13671875;0.69921875;0.82421875,True,True,3,0
7818,5,age,122529,122530,128,3,True,0.07421875;0.69921875;0.97265625,3,True,0.07421875;0.69921875;0.97265625,3,True,0.07421875;0.69921875;0.97265625,True,True,3,0
7820,5,age,122531,122532,128,3,True,0.13671875;0.69921875;0.82421875,3,True,0.13671875;0.69921875;0.82421875,3,True,0.13671875;0.69921875;0.82421875,True,True,3,0
7821,5,age,122585,122584,128,3,True,0.12109375;0.30078125;0.92578125,3,True,0.12109375;0.30078125;0.92578125,3,True,0.12109375;0.30078125;0.92578125,True,True,3,0
7826,5,age,122594,122595,128,3,True,0.13671875;0.69921875;0.82421875,3,True,0.13671875;0.69921875;0.82421875,3,True,0.13671875;0.69921875;0.82421875,True,True,3,0
7828,5,age,122657,122658,128,3,True,0.13671875;0.69921875;0.82421875,3,True,0.13671875;0.69921875;0.82421875,3,True,0.13671875;0.69921875;0.82421875,True,True,3,0
7830,5,age,122720,122721,128,3,True,0.13671875;0.69921875;0.82421875,3,True,0.13671875;0.69921875;0.82421875,3,True,0.13671875;0.69921875;0.82421875,True,True,3,0
7832,5,age,122781,122782,128,3,True,0.07421875;0.69921875;0.76171875,3,True,0.07421875;0.69921875;0.76171875,3,True,0.07421875;0.69921875;0.76171875,True,True,3,0
7834,5,age,122783,122784,128,3,True,0.13671875;0.69921875;0.82421875,3,True,0.13671875;0.69921875;0.82421875,3,True,0.13671875;0.69921875;0.82421875,True,True,3,0
7836,5,age,122844,122845,128,3,True,0.07421875;0.69921875;0.97265625,3,True,0.07421875;0.69921875;0.97265625,3,True,0.07421875;0.69921875;0.97265625,True,True,3,0
7838,5,age,122846,122847,128,3,True,0.13671875;0.69921875;0.82421875,3,True,0.13671875;0.69921875;0.82421875,3,True,0.13671875;0.69921875;0.82421875,True,True,3,0
7840,5,age,124671,124672,128,3,True,0.07421875;0.69921875;0.76171875,3,True,0.07421875;0.69921875;0.76171875,3,True,0.07421875;0.69921875;0.76171875,True,True,3,0
7842,5,age,124734,124735,128,3,True,0.07421875;0.69921875;0.97265625,3,True,0.07421875;0.69921875;0.97265625,3,True,0.07421875;0.69921875;0.97265625,True,True,3,0
7844,5,age,124986,124987,128,3,True,0.07421875;0.69921875;0.76171875,3,True,0.07421875;0.69921875;0.76171875,3,True,0.07421875;0.69921875;0.76171875,True,True,3,0
7846,5,age,125049,125050,128,3,True,0.07421875;0.69921875;0.97265625,3,True,0.07421875;0.69921875;0.97265625,3,True,0.07421875;0.69921875;0.97265625,True,True,3,0
7848,5,age,125301,125302,128,3,True,0.07421875;0.69921875;0.76171875,3,True,0.07421875;0.69921875;0.76171875,3,True,0.07421875;0.69921875;0.76171875,True,True,3,0
7850,5,age,125364,125365,128,3,True,0.07421875;0.69921875;0.97265625,3,True,0.07421875;0.69921875;0.97265625,3,True,0.07421875;0.69921875;0.97265625,True,True,3,0
7852,5,age,125616,125617,128,3,True,0.07421875;0.69921875;0.76171875,3,True,0.07421875;0.69921875;0.76171875,3,True,0.07421875;0.69921875;0.76171875,True,True,3,0
7854,5,age,125679,125680,128,3,True,0.07421875;0.69921875;0.97265625,3,True,0.07421875;0.69921875;0.97265625,3,True,0.07421875;0.69921875;0.97265625,True,True,3,0
7856,5,age,125931,125932,128,3,True,0.07421875;0.69921875;0.76171875,3,True,0.07421875;0.69921875;0.76171875,3,True,0.07421875;0.69921875;0.76171875,True,True,3,0
7858,5,age,125994,125995,128,3,True,0.07421875;0.69921875;0.97265625,3,True,0.07421875;0.69921875;0.97265625,3,True,0.07421875;0.69921875;0.97265625,True,True,3,0
7859,5,age,126050,126049,128,3,True,0.12109375;0.30078125;0.92578125,3,True,0.12109375;0.30078125;0.92578125,3,True,0.12109375;0.30078125;0.92578125,True,True,3,0
7864,5,age,126059,126060,128,3,True,0.13671875;0.69921875;0.82421875,3,True,0.13671875;0.69921875;0.82421875,3,True,0.13671875;0.69921875;0.82421875,True,True,3,0
7866,5,age,126122,126123,128,3,True,0.13671875;0.69921875;0.82421875,3,True,0.13671875;0.69921875;0.82421875,3,True,0.13671875;0.69921875;0.82421875,True,True,3,0
7868,5,age,126185,126186,128,3,True,0.13671875;0.69921875;0.82421875,3,True,0.13671875;0.69921875;0.82421875,3,True,0.13671875;0.69921875;0.82421875,True,True,3,0
7870,5,age,126246,126247,128,3,True,0.07421875;0.69921875;0.76171875,3,True,0.07421875;0.69921875;0.76171875,3,True,0.07421875;0.69921875;0.76171875,True,True,3,0
7872,5,age,126248,126249,128,3,True,0.13671875;0.69921875;0.82421875,3,True,0.13671875;0.69921875;0.82421875,3,True,0.13671875;0.69921875;0.82421875,True,True,3,0
7874,5,age,126309,126310,128,3,True,0.07421875;0.69921875;0.97265625,3,True,0.07421875;0.69921875;0.97265625,3,True,0.07421875;0.69921875;0.97265625,True,True,3,0
7876,5,age,126311,126312,128,3,True,0.13671875;0.69921875;0.82421875,3,True,0.13671875;0.69921875;0.82421875,3,True,0.13671875;0.69921875;0.82421875,True,True,3,0
7877,5,age,126365,126364,128,3,True,0.12109375;0.30078125;0.92578125,3,True,0.12109375;0.30078125;0.92578125,3,True,0.12109375;0.30078125;0.92578125,True,True,3,0
7882,5,age,126374,126375,128,3,True,0.13671875;0.69921875;0.82421875,3,True,0.13671875;0.69921875;0.82421875,3,True,0.13671875;0.69921875;0.82421875,True,True,3,0
7884,5,age,126437,126438,128,3,True,0.13671875;0.69921875;0.82421875,3,True,0.13671875;0.69921875;0.82421875,3,True,0.13671875;0.69921875;0.82421875,True,True,3,0
7886,5,age,126500,126501,128,3,True,0.13671875;0.69921875;0.82421875,3,True,0.13671875;0.69921875;0.82421875,3,True,0.13671875;0.69921875;0.82421875,True,True,3,0
7888,5,age,126561,126562,128,3,True,0.07421875;0.69921875;0.76171875,3,True,0.07421875;0.69921875;0.76171875,3,True,0.07421875;0.69921875;0.76171875,True,True,3,0
7890,5,age,126563,126564,128,3,True,0.13671875;0.69921875;0.82421875,3,True,0.13671875;0.69921875;0.82421875,3,True,0.13671875;0.69921875;0.82421875,True,True,3,0
7892,5,age,126624,126625,128,3,True,0.07421875;0.69921875;0.97265625,3,True,0.07421875;0.69921875;0.97265625,3,True,0.07421875;0.69921875;0.97265625,True,True,3,0
7894,5,age,126626,126627,128,3,True,0.13671875;0.69921875;0.82421875,3,True,0.13671875;0.69921875;0.82421875,3,True,0.13671875;0.69921875;0.82421875,True,True,3,0
7895,5,age,126680,126679,128,3,True,0.12109375;0.30078125;0.92578125,3,True,0.12109375;0.30078125;0.92578125,3,True,0.12109375;0.30078125;0.92578125,True,True,3,0
7900,5,age,126689,126690,128,3,True,0.13671875;0.69921875;0.82421875,3,True,0.13671875;0.69921875;0.82421875,3,True,0.13671875;0.69921875;0.82421875,True,True,3,0
7902,5,age,126752,126753,128,3,True,0.13671875;0.69921875;0.82421875,3,True,0.13671875;0.69921875;0.82421875,3,True,0.13671875;0.69921875;0.82421875,True,True,3,0
7904,5,age,126815,126816,128,3,True,0.13671875;0.69921875;0.82421875,3,True,0.13671875;0.69921875;0.82421875,3,True,0.13671875;0.69921875;0.82421875,True,True,3,0
7906,5,age,126876,126877,128,3,True,0.07421875;0.69921875;0.76171875,3,True,0.07421875;0.69921875;0.76171875,3,True,0.07421875;0.69921875;0.76171875,True,True,3,0
7908,5,age,126878,126879,128,3,True,0.13671875;0.69921875;0.82421875,3,True,0.13671875;0.69921875;0.82421875,3,True,0.13671875;0.69921875;0.82421875,True,True,3,0
7910,5,age,126939,126940,128,3,True,0.07421875;0.69921875;0.97265625,3,True,0.07421875;0.69921875;0.97265625,3,True,0.07421875;0.69921875;0.97265625,True,True,3,0
7912,5,age,126941,126942,128,3,True,0.13671875;0.69921875;0.82421875,3,True,0.13671875;0.69921875;0.82421875,3,True,0.13671875;0.69921875;0.82421875,True,True,3,0
7913,5,age,126995,126994,128,3,True,0.12109375;0.30078125;0.92578125,3,True,0.12109375;0.30078125;0.92578125,3,True,0.12109375;0.30078125;0.92578125,True,True,3,0
7918,5,age,127004,127005,128,3,True,0.13671875;0.69921875;0.82421875,3,True,0.13671875;0.69921875;0.82421875,3,True,0.13671875;0.69921875;0.82421875,True,True,3,0
7920,5,age,127067,127068,128,3,True,0.13671875;0.69921875;0.82421875,3,True,0.13671875;0.69921875;0.82421875,3,True,0.13671875;0.69921875;0.82421875,True,True,3,0
7922,5,age,127130,127131,128,3,True,0.13671875;0.69921875;0.82421875,3,True,0.13671875;0.69921875;0.82421875,3,True,0.13671875;0.69921875;0.82421875,True,True,3,0
7924,5,age,127191,127192,128,3,True,0.07421875;0.69921875;0.76171875,3,True,0.07421875;0.69921875;0.76171875,3,True,0.07421875;0.69921875;0.76171875,True,True,3,0
7926,5,age,127193,127194,128,3,True,0.13671875;0.69921875;0.82421875,3,True,0.13671875;0.69921875;0.82421875,3,True,0.13671875;0.69921875;0.82421875,True,True,3,0
7928,5,age,127254,127255,128,3,True,0.07421875;0.69921875;0.97265625,3,True,0.07421875;0.69921875;0.97265625,3,True,0.07421875;0.69921875;0.97265625,True,True,3,0
7930,5,age,127256,127257,128,3,True,0.13671875;0.69921875;0.82421875,3,True,0.13671875;0.69921875;0.82421875,3,True,0.13671875;0.69921875;0.82421875,True,True,3,0
7931,5,age,127310,127309,128,3,True,0.12109375;0.30078125;0.92578125,3,True,0.12109375;0.30078125;0.92578125,3,True,0.12109375;0.30078125;0.92578125,True,True,3,0
7936,5,age,127319,127320,128,3,True,0.13671875;0.69921875;0.82421875,3,True,0.13671875;0.69921875;0.82421875,3,True,0.13671875;0.69921875;0.82421875,True,True,3,0
7938,5,age,127382,127383,128,3,True,0.13671875;0.69921875;0.82421875,3,True,0.13671875;0.69921875;0.82421875,3,True,0.13671875;0.69921875;0.82421875,True,True,3,0
7940,5,age,127445,127446,128,3,True,0.13671875;0.69921875;0.82421875,3,True,0.13671875;0.69921875;0.82421875,3,True,0.13671875;0.69921875;0.82421875,True,True,3,0
7942,5,age,127506,127507,128,3,True,0.07421875;0.69921875;0.76171875,3,True,0.07421875;0.69921875;0.76171875,3,True,0.07421875;0.69921875;0.76171875,True,True,3,0
7944,5,age,127508,127509,128,3,True,0.13671875;0.69921875;0.82421875,3,True,0.13671875;0.69921875;0.82421875,3,True,0.13671875;0.69921875;0.82421875,True,True,3,0
7946,5,age,127569,127570,128,3,True,0.07421875;0.69921875;0.97265625,3,True,0.07421875;0.69921875;0.97265625,3,True,0.07421875;0.69921875;0.97265625,True,True,3,0
7948,5,age,127571,127572,128,3,True,0.13671875;0.69921875;0.82421875,3,True,0.13671875;0.69921875;0.82421875,3,True,0.13671875;0.69921875;0.82421875,True,True,3,0
7949,5,age,127625,127624,128,3,True,0.12109375;0.30078125;0.92578125,3,True,0.12109375;0.30078125;0.92578125,3,True,0.12109375;0.30078125;0.92578125,True,True,3,0
7954,5,age,127634,127635,128,3,True,0.13671875;0.69921875;0.82421875,3,True,0.13671875;0.69921875;0.82421875,3,True,0.13671875;0.69921875;0.82421875,True,True,3,0
7956,5,age,127697,127698,128,3,True,0.13671875;0.69921875;0.82421875,3,True,0.13671875;0.69921875;0.82421875,3,True,0.13671875;0.69921875;0.82421875,True,True,3,0
7958,5,age,127760,127761,128,3,True,0.13671875;0.69921875;0.82421875,3,True,0.13671875;0.69921875;0.82421875,3,True,0.13671875;0.69921875;0.82421875,True,True,3,0
7960,5,age,127821,127822,128,3,True,0.07421875;0.69921875;0.76171875,3,True,0.07421875;0.69921875;0.76171875,3,True,0.07421875;0.69921875;0.76171875,True,True,3,0
7962,5,age,127823,127824,128,3,True,0.13671875;0.69921875;0.82421875,3,True,0.13671875;0.69921875;0.82421875,3,True,0.13671875;0.69921875;0.82421875,True,True,3,0
7964,5,age,127884,127885,128,3,True,0.07421875;0.69921875;0.97265625,3,True,0.07421875;0.69921875;0.97265625,3,True,0.07421875;0.69921875;0.97265625,True,True,3,0
7966,5,age,127886,127887,128,3,True,0.13671875;0.69921875;0.82421875,3,True,0.13671875;0.69921875;0.82421875,3,True,0.13671875;0.69921875;0.82421875,True,True,3,0
7967,5,age,127940,127939,128,3,True,0.12109375;0.30078125;0.92578125,3,True,0.12109375;0.30078125;0.92578125,3,True,0.12109375;0.30078125;0.92578125,True,True,3,0
7972,5,age,127949,127950,128,3,True,0.13671875;0.69921875;0.82421875,3,True,0.13671875;0.69921875;0.82421875,3,True,0.13671875;0.69921875;0.82421875,True,True,3,0
7974,5,age,128012,128013,128,3,True,0.13671875;0.69921875;0.82421875,3,True,0.13671875;0.69921875;0.82421875,3,True,0.13671875;0.69921875;0.82421875,True,True,3,0
7976,5,age,128075,128076,128,3,True,0.13671875;0.69921875;0.82421875,3,True,0.13671875;0.69921875;0.82421875,3,True,0.13671875;0.69921875;0.82421875,True,True,3,0
7978,5,age,128136,128137,128,3,True,0.07421875;0.69921875;0.76171875,3,True,0.07421875;0.69921875;0.76171875,3,True,0.07421875;0.69921875;0.76171875,True,True,3,0
7980,5,age,128138,128139,128,3,True,0.13671875;0.69921875;0.82421875,3,True,0.13671875;0.69921875;0.82421875,3,True,0.13671875;0.69921875;0.82421875,True,True,3,0
7982,5,age,128199,128200,128,3,True,0.07421875;0.69921875;0.97265625,3,True,0.07421875;0.69921875;0.97265625,3,True,0.07421875;0.69921875;0.97265625,True,True,3,0
7984,5,age,128201,128202,128,3,True,0.13671875;0.69921875;0.82421875,3,True,0.13671875;0.69921875;0.82421875,3,True,0.13671875;0.69921875;0.82421875,True,True,3,0
7985,5,age,128255,128254,128,3,True,0.12109375;0.30078125;0.92578125,3,True,0.12109375;0.30078125;0.92578125,3,True,0.12109375;0.30078125;0.92578125,True,True,3,0
7990,5,age,128264,128265,128,3,True,0.13671875;0.69921875;0.82421875,3,True,0.13671875;0.69921875;0.82421875,3,True,0.13671875;0.69921875;0.82421875,True,True,3,0
7992,5,age,128327,128328,128,3,True,0.13671875;0.69921875;0.82421875,3,True,0.13671875;0.69921875;0.82421875,3,True,0.13671875;0.69921875;0.82421875,True,True,3,0
7994,5,age,128390,128391,128,3,True,0.13671875;0.69921875;0.82421875,3,True,0.13671875;0.69921875;0.82421875,3,True,0.13671875;0.69921875;0.82421875,True,True,3,0
7996,5,age,128451,128452,128,3,True,0.07421875;0.69921875;0.76171875,3,True,0.07421875;0.69921875;0.76171875,3,True,0.07421875;0.69921875;0.76171875,True,True,3,0
7998,5,age,128453,128454,128,3,True,0.13671875;0.69921875;0.82421875,3,True,0.13671875;0.69921875;0.82421875,3,True,0.13671875;0.69921875;0.82421875,True,True,3,0
8000,5,age,128514,128515,128,3,True,0.07421875;0.69921875;0.97265625,3,True,0.07421875;0.69921875;0.97265625,3,True,0.07421875;0.69921875;0.97265625,True,True,3,0
8002,5,age,128516,128517,128,3,True,0.13671875;0.69921875;0.82421875,3,True,0.13671875;0.69921875;0.82421875,3,True,0.13671875;0.69921875;0.82421875,True,True,3,0
8003,5,age,128570,128569,128,3,True,0.12109375;0.30078125;0.92578125,3,True,0.12109375;0.30078125;0.92578125,3,True,0.12109375;0.30078125;0.92578125,True,True,3,0
8008,5,age,128579,128580,128,3,True,0.13671875;0.69921875;0.82421875,3,True,0.13671875;0.69921875;0.82421875,3,True,0.13671875;0.69921875;0.82421875,True,True,3,0
8010,5,age,128642,128643,128,3,True,0.13671875;0.69921875;0.82421875,3,True,0.13671875;0.69921875;0.82421875,3,True,0.13671875;0.69921875;0.82421875,True,True,3,0
8012,5,age,128705,128706,128,3,True,0.13671875;0.69921875;0.82421875,3,True,0.13671875;0.69921875;0.82421875,3,True,0.13671875;0.69921875;0.82421875,True,True,3,0
8014,5,age,128766,128767,128,3,True,0.07421875;0.69921875;0.76171875,3,True,0.07421875;0.69921875;0.76171875,3,True,0.07421875;0.69921875;0.76171875,True,True,3,0
8016,5,age,128768,128769,128,3,True,0.13671875;0.69921875;0.82421875,3,True,0.13671875;0.69921875;0.82421875,3,True,0.13671875;0.69921875;0.82421875,True,True,3,0
8018,5,age,128829,128830,128,3,True,0.07421875;0.69921875;0.97265625,3,True,0.07421875;0.69921875;0.97265625,3,True,0.07421875;0.69921875;0.97265625,True,True,3,0
8020,5,age,128831,128832,128,3,True,0.13671875;0.69921875;0.82421875,3,True,0.13671875;0.69921875;0.82421875,3,True,0.13671875;0.69921875;0.82421875,True,True,3,0
8021,5,age,128885,128884,128,3,True,0.12109375;0.30078125;0.92578125,3,True,0.12109375;0.30078125;0.92578125,3,True,0.12109375;0.30078125;0.92578125,True,True,3,0
8026,5,age,128894,128895,128,3,True,0.13671875;0.69921875;0.82421875,3,True,0.13671875;0.69921875;0.82421875,3,True,0.13671875;0.69921875;0.82421875,True,True,3,0
8028,5,age,128957,128958,128,3,True,0.13671875;0.69921875;0.82421875,3,True,0.13671875;0.69921875;0.82421875,3,True,0.13671875;0.69921875;0.82421875,True,True,3,0
8030,5,age,129020,129021,128,3,True,0.13671875;0.69921875;0.82421875,3,True,0.13671875;0.69921875;0.82421875,3,True,0.13671875;0.69921875;0.82421875,True,True,3,0
8032,5,age,129081,129082,128,3,True,0.07421875;0.69921875;0.76171875,3,True,0.07421875;0.69921875;0.76171875,3,True,0.07421875;0.69921875;0.76171875,True,True,3,0
8034,5,age,129083,129084,128,3,True,0.13671875;0.69921875;0.82421875,3,True,0.13671875;0.69921875;0.82421875,3,True,0.13671875;0.69921875;0.82421875,True,True,3,0
8036,5,age,129144,129145,128,3,True,0.07421875;0.69921875;0.97265625,3,True,0.07421875;0.69921875;0.97265625,3,True,0.07421875;0.69921875;0.97265625,True,True,3,0
8038,5,age,129146,129147,128,3,True,0.13671875;0.69921875;0.82421875,3,True,0.13671875;0.69921875;0.82421875,3,True,0.13671875;0.69921875;0.82421875,True,True,3,0
8039,5,age,129200,129199,128,3,True,0.12109375;0.30078125;0.92578125,3,True,0.12109375;0.30078125;0.92578125,3,True,0.12109375;0.30078125;0.92578125,True,True,3,0
8044,5,age,129209,129210,128,3,True,0.13671875;0.69921875;0.82421875,3,True,0.13671875;0.69921875;0.82421875,3,True,0.13671875;0.69921875;0.82421875,True,True,3,0
8046,5,age,129272,129273,128,3,True,0.13671875;0.69921875;0.82421875,3,True,0.13671875;0.69921875;0.82421875,3,True,0.13671875;0.69921875;0.82421875,True,True,3,0
8048,5,age,129335,129336,128,3,True,0.13671875;0.69921875;0.82421875,3,True,0.13671875;0.69921875;0.82421875,3,True,0.13671875;0.69921875;0.82421875,True,True,3,0
8050,5,age,129396,129397,128,3,True,0.07421875;0.69921875;0.76171875,3,True,0.07421875;0.69921875;0.76171875,3,True,0.07421875;0.69921875;0.76171875,True,True,3,0
8052,5,age,129398,129399,128,3,True,0.13671875;0.69921875;0.82421875,3,True,0.13671875;0.69921875;0.82421875,3,True,0.13671875;0.69921875;0.82421875,True,True,3,0
8054,5,age,129459,129460,128,3,True,0.07421875;0.69921875;0.97265625,3,True,0.07421875;0.69921875;0.97265625,3,True,0.07421875;0.69921875;0.97265625,True,True,3,0
8056,5,age,129461,129462,128,3,True,0.13671875;0.69921875;0.82421875,3,True,0.13671875;0.69921875;0.82421875,3,True,0.13671875;0.69921875;0.82421875,True,True,3,0
8057,5,age,129515,129514,128,3,True,0.12109375;0.30078125;0.92578125,3,True,0.12109375;0.30078125;0.92578125,3,True,0.12109375;0.30078125;0.92578125,True,True,3,0
8062,5,age,129524,129525,128,3,True,0.13671875;0.69921875;0.82421875,3,True,0.13671875;0.69921875;0.82421875,3,True,0.13671875;0.69921875;0.82421875,True,True,3,0
8064,5,age,129587,129588,128,3,True,0.13671875;0.69921875;0.82421875,3,True,0.13671875;0.69921875;0.82421875,3,True,0.13671875;0.69921875;0.82421875,True,True,3,0
8066,5,age,129650,129651,128,3,True,0.13671875;0.69921875;0.82421875,3,True,0.13671875;0.69921875;0.82421875,3,True,0.13671875;0.69921875;0.82421875,True,True,3,0
8068,5,age,129711,129712,128,3,True,0.07421875;0.69921875;0.76171875,3,True,0.07421875;0.69921875;0.76171875,3,True,0.07421875;0.69921875;0.76171875,True,True,3,0
8070,5,age,129713,129714,128,3,True,0.13671875;0.69921875;0.82421875,3,True,0.13671875;0.69921875;0.82421875,3,True,0.13671875;0.69921875;0.82421875,True,True,3,0
8072,5,age,129774,129775,128,3,True,0.07421875;0.69921875;0.97265625,3,True,0.07421875;0.69921875;0.97265625,3,True,0.07421875;0.69921875;0.97265625,True,True,3,0
8074,5,age,129776,129777,128,3,True,0.13671875;0.69921875;0.82421875,3,True,0.13671875;0.69921875;0.82421875,3,True,0.13671875;0.69921875;0.82421875,True,True,3,0
8075,5,age,129830,129829,128,3,True,0.12109375;0.30078125;0.92578125,3,True,0.12109375;0.30078125;0.92578125,3,True,0.12109375;0.30078125;0.92578125,True,True,3,0
8080,5,age,129839,129840,128,3,True,0.13671875;0.69921875;0.82421875,3,True,0.13671875;0.69921875;0.82421875,3,True,0.13671875;0.69921875;0.82421875,True,True,3,0
8082,5,age,129902,129903,128,3,True,0.13671875;0.69921875;0.82421875,3,True,0.13671875;0.69921875;0.82421875,3,True,0.13671875;0.69921875;0.82421875,True,True,3,0
8084,5,age,129965,129966,128,3,True,0.13671875;0.69921875;0.82421875,3,True,0.13671875;0.69921875;0.82421875,3,True,0.13671875;0.69921875;0.82421875,True,True,3,0
8086,5,age,130026,130027,128,3,True,0.07421875;0.69921875;0.76171875,3,True,0.07421875;0.69921875;0.76171875,3,True,0.07421875;0.69921875;0.76171875,True,True,3,0
8088,5,age,130028,130029,128,3,True,0.13671875;0.69921875;0.82421875,3,True,0.13671875;0.69921875;0.82421875,3,True,0.13671875;0.69921875;0.82421875,True,True,3,0
8090,5,age,130089,130090,128,3,True,0.07421875;0.69921875;0.97265625,3,True,0.07421875;0.69921875;0.97265625,3,True,0.07421875;0.69921875;0.97265625,True,True,3,0
8092,5,age,130091,130092,128,3,True,0.13671875;0.69921875;0.82421875,3,True,0.13671875;0.69921875;0.82421875,3,True,0.13671875;0.69921875;0.82421875,True,True,3,0
8093,5,age,130145,130144,128,3,True,0.12109375;0.30078125;0.92578125,3,True,0.12109375;0.30078125;0.92578125,3,True,0.12109375;0.30078125;0.92578125,True,True,3,0
8098,5,age,130154,130155,128,3,True,0.13671875;0.69921875;0.82421875,3,True,0.13671875;0.69921875;0.82421875,3,True,0.13671875;0.69921875;0.82421875,True,True,3,0
8100,5,age,130217,130218,128,3,True,0.13671875;0.69921875;0.82421875,3,True,0.13671875;0.69921875;0.82421875,3,True,0.13671875;0.69921875;0.82421875,True,True,3,0
8102,5,age,130280,130281,128,3,True,0.13671875;0.69921875;0.82421875,3,True,0.13671875;0.69921875;0.82421875,3,True,0.13671875;0.69921875;0.82421875,True,True,3,0
8104,5,age,130341,130342,128,3,True,0.07421875;0.69921875;0.76171875,3,True,0.07421875;0.69921875;0.76171875,3,True,0.07421875;0.69921875;0.76171875,True,True,3,0
8106,5,age,130343,130344,128,3,True,0.13671875;0.69921875;0.82421875,3,True,0.13671875;0.69921875;0.82421875,3,True,0.13671875;0.69921875;0.82421875,True,True,3,0
8108,5,age,130404,130405,128,3,True,0.07421875;0.69921875;0.97265625,3,True,0.07421875;0.69921875;0.97265625,3,True,0.07421875;0.69921875;0.97265625,True,True,3,0
8110,5,age,130406,130407,128,3,True,0.13671875;0.69921875;0.82421875,3,True,0.13671875;0.69921875;0.82421875,3,True,0.13671875;0.69921875;0.82421875,True,True,3,0
8111,5,age,130460,130459,128,3,True,0.12109375;0.30078125;0.92578125,3,True,0.12109375;0.30078125;0.92578125,3,True,0.12109375;0.30078125;0.92578125,True,True,3,0
8116,5,age,130469,130470,128,3,True,0.13671875;0.69921875;0.82421875,3,True,0.13671875;0.69921875;0.82421875,3,True,0.13671875;0.69921875;0.82421875,True,True,3,0
8118,5,age,130532,130533,128,3,True,0.13671875;0.69921875;0.82421875,3,True,0.13671875;0.69921875;0.82421875,3,True,0.13671875;0.69921875;0.82421875,True,True,3,0
8120,5,age,130595,130596,128,3,True,0.13671875;0.69921875;0.82421875,3,True,0.13671875;0.69921875;0.82421875,3,True,0.13671875;0.69921875;0.82421875,True,True,3,0
8122,5,age,130656,130657,128,3,True,0.07421875;0.69921875;0.76171875,3,True,0.07421875;0.69921875;0.76171875,3,True,0.07421875;0.69921875;0.76171875,True,True,3,0
8124,5,age,130658,130659,128,3,True,0.13671875;0.69921875;0.82421875,3,True,0.13671875;0.69921875;0.82421875,3,True,0.13671875;0.69921875;0.82421875,True,True,3,0
8126,5,age,130719,130720,128,3,True,0.07421875;0.69921875;0.97265625,3,True,0.07421875;0.69921875;0.97265625,3,True,0.07421875;0.69921875;0.97265625,True,True,3,0
8128,5,age,130721,130722,128,3,True,0.13671875;0.69921875;0.82421875,3,True,0.13671875;0.69921875;0.82421875,3,True,0.13671875;0.69921875;0.82421875,True,True,3,0
8129,5,age,130775,130774,128,3,True,0.12109375;0.30078125;0.92578125,3,True,0.12109375;0.30078125;0.92578125,3,True,0.12109375;0.30078125;0.92578125,True,True,3,0
8134,5,age,130784,130785,128,3,True,0.13671875;0.69921875;0.82421875,3,True,0.13671875;0.69921875;0.82421875,3,True,0.13671875;0.69921875;0.82421875,True,True,3,0
8136,5,age,130847,130848,128,3,True,0.13671875;0.69921875;0.82421875,3,True,0.13671875;0.69921875;0.82421875,3,True,0.13671875;0.69921875;0.82421875,True,True,3,0
8138,5,age,130910,130911,128,3,True,0.13671875;0.69921875;0.82421875,3,True,0.13671875;0.69921875;0.82421875,3,True,0.13671875;0.69921875;0.82421875,True,True,3,0
8140,5,age,130971,130972,128,3,True,0.07421875;0.69921875;0.76171875,3,True,0.07421875;0.69921875;0.76171875,3,True,0.07421875;0.69921875;0.76171875,True,True,3,0
8142,5,age,130973,130974,128,3,True,0.13671875;0.69921875;0.82421875,3,True,0.13671875;0.69921875;0.82421875,3,True,0.13671875;0.69921875;0.82421875,True,True,3,0
8144,5,age,131034,131035,128,3,True,0.07421875;0.69921875;0.97265625,3,True,0.07421875;0.69921875;0.97265625,3,True,0.07421875;0.69921875;0.97265625,True,True,3,0
8146,5,age,131036,131037,128,3,True,0.13671875;0.69921875;0.82421875,3,True,0.13671875;0.69921875;0.82421875,3,True,0.13671875;0.69921875;0.82421875,True,True,3,0
8147,5,age,131090,131089,128,3,True,0.12109375;0.30078125;0.92578125,3,True,0.12109375;0.30078125;0.92578125,3,True,0.12109375;0.30078125;0.92578125,True,True,3,0
8152,5,age,131099,131100,128,3,True,0.13671875;0.69921875;0.82421875,3,True,0.13671875;0.69921875;0.82421875,3,True,0.13671875;0.69921875;0.82421875,True,True,3,0
8154,5,age,131162,131163,128,3,True,0.13671875;0.69921875;0.82421875,3,True,0.13671875;0.69921875;0.82421875,3,True,0.13671875;0.69921875;0.82421875,True,True,3,0
8156,5,age,131225,131226,128,3,True,0.13671875;0.69921875;0.82421875,3,True,0.13671875;0.69921875;0.82421875,3,True,0.13671875;0.69921875;0.82421875,True,True,3,0
8158,5,age,131286,131287,128,3,True,0.07421875;0.69921875;0.76171875,3,True,0.07421875;0.69921875;0.76171875,3,True,0.07421875;0.69921875;0.76171875,True,True,3,0
8160,5,age,131288,131289,128,3,True,0.13671875;0.69921875;0.82421875,3,True,0.13671875;0.69921875;0.82421875,3,True,0.13671875;0.69921875;0.82421875,True,True,3,0
8162,5,age,131349,131350,128,3,True,0.07421875;0.69921875;0.97265625,3,True,0.07421875;0.69921875;0.97265625,3,True,0.07421875;0.69921875;0.97265625,True,True,3,0
8164,5,age,131351,131352,128,3,True,0.13671875;0.69921875;0.82421875,3,True,0.13671875;0.69921875;0.82421875,3,True,0.13671875;0.69921875;0.82421875,True,True,3,0
8165,5,age,131405,131404,128,3,True,0.12109375;0.30078125;0.92578125,3,True,0.12109375;0.30078125;0.92578125,3,True,0.12109375;0.30078125;0.92578125,True,True,3,0
8170,5,age,131414,131415,128,3,True,0.13671875;0.69921875;0.82421875,3,True,0.13671875;0.69921875;0.82421875,3,True,0.13671875;0.69921875;0.82421875,True,True,3,0
8172,5,age,131477,131478,128,3,True,0.13671875;0.69921875;0.82421875,3,True,0.13671875;0.69921875;0.82421875,3,True,0.13671875;0.69921875;0.82421875,True,True,3,0
8174,5,age,131540,131541,128,3,True,0.13671875;0.69921875;0.82421875,3,True,0.13671875;0.69921875;0.82421875,3,True,0.13671875;0.69921875;0.82421875,True,True,3,0
8176,5,age,131601,131602,128,3,True,0.07421875;0.69921875;0.76171875,3,True,0.07421875;0.69921875;0.76171875,3,True,0.07421875;0.69921875;0.76171875,True,True,3,0
8178,5,age,131603,131604,128,3,True,0.13671875;0.69921875;0.82421875,3,True,0.13671875;0.69921875;0.82421875,3,True,0.13671875;0.69921875;0.82421875,True,True,3,0
8180,5,age,131664,131665,128,3,True,0.07421875;0.69921875;0.97265625,3,True,0.07421875;0.69921875;0.97265625,3,True,0.07421875;0.69921875;0.97265625,True,True,3,0
8182,5,age,131666,131667,128,3,True,0.13671875;0.69921875;0.82421875,3,True,0.13671875;0.69921875;0.82421875,3,True,0.13671875;0.69921875;0.82421875,True,True,3,0
8183,5,age,131720,131719,128,3,True,0.12109375;0.30078125;0.92578125,3,True,0.12109375;0.30078125;0.92578125,3,True,0.12109375;0.30078125;0.92578125,True,True,3,0
8188,5,age,131729,131730,128,3,True,0.13671875;0.69921875;0.82421875,3,True,0.13671875;0.69921875;0.82421875,3,True,0.13671875;0.69921875;0.82421875,True,True,3,0
8190,5,age,131792,131793,128,3,True,0.13671875;0.69921875;0.82421875,3,True,0.13671875;0.69921875;0.82421875,3,True,0.13671875;0.69921875;0.82421875,True,True,3,0
8192,5,age,131855,131856,128,3,True,0.13671875;0.69921875;0.82421875,3,True,0.13671875;0.69921875;0.82421875,3,True,0.13671875;0.69921875;0.82421875,True,True,3,0
8194,5,age,131916,131917,128,3,True,0.07421875;0.69921875;0.76171875,3,True,0.07421875;0.69921875;0.76171875,3,True,0.07421875;0.69921875;0.76171875,True,True,3,0
8196,5,age,131918,131919,128,3,True,0.13671875;0.69921875;0.82421875,3,True,0.13671875;0.69921875;0.82421875,3,True,0.13671875;0.69921875;0.82421875,True,True,3,0
8198,5,age,131979,131980,128,3,True,0.07421875;0.69921875;0.97265625,3,True,0.07421875;0.69921875;0.97265625,3,True,0.07421875;0.69921875;0.97265625,True,True,3,0
8200,5,age,131981,131982,128,3,True,0.13671875;0.69921875;0.82421875,3,True,0.13671875;0.69921875;0.82421875,3,True,0.13671875;0.69921875;0.82421875,True,True,3,0
8201,5,age,132035,132034,128,3,True,0.12109375;0.30078125;0.92578125,3,True,0.12109375;0.30078125;0.92578125,3,True,0.12109375;0.30078125;0.92578125,True,True,3,0
8206,5,age,132044,132045,128,3,True,0.13671875;0.69921875;0.82421875,3,True,0.13671875;0.69921875;0.82421875,3,True,0.13671875;0.69921875;0.82421875,True,True,3,0
8208,5,age,132107,132108,128,3,True,0.13671875;0.69921875;0.82421875,3,True,0.13671875;0.69921875;0.82421875,3,True,0.13671875;0.69921875;0.82421875,True,True,3,0
8210,5,age,132170,132171,128,3,True,0.13671875;0.69921875;0.82421875,3,True,0.13671875;0.69921875;0.82421875,3,True,0.13671875;0.69921875;0.82421875,True,True,3,0
8212,5,age,132231,132232,128,3,True,0.07421875;0.69921875;0.76171875,3,True,0.07421875;0.69921875;0.76171875,3,True,0.07421875;0.69921875;0.76171875,True,True,3,0
8214,5,age,132233,132234,128,3,True,0.13671875;0.69921875;0.82421875,3,True,0.13671875;0.69921875;0.82421875,3,True,0.13671875;0.69921875;0.82421875,True,True,3,0
8216,5,age,132294,132295,128,3,True,0.07421875;0.69921875;0.97265625,3,True,0.07421875;0.69921875;0.97265625,3,True,0.07421875;0.69921875;0.97265625,True,True,3,0
8218,5,age,132296,132297,128,3,True,0.13671875;0.69921875;0.82421875,3,True,0.13671875;0.69921875;0.82421875,3,True,0.13671875;0.69921875;0.82421875,True,True,3,0
8219,5,age,132350,132349,128,3,True,0.12109375;0.30078125;0.92578125,3,True,0.12109375;0.30078125;0.92578125,3,True,0.12109375;0.30078125;0.92578125,True,True,3,0
8224,5,age,132359,132360,128,3,True,0.13671875;0.69921875;0.82421875,3,True,0.13671875;0.69921875;0.82421875,3,True,0.13671875;0.69921875;0.82421875,True,True,3,0
8226,5,age,132422,132423,128,3,True,0.13671875;0.69921875;0.82421875,3,True,0.13671875;0.69921875;0.82421875,3,True,0.13671875;0.69921875;0.82421875,True,True,3,0
8228,5,age,132485,132486,128,3,True,0.13671875;0.69921875;0.82421875,3,True,0.13671875;0.69921875;0.82421875,3,True,0.13671875;0.69921875;0.82421875,True,True,3,0
8230,5,age,132546,132547,128,3,True,0.07421875;0.69921875;0.76171875,3,True,0.07421875;0.69921875;0.76171875,3,True,0.07421875;0.69921875;0.76171875,True,True,3,0
8232,5,age,132548,132549,128,3,True,0.13671875;0.69921875;0.82421875,3,True,0.13671875;0.69921875;0.82421875,3,True,0.13671875;0.69921875;0.82421875,True,True,3,0
8234,5,age,132609,132610,128,3,True,0.07421875;0.69921875;0.97265625,3,True,0.07421875;0.69921875;0.97265625,3,True,0.07421875;0.69921875;0.97265625,True,True,3,0
8236,5,age,132611,132612,128,3,True,0.13671875;0.69921875;0.82421875,3,True,0.13671875;0.69921875;0.82421875,3,True,0.13671875;0.69921875;0.82421875,True,True,3,0
8237,5,age,132665,132664,128,3,True,0.12109375;0.30078125;0.92578125,3,True,0.12109375;0.30078125;0.92578125,3,True,0.12109375;0.30078125;0.92578125,True,True,3,0
8242,5,age,132674,132675,128,3,True,0.13671875;0.69921875;0.82421875,3,True,0.13671875;0.69921875;0.82421875,3,True,0.13671875;0.69921875;0.82421875,True,True,3,0
8244,5,age,132737,132738,128,3,True,0.13671875;0.69921875;0.82421875,3,True,0.13671875;0.69921875;0.82421875,3,True,0.13671875;0.69921875;0.82421875,True,True,3,0
8246,5,age,132800,132801,128,3,True,0.13671875;0.69921875;0.82421875,3,True,0.13671875;0.69921875;0.82421875,3,True,0.13671875;0.69921875;0.82421875,True,True,3,0
8248,5,age,132861,132862,128,3,True,0.07421875;0.69921875;0.76171875,3,True,0.07421875;0.69921875;0.76171875,3,True,0.07421875;0.69921875;0.76171875,True,True,3,0
8250,5,age,132863,132864,128,3,True,0.13671875;0.69921875;0.82421875,3,True,0.13671875;0.69921875;0.82421875,3,True,0.13671875;0.69921875;0.82421875,True,True,3,0
8252,5,age,132924,132925,128,3,True,0.07421875;0.69921875;0.97265625,3,True,0.07421875;0.69921875;0.97265625,3,True,0.07421875;0.69921875;0.97265625,True,True,3,0
8254,5,age,132926,132927,128,3,True,0.13671875;0.69921875;0.82421875,3,True,0.13671875;0.69921875;0.82421875,3,True,0.13671875;0.69921875;0.82421875,True,True,3,0
8255,5,age,132980,132979,128,3,True,0.12109375;0.30078125;0.92578125,3,True,0.12109375;0.30078125;0.92578125,3,True,0.12109375;0.30078125;0.92578125,True,True,3,0
8260,5,age,132989,132990,128,3,True,0.13671875;0.69921875;0.82421875,3,True,0.13671875;0.69921875;0.82421875,3,True,0.13671875;0.69921875;0.82421875,True,True,3,0
8262,5,age,133052,133053,128,3,True,0.13671875;0.69921875;0.82421875,3,True,0.13671875;0.69921875;0.82421875,3,True,0.13671875;0.69921875;0.82421875,True,True,3,0
8264,5,age,133115,133116,128,3,True,0.13671875;0.69921875;0.82421875,3,True,0.13671875;0.69921875;0.82421875,3,True,0.13671875;0.69921875;0.82421875,True,True,3,0
8266,5,age,133176,133177,128,3,True,0.07421875;0.69921875;0.76171875,3,True,0.07421875;0.69921875;0.76171875,3,True,0.07421875;0.69921875;0.76171875,True,True,3,0
8268,5,age,133178,133179,128,3,True,0.13671875;0.69921875;0.82421875,3,True,0.13671875;0.69921875;0.82421875,3,True,0.13671875;0.69921875;0.82421875,True,True,3,0
8270,5,age,133239,133240,128,3,True,0.07421875;0.69921875;0.97265625,3,True,0.07421875;0.69921875;0.97265625,3,True,0.07421875;0.69921875;0.97265625,True,True,3,0
8272,5,age,133241,133242,128,3,True,0.13671875;0.69921875;0.82421875,3,True,0.13671875;0.69921875;0.82421875,3,True,0.13671875;0.69921875;0.82421875,True,True,3,0
8273,5,age,133295,133294,128,3,True,0.12109375;0.30078125;0.92578125,3,True,0.12109375;0.30078125;0.92578125,3,True,0.12109375;0.30078125;0.92578125,True,True,3,0
8278,5,age,133304,133305,128,3,True,0.13671875;0.69921875;0.82421875,3,True,0.13671875;0.69921875;0.82421875,3,True,0.13671875;0.69921875;0.82421875,True,True,3,0
8280,5,age,133367,133368,128,3,True,0.13671875;0.69921875;0.82421875,3,True,0.13671875;0.69921875;0.82421875,3,True,0.13671875;0.69921875;0.82421875,True,True,3,0
8282,5,age,133430,133431,128,3,True,0.13671875;0.69921875;0.82421875,3,True,0.13671875;0.69921875;0.82421875,3,True,0.13671875;0.69921875;0.82421875,True,True,3,0
8284,5,age,133491,133492,128,3,True,0.07421875;0.69921875;0.76171875,3,True,0.07421875;0.69921875;0.76171875,3,True,0.07421875;0.69921875;0.76171875,True,True,3,0
8286,5,age,133493,133494,128,3,True,0.13671875;0.69921875;0.82421875,3,True,0.13671875;0.69921875;0.82421875,3,True,0.13671875;0.69921875;0.82421875,True,True,3,0
8288,5,age,133554,133555,128,3,True,0.07421875;0.69921875;0.97265625,3,True,0.07421875;0.69921875;0.97265625,3,True,0.07421875;0.69921875;0.97265625,True,True,3,0
8290,5,age,133556,133557,128,3,True,0.13671875;0.69921875;0.82421875,3,True,0.13671875;0.69921875;0.82421875,3,True,0.13671875;0.69921875;0.82421875,True,True,3,0
8291,5,age,133610,133609,128,3,True,0.12109375;0.30078125;0.92578125,3,True,0.12109375;0.30078125;0.92578125,3,True,0.12109375;0.30078125;0.92578125,True,True,3,0
8296,5,age,133619,133620,128,3,True,0.13671875;0.69921875;0.82421875,3,True,0.13671875;0.69921875;0.82421875,3,True,0.13671875;0.69921875;0.82421875,True,True,3,0
8298,5,age,133682,133683,128,3,True,0.13671875;0.69921875;0.82421875,3,True,0.13671875;0.69921875;0.82421875,3,True,0.13671875;0.69921875;0.82421875,True,True,3,0
8300,5,age,133745,133746,128,3,True,0.13671875;0.69921875;0.82421875,3,True,0.13671875;0.69921875;0.82421875,3,True,0.13671875;0.69921875;0.82421875,True,True,3,0
8302,5,age,133806,133807,128,3,True,0.07421875;0.69921875;0.76171875,3,True,0.07421875;0.69921875;0.76171875,3,True,0.07421875;0.69921875;0.76171875,True,True,3,0
8304,5,age,133808,133809,128,3,True,0.13671875;0.69921875;0.82421875,3,True,0.13671875;0.69921875;0.82421875,3,True,0.13671875;0.69921875;0.82421875,True,True,3,0
8306,5,age,133869,133870,128,3,True,0.07421875;0.69921875;0.97265625,3,True,0.07421875;0.69921875;0.97265625,3,True,0.07421875;0.69921875;0.97265625,True,True,3,0
8308,5,age,133871,133872,128,3,True,0.13671875;0.69921875;0.82421875,3,True,0.13671875;0.69921875;0.82421875,3,True,0.13671875;0.69921875;0.82421875,True,True,3,0
8309,5,age,133925,133924,128,3,True,0.12109375;0.30078125;0.92578125,3,True,0.12109375;0.30078125;0.92578125,3,True,0.12109375;0.30078125;0.92578125,True,True,3,0
8314,5,age,133934,133935,128,3,True,0.13671875;0.69921875;0.82421875,3,True,0.13671875;0.69921875;0.82421875,3,True,0.13671875;0.69921875;0.82421875,True,True,3,0
8316,5,age,133997,133998,128,3,True,0.13671875;0.69921875;0.82421875,3,True,0.13671875;0.69921875;0.82421875,3,True,0.13671875;0.69921875;0.82421875,True,True,3,0
8318,5,age,134060,134061,128,3,True,0.13671875;0.69921875;0.82421875,3,True,0.13671875;0.69921875;0.82421875,3,True,0.13671875;0.69921875;0.82421875,True,True,3,0
8320,5,age,134121,134122,128,3,True,0.07421875;0.69921875;0.76171875,3,True,0.07421875;0.69921875;0.76171875,3,True,0.07421875;0.69921875;0.76171875,True,True,3,0
8322,5,age,134123,134124,128,3,True,0.13671875;0.69921875;0.82421875,3,True,0.13671875;0.69921875;0.82421875,3,True,0.13671875;0.69921875;0.82421875,True,True,3,0
8324,5,age,134184,134185,128,3,True,0.07421875;0.69921875;0.97265625,3,True,0.07421875;0.69921875;0.97265625,3,True,0.07421875;0.69921875;0.97265625,True,True,3,0
8326,5,age,134186,134187,128,3,True,0.13671875;0.69921875;0.82421875,3,True,0.13671875;0.69921875;0.82421875,3,True,0.13671875;0.69921875;0.82421875,True,True,3,0
8327,5,age,134240,134239,128,3,True,0.12109375;0.30078125;0.92578125,3,True,0.12109375;0.30078125;0.92578125,3,True,0.12109375;0.30078125;0.92578125,True,True,3,0
8332,5,age,134249,134250,128,3,True,0.13671875;0.69921875;0.82421875,3,True,0.13671875;0.69921875;0.82421875,3,True,0.13671875;0.69921875;0.82421875,True,True,3,0
8334,5,age,134312,134313,128,3,True,0.13671875;0.69921875;0.82421875,3,True,0.13671875;0.69921875;0.82421875,3,True,0.13671875;0.69921875;0.82421875,True,True,3,0
8336,5,age,134375,134376,128,3,True,0.13671875;0.69921875;0.82421875,3,True,0.13671875;0.69921875;0.82421875,3,True,0.13671875;0.69921875;0.82421875,True,True,3,0
8338,5,age,134436,134437,128,3,True,0.07421875;0.69921875;0.76171875,3,True,0.07421875;0.69921875;0.76171875,3,True,0.07421875;0.69921875;0.76171875,True,True,3,0
8340,5,age,134438,134439,128,3,True,0.13671875;0.69921875;0.82421875,3,True,0.13671875;0.69921875;0.82421875,3,True,0.13671875;0.69921875;0.82421875,True,True,3,0
8342,5,age,134499,134500,128,3,True,0.07421875;0.69921875;0.97265625,3,True,0.07421875;0.69921875;0.97265625,3,True,0.07421875;0.69921875;0.97265625,True,True,3,0
8344,5,age,134501,134502,128,3,True,0.13671875;0.69921875;0.82421875,3,True,0.13671875;0.69921875;0.82421875,3,True,0.13671875;0.69921875;0.82421875,True,True,3,0
8345,5,age,134555,134554,128,3,True,0.12109375;0.30078125;0.92578125,3,True,0.12109375;0.30078125;0.92578125,3,True,0.12109375;0.30078125;0.92578125,True,True,3,0
8350,5,age,134564,134565,128,3,True,0.13671875;0.69921875;0.82421875,3,True,0.13671875;0.69921875;0.82421875,3,True,0.13671875;0.69921875;0.82421875,True,True,3,0
8352,5,age,134627,134628,128,3,True,0.13671875;0.69921875;0.82421875,3,True,0.13671875;0.69921875;0.82421875,3,True,0.13671875;0.69921875;0.82421875,True,True,3,0
8354,5,age,134690,134691,128,3,True,0.13671875;0.69921875;0.82421875,3,True,0.13671875;0.69921875;0.82421875,3,True,0.13671875;0.69921875;0.82421875,True,True,3,0
8356,5,age,134751,134752,128,3,True,0.07421875;0.69921875;0.76171875,3,True,0.07421875;0.69921875;0.76171875,3,True,0.07421875;0.69921875;0.76171875,True,True,3,0
8358,5,age,134753,134754,128,3,True,0.13671875;0.69921875;0.82421875,3,True,0.13671875;0.69921875;0.82421875,3,True,0.13671875;0.69921875;0.82421875,True,True,3,0
8360,5,age,134814,134815,128,3,True,0.07421875;0.69921875;0.97265625,3,True,0.07421875;0.69921875;0.97265625,3,True,0.07421875;0.69921875;0.97265625,True,True,3,0
8362,5,age,134816,134817,128,3,True,0.13671875;0.69921875;0.82421875,3,True,0.13671875;0.69921875;0.82421875,3,True,0.13671875;0.69921875;0.82421875,True,True,3,0
8363,5,age,134870,134869,128,3,True,0.12109375;0.30078125;0.92578125,3,True,0.12109375;0.30078125;0.92578125,3,True,0.12109375;0.30078125;0.92578125,True,True,3,0
8368,5,age,134879,134880,128,3,True,0.13671875;0.69921875;0.82421875,3,True,0.13671875;0.69921875;0.82421875,3,True,0.13671875;0.69921875;0.82421875,True,True,3,0
8370,5,age,134942,134943,128,3,True,0.13671875;0.69921875;0.82421875,3,True,0.13671875;0.69921875;0.82421875,3,True,0.13671875;0.69921875;0.82421875,True,True,3,0
8372,5,age,135005,135006,128,3,True,0.13671875;0.69921875;0.82421875,3,True,0.13671875;0.69921875;0.82421875,3,True,0.13671875;0.69921875;0.82421875,True,True,3,0
8374,5,age,135066,135067,128,3,True,0.07421875;0.69921875;0.76171875,3,True,0.07421875;0.69921875;0.76171875,3,True,0.07421875;0.69921875;0.76171875,True,True,3,0
8376,5,age,135068,135069,128,3,True,0.13671875;0.69921875;0.82421875,3,True,0.13671875;0.69921875;0.82421875,3,True,0.13671875;0.69921875;0.82421875,True,True,3,0
8378,5,age,135129,135130,128,3,True,0.07421875;0.69921875;0.97265625,3,True,0.07421875;0.69921875;0.97265625,3,True,0.07421875;0.69921875;0.97265625,True,True,3,0
8380,5,age,135131,135132,128,3,True,0.13671875;0.69921875;0.82421875,3,True,0.13671875;0.69921875;0.82421875,3,True,0.13671875;0.69921875;0.82421875,True,True,3,0
8381,5,age,135185,135184,128,3,True,0.12109375;0.30078125;0.92578125,3,True,0.12109375;0.30078125;0.92578125,3,True,0.12109375;0.30078125;0.92578125,True,True,3,0
8386,5,age,135194,135195,128,3,True,0.13671875;0.69921875;0.82421875,3,True,0.13671875;0.69921875;0.82421875,3,True,0.13671875;0.69921875;0.82421875,True,True,3,0
8388,5,age,135257,135258,128,3,True,0.13671875;0.69921875;0.82421875,3,True,0.13671875;0.69921875;0.82421875,3,True,0.13671875;0.69921875;0.82421875,True,True,3,0
8390,5,age,135320,135321,128,3,True,0.13671875;0.69921875;0.82421875,3,True,0.13671875;0.69921875;0.82421875,3,True,0.13671875;0.69921875;0.82421875,True,True,3,0
8392,5,age,135381,135382,128,3,True,0.07421875;0.69921875;0.76171875,3,True,0.07421875;0.69921875;0.76171875,3,True,0.07421875;0.69921875;0.76171875,True,True,3,0
8394,5,age,135383,135384,128,3,True,0.13671875;0.69921875;0.82421875,3,True,0.13671875;0.69921875;0.82421875,3,True,0.13671875;0.69921875;0.82421875,True,True,3,0
8396,5,age,135444,135445,128,3,True,0.07421875;0.69921875;0.97265625,3,True,0.07421875;0.69921875;0.97265625,3,True,0.07421875;0.69921875;0.97265625,True,True,3,0
8398,5,age,135446,135447,128,3,True,0.13671875;0.69921875;0.82421875,3,True,0.13671875;0.69921875;0.82421875,3,True,0.13671875;0.69921875;0.82421875,True,True,3,0
8399,5,age,135500,135499,128,3,True,0.12109375;0.30078125;0.92578125,3,True,0.12109375;0.30078125;0.92578125,3,True,0.12109375;0.30078125;0.92578125,True,True,3,0
8404,5,age,135509,135510,128,3,True,0.13671875;0.69921875;0.82421875,3,True,0.13671875;0.69921875;0.82421875,3,True,0.13671875;0.69921875;0.82421875,True,True,3,0
8406,5,age,135572,135573,128,3,True,0.13671875;0.69921875;0.82421875,3,True,0.13671875;0.69921875;0.82421875,3,True,0.13671875;0.69921875;0.82421875,True,True,3,0
8408,5,age,135635,135636,128,3,True,0.13671875;0.69921875;0.82421875,3,True,0.13671875;0.69921875;0.82421875,3,True,0.13671875;0.69921875;0.82421875,True,True,3,0
8410,5,age,135696,135697,128,3,True,0.07421875;0.69921875;0.76171875,3,True,0.07421875;0.69921875;0.76171875,3,True,0.07421875;0.69921875;0.76171875,True,True,3,0
8412,5,age,135698,135699,128,3,True,0.13671875;0.69921875;0.82421875,3,True,0.13671875;0.69921875;0.82421875,3,True,0.13671875;0.69921875;0.82421875,True,True,3,0
8414,5,age,135759,135760,128,3,True,0.07421875;0.69921875;0.97265625,3,True,0.07421875;0.69921875;0.97265625,3,True,0.07421875;0.69921875;0.97265625,True,True,3,0
8416,5,age,135761,135762,128,3,True,0.13671875;0.69921875;0.82421875,3,True,0.13671875;0.69921875;0.82421875,3,True,0.13671875;0.69921875;0.82421875,True,True,3,0
8417,5,age,135815,135814,128,3,True,0.12109375;0.30078125;0.92578125,3,True,0.12109375;0.30078125;0.92578125,3,True,0.12109375;0.30078125;0.92578125,True,True,3,0
8422,5,age,135824,135825,128,3,True,0.13671875;0.69921875;0.82421875,3,True,0.13671875;0.69921875;0.82421875,3,True,0.13671875;0.69921875;0.82421875,True,True,3,0
8424,5,age,135887,135888,128,3,True,0.13671875;0.69921875;0.82421875,3,True,0.13671875;0.69921875;0.82421875,3,True,0.13671875;0.69921875;0.82421875,True,True,3,0
8426,5,age,135950,135951,128,3,True,0.13671875;0.69921875;0.82421875,3,True,0.13671875;0.69921875;0.82421875,3,True,0.13671875;0.69921875;0.82421875,True,True,3,0
8428,5,age,136011,136012,128,3,True,0.07421875;0.69921875;0.76171875,3,True,0.07421875;0.69921875;0.76171875,3,True,0.07421875;0.69921875;0.76171875,True,True,3,0
8430,5,age,136013,136014,128,3,True,0.13671875;0.69921875;0.82421875,3,True,0.13671875;0.69921875;0.82421875,3,True,0.13671875;0.69921875;0.82421875,True,True,3,0
8432,5,age,136074,136075,128,3,True,0.07421875;0.69921875;0.97265625,3,True,0.07421875;0.69921875;0.97265625,3,True,0.07421875;0.69921875;0.97265625,True,True,3,0
8434,5,age,136076,136077,128,3,True,0.13671875;0.69921875;0.82421875,3,True,0.13671875;0.69921875;0.82421875,3,True,0.13671875;0.69921875;0.82421875,True,True,3,0
8435,5,age,136130,136129,128,3,True,0.12109375;0.30078125;0.92578125,3,True,0.12109375;0.30078125;0.92578125,3,True,0.12109375;0.30078125;0.92578125,True,True,3,0
8440,5,age,136139,136140,128,3,True,0.13671875;0.69921875;0.82421875,3,True,0.13671875;0.69921875;0.82421875,3,True,0.13671875;0.69921875;0.82421875,True,True,3,0
8442,5,age,136202,136203,128,3,True,0.13671875;0.69921875;0.82421875,3,True,0.13671875;0.69921875;0.82421875,3,True,0.13671875;0.69921875;0.82421875,True,True,3,0
8444,5,age,136265,136266,128,3,True,0.13671875;0.69921875;0.82421875,3,True,0.13671875;0.69921875;0.82421875,3,True,0.13671875;0.69921875;0.82421875,True,True,3,0
8446,5,age,136326,136327,128,3,True,0.07421875;0.69921875;0.76171875,3,True,0.07421875;0.69921875;0.76171875,3,True,0.07421875;0.69921875;0.76171875,True,True,3,0
8448,5,age,136328,136329,128,3,True,0.13671875;0.69921875;0.82421875,3,True,0.13671875;0.69921875;0.82421875,3,True,0.13671875;0.69921875;0.82421875,True,True,3,0
8450,5,age,136389,136390,128,3,True,0.07421875;0.69921875;0.97265625,3,True,0.07421875;0.69921875;0.97265625,3,True,0.07421875;0.69921875;0.97265625,True,True,3,0
8452,5,age,136391,136392,128,3,True,0.13671875;0.69921875;0.82421875,3,True,0.13671875;0.69921875;0.82421875,3,True,0.13671875;0.69921875;0.82421875,True,True,3,0
8453,5,age,136445,136444,128,3,True,0.12109375;0.30078125;0.92578125,3,True,0.12109375;0.30078125;0.92578125,3,True,0.12109375;0.30078125;0.92578125,True,True,3,0
8458,5,age,136454,136455,128,3,True,0.13671875;0.69921875;0.82421875,3,True,0.13671875;0.69921875;0.82421875,3,True,0.13671875;0.69921875;0.82421875,True,True,3,0
8460,5,age,136517,136518,128,3,True,0.13671875;0.69921875;0.82421875,3,True,0.13671875;0.69921875;0.82421875,3,True,0.13671875;0.69921875;0.82421875,True,True,3,0
8462,5,age,136580,136581,128,3,True,0.13671875;0.69921875;0.82421875,3,True,0.13671875;0.69921875;0.82421875,3,True,0.13671875;0.69921875;0.82421875,True,True,3,0
8464,5,age,136641,136642,128,3,True,0.07421875;0.69921875;0.76171875,3,True,0.07421875;0.69921875;0.76171875,3,True,0.07421875;0.69921875;0.76171875,True,True,3,0
8466,5,age,136643,136644,128,3,True,0.13671875;0.69921875;0.82421875,3,True,0.13671875;0.69921875;0.82421875,3,True,0.13671875;0.69921875;0.82421875,True,True,3,0
8468,5,age,136704,136705,128,3,True,0.07421875;0.69921875;0.97265625,3,True,0.07421875;0.69921875;0.97265625,3,True,0.07421875;0.69921875;0.97265625,True,True,3,0
8470,5,age,136706,136707,128,3,True,0.13671875;0.69921875;0.82421875,3,True,0.13671875;0.69921875;0.82421875,3,True,0.13671875;0.69921875;0.82421875,True,True,3,0
8471,5,age,136760,136759,128,3,True,0.12109375;0.30078125;0.92578125,3,True,0.12109375;0.30078125;0.92578125,3,True,0.12109375;0.30078125;0.92578125,True,True,3,0
8476,5,age,136769,136770,128,3,True,0.13671875;0.69921875;0.82421875,3,True,0.13671875;0.69921875;0.82421875,3,True,0.13671875;0.69921875;0.82421875,True,True,3,0
8478,5,age,136832,136833,128,3,True,0.13671875;0.69921875;0.82421875,3,True,0.13671875;0.69921875;0.82421875,3,True,0.13671875;0.69921875;0.82421875,True,True,3,0
8480,5,age,136895,136896,128,3,True,0.13671875;0.69921875;0.82421875,3,True,0.13671875;0.69921875;0.82421875,3,True,0.13671875;0.69921875;0.82421875,True,True,3,0
8482,5,age,136956,136957,128,3,True,0.07421875;0.69921875;0.76171875,3,True,0.07421875;0.69921875;0.76171875,3,True,0.07421875;0.69921875;0.76171875,True,True,3,0
8484,5,age,136958,136959,128,3,True,0.13671875;0.69921875;0.82421875,3,True,0.13671875;0.69921875;0.82421875,3,True,0.13671875;0.69921875;0.82421875,True,True,3,0
8486,5,age,137019,137020,128,3,True,0.07421875;0.69921875;0.97265625,3,True,0.07421875;0.69921875;0.97265625,3,True,0.07421875;0.69921875;0.97265625,True,True,3,0
8488,5,age,137021,137022,128,3,True,0.13671875;0.69921875;0.82421875,3,True,0.13671875;0.69921875;0.82421875,3,True,0.13671875;0.69921875;0.82421875,True,True,3,0
8489,5,age,137075,137074,128,3,True,0.12109375;0.30078125;0.92578125,3,True,0.12109375;0.30078125;0.92578125,3,True,0.12109375;0.30078125;0.92578125,True,True,3,0
8494,5,age,137084,137085,128,3,True,0.13671875;0.69921875;0.82421875,3,True,0.13671875;0.69921875;0.82421875,3,True,0.13671875;0.69921875;0.82421875,True,True,3,0
8496,5,age,137147,137148,128,3,True,0.13671875;0.69921875;0.82421875,3,True,0.13671875;0.69921875;0.82421875,3,True,0.13671875;0.69921875;0.82421875,True,True,3,0
8498,5,age,137210,137211,128,3,True,0.13671875;0.69921875;0.82421875,3,True,0.13671875;0.69921875;0.82421875,3,True,0.13671875;0.69921875;0.82421875,True,True,3,0
8500,5,age,137271,137272,128,3,True,0.07421875;0.69921875;0.76171875,3,True,0.07421875;0.69921875;0.76171875,3,True,0.07421875;0.69921875;0.76171875,True,True,3,0
8502,5,age,137273,137274,128,3,True,0.13671875;0.69921875;0.82421875,3,True,0.13671875;0.69921875;0.82421875,3,True,0.13671875;0.69921875;0.82421875,True,True,3,0
8504,5,age,137334,137335,128,3,True,0.07421875;0.69921875;0.97265625,3,True,0.07421875;0.69921875;0.97265625,3,True,0.07421875;0.69921875;0.97265625,True,True,3,0
8506,5,age,137336,137337,128,3,True,0.13671875;0.69921875;0.82421875,3,True,0.13671875;0.69921875;0.82421875,3,True,0.13671875;0.69921875;0.82421875,True,True,3,0
8507,5,age,137390,137389,128,3,True,0.12109375;0.30078125;0.92578125,3,True,0.12109375;0.30078125;0.92578125,3,True,0.12109375;0.30078125;0.92578125,True,True,3,0
8512,5,age,137399,137400,128,3,True,0.13671875;0.69921875;0.82421875,3,True,0.13671875;0.69921875;0.82421875,3,True,0.13671875;0.69921875;0.82421875,True,True,3,0
8514,5,age,137462,137463,128,3,True,0.13671875;0.69921875;0.82421875,3,True,0.13671875;0.69921875;0.82421875,3,True,0.13671875;0.69921875;0.82421875,True,True,3,0
8516,5,age,137525,137526,128,3,True,0.13671875;0.69921875;0.82421875,3,True,0.13671875;0.69921875;0.82421875,3,True,0.13671875;0.69921875;0.82421875,True,True,3,0
8518,5,age,137586,137587,128,3,True,0.07421875;0.69921875;0.76171875,3,True,0.07421875;0.69921875;0.76171875,3,True,0.07421875;0.69921875;0.76171875,True,True,3,0
8520,5,age,137588,137589,128,3,True,0.13671875;0.69921875;0.82421875,3,True,0.13671875;0.69921875;0.82421875,3,True,0.13671875;0.69921875;0.82421875,True,True,3,0
8522,5,age,137649,137650,128,3,True,0.07421875;0.69921875;0.97265625,3,True,0.07421875;0.69921875;0.97265625,3,True,0.07421875;0.69921875;0.97265625,True,True,3,0
8524,5,age,137651,137652,128,3,True,0.13671875;0.69921875;0.82421875,3,True,0.13671875;0.69921875;0.82421875,3,True,0.13671875;0.69921875;0.82421875,True,True,3,0
8525,5,age,137705,137704,128,3,True,0.12109375;0.30078125;0.92578125,3,True,0.12109375;0.30078125;0.92578125,3,True,0.12109375;0.30078125;0.92578125,True,True,3,0
8530,5,age,137714,137715,128,3,True,0.13671875;0.69921875;0.82421875,3,True,0.13671875;0.69921875;0.82421875,3,True,0.13671875;0.69921875;0.82421875,True,True,3,0
8532,5,age,137777,137778,128,3,True,0.13671875;0.69921875;0.82421875,3,True,0.13671875;0.69921875;0.82421875,3,True,0.13671875;0.69921875;0.82421875,True,True,3,0
8534,5,age,137840,137841,128,3,True,0.13671875;0.69921875;0.82421875,3,True,0.13671875;0.69921875;0.82421875,3,True,0.13671875;0.69921875;0.82421875,True,True,3,0
8536,5,age,137901,137902,128,3,True,0.07421875;0.69921875;0.76171875,3,True,0.07421875;0.69921875;0.76171875,3,True,0.07421875;0.69921875;0.76171875,True,True,3,0
8538,5,age,137903,137904,128,3,True,0.13671875;0.69921875;0.82421875,3,True,0.13671875;0.69921875;0.82421875,3,True,0.13671875;0.69921875;0.82421875,True,True,3,0
8540,5,age,137964,137965,128,3,True,0.07421875;0.69921875;0.97265625,3,True,0.07421875;0.69921875;0.97265625,3,True,0.07421875;0.69921875;0.97265625,True,True,3,0
8542,5,age,137966,137967,128,3,True,0.13671875;0.69921875;0.82421875,3,True,0.13671875;0.69921875;0.82421875,3,True,0.13671875;0.69921875;0.82421875,True,True,3,0
8543,5,age,138020,138019,128,3,True,0.12109375;0.30078125;0.92578125,3,True,0.12109375;0.30078125;0.92578125,3,True,0.12109375;0.30078125;0.92578125,True,True,3,0
8548,5,age,138029,138030,128,3,True,0.13671875;0.69921875;0.82421875,3,True,0.13671875;0.69921875;0.82421875,3,True,0.13671875;0.69921875;0.82421875,True,True,3,0
8550,5,age,138092,138093,128,3,True,0.13671875;0.69921875;0.82421875,3,True,0.13671875;0.69921875;0.82421875,3,True,0.13671875;0.69921875;0.82421875,True,True,3,0
8552,5,age,138155,138156,128,3,True,0.13671875;0.69921875;0.82421875,3,True,0.13671875;0.69921875;0.82421875,3,True,0.13671875;0.69921875;0.82421875,True,True,3,0
8554,5,age,138216,138217,128,3,True,0.07421875;0.69921875;0.76171875,3,True,0.07421875;0.69921875;0.76171875,3,True,0.07421875;0.69921875;0.76171875,True,True,3,0
8556,5,age,138218,138219,128,3,True,0.13671875;0.69921875;0.82421875,3,True,0.13671875;0.69921875;0.82421875,3,True,0.13671875;0.69921875;0.82421875,True,True,3,0
8558,5,age,138279,138280,128,3,True,0.07421875;0.69921875;0.97265625,3,True,0.07421875;0.69921875;0.97265625,3,True,0.07421875;0.69921875;0.97265625,True,True,3,0
8560,5,age,138281,138282,128,3,True,0.13671875;0.69921875;0.82421875,3,True,0.13671875;0.69921875;0.82421875,3,True,0.13671875;0.69921875;0.82421875,True,True,3,0
8561,5,age,138335,138334,128,3,True,0.12109375;0.30078125;0.92578125,3,True,0.12109375;0.30078125;0.92578125,3,True,0.12109375;0.30078125;0.92578125,True,True,3,0
8566,5,age,138344,138345,128,3,True,0.13671875;0.69921875;0.82421875,3,True,0.13671875;0.69921875;0.82421875,3,True,0.13671875;0.69921875;0.82421875,True,True,3,0
8568,5,age,138407,138408,128,3,True,0.13671875;0.69921875;0.82421875,3,True,0.13671875;0.69921875;0.82421875,3,True,0.13671875;0.69921875;0.82421875,True,True,3,0
8570,5,age,138470,138471,128,3,True,0.13671875;0.69921875;0.82421875,3,True,0.13671875;0.69921875;0.82421875,3,True,0.13671875;0.69921875;0.82421875,True,True,3,0
8572,5,age,138531,138532,128,3,True,0.07421875;0.69921875;0.76171875,3,True,0.07421875;0.69921875;0.76171875,3,True,0.07421875;0.69921875;0.76171875,True,True,3,0
8574,5,age,138533,138534,128,3,True,0.13671875;0.69921875;0.82421875,3,True,0.13671875;0.69921875;0.82421875,3,True,0.13671875;0.69921875;0.82421875,True,True,3,0
8576,5,age,138594,138595,128,3,True,0.07421875;0.69921875;0.97265625,3,True,0.07421875;0.69921875;0.97265625,3,True,0.07421875;0.69921875;0.97265625,True,True,3,0
8578,5,age,138596,138597,128,3,True,0.13671875;0.69921875;0.82421875,3,True,0.13671875;0.69921875;0.82421875,3,True,0.13671875;0.69921875;0.82421875,True,True,3,0
8579,5,age,138650,138649,128,3,True,0.12109375;0.30078125;0.92578125,3,True,0.12109375;0.30078125;0.92578125,3,True,0.12109375;0.30078125;0.92578125,True,True,3,0
8584,5,age,138659,138660,128,3,True,0.13671875;0.69921875;0.82421875,3,True,0.13671875;0.69921875;0.82421875,3,True,0.13671875;0.69921875;0.82421875,True,True,3,0
8586,5,age,138722,138723,128,3,True,0.13671875;0.69921875;0.82421875,3,True,0.13671875;0.69921875;0.82421875,3,True,0.13671875;0.69921875;0.82421875,True,True,3,0
8588,5,age,138785,138786,128,3,True,0.13671875;0.69921875;0.82421875,3,True,0.13671875;0.69921875;0.82421875,3,True,0.13671875;0.69921875;0.82421875,True,True,3,0
8590,5,age,138846,138847,128,3,True,0.07421875;0.69921875;0.76171875,3,True,0.07421875;0.69921875;0.76171875,3,True,0.07421875;0.69921875;0.76171875,True,True,3,0
8592,5,age,138848,138849,128,3,True,0.13671875;0.69921875;0.82421875,3,True,0.13671875;0.69921875;0.82421875,3,True,0.13671875;0.69921875;0.82421875,True,True,3,0
8594,5,age,138909,138910,128,3,True,0.07421875;0.69921875;0.97265625,3,True,0.07421875;0.69921875;0.97265625,3,True,0.07421875;0.69921875;0.97265625,True,True,3,0
8596,5,age,138911,138912,128,3,True,0.13671875;0.69921875;0.82421875,3,True,0.13671875;0.69921875;0.82421875,3,True,0.13671875;0.69921875;0.82421875,True,True,3,0
8597,5,age,138965,138964,128,3,True,0.12109375;0.30078125;0.92578125,3,True,0.12109375;0.30078125;0.92578125,3,True,0.12109375;0.30078125;0.92578125,True,True,3,0
8602,5,age,138974,138975,128,3,True,0.13671875;0.69921875;0.82421875,3,True,0.13671875;0.69921875;0.82421875,3,True,0.13671875;0.69921875;0.82421875,True,True,3,0
8604,5,age,139037,139038,128,3,True,0.13671875;0.69921875;0.82421875,3,True,0.13671875;0.69921875;0.82421875,3,True,0.13671875;0.69921875;0.82421875,True,True,3,0
8606,5,age,139100,139101,128,3,True,0.13671875;0.69921875;0.82421875,3,True,0.13671875;0.69921875;0.82421875,3,True,0.13671875;0.69921875;0.82421875,True,True,3,0
8608,5,age,139161,139162,128,3,True,0.07421875;0.69921875;0.76171875,3,True,0.07421875;0.69921875;0.76171875,3,True,0.07421875;0.69921875;0.76171875,True,True,3,0
8610,5,age,139163,139164,128,3,True,0.13671875;0.69921875;0.82421875,3,True,0.13671875;0.69921875;0.82421875,3,True,0.13671875;0.69921875;0.82421875,True,True,3,0
8612,5,age,139224,139225,128,3,True,0.07421875;0.69921875;0.97265625,3,True,0.07421875;0.69921875;0.97265625,3,True,0.07421875;0.69921875;0.97265625,True,True,3,0
8614,5,age,139226,139227,128,3,True,0.13671875;0.69921875;0.82421875,3,True,0.13671875;0.69921875;0.82421875,3,True,0.13671875;0.69921875;0.82421875,True,True,3,0
8615,5,age,139280,139279,128,3,True,0.12109375;0.30078125;0.92578125,3,True,0.12109375;0.30078125;0.92578125,3,True,0.12109375;0.30078125;0.92578125,True,True,3,0
8620,5,age,139289,139290,128,3,True,0.13671875;0.69921875;0.82421875,3,True,0.13671875;0.69921875;0.82421875,3,True,0.13671875;0.69921875;0.82421875,True,True,3,0
8622,5,age,139352,139353,128,3,True,0.13671875;0.69921875;0.82421875,3,True,0.13671875;0.69921875;0.82421875,3,True,0.13671875;0.69921875;0.82421875,True,True,3,0
8624,5,age,139415,139416,128,3,True,0.13671875;0.69921875;0.82421875,3,True,0.13671875;0.69921875;0.82421875,3,True,0.13671875;0.69921875;0.82421875,True,True,3,0
8626,5,age,139476,139477,128,3,True,0.07421875;0.69921875;0.76171875,3,True,0.07421875;0.69921875;0.76171875,3,True,0.07421875;0.69921875;0.76171875,True,True,3,0
8628,5,age,139478,139479,128,3,True,0.13671875;0.69921875;0.82421875,3,True,0.13671875;0.69921875;0.82421875,3,True,0.13671875;0.69921875;0.82421875,True,True,3,0
8630,5,age,139539,139540,128,3,True,0.07421875;0.69921875;0.97265625,3,True,0.07421875;0.69921875;0.97265625,3,True,0.07421875;0.69921875;0.97265625,True,True,3,0
8632,5,age,139541,139542,128,3,True,0.13671875;0.69921875;0.82421875,3,True,0.13671875;0.69921875;0.82421875,3,True,0.13671875;0.69921875;0.82421875,True,True,3,0
8633,5,age,139595,139594,128,3,True,0.12109375;0.30078125;0.92578125,3,True,0.12109375;0.30078125;0.92578125,3,True,0.12109375;0.30078125;0.92578125,True,True,3,0
8638,5,age,139604,139605,128,3,True,0.13671875;0.69921875;0.82421875,3,True,0.13671875;0.69921875;0.82421875,3,True,0.13671875;0.69921875;0.82421875,True,True,3,0
8640,5,age,139667,139668,128,3,True,0.13671875;0.69921875;0.82421875,3,True,0.13671875;0.69921875;0.82421875,3,True,0.13671875;0.69921875;0.82421875,True,True,3,0
8642,5,age,139730,139731,128,3,True,0.13671875;0.69921875;0.82421875,3,True,0.13671875;0.69921875;0.82421875,3,True,0.13671875;0.69921875;0.82421875,True,True,3,0
8644,5,age,139791,139792,128,3,True,0.07421875;0.69921875;0.76171875,3,True,0.07421875;0.69921875;0.76171875,3,True,0.07421875;0.69921875;0.76171875,True,True,3,0
8646,5,age,139793,139794,128,3,True,0.13671875;0.69921875;0.82421875,3,True,0.13671875;0.69921875;0.82421875,3,True,0.13671875;0.69921875;0.82421875,True,True,3,0
8648,5,age,139854,139855,128,3,True,0.07421875;0.69921875;0.97265625,3,True,0.07421875;0.69921875;0.97265625,3,True,0.07421875;0.69921875;0.97265625,True,True,3,0
8650,5,age,139856,139857,128,3,True,0.13671875;0.69921875;0.82421875,3,True,0.13671875;0.69921875;0.82421875,3,True,0.13671875;0.69921875;0.82421875,True,True,3,0
8651,5,age,139910,139909,128,3,True,0.12109375;0.30078125;0.92578125,3,True,0.12109375;0.30078125;0.92578125,3,True,0.12109375;0.30078125;0.92578125,True,True,3,0
8656,5,age,139919,139920,128,3,True,0.13671875;0.69921875;0.82421875,3,True,0.13671875;0.69921875;0.82421875,3,True,0.13671875;0.69921875;0.82421875,True,True,3,0
8658,5,age,139982,139983,128,3,True,0.13671875;0.69921875;0.82421875,3,True,0.13671875;0.69921875;0.82421875,3,True,0.13671875;0.69921875;0.82421875,True,True,3,0
8660,5,age,140045,140046,128,3,True,0.13671875;0.69921875;0.82421875,3,True,0.13671875;0.69921875;0.82421875,3,True,0.13671875;0.69921875;0.82421875,True,True,3,0
8662,5,age,140106,140107,128,3,True,0.07421875;0.69921875;0.76171875,3,True,0.07421875;0.69921875;0.76171875,3,True,0.07421875;0.69921875;0.76171875,True,True,3,0
8664,5,age,140108,140109,128,3,True,0.13671875;0.69921875;0.82421875,3,True,0.13671875;0.69921875;0.82421875,3,True,0.13671875;0.69921875;0.82421875,True,True,3,0
8666,5,age,140169,140170,128,3,True,0.07421875;0.69921875;0.97265625,3,True,0.07421875;0.69921875;0.97265625,3,True,0.07421875;0.69921875;0.97265625,True,True,3,0
8668,5,age,140171,140172,128,3,True,0.13671875;0.69921875;0.82421875,3,True,0.13671875;0.69921875;0.82421875,3,True,0.13671875;0.69921875;0.82421875,True,True,3,0
8669,5,age,140225,140224,128,3,True,0.12109375;0.30078125;0.92578125,3,True,0.12109375;0.30078125;0.92578125,3,True,0.12109375;0.30078125;0.92578125,True,True,3,0
8674,5,age,140234,140235,128,3,True,0.13671875;0.69921875;0.82421875,3,True,0.13671875;0.69921875;0.82421875,3,True,0.13671875;0.69921875;0.82421875,True,True,3,0
8676,5,age,140297,140298,128,3,True,0.13671875;0.69921875;0.82421875,3,True,0.13671875;0.69921875;0.82421875,3,True,0.13671875;0.69921875;0.82421875,True,True,3,0
8678,5,age,140360,140361,128,3,True,0.13671875;0.69921875;0.82421875,3,True,0.13671875;0.69921875;0.82421875,3,True,0.13671875;0.69921875;0.82421875,True,True,3,0
8680,5,age,140421,140422,128,3,True,0.07421875;0.69921875;0.76171875,3,True,0.07421875;0.69921875;0.76171875,3,True,0.07421875;0.69921875;0.76171875,True,True,3,0
8682,5,age,140423,140424,128,3,True,0.13671875;0.69921875;0.82421875,3,True,0.13671875;0.69921875;0.82421875,3,True,0.13671875;0.69921875;0.82421875,True,True,3,0
8684,5,age,140484,140485,128,3,True,0.07421875;0.69921875;0.97265625,3,True,0.07421875;0.69921875;0.97265625,3,True,0.07421875;0.69921875;0.97265625,True,True,3,0
8686,5,age,140486,140487,128,3,True,0.13671875;0.69921875;0.82421875,3,True,0.13671875;0.69921875;0.82421875,3,True,0.13671875;0.69921875;0.82421875,True,True,3,0
8687,5,age,140540,140539,128,3,True,0.12109375;0.30078125;0.92578125,3,True,0.12109375;0.30078125;0.92578125,3,True,0.12109375;0.30078125;0.92578125,True,True,3,0
8692,5,age,140549,140550,128,3,True,0.13671875;0.69921875;0.82421875,3,True,0.13671875;0.69921875;0.82421875,3,True,0.13671875;0.69921875;0.82421875,True,True,3,0
8694,5,age,140612,140613,128,3,True,0.13671875;0.69921875;0.82421875,3,True,0.13671875;0.69921875;0.82421875,3,True,0.13671875;0.69921875;0.82421875,True,True,3,0
8696,5,age,140675,140676,128,3,True,0.13671875;0.69921875;0.82421875,3,True,0.13671875;0.69921875;0.82421875,3,True,0.13671875;0.69921875;0.82421875,True,True,3,0
8698,5,age,140736,140737,128,3,True,0.07421875;0.69921875;0.76171875,3,True,0.07421875;0.69921875;0.76171875,3,True,0.07421875;0.69921875;0.76171875,True,True,3,0
8700,5,age,140738,140739,128,3,True,0.13671875;0.69921875;0.82421875,3,True,0.13671875;0.69921875;0.82421875,3,True,0.13671875;0.69921875;0.82421875,True,True,3,0
8702,5,age,140799,140800,128,3,True,0.07421875;0.69921875;0.97265625,3,True,0.07421875;0.69921875;0.97265625,3,True,0.07421875;0.69921875;0.97265625,True,True,3,0
8704,5,age,140801,140802,128,3,True,0.13671875;0.69921875;0.82421875,3,True,0.13671875;0.69921875;0.82421875,3,True,0.13671875;0.69921875;0.82421875,True,True,3,0
8705,5,age,140855,140854,128,3,True,0.12109375;0.30078125;0.92578125,3,True,0.12109375;0.30078125;0.92578125,3,True,0.12109375;0.30078125;0.92578125,True,True,3,0
8710,5,age,140864,140865,128,3,True,0.13671875;0.69921875;0.82421875,3,True,0.13671875;0.69921875;0.82421875,3,True,0.13671875;0.69921875;0.82421875,True,True,3,0
8712,5,age,140927,140928,128,3,True,0.13671875;0.69921875;0.82421875,3,True,0.13671875;0.69921875;0.82421875,3,True,0.13671875;0.69921875;0.82421875,True,True,3,0
8714,5,age,140990,140991,128,3,True,0.13671875;0.69921875;0.82421875,3,True,0.13671875;0.69921875;0.82421875,3,True,0.13671875;0.69921875;0.82421875,True,True,3,0
8716,5,age,141051,141052,128,3,True,0.07421875;0.69921875;0.76171875,3,True,0.07421875;0.69921875;0.76171875,3,True,0.07421875;0.69921875;0.76171875,True,True,3,0
8718,5,age,141053,141054,128,3,True,0.13671875;0.69921875;0.82421875,3,True,0.13671875;0.69921875;0.82421875,3,True,0.13671875;0.69921875;0.82421875,True,True,3,0
8720,5,age,141114,141115,128,3,True,0.07421875;0.69921875;0.97265625,3,True,0.07421875;0.69921875;0.97265625,3,True,0.07421875;0.69921875;0.97265625,True,True,3,0
8722,5,age,141116,141117,128,3,True,0.13671875;0.69921875;0.82421875,3,True,0.13671875;0.69921875;0.82421875,3,True,0.13671875;0.69921875;0.82421875,True,True,3,0
8723,5,age,141170,141169,128,3,True,0.12109375;0.30078125;0.92578125,3,True,0.12109375;0.30078125;0.92578125,3,True,0.12109375;0.30078125;0.92578125,True,True,3,0
8728,5,age,141179,141180,128,3,True,0.13671875;0.69921875;0.82421875,3,True,0.13671875;0.69921875;0.82421875,3,True,0.13671875;0.69921875;0.82421875,True,True,3,0
8730,5,age,141242,141243,128,3,True,0.13671875;0.69921875;0.82421875,3,True,0.13671875;0.69921875;0.82421875,3,True,0.13671875;0.69921875;0.82421875,True,True,3,0
8732,5,age,141305,141306,128,3,True,0.13671875;0.69921875;0.82421875,3,True,0.13671875;0.69921875;0.82421875,3,True,0.13671875;0.69921875;0.82421875,True,True,3,0
8734,5,age,141366,141367,128,3,True,0.07421875;0.69921875;0.76171875,3,True,0.07421875;0.69921875;0.76171875,3,True,0.07421875;0.69921875;0.76171875,True,True,3,0
8736,5,age,141368,141369,128,3,True,0.13671875;0.69921875;0.82421875,3,True,0.13671875;0.69921875;0.82421875,3,True,0.13671875;0.69921875;0.82421875,True,True,3,0
8738,5,age,141429,141430,128,3,True,0.07421875;0.69921875;0.97265625,3,True,0.07421875;0.69921875;0.97265625,3,True,0.07421875;0.69921875;0.97265625,True,True,3,0
8740,5,age,141431,141432,128,3,True,0.13671875;0.69921875;0.82421875,3,True,0.13671875;0.69921875;0.82421875,3,True,0.13671875;0.69921875;0.82421875,True,True,3,0
8741,5,age,141485,141484,128,3,True,0.12109375;0.30078125;0.92578125,3,True,0.12109375;0.30078125;0.92578125,3,True,0.12109375;0.30078125;0.92578125,True,True,3,0
8746,5,age,141494,141495,128,3,True,0.13671875;0.69921875;0.82421875,3,True,0.13671875;0.69921875;0.82421875,3,True,0.13671875;0.69921875;0.82421875,True,True,3,0
8748,5,age,141557,141558,128,3,True,0.13671875;0.69921875;0.82421875,3,True,0.13671875;0.69921875;0.82421875,3,True,0.13671875;0.69921875;0.82421875,True,True,3,0
8750,5,age,141620,141621,128,3,True,0.13671875;0.69921875;0.82421875,3,True,0.13671875;0.69921875;0.82421875,3,True,0.13671875;0.69921875;0.82421875,True,True,3,0
8752,5,age,141681,141682,128,3,True,0.07421875;0.69921875;0.76171875,3,True,0.07421875;0.69921875;0.76171875,3,True,0.07421875;0.69921875;0.76171875,True,True,3,0
8754,5,age,141683,141684,128,3,True,0.13671875;0.69921875;0.82421875,3,True,0.13671875;0.69921875;0.82421875,3,True,0.13671875;0.69921875;0.82421875,True,True,3,0
8756,5,age,141744,141745,128,3,True,0.07421875;0.69921875;0.97265625,3,True,0.07421875;0.69921875;0.97265625,3,True,0.07421875;0.69921875;0.97265625,True,True,3,0
8758,5,age,141746,141747,128,3,True,0.13671875;0.69921875;0.82421875,3,True,0.13671875;0.69921875;0.82421875,3,True,0.13671875;0.69921875;0.82421875,True,True,3,0
8759,5,age,141800,141799,128,3,True,0.12109375;0.30078125;0.92578125,3,True,0.12109375;0.30078125;0.92578125,3,True,0.12109375;0.30078125;0.92578125,True,True,3,0
8764,5,age,141809,141810,128,3,True,0.13671875;0.69921875;0.82421875,3,True,0.13671875;0.69921875;0.82421875,3,True,0.13671875;0.69921875;0.82421875,True,True,3,0
8766,5,age,141872,141873,128,3,True,0.13671875;0.69921875;0.82421875,3,True,0.13671875;0.69921875;0.82421875,3,True,0.13671875;0.69921875;0.82421875,True,True,3,0
8768,5,age,141935,141936,128,3,True,0.13671875;0.69921875;0.82421875,3,True,0.13671875;0.69921875;0.82421875,3,True,0.13671875;0.69921875;0.82421875,True,True,3,0
8770,5,age,141996,141997,128,3,True,0.07421875;0.69921875;0.76171875,3,True,0.07421875;0.69921875;0.76171875,3,True,0.07421875;0.69921875;0.76171875,True,True,3,0
8772,5,age,141998,141999,128,3,True,0.13671875;0.69921875;0.82421875,3,True,0.13671875;0.69921875;0.82421875,3,True,0.13671875;0.69921875;0.82421875,True,True,3,0
8774,5,age,142059,142060,128,3,True,0.07421875;0.69921875;0.97265625,3,True,0.07421875;0.69921875;0.97265625,3,True,0.07421875;0.69921875;0.97265625,True,True,3,0
8776,5,age,142061,142062,128,3,True,0.13671875;0.69921875;0.82421875,3,True,0.13671875;0.69921875;0.82421875,3,True,0.13671875;0.69921875;0.82421875,True,True,3,0
8777,5,age,142115,142114,128,3,True,0.12109375;0.30078125;0.92578125,3,True,0.12109375;0.30078125;0.92578125,3,True,0.12109375;0.30078125;0.92578125,True,True,3,0
8782,5,age,142124,142125,128,3,True,0.13671875;0.69921875;0.82421875,3,True,0.13671875;0.69921875;0.82421875,3,True,0.13671875;0.69921875;0.82421875,True,True,3,0
8784,5,age,142187,142188,128,3,True,0.13671875;0.69921875;0.82421875,3,True,0.13671875;0.69921875;0.82421875,3,True,0.13671875;0.69921875;0.82421875,True,True,3,0
8786,5,age,142250,142251,128,3,True,0.13671875;0.69921875;0.82421875,3,True,0.13671875;0.69921875;0.82421875,3,True,0.13671875;0.69921875;0.82421875,True,True,3,0
8788,5,age,142311,142312,128,3,True,0.07421875;0.69921875;0.76171875,3,True,0.07421875;0.69921875;0.76171875,3,True,0.07421875;0.69921875;0.76171875,True,True,3,0
8790,5,age,142313,142314,128,3,True,0.13671875;0.69921875;0.82421875,3,True,0.13671875;0.69921875;0.82421875,3,True,0.13671875;0.69921875;0.82421875,True,True,3,0
8792,5,age,142374,142375,128,3,True,0.07421875;0.69921875;0.97265625,3,True,0.07421875;0.69921875;0.97265625,3,True,0.07421875;0.69921875;0.97265625,True,True,3,0
8794,5,age,142376,142377,128,3,True,0.13671875;0.69921875;0.82421875,3,True,0.13671875;0.69921875;0.82421875,3,True,0.13671875;0.69921875;0.82421875,True,True,3,0
8795,5,age,142430,142429,128,3,True,0.12109375;0.30078125;0.92578125,3,True,0.12109375;0.30078125;0.92578125,3,True,0.12109375;0.30078125;0.92578125,True,True,3,0
8800,5,age,142439,142440,128,3,True,0.13671875;0.69921875;0.82421875,3,True,0.13671875;0.69921875;0.82421875,3,True,0.13671875;0.69921875;0.82421875,True,True,3,0
8802,5,age,142502,142503,128,3,True,0.13671875;0.69921875;0.82421875,3,True,0.13671875;0.69921875;0.82421875,3,True,0.13671875;0.69921875;0.82421875,True,True,3,0
8804,5,age,142565,142566,128,3,True,0.13671875;0.69921875;0.82421875,3,True,0.13671875;0.69921875;0.82421875,3,True,0.13671875;0.69921875;0.82421875,True,True,3,0
8806,5,age,142626,142627,128,3,True,0.07421875;0.69921875;0.76171875,3,True,0.07421875;0.69921875;0.76171875,3,True,0.07421875;0.69921875;0.76171875,True,True,3,0
8808,5,age,142628,142629,128,3,True,0.13671875;0.69921875;0.82421875,3,True,0.13671875;0.69921875;0.82421875,3,True,0.13671875;0.69921875;0.82421875,True,True,3,0
8810,5,age,142689,142690,128,3,True,0.07421875;0.69921875;0.97265625,3,True,0.07421875;0.69921875;0.97265625,3,True,0.07421875;0.69921875;0.97265625,True,True,3,0
8812,5,age,142691,142692,128,3,True,0.13671875;0.69921875;0.82421875,3,True,0.13671875;0.69921875;0.82421875,3,True,0.13671875;0.69921875;0.82421875,True,True,3,0
8813,5,age,142745,142744,128,3,True,0.12109375;0.30078125;0.92578125,3,True,0.12109375;0.30078125;0.92578125,3,True,0.12109375;0.30078125;0.92578125,True,True,3,0
8818,5,age,142754,142755,128,3,True,0.13671875;0.69921875;0.82421875,3,True,0.13671875;0.69921875;0.82421875,3,True,0.13671875;0.69921875;0.82421875,True,True,3,0
8820,5,age,142817,142818,128,3,True,0.13671875;0.69921875;0.82421875,3,True,0.13671875;0.69921875;0.82421875,3,True,0.13671875;0.69921875;0.82421875,True,True,3,0
8822,5,age,142880,142881,128,3,True,0.13671875;0.69921875;0.82421875,3,True,0.13671875;0.69921875;0.82421875,3,True,0.13671875;0.69921875;0.82421875,True,True,3,0
8824,5,age,142941,142942,128,3,True,0.07421875;0.69921875;0.76171875,3,True,0.07421875;0.69921875;0.76171875,3,True,0.07421875;0.69921875;0.76171875,True,True,3,0
8826,5,age,142943,142944,128,3,True,0.13671875;0.69921875;0.82421875,3,True,0.13671875;0.69921875;0.82421875,3,True,0.13671875;0.69921875;0.82421875,True,True,3,0
8828,5,age,143004,143005,128,3,True,0.07421875;0.69921875;0.97265625,3,True,0.07421875;0.69921875;0.97265625,3,True,0.07421875;0.69921875;0.97265625,True,True,3,0
8830,5,age,143006,143007,128,3,True,0.13671875;0.69921875;0.82421875,3,True,0.13671875;0.69921875;0.82421875,3,True,0.13671875;0.69921875;0.82421875,True,True,3,0
8831,5,age,143060,143059,128,3,True,0.12109375;0.30078125;0.92578125,3,True,0.12109375;0.30078125;0.92578125,3,True,0.12109375;0.30078125;0.92578125,True,True,3,0
8836,5,age,143069,143070,128,3,True,0.13671875;0.69921875;0.82421875,3,True,0.13671875;0.69921875;0.82421875,3,True,0.13671875;0.69921875;0.82421875,True,True,3,0
8838,5,age,143132,143133,128,3,True,0.13671875;0.69921875;0.82421875,3,True,0.13671875;0.69921875;0.82421875,3,True,0.13671875;0.69921875;0.82421875,True,True,3,0
8840,5,age,143195,143196,128,3,True,0.13671875;0.69921875;0.82421875,3,True,0.13671875;0.69921875;0.82421875,3,True,0.13671875;0.69921875;0.82421875,True,True,3,0
8842,5,age,143256,143257,128,3,True,0.07421875;0.69921875;0.76171875,3,True,0.07421875;0.69921875;0.76171875,3,True,0.07421875;0.69921875;0.76171875,True,True,3,0
8844,5,age,143258,143259,128,3,True,0.13671875;0.69921875;0.82421875,3,True,0.13671875;0.69921875;0.82421875,3,True,0.13671875;0.69921875;0.82421875,True,True,3,0
8846,5,age,143319,143320,128,3,True,0.07421875;0.69921875;0.97265625,3,True,0.07421875;0.69921875;0.97265625,3,True,0.07421875;0.69921875;0.97265625,True,True,3,0
8848,5,age,143321,143322,128,3,True,0.13671875;0.69921875;0.82421875,3,True,0.13671875;0.69921875;0.82421875,3,True,0.13671875;0.69921875;0.82421875,True,True,3,0
